<?xml version="1.0" encoding="utf-8" standalone="no"?>
<TrainingCenterDatabase xmlns="http://www.garmin.com/xmlschemas/TrainingCenterDatabase/v2" xmlns:ns2="http://www.garmin.com/xmlschemas/UserProfile/v2" xmlns:ns3="http://www.garmin.com/xmlschemas/ActivityExtension/v2" xmlns:ns4="http://www.garmin.com/xmlschemas/ProfileExtension/v1" xmlns:ns5="http://www.garmin.com/xmlschemas/ActivityGoals/v1" xmlns:xsi="http://www.w3.org/2001/XMLSchema-instance" xsi:schemaLocation="http://www.garmin.com/xmlschemas/TrainingCenterDatabase/v2 http://www.garmin.com/xmlschemas/TrainingCenterDatabasev2.xsd">
	<Activities>
		<Activity Sport="Other">
			<Id>2569-06-06T16:25:45Z</Id>
			<Notes>กระโดดเชือก·การฝึกแบบหนักสลับเบา</Notes>
			<Lap StartTime="2569-06-06T16:25:45Z">
				<TotalTimeSeconds>1125</TotalTimeSeconds>
				<Calories>163</Calories>
				<AverageHeartRateBpm>
					<Value>131</Value>
				</AverageHeartRateBpm>
				<MaximumHeartRateBpm>
					<Value>162</Value>
				</MaximumHeartRateBpm>
				<Intensity>Active</Intensity>
				<TriggerMethod>Manual</TriggerMethod>
				<Track>
					<Trackpoint>
						<Time>2569-06-06T16:25:45Z</Time>
						<HeartRateBpm>
							<Value>86</Value>
						</HeartRateBpm>
					</Trackpoint>
					<Trackpoint>
						<Time>2569-06-06T16:25:46Z</Time>
						<HeartRateBpm>
							<Value>86</Value>
						</HeartRateBpm>
					</Trackpoint>
					<Trackpoint>
						<Time>2569-06-06T16:25:47Z</Time>
						<HeartRateBpm>
							<Value>86</Value>
						</HeartRateBpm>
					</Trackpoint>
					<Trackpoint>
						<Time>2569-06-06T16:25:48Z</Time>
						<HeartRateBpm>
							<Value>86</Value>
						</HeartRateBpm>
					</Trackpoint>
					<Trackpoint>
						<Time>2569-06-06T16:25:49Z</Time>
						<HeartRateBpm>
							<Value>87</Value>
						</HeartRateBpm>
					</Trackpoint>
					<Trackpoint>
						<Time>2569-06-06T16:25:50Z</Time>
						<HeartRateBpm>
							<Value>87</Value>
						</HeartRateBpm>
					</Trackpoint>
					<Trackpoint>
						<Time>2569-06-06T16:25:51Z</Time>
						<HeartRateBpm>
							<Value>88</Value>
						</HeartRateBpm>
					</Trackpoint>
					<Trackpoint>
						<Time>2569-06-06T16:25:52Z</Time>
						<HeartRateBpm>
							<Value>88</Value>
						</HeartRateBpm>
					</Trackpoint>
					<Trackpoint>
						<Time>2569-06-06T16:25:53Z</Time>
						<HeartRateBpm>
							<Value>88</Value>
						</HeartRateBpm>
					</Trackpoint>
					<Trackpoint>
						<Time>2569-06-06T16:25:54Z</Time>
						<HeartRateBpm>
							<Value>90</Value>
						</HeartRateBpm>
					</Trackpoint>
					<Trackpoint>
						<Time>2569-06-06T16:25:55Z</Time>
						<HeartRateBpm>
							<Value>91</Value>
						</HeartRateBpm>
					</Trackpoint>
					<Trackpoint>
						<Time>2569-06-06T16:25:56Z</Time>
						<HeartRateBpm>
							<Value>89</Value>
						</HeartRateBpm>
					</Trackpoint>
					<Trackpoint>
						<Time>2569-06-06T16:25:57Z</Time>
						<HeartRateBpm>
							<Value>90</Value>
						</HeartRateBpm>
					</Trackpoint>
					<Trackpoint>
						<Time>2569-06-06T16:25:58Z</Time>
						<HeartRateBpm>
							<Value>90</Value>
						</HeartRateBpm>
					</Trackpoint>
					<Trackpoint>
						<Time>2569-06-06T16:25:59Z</Time>
						<HeartRateBpm>
							<Value>90</Value>
						</HeartRateBpm>
					</Trackpoint>
					<Trackpoint>
						<Time>2569-06-06T16:26:00Z</Time>
						<HeartRateBpm>
							<Value>90</Value>
						</HeartRateBpm>
					</Trackpoint>
					<Trackpoint>
						<Time>2569-06-06T16:26:01Z</Time>
						<HeartRateBpm>
							<Value>90</Value>
						</HeartRateBpm>
					</Trackpoint>
					<Trackpoint>
						<Time>2569-06-06T16:26:02Z</Time>
						<HeartRateBpm>
							<Value>91</Value>
						</HeartRateBpm>
					</Trackpoint>
					<Trackpoint>
						<Time>2569-06-06T16:26:03Z</Time>
						<HeartRateBpm>
							<Value>92</Value>
						</HeartRateBpm>
					</Trackpoint>
					<Trackpoint>
						<Time>2569-06-06T16:26:04Z</Time>
						<HeartRateBpm>
							<Value>92</Value>
						</HeartRateBpm>
					</Trackpoint>
					<Trackpoint>
						<Time>2569-06-06T16:26:05Z</Time>
						<HeartRateBpm>
							<Value>93</Value>
						</HeartRateBpm>
					</Trackpoint>
					<Trackpoint>
						<Time>2569-06-06T16:26:06Z</Time>
						<HeartRateBpm>
							<Value>93</Value>
						</HeartRateBpm>
					</Trackpoint>
					<Trackpoint>
						<Time>2569-06-06T16:26:07Z</Time>
						<HeartRateBpm>
							<Value>95</Value>
						</HeartRateBpm>
					</Trackpoint>
					<Trackpoint>
						<Time>2569-06-06T16:26:08Z</Time>
						<HeartRateBpm>
							<Value>94</Value>
						</HeartRateBpm>
					</Trackpoint>
					<Trackpoint>
						<Time>2569-06-06T16:26:09Z</Time>
						<HeartRateBpm>
							<Value>96</Value>
						</HeartRateBpm>
					</Trackpoint>
					<Trackpoint>
						<Time>2569-06-06T16:26:10Z</Time>
						<HeartRateBpm>
							<Value>96</Value>
						</HeartRateBpm>
					</Trackpoint>
					<Trackpoint>
						<Time>2569-06-06T16:26:11Z</Time>
						<HeartRateBpm>
							<Value>94</Value>
						</HeartRateBpm>
					</Trackpoint>
					<Trackpoint>
						<Time>2569-06-06T16:26:12Z</Time>
						<HeartRateBpm>
							<Value>93</Value>
						</HeartRateBpm>
					</Trackpoint>
					<Trackpoint>
						<Time>2569-06-06T16:26:13Z</Time>
						<HeartRateBpm>
							<Value>92</Value>
						</HeartRateBpm>
					</Trackpoint>
					<Trackpoint>
						<Time>2569-06-06T16:26:14Z</Time>
						<HeartRateBpm>
							<Value>92</Value>
						</HeartRateBpm>
					</Trackpoint>
					<Trackpoint>
						<Time>2569-06-06T16:26:15Z</Time>
						<HeartRateBpm>
							<Value>92</Value>
						</HeartRateBpm>
					</Trackpoint>
					<Trackpoint>
						<Time>2569-06-06T16:26:16Z</Time>
						<HeartRateBpm>
							<Value>91</Value>
						</HeartRateBpm>
					</Trackpoint>
					<Trackpoint>
						<Time>2569-06-06T16:26:17Z</Time>
						<HeartRateBpm>
							<Value>91</Value>
						</HeartRateBpm>
					</Trackpoint>
					<Trackpoint>
						<Time>2569-06-06T16:26:18Z</Time>
						<HeartRateBpm>
							<Value>92</Value>
						</HeartRateBpm>
					</Trackpoint>
					<Trackpoint>
						<Time>2569-06-06T16:26:19Z</Time>
						<HeartRateBpm>
							<Value>92</Value>
						</HeartRateBpm>
					</Trackpoint>
					<Trackpoint>
						<Time>2569-06-06T16:26:20Z</Time>
						<HeartRateBpm>
							<Value>92</Value>
						</HeartRateBpm>
					</Trackpoint>
					<Trackpoint>
						<Time>2569-06-06T16:26:21Z</Time>
						<HeartRateBpm>
							<Value>93</Value>
						</HeartRateBpm>
					</Trackpoint>
					<Trackpoint>
						<Time>2569-06-06T16:26:22Z</Time>
						<HeartRateBpm>
							<Value>93</Value>
						</HeartRateBpm>
					</Trackpoint>
					<Trackpoint>
						<Time>2569-06-06T16:26:23Z</Time>
						<HeartRateBpm>
							<Value>92</Value>
						</HeartRateBpm>
					</Trackpoint>
					<Trackpoint>
						<Time>2569-06-06T16:26:24Z</Time>
						<HeartRateBpm>
							<Value>93</Value>
						</HeartRateBpm>
					</Trackpoint>
					<Trackpoint>
						<Time>2569-06-06T16:26:25Z</Time>
						<HeartRateBpm>
							<Value>93</Value>
						</HeartRateBpm>
					</Trackpoint>
					<Trackpoint>
						<Time>2569-06-06T16:26:26Z</Time>
						<HeartRateBpm>
							<Value>94</Value>
						</HeartRateBpm>
					</Trackpoint>
					<Trackpoint>
						<Time>2569-06-06T16:26:27Z</Time>
						<HeartRateBpm>
							<Value>94</Value>
						</HeartRateBpm>
					</Trackpoint>
					<Trackpoint>
						<Time>2569-06-06T16:26:28Z</Time>
						<HeartRateBpm>
							<Value>93</Value>
						</HeartRateBpm>
					</Trackpoint>
					<Trackpoint>
						<Time>2569-06-06T16:26:29Z</Time>
						<HeartRateBpm>
							<Value>93</Value>
						</HeartRateBpm>
					</Trackpoint>
					<Trackpoint>
						<Time>2569-06-06T16:26:30Z</Time>
						<HeartRateBpm>
							<Value>92</Value>
						</HeartRateBpm>
					</Trackpoint>
					<Trackpoint>
						<Time>2569-06-06T16:26:31Z</Time>
						<HeartRateBpm>
							<Value>92</Value>
						</HeartRateBpm>
					</Trackpoint>
					<Trackpoint>
						<Time>2569-06-06T16:26:32Z</Time>
						<HeartRateBpm>
							<Value>91</Value>
						</HeartRateBpm>
					</Trackpoint>
					<Trackpoint>
						<Time>2569-06-06T16:26:33Z</Time>
						<HeartRateBpm>
							<Value>90</Value>
						</HeartRateBpm>
					</Trackpoint>
					<Trackpoint>
						<Time>2569-06-06T16:26:34Z</Time>
						<HeartRateBpm>
							<Value>90</Value>
						</HeartRateBpm>
					</Trackpoint>
					<Trackpoint>
						<Time>2569-06-06T16:26:35Z</Time>
						<HeartRateBpm>
							<Value>90</Value>
						</HeartRateBpm>
					</Trackpoint>
					<Trackpoint>
						<Time>2569-06-06T16:26:36Z</Time>
						<HeartRateBpm>
							<Value>91</Value>
						</HeartRateBpm>
					</Trackpoint>
					<Trackpoint>
						<Time>2569-06-06T16:26:37Z</Time>
						<HeartRateBpm>
							<Value>91</Value>
						</HeartRateBpm>
					</Trackpoint>
					<Trackpoint>
						<Time>2569-06-06T16:26:38Z</Time>
						<HeartRateBpm>
							<Value>91</Value>
						</HeartRateBpm>
					</Trackpoint>
					<Trackpoint>
						<Time>2569-06-06T16:26:39Z</Time>
						<HeartRateBpm>
							<Value>92</Value>
						</HeartRateBpm>
					</Trackpoint>
					<Trackpoint>
						<Time>2569-06-06T16:26:40Z</Time>
						<HeartRateBpm>
							<Value>92</Value>
						</HeartRateBpm>
					</Trackpoint>
					<Trackpoint>
						<Time>2569-06-06T16:26:41Z</Time>
						<HeartRateBpm>
							<Value>93</Value>
						</HeartRateBpm>
					</Trackpoint>
					<Trackpoint>
						<Time>2569-06-06T16:26:42Z</Time>
						<HeartRateBpm>
							<Value>92</Value>
						</HeartRateBpm>
					</Trackpoint>
					<Trackpoint>
						<Time>2569-06-06T16:26:43Z</Time>
						<HeartRateBpm>
							<Value>93</Value>
						</HeartRateBpm>
					</Trackpoint>
					<Trackpoint>
						<Time>2569-06-06T16:26:44Z</Time>
						<HeartRateBpm>
							<Value>93</Value>
						</HeartRateBpm>
					</Trackpoint>
					<Trackpoint>
						<Time>2569-06-06T16:26:45Z</Time>
						<HeartRateBpm>
							<Value>93</Value>
						</HeartRateBpm>
					</Trackpoint>
					<Trackpoint>
						<Time>2569-06-06T16:26:46Z</Time>
						<HeartRateBpm>
							<Value>94</Value>
						</HeartRateBpm>
					</Trackpoint>
					<Trackpoint>
						<Time>2569-06-06T16:26:47Z</Time>
						<HeartRateBpm>
							<Value>93</Value>
						</HeartRateBpm>
					</Trackpoint>
					<Trackpoint>
						<Time>2569-06-06T16:26:48Z</Time>
						<HeartRateBpm>
							<Value>95</Value>
						</HeartRateBpm>
					</Trackpoint>
					<Trackpoint>
						<Time>2569-06-06T16:26:49Z</Time>
						<HeartRateBpm>
							<Value>95</Value>
						</HeartRateBpm>
					</Trackpoint>
					<Trackpoint>
						<Time>2569-06-06T16:26:50Z</Time>
						<HeartRateBpm>
							<Value>96</Value>
						</HeartRateBpm>
					</Trackpoint>
					<Trackpoint>
						<Time>2569-06-06T16:26:51Z</Time>
						<HeartRateBpm>
							<Value>98</Value>
						</HeartRateBpm>
					</Trackpoint>
					<Trackpoint>
						<Time>2569-06-06T16:26:52Z</Time>
						<HeartRateBpm>
							<Value>100</Value>
						</HeartRateBpm>
					</Trackpoint>
					<Trackpoint>
						<Time>2569-06-06T16:26:53Z</Time>
						<HeartRateBpm>
							<Value>104</Value>
						</HeartRateBpm>
					</Trackpoint>
					<Trackpoint>
						<Time>2569-06-06T16:26:54Z</Time>
						<HeartRateBpm>
							<Value>106</Value>
						</HeartRateBpm>
					</Trackpoint>
					<Trackpoint>
						<Time>2569-06-06T16:26:55Z</Time>
						<HeartRateBpm>
							<Value>106</Value>
						</HeartRateBpm>
					</Trackpoint>
					<Trackpoint>
						<Time>2569-06-06T16:26:56Z</Time>
						<HeartRateBpm>
							<Value>107</Value>
						</HeartRateBpm>
					</Trackpoint>
					<Trackpoint>
						<Time>2569-06-06T16:26:57Z</Time>
						<HeartRateBpm>
							<Value>107</Value>
						</HeartRateBpm>
					</Trackpoint>
					<Trackpoint>
						<Time>2569-06-06T16:26:58Z</Time>
						<HeartRateBpm>
							<Value>108</Value>
						</HeartRateBpm>
					</Trackpoint>
					<Trackpoint>
						<Time>2569-06-06T16:26:59Z</Time>
						<HeartRateBpm>
							<Value>109</Value>
						</HeartRateBpm>
					</Trackpoint>
					<Trackpoint>
						<Time>2569-06-06T16:27:00Z</Time>
						<HeartRateBpm>
							<Value>109</Value>
						</HeartRateBpm>
					</Trackpoint>
					<Trackpoint>
						<Time>2569-06-06T16:27:01Z</Time>
						<HeartRateBpm>
							<Value>109</Value>
						</HeartRateBpm>
					</Trackpoint>
					<Trackpoint>
						<Time>2569-06-06T16:27:02Z</Time>
						<HeartRateBpm>
							<Value>110</Value>
						</HeartRateBpm>
					</Trackpoint>
					<Trackpoint>
						<Time>2569-06-06T16:27:03Z</Time>
						<HeartRateBpm>
							<Value>111</Value>
						</HeartRateBpm>
					</Trackpoint>
					<Trackpoint>
						<Time>2569-06-06T16:27:04Z</Time>
						<HeartRateBpm>
							<Value>111</Value>
						</HeartRateBpm>
					</Trackpoint>
					<Trackpoint>
						<Time>2569-06-06T16:27:05Z</Time>
						<HeartRateBpm>
							<Value>111</Value>
						</HeartRateBpm>
					</Trackpoint>
					<Trackpoint>
						<Time>2569-06-06T16:27:06Z</Time>
						<HeartRateBpm>
							<Value>112</Value>
						</HeartRateBpm>
					</Trackpoint>
					<Trackpoint>
						<Time>2569-06-06T16:27:07Z</Time>
						<HeartRateBpm>
							<Value>113</Value>
						</HeartRateBpm>
					</Trackpoint>
					<Trackpoint>
						<Time>2569-06-06T16:27:08Z</Time>
						<HeartRateBpm>
							<Value>115</Value>
						</HeartRateBpm>
					</Trackpoint>
					<Trackpoint>
						<Time>2569-06-06T16:27:09Z</Time>
						<HeartRateBpm>
							<Value>117</Value>
						</HeartRateBpm>
					</Trackpoint>
					<Trackpoint>
						<Time>2569-06-06T16:27:10Z</Time>
						<HeartRateBpm>
							<Value>118</Value>
						</HeartRateBpm>
					</Trackpoint>
					<Trackpoint>
						<Time>2569-06-06T16:27:11Z</Time>
						<HeartRateBpm>
							<Value>120</Value>
						</HeartRateBpm>
					</Trackpoint>
					<Trackpoint>
						<Time>2569-06-06T16:27:12Z</Time>
						<HeartRateBpm>
							<Value>120</Value>
						</HeartRateBpm>
					</Trackpoint>
					<Trackpoint>
						<Time>2569-06-06T16:27:13Z</Time>
						<HeartRateBpm>
							<Value>120</Value>
						</HeartRateBpm>
					</Trackpoint>
					<Trackpoint>
						<Time>2569-06-06T16:27:14Z</Time>
						<HeartRateBpm>
							<Value>121</Value>
						</HeartRateBpm>
					</Trackpoint>
					<Trackpoint>
						<Time>2569-06-06T16:27:15Z</Time>
						<HeartRateBpm>
							<Value>121</Value>
						</HeartRateBpm>
					</Trackpoint>
					<Trackpoint>
						<Time>2569-06-06T16:27:16Z</Time>
						<HeartRateBpm>
							<Value>121</Value>
						</HeartRateBpm>
					</Trackpoint>
					<Trackpoint>
						<Time>2569-06-06T16:27:17Z</Time>
						<HeartRateBpm>
							<Value>121</Value>
						</HeartRateBpm>
					</Trackpoint>
					<Trackpoint>
						<Time>2569-06-06T16:27:18Z</Time>
						<HeartRateBpm>
							<Value>121</Value>
						</HeartRateBpm>
					</Trackpoint>
					<Trackpoint>
						<Time>2569-06-06T16:27:19Z</Time>
						<HeartRateBpm>
							<Value>121</Value>
						</HeartRateBpm>
					</Trackpoint>
					<Trackpoint>
						<Time>2569-06-06T16:27:20Z</Time>
						<HeartRateBpm>
							<Value>122</Value>
						</HeartRateBpm>
					</Trackpoint>
					<Trackpoint>
						<Time>2569-06-06T16:27:21Z</Time>
						<HeartRateBpm>
							<Value>123</Value>
						</HeartRateBpm>
					</Trackpoint>
					<Trackpoint>
						<Time>2569-06-06T16:27:22Z</Time>
						<HeartRateBpm>
							<Value>122</Value>
						</HeartRateBpm>
					</Trackpoint>
					<Trackpoint>
						<Time>2569-06-06T16:27:23Z</Time>
						<HeartRateBpm>
							<Value>122</Value>
						</HeartRateBpm>
					</Trackpoint>
					<Trackpoint>
						<Time>2569-06-06T16:27:24Z</Time>
						<HeartRateBpm>
							<Value>121</Value>
						</HeartRateBpm>
					</Trackpoint>
					<Trackpoint>
						<Time>2569-06-06T16:27:25Z</Time>
						<HeartRateBpm>
							<Value>121</Value>
						</HeartRateBpm>
					</Trackpoint>
					<Trackpoint>
						<Time>2569-06-06T16:27:26Z</Time>
						<HeartRateBpm>
							<Value>122</Value>
						</HeartRateBpm>
					</Trackpoint>
					<Trackpoint>
						<Time>2569-06-06T16:27:27Z</Time>
						<HeartRateBpm>
							<Value>120</Value>
						</HeartRateBpm>
					</Trackpoint>
					<Trackpoint>
						<Time>2569-06-06T16:27:28Z</Time>
						<HeartRateBpm>
							<Value>120</Value>
						</HeartRateBpm>
					</Trackpoint>
					<Trackpoint>
						<Time>2569-06-06T16:27:29Z</Time>
						<HeartRateBpm>
							<Value>122</Value>
						</HeartRateBpm>
					</Trackpoint>
					<Trackpoint>
						<Time>2569-06-06T16:27:30Z</Time>
						<HeartRateBpm>
							<Value>123</Value>
						</HeartRateBpm>
					</Trackpoint>
					<Trackpoint>
						<Time>2569-06-06T16:27:31Z</Time>
						<HeartRateBpm>
							<Value>124</Value>
						</HeartRateBpm>
					</Trackpoint>
					<Trackpoint>
						<Time>2569-06-06T16:27:32Z</Time>
						<HeartRateBpm>
							<Value>123</Value>
						</HeartRateBpm>
					</Trackpoint>
					<Trackpoint>
						<Time>2569-06-06T16:27:33Z</Time>
						<HeartRateBpm>
							<Value>123</Value>
						</HeartRateBpm>
					</Trackpoint>
					<Trackpoint>
						<Time>2569-06-06T16:27:34Z</Time>
						<HeartRateBpm>
							<Value>124</Value>
						</HeartRateBpm>
					</Trackpoint>
					<Trackpoint>
						<Time>2569-06-06T16:27:35Z</Time>
						<HeartRateBpm>
							<Value>125</Value>
						</HeartRateBpm>
					</Trackpoint>
					<Trackpoint>
						<Time>2569-06-06T16:27:36Z</Time>
						<HeartRateBpm>
							<Value>127</Value>
						</HeartRateBpm>
					</Trackpoint>
					<Trackpoint>
						<Time>2569-06-06T16:27:37Z</Time>
						<HeartRateBpm>
							<Value>132</Value>
						</HeartRateBpm>
					</Trackpoint>
					<Trackpoint>
						<Time>2569-06-06T16:27:38Z</Time>
						<HeartRateBpm>
							<Value>126</Value>
						</HeartRateBpm>
					</Trackpoint>
					<Trackpoint>
						<Time>2569-06-06T16:27:39Z</Time>
						<HeartRateBpm>
							<Value>125</Value>
						</HeartRateBpm>
					</Trackpoint>
					<Trackpoint>
						<Time>2569-06-06T16:27:40Z</Time>
						<HeartRateBpm>
							<Value>126</Value>
						</HeartRateBpm>
					</Trackpoint>
					<Trackpoint>
						<Time>2569-06-06T16:27:41Z</Time>
						<HeartRateBpm>
							<Value>125</Value>
						</HeartRateBpm>
					</Trackpoint>
					<Trackpoint>
						<Time>2569-06-06T16:27:42Z</Time>
						<HeartRateBpm>
							<Value>127</Value>
						</HeartRateBpm>
					</Trackpoint>
					<Trackpoint>
						<Time>2569-06-06T16:27:43Z</Time>
						<HeartRateBpm>
							<Value>129</Value>
						</HeartRateBpm>
					</Trackpoint>
					<Trackpoint>
						<Time>2569-06-06T16:27:44Z</Time>
						<HeartRateBpm>
							<Value>128</Value>
						</HeartRateBpm>
					</Trackpoint>
					<Trackpoint>
						<Time>2569-06-06T16:27:45Z</Time>
						<HeartRateBpm>
							<Value>135</Value>
						</HeartRateBpm>
					</Trackpoint>
					<Trackpoint>
						<Time>2569-06-06T16:27:46Z</Time>
						<HeartRateBpm>
							<Value>131</Value>
						</HeartRateBpm>
					</Trackpoint>
					<Trackpoint>
						<Time>2569-06-06T16:27:47Z</Time>
						<HeartRateBpm>
							<Value>132</Value>
						</HeartRateBpm>
					</Trackpoint>
					<Trackpoint>
						<Time>2569-06-06T16:27:48Z</Time>
						<HeartRateBpm>
							<Value>133</Value>
						</HeartRateBpm>
					</Trackpoint>
					<Trackpoint>
						<Time>2569-06-06T16:27:49Z</Time>
						<HeartRateBpm>
							<Value>133</Value>
						</HeartRateBpm>
					</Trackpoint>
					<Trackpoint>
						<Time>2569-06-06T16:27:50Z</Time>
						<HeartRateBpm>
							<Value>133</Value>
						</HeartRateBpm>
					</Trackpoint>
					<Trackpoint>
						<Time>2569-06-06T16:27:51Z</Time>
						<HeartRateBpm>
							<Value>131</Value>
						</HeartRateBpm>
					</Trackpoint>
					<Trackpoint>
						<Time>2569-06-06T16:27:52Z</Time>
						<HeartRateBpm>
							<Value>127</Value>
						</HeartRateBpm>
					</Trackpoint>
					<Trackpoint>
						<Time>2569-06-06T16:27:53Z</Time>
						<HeartRateBpm>
							<Value>129</Value>
						</HeartRateBpm>
					</Trackpoint>
					<Trackpoint>
						<Time>2569-06-06T16:27:54Z</Time>
						<HeartRateBpm>
							<Value>126</Value>
						</HeartRateBpm>
					</Trackpoint>
					<Trackpoint>
						<Time>2569-06-06T16:27:55Z</Time>
						<HeartRateBpm>
							<Value>124</Value>
						</HeartRateBpm>
					</Trackpoint>
					<Trackpoint>
						<Time>2569-06-06T16:27:56Z</Time>
						<HeartRateBpm>
							<Value>123</Value>
						</HeartRateBpm>
					</Trackpoint>
					<Trackpoint>
						<Time>2569-06-06T16:27:57Z</Time>
						<HeartRateBpm>
							<Value>124</Value>
						</HeartRateBpm>
					</Trackpoint>
					<Trackpoint>
						<Time>2569-06-06T16:27:58Z</Time>
						<HeartRateBpm>
							<Value>123</Value>
						</HeartRateBpm>
					</Trackpoint>
					<Trackpoint>
						<Time>2569-06-06T16:27:59Z</Time>
						<HeartRateBpm>
							<Value>122</Value>
						</HeartRateBpm>
					</Trackpoint>
					<Trackpoint>
						<Time>2569-06-06T16:28:00Z</Time>
						<HeartRateBpm>
							<Value>123</Value>
						</HeartRateBpm>
					</Trackpoint>
					<Trackpoint>
						<Time>2569-06-06T16:28:01Z</Time>
						<HeartRateBpm>
							<Value>122</Value>
						</HeartRateBpm>
					</Trackpoint>
					<Trackpoint>
						<Time>2569-06-06T16:28:02Z</Time>
						<HeartRateBpm>
							<Value>122</Value>
						</HeartRateBpm>
					</Trackpoint>
					<Trackpoint>
						<Time>2569-06-06T16:28:03Z</Time>
						<HeartRateBpm>
							<Value>121</Value>
						</HeartRateBpm>
					</Trackpoint>
					<Trackpoint>
						<Time>2569-06-06T16:28:04Z</Time>
						<HeartRateBpm>
							<Value>122</Value>
						</HeartRateBpm>
					</Trackpoint>
					<Trackpoint>
						<Time>2569-06-06T16:28:05Z</Time>
						<HeartRateBpm>
							<Value>124</Value>
						</HeartRateBpm>
					</Trackpoint>
					<Trackpoint>
						<Time>2569-06-06T16:28:06Z</Time>
						<HeartRateBpm>
							<Value>124</Value>
						</HeartRateBpm>
					</Trackpoint>
					<Trackpoint>
						<Time>2569-06-06T16:28:07Z</Time>
						<HeartRateBpm>
							<Value>123</Value>
						</HeartRateBpm>
					</Trackpoint>
					<Trackpoint>
						<Time>2569-06-06T16:28:08Z</Time>
						<HeartRateBpm>
							<Value>123</Value>
						</HeartRateBpm>
					</Trackpoint>
					<Trackpoint>
						<Time>2569-06-06T16:28:09Z</Time>
						<HeartRateBpm>
							<Value>123</Value>
						</HeartRateBpm>
					</Trackpoint>
					<Trackpoint>
						<Time>2569-06-06T16:28:10Z</Time>
						<HeartRateBpm>
							<Value>123</Value>
						</HeartRateBpm>
					</Trackpoint>
					<Trackpoint>
						<Time>2569-06-06T16:28:11Z</Time>
						<HeartRateBpm>
							<Value>124</Value>
						</HeartRateBpm>
					</Trackpoint>
					<Trackpoint>
						<Time>2569-06-06T16:28:12Z</Time>
						<HeartRateBpm>
							<Value>123</Value>
						</HeartRateBpm>
					</Trackpoint>
					<Trackpoint>
						<Time>2569-06-06T16:28:13Z</Time>
						<HeartRateBpm>
							<Value>122</Value>
						</HeartRateBpm>
					</Trackpoint>
					<Trackpoint>
						<Time>2569-06-06T16:28:14Z</Time>
						<HeartRateBpm>
							<Value>121</Value>
						</HeartRateBpm>
					</Trackpoint>
					<Trackpoint>
						<Time>2569-06-06T16:28:15Z</Time>
						<HeartRateBpm>
							<Value>121</Value>
						</HeartRateBpm>
					</Trackpoint>
					<Trackpoint>
						<Time>2569-06-06T16:28:16Z</Time>
						<HeartRateBpm>
							<Value>121</Value>
						</HeartRateBpm>
					</Trackpoint>
					<Trackpoint>
						<Time>2569-06-06T16:28:17Z</Time>
						<HeartRateBpm>
							<Value>121</Value>
						</HeartRateBpm>
					</Trackpoint>
					<Trackpoint>
						<Time>2569-06-06T16:28:18Z</Time>
						<HeartRateBpm>
							<Value>119</Value>
						</HeartRateBpm>
					</Trackpoint>
					<Trackpoint>
						<Time>2569-06-06T16:28:19Z</Time>
						<HeartRateBpm>
							<Value>120</Value>
						</HeartRateBpm>
					</Trackpoint>
					<Trackpoint>
						<Time>2569-06-06T16:28:20Z</Time>
						<HeartRateBpm>
							<Value>120</Value>
						</HeartRateBpm>
					</Trackpoint>
					<Trackpoint>
						<Time>2569-06-06T16:28:21Z</Time>
						<HeartRateBpm>
							<Value>119</Value>
						</HeartRateBpm>
					</Trackpoint>
					<Trackpoint>
						<Time>2569-06-06T16:28:22Z</Time>
						<HeartRateBpm>
							<Value>118</Value>
						</HeartRateBpm>
					</Trackpoint>
					<Trackpoint>
						<Time>2569-06-06T16:28:23Z</Time>
						<HeartRateBpm>
							<Value>118</Value>
						</HeartRateBpm>
					</Trackpoint>
					<Trackpoint>
						<Time>2569-06-06T16:28:24Z</Time>
						<HeartRateBpm>
							<Value>119</Value>
						</HeartRateBpm>
					</Trackpoint>
					<Trackpoint>
						<Time>2569-06-06T16:28:25Z</Time>
						<HeartRateBpm>
							<Value>119</Value>
						</HeartRateBpm>
					</Trackpoint>
					<Trackpoint>
						<Time>2569-06-06T16:28:26Z</Time>
						<HeartRateBpm>
							<Value>118</Value>
						</HeartRateBpm>
					</Trackpoint>
					<Trackpoint>
						<Time>2569-06-06T16:28:27Z</Time>
						<HeartRateBpm>
							<Value>114</Value>
						</HeartRateBpm>
					</Trackpoint>
					<Trackpoint>
						<Time>2569-06-06T16:28:28Z</Time>
						<HeartRateBpm>
							<Value>112</Value>
						</HeartRateBpm>
					</Trackpoint>
					<Trackpoint>
						<Time>2569-06-06T16:28:29Z</Time>
						<HeartRateBpm>
							<Value>110</Value>
						</HeartRateBpm>
					</Trackpoint>
					<Trackpoint>
						<Time>2569-06-06T16:28:30Z</Time>
						<HeartRateBpm>
							<Value>108</Value>
						</HeartRateBpm>
					</Trackpoint>
					<Trackpoint>
						<Time>2569-06-06T16:28:31Z</Time>
						<HeartRateBpm>
							<Value>107</Value>
						</HeartRateBpm>
					</Trackpoint>
					<Trackpoint>
						<Time>2569-06-06T16:28:32Z</Time>
						<HeartRateBpm>
							<Value>106</Value>
						</HeartRateBpm>
					</Trackpoint>
					<Trackpoint>
						<Time>2569-06-06T16:28:33Z</Time>
						<HeartRateBpm>
							<Value>105</Value>
						</HeartRateBpm>
					</Trackpoint>
					<Trackpoint>
						<Time>2569-06-06T16:28:34Z</Time>
						<HeartRateBpm>
							<Value>104</Value>
						</HeartRateBpm>
					</Trackpoint>
					<Trackpoint>
						<Time>2569-06-06T16:28:35Z</Time>
						<HeartRateBpm>
							<Value>104</Value>
						</HeartRateBpm>
					</Trackpoint>
					<Trackpoint>
						<Time>2569-06-06T16:28:36Z</Time>
						<HeartRateBpm>
							<Value>106</Value>
						</HeartRateBpm>
					</Trackpoint>
					<Trackpoint>
						<Time>2569-06-06T16:28:37Z</Time>
						<HeartRateBpm>
							<Value>107</Value>
						</HeartRateBpm>
					</Trackpoint>
					<Trackpoint>
						<Time>2569-06-06T16:28:38Z</Time>
						<HeartRateBpm>
							<Value>107</Value>
						</HeartRateBpm>
					</Trackpoint>
					<Trackpoint>
						<Time>2569-06-06T16:28:39Z</Time>
						<HeartRateBpm>
							<Value>109</Value>
						</HeartRateBpm>
					</Trackpoint>
					<Trackpoint>
						<Time>2569-06-06T16:28:40Z</Time>
						<HeartRateBpm>
							<Value>109</Value>
						</HeartRateBpm>
					</Trackpoint>
					<Trackpoint>
						<Time>2569-06-06T16:28:41Z</Time>
						<HeartRateBpm>
							<Value>109</Value>
						</HeartRateBpm>
					</Trackpoint>
					<Trackpoint>
						<Time>2569-06-06T16:28:42Z</Time>
						<HeartRateBpm>
							<Value>108</Value>
						</HeartRateBpm>
					</Trackpoint>
					<Trackpoint>
						<Time>2569-06-06T16:28:43Z</Time>
						<HeartRateBpm>
							<Value>107</Value>
						</HeartRateBpm>
					</Trackpoint>
					<Trackpoint>
						<Time>2569-06-06T16:28:44Z</Time>
						<HeartRateBpm>
							<Value>106</Value>
						</HeartRateBpm>
					</Trackpoint>
					<Trackpoint>
						<Time>2569-06-06T16:28:45Z</Time>
						<HeartRateBpm>
							<Value>105</Value>
						</HeartRateBpm>
					</Trackpoint>
					<Trackpoint>
						<Time>2569-06-06T16:28:46Z</Time>
						<HeartRateBpm>
							<Value>105</Value>
						</HeartRateBpm>
					</Trackpoint>
					<Trackpoint>
						<Time>2569-06-06T16:28:47Z</Time>
						<HeartRateBpm>
							<Value>105</Value>
						</HeartRateBpm>
					</Trackpoint>
					<Trackpoint>
						<Time>2569-06-06T16:28:48Z</Time>
						<HeartRateBpm>
							<Value>104</Value>
						</HeartRateBpm>
					</Trackpoint>
					<Trackpoint>
						<Time>2569-06-06T16:28:49Z</Time>
						<HeartRateBpm>
							<Value>104</Value>
						</HeartRateBpm>
					</Trackpoint>
					<Trackpoint>
						<Time>2569-06-06T16:28:50Z</Time>
						<HeartRateBpm>
							<Value>104</Value>
						</HeartRateBpm>
					</Trackpoint>
					<Trackpoint>
						<Time>2569-06-06T16:28:51Z</Time>
						<HeartRateBpm>
							<Value>105</Value>
						</HeartRateBpm>
					</Trackpoint>
					<Trackpoint>
						<Time>2569-06-06T16:28:52Z</Time>
						<HeartRateBpm>
							<Value>106</Value>
						</HeartRateBpm>
					</Trackpoint>
					<Trackpoint>
						<Time>2569-06-06T16:28:53Z</Time>
						<HeartRateBpm>
							<Value>107</Value>
						</HeartRateBpm>
					</Trackpoint>
					<Trackpoint>
						<Time>2569-06-06T16:28:54Z</Time>
						<HeartRateBpm>
							<Value>108</Value>
						</HeartRateBpm>
					</Trackpoint>
					<Trackpoint>
						<Time>2569-06-06T16:28:55Z</Time>
						<HeartRateBpm>
							<Value>108</Value>
						</HeartRateBpm>
					</Trackpoint>
					<Trackpoint>
						<Time>2569-06-06T16:28:56Z</Time>
						<HeartRateBpm>
							<Value>109</Value>
						</HeartRateBpm>
					</Trackpoint>
					<Trackpoint>
						<Time>2569-06-06T16:28:57Z</Time>
						<HeartRateBpm>
							<Value>110</Value>
						</HeartRateBpm>
					</Trackpoint>
					<Trackpoint>
						<Time>2569-06-06T16:28:58Z</Time>
						<HeartRateBpm>
							<Value>112</Value>
						</HeartRateBpm>
					</Trackpoint>
					<Trackpoint>
						<Time>2569-06-06T16:28:59Z</Time>
						<HeartRateBpm>
							<Value>115</Value>
						</HeartRateBpm>
					</Trackpoint>
					<Trackpoint>
						<Time>2569-06-06T16:29:00Z</Time>
						<HeartRateBpm>
							<Value>115</Value>
						</HeartRateBpm>
					</Trackpoint>
					<Trackpoint>
						<Time>2569-06-06T16:29:01Z</Time>
						<HeartRateBpm>
							<Value>115</Value>
						</HeartRateBpm>
					</Trackpoint>
					<Trackpoint>
						<Time>2569-06-06T16:29:02Z</Time>
						<HeartRateBpm>
							<Value>116</Value>
						</HeartRateBpm>
					</Trackpoint>
					<Trackpoint>
						<Time>2569-06-06T16:29:03Z</Time>
						<HeartRateBpm>
							<Value>116</Value>
						</HeartRateBpm>
					</Trackpoint>
					<Trackpoint>
						<Time>2569-06-06T16:29:04Z</Time>
						<HeartRateBpm>
							<Value>116</Value>
						</HeartRateBpm>
					</Trackpoint>
					<Trackpoint>
						<Time>2569-06-06T16:29:05Z</Time>
						<HeartRateBpm>
							<Value>116</Value>
						</HeartRateBpm>
					</Trackpoint>
					<Trackpoint>
						<Time>2569-06-06T16:29:06Z</Time>
						<HeartRateBpm>
							<Value>116</Value>
						</HeartRateBpm>
					</Trackpoint>
					<Trackpoint>
						<Time>2569-06-06T16:29:07Z</Time>
						<HeartRateBpm>
							<Value>117</Value>
						</HeartRateBpm>
					</Trackpoint>
					<Trackpoint>
						<Time>2569-06-06T16:29:08Z</Time>
						<HeartRateBpm>
							<Value>119</Value>
						</HeartRateBpm>
					</Trackpoint>
					<Trackpoint>
						<Time>2569-06-06T16:29:09Z</Time>
						<HeartRateBpm>
							<Value>122</Value>
						</HeartRateBpm>
					</Trackpoint>
					<Trackpoint>
						<Time>2569-06-06T16:29:10Z</Time>
						<HeartRateBpm>
							<Value>124</Value>
						</HeartRateBpm>
					</Trackpoint>
					<Trackpoint>
						<Time>2569-06-06T16:29:11Z</Time>
						<HeartRateBpm>
							<Value>125</Value>
						</HeartRateBpm>
					</Trackpoint>
					<Trackpoint>
						<Time>2569-06-06T16:29:12Z</Time>
						<HeartRateBpm>
							<Value>127</Value>
						</HeartRateBpm>
					</Trackpoint>
					<Trackpoint>
						<Time>2569-06-06T16:29:13Z</Time>
						<HeartRateBpm>
							<Value>127</Value>
						</HeartRateBpm>
					</Trackpoint>
					<Trackpoint>
						<Time>2569-06-06T16:29:14Z</Time>
						<HeartRateBpm>
							<Value>125</Value>
						</HeartRateBpm>
					</Trackpoint>
					<Trackpoint>
						<Time>2569-06-06T16:29:15Z</Time>
						<HeartRateBpm>
							<Value>125</Value>
						</HeartRateBpm>
					</Trackpoint>
					<Trackpoint>
						<Time>2569-06-06T16:29:16Z</Time>
						<HeartRateBpm>
							<Value>126</Value>
						</HeartRateBpm>
					</Trackpoint>
					<Trackpoint>
						<Time>2569-06-06T16:29:17Z</Time>
						<HeartRateBpm>
							<Value>127</Value>
						</HeartRateBpm>
					</Trackpoint>
					<Trackpoint>
						<Time>2569-06-06T16:29:18Z</Time>
						<HeartRateBpm>
							<Value>127</Value>
						</HeartRateBpm>
					</Trackpoint>
					<Trackpoint>
						<Time>2569-06-06T16:29:19Z</Time>
						<HeartRateBpm>
							<Value>128</Value>
						</HeartRateBpm>
					</Trackpoint>
					<Trackpoint>
						<Time>2569-06-06T16:29:20Z</Time>
						<HeartRateBpm>
							<Value>129</Value>
						</HeartRateBpm>
					</Trackpoint>
					<Trackpoint>
						<Time>2569-06-06T16:29:21Z</Time>
						<HeartRateBpm>
							<Value>130</Value>
						</HeartRateBpm>
					</Trackpoint>
					<Trackpoint>
						<Time>2569-06-06T16:29:22Z</Time>
						<HeartRateBpm>
							<Value>130</Value>
						</HeartRateBpm>
					</Trackpoint>
					<Trackpoint>
						<Time>2569-06-06T16:29:23Z</Time>
						<HeartRateBpm>
							<Value>131</Value>
						</HeartRateBpm>
					</Trackpoint>
					<Trackpoint>
						<Time>2569-06-06T16:29:24Z</Time>
						<HeartRateBpm>
							<Value>131</Value>
						</HeartRateBpm>
					</Trackpoint>
					<Trackpoint>
						<Time>2569-06-06T16:29:25Z</Time>
						<HeartRateBpm>
							<Value>132</Value>
						</HeartRateBpm>
					</Trackpoint>
					<Trackpoint>
						<Time>2569-06-06T16:29:26Z</Time>
						<HeartRateBpm>
							<Value>133</Value>
						</HeartRateBpm>
					</Trackpoint>
					<Trackpoint>
						<Time>2569-06-06T16:29:27Z</Time>
						<HeartRateBpm>
							<Value>134</Value>
						</HeartRateBpm>
					</Trackpoint>
					<Trackpoint>
						<Time>2569-06-06T16:29:28Z</Time>
						<HeartRateBpm>
							<Value>135</Value>
						</HeartRateBpm>
					</Trackpoint>
					<Trackpoint>
						<Time>2569-06-06T16:29:29Z</Time>
						<HeartRateBpm>
							<Value>135</Value>
						</HeartRateBpm>
					</Trackpoint>
					<Trackpoint>
						<Time>2569-06-06T16:29:30Z</Time>
						<HeartRateBpm>
							<Value>138</Value>
						</HeartRateBpm>
					</Trackpoint>
					<Trackpoint>
						<Time>2569-06-06T16:29:31Z</Time>
						<HeartRateBpm>
							<Value>137</Value>
						</HeartRateBpm>
					</Trackpoint>
					<Trackpoint>
						<Time>2569-06-06T16:29:32Z</Time>
						<HeartRateBpm>
							<Value>137</Value>
						</HeartRateBpm>
					</Trackpoint>
					<Trackpoint>
						<Time>2569-06-06T16:29:33Z</Time>
						<HeartRateBpm>
							<Value>138</Value>
						</HeartRateBpm>
					</Trackpoint>
					<Trackpoint>
						<Time>2569-06-06T16:29:34Z</Time>
						<HeartRateBpm>
							<Value>137</Value>
						</HeartRateBpm>
					</Trackpoint>
					<Trackpoint>
						<Time>2569-06-06T16:29:35Z</Time>
						<HeartRateBpm>
							<Value>137</Value>
						</HeartRateBpm>
					</Trackpoint>
					<Trackpoint>
						<Time>2569-06-06T16:29:36Z</Time>
						<HeartRateBpm>
							<Value>138</Value>
						</HeartRateBpm>
					</Trackpoint>
					<Trackpoint>
						<Time>2569-06-06T16:29:37Z</Time>
						<HeartRateBpm>
							<Value>138</Value>
						</HeartRateBpm>
					</Trackpoint>
					<Trackpoint>
						<Time>2569-06-06T16:29:38Z</Time>
						<HeartRateBpm>
							<Value>138</Value>
						</HeartRateBpm>
					</Trackpoint>
					<Trackpoint>
						<Time>2569-06-06T16:29:39Z</Time>
						<HeartRateBpm>
							<Value>138</Value>
						</HeartRateBpm>
					</Trackpoint>
					<Trackpoint>
						<Time>2569-06-06T16:29:40Z</Time>
						<HeartRateBpm>
							<Value>138</Value>
						</HeartRateBpm>
					</Trackpoint>
					<Trackpoint>
						<Time>2569-06-06T16:29:41Z</Time>
						<HeartRateBpm>
							<Value>139</Value>
						</HeartRateBpm>
					</Trackpoint>
					<Trackpoint>
						<Time>2569-06-06T16:29:42Z</Time>
						<HeartRateBpm>
							<Value>142</Value>
						</HeartRateBpm>
					</Trackpoint>
					<Trackpoint>
						<Time>2569-06-06T16:29:43Z</Time>
						<HeartRateBpm>
							<Value>142</Value>
						</HeartRateBpm>
					</Trackpoint>
					<Trackpoint>
						<Time>2569-06-06T16:29:44Z</Time>
						<HeartRateBpm>
							<Value>144</Value>
						</HeartRateBpm>
					</Trackpoint>
					<Trackpoint>
						<Time>2569-06-06T16:29:45Z</Time>
						<HeartRateBpm>
							<Value>144</Value>
						</HeartRateBpm>
					</Trackpoint>
					<Trackpoint>
						<Time>2569-06-06T16:29:46Z</Time>
						<HeartRateBpm>
							<Value>145</Value>
						</HeartRateBpm>
					</Trackpoint>
					<Trackpoint>
						<Time>2569-06-06T16:29:47Z</Time>
						<HeartRateBpm>
							<Value>146</Value>
						</HeartRateBpm>
					</Trackpoint>
					<Trackpoint>
						<Time>2569-06-06T16:29:48Z</Time>
						<HeartRateBpm>
							<Value>146</Value>
						</HeartRateBpm>
					</Trackpoint>
					<Trackpoint>
						<Time>2569-06-06T16:29:49Z</Time>
						<HeartRateBpm>
							<Value>146</Value>
						</HeartRateBpm>
					</Trackpoint>
					<Trackpoint>
						<Time>2569-06-06T16:29:50Z</Time>
						<HeartRateBpm>
							<Value>146</Value>
						</HeartRateBpm>
					</Trackpoint>
					<Trackpoint>
						<Time>2569-06-06T16:29:51Z</Time>
						<HeartRateBpm>
							<Value>145</Value>
						</HeartRateBpm>
					</Trackpoint>
					<Trackpoint>
						<Time>2569-06-06T16:29:52Z</Time>
						<HeartRateBpm>
							<Value>147</Value>
						</HeartRateBpm>
					</Trackpoint>
					<Trackpoint>
						<Time>2569-06-06T16:29:53Z</Time>
						<HeartRateBpm>
							<Value>146</Value>
						</HeartRateBpm>
					</Trackpoint>
					<Trackpoint>
						<Time>2569-06-06T16:29:54Z</Time>
						<HeartRateBpm>
							<Value>146</Value>
						</HeartRateBpm>
					</Trackpoint>
					<Trackpoint>
						<Time>2569-06-06T16:29:55Z</Time>
						<HeartRateBpm>
							<Value>146</Value>
						</HeartRateBpm>
					</Trackpoint>
					<Trackpoint>
						<Time>2569-06-06T16:29:56Z</Time>
						<HeartRateBpm>
							<Value>145</Value>
						</HeartRateBpm>
					</Trackpoint>
					<Trackpoint>
						<Time>2569-06-06T16:29:57Z</Time>
						<HeartRateBpm>
							<Value>145</Value>
						</HeartRateBpm>
					</Trackpoint>
					<Trackpoint>
						<Time>2569-06-06T16:29:58Z</Time>
						<HeartRateBpm>
							<Value>142</Value>
						</HeartRateBpm>
					</Trackpoint>
					<Trackpoint>
						<Time>2569-06-06T16:29:59Z</Time>
						<HeartRateBpm>
							<Value>141</Value>
						</HeartRateBpm>
					</Trackpoint>
					<Trackpoint>
						<Time>2569-06-06T16:30:00Z</Time>
						<HeartRateBpm>
							<Value>143</Value>
						</HeartRateBpm>
					</Trackpoint>
					<Trackpoint>
						<Time>2569-06-06T16:30:01Z</Time>
						<HeartRateBpm>
							<Value>141</Value>
						</HeartRateBpm>
					</Trackpoint>
					<Trackpoint>
						<Time>2569-06-06T16:30:02Z</Time>
						<HeartRateBpm>
							<Value>141</Value>
						</HeartRateBpm>
					</Trackpoint>
					<Trackpoint>
						<Time>2569-06-06T16:30:03Z</Time>
						<HeartRateBpm>
							<Value>140</Value>
						</HeartRateBpm>
					</Trackpoint>
					<Trackpoint>
						<Time>2569-06-06T16:30:04Z</Time>
						<HeartRateBpm>
							<Value>138</Value>
						</HeartRateBpm>
					</Trackpoint>
					<Trackpoint>
						<Time>2569-06-06T16:30:05Z</Time>
						<HeartRateBpm>
							<Value>139</Value>
						</HeartRateBpm>
					</Trackpoint>
					<Trackpoint>
						<Time>2569-06-06T16:30:06Z</Time>
						<HeartRateBpm>
							<Value>138</Value>
						</HeartRateBpm>
					</Trackpoint>
					<Trackpoint>
						<Time>2569-06-06T16:30:07Z</Time>
						<HeartRateBpm>
							<Value>139</Value>
						</HeartRateBpm>
					</Trackpoint>
					<Trackpoint>
						<Time>2569-06-06T16:30:08Z</Time>
						<HeartRateBpm>
							<Value>138</Value>
						</HeartRateBpm>
					</Trackpoint>
					<Trackpoint>
						<Time>2569-06-06T16:30:09Z</Time>
						<HeartRateBpm>
							<Value>136</Value>
						</HeartRateBpm>
					</Trackpoint>
					<Trackpoint>
						<Time>2569-06-06T16:30:10Z</Time>
						<HeartRateBpm>
							<Value>137</Value>
						</HeartRateBpm>
					</Trackpoint>
					<Trackpoint>
						<Time>2569-06-06T16:30:11Z</Time>
						<HeartRateBpm>
							<Value>136</Value>
						</HeartRateBpm>
					</Trackpoint>
					<Trackpoint>
						<Time>2569-06-06T16:30:12Z</Time>
						<HeartRateBpm>
							<Value>135</Value>
						</HeartRateBpm>
					</Trackpoint>
					<Trackpoint>
						<Time>2569-06-06T16:30:13Z</Time>
						<HeartRateBpm>
							<Value>134</Value>
						</HeartRateBpm>
					</Trackpoint>
					<Trackpoint>
						<Time>2569-06-06T16:30:14Z</Time>
						<HeartRateBpm>
							<Value>134</Value>
						</HeartRateBpm>
					</Trackpoint>
					<Trackpoint>
						<Time>2569-06-06T16:30:15Z</Time>
						<HeartRateBpm>
							<Value>133</Value>
						</HeartRateBpm>
					</Trackpoint>
					<Trackpoint>
						<Time>2569-06-06T16:30:16Z</Time>
						<HeartRateBpm>
							<Value>132</Value>
						</HeartRateBpm>
					</Trackpoint>
					<Trackpoint>
						<Time>2569-06-06T16:30:17Z</Time>
						<HeartRateBpm>
							<Value>131</Value>
						</HeartRateBpm>
					</Trackpoint>
					<Trackpoint>
						<Time>2569-06-06T16:30:18Z</Time>
						<HeartRateBpm>
							<Value>130</Value>
						</HeartRateBpm>
					</Trackpoint>
					<Trackpoint>
						<Time>2569-06-06T16:30:19Z</Time>
						<HeartRateBpm>
							<Value>129</Value>
						</HeartRateBpm>
					</Trackpoint>
					<Trackpoint>
						<Time>2569-06-06T16:30:20Z</Time>
						<HeartRateBpm>
							<Value>128</Value>
						</HeartRateBpm>
					</Trackpoint>
					<Trackpoint>
						<Time>2569-06-06T16:30:21Z</Time>
						<HeartRateBpm>
							<Value>126</Value>
						</HeartRateBpm>
					</Trackpoint>
					<Trackpoint>
						<Time>2569-06-06T16:30:22Z</Time>
						<HeartRateBpm>
							<Value>126</Value>
						</HeartRateBpm>
					</Trackpoint>
					<Trackpoint>
						<Time>2569-06-06T16:30:23Z</Time>
						<HeartRateBpm>
							<Value>126</Value>
						</HeartRateBpm>
					</Trackpoint>
					<Trackpoint>
						<Time>2569-06-06T16:30:24Z</Time>
						<HeartRateBpm>
							<Value>125</Value>
						</HeartRateBpm>
					</Trackpoint>
					<Trackpoint>
						<Time>2569-06-06T16:30:25Z</Time>
						<HeartRateBpm>
							<Value>125</Value>
						</HeartRateBpm>
					</Trackpoint>
					<Trackpoint>
						<Time>2569-06-06T16:30:26Z</Time>
						<HeartRateBpm>
							<Value>124</Value>
						</HeartRateBpm>
					</Trackpoint>
					<Trackpoint>
						<Time>2569-06-06T16:30:27Z</Time>
						<HeartRateBpm>
							<Value>123</Value>
						</HeartRateBpm>
					</Trackpoint>
					<Trackpoint>
						<Time>2569-06-06T16:30:28Z</Time>
						<HeartRateBpm>
							<Value>122</Value>
						</HeartRateBpm>
					</Trackpoint>
					<Trackpoint>
						<Time>2569-06-06T16:30:29Z</Time>
						<HeartRateBpm>
							<Value>122</Value>
						</HeartRateBpm>
					</Trackpoint>
					<Trackpoint>
						<Time>2569-06-06T16:30:30Z</Time>
						<HeartRateBpm>
							<Value>122</Value>
						</HeartRateBpm>
					</Trackpoint>
					<Trackpoint>
						<Time>2569-06-06T16:30:31Z</Time>
						<HeartRateBpm>
							<Value>121</Value>
						</HeartRateBpm>
					</Trackpoint>
					<Trackpoint>
						<Time>2569-06-06T16:30:32Z</Time>
						<HeartRateBpm>
							<Value>120</Value>
						</HeartRateBpm>
					</Trackpoint>
					<Trackpoint>
						<Time>2569-06-06T16:30:33Z</Time>
						<HeartRateBpm>
							<Value>118</Value>
						</HeartRateBpm>
					</Trackpoint>
					<Trackpoint>
						<Time>2569-06-06T16:30:34Z</Time>
						<HeartRateBpm>
							<Value>120</Value>
						</HeartRateBpm>
					</Trackpoint>
					<Trackpoint>
						<Time>2569-06-06T16:30:35Z</Time>
						<HeartRateBpm>
							<Value>119</Value>
						</HeartRateBpm>
					</Trackpoint>
					<Trackpoint>
						<Time>2569-06-06T16:30:36Z</Time>
						<HeartRateBpm>
							<Value>119</Value>
						</HeartRateBpm>
					</Trackpoint>
					<Trackpoint>
						<Time>2569-06-06T16:30:37Z</Time>
						<HeartRateBpm>
							<Value>118</Value>
						</HeartRateBpm>
					</Trackpoint>
					<Trackpoint>
						<Time>2569-06-06T16:30:38Z</Time>
						<HeartRateBpm>
							<Value>116</Value>
						</HeartRateBpm>
					</Trackpoint>
					<Trackpoint>
						<Time>2569-06-06T16:30:39Z</Time>
						<HeartRateBpm>
							<Value>116</Value>
						</HeartRateBpm>
					</Trackpoint>
					<Trackpoint>
						<Time>2569-06-06T16:30:40Z</Time>
						<HeartRateBpm>
							<Value>116</Value>
						</HeartRateBpm>
					</Trackpoint>
					<Trackpoint>
						<Time>2569-06-06T16:30:41Z</Time>
						<HeartRateBpm>
							<Value>117</Value>
						</HeartRateBpm>
					</Trackpoint>
					<Trackpoint>
						<Time>2569-06-06T16:30:42Z</Time>
						<HeartRateBpm>
							<Value>118</Value>
						</HeartRateBpm>
					</Trackpoint>
					<Trackpoint>
						<Time>2569-06-06T16:30:43Z</Time>
						<HeartRateBpm>
							<Value>118</Value>
						</HeartRateBpm>
					</Trackpoint>
					<Trackpoint>
						<Time>2569-06-06T16:30:44Z</Time>
						<HeartRateBpm>
							<Value>118</Value>
						</HeartRateBpm>
					</Trackpoint>
					<Trackpoint>
						<Time>2569-06-06T16:30:45Z</Time>
						<HeartRateBpm>
							<Value>118</Value>
						</HeartRateBpm>
					</Trackpoint>
					<Trackpoint>
						<Time>2569-06-06T16:30:46Z</Time>
						<HeartRateBpm>
							<Value>118</Value>
						</HeartRateBpm>
					</Trackpoint>
					<Trackpoint>
						<Time>2569-06-06T16:30:47Z</Time>
						<HeartRateBpm>
							<Value>118</Value>
						</HeartRateBpm>
					</Trackpoint>
					<Trackpoint>
						<Time>2569-06-06T16:30:48Z</Time>
						<HeartRateBpm>
							<Value>118</Value>
						</HeartRateBpm>
					</Trackpoint>
					<Trackpoint>
						<Time>2569-06-06T16:30:49Z</Time>
						<HeartRateBpm>
							<Value>118</Value>
						</HeartRateBpm>
					</Trackpoint>
					<Trackpoint>
						<Time>2569-06-06T16:30:50Z</Time>
						<HeartRateBpm>
							<Value>118</Value>
						</HeartRateBpm>
					</Trackpoint>
					<Trackpoint>
						<Time>2569-06-06T16:30:51Z</Time>
						<HeartRateBpm>
							<Value>118</Value>
						</HeartRateBpm>
					</Trackpoint>
					<Trackpoint>
						<Time>2569-06-06T16:30:52Z</Time>
						<HeartRateBpm>
							<Value>117</Value>
						</HeartRateBpm>
					</Trackpoint>
					<Trackpoint>
						<Time>2569-06-06T16:30:53Z</Time>
						<HeartRateBpm>
							<Value>116</Value>
						</HeartRateBpm>
					</Trackpoint>
					<Trackpoint>
						<Time>2569-06-06T16:30:54Z</Time>
						<HeartRateBpm>
							<Value>116</Value>
						</HeartRateBpm>
					</Trackpoint>
					<Trackpoint>
						<Time>2569-06-06T16:30:55Z</Time>
						<HeartRateBpm>
							<Value>116</Value>
						</HeartRateBpm>
					</Trackpoint>
					<Trackpoint>
						<Time>2569-06-06T16:30:56Z</Time>
						<HeartRateBpm>
							<Value>115</Value>
						</HeartRateBpm>
					</Trackpoint>
					<Trackpoint>
						<Time>2569-06-06T16:30:57Z</Time>
						<HeartRateBpm>
							<Value>115</Value>
						</HeartRateBpm>
					</Trackpoint>
					<Trackpoint>
						<Time>2569-06-06T16:30:58Z</Time>
						<HeartRateBpm>
							<Value>115</Value>
						</HeartRateBpm>
					</Trackpoint>
					<Trackpoint>
						<Time>2569-06-06T16:30:59Z</Time>
						<HeartRateBpm>
							<Value>115</Value>
						</HeartRateBpm>
					</Trackpoint>
					<Trackpoint>
						<Time>2569-06-06T16:31:00Z</Time>
						<HeartRateBpm>
							<Value>115</Value>
						</HeartRateBpm>
					</Trackpoint>
					<Trackpoint>
						<Time>2569-06-06T16:31:01Z</Time>
						<HeartRateBpm>
							<Value>115</Value>
						</HeartRateBpm>
					</Trackpoint>
					<Trackpoint>
						<Time>2569-06-06T16:31:02Z</Time>
						<HeartRateBpm>
							<Value>116</Value>
						</HeartRateBpm>
					</Trackpoint>
					<Trackpoint>
						<Time>2569-06-06T16:31:03Z</Time>
						<HeartRateBpm>
							<Value>116</Value>
						</HeartRateBpm>
					</Trackpoint>
					<Trackpoint>
						<Time>2569-06-06T16:31:04Z</Time>
						<HeartRateBpm>
							<Value>116</Value>
						</HeartRateBpm>
					</Trackpoint>
					<Trackpoint>
						<Time>2569-06-06T16:31:05Z</Time>
						<HeartRateBpm>
							<Value>116</Value>
						</HeartRateBpm>
					</Trackpoint>
					<Trackpoint>
						<Time>2569-06-06T16:31:06Z</Time>
						<HeartRateBpm>
							<Value>117</Value>
						</HeartRateBpm>
					</Trackpoint>
					<Trackpoint>
						<Time>2569-06-06T16:31:07Z</Time>
						<HeartRateBpm>
							<Value>118</Value>
						</HeartRateBpm>
					</Trackpoint>
					<Trackpoint>
						<Time>2569-06-06T16:31:08Z</Time>
						<HeartRateBpm>
							<Value>118</Value>
						</HeartRateBpm>
					</Trackpoint>
					<Trackpoint>
						<Time>2569-06-06T16:31:09Z</Time>
						<HeartRateBpm>
							<Value>120</Value>
						</HeartRateBpm>
					</Trackpoint>
					<Trackpoint>
						<Time>2569-06-06T16:31:10Z</Time>
						<HeartRateBpm>
							<Value>120</Value>
						</HeartRateBpm>
					</Trackpoint>
					<Trackpoint>
						<Time>2569-06-06T16:31:11Z</Time>
						<HeartRateBpm>
							<Value>120</Value>
						</HeartRateBpm>
					</Trackpoint>
					<Trackpoint>
						<Time>2569-06-06T16:31:12Z</Time>
						<HeartRateBpm>
							<Value>120</Value>
						</HeartRateBpm>
					</Trackpoint>
					<Trackpoint>
						<Time>2569-06-06T16:31:13Z</Time>
						<HeartRateBpm>
							<Value>122</Value>
						</HeartRateBpm>
					</Trackpoint>
					<Trackpoint>
						<Time>2569-06-06T16:31:14Z</Time>
						<HeartRateBpm>
							<Value>122</Value>
						</HeartRateBpm>
					</Trackpoint>
					<Trackpoint>
						<Time>2569-06-06T16:31:15Z</Time>
						<HeartRateBpm>
							<Value>124</Value>
						</HeartRateBpm>
					</Trackpoint>
					<Trackpoint>
						<Time>2569-06-06T16:31:16Z</Time>
						<HeartRateBpm>
							<Value>124</Value>
						</HeartRateBpm>
					</Trackpoint>
					<Trackpoint>
						<Time>2569-06-06T16:31:17Z</Time>
						<HeartRateBpm>
							<Value>125</Value>
						</HeartRateBpm>
					</Trackpoint>
					<Trackpoint>
						<Time>2569-06-06T16:31:18Z</Time>
						<HeartRateBpm>
							<Value>127</Value>
						</HeartRateBpm>
					</Trackpoint>
					<Trackpoint>
						<Time>2569-06-06T16:31:19Z</Time>
						<HeartRateBpm>
							<Value>128</Value>
						</HeartRateBpm>
					</Trackpoint>
					<Trackpoint>
						<Time>2569-06-06T16:31:20Z</Time>
						<HeartRateBpm>
							<Value>129</Value>
						</HeartRateBpm>
					</Trackpoint>
					<Trackpoint>
						<Time>2569-06-06T16:31:21Z</Time>
						<HeartRateBpm>
							<Value>130</Value>
						</HeartRateBpm>
					</Trackpoint>
					<Trackpoint>
						<Time>2569-06-06T16:31:22Z</Time>
						<HeartRateBpm>
							<Value>130</Value>
						</HeartRateBpm>
					</Trackpoint>
					<Trackpoint>
						<Time>2569-06-06T16:31:23Z</Time>
						<HeartRateBpm>
							<Value>132</Value>
						</HeartRateBpm>
					</Trackpoint>
					<Trackpoint>
						<Time>2569-06-06T16:31:24Z</Time>
						<HeartRateBpm>
							<Value>133</Value>
						</HeartRateBpm>
					</Trackpoint>
					<Trackpoint>
						<Time>2569-06-06T16:31:25Z</Time>
						<HeartRateBpm>
							<Value>134</Value>
						</HeartRateBpm>
					</Trackpoint>
					<Trackpoint>
						<Time>2569-06-06T16:31:26Z</Time>
						<HeartRateBpm>
							<Value>135</Value>
						</HeartRateBpm>
					</Trackpoint>
					<Trackpoint>
						<Time>2569-06-06T16:31:27Z</Time>
						<HeartRateBpm>
							<Value>137</Value>
						</HeartRateBpm>
					</Trackpoint>
					<Trackpoint>
						<Time>2569-06-06T16:31:28Z</Time>
						<HeartRateBpm>
							<Value>138</Value>
						</HeartRateBpm>
					</Trackpoint>
					<Trackpoint>
						<Time>2569-06-06T16:31:29Z</Time>
						<HeartRateBpm>
							<Value>138</Value>
						</HeartRateBpm>
					</Trackpoint>
					<Trackpoint>
						<Time>2569-06-06T16:31:30Z</Time>
						<HeartRateBpm>
							<Value>140</Value>
						</HeartRateBpm>
					</Trackpoint>
					<Trackpoint>
						<Time>2569-06-06T16:31:31Z</Time>
						<HeartRateBpm>
							<Value>139</Value>
						</HeartRateBpm>
					</Trackpoint>
					<Trackpoint>
						<Time>2569-06-06T16:31:32Z</Time>
						<HeartRateBpm>
							<Value>140</Value>
						</HeartRateBpm>
					</Trackpoint>
					<Trackpoint>
						<Time>2569-06-06T16:31:33Z</Time>
						<HeartRateBpm>
							<Value>141</Value>
						</HeartRateBpm>
					</Trackpoint>
					<Trackpoint>
						<Time>2569-06-06T16:31:34Z</Time>
						<HeartRateBpm>
							<Value>143</Value>
						</HeartRateBpm>
					</Trackpoint>
					<Trackpoint>
						<Time>2569-06-06T16:31:35Z</Time>
						<HeartRateBpm>
							<Value>143</Value>
						</HeartRateBpm>
					</Trackpoint>
					<Trackpoint>
						<Time>2569-06-06T16:31:36Z</Time>
						<HeartRateBpm>
							<Value>144</Value>
						</HeartRateBpm>
					</Trackpoint>
					<Trackpoint>
						<Time>2569-06-06T16:31:37Z</Time>
						<HeartRateBpm>
							<Value>144</Value>
						</HeartRateBpm>
					</Trackpoint>
					<Trackpoint>
						<Time>2569-06-06T16:31:38Z</Time>
						<HeartRateBpm>
							<Value>144</Value>
						</HeartRateBpm>
					</Trackpoint>
					<Trackpoint>
						<Time>2569-06-06T16:31:39Z</Time>
						<HeartRateBpm>
							<Value>146</Value>
						</HeartRateBpm>
					</Trackpoint>
					<Trackpoint>
						<Time>2569-06-06T16:31:40Z</Time>
						<HeartRateBpm>
							<Value>146</Value>
						</HeartRateBpm>
					</Trackpoint>
					<Trackpoint>
						<Time>2569-06-06T16:31:41Z</Time>
						<HeartRateBpm>
							<Value>147</Value>
						</HeartRateBpm>
					</Trackpoint>
					<Trackpoint>
						<Time>2569-06-06T16:31:42Z</Time>
						<HeartRateBpm>
							<Value>149</Value>
						</HeartRateBpm>
					</Trackpoint>
					<Trackpoint>
						<Time>2569-06-06T16:31:43Z</Time>
						<HeartRateBpm>
							<Value>149</Value>
						</HeartRateBpm>
					</Trackpoint>
					<Trackpoint>
						<Time>2569-06-06T16:31:44Z</Time>
						<HeartRateBpm>
							<Value>148</Value>
						</HeartRateBpm>
					</Trackpoint>
					<Trackpoint>
						<Time>2569-06-06T16:31:45Z</Time>
						<HeartRateBpm>
							<Value>148</Value>
						</HeartRateBpm>
					</Trackpoint>
					<Trackpoint>
						<Time>2569-06-06T16:31:46Z</Time>
						<HeartRateBpm>
							<Value>149</Value>
						</HeartRateBpm>
					</Trackpoint>
					<Trackpoint>
						<Time>2569-06-06T16:31:47Z</Time>
						<HeartRateBpm>
							<Value>149</Value>
						</HeartRateBpm>
					</Trackpoint>
					<Trackpoint>
						<Time>2569-06-06T16:31:48Z</Time>
						<HeartRateBpm>
							<Value>150</Value>
						</HeartRateBpm>
					</Trackpoint>
					<Trackpoint>
						<Time>2569-06-06T16:31:49Z</Time>
						<HeartRateBpm>
							<Value>149</Value>
						</HeartRateBpm>
					</Trackpoint>
					<Trackpoint>
						<Time>2569-06-06T16:31:50Z</Time>
						<HeartRateBpm>
							<Value>149</Value>
						</HeartRateBpm>
					</Trackpoint>
					<Trackpoint>
						<Time>2569-06-06T16:31:51Z</Time>
						<HeartRateBpm>
							<Value>149</Value>
						</HeartRateBpm>
					</Trackpoint>
					<Trackpoint>
						<Time>2569-06-06T16:31:52Z</Time>
						<HeartRateBpm>
							<Value>150</Value>
						</HeartRateBpm>
					</Trackpoint>
					<Trackpoint>
						<Time>2569-06-06T16:31:53Z</Time>
						<HeartRateBpm>
							<Value>151</Value>
						</HeartRateBpm>
					</Trackpoint>
					<Trackpoint>
						<Time>2569-06-06T16:31:54Z</Time>
						<HeartRateBpm>
							<Value>151</Value>
						</HeartRateBpm>
					</Trackpoint>
					<Trackpoint>
						<Time>2569-06-06T16:31:55Z</Time>
						<HeartRateBpm>
							<Value>150</Value>
						</HeartRateBpm>
					</Trackpoint>
					<Trackpoint>
						<Time>2569-06-06T16:31:56Z</Time>
						<HeartRateBpm>
							<Value>150</Value>
						</HeartRateBpm>
					</Trackpoint>
					<Trackpoint>
						<Time>2569-06-06T16:31:57Z</Time>
						<HeartRateBpm>
							<Value>149</Value>
						</HeartRateBpm>
					</Trackpoint>
					<Trackpoint>
						<Time>2569-06-06T16:31:58Z</Time>
						<HeartRateBpm>
							<Value>148</Value>
						</HeartRateBpm>
					</Trackpoint>
					<Trackpoint>
						<Time>2569-06-06T16:31:59Z</Time>
						<HeartRateBpm>
							<Value>147</Value>
						</HeartRateBpm>
					</Trackpoint>
					<Trackpoint>
						<Time>2569-06-06T16:32:00Z</Time>
						<HeartRateBpm>
							<Value>148</Value>
						</HeartRateBpm>
					</Trackpoint>
					<Trackpoint>
						<Time>2569-06-06T16:32:01Z</Time>
						<HeartRateBpm>
							<Value>148</Value>
						</HeartRateBpm>
					</Trackpoint>
					<Trackpoint>
						<Time>2569-06-06T16:32:02Z</Time>
						<HeartRateBpm>
							<Value>148</Value>
						</HeartRateBpm>
					</Trackpoint>
					<Trackpoint>
						<Time>2569-06-06T16:32:03Z</Time>
						<HeartRateBpm>
							<Value>149</Value>
						</HeartRateBpm>
					</Trackpoint>
					<Trackpoint>
						<Time>2569-06-06T16:32:04Z</Time>
						<HeartRateBpm>
							<Value>151</Value>
						</HeartRateBpm>
					</Trackpoint>
					<Trackpoint>
						<Time>2569-06-06T16:32:05Z</Time>
						<HeartRateBpm>
							<Value>152</Value>
						</HeartRateBpm>
					</Trackpoint>
					<Trackpoint>
						<Time>2569-06-06T16:32:06Z</Time>
						<HeartRateBpm>
							<Value>154</Value>
						</HeartRateBpm>
					</Trackpoint>
					<Trackpoint>
						<Time>2569-06-06T16:32:07Z</Time>
						<HeartRateBpm>
							<Value>154</Value>
						</HeartRateBpm>
					</Trackpoint>
					<Trackpoint>
						<Time>2569-06-06T16:32:08Z</Time>
						<HeartRateBpm>
							<Value>155</Value>
						</HeartRateBpm>
					</Trackpoint>
					<Trackpoint>
						<Time>2569-06-06T16:32:09Z</Time>
						<HeartRateBpm>
							<Value>154</Value>
						</HeartRateBpm>
					</Trackpoint>
					<Trackpoint>
						<Time>2569-06-06T16:32:10Z</Time>
						<HeartRateBpm>
							<Value>153</Value>
						</HeartRateBpm>
					</Trackpoint>
					<Trackpoint>
						<Time>2569-06-06T16:32:11Z</Time>
						<HeartRateBpm>
							<Value>151</Value>
						</HeartRateBpm>
					</Trackpoint>
					<Trackpoint>
						<Time>2569-06-06T16:32:12Z</Time>
						<HeartRateBpm>
							<Value>153</Value>
						</HeartRateBpm>
					</Trackpoint>
					<Trackpoint>
						<Time>2569-06-06T16:32:13Z</Time>
						<HeartRateBpm>
							<Value>150</Value>
						</HeartRateBpm>
					</Trackpoint>
					<Trackpoint>
						<Time>2569-06-06T16:32:14Z</Time>
						<HeartRateBpm>
							<Value>150</Value>
						</HeartRateBpm>
					</Trackpoint>
					<Trackpoint>
						<Time>2569-06-06T16:32:15Z</Time>
						<HeartRateBpm>
							<Value>149</Value>
						</HeartRateBpm>
					</Trackpoint>
					<Trackpoint>
						<Time>2569-06-06T16:32:16Z</Time>
						<HeartRateBpm>
							<Value>147</Value>
						</HeartRateBpm>
					</Trackpoint>
					<Trackpoint>
						<Time>2569-06-06T16:32:17Z</Time>
						<HeartRateBpm>
							<Value>147</Value>
						</HeartRateBpm>
					</Trackpoint>
					<Trackpoint>
						<Time>2569-06-06T16:32:18Z</Time>
						<HeartRateBpm>
							<Value>147</Value>
						</HeartRateBpm>
					</Trackpoint>
					<Trackpoint>
						<Time>2569-06-06T16:32:19Z</Time>
						<HeartRateBpm>
							<Value>147</Value>
						</HeartRateBpm>
					</Trackpoint>
					<Trackpoint>
						<Time>2569-06-06T16:32:20Z</Time>
						<HeartRateBpm>
							<Value>146</Value>
						</HeartRateBpm>
					</Trackpoint>
					<Trackpoint>
						<Time>2569-06-06T16:32:21Z</Time>
						<HeartRateBpm>
							<Value>146</Value>
						</HeartRateBpm>
					</Trackpoint>
					<Trackpoint>
						<Time>2569-06-06T16:32:22Z</Time>
						<HeartRateBpm>
							<Value>146</Value>
						</HeartRateBpm>
					</Trackpoint>
					<Trackpoint>
						<Time>2569-06-06T16:32:23Z</Time>
						<HeartRateBpm>
							<Value>146</Value>
						</HeartRateBpm>
					</Trackpoint>
					<Trackpoint>
						<Time>2569-06-06T16:32:24Z</Time>
						<HeartRateBpm>
							<Value>146</Value>
						</HeartRateBpm>
					</Trackpoint>
					<Trackpoint>
						<Time>2569-06-06T16:32:25Z</Time>
						<HeartRateBpm>
							<Value>145</Value>
						</HeartRateBpm>
					</Trackpoint>
					<Trackpoint>
						<Time>2569-06-06T16:32:26Z</Time>
						<HeartRateBpm>
							<Value>146</Value>
						</HeartRateBpm>
					</Trackpoint>
					<Trackpoint>
						<Time>2569-06-06T16:32:27Z</Time>
						<HeartRateBpm>
							<Value>145</Value>
						</HeartRateBpm>
					</Trackpoint>
					<Trackpoint>
						<Time>2569-06-06T16:32:28Z</Time>
						<HeartRateBpm>
							<Value>145</Value>
						</HeartRateBpm>
					</Trackpoint>
					<Trackpoint>
						<Time>2569-06-06T16:32:29Z</Time>
						<HeartRateBpm>
							<Value>145</Value>
						</HeartRateBpm>
					</Trackpoint>
					<Trackpoint>
						<Time>2569-06-06T16:32:30Z</Time>
						<HeartRateBpm>
							<Value>144</Value>
						</HeartRateBpm>
					</Trackpoint>
					<Trackpoint>
						<Time>2569-06-06T16:32:31Z</Time>
						<HeartRateBpm>
							<Value>143</Value>
						</HeartRateBpm>
					</Trackpoint>
					<Trackpoint>
						<Time>2569-06-06T16:32:32Z</Time>
						<HeartRateBpm>
							<Value>143</Value>
						</HeartRateBpm>
					</Trackpoint>
					<Trackpoint>
						<Time>2569-06-06T16:32:33Z</Time>
						<HeartRateBpm>
							<Value>142</Value>
						</HeartRateBpm>
					</Trackpoint>
					<Trackpoint>
						<Time>2569-06-06T16:32:34Z</Time>
						<HeartRateBpm>
							<Value>141</Value>
						</HeartRateBpm>
					</Trackpoint>
					<Trackpoint>
						<Time>2569-06-06T16:32:35Z</Time>
						<HeartRateBpm>
							<Value>140</Value>
						</HeartRateBpm>
					</Trackpoint>
					<Trackpoint>
						<Time>2569-06-06T16:32:36Z</Time>
						<HeartRateBpm>
							<Value>139</Value>
						</HeartRateBpm>
					</Trackpoint>
					<Trackpoint>
						<Time>2569-06-06T16:32:37Z</Time>
						<HeartRateBpm>
							<Value>138</Value>
						</HeartRateBpm>
					</Trackpoint>
					<Trackpoint>
						<Time>2569-06-06T16:32:38Z</Time>
						<HeartRateBpm>
							<Value>137</Value>
						</HeartRateBpm>
					</Trackpoint>
					<Trackpoint>
						<Time>2569-06-06T16:32:39Z</Time>
						<HeartRateBpm>
							<Value>136</Value>
						</HeartRateBpm>
					</Trackpoint>
					<Trackpoint>
						<Time>2569-06-06T16:32:40Z</Time>
						<HeartRateBpm>
							<Value>136</Value>
						</HeartRateBpm>
					</Trackpoint>
					<Trackpoint>
						<Time>2569-06-06T16:32:41Z</Time>
						<HeartRateBpm>
							<Value>135</Value>
						</HeartRateBpm>
					</Trackpoint>
					<Trackpoint>
						<Time>2569-06-06T16:32:42Z</Time>
						<HeartRateBpm>
							<Value>135</Value>
						</HeartRateBpm>
					</Trackpoint>
					<Trackpoint>
						<Time>2569-06-06T16:32:43Z</Time>
						<HeartRateBpm>
							<Value>134</Value>
						</HeartRateBpm>
					</Trackpoint>
					<Trackpoint>
						<Time>2569-06-06T16:32:44Z</Time>
						<HeartRateBpm>
							<Value>134</Value>
						</HeartRateBpm>
					</Trackpoint>
					<Trackpoint>
						<Time>2569-06-06T16:32:45Z</Time>
						<HeartRateBpm>
							<Value>134</Value>
						</HeartRateBpm>
					</Trackpoint>
					<Trackpoint>
						<Time>2569-06-06T16:32:46Z</Time>
						<HeartRateBpm>
							<Value>133</Value>
						</HeartRateBpm>
					</Trackpoint>
					<Trackpoint>
						<Time>2569-06-06T16:32:47Z</Time>
						<HeartRateBpm>
							<Value>132</Value>
						</HeartRateBpm>
					</Trackpoint>
					<Trackpoint>
						<Time>2569-06-06T16:32:48Z</Time>
						<HeartRateBpm>
							<Value>130</Value>
						</HeartRateBpm>
					</Trackpoint>
					<Trackpoint>
						<Time>2569-06-06T16:32:49Z</Time>
						<HeartRateBpm>
							<Value>130</Value>
						</HeartRateBpm>
					</Trackpoint>
					<Trackpoint>
						<Time>2569-06-06T16:32:50Z</Time>
						<HeartRateBpm>
							<Value>131</Value>
						</HeartRateBpm>
					</Trackpoint>
					<Trackpoint>
						<Time>2569-06-06T16:32:51Z</Time>
						<HeartRateBpm>
							<Value>130</Value>
						</HeartRateBpm>
					</Trackpoint>
					<Trackpoint>
						<Time>2569-06-06T16:32:52Z</Time>
						<HeartRateBpm>
							<Value>130</Value>
						</HeartRateBpm>
					</Trackpoint>
					<Trackpoint>
						<Time>2569-06-06T16:32:53Z</Time>
						<HeartRateBpm>
							<Value>130</Value>
						</HeartRateBpm>
					</Trackpoint>
					<Trackpoint>
						<Time>2569-06-06T16:32:54Z</Time>
						<HeartRateBpm>
							<Value>130</Value>
						</HeartRateBpm>
					</Trackpoint>
					<Trackpoint>
						<Time>2569-06-06T16:32:55Z</Time>
						<HeartRateBpm>
							<Value>129</Value>
						</HeartRateBpm>
					</Trackpoint>
					<Trackpoint>
						<Time>2569-06-06T16:32:56Z</Time>
						<HeartRateBpm>
							<Value>129</Value>
						</HeartRateBpm>
					</Trackpoint>
					<Trackpoint>
						<Time>2569-06-06T16:32:57Z</Time>
						<HeartRateBpm>
							<Value>129</Value>
						</HeartRateBpm>
					</Trackpoint>
					<Trackpoint>
						<Time>2569-06-06T16:32:58Z</Time>
						<HeartRateBpm>
							<Value>128</Value>
						</HeartRateBpm>
					</Trackpoint>
					<Trackpoint>
						<Time>2569-06-06T16:32:59Z</Time>
						<HeartRateBpm>
							<Value>126</Value>
						</HeartRateBpm>
					</Trackpoint>
					<Trackpoint>
						<Time>2569-06-06T16:33:00Z</Time>
						<HeartRateBpm>
							<Value>124</Value>
						</HeartRateBpm>
					</Trackpoint>
					<Trackpoint>
						<Time>2569-06-06T16:33:01Z</Time>
						<HeartRateBpm>
							<Value>123</Value>
						</HeartRateBpm>
					</Trackpoint>
					<Trackpoint>
						<Time>2569-06-06T16:33:02Z</Time>
						<HeartRateBpm>
							<Value>122</Value>
						</HeartRateBpm>
					</Trackpoint>
					<Trackpoint>
						<Time>2569-06-06T16:33:03Z</Time>
						<HeartRateBpm>
							<Value>122</Value>
						</HeartRateBpm>
					</Trackpoint>
					<Trackpoint>
						<Time>2569-06-06T16:33:04Z</Time>
						<HeartRateBpm>
							<Value>121</Value>
						</HeartRateBpm>
					</Trackpoint>
					<Trackpoint>
						<Time>2569-06-06T16:33:05Z</Time>
						<HeartRateBpm>
							<Value>120</Value>
						</HeartRateBpm>
					</Trackpoint>
					<Trackpoint>
						<Time>2569-06-06T16:33:06Z</Time>
						<HeartRateBpm>
							<Value>121</Value>
						</HeartRateBpm>
					</Trackpoint>
					<Trackpoint>
						<Time>2569-06-06T16:33:07Z</Time>
						<HeartRateBpm>
							<Value>120</Value>
						</HeartRateBpm>
					</Trackpoint>
					<Trackpoint>
						<Time>2569-06-06T16:33:08Z</Time>
						<HeartRateBpm>
							<Value>120</Value>
						</HeartRateBpm>
					</Trackpoint>
					<Trackpoint>
						<Time>2569-06-06T16:33:09Z</Time>
						<HeartRateBpm>
							<Value>121</Value>
						</HeartRateBpm>
					</Trackpoint>
					<Trackpoint>
						<Time>2569-06-06T16:33:10Z</Time>
						<HeartRateBpm>
							<Value>120</Value>
						</HeartRateBpm>
					</Trackpoint>
					<Trackpoint>
						<Time>2569-06-06T16:33:11Z</Time>
						<HeartRateBpm>
							<Value>120</Value>
						</HeartRateBpm>
					</Trackpoint>
					<Trackpoint>
						<Time>2569-06-06T16:33:12Z</Time>
						<HeartRateBpm>
							<Value>119</Value>
						</HeartRateBpm>
					</Trackpoint>
					<Trackpoint>
						<Time>2569-06-06T16:33:13Z</Time>
						<HeartRateBpm>
							<Value>119</Value>
						</HeartRateBpm>
					</Trackpoint>
					<Trackpoint>
						<Time>2569-06-06T16:33:14Z</Time>
						<HeartRateBpm>
							<Value>118</Value>
						</HeartRateBpm>
					</Trackpoint>
					<Trackpoint>
						<Time>2569-06-06T16:33:15Z</Time>
						<HeartRateBpm>
							<Value>119</Value>
						</HeartRateBpm>
					</Trackpoint>
					<Trackpoint>
						<Time>2569-06-06T16:33:16Z</Time>
						<HeartRateBpm>
							<Value>119</Value>
						</HeartRateBpm>
					</Trackpoint>
					<Trackpoint>
						<Time>2569-06-06T16:33:17Z</Time>
						<HeartRateBpm>
							<Value>120</Value>
						</HeartRateBpm>
					</Trackpoint>
					<Trackpoint>
						<Time>2569-06-06T16:33:18Z</Time>
						<HeartRateBpm>
							<Value>121</Value>
						</HeartRateBpm>
					</Trackpoint>
					<Trackpoint>
						<Time>2569-06-06T16:33:19Z</Time>
						<HeartRateBpm>
							<Value>121</Value>
						</HeartRateBpm>
					</Trackpoint>
					<Trackpoint>
						<Time>2569-06-06T16:33:20Z</Time>
						<HeartRateBpm>
							<Value>121</Value>
						</HeartRateBpm>
					</Trackpoint>
					<Trackpoint>
						<Time>2569-06-06T16:33:21Z</Time>
						<HeartRateBpm>
							<Value>123</Value>
						</HeartRateBpm>
					</Trackpoint>
					<Trackpoint>
						<Time>2569-06-06T16:33:22Z</Time>
						<HeartRateBpm>
							<Value>123</Value>
						</HeartRateBpm>
					</Trackpoint>
					<Trackpoint>
						<Time>2569-06-06T16:33:23Z</Time>
						<HeartRateBpm>
							<Value>123</Value>
						</HeartRateBpm>
					</Trackpoint>
					<Trackpoint>
						<Time>2569-06-06T16:33:24Z</Time>
						<HeartRateBpm>
							<Value>124</Value>
						</HeartRateBpm>
					</Trackpoint>
					<Trackpoint>
						<Time>2569-06-06T16:33:25Z</Time>
						<HeartRateBpm>
							<Value>125</Value>
						</HeartRateBpm>
					</Trackpoint>
					<Trackpoint>
						<Time>2569-06-06T16:33:27Z</Time>
						<HeartRateBpm>
							<Value>126</Value>
						</HeartRateBpm>
					</Trackpoint>
					<Trackpoint>
						<Time>2569-06-06T16:33:28Z</Time>
						<HeartRateBpm>
							<Value>127</Value>
						</HeartRateBpm>
					</Trackpoint>
					<Trackpoint>
						<Time>2569-06-06T16:33:29Z</Time>
						<HeartRateBpm>
							<Value>128</Value>
						</HeartRateBpm>
					</Trackpoint>
					<Trackpoint>
						<Time>2569-06-06T16:33:30Z</Time>
						<HeartRateBpm>
							<Value>129</Value>
						</HeartRateBpm>
					</Trackpoint>
					<Trackpoint>
						<Time>2569-06-06T16:33:31Z</Time>
						<HeartRateBpm>
							<Value>130</Value>
						</HeartRateBpm>
					</Trackpoint>
					<Trackpoint>
						<Time>2569-06-06T16:33:32Z</Time>
						<HeartRateBpm>
							<Value>132</Value>
						</HeartRateBpm>
					</Trackpoint>
					<Trackpoint>
						<Time>2569-06-06T16:33:33Z</Time>
						<HeartRateBpm>
							<Value>133</Value>
						</HeartRateBpm>
					</Trackpoint>
					<Trackpoint>
						<Time>2569-06-06T16:33:34Z</Time>
						<HeartRateBpm>
							<Value>135</Value>
						</HeartRateBpm>
					</Trackpoint>
					<Trackpoint>
						<Time>2569-06-06T16:33:35Z</Time>
						<HeartRateBpm>
							<Value>136</Value>
						</HeartRateBpm>
					</Trackpoint>
					<Trackpoint>
						<Time>2569-06-06T16:33:36Z</Time>
						<HeartRateBpm>
							<Value>136</Value>
						</HeartRateBpm>
					</Trackpoint>
					<Trackpoint>
						<Time>2569-06-06T16:33:37Z</Time>
						<HeartRateBpm>
							<Value>134</Value>
						</HeartRateBpm>
					</Trackpoint>
					<Trackpoint>
						<Time>2569-06-06T16:33:38Z</Time>
						<HeartRateBpm>
							<Value>133</Value>
						</HeartRateBpm>
					</Trackpoint>
					<Trackpoint>
						<Time>2569-06-06T16:33:39Z</Time>
						<HeartRateBpm>
							<Value>134</Value>
						</HeartRateBpm>
					</Trackpoint>
					<Trackpoint>
						<Time>2569-06-06T16:33:40Z</Time>
						<HeartRateBpm>
							<Value>136</Value>
						</HeartRateBpm>
					</Trackpoint>
					<Trackpoint>
						<Time>2569-06-06T16:33:41Z</Time>
						<HeartRateBpm>
							<Value>135</Value>
						</HeartRateBpm>
					</Trackpoint>
					<Trackpoint>
						<Time>2569-06-06T16:33:42Z</Time>
						<HeartRateBpm>
							<Value>135</Value>
						</HeartRateBpm>
					</Trackpoint>
					<Trackpoint>
						<Time>2569-06-06T16:33:43Z</Time>
						<HeartRateBpm>
							<Value>136</Value>
						</HeartRateBpm>
					</Trackpoint>
					<Trackpoint>
						<Time>2569-06-06T16:33:44Z</Time>
						<HeartRateBpm>
							<Value>136</Value>
						</HeartRateBpm>
					</Trackpoint>
					<Trackpoint>
						<Time>2569-06-06T16:33:45Z</Time>
						<HeartRateBpm>
							<Value>137</Value>
						</HeartRateBpm>
					</Trackpoint>
					<Trackpoint>
						<Time>2569-06-06T16:33:46Z</Time>
						<HeartRateBpm>
							<Value>138</Value>
						</HeartRateBpm>
					</Trackpoint>
					<Trackpoint>
						<Time>2569-06-06T16:33:47Z</Time>
						<HeartRateBpm>
							<Value>137</Value>
						</HeartRateBpm>
					</Trackpoint>
					<Trackpoint>
						<Time>2569-06-06T16:33:48Z</Time>
						<HeartRateBpm>
							<Value>138</Value>
						</HeartRateBpm>
					</Trackpoint>
					<Trackpoint>
						<Time>2569-06-06T16:33:49Z</Time>
						<HeartRateBpm>
							<Value>138</Value>
						</HeartRateBpm>
					</Trackpoint>
					<Trackpoint>
						<Time>2569-06-06T16:33:50Z</Time>
						<HeartRateBpm>
							<Value>137</Value>
						</HeartRateBpm>
					</Trackpoint>
					<Trackpoint>
						<Time>2569-06-06T16:33:51Z</Time>
						<HeartRateBpm>
							<Value>137</Value>
						</HeartRateBpm>
					</Trackpoint>
					<Trackpoint>
						<Time>2569-06-06T16:33:52Z</Time>
						<HeartRateBpm>
							<Value>138</Value>
						</HeartRateBpm>
					</Trackpoint>
					<Trackpoint>
						<Time>2569-06-06T16:33:53Z</Time>
						<HeartRateBpm>
							<Value>139</Value>
						</HeartRateBpm>
					</Trackpoint>
					<Trackpoint>
						<Time>2569-06-06T16:33:54Z</Time>
						<HeartRateBpm>
							<Value>140</Value>
						</HeartRateBpm>
					</Trackpoint>
					<Trackpoint>
						<Time>2569-06-06T16:33:55Z</Time>
						<HeartRateBpm>
							<Value>141</Value>
						</HeartRateBpm>
					</Trackpoint>
					<Trackpoint>
						<Time>2569-06-06T16:33:56Z</Time>
						<HeartRateBpm>
							<Value>141</Value>
						</HeartRateBpm>
					</Trackpoint>
					<Trackpoint>
						<Time>2569-06-06T16:33:57Z</Time>
						<HeartRateBpm>
							<Value>140</Value>
						</HeartRateBpm>
					</Trackpoint>
					<Trackpoint>
						<Time>2569-06-06T16:33:58Z</Time>
						<HeartRateBpm>
							<Value>138</Value>
						</HeartRateBpm>
					</Trackpoint>
					<Trackpoint>
						<Time>2569-06-06T16:33:59Z</Time>
						<HeartRateBpm>
							<Value>140</Value>
						</HeartRateBpm>
					</Trackpoint>
					<Trackpoint>
						<Time>2569-06-06T16:34:00Z</Time>
						<HeartRateBpm>
							<Value>141</Value>
						</HeartRateBpm>
					</Trackpoint>
					<Trackpoint>
						<Time>2569-06-06T16:34:01Z</Time>
						<HeartRateBpm>
							<Value>142</Value>
						</HeartRateBpm>
					</Trackpoint>
					<Trackpoint>
						<Time>2569-06-06T16:34:01Z</Time>
						<HeartRateBpm>
							<Value>142</Value>
						</HeartRateBpm>
					</Trackpoint>
					<Trackpoint>
						<Time>2569-06-06T16:34:02Z</Time>
						<HeartRateBpm>
							<Value>142</Value>
						</HeartRateBpm>
					</Trackpoint>
					<Trackpoint>
						<Time>2569-06-06T16:34:03Z</Time>
						<HeartRateBpm>
							<Value>141</Value>
						</HeartRateBpm>
					</Trackpoint>
					<Trackpoint>
						<Time>2569-06-06T16:34:04Z</Time>
						<HeartRateBpm>
							<Value>142</Value>
						</HeartRateBpm>
					</Trackpoint>
					<Trackpoint>
						<Time>2569-06-06T16:34:05Z</Time>
						<HeartRateBpm>
							<Value>141</Value>
						</HeartRateBpm>
					</Trackpoint>
					<Trackpoint>
						<Time>2569-06-06T16:34:06Z</Time>
						<HeartRateBpm>
							<Value>142</Value>
						</HeartRateBpm>
					</Trackpoint>
					<Trackpoint>
						<Time>2569-06-06T16:34:07Z</Time>
						<HeartRateBpm>
							<Value>142</Value>
						</HeartRateBpm>
					</Trackpoint>
					<Trackpoint>
						<Time>2569-06-06T16:34:08Z</Time>
						<HeartRateBpm>
							<Value>140</Value>
						</HeartRateBpm>
					</Trackpoint>
					<Trackpoint>
						<Time>2569-06-06T16:34:09Z</Time>
						<HeartRateBpm>
							<Value>140</Value>
						</HeartRateBpm>
					</Trackpoint>
					<Trackpoint>
						<Time>2569-06-06T16:34:11Z</Time>
						<HeartRateBpm>
							<Value>142</Value>
						</HeartRateBpm>
					</Trackpoint>
					<Trackpoint>
						<Time>2569-06-06T16:34:12Z</Time>
						<HeartRateBpm>
							<Value>142</Value>
						</HeartRateBpm>
					</Trackpoint>
					<Trackpoint>
						<Time>2569-06-06T16:34:13Z</Time>
						<HeartRateBpm>
							<Value>143</Value>
						</HeartRateBpm>
					</Trackpoint>
					<Trackpoint>
						<Time>2569-06-06T16:34:14Z</Time>
						<HeartRateBpm>
							<Value>144</Value>
						</HeartRateBpm>
					</Trackpoint>
					<Trackpoint>
						<Time>2569-06-06T16:34:15Z</Time>
						<HeartRateBpm>
							<Value>142</Value>
						</HeartRateBpm>
					</Trackpoint>
					<Trackpoint>
						<Time>2569-06-06T16:34:16Z</Time>
						<HeartRateBpm>
							<Value>142</Value>
						</HeartRateBpm>
					</Trackpoint>
					<Trackpoint>
						<Time>2569-06-06T16:34:17Z</Time>
						<HeartRateBpm>
							<Value>143</Value>
						</HeartRateBpm>
					</Trackpoint>
					<Trackpoint>
						<Time>2569-06-06T16:34:18Z</Time>
						<HeartRateBpm>
							<Value>146</Value>
						</HeartRateBpm>
					</Trackpoint>
					<Trackpoint>
						<Time>2569-06-06T16:34:19Z</Time>
						<HeartRateBpm>
							<Value>146</Value>
						</HeartRateBpm>
					</Trackpoint>
					<Trackpoint>
						<Time>2569-06-06T16:34:20Z</Time>
						<HeartRateBpm>
							<Value>147</Value>
						</HeartRateBpm>
					</Trackpoint>
					<Trackpoint>
						<Time>2569-06-06T16:34:21Z</Time>
						<HeartRateBpm>
							<Value>149</Value>
						</HeartRateBpm>
					</Trackpoint>
					<Trackpoint>
						<Time>2569-06-06T16:34:22Z</Time>
						<HeartRateBpm>
							<Value>149</Value>
						</HeartRateBpm>
					</Trackpoint>
					<Trackpoint>
						<Time>2569-06-06T16:34:23Z</Time>
						<HeartRateBpm>
							<Value>151</Value>
						</HeartRateBpm>
					</Trackpoint>
					<Trackpoint>
						<Time>2569-06-06T16:34:24Z</Time>
						<HeartRateBpm>
							<Value>152</Value>
						</HeartRateBpm>
					</Trackpoint>
					<Trackpoint>
						<Time>2569-06-06T16:34:25Z</Time>
						<HeartRateBpm>
							<Value>149</Value>
						</HeartRateBpm>
					</Trackpoint>
					<Trackpoint>
						<Time>2569-06-06T16:34:26Z</Time>
						<HeartRateBpm>
							<Value>152</Value>
						</HeartRateBpm>
					</Trackpoint>
					<Trackpoint>
						<Time>2569-06-06T16:34:27Z</Time>
						<HeartRateBpm>
							<Value>154</Value>
						</HeartRateBpm>
					</Trackpoint>
					<Trackpoint>
						<Time>2569-06-06T16:34:28Z</Time>
						<HeartRateBpm>
							<Value>155</Value>
						</HeartRateBpm>
					</Trackpoint>
					<Trackpoint>
						<Time>2569-06-06T16:34:29Z</Time>
						<HeartRateBpm>
							<Value>155</Value>
						</HeartRateBpm>
					</Trackpoint>
					<Trackpoint>
						<Time>2569-06-06T16:34:30Z</Time>
						<HeartRateBpm>
							<Value>154</Value>
						</HeartRateBpm>
					</Trackpoint>
					<Trackpoint>
						<Time>2569-06-06T16:34:31Z</Time>
						<HeartRateBpm>
							<Value>151</Value>
						</HeartRateBpm>
					</Trackpoint>
					<Trackpoint>
						<Time>2569-06-06T16:34:32Z</Time>
						<HeartRateBpm>
							<Value>151</Value>
						</HeartRateBpm>
					</Trackpoint>
					<Trackpoint>
						<Time>2569-06-06T16:34:33Z</Time>
						<HeartRateBpm>
							<Value>148</Value>
						</HeartRateBpm>
					</Trackpoint>
					<Trackpoint>
						<Time>2569-06-06T16:34:34Z</Time>
						<HeartRateBpm>
							<Value>147</Value>
						</HeartRateBpm>
					</Trackpoint>
					<Trackpoint>
						<Time>2569-06-06T16:34:35Z</Time>
						<HeartRateBpm>
							<Value>145</Value>
						</HeartRateBpm>
					</Trackpoint>
					<Trackpoint>
						<Time>2569-06-06T16:34:36Z</Time>
						<HeartRateBpm>
							<Value>143</Value>
						</HeartRateBpm>
					</Trackpoint>
					<Trackpoint>
						<Time>2569-06-06T16:34:37Z</Time>
						<HeartRateBpm>
							<Value>143</Value>
						</HeartRateBpm>
					</Trackpoint>
					<Trackpoint>
						<Time>2569-06-06T16:34:38Z</Time>
						<HeartRateBpm>
							<Value>143</Value>
						</HeartRateBpm>
					</Trackpoint>
					<Trackpoint>
						<Time>2569-06-06T16:34:39Z</Time>
						<HeartRateBpm>
							<Value>143</Value>
						</HeartRateBpm>
					</Trackpoint>
					<Trackpoint>
						<Time>2569-06-06T16:34:40Z</Time>
						<HeartRateBpm>
							<Value>143</Value>
						</HeartRateBpm>
					</Trackpoint>
					<Trackpoint>
						<Time>2569-06-06T16:34:41Z</Time>
						<HeartRateBpm>
							<Value>142</Value>
						</HeartRateBpm>
					</Trackpoint>
					<Trackpoint>
						<Time>2569-06-06T16:34:42Z</Time>
						<HeartRateBpm>
							<Value>141</Value>
						</HeartRateBpm>
					</Trackpoint>
					<Trackpoint>
						<Time>2569-06-06T16:34:43Z</Time>
						<HeartRateBpm>
							<Value>141</Value>
						</HeartRateBpm>
					</Trackpoint>
					<Trackpoint>
						<Time>2569-06-06T16:34:44Z</Time>
						<HeartRateBpm>
							<Value>140</Value>
						</HeartRateBpm>
					</Trackpoint>
					<Trackpoint>
						<Time>2569-06-06T16:34:45Z</Time>
						<HeartRateBpm>
							<Value>139</Value>
						</HeartRateBpm>
					</Trackpoint>
					<Trackpoint>
						<Time>2569-06-06T16:34:46Z</Time>
						<HeartRateBpm>
							<Value>139</Value>
						</HeartRateBpm>
					</Trackpoint>
					<Trackpoint>
						<Time>2569-06-06T16:34:47Z</Time>
						<HeartRateBpm>
							<Value>139</Value>
						</HeartRateBpm>
					</Trackpoint>
					<Trackpoint>
						<Time>2569-06-06T16:34:48Z</Time>
						<HeartRateBpm>
							<Value>138</Value>
						</HeartRateBpm>
					</Trackpoint>
					<Trackpoint>
						<Time>2569-06-06T16:34:49Z</Time>
						<HeartRateBpm>
							<Value>139</Value>
						</HeartRateBpm>
					</Trackpoint>
					<Trackpoint>
						<Time>2569-06-06T16:34:50Z</Time>
						<HeartRateBpm>
							<Value>137</Value>
						</HeartRateBpm>
					</Trackpoint>
					<Trackpoint>
						<Time>2569-06-06T16:34:51Z</Time>
						<HeartRateBpm>
							<Value>135</Value>
						</HeartRateBpm>
					</Trackpoint>
					<Trackpoint>
						<Time>2569-06-06T16:34:52Z</Time>
						<HeartRateBpm>
							<Value>134</Value>
						</HeartRateBpm>
					</Trackpoint>
					<Trackpoint>
						<Time>2569-06-06T16:34:53Z</Time>
						<HeartRateBpm>
							<Value>133</Value>
						</HeartRateBpm>
					</Trackpoint>
					<Trackpoint>
						<Time>2569-06-06T16:34:54Z</Time>
						<HeartRateBpm>
							<Value>131</Value>
						</HeartRateBpm>
					</Trackpoint>
					<Trackpoint>
						<Time>2569-06-06T16:34:55Z</Time>
						<HeartRateBpm>
							<Value>130</Value>
						</HeartRateBpm>
					</Trackpoint>
					<Trackpoint>
						<Time>2569-06-06T16:34:56Z</Time>
						<HeartRateBpm>
							<Value>129</Value>
						</HeartRateBpm>
					</Trackpoint>
					<Trackpoint>
						<Time>2569-06-06T16:34:57Z</Time>
						<HeartRateBpm>
							<Value>128</Value>
						</HeartRateBpm>
					</Trackpoint>
					<Trackpoint>
						<Time>2569-06-06T16:34:58Z</Time>
						<HeartRateBpm>
							<Value>127</Value>
						</HeartRateBpm>
					</Trackpoint>
					<Trackpoint>
						<Time>2569-06-06T16:34:59Z</Time>
						<HeartRateBpm>
							<Value>126</Value>
						</HeartRateBpm>
					</Trackpoint>
					<Trackpoint>
						<Time>2569-06-06T16:35:00Z</Time>
						<HeartRateBpm>
							<Value>126</Value>
						</HeartRateBpm>
					</Trackpoint>
					<Trackpoint>
						<Time>2569-06-06T16:35:01Z</Time>
						<HeartRateBpm>
							<Value>126</Value>
						</HeartRateBpm>
					</Trackpoint>
					<Trackpoint>
						<Time>2569-06-06T16:35:02Z</Time>
						<HeartRateBpm>
							<Value>126</Value>
						</HeartRateBpm>
					</Trackpoint>
					<Trackpoint>
						<Time>2569-06-06T16:35:03Z</Time>
						<HeartRateBpm>
							<Value>126</Value>
						</HeartRateBpm>
					</Trackpoint>
					<Trackpoint>
						<Time>2569-06-06T16:35:04Z</Time>
						<HeartRateBpm>
							<Value>126</Value>
						</HeartRateBpm>
					</Trackpoint>
					<Trackpoint>
						<Time>2569-06-06T16:35:05Z</Time>
						<HeartRateBpm>
							<Value>125</Value>
						</HeartRateBpm>
					</Trackpoint>
					<Trackpoint>
						<Time>2569-06-06T16:35:06Z</Time>
						<HeartRateBpm>
							<Value>124</Value>
						</HeartRateBpm>
					</Trackpoint>
					<Trackpoint>
						<Time>2569-06-06T16:35:07Z</Time>
						<HeartRateBpm>
							<Value>123</Value>
						</HeartRateBpm>
					</Trackpoint>
					<Trackpoint>
						<Time>2569-06-06T16:35:08Z</Time>
						<HeartRateBpm>
							<Value>121</Value>
						</HeartRateBpm>
					</Trackpoint>
					<Trackpoint>
						<Time>2569-06-06T16:35:09Z</Time>
						<HeartRateBpm>
							<Value>120</Value>
						</HeartRateBpm>
					</Trackpoint>
					<Trackpoint>
						<Time>2569-06-06T16:35:10Z</Time>
						<HeartRateBpm>
							<Value>119</Value>
						</HeartRateBpm>
					</Trackpoint>
					<Trackpoint>
						<Time>2569-06-06T16:35:11Z</Time>
						<HeartRateBpm>
							<Value>119</Value>
						</HeartRateBpm>
					</Trackpoint>
					<Trackpoint>
						<Time>2569-06-06T16:35:12Z</Time>
						<HeartRateBpm>
							<Value>119</Value>
						</HeartRateBpm>
					</Trackpoint>
					<Trackpoint>
						<Time>2569-06-06T16:35:13Z</Time>
						<HeartRateBpm>
							<Value>118</Value>
						</HeartRateBpm>
					</Trackpoint>
					<Trackpoint>
						<Time>2569-06-06T16:35:14Z</Time>
						<HeartRateBpm>
							<Value>117</Value>
						</HeartRateBpm>
					</Trackpoint>
					<Trackpoint>
						<Time>2569-06-06T16:35:15Z</Time>
						<HeartRateBpm>
							<Value>117</Value>
						</HeartRateBpm>
					</Trackpoint>
					<Trackpoint>
						<Time>2569-06-06T16:35:16Z</Time>
						<HeartRateBpm>
							<Value>117</Value>
						</HeartRateBpm>
					</Trackpoint>
					<Trackpoint>
						<Time>2569-06-06T16:35:17Z</Time>
						<HeartRateBpm>
							<Value>118</Value>
						</HeartRateBpm>
					</Trackpoint>
					<Trackpoint>
						<Time>2569-06-06T16:35:18Z</Time>
						<HeartRateBpm>
							<Value>118</Value>
						</HeartRateBpm>
					</Trackpoint>
					<Trackpoint>
						<Time>2569-06-06T16:35:19Z</Time>
						<HeartRateBpm>
							<Value>119</Value>
						</HeartRateBpm>
					</Trackpoint>
					<Trackpoint>
						<Time>2569-06-06T16:35:20Z</Time>
						<HeartRateBpm>
							<Value>119</Value>
						</HeartRateBpm>
					</Trackpoint>
					<Trackpoint>
						<Time>2569-06-06T16:35:21Z</Time>
						<HeartRateBpm>
							<Value>119</Value>
						</HeartRateBpm>
					</Trackpoint>
					<Trackpoint>
						<Time>2569-06-06T16:35:22Z</Time>
						<HeartRateBpm>
							<Value>119</Value>
						</HeartRateBpm>
					</Trackpoint>
					<Trackpoint>
						<Time>2569-06-06T16:35:23Z</Time>
						<HeartRateBpm>
							<Value>118</Value>
						</HeartRateBpm>
					</Trackpoint>
					<Trackpoint>
						<Time>2569-06-06T16:35:24Z</Time>
						<HeartRateBpm>
							<Value>118</Value>
						</HeartRateBpm>
					</Trackpoint>
					<Trackpoint>
						<Time>2569-06-06T16:35:25Z</Time>
						<HeartRateBpm>
							<Value>118</Value>
						</HeartRateBpm>
					</Trackpoint>
					<Trackpoint>
						<Time>2569-06-06T16:35:26Z</Time>
						<HeartRateBpm>
							<Value>117</Value>
						</HeartRateBpm>
					</Trackpoint>
					<Trackpoint>
						<Time>2569-06-06T16:35:27Z</Time>
						<HeartRateBpm>
							<Value>117</Value>
						</HeartRateBpm>
					</Trackpoint>
					<Trackpoint>
						<Time>2569-06-06T16:35:28Z</Time>
						<HeartRateBpm>
							<Value>117</Value>
						</HeartRateBpm>
					</Trackpoint>
					<Trackpoint>
						<Time>2569-06-06T16:35:29Z</Time>
						<HeartRateBpm>
							<Value>117</Value>
						</HeartRateBpm>
					</Trackpoint>
					<Trackpoint>
						<Time>2569-06-06T16:35:30Z</Time>
						<HeartRateBpm>
							<Value>117</Value>
						</HeartRateBpm>
					</Trackpoint>
					<Trackpoint>
						<Time>2569-06-06T16:35:31Z</Time>
						<HeartRateBpm>
							<Value>117</Value>
						</HeartRateBpm>
					</Trackpoint>
					<Trackpoint>
						<Time>2569-06-06T16:35:32Z</Time>
						<HeartRateBpm>
							<Value>118</Value>
						</HeartRateBpm>
					</Trackpoint>
					<Trackpoint>
						<Time>2569-06-06T16:35:33Z</Time>
						<HeartRateBpm>
							<Value>119</Value>
						</HeartRateBpm>
					</Trackpoint>
					<Trackpoint>
						<Time>2569-06-06T16:35:34Z</Time>
						<HeartRateBpm>
							<Value>120</Value>
						</HeartRateBpm>
					</Trackpoint>
					<Trackpoint>
						<Time>2569-06-06T16:35:35Z</Time>
						<HeartRateBpm>
							<Value>120</Value>
						</HeartRateBpm>
					</Trackpoint>
					<Trackpoint>
						<Time>2569-06-06T16:35:36Z</Time>
						<HeartRateBpm>
							<Value>121</Value>
						</HeartRateBpm>
					</Trackpoint>
					<Trackpoint>
						<Time>2569-06-06T16:35:37Z</Time>
						<HeartRateBpm>
							<Value>122</Value>
						</HeartRateBpm>
					</Trackpoint>
					<Trackpoint>
						<Time>2569-06-06T16:35:38Z</Time>
						<HeartRateBpm>
							<Value>123</Value>
						</HeartRateBpm>
					</Trackpoint>
					<Trackpoint>
						<Time>2569-06-06T16:35:39Z</Time>
						<HeartRateBpm>
							<Value>125</Value>
						</HeartRateBpm>
					</Trackpoint>
					<Trackpoint>
						<Time>2569-06-06T16:35:40Z</Time>
						<HeartRateBpm>
							<Value>126</Value>
						</HeartRateBpm>
					</Trackpoint>
					<Trackpoint>
						<Time>2569-06-06T16:35:41Z</Time>
						<HeartRateBpm>
							<Value>127</Value>
						</HeartRateBpm>
					</Trackpoint>
					<Trackpoint>
						<Time>2569-06-06T16:35:42Z</Time>
						<HeartRateBpm>
							<Value>128</Value>
						</HeartRateBpm>
					</Trackpoint>
					<Trackpoint>
						<Time>2569-06-06T16:35:43Z</Time>
						<HeartRateBpm>
							<Value>129</Value>
						</HeartRateBpm>
					</Trackpoint>
					<Trackpoint>
						<Time>2569-06-06T16:35:44Z</Time>
						<HeartRateBpm>
							<Value>129</Value>
						</HeartRateBpm>
					</Trackpoint>
					<Trackpoint>
						<Time>2569-06-06T16:35:45Z</Time>
						<HeartRateBpm>
							<Value>129</Value>
						</HeartRateBpm>
					</Trackpoint>
					<Trackpoint>
						<Time>2569-06-06T16:35:46Z</Time>
						<HeartRateBpm>
							<Value>130</Value>
						</HeartRateBpm>
					</Trackpoint>
					<Trackpoint>
						<Time>2569-06-06T16:35:47Z</Time>
						<HeartRateBpm>
							<Value>130</Value>
						</HeartRateBpm>
					</Trackpoint>
					<Trackpoint>
						<Time>2569-06-06T16:35:48Z</Time>
						<HeartRateBpm>
							<Value>131</Value>
						</HeartRateBpm>
					</Trackpoint>
					<Trackpoint>
						<Time>2569-06-06T16:35:49Z</Time>
						<HeartRateBpm>
							<Value>133</Value>
						</HeartRateBpm>
					</Trackpoint>
					<Trackpoint>
						<Time>2569-06-06T16:35:50Z</Time>
						<HeartRateBpm>
							<Value>134</Value>
						</HeartRateBpm>
					</Trackpoint>
					<Trackpoint>
						<Time>2569-06-06T16:35:51Z</Time>
						<HeartRateBpm>
							<Value>136</Value>
						</HeartRateBpm>
					</Trackpoint>
					<Trackpoint>
						<Time>2569-06-06T16:35:52Z</Time>
						<HeartRateBpm>
							<Value>138</Value>
						</HeartRateBpm>
					</Trackpoint>
					<Trackpoint>
						<Time>2569-06-06T16:35:53Z</Time>
						<HeartRateBpm>
							<Value>139</Value>
						</HeartRateBpm>
					</Trackpoint>
					<Trackpoint>
						<Time>2569-06-06T16:35:54Z</Time>
						<HeartRateBpm>
							<Value>138</Value>
						</HeartRateBpm>
					</Trackpoint>
					<Trackpoint>
						<Time>2569-06-06T16:35:55Z</Time>
						<HeartRateBpm>
							<Value>139</Value>
						</HeartRateBpm>
					</Trackpoint>
					<Trackpoint>
						<Time>2569-06-06T16:35:56Z</Time>
						<HeartRateBpm>
							<Value>138</Value>
						</HeartRateBpm>
					</Trackpoint>
					<Trackpoint>
						<Time>2569-06-06T16:35:57Z</Time>
						<HeartRateBpm>
							<Value>138</Value>
						</HeartRateBpm>
					</Trackpoint>
					<Trackpoint>
						<Time>2569-06-06T16:35:58Z</Time>
						<HeartRateBpm>
							<Value>138</Value>
						</HeartRateBpm>
					</Trackpoint>
					<Trackpoint>
						<Time>2569-06-06T16:35:59Z</Time>
						<HeartRateBpm>
							<Value>139</Value>
						</HeartRateBpm>
					</Trackpoint>
					<Trackpoint>
						<Time>2569-06-06T16:36:00Z</Time>
						<HeartRateBpm>
							<Value>140</Value>
						</HeartRateBpm>
					</Trackpoint>
					<Trackpoint>
						<Time>2569-06-06T16:36:01Z</Time>
						<HeartRateBpm>
							<Value>141</Value>
						</HeartRateBpm>
					</Trackpoint>
					<Trackpoint>
						<Time>2569-06-06T16:36:02Z</Time>
						<HeartRateBpm>
							<Value>141</Value>
						</HeartRateBpm>
					</Trackpoint>
					<Trackpoint>
						<Time>2569-06-06T16:36:03Z</Time>
						<HeartRateBpm>
							<Value>141</Value>
						</HeartRateBpm>
					</Trackpoint>
					<Trackpoint>
						<Time>2569-06-06T16:36:04Z</Time>
						<HeartRateBpm>
							<Value>142</Value>
						</HeartRateBpm>
					</Trackpoint>
					<Trackpoint>
						<Time>2569-06-06T16:36:05Z</Time>
						<HeartRateBpm>
							<Value>142</Value>
						</HeartRateBpm>
					</Trackpoint>
					<Trackpoint>
						<Time>2569-06-06T16:36:06Z</Time>
						<HeartRateBpm>
							<Value>141</Value>
						</HeartRateBpm>
					</Trackpoint>
					<Trackpoint>
						<Time>2569-06-06T16:36:07Z</Time>
						<HeartRateBpm>
							<Value>142</Value>
						</HeartRateBpm>
					</Trackpoint>
					<Trackpoint>
						<Time>2569-06-06T16:36:08Z</Time>
						<HeartRateBpm>
							<Value>143</Value>
						</HeartRateBpm>
					</Trackpoint>
					<Trackpoint>
						<Time>2569-06-06T16:36:09Z</Time>
						<HeartRateBpm>
							<Value>143</Value>
						</HeartRateBpm>
					</Trackpoint>
					<Trackpoint>
						<Time>2569-06-06T16:36:10Z</Time>
						<HeartRateBpm>
							<Value>143</Value>
						</HeartRateBpm>
					</Trackpoint>
					<Trackpoint>
						<Time>2569-06-06T16:36:11Z</Time>
						<HeartRateBpm>
							<Value>141</Value>
						</HeartRateBpm>
					</Trackpoint>
					<Trackpoint>
						<Time>2569-06-06T16:36:12Z</Time>
						<HeartRateBpm>
							<Value>143</Value>
						</HeartRateBpm>
					</Trackpoint>
					<Trackpoint>
						<Time>2569-06-06T16:36:13Z</Time>
						<HeartRateBpm>
							<Value>144</Value>
						</HeartRateBpm>
					</Trackpoint>
					<Trackpoint>
						<Time>2569-06-06T16:36:14Z</Time>
						<HeartRateBpm>
							<Value>144</Value>
						</HeartRateBpm>
					</Trackpoint>
					<Trackpoint>
						<Time>2569-06-06T16:36:15Z</Time>
						<HeartRateBpm>
							<Value>144</Value>
						</HeartRateBpm>
					</Trackpoint>
					<Trackpoint>
						<Time>2569-06-06T16:36:16Z</Time>
						<HeartRateBpm>
							<Value>144</Value>
						</HeartRateBpm>
					</Trackpoint>
					<Trackpoint>
						<Time>2569-06-06T16:36:17Z</Time>
						<HeartRateBpm>
							<Value>144</Value>
						</HeartRateBpm>
					</Trackpoint>
					<Trackpoint>
						<Time>2569-06-06T16:36:18Z</Time>
						<HeartRateBpm>
							<Value>145</Value>
						</HeartRateBpm>
					</Trackpoint>
					<Trackpoint>
						<Time>2569-06-06T16:36:19Z</Time>
						<HeartRateBpm>
							<Value>145</Value>
						</HeartRateBpm>
					</Trackpoint>
					<Trackpoint>
						<Time>2569-06-06T16:36:20Z</Time>
						<HeartRateBpm>
							<Value>145</Value>
						</HeartRateBpm>
					</Trackpoint>
					<Trackpoint>
						<Time>2569-06-06T16:36:21Z</Time>
						<HeartRateBpm>
							<Value>144</Value>
						</HeartRateBpm>
					</Trackpoint>
					<Trackpoint>
						<Time>2569-06-06T16:36:22Z</Time>
						<HeartRateBpm>
							<Value>146</Value>
						</HeartRateBpm>
					</Trackpoint>
					<Trackpoint>
						<Time>2569-06-06T16:36:23Z</Time>
						<HeartRateBpm>
							<Value>148</Value>
						</HeartRateBpm>
					</Trackpoint>
					<Trackpoint>
						<Time>2569-06-06T16:36:24Z</Time>
						<HeartRateBpm>
							<Value>148</Value>
						</HeartRateBpm>
					</Trackpoint>
					<Trackpoint>
						<Time>2569-06-06T16:36:25Z</Time>
						<HeartRateBpm>
							<Value>147</Value>
						</HeartRateBpm>
					</Trackpoint>
					<Trackpoint>
						<Time>2569-06-06T16:36:26Z</Time>
						<HeartRateBpm>
							<Value>145</Value>
						</HeartRateBpm>
					</Trackpoint>
					<Trackpoint>
						<Time>2569-06-06T16:36:27Z</Time>
						<HeartRateBpm>
							<Value>145</Value>
						</HeartRateBpm>
					</Trackpoint>
					<Trackpoint>
						<Time>2569-06-06T16:36:28Z</Time>
						<HeartRateBpm>
							<Value>145</Value>
						</HeartRateBpm>
					</Trackpoint>
					<Trackpoint>
						<Time>2569-06-06T16:36:29Z</Time>
						<HeartRateBpm>
							<Value>146</Value>
						</HeartRateBpm>
					</Trackpoint>
					<Trackpoint>
						<Time>2569-06-06T16:36:30Z</Time>
						<HeartRateBpm>
							<Value>146</Value>
						</HeartRateBpm>
					</Trackpoint>
					<Trackpoint>
						<Time>2569-06-06T16:36:31Z</Time>
						<HeartRateBpm>
							<Value>149</Value>
						</HeartRateBpm>
					</Trackpoint>
					<Trackpoint>
						<Time>2569-06-06T16:36:32Z</Time>
						<HeartRateBpm>
							<Value>149</Value>
						</HeartRateBpm>
					</Trackpoint>
					<Trackpoint>
						<Time>2569-06-06T16:36:33Z</Time>
						<HeartRateBpm>
							<Value>152</Value>
						</HeartRateBpm>
					</Trackpoint>
					<Trackpoint>
						<Time>2569-06-06T16:36:34Z</Time>
						<HeartRateBpm>
							<Value>153</Value>
						</HeartRateBpm>
					</Trackpoint>
					<Trackpoint>
						<Time>2569-06-06T16:36:35Z</Time>
						<HeartRateBpm>
							<Value>151</Value>
						</HeartRateBpm>
					</Trackpoint>
					<Trackpoint>
						<Time>2569-06-06T16:36:36Z</Time>
						<HeartRateBpm>
							<Value>154</Value>
						</HeartRateBpm>
					</Trackpoint>
					<Trackpoint>
						<Time>2569-06-06T16:36:37Z</Time>
						<HeartRateBpm>
							<Value>151</Value>
						</HeartRateBpm>
					</Trackpoint>
					<Trackpoint>
						<Time>2569-06-06T16:36:38Z</Time>
						<HeartRateBpm>
							<Value>152</Value>
						</HeartRateBpm>
					</Trackpoint>
					<Trackpoint>
						<Time>2569-06-06T16:36:39Z</Time>
						<HeartRateBpm>
							<Value>152</Value>
						</HeartRateBpm>
					</Trackpoint>
					<Trackpoint>
						<Time>2569-06-06T16:36:40Z</Time>
						<HeartRateBpm>
							<Value>154</Value>
						</HeartRateBpm>
					</Trackpoint>
					<Trackpoint>
						<Time>2569-06-06T16:36:41Z</Time>
						<HeartRateBpm>
							<Value>154</Value>
						</HeartRateBpm>
					</Trackpoint>
					<Trackpoint>
						<Time>2569-06-06T16:36:42Z</Time>
						<HeartRateBpm>
							<Value>153</Value>
						</HeartRateBpm>
					</Trackpoint>
					<Trackpoint>
						<Time>2569-06-06T16:36:43Z</Time>
						<HeartRateBpm>
							<Value>153</Value>
						</HeartRateBpm>
					</Trackpoint>
					<Trackpoint>
						<Time>2569-06-06T16:36:44Z</Time>
						<HeartRateBpm>
							<Value>151</Value>
						</HeartRateBpm>
					</Trackpoint>
					<Trackpoint>
						<Time>2569-06-06T16:36:45Z</Time>
						<HeartRateBpm>
							<Value>152</Value>
						</HeartRateBpm>
					</Trackpoint>
					<Trackpoint>
						<Time>2569-06-06T16:36:45Z</Time>
						<HeartRateBpm>
							<Value>152</Value>
						</HeartRateBpm>
					</Trackpoint>
					<Trackpoint>
						<Time>2569-06-06T16:36:46Z</Time>
						<HeartRateBpm>
							<Value>151</Value>
						</HeartRateBpm>
					</Trackpoint>
					<Trackpoint>
						<Time>2569-06-06T16:36:47Z</Time>
						<HeartRateBpm>
							<Value>151</Value>
						</HeartRateBpm>
					</Trackpoint>
					<Trackpoint>
						<Time>2569-06-06T16:36:49Z</Time>
						<HeartRateBpm>
							<Value>149</Value>
						</HeartRateBpm>
					</Trackpoint>
					<Trackpoint>
						<Time>2569-06-06T16:36:50Z</Time>
						<HeartRateBpm>
							<Value>147</Value>
						</HeartRateBpm>
					</Trackpoint>
					<Trackpoint>
						<Time>2569-06-06T16:36:51Z</Time>
						<HeartRateBpm>
							<Value>146</Value>
						</HeartRateBpm>
					</Trackpoint>
					<Trackpoint>
						<Time>2569-06-06T16:36:52Z</Time>
						<HeartRateBpm>
							<Value>145</Value>
						</HeartRateBpm>
					</Trackpoint>
					<Trackpoint>
						<Time>2569-06-06T16:36:53Z</Time>
						<HeartRateBpm>
							<Value>145</Value>
						</HeartRateBpm>
					</Trackpoint>
					<Trackpoint>
						<Time>2569-06-06T16:36:54Z</Time>
						<HeartRateBpm>
							<Value>144</Value>
						</HeartRateBpm>
					</Trackpoint>
					<Trackpoint>
						<Time>2569-06-06T16:36:55Z</Time>
						<HeartRateBpm>
							<Value>144</Value>
						</HeartRateBpm>
					</Trackpoint>
					<Trackpoint>
						<Time>2569-06-06T16:36:56Z</Time>
						<HeartRateBpm>
							<Value>143</Value>
						</HeartRateBpm>
					</Trackpoint>
					<Trackpoint>
						<Time>2569-06-06T16:36:57Z</Time>
						<HeartRateBpm>
							<Value>143</Value>
						</HeartRateBpm>
					</Trackpoint>
					<Trackpoint>
						<Time>2569-06-06T16:36:58Z</Time>
						<HeartRateBpm>
							<Value>142</Value>
						</HeartRateBpm>
					</Trackpoint>
					<Trackpoint>
						<Time>2569-06-06T16:36:59Z</Time>
						<HeartRateBpm>
							<Value>141</Value>
						</HeartRateBpm>
					</Trackpoint>
					<Trackpoint>
						<Time>2569-06-06T16:37:00Z</Time>
						<HeartRateBpm>
							<Value>140</Value>
						</HeartRateBpm>
					</Trackpoint>
					<Trackpoint>
						<Time>2569-06-06T16:37:01Z</Time>
						<HeartRateBpm>
							<Value>140</Value>
						</HeartRateBpm>
					</Trackpoint>
					<Trackpoint>
						<Time>2569-06-06T16:37:02Z</Time>
						<HeartRateBpm>
							<Value>138</Value>
						</HeartRateBpm>
					</Trackpoint>
					<Trackpoint>
						<Time>2569-06-06T16:37:03Z</Time>
						<HeartRateBpm>
							<Value>136</Value>
						</HeartRateBpm>
					</Trackpoint>
					<Trackpoint>
						<Time>2569-06-06T16:37:04Z</Time>
						<HeartRateBpm>
							<Value>135</Value>
						</HeartRateBpm>
					</Trackpoint>
					<Trackpoint>
						<Time>2569-06-06T16:37:05Z</Time>
						<HeartRateBpm>
							<Value>134</Value>
						</HeartRateBpm>
					</Trackpoint>
					<Trackpoint>
						<Time>2569-06-06T16:37:06Z</Time>
						<HeartRateBpm>
							<Value>133</Value>
						</HeartRateBpm>
					</Trackpoint>
					<Trackpoint>
						<Time>2569-06-06T16:37:07Z</Time>
						<HeartRateBpm>
							<Value>132</Value>
						</HeartRateBpm>
					</Trackpoint>
					<Trackpoint>
						<Time>2569-06-06T16:37:08Z</Time>
						<HeartRateBpm>
							<Value>132</Value>
						</HeartRateBpm>
					</Trackpoint>
					<Trackpoint>
						<Time>2569-06-06T16:37:09Z</Time>
						<HeartRateBpm>
							<Value>132</Value>
						</HeartRateBpm>
					</Trackpoint>
					<Trackpoint>
						<Time>2569-06-06T16:37:10Z</Time>
						<HeartRateBpm>
							<Value>133</Value>
						</HeartRateBpm>
					</Trackpoint>
					<Trackpoint>
						<Time>2569-06-06T16:37:11Z</Time>
						<HeartRateBpm>
							<Value>131</Value>
						</HeartRateBpm>
					</Trackpoint>
					<Trackpoint>
						<Time>2569-06-06T16:37:12Z</Time>
						<HeartRateBpm>
							<Value>130</Value>
						</HeartRateBpm>
					</Trackpoint>
					<Trackpoint>
						<Time>2569-06-06T16:37:13Z</Time>
						<HeartRateBpm>
							<Value>129</Value>
						</HeartRateBpm>
					</Trackpoint>
					<Trackpoint>
						<Time>2569-06-06T16:37:14Z</Time>
						<HeartRateBpm>
							<Value>127</Value>
						</HeartRateBpm>
					</Trackpoint>
					<Trackpoint>
						<Time>2569-06-06T16:37:15Z</Time>
						<HeartRateBpm>
							<Value>126</Value>
						</HeartRateBpm>
					</Trackpoint>
					<Trackpoint>
						<Time>2569-06-06T16:37:16Z</Time>
						<HeartRateBpm>
							<Value>124</Value>
						</HeartRateBpm>
					</Trackpoint>
					<Trackpoint>
						<Time>2569-06-06T16:37:17Z</Time>
						<HeartRateBpm>
							<Value>123</Value>
						</HeartRateBpm>
					</Trackpoint>
					<Trackpoint>
						<Time>2569-06-06T16:37:19Z</Time>
						<HeartRateBpm>
							<Value>123</Value>
						</HeartRateBpm>
					</Trackpoint>
					<Trackpoint>
						<Time>2569-06-06T16:37:20Z</Time>
						<HeartRateBpm>
							<Value>124</Value>
						</HeartRateBpm>
					</Trackpoint>
					<Trackpoint>
						<Time>2569-06-06T16:37:21Z</Time>
						<HeartRateBpm>
							<Value>124</Value>
						</HeartRateBpm>
					</Trackpoint>
					<Trackpoint>
						<Time>2569-06-06T16:37:22Z</Time>
						<HeartRateBpm>
							<Value>124</Value>
						</HeartRateBpm>
					</Trackpoint>
					<Trackpoint>
						<Time>2569-06-06T16:37:23Z</Time>
						<HeartRateBpm>
							<Value>124</Value>
						</HeartRateBpm>
					</Trackpoint>
					<Trackpoint>
						<Time>2569-06-06T16:37:24Z</Time>
						<HeartRateBpm>
							<Value>124</Value>
						</HeartRateBpm>
					</Trackpoint>
					<Trackpoint>
						<Time>2569-06-06T16:37:25Z</Time>
						<HeartRateBpm>
							<Value>125</Value>
						</HeartRateBpm>
					</Trackpoint>
					<Trackpoint>
						<Time>2569-06-06T16:37:26Z</Time>
						<HeartRateBpm>
							<Value>124</Value>
						</HeartRateBpm>
					</Trackpoint>
					<Trackpoint>
						<Time>2569-06-06T16:37:27Z</Time>
						<HeartRateBpm>
							<Value>124</Value>
						</HeartRateBpm>
					</Trackpoint>
					<Trackpoint>
						<Time>2569-06-06T16:37:28Z</Time>
						<HeartRateBpm>
							<Value>124</Value>
						</HeartRateBpm>
					</Trackpoint>
					<Trackpoint>
						<Time>2569-06-06T16:37:29Z</Time>
						<HeartRateBpm>
							<Value>126</Value>
						</HeartRateBpm>
					</Trackpoint>
					<Trackpoint>
						<Time>2569-06-06T16:37:30Z</Time>
						<HeartRateBpm>
							<Value>127</Value>
						</HeartRateBpm>
					</Trackpoint>
					<Trackpoint>
						<Time>2569-06-06T16:37:31Z</Time>
						<HeartRateBpm>
							<Value>127</Value>
						</HeartRateBpm>
					</Trackpoint>
					<Trackpoint>
						<Time>2569-06-06T16:37:32Z</Time>
						<HeartRateBpm>
							<Value>127</Value>
						</HeartRateBpm>
					</Trackpoint>
					<Trackpoint>
						<Time>2569-06-06T16:37:33Z</Time>
						<HeartRateBpm>
							<Value>127</Value>
						</HeartRateBpm>
					</Trackpoint>
					<Trackpoint>
						<Time>2569-06-06T16:37:34Z</Time>
						<HeartRateBpm>
							<Value>125</Value>
						</HeartRateBpm>
					</Trackpoint>
					<Trackpoint>
						<Time>2569-06-06T16:37:35Z</Time>
						<HeartRateBpm>
							<Value>124</Value>
						</HeartRateBpm>
					</Trackpoint>
					<Trackpoint>
						<Time>2569-06-06T16:37:36Z</Time>
						<HeartRateBpm>
							<Value>123</Value>
						</HeartRateBpm>
					</Trackpoint>
					<Trackpoint>
						<Time>2569-06-06T16:37:37Z</Time>
						<HeartRateBpm>
							<Value>121</Value>
						</HeartRateBpm>
					</Trackpoint>
					<Trackpoint>
						<Time>2569-06-06T16:37:38Z</Time>
						<HeartRateBpm>
							<Value>120</Value>
						</HeartRateBpm>
					</Trackpoint>
					<Trackpoint>
						<Time>2569-06-06T16:37:39Z</Time>
						<HeartRateBpm>
							<Value>118</Value>
						</HeartRateBpm>
					</Trackpoint>
					<Trackpoint>
						<Time>2569-06-06T16:37:40Z</Time>
						<HeartRateBpm>
							<Value>117</Value>
						</HeartRateBpm>
					</Trackpoint>
					<Trackpoint>
						<Time>2569-06-06T16:37:41Z</Time>
						<HeartRateBpm>
							<Value>116</Value>
						</HeartRateBpm>
					</Trackpoint>
					<Trackpoint>
						<Time>2569-06-06T16:37:42Z</Time>
						<HeartRateBpm>
							<Value>115</Value>
						</HeartRateBpm>
					</Trackpoint>
					<Trackpoint>
						<Time>2569-06-06T16:37:43Z</Time>
						<HeartRateBpm>
							<Value>115</Value>
						</HeartRateBpm>
					</Trackpoint>
					<Trackpoint>
						<Time>2569-06-06T16:37:44Z</Time>
						<HeartRateBpm>
							<Value>115</Value>
						</HeartRateBpm>
					</Trackpoint>
					<Trackpoint>
						<Time>2569-06-06T16:37:45Z</Time>
						<HeartRateBpm>
							<Value>114</Value>
						</HeartRateBpm>
					</Trackpoint>
					<Trackpoint>
						<Time>2569-06-06T16:37:46Z</Time>
						<HeartRateBpm>
							<Value>114</Value>
						</HeartRateBpm>
					</Trackpoint>
					<Trackpoint>
						<Time>2569-06-06T16:37:47Z</Time>
						<HeartRateBpm>
							<Value>116</Value>
						</HeartRateBpm>
					</Trackpoint>
					<Trackpoint>
						<Time>2569-06-06T16:37:48Z</Time>
						<HeartRateBpm>
							<Value>116</Value>
						</HeartRateBpm>
					</Trackpoint>
					<Trackpoint>
						<Time>2569-06-06T16:37:49Z</Time>
						<HeartRateBpm>
							<Value>117</Value>
						</HeartRateBpm>
					</Trackpoint>
					<Trackpoint>
						<Time>2569-06-06T16:37:50Z</Time>
						<HeartRateBpm>
							<Value>118</Value>
						</HeartRateBpm>
					</Trackpoint>
					<Trackpoint>
						<Time>2569-06-06T16:37:51Z</Time>
						<HeartRateBpm>
							<Value>119</Value>
						</HeartRateBpm>
					</Trackpoint>
					<Trackpoint>
						<Time>2569-06-06T16:37:52Z</Time>
						<HeartRateBpm>
							<Value>121</Value>
						</HeartRateBpm>
					</Trackpoint>
					<Trackpoint>
						<Time>2569-06-06T16:37:53Z</Time>
						<HeartRateBpm>
							<Value>121</Value>
						</HeartRateBpm>
					</Trackpoint>
					<Trackpoint>
						<Time>2569-06-06T16:37:54Z</Time>
						<HeartRateBpm>
							<Value>122</Value>
						</HeartRateBpm>
					</Trackpoint>
					<Trackpoint>
						<Time>2569-06-06T16:37:55Z</Time>
						<HeartRateBpm>
							<Value>123</Value>
						</HeartRateBpm>
					</Trackpoint>
					<Trackpoint>
						<Time>2569-06-06T16:37:56Z</Time>
						<HeartRateBpm>
							<Value>125</Value>
						</HeartRateBpm>
					</Trackpoint>
					<Trackpoint>
						<Time>2569-06-06T16:37:57Z</Time>
						<HeartRateBpm>
							<Value>126</Value>
						</HeartRateBpm>
					</Trackpoint>
					<Trackpoint>
						<Time>2569-06-06T16:37:58Z</Time>
						<HeartRateBpm>
							<Value>127</Value>
						</HeartRateBpm>
					</Trackpoint>
					<Trackpoint>
						<Time>2569-06-06T16:37:59Z</Time>
						<HeartRateBpm>
							<Value>129</Value>
						</HeartRateBpm>
					</Trackpoint>
					<Trackpoint>
						<Time>2569-06-06T16:38:00Z</Time>
						<HeartRateBpm>
							<Value>131</Value>
						</HeartRateBpm>
					</Trackpoint>
					<Trackpoint>
						<Time>2569-06-06T16:38:01Z</Time>
						<HeartRateBpm>
							<Value>132</Value>
						</HeartRateBpm>
					</Trackpoint>
					<Trackpoint>
						<Time>2569-06-06T16:38:02Z</Time>
						<HeartRateBpm>
							<Value>133</Value>
						</HeartRateBpm>
					</Trackpoint>
					<Trackpoint>
						<Time>2569-06-06T16:38:03Z</Time>
						<HeartRateBpm>
							<Value>135</Value>
						</HeartRateBpm>
					</Trackpoint>
					<Trackpoint>
						<Time>2569-06-06T16:38:04Z</Time>
						<HeartRateBpm>
							<Value>136</Value>
						</HeartRateBpm>
					</Trackpoint>
					<Trackpoint>
						<Time>2569-06-06T16:38:05Z</Time>
						<HeartRateBpm>
							<Value>135</Value>
						</HeartRateBpm>
					</Trackpoint>
					<Trackpoint>
						<Time>2569-06-06T16:38:06Z</Time>
						<HeartRateBpm>
							<Value>136</Value>
						</HeartRateBpm>
					</Trackpoint>
					<Trackpoint>
						<Time>2569-06-06T16:38:07Z</Time>
						<HeartRateBpm>
							<Value>137</Value>
						</HeartRateBpm>
					</Trackpoint>
					<Trackpoint>
						<Time>2569-06-06T16:38:08Z</Time>
						<HeartRateBpm>
							<Value>139</Value>
						</HeartRateBpm>
					</Trackpoint>
					<Trackpoint>
						<Time>2569-06-06T16:38:09Z</Time>
						<HeartRateBpm>
							<Value>140</Value>
						</HeartRateBpm>
					</Trackpoint>
					<Trackpoint>
						<Time>2569-06-06T16:38:10Z</Time>
						<HeartRateBpm>
							<Value>142</Value>
						</HeartRateBpm>
					</Trackpoint>
					<Trackpoint>
						<Time>2569-06-06T16:38:11Z</Time>
						<HeartRateBpm>
							<Value>141</Value>
						</HeartRateBpm>
					</Trackpoint>
					<Trackpoint>
						<Time>2569-06-06T16:38:12Z</Time>
						<HeartRateBpm>
							<Value>142</Value>
						</HeartRateBpm>
					</Trackpoint>
					<Trackpoint>
						<Time>2569-06-06T16:38:13Z</Time>
						<HeartRateBpm>
							<Value>143</Value>
						</HeartRateBpm>
					</Trackpoint>
					<Trackpoint>
						<Time>2569-06-06T16:38:14Z</Time>
						<HeartRateBpm>
							<Value>142</Value>
						</HeartRateBpm>
					</Trackpoint>
					<Trackpoint>
						<Time>2569-06-06T16:38:15Z</Time>
						<HeartRateBpm>
							<Value>143</Value>
						</HeartRateBpm>
					</Trackpoint>
					<Trackpoint>
						<Time>2569-06-06T16:38:16Z</Time>
						<HeartRateBpm>
							<Value>142</Value>
						</HeartRateBpm>
					</Trackpoint>
					<Trackpoint>
						<Time>2569-06-06T16:38:17Z</Time>
						<HeartRateBpm>
							<Value>142</Value>
						</HeartRateBpm>
					</Trackpoint>
					<Trackpoint>
						<Time>2569-06-06T16:38:18Z</Time>
						<HeartRateBpm>
							<Value>141</Value>
						</HeartRateBpm>
					</Trackpoint>
					<Trackpoint>
						<Time>2569-06-06T16:38:19Z</Time>
						<HeartRateBpm>
							<Value>142</Value>
						</HeartRateBpm>
					</Trackpoint>
					<Trackpoint>
						<Time>2569-06-06T16:38:20Z</Time>
						<HeartRateBpm>
							<Value>143</Value>
						</HeartRateBpm>
					</Trackpoint>
					<Trackpoint>
						<Time>2569-06-06T16:38:21Z</Time>
						<HeartRateBpm>
							<Value>143</Value>
						</HeartRateBpm>
					</Trackpoint>
					<Trackpoint>
						<Time>2569-06-06T16:38:22Z</Time>
						<HeartRateBpm>
							<Value>143</Value>
						</HeartRateBpm>
					</Trackpoint>
					<Trackpoint>
						<Time>2569-06-06T16:38:23Z</Time>
						<HeartRateBpm>
							<Value>143</Value>
						</HeartRateBpm>
					</Trackpoint>
					<Trackpoint>
						<Time>2569-06-06T16:38:24Z</Time>
						<HeartRateBpm>
							<Value>143</Value>
						</HeartRateBpm>
					</Trackpoint>
					<Trackpoint>
						<Time>2569-06-06T16:38:25Z</Time>
						<HeartRateBpm>
							<Value>143</Value>
						</HeartRateBpm>
					</Trackpoint>
					<Trackpoint>
						<Time>2569-06-06T16:38:26Z</Time>
						<HeartRateBpm>
							<Value>145</Value>
						</HeartRateBpm>
					</Trackpoint>
					<Trackpoint>
						<Time>2569-06-06T16:38:27Z</Time>
						<HeartRateBpm>
							<Value>145</Value>
						</HeartRateBpm>
					</Trackpoint>
					<Trackpoint>
						<Time>2569-06-06T16:38:28Z</Time>
						<HeartRateBpm>
							<Value>145</Value>
						</HeartRateBpm>
					</Trackpoint>
					<Trackpoint>
						<Time>2569-06-06T16:38:29Z</Time>
						<HeartRateBpm>
							<Value>145</Value>
						</HeartRateBpm>
					</Trackpoint>
					<Trackpoint>
						<Time>2569-06-06T16:38:30Z</Time>
						<HeartRateBpm>
							<Value>145</Value>
						</HeartRateBpm>
					</Trackpoint>
					<Trackpoint>
						<Time>2569-06-06T16:38:31Z</Time>
						<HeartRateBpm>
							<Value>145</Value>
						</HeartRateBpm>
					</Trackpoint>
					<Trackpoint>
						<Time>2569-06-06T16:38:32Z</Time>
						<HeartRateBpm>
							<Value>145</Value>
						</HeartRateBpm>
					</Trackpoint>
					<Trackpoint>
						<Time>2569-06-06T16:38:33Z</Time>
						<HeartRateBpm>
							<Value>146</Value>
						</HeartRateBpm>
					</Trackpoint>
					<Trackpoint>
						<Time>2569-06-06T16:38:34Z</Time>
						<HeartRateBpm>
							<Value>146</Value>
						</HeartRateBpm>
					</Trackpoint>
					<Trackpoint>
						<Time>2569-06-06T16:38:35Z</Time>
						<HeartRateBpm>
							<Value>147</Value>
						</HeartRateBpm>
					</Trackpoint>
					<Trackpoint>
						<Time>2569-06-06T16:38:36Z</Time>
						<HeartRateBpm>
							<Value>147</Value>
						</HeartRateBpm>
					</Trackpoint>
					<Trackpoint>
						<Time>2569-06-06T16:38:37Z</Time>
						<HeartRateBpm>
							<Value>149</Value>
						</HeartRateBpm>
					</Trackpoint>
					<Trackpoint>
						<Time>2569-06-06T16:38:38Z</Time>
						<HeartRateBpm>
							<Value>151</Value>
						</HeartRateBpm>
					</Trackpoint>
					<Trackpoint>
						<Time>2569-06-06T16:38:39Z</Time>
						<HeartRateBpm>
							<Value>152</Value>
						</HeartRateBpm>
					</Trackpoint>
					<Trackpoint>
						<Time>2569-06-06T16:38:40Z</Time>
						<HeartRateBpm>
							<Value>153</Value>
						</HeartRateBpm>
					</Trackpoint>
					<Trackpoint>
						<Time>2569-06-06T16:38:41Z</Time>
						<HeartRateBpm>
							<Value>155</Value>
						</HeartRateBpm>
					</Trackpoint>
					<Trackpoint>
						<Time>2569-06-06T16:38:42Z</Time>
						<HeartRateBpm>
							<Value>153</Value>
						</HeartRateBpm>
					</Trackpoint>
					<Trackpoint>
						<Time>2569-06-06T16:38:43Z</Time>
						<HeartRateBpm>
							<Value>153</Value>
						</HeartRateBpm>
					</Trackpoint>
					<Trackpoint>
						<Time>2569-06-06T16:38:44Z</Time>
						<HeartRateBpm>
							<Value>152</Value>
						</HeartRateBpm>
					</Trackpoint>
					<Trackpoint>
						<Time>2569-06-06T16:38:45Z</Time>
						<HeartRateBpm>
							<Value>154</Value>
						</HeartRateBpm>
					</Trackpoint>
					<Trackpoint>
						<Time>2569-06-06T16:38:46Z</Time>
						<HeartRateBpm>
							<Value>154</Value>
						</HeartRateBpm>
					</Trackpoint>
					<Trackpoint>
						<Time>2569-06-06T16:38:47Z</Time>
						<HeartRateBpm>
							<Value>152</Value>
						</HeartRateBpm>
					</Trackpoint>
					<Trackpoint>
						<Time>2569-06-06T16:38:48Z</Time>
						<HeartRateBpm>
							<Value>153</Value>
						</HeartRateBpm>
					</Trackpoint>
					<Trackpoint>
						<Time>2569-06-06T16:38:49Z</Time>
						<HeartRateBpm>
							<Value>153</Value>
						</HeartRateBpm>
					</Trackpoint>
					<Trackpoint>
						<Time>2569-06-06T16:38:50Z</Time>
						<HeartRateBpm>
							<Value>153</Value>
						</HeartRateBpm>
					</Trackpoint>
					<Trackpoint>
						<Time>2569-06-06T16:38:51Z</Time>
						<HeartRateBpm>
							<Value>151</Value>
						</HeartRateBpm>
					</Trackpoint>
					<Trackpoint>
						<Time>2569-06-06T16:38:52Z</Time>
						<HeartRateBpm>
							<Value>150</Value>
						</HeartRateBpm>
					</Trackpoint>
					<Trackpoint>
						<Time>2569-06-06T16:38:53Z</Time>
						<HeartRateBpm>
							<Value>151</Value>
						</HeartRateBpm>
					</Trackpoint>
					<Trackpoint>
						<Time>2569-06-06T16:38:54Z</Time>
						<HeartRateBpm>
							<Value>154</Value>
						</HeartRateBpm>
					</Trackpoint>
					<Trackpoint>
						<Time>2569-06-06T16:38:55Z</Time>
						<HeartRateBpm>
							<Value>155</Value>
						</HeartRateBpm>
					</Trackpoint>
					<Trackpoint>
						<Time>2569-06-06T16:38:56Z</Time>
						<HeartRateBpm>
							<Value>155</Value>
						</HeartRateBpm>
					</Trackpoint>
					<Trackpoint>
						<Time>2569-06-06T16:38:57Z</Time>
						<HeartRateBpm>
							<Value>155</Value>
						</HeartRateBpm>
					</Trackpoint>
					<Trackpoint>
						<Time>2569-06-06T16:38:58Z</Time>
						<HeartRateBpm>
							<Value>155</Value>
						</HeartRateBpm>
					</Trackpoint>
					<Trackpoint>
						<Time>2569-06-06T16:38:59Z</Time>
						<HeartRateBpm>
							<Value>156</Value>
						</HeartRateBpm>
					</Trackpoint>
					<Trackpoint>
						<Time>2569-06-06T16:39:00Z</Time>
						<HeartRateBpm>
							<Value>156</Value>
						</HeartRateBpm>
					</Trackpoint>
					<Trackpoint>
						<Time>2569-06-06T16:39:01Z</Time>
						<HeartRateBpm>
							<Value>158</Value>
						</HeartRateBpm>
					</Trackpoint>
					<Trackpoint>
						<Time>2569-06-06T16:39:02Z</Time>
						<HeartRateBpm>
							<Value>158</Value>
						</HeartRateBpm>
					</Trackpoint>
					<Trackpoint>
						<Time>2569-06-06T16:39:03Z</Time>
						<HeartRateBpm>
							<Value>158</Value>
						</HeartRateBpm>
					</Trackpoint>
					<Trackpoint>
						<Time>2569-06-06T16:39:04Z</Time>
						<HeartRateBpm>
							<Value>156</Value>
						</HeartRateBpm>
					</Trackpoint>
					<Trackpoint>
						<Time>2569-06-06T16:39:05Z</Time>
						<HeartRateBpm>
							<Value>156</Value>
						</HeartRateBpm>
					</Trackpoint>
					<Trackpoint>
						<Time>2569-06-06T16:39:06Z</Time>
						<HeartRateBpm>
							<Value>155</Value>
						</HeartRateBpm>
					</Trackpoint>
					<Trackpoint>
						<Time>2569-06-06T16:39:07Z</Time>
						<HeartRateBpm>
							<Value>156</Value>
						</HeartRateBpm>
					</Trackpoint>
					<Trackpoint>
						<Time>2569-06-06T16:39:08Z</Time>
						<HeartRateBpm>
							<Value>154</Value>
						</HeartRateBpm>
					</Trackpoint>
					<Trackpoint>
						<Time>2569-06-06T16:39:09Z</Time>
						<HeartRateBpm>
							<Value>153</Value>
						</HeartRateBpm>
					</Trackpoint>
					<Trackpoint>
						<Time>2569-06-06T16:39:10Z</Time>
						<HeartRateBpm>
							<Value>150</Value>
						</HeartRateBpm>
					</Trackpoint>
					<Trackpoint>
						<Time>2569-06-06T16:39:11Z</Time>
						<HeartRateBpm>
							<Value>147</Value>
						</HeartRateBpm>
					</Trackpoint>
					<Trackpoint>
						<Time>2569-06-06T16:39:12Z</Time>
						<HeartRateBpm>
							<Value>146</Value>
						</HeartRateBpm>
					</Trackpoint>
					<Trackpoint>
						<Time>2569-06-06T16:39:13Z</Time>
						<HeartRateBpm>
							<Value>144</Value>
						</HeartRateBpm>
					</Trackpoint>
					<Trackpoint>
						<Time>2569-06-06T16:39:14Z</Time>
						<HeartRateBpm>
							<Value>143</Value>
						</HeartRateBpm>
					</Trackpoint>
					<Trackpoint>
						<Time>2569-06-06T16:39:15Z</Time>
						<HeartRateBpm>
							<Value>144</Value>
						</HeartRateBpm>
					</Trackpoint>
					<Trackpoint>
						<Time>2569-06-06T16:39:16Z</Time>
						<HeartRateBpm>
							<Value>144</Value>
						</HeartRateBpm>
					</Trackpoint>
					<Trackpoint>
						<Time>2569-06-06T16:39:17Z</Time>
						<HeartRateBpm>
							<Value>143</Value>
						</HeartRateBpm>
					</Trackpoint>
					<Trackpoint>
						<Time>2569-06-06T16:39:18Z</Time>
						<HeartRateBpm>
							<Value>144</Value>
						</HeartRateBpm>
					</Trackpoint>
					<Trackpoint>
						<Time>2569-06-06T16:39:19Z</Time>
						<HeartRateBpm>
							<Value>140</Value>
						</HeartRateBpm>
					</Trackpoint>
					<Trackpoint>
						<Time>2569-06-06T16:39:20Z</Time>
						<HeartRateBpm>
							<Value>140</Value>
						</HeartRateBpm>
					</Trackpoint>
					<Trackpoint>
						<Time>2569-06-06T16:39:21Z</Time>
						<HeartRateBpm>
							<Value>140</Value>
						</HeartRateBpm>
					</Trackpoint>
					<Trackpoint>
						<Time>2569-06-06T16:39:22Z</Time>
						<HeartRateBpm>
							<Value>138</Value>
						</HeartRateBpm>
					</Trackpoint>
					<Trackpoint>
						<Time>2569-06-06T16:39:23Z</Time>
						<HeartRateBpm>
							<Value>138</Value>
						</HeartRateBpm>
					</Trackpoint>
					<Trackpoint>
						<Time>2569-06-06T16:39:24Z</Time>
						<HeartRateBpm>
							<Value>137</Value>
						</HeartRateBpm>
					</Trackpoint>
					<Trackpoint>
						<Time>2569-06-06T16:39:25Z</Time>
						<HeartRateBpm>
							<Value>137</Value>
						</HeartRateBpm>
					</Trackpoint>
					<Trackpoint>
						<Time>2569-06-06T16:39:26Z</Time>
						<HeartRateBpm>
							<Value>135</Value>
						</HeartRateBpm>
					</Trackpoint>
					<Trackpoint>
						<Time>2569-06-06T16:39:27Z</Time>
						<HeartRateBpm>
							<Value>134</Value>
						</HeartRateBpm>
					</Trackpoint>
					<Trackpoint>
						<Time>2569-06-06T16:39:28Z</Time>
						<HeartRateBpm>
							<Value>133</Value>
						</HeartRateBpm>
					</Trackpoint>
					<Trackpoint>
						<Time>2569-06-06T16:39:29Z</Time>
						<HeartRateBpm>
							<Value>133</Value>
						</HeartRateBpm>
					</Trackpoint>
					<Trackpoint>
						<Time>2569-06-06T16:39:30Z</Time>
						<HeartRateBpm>
							<Value>133</Value>
						</HeartRateBpm>
					</Trackpoint>
					<Trackpoint>
						<Time>2569-06-06T16:39:31Z</Time>
						<HeartRateBpm>
							<Value>133</Value>
						</HeartRateBpm>
					</Trackpoint>
					<Trackpoint>
						<Time>2569-06-06T16:39:32Z</Time>
						<HeartRateBpm>
							<Value>131</Value>
						</HeartRateBpm>
					</Trackpoint>
					<Trackpoint>
						<Time>2569-06-06T16:39:33Z</Time>
						<HeartRateBpm>
							<Value>130</Value>
						</HeartRateBpm>
					</Trackpoint>
					<Trackpoint>
						<Time>2569-06-06T16:39:34Z</Time>
						<HeartRateBpm>
							<Value>130</Value>
						</HeartRateBpm>
					</Trackpoint>
					<Trackpoint>
						<Time>2569-06-06T16:39:35Z</Time>
						<HeartRateBpm>
							<Value>129</Value>
						</HeartRateBpm>
					</Trackpoint>
					<Trackpoint>
						<Time>2569-06-06T16:39:36Z</Time>
						<HeartRateBpm>
							<Value>129</Value>
						</HeartRateBpm>
					</Trackpoint>
					<Trackpoint>
						<Time>2569-06-06T16:39:37Z</Time>
						<HeartRateBpm>
							<Value>128</Value>
						</HeartRateBpm>
					</Trackpoint>
					<Trackpoint>
						<Time>2569-06-06T16:39:38Z</Time>
						<HeartRateBpm>
							<Value>128</Value>
						</HeartRateBpm>
					</Trackpoint>
					<Trackpoint>
						<Time>2569-06-06T16:39:39Z</Time>
						<HeartRateBpm>
							<Value>128</Value>
						</HeartRateBpm>
					</Trackpoint>
					<Trackpoint>
						<Time>2569-06-06T16:39:40Z</Time>
						<HeartRateBpm>
							<Value>128</Value>
						</HeartRateBpm>
					</Trackpoint>
					<Trackpoint>
						<Time>2569-06-06T16:39:41Z</Time>
						<HeartRateBpm>
							<Value>127</Value>
						</HeartRateBpm>
					</Trackpoint>
					<Trackpoint>
						<Time>2569-06-06T16:39:42Z</Time>
						<HeartRateBpm>
							<Value>126</Value>
						</HeartRateBpm>
					</Trackpoint>
					<Trackpoint>
						<Time>2569-06-06T16:39:43Z</Time>
						<HeartRateBpm>
							<Value>126</Value>
						</HeartRateBpm>
					</Trackpoint>
					<Trackpoint>
						<Time>2569-06-06T16:39:44Z</Time>
						<HeartRateBpm>
							<Value>125</Value>
						</HeartRateBpm>
					</Trackpoint>
					<Trackpoint>
						<Time>2569-06-06T16:39:45Z</Time>
						<HeartRateBpm>
							<Value>126</Value>
						</HeartRateBpm>
					</Trackpoint>
					<Trackpoint>
						<Time>2569-06-06T16:39:46Z</Time>
						<HeartRateBpm>
							<Value>126</Value>
						</HeartRateBpm>
					</Trackpoint>
					<Trackpoint>
						<Time>2569-06-06T16:39:47Z</Time>
						<HeartRateBpm>
							<Value>125</Value>
						</HeartRateBpm>
					</Trackpoint>
					<Trackpoint>
						<Time>2569-06-06T16:39:48Z</Time>
						<HeartRateBpm>
							<Value>125</Value>
						</HeartRateBpm>
					</Trackpoint>
					<Trackpoint>
						<Time>2569-06-06T16:39:49Z</Time>
						<HeartRateBpm>
							<Value>124</Value>
						</HeartRateBpm>
					</Trackpoint>
					<Trackpoint>
						<Time>2569-06-06T16:39:50Z</Time>
						<HeartRateBpm>
							<Value>124</Value>
						</HeartRateBpm>
					</Trackpoint>
					<Trackpoint>
						<Time>2569-06-06T16:39:51Z</Time>
						<HeartRateBpm>
							<Value>123</Value>
						</HeartRateBpm>
					</Trackpoint>
					<Trackpoint>
						<Time>2569-06-06T16:39:52Z</Time>
						<HeartRateBpm>
							<Value>121</Value>
						</HeartRateBpm>
					</Trackpoint>
					<Trackpoint>
						<Time>2569-06-06T16:39:53Z</Time>
						<HeartRateBpm>
							<Value>119</Value>
						</HeartRateBpm>
					</Trackpoint>
					<Trackpoint>
						<Time>2569-06-06T16:39:54Z</Time>
						<HeartRateBpm>
							<Value>118</Value>
						</HeartRateBpm>
					</Trackpoint>
					<Trackpoint>
						<Time>2569-06-06T16:39:55Z</Time>
						<HeartRateBpm>
							<Value>117</Value>
						</HeartRateBpm>
					</Trackpoint>
					<Trackpoint>
						<Time>2569-06-06T16:39:56Z</Time>
						<HeartRateBpm>
							<Value>117</Value>
						</HeartRateBpm>
					</Trackpoint>
					<Trackpoint>
						<Time>2569-06-06T16:39:57Z</Time>
						<HeartRateBpm>
							<Value>117</Value>
						</HeartRateBpm>
					</Trackpoint>
					<Trackpoint>
						<Time>2569-06-06T16:39:58Z</Time>
						<HeartRateBpm>
							<Value>117</Value>
						</HeartRateBpm>
					</Trackpoint>
					<Trackpoint>
						<Time>2569-06-06T16:39:59Z</Time>
						<HeartRateBpm>
							<Value>117</Value>
						</HeartRateBpm>
					</Trackpoint>
					<Trackpoint>
						<Time>2569-06-06T16:40:00Z</Time>
						<HeartRateBpm>
							<Value>118</Value>
						</HeartRateBpm>
					</Trackpoint>
					<Trackpoint>
						<Time>2569-06-06T16:40:01Z</Time>
						<HeartRateBpm>
							<Value>119</Value>
						</HeartRateBpm>
					</Trackpoint>
					<Trackpoint>
						<Time>2569-06-06T16:40:02Z</Time>
						<HeartRateBpm>
							<Value>121</Value>
						</HeartRateBpm>
					</Trackpoint>
					<Trackpoint>
						<Time>2569-06-06T16:40:03Z</Time>
						<HeartRateBpm>
							<Value>122</Value>
						</HeartRateBpm>
					</Trackpoint>
					<Trackpoint>
						<Time>2569-06-06T16:40:04Z</Time>
						<HeartRateBpm>
							<Value>123</Value>
						</HeartRateBpm>
					</Trackpoint>
					<Trackpoint>
						<Time>2569-06-06T16:40:05Z</Time>
						<HeartRateBpm>
							<Value>123</Value>
						</HeartRateBpm>
					</Trackpoint>
					<Trackpoint>
						<Time>2569-06-06T16:40:06Z</Time>
						<HeartRateBpm>
							<Value>122</Value>
						</HeartRateBpm>
					</Trackpoint>
					<Trackpoint>
						<Time>2569-06-06T16:40:07Z</Time>
						<HeartRateBpm>
							<Value>122</Value>
						</HeartRateBpm>
					</Trackpoint>
					<Trackpoint>
						<Time>2569-06-06T16:40:08Z</Time>
						<HeartRateBpm>
							<Value>122</Value>
						</HeartRateBpm>
					</Trackpoint>
					<Trackpoint>
						<Time>2569-06-06T16:40:09Z</Time>
						<HeartRateBpm>
							<Value>122</Value>
						</HeartRateBpm>
					</Trackpoint>
					<Trackpoint>
						<Time>2569-06-06T16:40:10Z</Time>
						<HeartRateBpm>
							<Value>124</Value>
						</HeartRateBpm>
					</Trackpoint>
					<Trackpoint>
						<Time>2569-06-06T16:40:11Z</Time>
						<HeartRateBpm>
							<Value>124</Value>
						</HeartRateBpm>
					</Trackpoint>
					<Trackpoint>
						<Time>2569-06-06T16:40:12Z</Time>
						<HeartRateBpm>
							<Value>126</Value>
						</HeartRateBpm>
					</Trackpoint>
					<Trackpoint>
						<Time>2569-06-06T16:40:13Z</Time>
						<HeartRateBpm>
							<Value>129</Value>
						</HeartRateBpm>
					</Trackpoint>
					<Trackpoint>
						<Time>2569-06-06T16:40:14Z</Time>
						<HeartRateBpm>
							<Value>132</Value>
						</HeartRateBpm>
					</Trackpoint>
					<Trackpoint>
						<Time>2569-06-06T16:40:15Z</Time>
						<HeartRateBpm>
							<Value>132</Value>
						</HeartRateBpm>
					</Trackpoint>
					<Trackpoint>
						<Time>2569-06-06T16:40:16Z</Time>
						<HeartRateBpm>
							<Value>133</Value>
						</HeartRateBpm>
					</Trackpoint>
					<Trackpoint>
						<Time>2569-06-06T16:40:17Z</Time>
						<HeartRateBpm>
							<Value>133</Value>
						</HeartRateBpm>
					</Trackpoint>
					<Trackpoint>
						<Time>2569-06-06T16:40:18Z</Time>
						<HeartRateBpm>
							<Value>135</Value>
						</HeartRateBpm>
					</Trackpoint>
					<Trackpoint>
						<Time>2569-06-06T16:40:19Z</Time>
						<HeartRateBpm>
							<Value>135</Value>
						</HeartRateBpm>
					</Trackpoint>
					<Trackpoint>
						<Time>2569-06-06T16:40:20Z</Time>
						<HeartRateBpm>
							<Value>136</Value>
						</HeartRateBpm>
					</Trackpoint>
					<Trackpoint>
						<Time>2569-06-06T16:40:21Z</Time>
						<HeartRateBpm>
							<Value>137</Value>
						</HeartRateBpm>
					</Trackpoint>
					<Trackpoint>
						<Time>2569-06-06T16:40:22Z</Time>
						<HeartRateBpm>
							<Value>139</Value>
						</HeartRateBpm>
					</Trackpoint>
					<Trackpoint>
						<Time>2569-06-06T16:40:23Z</Time>
						<HeartRateBpm>
							<Value>139</Value>
						</HeartRateBpm>
					</Trackpoint>
					<Trackpoint>
						<Time>2569-06-06T16:40:24Z</Time>
						<HeartRateBpm>
							<Value>138</Value>
						</HeartRateBpm>
					</Trackpoint>
					<Trackpoint>
						<Time>2569-06-06T16:40:25Z</Time>
						<HeartRateBpm>
							<Value>138</Value>
						</HeartRateBpm>
					</Trackpoint>
					<Trackpoint>
						<Time>2569-06-06T16:40:26Z</Time>
						<HeartRateBpm>
							<Value>138</Value>
						</HeartRateBpm>
					</Trackpoint>
					<Trackpoint>
						<Time>2569-06-06T16:40:27Z</Time>
						<HeartRateBpm>
							<Value>140</Value>
						</HeartRateBpm>
					</Trackpoint>
					<Trackpoint>
						<Time>2569-06-06T16:40:28Z</Time>
						<HeartRateBpm>
							<Value>140</Value>
						</HeartRateBpm>
					</Trackpoint>
					<Trackpoint>
						<Time>2569-06-06T16:40:29Z</Time>
						<HeartRateBpm>
							<Value>138</Value>
						</HeartRateBpm>
					</Trackpoint>
					<Trackpoint>
						<Time>2569-06-06T16:40:30Z</Time>
						<HeartRateBpm>
							<Value>138</Value>
						</HeartRateBpm>
					</Trackpoint>
					<Trackpoint>
						<Time>2569-06-06T16:40:31Z</Time>
						<HeartRateBpm>
							<Value>138</Value>
						</HeartRateBpm>
					</Trackpoint>
					<Trackpoint>
						<Time>2569-06-06T16:40:32Z</Time>
						<HeartRateBpm>
							<Value>135</Value>
						</HeartRateBpm>
					</Trackpoint>
					<Trackpoint>
						<Time>2569-06-06T16:40:33Z</Time>
						<HeartRateBpm>
							<Value>133</Value>
						</HeartRateBpm>
					</Trackpoint>
					<Trackpoint>
						<Time>2569-06-06T16:40:34Z</Time>
						<HeartRateBpm>
							<Value>131</Value>
						</HeartRateBpm>
					</Trackpoint>
					<Trackpoint>
						<Time>2569-06-06T16:40:35Z</Time>
						<HeartRateBpm>
							<Value>130</Value>
						</HeartRateBpm>
					</Trackpoint>
					<Trackpoint>
						<Time>2569-06-06T16:40:36Z</Time>
						<HeartRateBpm>
							<Value>130</Value>
						</HeartRateBpm>
					</Trackpoint>
					<Trackpoint>
						<Time>2569-06-06T16:40:37Z</Time>
						<HeartRateBpm>
							<Value>130</Value>
						</HeartRateBpm>
					</Trackpoint>
					<Trackpoint>
						<Time>2569-06-06T16:40:38Z</Time>
						<HeartRateBpm>
							<Value>130</Value>
						</HeartRateBpm>
					</Trackpoint>
					<Trackpoint>
						<Time>2569-06-06T16:40:39Z</Time>
						<HeartRateBpm>
							<Value>131</Value>
						</HeartRateBpm>
					</Trackpoint>
					<Trackpoint>
						<Time>2569-06-06T16:40:40Z</Time>
						<HeartRateBpm>
							<Value>132</Value>
						</HeartRateBpm>
					</Trackpoint>
					<Trackpoint>
						<Time>2569-06-06T16:40:41Z</Time>
						<HeartRateBpm>
							<Value>133</Value>
						</HeartRateBpm>
					</Trackpoint>
					<Trackpoint>
						<Time>2569-06-06T16:40:42Z</Time>
						<HeartRateBpm>
							<Value>135</Value>
						</HeartRateBpm>
					</Trackpoint>
					<Trackpoint>
						<Time>2569-06-06T16:40:43Z</Time>
						<HeartRateBpm>
							<Value>136</Value>
						</HeartRateBpm>
					</Trackpoint>
					<Trackpoint>
						<Time>2569-06-06T16:40:44Z</Time>
						<HeartRateBpm>
							<Value>135</Value>
						</HeartRateBpm>
					</Trackpoint>
					<Trackpoint>
						<Time>2569-06-06T16:40:45Z</Time>
						<HeartRateBpm>
							<Value>134</Value>
						</HeartRateBpm>
					</Trackpoint>
					<Trackpoint>
						<Time>2569-06-06T16:40:46Z</Time>
						<HeartRateBpm>
							<Value>134</Value>
						</HeartRateBpm>
					</Trackpoint>
					<Trackpoint>
						<Time>2569-06-06T16:40:47Z</Time>
						<HeartRateBpm>
							<Value>134</Value>
						</HeartRateBpm>
					</Trackpoint>
					<Trackpoint>
						<Time>2569-06-06T16:40:48Z</Time>
						<HeartRateBpm>
							<Value>134</Value>
						</HeartRateBpm>
					</Trackpoint>
					<Trackpoint>
						<Time>2569-06-06T16:40:49Z</Time>
						<HeartRateBpm>
							<Value>133</Value>
						</HeartRateBpm>
					</Trackpoint>
					<Trackpoint>
						<Time>2569-06-06T16:40:50Z</Time>
						<HeartRateBpm>
							<Value>134</Value>
						</HeartRateBpm>
					</Trackpoint>
					<Trackpoint>
						<Time>2569-06-06T16:40:51Z</Time>
						<HeartRateBpm>
							<Value>134</Value>
						</HeartRateBpm>
					</Trackpoint>
					<Trackpoint>
						<Time>2569-06-06T16:40:52Z</Time>
						<HeartRateBpm>
							<Value>134</Value>
						</HeartRateBpm>
					</Trackpoint>
					<Trackpoint>
						<Time>2569-06-06T16:40:53Z</Time>
						<HeartRateBpm>
							<Value>134</Value>
						</HeartRateBpm>
					</Trackpoint>
					<Trackpoint>
						<Time>2569-06-06T16:40:54Z</Time>
						<HeartRateBpm>
							<Value>133</Value>
						</HeartRateBpm>
					</Trackpoint>
					<Trackpoint>
						<Time>2569-06-06T16:40:55Z</Time>
						<HeartRateBpm>
							<Value>133</Value>
						</HeartRateBpm>
					</Trackpoint>
					<Trackpoint>
						<Time>2569-06-06T16:40:56Z</Time>
						<HeartRateBpm>
							<Value>132</Value>
						</HeartRateBpm>
					</Trackpoint>
					<Trackpoint>
						<Time>2569-06-06T16:40:57Z</Time>
						<HeartRateBpm>
							<Value>132</Value>
						</HeartRateBpm>
					</Trackpoint>
					<Trackpoint>
						<Time>2569-06-06T16:40:58Z</Time>
						<HeartRateBpm>
							<Value>132</Value>
						</HeartRateBpm>
					</Trackpoint>
					<Trackpoint>
						<Time>2569-06-06T16:40:59Z</Time>
						<HeartRateBpm>
							<Value>133</Value>
						</HeartRateBpm>
					</Trackpoint>
					<Trackpoint>
						<Time>2569-06-06T16:41:00Z</Time>
						<HeartRateBpm>
							<Value>134</Value>
						</HeartRateBpm>
					</Trackpoint>
					<Trackpoint>
						<Time>2569-06-06T16:41:01Z</Time>
						<HeartRateBpm>
							<Value>135</Value>
						</HeartRateBpm>
					</Trackpoint>
					<Trackpoint>
						<Time>2569-06-06T16:41:02Z</Time>
						<HeartRateBpm>
							<Value>136</Value>
						</HeartRateBpm>
					</Trackpoint>
					<Trackpoint>
						<Time>2569-06-06T16:41:03Z</Time>
						<HeartRateBpm>
							<Value>136</Value>
						</HeartRateBpm>
					</Trackpoint>
					<Trackpoint>
						<Time>2569-06-06T16:41:04Z</Time>
						<HeartRateBpm>
							<Value>137</Value>
						</HeartRateBpm>
					</Trackpoint>
					<Trackpoint>
						<Time>2569-06-06T16:41:05Z</Time>
						<HeartRateBpm>
							<Value>137</Value>
						</HeartRateBpm>
					</Trackpoint>
					<Trackpoint>
						<Time>2569-06-06T16:41:06Z</Time>
						<HeartRateBpm>
							<Value>137</Value>
						</HeartRateBpm>
					</Trackpoint>
					<Trackpoint>
						<Time>2569-06-06T16:41:07Z</Time>
						<HeartRateBpm>
							<Value>138</Value>
						</HeartRateBpm>
					</Trackpoint>
					<Trackpoint>
						<Time>2569-06-06T16:41:08Z</Time>
						<HeartRateBpm>
							<Value>140</Value>
						</HeartRateBpm>
					</Trackpoint>
					<Trackpoint>
						<Time>2569-06-06T16:41:09Z</Time>
						<HeartRateBpm>
							<Value>140</Value>
						</HeartRateBpm>
					</Trackpoint>
					<Trackpoint>
						<Time>2569-06-06T16:41:10Z</Time>
						<HeartRateBpm>
							<Value>140</Value>
						</HeartRateBpm>
					</Trackpoint>
					<Trackpoint>
						<Time>2569-06-06T16:41:11Z</Time>
						<HeartRateBpm>
							<Value>140</Value>
						</HeartRateBpm>
					</Trackpoint>
					<Trackpoint>
						<Time>2569-06-06T16:41:12Z</Time>
						<HeartRateBpm>
							<Value>139</Value>
						</HeartRateBpm>
					</Trackpoint>
					<Trackpoint>
						<Time>2569-06-06T16:41:13Z</Time>
						<HeartRateBpm>
							<Value>139</Value>
						</HeartRateBpm>
					</Trackpoint>
					<Trackpoint>
						<Time>2569-06-06T16:41:14Z</Time>
						<HeartRateBpm>
							<Value>143</Value>
						</HeartRateBpm>
					</Trackpoint>
					<Trackpoint>
						<Time>2569-06-06T16:41:15Z</Time>
						<HeartRateBpm>
							<Value>143</Value>
						</HeartRateBpm>
					</Trackpoint>
					<Trackpoint>
						<Time>2569-06-06T16:41:16Z</Time>
						<HeartRateBpm>
							<Value>142</Value>
						</HeartRateBpm>
					</Trackpoint>
					<Trackpoint>
						<Time>2569-06-06T16:41:17Z</Time>
						<HeartRateBpm>
							<Value>147</Value>
						</HeartRateBpm>
					</Trackpoint>
					<Trackpoint>
						<Time>2569-06-06T16:41:18Z</Time>
						<HeartRateBpm>
							<Value>151</Value>
						</HeartRateBpm>
					</Trackpoint>
					<Trackpoint>
						<Time>2569-06-06T16:41:19Z</Time>
						<HeartRateBpm>
							<Value>152</Value>
						</HeartRateBpm>
					</Trackpoint>
					<Trackpoint>
						<Time>2569-06-06T16:41:20Z</Time>
						<HeartRateBpm>
							<Value>154</Value>
						</HeartRateBpm>
					</Trackpoint>
					<Trackpoint>
						<Time>2569-06-06T16:41:21Z</Time>
						<HeartRateBpm>
							<Value>155</Value>
						</HeartRateBpm>
					</Trackpoint>
					<Trackpoint>
						<Time>2569-06-06T16:41:22Z</Time>
						<HeartRateBpm>
							<Value>156</Value>
						</HeartRateBpm>
					</Trackpoint>
					<Trackpoint>
						<Time>2569-06-06T16:41:23Z</Time>
						<HeartRateBpm>
							<Value>156</Value>
						</HeartRateBpm>
					</Trackpoint>
					<Trackpoint>
						<Time>2569-06-06T16:41:24Z</Time>
						<HeartRateBpm>
							<Value>155</Value>
						</HeartRateBpm>
					</Trackpoint>
					<Trackpoint>
						<Time>2569-06-06T16:41:25Z</Time>
						<HeartRateBpm>
							<Value>154</Value>
						</HeartRateBpm>
					</Trackpoint>
					<Trackpoint>
						<Time>2569-06-06T16:41:26Z</Time>
						<HeartRateBpm>
							<Value>153</Value>
						</HeartRateBpm>
					</Trackpoint>
					<Trackpoint>
						<Time>2569-06-06T16:41:27Z</Time>
						<HeartRateBpm>
							<Value>150</Value>
						</HeartRateBpm>
					</Trackpoint>
					<Trackpoint>
						<Time>2569-06-06T16:41:28Z</Time>
						<HeartRateBpm>
							<Value>148</Value>
						</HeartRateBpm>
					</Trackpoint>
					<Trackpoint>
						<Time>2569-06-06T16:41:29Z</Time>
						<HeartRateBpm>
							<Value>146</Value>
						</HeartRateBpm>
					</Trackpoint>
					<Trackpoint>
						<Time>2569-06-06T16:41:30Z</Time>
						<HeartRateBpm>
							<Value>146</Value>
						</HeartRateBpm>
					</Trackpoint>
					<Trackpoint>
						<Time>2569-06-06T16:41:31Z</Time>
						<HeartRateBpm>
							<Value>144</Value>
						</HeartRateBpm>
					</Trackpoint>
					<Trackpoint>
						<Time>2569-06-06T16:41:32Z</Time>
						<HeartRateBpm>
							<Value>142</Value>
						</HeartRateBpm>
					</Trackpoint>
					<Trackpoint>
						<Time>2569-06-06T16:41:33Z</Time>
						<HeartRateBpm>
							<Value>144</Value>
						</HeartRateBpm>
					</Trackpoint>
					<Trackpoint>
						<Time>2569-06-06T16:41:34Z</Time>
						<HeartRateBpm>
							<Value>145</Value>
						</HeartRateBpm>
					</Trackpoint>
					<Trackpoint>
						<Time>2569-06-06T16:41:35Z</Time>
						<HeartRateBpm>
							<Value>143</Value>
						</HeartRateBpm>
					</Trackpoint>
					<Trackpoint>
						<Time>2569-06-06T16:41:36Z</Time>
						<HeartRateBpm>
							<Value>141</Value>
						</HeartRateBpm>
					</Trackpoint>
					<Trackpoint>
						<Time>2569-06-06T16:41:37Z</Time>
						<HeartRateBpm>
							<Value>140</Value>
						</HeartRateBpm>
					</Trackpoint>
					<Trackpoint>
						<Time>2569-06-06T16:41:38Z</Time>
						<HeartRateBpm>
							<Value>139</Value>
						</HeartRateBpm>
					</Trackpoint>
					<Trackpoint>
						<Time>2569-06-06T16:41:39Z</Time>
						<HeartRateBpm>
							<Value>138</Value>
						</HeartRateBpm>
					</Trackpoint>
					<Trackpoint>
						<Time>2569-06-06T16:41:40Z</Time>
						<HeartRateBpm>
							<Value>137</Value>
						</HeartRateBpm>
					</Trackpoint>
					<Trackpoint>
						<Time>2569-06-06T16:41:41Z</Time>
						<HeartRateBpm>
							<Value>136</Value>
						</HeartRateBpm>
					</Trackpoint>
					<Trackpoint>
						<Time>2569-06-06T16:41:42Z</Time>
						<HeartRateBpm>
							<Value>135</Value>
						</HeartRateBpm>
					</Trackpoint>
					<Trackpoint>
						<Time>2569-06-06T16:41:43Z</Time>
						<HeartRateBpm>
							<Value>134</Value>
						</HeartRateBpm>
					</Trackpoint>
					<Trackpoint>
						<Time>2569-06-06T16:41:44Z</Time>
						<HeartRateBpm>
							<Value>134</Value>
						</HeartRateBpm>
					</Trackpoint>
					<Trackpoint>
						<Time>2569-06-06T16:41:45Z</Time>
						<HeartRateBpm>
							<Value>133</Value>
						</HeartRateBpm>
					</Trackpoint>
					<Trackpoint>
						<Time>2569-06-06T16:41:46Z</Time>
						<HeartRateBpm>
							<Value>133</Value>
						</HeartRateBpm>
					</Trackpoint>
					<Trackpoint>
						<Time>2569-06-06T16:41:47Z</Time>
						<HeartRateBpm>
							<Value>132</Value>
						</HeartRateBpm>
					</Trackpoint>
					<Trackpoint>
						<Time>2569-06-06T16:41:48Z</Time>
						<HeartRateBpm>
							<Value>131</Value>
						</HeartRateBpm>
					</Trackpoint>
					<Trackpoint>
						<Time>2569-06-06T16:41:49Z</Time>
						<HeartRateBpm>
							<Value>130</Value>
						</HeartRateBpm>
					</Trackpoint>
					<Trackpoint>
						<Time>2569-06-06T16:41:50Z</Time>
						<HeartRateBpm>
							<Value>129</Value>
						</HeartRateBpm>
					</Trackpoint>
					<Trackpoint>
						<Time>2569-06-06T16:41:51Z</Time>
						<HeartRateBpm>
							<Value>127</Value>
						</HeartRateBpm>
					</Trackpoint>
					<Trackpoint>
						<Time>2569-06-06T16:41:52Z</Time>
						<HeartRateBpm>
							<Value>126</Value>
						</HeartRateBpm>
					</Trackpoint>
					<Trackpoint>
						<Time>2569-06-06T16:41:53Z</Time>
						<HeartRateBpm>
							<Value>125</Value>
						</HeartRateBpm>
					</Trackpoint>
					<Trackpoint>
						<Time>2569-06-06T16:41:54Z</Time>
						<HeartRateBpm>
							<Value>125</Value>
						</HeartRateBpm>
					</Trackpoint>
					<Trackpoint>
						<Time>2569-06-06T16:41:55Z</Time>
						<HeartRateBpm>
							<Value>124</Value>
						</HeartRateBpm>
					</Trackpoint>
					<Trackpoint>
						<Time>2569-06-06T16:41:56Z</Time>
						<HeartRateBpm>
							<Value>125</Value>
						</HeartRateBpm>
					</Trackpoint>
					<Trackpoint>
						<Time>2569-06-06T16:41:57Z</Time>
						<HeartRateBpm>
							<Value>124</Value>
						</HeartRateBpm>
					</Trackpoint>
					<Trackpoint>
						<Time>2569-06-06T16:41:58Z</Time>
						<HeartRateBpm>
							<Value>123</Value>
						</HeartRateBpm>
					</Trackpoint>
					<Trackpoint>
						<Time>2569-06-06T16:41:59Z</Time>
						<HeartRateBpm>
							<Value>122</Value>
						</HeartRateBpm>
					</Trackpoint>
					<Trackpoint>
						<Time>2569-06-06T16:42:00Z</Time>
						<HeartRateBpm>
							<Value>120</Value>
						</HeartRateBpm>
					</Trackpoint>
					<Trackpoint>
						<Time>2569-06-06T16:42:01Z</Time>
						<HeartRateBpm>
							<Value>119</Value>
						</HeartRateBpm>
					</Trackpoint>
					<Trackpoint>
						<Time>2569-06-06T16:42:02Z</Time>
						<HeartRateBpm>
							<Value>118</Value>
						</HeartRateBpm>
					</Trackpoint>
					<Trackpoint>
						<Time>2569-06-06T16:42:03Z</Time>
						<HeartRateBpm>
							<Value>117</Value>
						</HeartRateBpm>
					</Trackpoint>
					<Trackpoint>
						<Time>2569-06-06T16:42:04Z</Time>
						<HeartRateBpm>
							<Value>115</Value>
						</HeartRateBpm>
					</Trackpoint>
					<Trackpoint>
						<Time>2569-06-06T16:42:05Z</Time>
						<HeartRateBpm>
							<Value>115</Value>
						</HeartRateBpm>
					</Trackpoint>
					<Trackpoint>
						<Time>2569-06-06T16:42:06Z</Time>
						<HeartRateBpm>
							<Value>115</Value>
						</HeartRateBpm>
					</Trackpoint>
					<Trackpoint>
						<Time>2569-06-06T16:42:07Z</Time>
						<HeartRateBpm>
							<Value>116</Value>
						</HeartRateBpm>
					</Trackpoint>
					<Trackpoint>
						<Time>2569-06-06T16:42:08Z</Time>
						<HeartRateBpm>
							<Value>116</Value>
						</HeartRateBpm>
					</Trackpoint>
					<Trackpoint>
						<Time>2569-06-06T16:42:09Z</Time>
						<HeartRateBpm>
							<Value>117</Value>
						</HeartRateBpm>
					</Trackpoint>
					<Trackpoint>
						<Time>2569-06-06T16:42:10Z</Time>
						<HeartRateBpm>
							<Value>116</Value>
						</HeartRateBpm>
					</Trackpoint>
					<Trackpoint>
						<Time>2569-06-06T16:42:11Z</Time>
						<HeartRateBpm>
							<Value>117</Value>
						</HeartRateBpm>
					</Trackpoint>
					<Trackpoint>
						<Time>2569-06-06T16:42:12Z</Time>
						<HeartRateBpm>
							<Value>117</Value>
						</HeartRateBpm>
					</Trackpoint>
					<Trackpoint>
						<Time>2569-06-06T16:42:13Z</Time>
						<HeartRateBpm>
							<Value>117</Value>
						</HeartRateBpm>
					</Trackpoint>
					<Trackpoint>
						<Time>2569-06-06T16:42:14Z</Time>
						<HeartRateBpm>
							<Value>117</Value>
						</HeartRateBpm>
					</Trackpoint>
					<Trackpoint>
						<Time>2569-06-06T16:42:15Z</Time>
						<HeartRateBpm>
							<Value>118</Value>
						</HeartRateBpm>
					</Trackpoint>
					<Trackpoint>
						<Time>2569-06-06T16:42:16Z</Time>
						<HeartRateBpm>
							<Value>119</Value>
						</HeartRateBpm>
					</Trackpoint>
					<Trackpoint>
						<Time>2569-06-06T16:42:17Z</Time>
						<HeartRateBpm>
							<Value>120</Value>
						</HeartRateBpm>
					</Trackpoint>
					<Trackpoint>
						<Time>2569-06-06T16:42:18Z</Time>
						<HeartRateBpm>
							<Value>121</Value>
						</HeartRateBpm>
					</Trackpoint>
					<Trackpoint>
						<Time>2569-06-06T16:42:19Z</Time>
						<HeartRateBpm>
							<Value>122</Value>
						</HeartRateBpm>
					</Trackpoint>
					<Trackpoint>
						<Time>2569-06-06T16:42:20Z</Time>
						<HeartRateBpm>
							<Value>123</Value>
						</HeartRateBpm>
					</Trackpoint>
					<Trackpoint>
						<Time>2569-06-06T16:42:21Z</Time>
						<HeartRateBpm>
							<Value>124</Value>
						</HeartRateBpm>
					</Trackpoint>
					<Trackpoint>
						<Time>2569-06-06T16:42:22Z</Time>
						<HeartRateBpm>
							<Value>125</Value>
						</HeartRateBpm>
					</Trackpoint>
					<Trackpoint>
						<Time>2569-06-06T16:42:23Z</Time>
						<HeartRateBpm>
							<Value>127</Value>
						</HeartRateBpm>
					</Trackpoint>
					<Trackpoint>
						<Time>2569-06-06T16:42:24Z</Time>
						<HeartRateBpm>
							<Value>130</Value>
						</HeartRateBpm>
					</Trackpoint>
					<Trackpoint>
						<Time>2569-06-06T16:42:25Z</Time>
						<HeartRateBpm>
							<Value>131</Value>
						</HeartRateBpm>
					</Trackpoint>
					<Trackpoint>
						<Time>2569-06-06T16:42:26Z</Time>
						<HeartRateBpm>
							<Value>133</Value>
						</HeartRateBpm>
					</Trackpoint>
					<Trackpoint>
						<Time>2569-06-06T16:42:27Z</Time>
						<HeartRateBpm>
							<Value>133</Value>
						</HeartRateBpm>
					</Trackpoint>
					<Trackpoint>
						<Time>2569-06-06T16:42:28Z</Time>
						<HeartRateBpm>
							<Value>134</Value>
						</HeartRateBpm>
					</Trackpoint>
					<Trackpoint>
						<Time>2569-06-06T16:42:29Z</Time>
						<HeartRateBpm>
							<Value>134</Value>
						</HeartRateBpm>
					</Trackpoint>
					<Trackpoint>
						<Time>2569-06-06T16:42:30Z</Time>
						<HeartRateBpm>
							<Value>136</Value>
						</HeartRateBpm>
					</Trackpoint>
					<Trackpoint>
						<Time>2569-06-06T16:42:31Z</Time>
						<HeartRateBpm>
							<Value>138</Value>
						</HeartRateBpm>
					</Trackpoint>
					<Trackpoint>
						<Time>2569-06-06T16:42:32Z</Time>
						<HeartRateBpm>
							<Value>138</Value>
						</HeartRateBpm>
					</Trackpoint>
					<Trackpoint>
						<Time>2569-06-06T16:42:33Z</Time>
						<HeartRateBpm>
							<Value>139</Value>
						</HeartRateBpm>
					</Trackpoint>
					<Trackpoint>
						<Time>2569-06-06T16:42:34Z</Time>
						<HeartRateBpm>
							<Value>139</Value>
						</HeartRateBpm>
					</Trackpoint>
					<Trackpoint>
						<Time>2569-06-06T16:42:35Z</Time>
						<HeartRateBpm>
							<Value>140</Value>
						</HeartRateBpm>
					</Trackpoint>
					<Trackpoint>
						<Time>2569-06-06T16:42:36Z</Time>
						<HeartRateBpm>
							<Value>141</Value>
						</HeartRateBpm>
					</Trackpoint>
					<Trackpoint>
						<Time>2569-06-06T16:42:37Z</Time>
						<HeartRateBpm>
							<Value>142</Value>
						</HeartRateBpm>
					</Trackpoint>
					<Trackpoint>
						<Time>2569-06-06T16:42:38Z</Time>
						<HeartRateBpm>
							<Value>144</Value>
						</HeartRateBpm>
					</Trackpoint>
					<Trackpoint>
						<Time>2569-06-06T16:42:39Z</Time>
						<HeartRateBpm>
							<Value>145</Value>
						</HeartRateBpm>
					</Trackpoint>
					<Trackpoint>
						<Time>2569-06-06T16:42:40Z</Time>
						<HeartRateBpm>
							<Value>145</Value>
						</HeartRateBpm>
					</Trackpoint>
					<Trackpoint>
						<Time>2569-06-06T16:42:41Z</Time>
						<HeartRateBpm>
							<Value>147</Value>
						</HeartRateBpm>
					</Trackpoint>
					<Trackpoint>
						<Time>2569-06-06T16:42:42Z</Time>
						<HeartRateBpm>
							<Value>147</Value>
						</HeartRateBpm>
					</Trackpoint>
					<Trackpoint>
						<Time>2569-06-06T16:42:43Z</Time>
						<HeartRateBpm>
							<Value>147</Value>
						</HeartRateBpm>
					</Trackpoint>
					<Trackpoint>
						<Time>2569-06-06T16:42:44Z</Time>
						<HeartRateBpm>
							<Value>147</Value>
						</HeartRateBpm>
					</Trackpoint>
					<Trackpoint>
						<Time>2569-06-06T16:42:45Z</Time>
						<HeartRateBpm>
							<Value>146</Value>
						</HeartRateBpm>
					</Trackpoint>
					<Trackpoint>
						<Time>2569-06-06T16:42:46Z</Time>
						<HeartRateBpm>
							<Value>144</Value>
						</HeartRateBpm>
					</Trackpoint>
					<Trackpoint>
						<Time>2569-06-06T16:42:47Z</Time>
						<HeartRateBpm>
							<Value>144</Value>
						</HeartRateBpm>
					</Trackpoint>
					<Trackpoint>
						<Time>2569-06-06T16:42:48Z</Time>
						<HeartRateBpm>
							<Value>143</Value>
						</HeartRateBpm>
					</Trackpoint>
					<Trackpoint>
						<Time>2569-06-06T16:42:49Z</Time>
						<HeartRateBpm>
							<Value>143</Value>
						</HeartRateBpm>
					</Trackpoint>
					<Trackpoint>
						<Time>2569-06-06T16:42:50Z</Time>
						<HeartRateBpm>
							<Value>144</Value>
						</HeartRateBpm>
					</Trackpoint>
					<Trackpoint>
						<Time>2569-06-06T16:42:51Z</Time>
						<HeartRateBpm>
							<Value>144</Value>
						</HeartRateBpm>
					</Trackpoint>
					<Trackpoint>
						<Time>2569-06-06T16:42:52Z</Time>
						<HeartRateBpm>
							<Value>144</Value>
						</HeartRateBpm>
					</Trackpoint>
					<Trackpoint>
						<Time>2569-06-06T16:42:53Z</Time>
						<HeartRateBpm>
							<Value>145</Value>
						</HeartRateBpm>
					</Trackpoint>
					<Trackpoint>
						<Time>2569-06-06T16:42:54Z</Time>
						<HeartRateBpm>
							<Value>146</Value>
						</HeartRateBpm>
					</Trackpoint>
					<Trackpoint>
						<Time>2569-06-06T16:42:55Z</Time>
						<HeartRateBpm>
							<Value>146</Value>
						</HeartRateBpm>
					</Trackpoint>
					<Trackpoint>
						<Time>2569-06-06T16:42:56Z</Time>
						<HeartRateBpm>
							<Value>150</Value>
						</HeartRateBpm>
					</Trackpoint>
					<Trackpoint>
						<Time>2569-06-06T16:42:57Z</Time>
						<HeartRateBpm>
							<Value>150</Value>
						</HeartRateBpm>
					</Trackpoint>
					<Trackpoint>
						<Time>2569-06-06T16:42:58Z</Time>
						<HeartRateBpm>
							<Value>151</Value>
						</HeartRateBpm>
					</Trackpoint>
					<Trackpoint>
						<Time>2569-06-06T16:42:59Z</Time>
						<HeartRateBpm>
							<Value>152</Value>
						</HeartRateBpm>
					</Trackpoint>
					<Trackpoint>
						<Time>2569-06-06T16:43:00Z</Time>
						<HeartRateBpm>
							<Value>151</Value>
						</HeartRateBpm>
					</Trackpoint>
					<Trackpoint>
						<Time>2569-06-06T16:43:01Z</Time>
						<HeartRateBpm>
							<Value>151</Value>
						</HeartRateBpm>
					</Trackpoint>
					<Trackpoint>
						<Time>2569-06-06T16:43:02Z</Time>
						<HeartRateBpm>
							<Value>153</Value>
						</HeartRateBpm>
					</Trackpoint>
					<Trackpoint>
						<Time>2569-06-06T16:43:03Z</Time>
						<HeartRateBpm>
							<Value>153</Value>
						</HeartRateBpm>
					</Trackpoint>
					<Trackpoint>
						<Time>2569-06-06T16:43:04Z</Time>
						<HeartRateBpm>
							<Value>156</Value>
						</HeartRateBpm>
					</Trackpoint>
					<Trackpoint>
						<Time>2569-06-06T16:43:05Z</Time>
						<HeartRateBpm>
							<Value>157</Value>
						</HeartRateBpm>
					</Trackpoint>
					<Trackpoint>
						<Time>2569-06-06T16:43:06Z</Time>
						<HeartRateBpm>
							<Value>157</Value>
						</HeartRateBpm>
					</Trackpoint>
					<Trackpoint>
						<Time>2569-06-06T16:43:07Z</Time>
						<HeartRateBpm>
							<Value>157</Value>
						</HeartRateBpm>
					</Trackpoint>
					<Trackpoint>
						<Time>2569-06-06T16:43:08Z</Time>
						<HeartRateBpm>
							<Value>158</Value>
						</HeartRateBpm>
					</Trackpoint>
					<Trackpoint>
						<Time>2569-06-06T16:43:09Z</Time>
						<HeartRateBpm>
							<Value>158</Value>
						</HeartRateBpm>
					</Trackpoint>
					<Trackpoint>
						<Time>2569-06-06T16:43:10Z</Time>
						<HeartRateBpm>
							<Value>157</Value>
						</HeartRateBpm>
					</Trackpoint>
					<Trackpoint>
						<Time>2569-06-06T16:43:11Z</Time>
						<HeartRateBpm>
							<Value>158</Value>
						</HeartRateBpm>
					</Trackpoint>
					<Trackpoint>
						<Time>2569-06-06T16:43:12Z</Time>
						<HeartRateBpm>
							<Value>157</Value>
						</HeartRateBpm>
					</Trackpoint>
					<Trackpoint>
						<Time>2569-06-06T16:43:13Z</Time>
						<HeartRateBpm>
							<Value>158</Value>
						</HeartRateBpm>
					</Trackpoint>
					<Trackpoint>
						<Time>2569-06-06T16:43:14Z</Time>
						<HeartRateBpm>
							<Value>158</Value>
						</HeartRateBpm>
					</Trackpoint>
					<Trackpoint>
						<Time>2569-06-06T16:43:15Z</Time>
						<HeartRateBpm>
							<Value>159</Value>
						</HeartRateBpm>
					</Trackpoint>
					<Trackpoint>
						<Time>2569-06-06T16:43:16Z</Time>
						<HeartRateBpm>
							<Value>159</Value>
						</HeartRateBpm>
					</Trackpoint>
					<Trackpoint>
						<Time>2569-06-06T16:43:17Z</Time>
						<HeartRateBpm>
							<Value>158</Value>
						</HeartRateBpm>
					</Trackpoint>
					<Trackpoint>
						<Time>2569-06-06T16:43:18Z</Time>
						<HeartRateBpm>
							<Value>158</Value>
						</HeartRateBpm>
					</Trackpoint>
					<Trackpoint>
						<Time>2569-06-06T16:43:19Z</Time>
						<HeartRateBpm>
							<Value>158</Value>
						</HeartRateBpm>
					</Trackpoint>
					<Trackpoint>
						<Time>2569-06-06T16:43:20Z</Time>
						<HeartRateBpm>
							<Value>157</Value>
						</HeartRateBpm>
					</Trackpoint>
					<Trackpoint>
						<Time>2569-06-06T16:43:21Z</Time>
						<HeartRateBpm>
							<Value>157</Value>
						</HeartRateBpm>
					</Trackpoint>
					<Trackpoint>
						<Time>2569-06-06T16:43:22Z</Time>
						<HeartRateBpm>
							<Value>158</Value>
						</HeartRateBpm>
					</Trackpoint>
					<Trackpoint>
						<Time>2569-06-06T16:43:23Z</Time>
						<HeartRateBpm>
							<Value>160</Value>
						</HeartRateBpm>
					</Trackpoint>
					<Trackpoint>
						<Time>2569-06-06T16:43:24Z</Time>
						<HeartRateBpm>
							<Value>160</Value>
						</HeartRateBpm>
					</Trackpoint>
					<Trackpoint>
						<Time>2569-06-06T16:43:25Z</Time>
						<HeartRateBpm>
							<Value>161</Value>
						</HeartRateBpm>
					</Trackpoint>
					<Trackpoint>
						<Time>2569-06-06T16:43:26Z</Time>
						<HeartRateBpm>
							<Value>160</Value>
						</HeartRateBpm>
					</Trackpoint>
					<Trackpoint>
						<Time>2569-06-06T16:43:27Z</Time>
						<HeartRateBpm>
							<Value>160</Value>
						</HeartRateBpm>
					</Trackpoint>
					<Trackpoint>
						<Time>2569-06-06T16:43:28Z</Time>
						<HeartRateBpm>
							<Value>159</Value>
						</HeartRateBpm>
					</Trackpoint>
					<Trackpoint>
						<Time>2569-06-06T16:43:29Z</Time>
						<HeartRateBpm>
							<Value>158</Value>
						</HeartRateBpm>
					</Trackpoint>
					<Trackpoint>
						<Time>2569-06-06T16:43:30Z</Time>
						<HeartRateBpm>
							<Value>162</Value>
						</HeartRateBpm>
					</Trackpoint>
					<Trackpoint>
						<Time>2569-06-06T16:43:31Z</Time>
						<HeartRateBpm>
							<Value>161</Value>
						</HeartRateBpm>
					</Trackpoint>
					<Trackpoint>
						<Time>2569-06-06T16:43:32Z</Time>
						<HeartRateBpm>
							<Value>161</Value>
						</HeartRateBpm>
					</Trackpoint>
					<Trackpoint>
						<Time>2569-06-06T16:43:33Z</Time>
						<HeartRateBpm>
							<Value>160</Value>
						</HeartRateBpm>
					</Trackpoint>
					<Trackpoint>
						<Time>2569-06-06T16:43:34Z</Time>
						<HeartRateBpm>
							<Value>159</Value>
						</HeartRateBpm>
					</Trackpoint>
					<Trackpoint>
						<Time>2569-06-06T16:43:35Z</Time>
						<HeartRateBpm>
							<Value>157</Value>
						</HeartRateBpm>
					</Trackpoint>
					<Trackpoint>
						<Time>2569-06-06T16:43:36Z</Time>
						<HeartRateBpm>
							<Value>157</Value>
						</HeartRateBpm>
					</Trackpoint>
					<Trackpoint>
						<Time>2569-06-06T16:43:37Z</Time>
						<HeartRateBpm>
							<Value>157</Value>
						</HeartRateBpm>
					</Trackpoint>
					<Trackpoint>
						<Time>2569-06-06T16:43:38Z</Time>
						<HeartRateBpm>
							<Value>157</Value>
						</HeartRateBpm>
					</Trackpoint>
					<Trackpoint>
						<Time>2569-06-06T16:43:39Z</Time>
						<HeartRateBpm>
							<Value>156</Value>
						</HeartRateBpm>
					</Trackpoint>
					<Trackpoint>
						<Time>2569-06-06T16:43:40Z</Time>
						<HeartRateBpm>
							<Value>157</Value>
						</HeartRateBpm>
					</Trackpoint>
					<Trackpoint>
						<Time>2569-06-06T16:43:41Z</Time>
						<HeartRateBpm>
							<Value>155</Value>
						</HeartRateBpm>
					</Trackpoint>
					<Trackpoint>
						<Time>2569-06-06T16:43:42Z</Time>
						<HeartRateBpm>
							<Value>155</Value>
						</HeartRateBpm>
					</Trackpoint>
					<Trackpoint>
						<Time>2569-06-06T16:43:43Z</Time>
						<HeartRateBpm>
							<Value>154</Value>
						</HeartRateBpm>
					</Trackpoint>
					<Trackpoint>
						<Time>2569-06-06T16:43:44Z</Time>
						<HeartRateBpm>
							<Value>153</Value>
						</HeartRateBpm>
					</Trackpoint>
					<Trackpoint>
						<Time>2569-06-06T16:43:45Z</Time>
						<HeartRateBpm>
							<Value>151</Value>
						</HeartRateBpm>
					</Trackpoint>
					<Trackpoint>
						<Time>2569-06-06T16:43:46Z</Time>
						<HeartRateBpm>
							<Value>150</Value>
						</HeartRateBpm>
					</Trackpoint>
					<Trackpoint>
						<Time>2569-06-06T16:43:47Z</Time>
						<HeartRateBpm>
							<Value>149</Value>
						</HeartRateBpm>
					</Trackpoint>
					<Trackpoint>
						<Time>2569-06-06T16:43:48Z</Time>
						<HeartRateBpm>
							<Value>148</Value>
						</HeartRateBpm>
					</Trackpoint>
					<Trackpoint>
						<Time>2569-06-06T16:43:49Z</Time>
						<HeartRateBpm>
							<Value>148</Value>
						</HeartRateBpm>
					</Trackpoint>
					<Trackpoint>
						<Time>2569-06-06T16:43:50Z</Time>
						<HeartRateBpm>
							<Value>147</Value>
						</HeartRateBpm>
					</Trackpoint>
					<Trackpoint>
						<Time>2569-06-06T16:43:51Z</Time>
						<HeartRateBpm>
							<Value>146</Value>
						</HeartRateBpm>
					</Trackpoint>
					<Trackpoint>
						<Time>2569-06-06T16:43:52Z</Time>
						<HeartRateBpm>
							<Value>145</Value>
						</HeartRateBpm>
					</Trackpoint>
					<Trackpoint>
						<Time>2569-06-06T16:43:53Z</Time>
						<HeartRateBpm>
							<Value>146</Value>
						</HeartRateBpm>
					</Trackpoint>
					<Trackpoint>
						<Time>2569-06-06T16:43:54Z</Time>
						<HeartRateBpm>
							<Value>145</Value>
						</HeartRateBpm>
					</Trackpoint>
					<Trackpoint>
						<Time>2569-06-06T16:43:55Z</Time>
						<HeartRateBpm>
							<Value>144</Value>
						</HeartRateBpm>
					</Trackpoint>
					<Trackpoint>
						<Time>2569-06-06T16:43:56Z</Time>
						<HeartRateBpm>
							<Value>143</Value>
						</HeartRateBpm>
					</Trackpoint>
					<Trackpoint>
						<Time>2569-06-06T16:43:57Z</Time>
						<HeartRateBpm>
							<Value>143</Value>
						</HeartRateBpm>
					</Trackpoint>
					<Trackpoint>
						<Time>2569-06-06T16:43:58Z</Time>
						<HeartRateBpm>
							<Value>141</Value>
						</HeartRateBpm>
					</Trackpoint>
					<Trackpoint>
						<Time>2569-06-06T16:43:59Z</Time>
						<HeartRateBpm>
							<Value>140</Value>
						</HeartRateBpm>
					</Trackpoint>
					<Trackpoint>
						<Time>2569-06-06T16:44:00Z</Time>
						<HeartRateBpm>
							<Value>138</Value>
						</HeartRateBpm>
					</Trackpoint>
					<Trackpoint>
						<Time>2569-06-06T16:44:01Z</Time>
						<HeartRateBpm>
							<Value>136</Value>
						</HeartRateBpm>
					</Trackpoint>
					<Trackpoint>
						<Time>2569-06-06T16:44:02Z</Time>
						<HeartRateBpm>
							<Value>135</Value>
						</HeartRateBpm>
					</Trackpoint>
					<Trackpoint>
						<Time>2569-06-06T16:44:03Z</Time>
						<HeartRateBpm>
							<Value>133</Value>
						</HeartRateBpm>
					</Trackpoint>
					<Trackpoint>
						<Time>2569-06-06T16:44:04Z</Time>
						<HeartRateBpm>
							<Value>132</Value>
						</HeartRateBpm>
					</Trackpoint>
					<Trackpoint>
						<Time>2569-06-06T16:44:05Z</Time>
						<HeartRateBpm>
							<Value>131</Value>
						</HeartRateBpm>
					</Trackpoint>
					<Trackpoint>
						<Time>2569-06-06T16:44:06Z</Time>
						<HeartRateBpm>
							<Value>130</Value>
						</HeartRateBpm>
					</Trackpoint>
					<Trackpoint>
						<Time>2569-06-06T16:44:07Z</Time>
						<HeartRateBpm>
							<Value>129</Value>
						</HeartRateBpm>
					</Trackpoint>
					<Trackpoint>
						<Time>2569-06-06T16:44:08Z</Time>
						<HeartRateBpm>
							<Value>129</Value>
						</HeartRateBpm>
					</Trackpoint>
					<Trackpoint>
						<Time>2569-06-06T16:44:09Z</Time>
						<HeartRateBpm>
							<Value>128</Value>
						</HeartRateBpm>
					</Trackpoint>
					<Trackpoint>
						<Time>2569-06-06T16:44:10Z</Time>
						<HeartRateBpm>
							<Value>127</Value>
						</HeartRateBpm>
					</Trackpoint>
					<Trackpoint>
						<Time>2569-06-06T16:44:11Z</Time>
						<HeartRateBpm>
							<Value>127</Value>
						</HeartRateBpm>
					</Trackpoint>
					<Trackpoint>
						<Time>2569-06-06T16:44:12Z</Time>
						<HeartRateBpm>
							<Value>126</Value>
						</HeartRateBpm>
					</Trackpoint>
					<Trackpoint>
						<Time>2569-06-06T16:44:13Z</Time>
						<HeartRateBpm>
							<Value>125</Value>
						</HeartRateBpm>
					</Trackpoint>
					<Trackpoint>
						<Time>2569-06-06T16:44:14Z</Time>
						<HeartRateBpm>
							<Value>125</Value>
						</HeartRateBpm>
					</Trackpoint>
					<Trackpoint>
						<Time>2569-06-06T16:44:15Z</Time>
						<HeartRateBpm>
							<Value>124</Value>
						</HeartRateBpm>
					</Trackpoint>
					<Trackpoint>
						<Time>2569-06-06T16:44:16Z</Time>
						<HeartRateBpm>
							<Value>123</Value>
						</HeartRateBpm>
					</Trackpoint>
					<Trackpoint>
						<Time>2569-06-06T16:44:17Z</Time>
						<HeartRateBpm>
							<Value>123</Value>
						</HeartRateBpm>
					</Trackpoint>
					<Trackpoint>
						<Time>2569-06-06T16:44:18Z</Time>
						<HeartRateBpm>
							<Value>122</Value>
						</HeartRateBpm>
					</Trackpoint>
					<Trackpoint>
						<Time>2569-06-06T16:44:19Z</Time>
						<HeartRateBpm>
							<Value>122</Value>
						</HeartRateBpm>
					</Trackpoint>
					<Trackpoint>
						<Time>2569-06-06T16:44:20Z</Time>
						<HeartRateBpm>
							<Value>121</Value>
						</HeartRateBpm>
					</Trackpoint>
					<Trackpoint>
						<Time>2569-06-06T16:44:21Z</Time>
						<HeartRateBpm>
							<Value>121</Value>
						</HeartRateBpm>
					</Trackpoint>
					<Trackpoint>
						<Time>2569-06-06T16:44:22Z</Time>
						<HeartRateBpm>
							<Value>120</Value>
						</HeartRateBpm>
					</Trackpoint>
					<Trackpoint>
						<Time>2569-06-06T16:44:23Z</Time>
						<HeartRateBpm>
							<Value>120</Value>
						</HeartRateBpm>
					</Trackpoint>
					<Trackpoint>
						<Time>2569-06-06T16:44:24Z</Time>
						<HeartRateBpm>
							<Value>120</Value>
						</HeartRateBpm>
					</Trackpoint>
					<Trackpoint>
						<Time>2569-06-06T16:44:25Z</Time>
						<HeartRateBpm>
							<Value>121</Value>
						</HeartRateBpm>
					</Trackpoint>
					<Trackpoint>
						<Time>2569-06-06T16:44:26Z</Time>
						<HeartRateBpm>
							<Value>121</Value>
						</HeartRateBpm>
					</Trackpoint>
					<Trackpoint>
						<Time>2569-06-06T16:44:27Z</Time>
						<HeartRateBpm>
							<Value>122</Value>
						</HeartRateBpm>
					</Trackpoint>
					<Trackpoint>
						<Time>2569-06-06T16:44:28Z</Time>
						<HeartRateBpm>
							<Value>121</Value>
						</HeartRateBpm>
					</Trackpoint>
					<Trackpoint>
						<Time>2569-06-06T16:44:29Z</Time>
						<HeartRateBpm>
							<Value>122</Value>
						</HeartRateBpm>
					</Trackpoint>
				</Track>
			</Lap>
			<Creator xsi:type="Device_t">
				<Name>Amazfit Active 2 (Round)</Name>
			</Creator>
		</Activity>
	</Activities>
	<Author xsi:type="Application_t">
		<Name>Zepp</Name>
	</Author>
</TrainingCenterDatabase>