<?xml version="1.0" encoding="utf-8" standalone="no"?>
<TrainingCenterDatabase xmlns="http://www.garmin.com/xmlschemas/TrainingCenterDatabase/v2" xmlns:ns2="http://www.garmin.com/xmlschemas/UserProfile/v2" xmlns:ns3="http://www.garmin.com/xmlschemas/ActivityExtension/v2" xmlns:ns4="http://www.garmin.com/xmlschemas/ProfileExtension/v1" xmlns:ns5="http://www.garmin.com/xmlschemas/ActivityGoals/v1" xmlns:xsi="http://www.w3.org/2001/XMLSchema-instance" xsi:schemaLocation="http://www.garmin.com/xmlschemas/TrainingCenterDatabase/v2 http://www.garmin.com/xmlschemas/TrainingCenterDatabasev2.xsd">
	<Activities>
		<Activity Sport="Running">
			<Id>2569-05-08T14:26:41Z</Id>
			<Notes>การเดิน</Notes>
			<Lap StartTime="2569-05-08T14:26:41Z">
				<TotalTimeSeconds>1339</TotalTimeSeconds>
				<DistanceMeters>1188</DistanceMeters>
				<MaximumSpeed>0</MaximumSpeed>
				<Calories>126</Calories>
				<AverageHeartRateBpm>
					<Value>106</Value>
				</AverageHeartRateBpm>
				<MaximumHeartRateBpm>
					<Value>123</Value>
				</MaximumHeartRateBpm>
				<Intensity>Active</Intensity>
				<TriggerMethod>Manual</TriggerMethod>
				<Extensions>
					<ns3:LX>
						<ns3:AvgSpeed>1.126926</ns3:AvgSpeed>
						<ns3:maxRunCadence>164</ns3:maxRunCadence>
						<ns3:AvgRunCadence>79</ns3:AvgRunCadence>
					</ns3:LX>
				</Extensions>
				<Track>
					<Trackpoint>
						<Time>2569-05-08T14:26:41Z</Time>
						<Position>
							<LatitudeDegrees>9.142204</LatitudeDegrees>
							<LongitudeDegrees>99.331169</LongitudeDegrees>
						</Position>
						<AltitudeMeters>10.780000</AltitudeMeters>
						<HeartRateBpm>
							<Value>90</Value>
						</HeartRateBpm>
						<Cadence>55</Cadence>
						<Extensions>
							<ns3:TPX>
								<ns3:Speed>0.771010</ns3:Speed>
							</ns3:TPX>
						</Extensions>
					</Trackpoint>
					<Trackpoint>
						<Time>2569-05-08T14:26:42Z</Time>
						<Position>
							<LatitudeDegrees>9.142194</LatitudeDegrees>
							<LongitudeDegrees>99.331169</LongitudeDegrees>
						</Position>
						<AltitudeMeters>10.780000</AltitudeMeters>
						<HeartRateBpm>
							<Value>91</Value>
						</HeartRateBpm>
						<Cadence>55</Cadence>
						<Extensions>
							<ns3:TPX>
								<ns3:Speed>0.869570</ns3:Speed>
							</ns3:TPX>
						</Extensions>
					</Trackpoint>
					<Trackpoint>
						<Time>2569-05-08T14:26:43Z</Time>
						<Position>
							<LatitudeDegrees>9.142185</LatitudeDegrees>
							<LongitudeDegrees>99.331170</LongitudeDegrees>
						</Position>
						<AltitudeMeters>10.780000</AltitudeMeters>
						<HeartRateBpm>
							<Value>91</Value>
						</HeartRateBpm>
						<Cadence>55</Cadence>
						<Extensions>
							<ns3:TPX>
								<ns3:Speed>0.933710</ns3:Speed>
							</ns3:TPX>
						</Extensions>
					</Trackpoint>
					<Trackpoint>
						<Time>2569-05-08T14:26:44Z</Time>
						<Position>
							<LatitudeDegrees>9.142177</LatitudeDegrees>
							<LongitudeDegrees>99.331171</LongitudeDegrees>
						</Position>
						<AltitudeMeters>10.770000</AltitudeMeters>
						<HeartRateBpm>
							<Value>92</Value>
						</HeartRateBpm>
						<Cadence>55</Cadence>
						<Extensions>
							<ns3:TPX>
								<ns3:Speed>0.962460</ns3:Speed>
							</ns3:TPX>
						</Extensions>
					</Trackpoint>
					<Trackpoint>
						<Time>2569-05-08T14:26:45Z</Time>
						<Position>
							<LatitudeDegrees>9.142169</LatitudeDegrees>
							<LongitudeDegrees>99.331173</LongitudeDegrees>
						</Position>
						<AltitudeMeters>10.760000</AltitudeMeters>
						<HeartRateBpm>
							<Value>94</Value>
						</HeartRateBpm>
						<Cadence>55</Cadence>
						<Extensions>
							<ns3:TPX>
								<ns3:Speed>0.983280</ns3:Speed>
							</ns3:TPX>
						</Extensions>
					</Trackpoint>
					<Trackpoint>
						<Time>2569-05-08T14:26:46Z</Time>
						<Position>
							<LatitudeDegrees>9.142160</LatitudeDegrees>
							<LongitudeDegrees>99.331174</LongitudeDegrees>
						</Position>
						<AltitudeMeters>10.750000</AltitudeMeters>
						<HeartRateBpm>
							<Value>94</Value>
						</HeartRateBpm>
						<Cadence>54</Cadence>
						<Extensions>
							<ns3:TPX>
								<ns3:Speed>1.031990</ns3:Speed>
							</ns3:TPX>
						</Extensions>
					</Trackpoint>
					<Trackpoint>
						<Time>2569-05-08T14:26:47Z</Time>
						<Position>
							<LatitudeDegrees>9.142153</LatitudeDegrees>
							<LongitudeDegrees>99.331176</LongitudeDegrees>
						</Position>
						<AltitudeMeters>10.740000</AltitudeMeters>
						<HeartRateBpm>
							<Value>95</Value>
						</HeartRateBpm>
						<Cadence>53</Cadence>
						<Extensions>
							<ns3:TPX>
								<ns3:Speed>1.040580</ns3:Speed>
							</ns3:TPX>
						</Extensions>
					</Trackpoint>
					<Trackpoint>
						<Time>2569-05-08T14:26:48Z</Time>
						<Position>
							<LatitudeDegrees>9.142146</LatitudeDegrees>
							<LongitudeDegrees>99.331178</LongitudeDegrees>
						</Position>
						<AltitudeMeters>10.730000</AltitudeMeters>
						<HeartRateBpm>
							<Value>94</Value>
						</HeartRateBpm>
						<Cadence>53</Cadence>
						<Extensions>
							<ns3:TPX>
								<ns3:Speed>0.999000</ns3:Speed>
							</ns3:TPX>
						</Extensions>
					</Trackpoint>
					<Trackpoint>
						<Time>2569-05-08T14:26:49Z</Time>
						<Position>
							<LatitudeDegrees>9.142139</LatitudeDegrees>
							<LongitudeDegrees>99.331180</LongitudeDegrees>
						</Position>
						<AltitudeMeters>10.710000</AltitudeMeters>
						<HeartRateBpm>
							<Value>94</Value>
						</HeartRateBpm>
						<Cadence>53</Cadence>
						<Extensions>
							<ns3:TPX>
								<ns3:Speed>0.982320</ns3:Speed>
							</ns3:TPX>
						</Extensions>
					</Trackpoint>
					<Trackpoint>
						<Time>2569-05-08T14:26:50Z</Time>
						<Position>
							<LatitudeDegrees>9.142131</LatitudeDegrees>
							<LongitudeDegrees>99.331182</LongitudeDegrees>
						</Position>
						<AltitudeMeters>10.700000</AltitudeMeters>
						<HeartRateBpm>
							<Value>94</Value>
						</HeartRateBpm>
						<Cadence>53</Cadence>
						<Extensions>
							<ns3:TPX>
								<ns3:Speed>0.968990</ns3:Speed>
							</ns3:TPX>
						</Extensions>
					</Trackpoint>
					<Trackpoint>
						<Time>2569-05-08T14:26:51Z</Time>
						<Position>
							<LatitudeDegrees>9.142120</LatitudeDegrees>
							<LongitudeDegrees>99.331185</LongitudeDegrees>
						</Position>
						<AltitudeMeters>10.690000</AltitudeMeters>
						<HeartRateBpm>
							<Value>95</Value>
						</HeartRateBpm>
						<Cadence>54</Cadence>
						<Extensions>
							<ns3:TPX>
								<ns3:Speed>0.958770</ns3:Speed>
							</ns3:TPX>
						</Extensions>
					</Trackpoint>
					<Trackpoint>
						<Time>2569-05-08T14:26:52Z</Time>
						<Position>
							<LatitudeDegrees>9.142110</LatitudeDegrees>
							<LongitudeDegrees>99.331189</LongitudeDegrees>
						</Position>
						<AltitudeMeters>10.680000</AltitudeMeters>
						<HeartRateBpm>
							<Value>95</Value>
						</HeartRateBpm>
						<Cadence>55</Cadence>
						<Extensions>
							<ns3:TPX>
								<ns3:Speed>0.946970</ns3:Speed>
							</ns3:TPX>
						</Extensions>
					</Trackpoint>
					<Trackpoint>
						<Time>2569-05-08T14:26:53Z</Time>
						<Position>
							<LatitudeDegrees>9.142101</LatitudeDegrees>
							<LongitudeDegrees>99.331193</LongitudeDegrees>
						</Position>
						<AltitudeMeters>10.670000</AltitudeMeters>
						<HeartRateBpm>
							<Value>95</Value>
						</HeartRateBpm>
						<Cadence>56</Cadence>
						<Extensions>
							<ns3:TPX>
								<ns3:Speed>0.938970</ns3:Speed>
							</ns3:TPX>
						</Extensions>
					</Trackpoint>
					<Trackpoint>
						<Time>2569-05-08T14:26:54Z</Time>
						<Position>
							<LatitudeDegrees>9.142089</LatitudeDegrees>
							<LongitudeDegrees>99.331198</LongitudeDegrees>
						</Position>
						<AltitudeMeters>10.660000</AltitudeMeters>
						<HeartRateBpm>
							<Value>95</Value>
						</HeartRateBpm>
						<Cadence>57</Cadence>
						<Extensions>
							<ns3:TPX>
								<ns3:Speed>0.943400</ns3:Speed>
							</ns3:TPX>
						</Extensions>
					</Trackpoint>
					<Trackpoint>
						<Time>2569-05-08T14:26:55Z</Time>
						<Position>
							<LatitudeDegrees>9.142078</LatitudeDegrees>
							<LongitudeDegrees>99.331204</LongitudeDegrees>
						</Position>
						<AltitudeMeters>10.660000</AltitudeMeters>
						<HeartRateBpm>
							<Value>93</Value>
						</HeartRateBpm>
						<Cadence>57</Cadence>
						<Extensions>
							<ns3:TPX>
								<ns3:Speed>0.959690</ns3:Speed>
							</ns3:TPX>
						</Extensions>
					</Trackpoint>
					<Trackpoint>
						<Time>2569-05-08T14:26:56Z</Time>
						<Position>
							<LatitudeDegrees>9.142067</LatitudeDegrees>
							<LongitudeDegrees>99.331210</LongitudeDegrees>
						</Position>
						<AltitudeMeters>10.650000</AltitudeMeters>
						<HeartRateBpm>
							<Value>93</Value>
						</HeartRateBpm>
						<Cadence>58</Cadence>
						<Extensions>
							<ns3:TPX>
								<ns3:Speed>0.919960</ns3:Speed>
							</ns3:TPX>
						</Extensions>
					</Trackpoint>
					<Trackpoint>
						<Time>2569-05-08T14:26:57Z</Time>
						<Position>
							<LatitudeDegrees>9.142056</LatitudeDegrees>
							<LongitudeDegrees>99.331215</LongitudeDegrees>
						</Position>
						<AltitudeMeters>10.640000</AltitudeMeters>
						<HeartRateBpm>
							<Value>93</Value>
						</HeartRateBpm>
						<Cadence>57</Cadence>
						<Extensions>
							<ns3:TPX>
								<ns3:Speed>0.880280</ns3:Speed>
							</ns3:TPX>
						</Extensions>
					</Trackpoint>
					<Trackpoint>
						<Time>2569-05-08T14:26:58Z</Time>
						<Position>
							<LatitudeDegrees>9.142043</LatitudeDegrees>
							<LongitudeDegrees>99.331220</LongitudeDegrees>
						</Position>
						<AltitudeMeters>10.630000</AltitudeMeters>
						<HeartRateBpm>
							<Value>93</Value>
						</HeartRateBpm>
						<Cadence>61</Cadence>
						<Extensions>
							<ns3:TPX>
								<ns3:Speed>0.937210</ns3:Speed>
							</ns3:TPX>
						</Extensions>
					</Trackpoint>
					<Trackpoint>
						<Time>2569-05-08T14:26:59Z</Time>
						<Position>
							<LatitudeDegrees>9.142031</LatitudeDegrees>
							<LongitudeDegrees>99.331225</LongitudeDegrees>
						</Position>
						<AltitudeMeters>10.610000</AltitudeMeters>
						<HeartRateBpm>
							<Value>94</Value>
						</HeartRateBpm>
						<Cadence>62</Cadence>
						<Extensions>
							<ns3:TPX>
								<ns3:Speed>1.084600</ns3:Speed>
							</ns3:TPX>
						</Extensions>
					</Trackpoint>
					<Trackpoint>
						<Time>2569-05-08T14:27:00Z</Time>
						<Position>
							<LatitudeDegrees>9.142018</LatitudeDegrees>
							<LongitudeDegrees>99.331228</LongitudeDegrees>
						</Position>
						<AltitudeMeters>10.590000</AltitudeMeters>
						<HeartRateBpm>
							<Value>96</Value>
						</HeartRateBpm>
						<Cadence>62</Cadence>
						<Extensions>
							<ns3:TPX>
								<ns3:Speed>1.123600</ns3:Speed>
							</ns3:TPX>
						</Extensions>
					</Trackpoint>
					<Trackpoint>
						<Time>2569-05-08T14:27:01Z</Time>
						<Position>
							<LatitudeDegrees>9.142007</LatitudeDegrees>
							<LongitudeDegrees>99.331233</LongitudeDegrees>
						</Position>
						<AltitudeMeters>10.590000</AltitudeMeters>
						<HeartRateBpm>
							<Value>99</Value>
						</HeartRateBpm>
						<Cadence>61</Cadence>
						<Extensions>
							<ns3:TPX>
								<ns3:Speed>1.042750</ns3:Speed>
							</ns3:TPX>
						</Extensions>
					</Trackpoint>
					<Trackpoint>
						<Time>2569-05-08T14:27:02Z</Time>
						<Position>
							<LatitudeDegrees>9.141998</LatitudeDegrees>
							<LongitudeDegrees>99.331239</LongitudeDegrees>
						</Position>
						<AltitudeMeters>10.580000</AltitudeMeters>
						<HeartRateBpm>
							<Value>100</Value>
						</HeartRateBpm>
						<Cadence>60</Cadence>
						<Extensions>
							<ns3:TPX>
								<ns3:Speed>1.042750</ns3:Speed>
							</ns3:TPX>
						</Extensions>
					</Trackpoint>
					<Trackpoint>
						<Time>2569-05-08T14:27:03Z</Time>
						<Position>
							<LatitudeDegrees>9.141988</LatitudeDegrees>
							<LongitudeDegrees>99.331244</LongitudeDegrees>
						</Position>
						<AltitudeMeters>10.570000</AltitudeMeters>
						<HeartRateBpm>
							<Value>101</Value>
						</HeartRateBpm>
						<Cadence>60</Cadence>
						<Extensions>
							<ns3:TPX>
								<ns3:Speed>1.154730</ns3:Speed>
							</ns3:TPX>
						</Extensions>
					</Trackpoint>
					<Trackpoint>
						<Time>2569-05-08T14:27:04Z</Time>
						<Position>
							<LatitudeDegrees>9.141977</LatitudeDegrees>
							<LongitudeDegrees>99.331249</LongitudeDegrees>
						</Position>
						<AltitudeMeters>10.560000</AltitudeMeters>
						<HeartRateBpm>
							<Value>101</Value>
						</HeartRateBpm>
						<Cadence>60</Cadence>
						<Extensions>
							<ns3:TPX>
								<ns3:Speed>1.243780</ns3:Speed>
							</ns3:TPX>
						</Extensions>
					</Trackpoint>
					<Trackpoint>
						<Time>2569-05-08T14:27:05Z</Time>
						<Position>
							<LatitudeDegrees>9.141966</LatitudeDegrees>
							<LongitudeDegrees>99.331253</LongitudeDegrees>
						</Position>
						<AltitudeMeters>10.560000</AltitudeMeters>
						<HeartRateBpm>
							<Value>102</Value>
						</HeartRateBpm>
						<Cadence>60</Cadence>
						<Extensions>
							<ns3:TPX>
								<ns3:Speed>1.248440</ns3:Speed>
							</ns3:TPX>
						</Extensions>
					</Trackpoint>
					<Trackpoint>
						<Time>2569-05-08T14:27:06Z</Time>
						<Position>
							<LatitudeDegrees>9.141956</LatitudeDegrees>
							<LongitudeDegrees>99.331258</LongitudeDegrees>
						</Position>
						<AltitudeMeters>10.550000</AltitudeMeters>
						<HeartRateBpm>
							<Value>102</Value>
						</HeartRateBpm>
						<Cadence>60</Cadence>
						<Extensions>
							<ns3:TPX>
								<ns3:Speed>1.245330</ns3:Speed>
							</ns3:TPX>
						</Extensions>
					</Trackpoint>
					<Trackpoint>
						<Time>2569-05-08T14:27:07Z</Time>
						<Position>
							<LatitudeDegrees>9.141948</LatitudeDegrees>
							<LongitudeDegrees>99.331264</LongitudeDegrees>
						</Position>
						<AltitudeMeters>10.550000</AltitudeMeters>
						<HeartRateBpm>
							<Value>102</Value>
						</HeartRateBpm>
						<Cadence>60</Cadence>
						<Extensions>
							<ns3:TPX>
								<ns3:Speed>1.218030</ns3:Speed>
							</ns3:TPX>
						</Extensions>
					</Trackpoint>
					<Trackpoint>
						<Time>2569-05-08T14:27:08Z</Time>
						<Position>
							<LatitudeDegrees>9.141940</LatitudeDegrees>
							<LongitudeDegrees>99.331270</LongitudeDegrees>
						</Position>
						<AltitudeMeters>10.540000</AltitudeMeters>
						<HeartRateBpm>
							<Value>102</Value>
						</HeartRateBpm>
						<Cadence>60</Cadence>
						<Extensions>
							<ns3:TPX>
								<ns3:Speed>1.196170</ns3:Speed>
							</ns3:TPX>
						</Extensions>
					</Trackpoint>
					<Trackpoint>
						<Time>2569-05-08T14:27:09Z</Time>
						<Position>
							<LatitudeDegrees>9.141931</LatitudeDegrees>
							<LongitudeDegrees>99.331277</LongitudeDegrees>
						</Position>
						<AltitudeMeters>10.540000</AltitudeMeters>
						<HeartRateBpm>
							<Value>101</Value>
						</HeartRateBpm>
						<Cadence>60</Cadence>
						<Extensions>
							<ns3:TPX>
								<ns3:Speed>1.180640</ns3:Speed>
							</ns3:TPX>
						</Extensions>
					</Trackpoint>
					<Trackpoint>
						<Time>2569-05-08T14:27:10Z</Time>
						<Position>
							<LatitudeDegrees>9.141922</LatitudeDegrees>
							<LongitudeDegrees>99.331284</LongitudeDegrees>
						</Position>
						<AltitudeMeters>10.530000</AltitudeMeters>
						<HeartRateBpm>
							<Value>100</Value>
						</HeartRateBpm>
						<Cadence>60</Cadence>
						<Extensions>
							<ns3:TPX>
								<ns3:Speed>1.183430</ns3:Speed>
							</ns3:TPX>
						</Extensions>
					</Trackpoint>
					<Trackpoint>
						<Time>2569-05-08T14:27:11Z</Time>
						<Position>
							<LatitudeDegrees>9.141914</LatitudeDegrees>
							<LongitudeDegrees>99.331291</LongitudeDegrees>
						</Position>
						<AltitudeMeters>10.530000</AltitudeMeters>
						<HeartRateBpm>
							<Value>100</Value>
						</HeartRateBpm>
						<Cadence>59</Cadence>
						<Extensions>
							<ns3:TPX>
								<ns3:Speed>1.196170</ns3:Speed>
							</ns3:TPX>
						</Extensions>
					</Trackpoint>
					<Trackpoint>
						<Time>2569-05-08T14:27:12Z</Time>
						<Position>
							<LatitudeDegrees>9.141905</LatitudeDegrees>
							<LongitudeDegrees>99.331299</LongitudeDegrees>
						</Position>
						<AltitudeMeters>10.530000</AltitudeMeters>
						<HeartRateBpm>
							<Value>100</Value>
						</HeartRateBpm>
						<Cadence>58</Cadence>
						<Extensions>
							<ns3:TPX>
								<ns3:Speed>1.194740</ns3:Speed>
							</ns3:TPX>
						</Extensions>
					</Trackpoint>
					<Trackpoint>
						<Time>2569-05-08T14:27:14Z</Time>
						<Position>
							<LatitudeDegrees>9.141896</LatitudeDegrees>
							<LongitudeDegrees>99.331306</LongitudeDegrees>
						</Position>
						<AltitudeMeters>10.530000</AltitudeMeters>
						<HeartRateBpm>
							<Value>100</Value>
						</HeartRateBpm>
						<Cadence>57</Cadence>
						<Extensions>
							<ns3:TPX>
								<ns3:Speed>1.197600</ns3:Speed>
							</ns3:TPX>
						</Extensions>
					</Trackpoint>
					<Trackpoint>
						<Time>2569-05-08T14:27:15Z</Time>
						<Position>
							<LatitudeDegrees>9.141886</LatitudeDegrees>
							<LongitudeDegrees>99.331313</LongitudeDegrees>
						</Position>
						<AltitudeMeters>10.530000</AltitudeMeters>
						<HeartRateBpm>
							<Value>100</Value>
						</HeartRateBpm>
						<Cadence>56</Cadence>
						<Extensions>
							<ns3:TPX>
								<ns3:Speed>1.216550</ns3:Speed>
							</ns3:TPX>
						</Extensions>
					</Trackpoint>
					<Trackpoint>
						<Time>2569-05-08T14:27:16Z</Time>
						<Position>
							<LatitudeDegrees>9.141877</LatitudeDegrees>
							<LongitudeDegrees>99.331319</LongitudeDegrees>
						</Position>
						<AltitudeMeters>10.530000</AltitudeMeters>
						<HeartRateBpm>
							<Value>100</Value>
						</HeartRateBpm>
						<Cadence>56</Cadence>
						<Extensions>
							<ns3:TPX>
								<ns3:Speed>1.223990</ns3:Speed>
							</ns3:TPX>
						</Extensions>
					</Trackpoint>
					<Trackpoint>
						<Time>2569-05-08T14:27:17Z</Time>
						<Position>
							<LatitudeDegrees>9.141869</LatitudeDegrees>
							<LongitudeDegrees>99.331324</LongitudeDegrees>
						</Position>
						<AltitudeMeters>10.540000</AltitudeMeters>
						<HeartRateBpm>
							<Value>100</Value>
						</HeartRateBpm>
						<Cadence>55</Cadence>
						<Extensions>
							<ns3:TPX>
								<ns3:Speed>1.209190</ns3:Speed>
							</ns3:TPX>
						</Extensions>
					</Trackpoint>
					<Trackpoint>
						<Time>2569-05-08T14:27:18Z</Time>
						<Position>
							<LatitudeDegrees>9.141861</LatitudeDegrees>
							<LongitudeDegrees>99.331329</LongitudeDegrees>
						</Position>
						<AltitudeMeters>10.540000</AltitudeMeters>
						<HeartRateBpm>
							<Value>100</Value>
						</HeartRateBpm>
						<Cadence>55</Cadence>
						<Extensions>
							<ns3:TPX>
								<ns3:Speed>1.187650</ns3:Speed>
							</ns3:TPX>
						</Extensions>
					</Trackpoint>
					<Trackpoint>
						<Time>2569-05-08T14:27:19Z</Time>
						<Position>
							<LatitudeDegrees>9.141854</LatitudeDegrees>
							<LongitudeDegrees>99.331334</LongitudeDegrees>
						</Position>
						<AltitudeMeters>10.550000</AltitudeMeters>
						<HeartRateBpm>
							<Value>100</Value>
						</HeartRateBpm>
						<Cadence>54</Cadence>
						<Extensions>
							<ns3:TPX>
								<ns3:Speed>1.158750</ns3:Speed>
							</ns3:TPX>
						</Extensions>
					</Trackpoint>
					<Trackpoint>
						<Time>2569-05-08T14:27:20Z</Time>
						<Position>
							<LatitudeDegrees>9.141847</LatitudeDegrees>
							<LongitudeDegrees>99.331338</LongitudeDegrees>
						</Position>
						<AltitudeMeters>10.550000</AltitudeMeters>
						<HeartRateBpm>
							<Value>101</Value>
						</HeartRateBpm>
						<Cadence>54</Cadence>
						<Extensions>
							<ns3:TPX>
								<ns3:Speed>1.090510</ns3:Speed>
							</ns3:TPX>
						</Extensions>
					</Trackpoint>
					<Trackpoint>
						<Time>2569-05-08T14:27:21Z</Time>
						<Position>
							<LatitudeDegrees>9.141832</LatitudeDegrees>
							<LongitudeDegrees>99.331348</LongitudeDegrees>
						</Position>
						<AltitudeMeters>10.560000</AltitudeMeters>
						<HeartRateBpm>
							<Value>101</Value>
						</HeartRateBpm>
						<Cadence>53</Cadence>
						<Extensions>
							<ns3:TPX>
								<ns3:Speed>1.002000</ns3:Speed>
							</ns3:TPX>
						</Extensions>
					</Trackpoint>
					<Trackpoint>
						<Time>2569-05-08T14:27:21Z</Time>
						<Position>
							<LatitudeDegrees>9.141832</LatitudeDegrees>
							<LongitudeDegrees>99.331348</LongitudeDegrees>
						</Position>
						<AltitudeMeters>10.560000</AltitudeMeters>
						<HeartRateBpm>
							<Value>101</Value>
						</HeartRateBpm>
						<Cadence>53</Cadence>
						<Extensions>
							<ns3:TPX>
								<ns3:Speed>1.002000</ns3:Speed>
							</ns3:TPX>
						</Extensions>
					</Trackpoint>
					<Trackpoint>
						<Time>2569-05-08T14:27:23Z</Time>
						<Position>
							<LatitudeDegrees>9.141818</LatitudeDegrees>
							<LongitudeDegrees>99.331359</LongitudeDegrees>
						</Position>
						<AltitudeMeters>10.580000</AltitudeMeters>
						<HeartRateBpm>
							<Value>101</Value>
						</HeartRateBpm>
						<Cadence>52</Cadence>
						<Extensions>
							<ns3:TPX>
								<ns3:Speed>0.895260</ns3:Speed>
							</ns3:TPX>
						</Extensions>
					</Trackpoint>
					<Trackpoint>
						<Time>2569-05-08T14:27:23Z</Time>
						<Position>
							<LatitudeDegrees>9.141818</LatitudeDegrees>
							<LongitudeDegrees>99.331359</LongitudeDegrees>
						</Position>
						<AltitudeMeters>10.580000</AltitudeMeters>
						<HeartRateBpm>
							<Value>101</Value>
						</HeartRateBpm>
						<Cadence>52</Cadence>
						<Extensions>
							<ns3:TPX>
								<ns3:Speed>0.895260</ns3:Speed>
							</ns3:TPX>
						</Extensions>
					</Trackpoint>
					<Trackpoint>
						<Time>2569-05-08T14:27:24Z</Time>
						<Position>
							<LatitudeDegrees>9.141812</LatitudeDegrees>
							<LongitudeDegrees>99.331364</LongitudeDegrees>
						</Position>
						<AltitudeMeters>10.590000</AltitudeMeters>
						<HeartRateBpm>
							<Value>101</Value>
						</HeartRateBpm>
						<Cadence>51</Cadence>
						<Extensions>
							<ns3:TPX>
								<ns3:Speed>0.877190</ns3:Speed>
							</ns3:TPX>
						</Extensions>
					</Trackpoint>
					<Trackpoint>
						<Time>2569-05-08T14:27:26Z</Time>
						<Position>
							<LatitudeDegrees>9.141807</LatitudeDegrees>
							<LongitudeDegrees>99.331368</LongitudeDegrees>
						</Position>
						<AltitudeMeters>10.590000</AltitudeMeters>
						<HeartRateBpm>
							<Value>100</Value>
						</HeartRateBpm>
						<Cadence>49</Cadence>
						<Extensions>
							<ns3:TPX>
								<ns3:Speed>0.864300</ns3:Speed>
							</ns3:TPX>
						</Extensions>
					</Trackpoint>
					<Trackpoint>
						<Time>2569-05-08T14:27:27Z</Time>
						<Position>
							<LatitudeDegrees>9.141795</LatitudeDegrees>
							<LongitudeDegrees>99.331371</LongitudeDegrees>
						</Position>
						<AltitudeMeters>10.600000</AltitudeMeters>
						<HeartRateBpm>
							<Value>100</Value>
						</HeartRateBpm>
						<Cadence>46</Cadence>
						<Extensions>
							<ns3:TPX>
								<ns3:Speed>0.843170</ns3:Speed>
							</ns3:TPX>
						</Extensions>
					</Trackpoint>
					<Trackpoint>
						<Time>2569-05-08T14:27:27Z</Time>
						<Position>
							<LatitudeDegrees>9.141795</LatitudeDegrees>
							<LongitudeDegrees>99.331371</LongitudeDegrees>
						</Position>
						<AltitudeMeters>10.600000</AltitudeMeters>
						<HeartRateBpm>
							<Value>100</Value>
						</HeartRateBpm>
						<Cadence>46</Cadence>
						<Extensions>
							<ns3:TPX>
								<ns3:Speed>0.843170</ns3:Speed>
							</ns3:TPX>
						</Extensions>
					</Trackpoint>
					<Trackpoint>
						<Time>2569-05-08T14:27:28Z</Time>
						<Position>
							<LatitudeDegrees>9.141786</LatitudeDegrees>
							<LongitudeDegrees>99.331370</LongitudeDegrees>
						</Position>
						<AltitudeMeters>10.610000</AltitudeMeters>
						<HeartRateBpm>
							<Value>99</Value>
						</HeartRateBpm>
						<Cadence>45</Cadence>
						<Extensions>
							<ns3:TPX>
								<ns3:Speed>0.804510</ns3:Speed>
							</ns3:TPX>
						</Extensions>
					</Trackpoint>
					<Trackpoint>
						<Time>2569-05-08T14:27:30Z</Time>
						<Position>
							<LatitudeDegrees>9.141768</LatitudeDegrees>
							<LongitudeDegrees>99.331366</LongitudeDegrees>
						</Position>
						<AltitudeMeters>10.620000</AltitudeMeters>
						<HeartRateBpm>
							<Value>99</Value>
						</HeartRateBpm>
						<Cadence>51</Cadence>
						<Extensions>
							<ns3:TPX>
								<ns3:Speed>0.771010</ns3:Speed>
							</ns3:TPX>
						</Extensions>
					</Trackpoint>
					<Trackpoint>
						<Time>2569-05-08T14:27:30Z</Time>
						<Position>
							<LatitudeDegrees>9.141768</LatitudeDegrees>
							<LongitudeDegrees>99.331366</LongitudeDegrees>
						</Position>
						<AltitudeMeters>10.620000</AltitudeMeters>
						<HeartRateBpm>
							<Value>99</Value>
						</HeartRateBpm>
						<Cadence>51</Cadence>
						<Extensions>
							<ns3:TPX>
								<ns3:Speed>0.771010</ns3:Speed>
							</ns3:TPX>
						</Extensions>
					</Trackpoint>
					<Trackpoint>
						<Time>2569-05-08T14:27:32Z</Time>
						<Position>
							<LatitudeDegrees>9.141747</LatitudeDegrees>
							<LongitudeDegrees>99.331363</LongitudeDegrees>
						</Position>
						<AltitudeMeters>10.640000</AltitudeMeters>
						<HeartRateBpm>
							<Value>99</Value>
						</HeartRateBpm>
						<Cadence>51</Cadence>
						<Extensions>
							<ns3:TPX>
								<ns3:Speed>0.722020</ns3:Speed>
							</ns3:TPX>
						</Extensions>
					</Trackpoint>
					<Trackpoint>
						<Time>2569-05-08T14:27:32Z</Time>
						<Position>
							<LatitudeDegrees>9.141747</LatitudeDegrees>
							<LongitudeDegrees>99.331363</LongitudeDegrees>
						</Position>
						<AltitudeMeters>10.640000</AltitudeMeters>
						<HeartRateBpm>
							<Value>99</Value>
						</HeartRateBpm>
						<Cadence>51</Cadence>
						<Extensions>
							<ns3:TPX>
								<ns3:Speed>0.722020</ns3:Speed>
							</ns3:TPX>
						</Extensions>
					</Trackpoint>
					<Trackpoint>
						<Time>2569-05-08T14:27:34Z</Time>
						<Position>
							<LatitudeDegrees>9.141738</LatitudeDegrees>
							<LongitudeDegrees>99.331362</LongitudeDegrees>
						</Position>
						<AltitudeMeters>10.650000</AltitudeMeters>
						<HeartRateBpm>
							<Value>101</Value>
						</HeartRateBpm>
						<Cadence>52</Cadence>
						<Extensions>
							<ns3:TPX>
								<ns3:Speed>0.728330</ns3:Speed>
							</ns3:TPX>
						</Extensions>
					</Trackpoint>
					<Trackpoint>
						<Time>2569-05-08T14:27:35Z</Time>
						<Position>
							<LatitudeDegrees>9.141729</LatitudeDegrees>
							<LongitudeDegrees>99.331359</LongitudeDegrees>
						</Position>
						<AltitudeMeters>10.650000</AltitudeMeters>
						<HeartRateBpm>
							<Value>101</Value>
						</HeartRateBpm>
						<Cadence>57</Cadence>
						<Extensions>
							<ns3:TPX>
								<ns3:Speed>0.778820</ns3:Speed>
							</ns3:TPX>
						</Extensions>
					</Trackpoint>
					<Trackpoint>
						<Time>2569-05-08T14:27:36Z</Time>
						<Position>
							<LatitudeDegrees>9.141711</LatitudeDegrees>
							<LongitudeDegrees>99.331353</LongitudeDegrees>
						</Position>
						<AltitudeMeters>10.670000</AltitudeMeters>
						<HeartRateBpm>
							<Value>103</Value>
						</HeartRateBpm>
						<Cadence>56</Cadence>
						<Extensions>
							<ns3:TPX>
								<ns3:Speed>0.887310</ns3:Speed>
							</ns3:TPX>
						</Extensions>
					</Trackpoint>
					<Trackpoint>
						<Time>2569-05-08T14:27:36Z</Time>
						<Position>
							<LatitudeDegrees>9.141711</LatitudeDegrees>
							<LongitudeDegrees>99.331353</LongitudeDegrees>
						</Position>
						<AltitudeMeters>10.670000</AltitudeMeters>
						<HeartRateBpm>
							<Value>103</Value>
						</HeartRateBpm>
						<Cadence>56</Cadence>
						<Extensions>
							<ns3:TPX>
								<ns3:Speed>0.887310</ns3:Speed>
							</ns3:TPX>
						</Extensions>
					</Trackpoint>
					<Trackpoint>
						<Time>2569-05-08T14:27:38Z</Time>
						<Position>
							<LatitudeDegrees>9.141704</LatitudeDegrees>
							<LongitudeDegrees>99.331348</LongitudeDegrees>
						</Position>
						<AltitudeMeters>10.670000</AltitudeMeters>
						<HeartRateBpm>
							<Value>102</Value>
						</HeartRateBpm>
						<Cadence>56</Cadence>
						<Extensions>
							<ns3:TPX>
								<ns3:Speed>0.984250</ns3:Speed>
							</ns3:TPX>
						</Extensions>
					</Trackpoint>
					<Trackpoint>
						<Time>2569-05-08T14:27:39Z</Time>
						<Position>
							<LatitudeDegrees>9.141688</LatitudeDegrees>
							<LongitudeDegrees>99.331337</LongitudeDegrees>
						</Position>
						<AltitudeMeters>10.670000</AltitudeMeters>
						<HeartRateBpm>
							<Value>102</Value>
						</HeartRateBpm>
						<Cadence>56</Cadence>
						<Extensions>
							<ns3:TPX>
								<ns3:Speed>0.987170</ns3:Speed>
							</ns3:TPX>
						</Extensions>
					</Trackpoint>
					<Trackpoint>
						<Time>2569-05-08T14:27:39Z</Time>
						<Position>
							<LatitudeDegrees>9.141688</LatitudeDegrees>
							<LongitudeDegrees>99.331337</LongitudeDegrees>
						</Position>
						<AltitudeMeters>10.670000</AltitudeMeters>
						<HeartRateBpm>
							<Value>102</Value>
						</HeartRateBpm>
						<Cadence>56</Cadence>
						<Extensions>
							<ns3:TPX>
								<ns3:Speed>0.987170</ns3:Speed>
							</ns3:TPX>
						</Extensions>
					</Trackpoint>
					<Trackpoint>
						<Time>2569-05-08T14:27:41Z</Time>
						<Position>
							<LatitudeDegrees>9.141681</LatitudeDegrees>
							<LongitudeDegrees>99.331331</LongitudeDegrees>
						</Position>
						<AltitudeMeters>10.670000</AltitudeMeters>
						<HeartRateBpm>
							<Value>101</Value>
						</HeartRateBpm>
						<Cadence>56</Cadence>
						<Extensions>
							<ns3:TPX>
								<ns3:Speed>0.994040</ns3:Speed>
							</ns3:TPX>
						</Extensions>
					</Trackpoint>
					<Trackpoint>
						<Time>2569-05-08T14:27:42Z</Time>
						<Position>
							<LatitudeDegrees>9.141674</LatitudeDegrees>
							<LongitudeDegrees>99.331324</LongitudeDegrees>
						</Position>
						<AltitudeMeters>10.680000</AltitudeMeters>
						<HeartRateBpm>
							<Value>102</Value>
						</HeartRateBpm>
						<Cadence>57</Cadence>
						<Extensions>
							<ns3:TPX>
								<ns3:Speed>0.997010</ns3:Speed>
							</ns3:TPX>
						</Extensions>
					</Trackpoint>
					<Trackpoint>
						<Time>2569-05-08T14:27:43Z</Time>
						<Position>
							<LatitudeDegrees>9.141663</LatitudeDegrees>
							<LongitudeDegrees>99.331310</LongitudeDegrees>
						</Position>
						<AltitudeMeters>10.690000</AltitudeMeters>
						<HeartRateBpm>
							<Value>102</Value>
						</HeartRateBpm>
						<Cadence>57</Cadence>
						<Extensions>
							<ns3:TPX>
								<ns3:Speed>1.000000</ns3:Speed>
							</ns3:TPX>
						</Extensions>
					</Trackpoint>
					<Trackpoint>
						<Time>2569-05-08T14:27:43Z</Time>
						<Position>
							<LatitudeDegrees>9.141663</LatitudeDegrees>
							<LongitudeDegrees>99.331310</LongitudeDegrees>
						</Position>
						<AltitudeMeters>10.690000</AltitudeMeters>
						<HeartRateBpm>
							<Value>102</Value>
						</HeartRateBpm>
						<Cadence>57</Cadence>
						<Extensions>
							<ns3:TPX>
								<ns3:Speed>1.000000</ns3:Speed>
							</ns3:TPX>
						</Extensions>
					</Trackpoint>
					<Trackpoint>
						<Time>2569-05-08T14:27:44Z</Time>
						<Position>
							<LatitudeDegrees>9.141657</LatitudeDegrees>
							<LongitudeDegrees>99.331301</LongitudeDegrees>
						</Position>
						<AltitudeMeters>10.680000</AltitudeMeters>
						<HeartRateBpm>
							<Value>102</Value>
						</HeartRateBpm>
						<Cadence>57</Cadence>
						<Extensions>
							<ns3:TPX>
								<ns3:Speed>1.002000</ns3:Speed>
							</ns3:TPX>
						</Extensions>
					</Trackpoint>
					<Trackpoint>
						<Time>2569-05-08T14:27:45Z</Time>
						<Position>
							<LatitudeDegrees>9.141652</LatitudeDegrees>
							<LongitudeDegrees>99.331294</LongitudeDegrees>
						</Position>
						<AltitudeMeters>10.690000</AltitudeMeters>
						<HeartRateBpm>
							<Value>102</Value>
						</HeartRateBpm>
						<Cadence>57</Cadence>
						<Extensions>
							<ns3:TPX>
								<ns3:Speed>1.005030</ns3:Speed>
							</ns3:TPX>
						</Extensions>
					</Trackpoint>
					<Trackpoint>
						<Time>2569-05-08T14:27:47Z</Time>
						<Position>
							<LatitudeDegrees>9.141647</LatitudeDegrees>
							<LongitudeDegrees>99.331287</LongitudeDegrees>
						</Position>
						<AltitudeMeters>10.680000</AltitudeMeters>
						<HeartRateBpm>
							<Value>102</Value>
						</HeartRateBpm>
						<Cadence>57</Cadence>
						<Extensions>
							<ns3:TPX>
								<ns3:Speed>1.008060</ns3:Speed>
							</ns3:TPX>
						</Extensions>
					</Trackpoint>
					<Trackpoint>
						<Time>2569-05-08T14:27:48Z</Time>
						<Position>
							<LatitudeDegrees>9.141642</LatitudeDegrees>
							<LongitudeDegrees>99.331281</LongitudeDegrees>
						</Position>
						<AltitudeMeters>10.680000</AltitudeMeters>
						<HeartRateBpm>
							<Value>102</Value>
						</HeartRateBpm>
						<Cadence>57</Cadence>
						<Extensions>
							<ns3:TPX>
								<ns3:Speed>1.010100</ns3:Speed>
							</ns3:TPX>
						</Extensions>
					</Trackpoint>
					<Trackpoint>
						<Time>2569-05-08T14:27:49Z</Time>
						<Position>
							<LatitudeDegrees>9.141638</LatitudeDegrees>
							<LongitudeDegrees>99.331274</LongitudeDegrees>
						</Position>
						<AltitudeMeters>10.680000</AltitudeMeters>
						<HeartRateBpm>
							<Value>101</Value>
						</HeartRateBpm>
						<Cadence>57</Cadence>
						<Extensions>
							<ns3:TPX>
								<ns3:Speed>1.011120</ns3:Speed>
							</ns3:TPX>
						</Extensions>
					</Trackpoint>
					<Trackpoint>
						<Time>2569-05-08T14:27:50Z</Time>
						<Position>
							<LatitudeDegrees>9.141633</LatitudeDegrees>
							<LongitudeDegrees>99.331266</LongitudeDegrees>
						</Position>
						<AltitudeMeters>10.680000</AltitudeMeters>
						<HeartRateBpm>
							<Value>101</Value>
						</HeartRateBpm>
						<Cadence>57</Cadence>
						<Extensions>
							<ns3:TPX>
								<ns3:Speed>1.010100</ns3:Speed>
							</ns3:TPX>
						</Extensions>
					</Trackpoint>
					<Trackpoint>
						<Time>2569-05-08T14:27:51Z</Time>
						<Position>
							<LatitudeDegrees>9.141629</LatitudeDegrees>
							<LongitudeDegrees>99.331257</LongitudeDegrees>
						</Position>
						<AltitudeMeters>10.680000</AltitudeMeters>
						<HeartRateBpm>
							<Value>101</Value>
						</HeartRateBpm>
						<Cadence>57</Cadence>
						<Extensions>
							<ns3:TPX>
								<ns3:Speed>1.009080</ns3:Speed>
							</ns3:TPX>
						</Extensions>
					</Trackpoint>
					<Trackpoint>
						<Time>2569-05-08T14:27:52Z</Time>
						<Position>
							<LatitudeDegrees>9.141629</LatitudeDegrees>
							<LongitudeDegrees>99.331246</LongitudeDegrees>
						</Position>
						<AltitudeMeters>10.670000</AltitudeMeters>
						<HeartRateBpm>
							<Value>101</Value>
						</HeartRateBpm>
						<Cadence>57</Cadence>
						<Extensions>
							<ns3:TPX>
								<ns3:Speed>1.008060</ns3:Speed>
							</ns3:TPX>
						</Extensions>
					</Trackpoint>
					<Trackpoint>
						<Time>2569-05-08T14:27:53Z</Time>
						<Position>
							<LatitudeDegrees>9.141629</LatitudeDegrees>
							<LongitudeDegrees>99.331236</LongitudeDegrees>
						</Position>
						<AltitudeMeters>10.670000</AltitudeMeters>
						<HeartRateBpm>
							<Value>102</Value>
						</HeartRateBpm>
					</Trackpoint>
					<Trackpoint>
						<Time>2569-05-08T14:27:54Z</Time>
						<Position>
							<LatitudeDegrees>9.141626</LatitudeDegrees>
							<LongitudeDegrees>99.331227</LongitudeDegrees>
						</Position>
						<AltitudeMeters>10.650000</AltitudeMeters>
						<HeartRateBpm>
							<Value>103</Value>
						</HeartRateBpm>
						<Cadence>57</Cadence>
						<Extensions>
							<ns3:TPX>
								<ns3:Speed>1.006040</ns3:Speed>
							</ns3:TPX>
						</Extensions>
					</Trackpoint>
					<Trackpoint>
						<Time>2569-05-08T14:27:55Z</Time>
						<Position>
							<LatitudeDegrees>9.141625</LatitudeDegrees>
							<LongitudeDegrees>99.331217</LongitudeDegrees>
						</Position>
						<AltitudeMeters>10.640000</AltitudeMeters>
						<HeartRateBpm>
							<Value>104</Value>
						</HeartRateBpm>
						<Cadence>57</Cadence>
						<Extensions>
							<ns3:TPX>
								<ns3:Speed>1.000000</ns3:Speed>
							</ns3:TPX>
						</Extensions>
					</Trackpoint>
					<Trackpoint>
						<Time>2569-05-08T14:27:56Z</Time>
						<Position>
							<LatitudeDegrees>9.141623</LatitudeDegrees>
							<LongitudeDegrees>99.331205</LongitudeDegrees>
						</Position>
						<AltitudeMeters>10.640000</AltitudeMeters>
						<HeartRateBpm>
							<Value>104</Value>
						</HeartRateBpm>
					</Trackpoint>
					<Trackpoint>
						<Time>2569-05-08T14:27:57Z</Time>
						<Position>
							<LatitudeDegrees>9.141620</LatitudeDegrees>
							<LongitudeDegrees>99.331194</LongitudeDegrees>
						</Position>
						<AltitudeMeters>10.630000</AltitudeMeters>
						<HeartRateBpm>
							<Value>104</Value>
						</HeartRateBpm>
						<Cadence>57</Cadence>
						<Extensions>
							<ns3:TPX>
								<ns3:Speed>0.997010</ns3:Speed>
							</ns3:TPX>
						</Extensions>
					</Trackpoint>
					<Trackpoint>
						<Time>2569-05-08T14:27:58Z</Time>
						<Position>
							<LatitudeDegrees>9.141616</LatitudeDegrees>
							<LongitudeDegrees>99.331182</LongitudeDegrees>
						</Position>
						<AltitudeMeters>10.620000</AltitudeMeters>
						<HeartRateBpm>
							<Value>103</Value>
						</HeartRateBpm>
						<Cadence>57</Cadence>
						<Extensions>
							<ns3:TPX>
								<ns3:Speed>0.995020</ns3:Speed>
							</ns3:TPX>
						</Extensions>
					</Trackpoint>
					<Trackpoint>
						<Time>2569-05-08T14:27:59Z</Time>
						<Position>
							<LatitudeDegrees>9.141612</LatitudeDegrees>
							<LongitudeDegrees>99.331171</LongitudeDegrees>
						</Position>
						<AltitudeMeters>10.620000</AltitudeMeters>
						<HeartRateBpm>
							<Value>103</Value>
						</HeartRateBpm>
					</Trackpoint>
					<Trackpoint>
						<Time>2569-05-08T14:28:00Z</Time>
						<Position>
							<LatitudeDegrees>9.141607</LatitudeDegrees>
							<LongitudeDegrees>99.331161</LongitudeDegrees>
						</Position>
						<AltitudeMeters>10.610000</AltitudeMeters>
						<HeartRateBpm>
							<Value>103</Value>
						</HeartRateBpm>
						<Cadence>57</Cadence>
						<Extensions>
							<ns3:TPX>
								<ns3:Speed>0.989120</ns3:Speed>
							</ns3:TPX>
						</Extensions>
					</Trackpoint>
					<Trackpoint>
						<Time>2569-05-08T14:28:01Z</Time>
						<Position>
							<LatitudeDegrees>9.141602</LatitudeDegrees>
							<LongitudeDegrees>99.331151</LongitudeDegrees>
						</Position>
						<AltitudeMeters>10.590000</AltitudeMeters>
						<HeartRateBpm>
							<Value>103</Value>
						</HeartRateBpm>
						<Cadence>58</Cadence>
						<Extensions>
							<ns3:TPX>
								<ns3:Speed>0.982320</ns3:Speed>
							</ns3:TPX>
						</Extensions>
					</Trackpoint>
					<Trackpoint>
						<Time>2569-05-08T14:28:02Z</Time>
						<Position>
							<LatitudeDegrees>9.141598</LatitudeDegrees>
							<LongitudeDegrees>99.331142</LongitudeDegrees>
						</Position>
						<AltitudeMeters>10.590000</AltitudeMeters>
						<HeartRateBpm>
							<Value>103</Value>
						</HeartRateBpm>
					</Trackpoint>
					<Trackpoint>
						<Time>2569-05-08T14:28:03Z</Time>
						<Position>
							<LatitudeDegrees>9.141594</LatitudeDegrees>
							<LongitudeDegrees>99.331134</LongitudeDegrees>
						</Position>
						<AltitudeMeters>10.570000</AltitudeMeters>
						<HeartRateBpm>
							<Value>103</Value>
						</HeartRateBpm>
						<Cadence>58</Cadence>
						<Extensions>
							<ns3:TPX>
								<ns3:Speed>0.976560</ns3:Speed>
							</ns3:TPX>
						</Extensions>
					</Trackpoint>
					<Trackpoint>
						<Time>2569-05-08T14:28:04Z</Time>
						<Position>
							<LatitudeDegrees>9.141591</LatitudeDegrees>
							<LongitudeDegrees>99.331127</LongitudeDegrees>
						</Position>
						<AltitudeMeters>10.570000</AltitudeMeters>
						<HeartRateBpm>
							<Value>103</Value>
						</HeartRateBpm>
					</Trackpoint>
					<Trackpoint>
						<Time>2569-05-08T14:28:05Z</Time>
						<Position>
							<LatitudeDegrees>9.141588</LatitudeDegrees>
							<LongitudeDegrees>99.331120</LongitudeDegrees>
						</Position>
						<AltitudeMeters>10.560000</AltitudeMeters>
						<HeartRateBpm>
							<Value>103</Value>
						</HeartRateBpm>
						<Cadence>58</Cadence>
						<Extensions>
							<ns3:TPX>
								<ns3:Speed>0.977520</ns3:Speed>
							</ns3:TPX>
						</Extensions>
					</Trackpoint>
					<Trackpoint>
						<Time>2569-05-08T14:28:06Z</Time>
						<Position>
							<LatitudeDegrees>9.141584</LatitudeDegrees>
							<LongitudeDegrees>99.331113</LongitudeDegrees>
						</Position>
						<AltitudeMeters>10.560000</AltitudeMeters>
						<HeartRateBpm>
							<Value>103</Value>
						</HeartRateBpm>
						<Cadence>58</Cadence>
						<Extensions>
							<ns3:TPX>
								<ns3:Speed>0.979430</ns3:Speed>
							</ns3:TPX>
						</Extensions>
					</Trackpoint>
					<Trackpoint>
						<Time>2569-05-08T14:28:07Z</Time>
						<Position>
							<LatitudeDegrees>9.141580</LatitudeDegrees>
							<LongitudeDegrees>99.331106</LongitudeDegrees>
						</Position>
						<AltitudeMeters>10.550000</AltitudeMeters>
						<HeartRateBpm>
							<Value>104</Value>
						</HeartRateBpm>
						<Cadence>58</Cadence>
						<Extensions>
							<ns3:TPX>
								<ns3:Speed>0.977520</ns3:Speed>
							</ns3:TPX>
						</Extensions>
					</Trackpoint>
					<Trackpoint>
						<Time>2569-05-08T14:28:08Z</Time>
						<Position>
							<LatitudeDegrees>9.141577</LatitudeDegrees>
							<LongitudeDegrees>99.331098</LongitudeDegrees>
						</Position>
						<AltitudeMeters>10.550000</AltitudeMeters>
						<HeartRateBpm>
							<Value>104</Value>
						</HeartRateBpm>
						<Cadence>58</Cadence>
						<Extensions>
							<ns3:TPX>
								<ns3:Speed>0.973710</ns3:Speed>
							</ns3:TPX>
						</Extensions>
					</Trackpoint>
					<Trackpoint>
						<Time>2569-05-08T14:28:09Z</Time>
						<Position>
							<LatitudeDegrees>9.141574</LatitudeDegrees>
							<LongitudeDegrees>99.331091</LongitudeDegrees>
						</Position>
						<AltitudeMeters>10.550000</AltitudeMeters>
						<HeartRateBpm>
							<Value>104</Value>
						</HeartRateBpm>
					</Trackpoint>
					<Trackpoint>
						<Time>2569-05-08T14:28:10Z</Time>
						<Position>
							<LatitudeDegrees>9.141565</LatitudeDegrees>
							<LongitudeDegrees>99.331085</LongitudeDegrees>
						</Position>
						<AltitudeMeters>10.540000</AltitudeMeters>
						<HeartRateBpm>
							<Value>104</Value>
						</HeartRateBpm>
						<Cadence>58</Cadence>
						<Extensions>
							<ns3:TPX>
								<ns3:Speed>0.968990</ns3:Speed>
							</ns3:TPX>
						</Extensions>
					</Trackpoint>
					<Trackpoint>
						<Time>2569-05-08T14:28:11Z</Time>
						<Position>
							<LatitudeDegrees>9.141555</LatitudeDegrees>
							<LongitudeDegrees>99.331078</LongitudeDegrees>
						</Position>
						<AltitudeMeters>10.540000</AltitudeMeters>
						<HeartRateBpm>
							<Value>104</Value>
						</HeartRateBpm>
						<Cadence>58</Cadence>
						<Extensions>
							<ns3:TPX>
								<ns3:Speed>0.964320</ns3:Speed>
							</ns3:TPX>
						</Extensions>
					</Trackpoint>
					<Trackpoint>
						<Time>2569-05-08T14:28:12Z</Time>
						<Position>
							<LatitudeDegrees>9.141540</LatitudeDegrees>
							<LongitudeDegrees>99.331069</LongitudeDegrees>
						</Position>
						<AltitudeMeters>10.520000</AltitudeMeters>
						<HeartRateBpm>
							<Value>104</Value>
						</HeartRateBpm>
						<Cadence>58</Cadence>
						<Extensions>
							<ns3:TPX>
								<ns3:Speed>0.958770</ns3:Speed>
							</ns3:TPX>
						</Extensions>
					</Trackpoint>
					<Trackpoint>
						<Time>2569-05-08T14:28:13Z</Time>
						<Position>
							<LatitudeDegrees>9.141525</LatitudeDegrees>
							<LongitudeDegrees>99.331062</LongitudeDegrees>
						</Position>
						<AltitudeMeters>10.520000</AltitudeMeters>
						<HeartRateBpm>
							<Value>104</Value>
						</HeartRateBpm>
						<Cadence>58</Cadence>
						<Extensions>
							<ns3:TPX>
								<ns3:Speed>0.952380</ns3:Speed>
							</ns3:TPX>
						</Extensions>
					</Trackpoint>
					<Trackpoint>
						<Time>2569-05-08T14:28:14Z</Time>
						<Position>
							<LatitudeDegrees>9.141513</LatitudeDegrees>
							<LongitudeDegrees>99.331053</LongitudeDegrees>
						</Position>
						<AltitudeMeters>10.510000</AltitudeMeters>
						<HeartRateBpm>
							<Value>104</Value>
						</HeartRateBpm>
						<Cadence>57</Cadence>
						<Extensions>
							<ns3:TPX>
								<ns3:Speed>0.944290</ns3:Speed>
							</ns3:TPX>
						</Extensions>
					</Trackpoint>
					<Trackpoint>
						<Time>2569-05-08T14:28:15Z</Time>
						<Position>
							<LatitudeDegrees>9.141501</LatitudeDegrees>
							<LongitudeDegrees>99.331043</LongitudeDegrees>
						</Position>
						<AltitudeMeters>10.500000</AltitudeMeters>
						<HeartRateBpm>
							<Value>104</Value>
						</HeartRateBpm>
						<Cadence>57</Cadence>
						<Extensions>
							<ns3:TPX>
								<ns3:Speed>0.936330</ns3:Speed>
							</ns3:TPX>
						</Extensions>
					</Trackpoint>
					<Trackpoint>
						<Time>2569-05-08T14:28:16Z</Time>
						<Position>
							<LatitudeDegrees>9.141491</LatitudeDegrees>
							<LongitudeDegrees>99.331034</LongitudeDegrees>
						</Position>
						<AltitudeMeters>10.490000</AltitudeMeters>
						<HeartRateBpm>
							<Value>104</Value>
						</HeartRateBpm>
						<Cadence>56</Cadence>
						<Extensions>
							<ns3:TPX>
								<ns3:Speed>0.929370</ns3:Speed>
							</ns3:TPX>
						</Extensions>
					</Trackpoint>
					<Trackpoint>
						<Time>2569-05-08T14:28:17Z</Time>
						<Position>
							<LatitudeDegrees>9.141479</LatitudeDegrees>
							<LongitudeDegrees>99.331025</LongitudeDegrees>
						</Position>
						<AltitudeMeters>10.490000</AltitudeMeters>
						<HeartRateBpm>
							<Value>104</Value>
						</HeartRateBpm>
						<Cadence>55</Cadence>
						<Extensions>
							<ns3:TPX>
								<ns3:Speed>0.924210</ns3:Speed>
							</ns3:TPX>
						</Extensions>
					</Trackpoint>
					<Trackpoint>
						<Time>2569-05-08T14:28:18Z</Time>
						<Position>
							<LatitudeDegrees>9.141467</LatitudeDegrees>
							<LongitudeDegrees>99.331016</LongitudeDegrees>
						</Position>
						<AltitudeMeters>10.480000</AltitudeMeters>
						<HeartRateBpm>
							<Value>103</Value>
						</HeartRateBpm>
						<Cadence>55</Cadence>
						<Extensions>
							<ns3:TPX>
								<ns3:Speed>0.919960</ns3:Speed>
							</ns3:TPX>
						</Extensions>
					</Trackpoint>
					<Trackpoint>
						<Time>2569-05-08T14:28:19Z</Time>
						<Position>
							<LatitudeDegrees>9.141455</LatitudeDegrees>
							<LongitudeDegrees>99.331008</LongitudeDegrees>
						</Position>
						<AltitudeMeters>10.480000</AltitudeMeters>
						<HeartRateBpm>
							<Value>102</Value>
						</HeartRateBpm>
						<Cadence>55</Cadence>
						<Extensions>
							<ns3:TPX>
								<ns3:Speed>0.916590</ns3:Speed>
							</ns3:TPX>
						</Extensions>
					</Trackpoint>
					<Trackpoint>
						<Time>2569-05-08T14:28:20Z</Time>
						<Position>
							<LatitudeDegrees>9.141445</LatitudeDegrees>
							<LongitudeDegrees>99.330998</LongitudeDegrees>
						</Position>
						<AltitudeMeters>10.480000</AltitudeMeters>
						<HeartRateBpm>
							<Value>102</Value>
						</HeartRateBpm>
						<Cadence>54</Cadence>
						<Extensions>
							<ns3:TPX>
								<ns3:Speed>0.914080</ns3:Speed>
							</ns3:TPX>
						</Extensions>
					</Trackpoint>
					<Trackpoint>
						<Time>2569-05-08T14:28:21Z</Time>
						<Position>
							<LatitudeDegrees>9.141436</LatitudeDegrees>
							<LongitudeDegrees>99.330987</LongitudeDegrees>
						</Position>
						<AltitudeMeters>10.480000</AltitudeMeters>
						<HeartRateBpm>
							<Value>102</Value>
						</HeartRateBpm>
						<Cadence>54</Cadence>
						<Extensions>
							<ns3:TPX>
								<ns3:Speed>0.910750</ns3:Speed>
							</ns3:TPX>
						</Extensions>
					</Trackpoint>
					<Trackpoint>
						<Time>2569-05-08T14:28:22Z</Time>
						<Position>
							<LatitudeDegrees>9.141426</LatitudeDegrees>
							<LongitudeDegrees>99.330977</LongitudeDegrees>
						</Position>
						<AltitudeMeters>10.480000</AltitudeMeters>
						<HeartRateBpm>
							<Value>103</Value>
						</HeartRateBpm>
						<Cadence>51</Cadence>
						<Extensions>
							<ns3:TPX>
								<ns3:Speed>0.909920</ns3:Speed>
							</ns3:TPX>
						</Extensions>
					</Trackpoint>
					<Trackpoint>
						<Time>2569-05-08T14:28:23Z</Time>
						<Position>
							<LatitudeDegrees>9.141417</LatitudeDegrees>
							<LongitudeDegrees>99.330965</LongitudeDegrees>
						</Position>
						<AltitudeMeters>10.480000</AltitudeMeters>
						<HeartRateBpm>
							<Value>103</Value>
						</HeartRateBpm>
						<Cadence>52</Cadence>
						<Extensions>
							<ns3:TPX>
								<ns3:Speed>0.909920</ns3:Speed>
							</ns3:TPX>
						</Extensions>
					</Trackpoint>
					<Trackpoint>
						<Time>2569-05-08T14:28:24Z</Time>
						<Position>
							<LatitudeDegrees>9.141410</LatitudeDegrees>
							<LongitudeDegrees>99.330954</LongitudeDegrees>
						</Position>
						<AltitudeMeters>10.480000</AltitudeMeters>
						<HeartRateBpm>
							<Value>105</Value>
						</HeartRateBpm>
						<Cadence>52</Cadence>
						<Extensions>
							<ns3:TPX>
								<ns3:Speed>0.911580</ns3:Speed>
							</ns3:TPX>
						</Extensions>
					</Trackpoint>
					<Trackpoint>
						<Time>2569-05-08T14:28:25Z</Time>
						<Position>
							<LatitudeDegrees>9.141406</LatitudeDegrees>
							<LongitudeDegrees>99.330941</LongitudeDegrees>
						</Position>
						<AltitudeMeters>10.480000</AltitudeMeters>
						<HeartRateBpm>
							<Value>106</Value>
						</HeartRateBpm>
						<Cadence>55</Cadence>
						<Extensions>
							<ns3:TPX>
								<ns3:Speed>0.912410</ns3:Speed>
							</ns3:TPX>
						</Extensions>
					</Trackpoint>
					<Trackpoint>
						<Time>2569-05-08T14:28:26Z</Time>
						<Position>
							<LatitudeDegrees>9.141401</LatitudeDegrees>
							<LongitudeDegrees>99.330928</LongitudeDegrees>
						</Position>
						<AltitudeMeters>10.480000</AltitudeMeters>
						<HeartRateBpm>
							<Value>106</Value>
						</HeartRateBpm>
						<Cadence>57</Cadence>
						<Extensions>
							<ns3:TPX>
								<ns3:Speed>0.914080</ns3:Speed>
							</ns3:TPX>
						</Extensions>
					</Trackpoint>
					<Trackpoint>
						<Time>2569-05-08T14:28:27Z</Time>
						<Position>
							<LatitudeDegrees>9.141390</LatitudeDegrees>
							<LongitudeDegrees>99.330919</LongitudeDegrees>
						</Position>
						<AltitudeMeters>10.470000</AltitudeMeters>
						<HeartRateBpm>
							<Value>106</Value>
						</HeartRateBpm>
						<Cadence>57</Cadence>
						<Extensions>
							<ns3:TPX>
								<ns3:Speed>0.918270</ns3:Speed>
							</ns3:TPX>
						</Extensions>
					</Trackpoint>
					<Trackpoint>
						<Time>2569-05-08T14:28:28Z</Time>
						<Position>
							<LatitudeDegrees>9.141379</LatitudeDegrees>
							<LongitudeDegrees>99.330910</LongitudeDegrees>
						</Position>
						<AltitudeMeters>10.470000</AltitudeMeters>
						<HeartRateBpm>
							<Value>106</Value>
						</HeartRateBpm>
						<Cadence>58</Cadence>
						<Extensions>
							<ns3:TPX>
								<ns3:Speed>0.922510</ns3:Speed>
							</ns3:TPX>
						</Extensions>
					</Trackpoint>
					<Trackpoint>
						<Time>2569-05-08T14:28:29Z</Time>
						<Position>
							<LatitudeDegrees>9.141369</LatitudeDegrees>
							<LongitudeDegrees>99.330902</LongitudeDegrees>
						</Position>
						<AltitudeMeters>10.460000</AltitudeMeters>
						<HeartRateBpm>
							<Value>106</Value>
						</HeartRateBpm>
						<Cadence>57</Cadence>
						<Extensions>
							<ns3:TPX>
								<ns3:Speed>0.926780</ns3:Speed>
							</ns3:TPX>
						</Extensions>
					</Trackpoint>
					<Trackpoint>
						<Time>2569-05-08T14:28:30Z</Time>
						<Position>
							<LatitudeDegrees>9.141357</LatitudeDegrees>
							<LongitudeDegrees>99.330888</LongitudeDegrees>
						</Position>
						<AltitudeMeters>10.450000</AltitudeMeters>
						<HeartRateBpm>
							<Value>106</Value>
						</HeartRateBpm>
						<Cadence>57</Cadence>
						<Extensions>
							<ns3:TPX>
								<ns3:Speed>0.931970</ns3:Speed>
							</ns3:TPX>
						</Extensions>
					</Trackpoint>
					<Trackpoint>
						<Time>2569-05-08T14:28:31Z</Time>
						<Position>
							<LatitudeDegrees>9.141351</LatitudeDegrees>
							<LongitudeDegrees>99.330876</LongitudeDegrees>
						</Position>
						<AltitudeMeters>10.440000</AltitudeMeters>
						<HeartRateBpm>
							<Value>106</Value>
						</HeartRateBpm>
						<Cadence>57</Cadence>
						<Extensions>
							<ns3:TPX>
								<ns3:Speed>0.938970</ns3:Speed>
							</ns3:TPX>
						</Extensions>
					</Trackpoint>
					<Trackpoint>
						<Time>2569-05-08T14:28:32Z</Time>
						<Position>
							<LatitudeDegrees>9.141342</LatitudeDegrees>
							<LongitudeDegrees>99.330862</LongitudeDegrees>
						</Position>
						<AltitudeMeters>10.430000</AltitudeMeters>
						<HeartRateBpm>
							<Value>106</Value>
						</HeartRateBpm>
						<Cadence>57</Cadence>
						<Extensions>
							<ns3:TPX>
								<ns3:Speed>0.946070</ns3:Speed>
							</ns3:TPX>
						</Extensions>
					</Trackpoint>
					<Trackpoint>
						<Time>2569-05-08T14:28:33Z</Time>
						<Position>
							<LatitudeDegrees>9.141334</LatitudeDegrees>
							<LongitudeDegrees>99.330850</LongitudeDegrees>
						</Position>
						<AltitudeMeters>10.420000</AltitudeMeters>
						<HeartRateBpm>
							<Value>106</Value>
						</HeartRateBpm>
						<Cadence>57</Cadence>
						<Extensions>
							<ns3:TPX>
								<ns3:Speed>0.953290</ns3:Speed>
							</ns3:TPX>
						</Extensions>
					</Trackpoint>
					<Trackpoint>
						<Time>2569-05-08T14:28:34Z</Time>
						<Position>
							<LatitudeDegrees>9.141326</LatitudeDegrees>
							<LongitudeDegrees>99.330839</LongitudeDegrees>
						</Position>
						<AltitudeMeters>10.410000</AltitudeMeters>
						<HeartRateBpm>
							<Value>105</Value>
						</HeartRateBpm>
						<Cadence>58</Cadence>
						<Extensions>
							<ns3:TPX>
								<ns3:Speed>0.964320</ns3:Speed>
							</ns3:TPX>
						</Extensions>
					</Trackpoint>
					<Trackpoint>
						<Time>2569-05-08T14:28:35Z</Time>
						<Position>
							<LatitudeDegrees>9.141319</LatitudeDegrees>
							<LongitudeDegrees>99.330826</LongitudeDegrees>
						</Position>
						<AltitudeMeters>10.390000</AltitudeMeters>
						<HeartRateBpm>
							<Value>105</Value>
						</HeartRateBpm>
						<Cadence>58</Cadence>
						<Extensions>
							<ns3:TPX>
								<ns3:Speed>0.978470</ns3:Speed>
							</ns3:TPX>
						</Extensions>
					</Trackpoint>
					<Trackpoint>
						<Time>2569-05-08T14:28:36Z</Time>
						<Position>
							<LatitudeDegrees>9.141312</LatitudeDegrees>
							<LongitudeDegrees>99.330814</LongitudeDegrees>
						</Position>
						<AltitudeMeters>10.380000</AltitudeMeters>
						<HeartRateBpm>
							<Value>105</Value>
						</HeartRateBpm>
						<Cadence>58</Cadence>
						<Extensions>
							<ns3:TPX>
								<ns3:Speed>0.992060</ns3:Speed>
							</ns3:TPX>
						</Extensions>
					</Trackpoint>
					<Trackpoint>
						<Time>2569-05-08T14:28:37Z</Time>
						<Position>
							<LatitudeDegrees>9.141306</LatitudeDegrees>
							<LongitudeDegrees>99.330803</LongitudeDegrees>
						</Position>
						<AltitudeMeters>10.370000</AltitudeMeters>
						<HeartRateBpm>
							<Value>105</Value>
						</HeartRateBpm>
						<Cadence>58</Cadence>
						<Extensions>
							<ns3:TPX>
								<ns3:Speed>1.006040</ns3:Speed>
							</ns3:TPX>
						</Extensions>
					</Trackpoint>
					<Trackpoint>
						<Time>2569-05-08T14:28:38Z</Time>
						<Position>
							<LatitudeDegrees>9.141300</LatitudeDegrees>
							<LongitudeDegrees>99.330793</LongitudeDegrees>
						</Position>
						<AltitudeMeters>10.360000</AltitudeMeters>
						<HeartRateBpm>
							<Value>105</Value>
						</HeartRateBpm>
						<Cadence>58</Cadence>
						<Extensions>
							<ns3:TPX>
								<ns3:Speed>1.019370</ns3:Speed>
							</ns3:TPX>
						</Extensions>
					</Trackpoint>
					<Trackpoint>
						<Time>2569-05-08T14:28:39Z</Time>
						<Position>
							<LatitudeDegrees>9.141294</LatitudeDegrees>
							<LongitudeDegrees>99.330782</LongitudeDegrees>
						</Position>
						<AltitudeMeters>10.350000</AltitudeMeters>
						<HeartRateBpm>
							<Value>105</Value>
						</HeartRateBpm>
						<Cadence>58</Cadence>
						<Extensions>
							<ns3:TPX>
								<ns3:Speed>1.031990</ns3:Speed>
							</ns3:TPX>
						</Extensions>
					</Trackpoint>
					<Trackpoint>
						<Time>2569-05-08T14:28:40Z</Time>
						<Position>
							<LatitudeDegrees>9.141288</LatitudeDegrees>
							<LongitudeDegrees>99.330772</LongitudeDegrees>
						</Position>
						<AltitudeMeters>10.350000</AltitudeMeters>
						<HeartRateBpm>
							<Value>105</Value>
						</HeartRateBpm>
						<Cadence>58</Cadence>
						<Extensions>
							<ns3:TPX>
								<ns3:Speed>1.043840</ns3:Speed>
							</ns3:TPX>
						</Extensions>
					</Trackpoint>
					<Trackpoint>
						<Time>2569-05-08T14:28:41Z</Time>
						<Position>
							<LatitudeDegrees>9.141282</LatitudeDegrees>
							<LongitudeDegrees>99.330761</LongitudeDegrees>
						</Position>
						<AltitudeMeters>10.350000</AltitudeMeters>
						<HeartRateBpm>
							<Value>105</Value>
						</HeartRateBpm>
						<Cadence>57</Cadence>
						<Extensions>
							<ns3:TPX>
								<ns3:Speed>1.053740</ns3:Speed>
							</ns3:TPX>
						</Extensions>
					</Trackpoint>
					<Trackpoint>
						<Time>2569-05-08T14:28:42Z</Time>
						<Position>
							<LatitudeDegrees>9.141277</LatitudeDegrees>
							<LongitudeDegrees>99.330750</LongitudeDegrees>
						</Position>
						<AltitudeMeters>10.340000</AltitudeMeters>
						<HeartRateBpm>
							<Value>105</Value>
						</HeartRateBpm>
						<Cadence>57</Cadence>
						<Extensions>
							<ns3:TPX>
								<ns3:Speed>1.061570</ns3:Speed>
							</ns3:TPX>
						</Extensions>
					</Trackpoint>
					<Trackpoint>
						<Time>2569-05-08T14:28:43Z</Time>
						<Position>
							<LatitudeDegrees>9.141272</LatitudeDegrees>
							<LongitudeDegrees>99.330739</LongitudeDegrees>
						</Position>
						<AltitudeMeters>10.330000</AltitudeMeters>
						<HeartRateBpm>
							<Value>105</Value>
						</HeartRateBpm>
						<Cadence>57</Cadence>
						<Extensions>
							<ns3:TPX>
								<ns3:Speed>1.068380</ns3:Speed>
							</ns3:TPX>
						</Extensions>
					</Trackpoint>
					<Trackpoint>
						<Time>2569-05-08T14:28:44Z</Time>
						<Position>
							<LatitudeDegrees>9.141266</LatitudeDegrees>
							<LongitudeDegrees>99.330726</LongitudeDegrees>
						</Position>
						<AltitudeMeters>10.330000</AltitudeMeters>
						<HeartRateBpm>
							<Value>104</Value>
						</HeartRateBpm>
						<Cadence>57</Cadence>
						<Extensions>
							<ns3:TPX>
								<ns3:Speed>1.074110</ns3:Speed>
							</ns3:TPX>
						</Extensions>
					</Trackpoint>
					<Trackpoint>
						<Time>2569-05-08T14:28:45Z</Time>
						<Position>
							<LatitudeDegrees>9.141260</LatitudeDegrees>
							<LongitudeDegrees>99.330712</LongitudeDegrees>
						</Position>
						<AltitudeMeters>10.330000</AltitudeMeters>
						<HeartRateBpm>
							<Value>104</Value>
						</HeartRateBpm>
						<Cadence>57</Cadence>
						<Extensions>
							<ns3:TPX>
								<ns3:Speed>1.079910</ns3:Speed>
							</ns3:TPX>
						</Extensions>
					</Trackpoint>
					<Trackpoint>
						<Time>2569-05-08T14:28:46Z</Time>
						<Position>
							<LatitudeDegrees>9.141253</LatitudeDegrees>
							<LongitudeDegrees>99.330699</LongitudeDegrees>
						</Position>
						<AltitudeMeters>10.330000</AltitudeMeters>
						<HeartRateBpm>
							<Value>104</Value>
						</HeartRateBpm>
						<Cadence>56</Cadence>
						<Extensions>
							<ns3:TPX>
								<ns3:Speed>1.085780</ns3:Speed>
							</ns3:TPX>
						</Extensions>
					</Trackpoint>
					<Trackpoint>
						<Time>2569-05-08T14:28:47Z</Time>
						<Position>
							<LatitudeDegrees>9.141247</LatitudeDegrees>
							<LongitudeDegrees>99.330686</LongitudeDegrees>
						</Position>
						<AltitudeMeters>10.340000</AltitudeMeters>
						<HeartRateBpm>
							<Value>104</Value>
						</HeartRateBpm>
						<Cadence>56</Cadence>
						<Extensions>
							<ns3:TPX>
								<ns3:Speed>1.088140</ns3:Speed>
							</ns3:TPX>
						</Extensions>
					</Trackpoint>
					<Trackpoint>
						<Time>2569-05-08T14:28:48Z</Time>
						<Position>
							<LatitudeDegrees>9.141243</LatitudeDegrees>
							<LongitudeDegrees>99.330674</LongitudeDegrees>
						</Position>
						<AltitudeMeters>10.340000</AltitudeMeters>
						<HeartRateBpm>
							<Value>104</Value>
						</HeartRateBpm>
						<Cadence>55</Cadence>
						<Extensions>
							<ns3:TPX>
								<ns3:Speed>1.088140</ns3:Speed>
							</ns3:TPX>
						</Extensions>
					</Trackpoint>
					<Trackpoint>
						<Time>2569-05-08T14:28:49Z</Time>
						<Position>
							<LatitudeDegrees>9.141240</LatitudeDegrees>
							<LongitudeDegrees>99.330663</LongitudeDegrees>
						</Position>
						<AltitudeMeters>10.340000</AltitudeMeters>
						<HeartRateBpm>
							<Value>103</Value>
						</HeartRateBpm>
						<Cadence>54</Cadence>
						<Extensions>
							<ns3:TPX>
								<ns3:Speed>1.086960</ns3:Speed>
							</ns3:TPX>
						</Extensions>
					</Trackpoint>
					<Trackpoint>
						<Time>2569-05-08T14:28:50Z</Time>
						<Position>
							<LatitudeDegrees>9.141235</LatitudeDegrees>
							<LongitudeDegrees>99.330652</LongitudeDegrees>
						</Position>
						<AltitudeMeters>10.340000</AltitudeMeters>
						<HeartRateBpm>
							<Value>102</Value>
						</HeartRateBpm>
						<Cadence>54</Cadence>
						<Extensions>
							<ns3:TPX>
								<ns3:Speed>1.084600</ns3:Speed>
							</ns3:TPX>
						</Extensions>
					</Trackpoint>
					<Trackpoint>
						<Time>2569-05-08T14:28:51Z</Time>
						<Position>
							<LatitudeDegrees>9.141229</LatitudeDegrees>
							<LongitudeDegrees>99.330642</LongitudeDegrees>
						</Position>
						<AltitudeMeters>10.340000</AltitudeMeters>
						<HeartRateBpm>
							<Value>103</Value>
						</HeartRateBpm>
						<Cadence>54</Cadence>
						<Extensions>
							<ns3:TPX>
								<ns3:Speed>1.083420</ns3:Speed>
							</ns3:TPX>
						</Extensions>
					</Trackpoint>
					<Trackpoint>
						<Time>2569-05-08T14:28:52Z</Time>
						<Position>
							<LatitudeDegrees>9.141228</LatitudeDegrees>
							<LongitudeDegrees>99.330634</LongitudeDegrees>
						</Position>
						<AltitudeMeters>10.340000</AltitudeMeters>
						<HeartRateBpm>
							<Value>104</Value>
						</HeartRateBpm>
						<Cadence>55</Cadence>
						<Extensions>
							<ns3:TPX>
								<ns3:Speed>1.081080</ns3:Speed>
							</ns3:TPX>
						</Extensions>
					</Trackpoint>
					<Trackpoint>
						<Time>2569-05-08T14:28:53Z</Time>
						<Position>
							<LatitudeDegrees>9.141229</LatitudeDegrees>
							<LongitudeDegrees>99.330626</LongitudeDegrees>
						</Position>
						<AltitudeMeters>10.340000</AltitudeMeters>
						<HeartRateBpm>
							<Value>104</Value>
						</HeartRateBpm>
						<Cadence>56</Cadence>
						<Extensions>
							<ns3:TPX>
								<ns3:Speed>1.082250</ns3:Speed>
							</ns3:TPX>
						</Extensions>
					</Trackpoint>
					<Trackpoint>
						<Time>2569-05-08T14:28:54Z</Time>
						<Position>
							<LatitudeDegrees>9.141231</LatitudeDegrees>
							<LongitudeDegrees>99.330619</LongitudeDegrees>
						</Position>
						<AltitudeMeters>10.350000</AltitudeMeters>
						<HeartRateBpm>
							<Value>105</Value>
						</HeartRateBpm>
						<Cadence>56</Cadence>
						<Extensions>
							<ns3:TPX>
								<ns3:Speed>1.085780</ns3:Speed>
							</ns3:TPX>
						</Extensions>
					</Trackpoint>
					<Trackpoint>
						<Time>2569-05-08T14:28:55Z</Time>
						<Position>
							<LatitudeDegrees>9.141235</LatitudeDegrees>
							<LongitudeDegrees>99.330611</LongitudeDegrees>
						</Position>
						<AltitudeMeters>10.350000</AltitudeMeters>
						<HeartRateBpm>
							<Value>105</Value>
						</HeartRateBpm>
						<Cadence>56</Cadence>
						<Extensions>
							<ns3:TPX>
								<ns3:Speed>1.086960</ns3:Speed>
							</ns3:TPX>
						</Extensions>
					</Trackpoint>
					<Trackpoint>
						<Time>2569-05-08T14:28:56Z</Time>
						<Position>
							<LatitudeDegrees>9.141239</LatitudeDegrees>
							<LongitudeDegrees>99.330602</LongitudeDegrees>
						</Position>
						<AltitudeMeters>10.360000</AltitudeMeters>
						<HeartRateBpm>
							<Value>105</Value>
						</HeartRateBpm>
						<Cadence>57</Cadence>
						<Extensions>
							<ns3:TPX>
								<ns3:Speed>1.085780</ns3:Speed>
							</ns3:TPX>
						</Extensions>
					</Trackpoint>
					<Trackpoint>
						<Time>2569-05-08T14:28:57Z</Time>
						<Position>
							<LatitudeDegrees>9.141246</LatitudeDegrees>
							<LongitudeDegrees>99.330594</LongitudeDegrees>
						</Position>
						<AltitudeMeters>10.360000</AltitudeMeters>
						<HeartRateBpm>
							<Value>104</Value>
						</HeartRateBpm>
						<Cadence>53</Cadence>
						<Extensions>
							<ns3:TPX>
								<ns3:Speed>1.083420</ns3:Speed>
							</ns3:TPX>
						</Extensions>
					</Trackpoint>
					<Trackpoint>
						<Time>2569-05-08T14:28:58Z</Time>
						<Position>
							<LatitudeDegrees>9.141252</LatitudeDegrees>
							<LongitudeDegrees>99.330585</LongitudeDegrees>
						</Position>
						<AltitudeMeters>10.360000</AltitudeMeters>
						<HeartRateBpm>
							<Value>104</Value>
						</HeartRateBpm>
						<Cadence>53</Cadence>
						<Extensions>
							<ns3:TPX>
								<ns3:Speed>1.081080</ns3:Speed>
							</ns3:TPX>
						</Extensions>
					</Trackpoint>
					<Trackpoint>
						<Time>2569-05-08T14:28:59Z</Time>
						<Position>
							<LatitudeDegrees>9.141260</LatitudeDegrees>
							<LongitudeDegrees>99.330576</LongitudeDegrees>
						</Position>
						<AltitudeMeters>10.360000</AltitudeMeters>
						<HeartRateBpm>
							<Value>104</Value>
						</HeartRateBpm>
						<Cadence>58</Cadence>
						<Extensions>
							<ns3:TPX>
								<ns3:Speed>1.077590</ns3:Speed>
							</ns3:TPX>
						</Extensions>
					</Trackpoint>
					<Trackpoint>
						<Time>2569-05-08T14:29:00Z</Time>
						<Position>
							<LatitudeDegrees>9.141269</LatitudeDegrees>
							<LongitudeDegrees>99.330566</LongitudeDegrees>
						</Position>
						<AltitudeMeters>10.360000</AltitudeMeters>
						<HeartRateBpm>
							<Value>104</Value>
						</HeartRateBpm>
						<Cadence>59</Cadence>
						<Extensions>
							<ns3:TPX>
								<ns3:Speed>1.075270</ns3:Speed>
							</ns3:TPX>
						</Extensions>
					</Trackpoint>
					<Trackpoint>
						<Time>2569-05-08T14:29:01Z</Time>
						<Position>
							<LatitudeDegrees>9.141279</LatitudeDegrees>
							<LongitudeDegrees>99.330555</LongitudeDegrees>
						</Position>
						<AltitudeMeters>10.350000</AltitudeMeters>
						<HeartRateBpm>
							<Value>104</Value>
						</HeartRateBpm>
						<Cadence>57</Cadence>
						<Extensions>
							<ns3:TPX>
								<ns3:Speed>1.074110</ns3:Speed>
							</ns3:TPX>
						</Extensions>
					</Trackpoint>
					<Trackpoint>
						<Time>2569-05-08T14:29:02Z</Time>
						<Position>
							<LatitudeDegrees>9.141289</LatitudeDegrees>
							<LongitudeDegrees>99.330544</LongitudeDegrees>
						</Position>
						<AltitudeMeters>10.350000</AltitudeMeters>
						<HeartRateBpm>
							<Value>103</Value>
						</HeartRateBpm>
						<Cadence>57</Cadence>
						<Extensions>
							<ns3:TPX>
								<ns3:Speed>1.074110</ns3:Speed>
							</ns3:TPX>
						</Extensions>
					</Trackpoint>
					<Trackpoint>
						<Time>2569-05-08T14:29:03Z</Time>
						<Position>
							<LatitudeDegrees>9.141299</LatitudeDegrees>
							<LongitudeDegrees>99.330533</LongitudeDegrees>
						</Position>
						<AltitudeMeters>10.340000</AltitudeMeters>
						<HeartRateBpm>
							<Value>104</Value>
						</HeartRateBpm>
						<Cadence>56</Cadence>
						<Extensions>
							<ns3:TPX>
								<ns3:Speed>1.074110</ns3:Speed>
							</ns3:TPX>
						</Extensions>
					</Trackpoint>
					<Trackpoint>
						<Time>2569-05-08T14:29:04Z</Time>
						<Position>
							<LatitudeDegrees>9.141309</LatitudeDegrees>
							<LongitudeDegrees>99.330524</LongitudeDegrees>
						</Position>
						<AltitudeMeters>10.340000</AltitudeMeters>
						<HeartRateBpm>
							<Value>103</Value>
						</HeartRateBpm>
						<Cadence>56</Cadence>
						<Extensions>
							<ns3:TPX>
								<ns3:Speed>1.077590</ns3:Speed>
							</ns3:TPX>
						</Extensions>
					</Trackpoint>
					<Trackpoint>
						<Time>2569-05-08T14:29:05Z</Time>
						<Position>
							<LatitudeDegrees>9.141318</LatitudeDegrees>
							<LongitudeDegrees>99.330516</LongitudeDegrees>
						</Position>
						<AltitudeMeters>10.330000</AltitudeMeters>
						<HeartRateBpm>
							<Value>102</Value>
						</HeartRateBpm>
						<Cadence>56</Cadence>
						<Extensions>
							<ns3:TPX>
								<ns3:Speed>1.085780</ns3:Speed>
							</ns3:TPX>
						</Extensions>
					</Trackpoint>
					<Trackpoint>
						<Time>2569-05-08T14:29:06Z</Time>
						<Position>
							<LatitudeDegrees>9.141326</LatitudeDegrees>
							<LongitudeDegrees>99.330510</LongitudeDegrees>
						</Position>
						<AltitudeMeters>10.320000</AltitudeMeters>
						<HeartRateBpm>
							<Value>102</Value>
						</HeartRateBpm>
						<Cadence>57</Cadence>
						<Extensions>
							<ns3:TPX>
								<ns3:Speed>1.094090</ns3:Speed>
							</ns3:TPX>
						</Extensions>
					</Trackpoint>
					<Trackpoint>
						<Time>2569-05-08T14:29:07Z</Time>
						<Position>
							<LatitudeDegrees>9.141329</LatitudeDegrees>
							<LongitudeDegrees>99.330507</LongitudeDegrees>
						</Position>
						<AltitudeMeters>10.310000</AltitudeMeters>
						<HeartRateBpm>
							<Value>101</Value>
						</HeartRateBpm>
						<Cadence>57</Cadence>
						<Extensions>
							<ns3:TPX>
								<ns3:Speed>1.102540</ns3:Speed>
							</ns3:TPX>
						</Extensions>
					</Trackpoint>
					<Trackpoint>
						<Time>2569-05-08T14:29:08Z</Time>
						<Position>
							<LatitudeDegrees>9.141330</LatitudeDegrees>
							<LongitudeDegrees>99.330505</LongitudeDegrees>
						</Position>
						<AltitudeMeters>10.310000</AltitudeMeters>
						<HeartRateBpm>
							<Value>101</Value>
						</HeartRateBpm>
					</Trackpoint>
					<Trackpoint>
						<Time>2569-05-08T14:29:09Z</Time>
						<Position>
							<LatitudeDegrees>9.141333</LatitudeDegrees>
							<LongitudeDegrees>99.330501</LongitudeDegrees>
						</Position>
						<AltitudeMeters>10.300000</AltitudeMeters>
						<HeartRateBpm>
							<Value>102</Value>
						</HeartRateBpm>
						<Cadence>58</Cadence>
						<Extensions>
							<ns3:TPX>
								<ns3:Speed>1.108650</ns3:Speed>
							</ns3:TPX>
						</Extensions>
					</Trackpoint>
					<Trackpoint>
						<Time>2569-05-08T14:29:10Z</Time>
						<Position>
							<LatitudeDegrees>9.141335</LatitudeDegrees>
							<LongitudeDegrees>99.330496</LongitudeDegrees>
						</Position>
						<AltitudeMeters>10.300000</AltitudeMeters>
						<HeartRateBpm>
							<Value>103</Value>
						</HeartRateBpm>
						<Cadence>57</Cadence>
						<Extensions>
							<ns3:TPX>
								<ns3:Speed>1.111110</ns3:Speed>
							</ns3:TPX>
						</Extensions>
					</Trackpoint>
					<Trackpoint>
						<Time>2569-05-08T14:29:11Z</Time>
						<Position>
							<LatitudeDegrees>9.141343</LatitudeDegrees>
							<LongitudeDegrees>99.330488</LongitudeDegrees>
						</Position>
						<AltitudeMeters>10.290000</AltitudeMeters>
						<HeartRateBpm>
							<Value>102</Value>
						</HeartRateBpm>
						<Cadence>57</Cadence>
						<Extensions>
							<ns3:TPX>
								<ns3:Speed>1.107420</ns3:Speed>
							</ns3:TPX>
						</Extensions>
					</Trackpoint>
					<Trackpoint>
						<Time>2569-05-08T14:29:12Z</Time>
						<Position>
							<LatitudeDegrees>9.141353</LatitudeDegrees>
							<LongitudeDegrees>99.330479</LongitudeDegrees>
						</Position>
						<AltitudeMeters>10.290000</AltitudeMeters>
						<HeartRateBpm>
							<Value>102</Value>
						</HeartRateBpm>
						<Cadence>57</Cadence>
						<Extensions>
							<ns3:TPX>
								<ns3:Speed>1.101320</ns3:Speed>
							</ns3:TPX>
						</Extensions>
					</Trackpoint>
					<Trackpoint>
						<Time>2569-05-08T14:29:13Z</Time>
						<Position>
							<LatitudeDegrees>9.141363</LatitudeDegrees>
							<LongitudeDegrees>99.330471</LongitudeDegrees>
						</Position>
						<AltitudeMeters>10.280000</AltitudeMeters>
						<HeartRateBpm>
							<Value>101</Value>
						</HeartRateBpm>
						<Cadence>57</Cadence>
						<Extensions>
							<ns3:TPX>
								<ns3:Speed>1.095290</ns3:Speed>
							</ns3:TPX>
						</Extensions>
					</Trackpoint>
					<Trackpoint>
						<Time>2569-05-08T14:29:14Z</Time>
						<Position>
							<LatitudeDegrees>9.141373</LatitudeDegrees>
							<LongitudeDegrees>99.330462</LongitudeDegrees>
						</Position>
						<AltitudeMeters>10.280000</AltitudeMeters>
						<HeartRateBpm>
							<Value>100</Value>
						</HeartRateBpm>
						<Cadence>57</Cadence>
						<Extensions>
							<ns3:TPX>
								<ns3:Speed>1.088140</ns3:Speed>
							</ns3:TPX>
						</Extensions>
					</Trackpoint>
					<Trackpoint>
						<Time>2569-05-08T14:29:15Z</Time>
						<Position>
							<LatitudeDegrees>9.141383</LatitudeDegrees>
							<LongitudeDegrees>99.330454</LongitudeDegrees>
						</Position>
						<AltitudeMeters>10.270000</AltitudeMeters>
						<HeartRateBpm>
							<Value>100</Value>
						</HeartRateBpm>
						<Cadence>57</Cadence>
						<Extensions>
							<ns3:TPX>
								<ns3:Speed>1.078750</ns3:Speed>
							</ns3:TPX>
						</Extensions>
					</Trackpoint>
					<Trackpoint>
						<Time>2569-05-08T14:29:16Z</Time>
						<Position>
							<LatitudeDegrees>9.141393</LatitudeDegrees>
							<LongitudeDegrees>99.330447</LongitudeDegrees>
						</Position>
						<AltitudeMeters>10.270000</AltitudeMeters>
						<HeartRateBpm>
							<Value>101</Value>
						</HeartRateBpm>
						<Cadence>57</Cadence>
						<Extensions>
							<ns3:TPX>
								<ns3:Speed>1.067240</ns3:Speed>
							</ns3:TPX>
						</Extensions>
					</Trackpoint>
					<Trackpoint>
						<Time>2569-05-08T14:29:17Z</Time>
						<Position>
							<LatitudeDegrees>9.141403</LatitudeDegrees>
							<LongitudeDegrees>99.330439</LongitudeDegrees>
						</Position>
						<AltitudeMeters>10.260000</AltitudeMeters>
						<HeartRateBpm>
							<Value>101</Value>
						</HeartRateBpm>
						<Cadence>57</Cadence>
						<Extensions>
							<ns3:TPX>
								<ns3:Speed>1.055970</ns3:Speed>
							</ns3:TPX>
						</Extensions>
					</Trackpoint>
					<Trackpoint>
						<Time>2569-05-08T14:29:18Z</Time>
						<Position>
							<LatitudeDegrees>9.141414</LatitudeDegrees>
							<LongitudeDegrees>99.330432</LongitudeDegrees>
						</Position>
						<AltitudeMeters>10.260000</AltitudeMeters>
						<HeartRateBpm>
							<Value>101</Value>
						</HeartRateBpm>
						<Cadence>56</Cadence>
						<Extensions>
							<ns3:TPX>
								<ns3:Speed>1.047120</ns3:Speed>
							</ns3:TPX>
						</Extensions>
					</Trackpoint>
					<Trackpoint>
						<Time>2569-05-08T14:29:19Z</Time>
						<Position>
							<LatitudeDegrees>9.141425</LatitudeDegrees>
							<LongitudeDegrees>99.330426</LongitudeDegrees>
						</Position>
						<AltitudeMeters>10.250000</AltitudeMeters>
						<HeartRateBpm>
							<Value>102</Value>
						</HeartRateBpm>
						<Cadence>56</Cadence>
						<Extensions>
							<ns3:TPX>
								<ns3:Speed>1.038420</ns3:Speed>
							</ns3:TPX>
						</Extensions>
					</Trackpoint>
					<Trackpoint>
						<Time>2569-05-08T14:29:20Z</Time>
						<Position>
							<LatitudeDegrees>9.141437</LatitudeDegrees>
							<LongitudeDegrees>99.330420</LongitudeDegrees>
						</Position>
						<AltitudeMeters>10.240000</AltitudeMeters>
						<HeartRateBpm>
							<Value>103</Value>
						</HeartRateBpm>
						<Cadence>56</Cadence>
						<Extensions>
							<ns3:TPX>
								<ns3:Speed>1.029870</ns3:Speed>
							</ns3:TPX>
						</Extensions>
					</Trackpoint>
					<Trackpoint>
						<Time>2569-05-08T14:29:21Z</Time>
						<Position>
							<LatitudeDegrees>9.141448</LatitudeDegrees>
							<LongitudeDegrees>99.330412</LongitudeDegrees>
						</Position>
						<AltitudeMeters>10.240000</AltitudeMeters>
						<HeartRateBpm>
							<Value>104</Value>
						</HeartRateBpm>
						<Cadence>56</Cadence>
						<Extensions>
							<ns3:TPX>
								<ns3:Speed>1.024590</ns3:Speed>
							</ns3:TPX>
						</Extensions>
					</Trackpoint>
					<Trackpoint>
						<Time>2569-05-08T14:29:22Z</Time>
						<Position>
							<LatitudeDegrees>9.141459</LatitudeDegrees>
							<LongitudeDegrees>99.330405</LongitudeDegrees>
						</Position>
						<AltitudeMeters>10.240000</AltitudeMeters>
						<HeartRateBpm>
							<Value>105</Value>
						</HeartRateBpm>
						<Cadence>56</Cadence>
						<Extensions>
							<ns3:TPX>
								<ns3:Speed>1.022490</ns3:Speed>
							</ns3:TPX>
						</Extensions>
					</Trackpoint>
					<Trackpoint>
						<Time>2569-05-08T14:29:23Z</Time>
						<Position>
							<LatitudeDegrees>9.141470</LatitudeDegrees>
							<LongitudeDegrees>99.330397</LongitudeDegrees>
						</Position>
						<AltitudeMeters>10.230000</AltitudeMeters>
						<HeartRateBpm>
							<Value>105</Value>
						</HeartRateBpm>
						<Cadence>56</Cadence>
						<Extensions>
							<ns3:TPX>
								<ns3:Speed>1.023540</ns3:Speed>
							</ns3:TPX>
						</Extensions>
					</Trackpoint>
					<Trackpoint>
						<Time>2569-05-08T14:29:24Z</Time>
						<Position>
							<LatitudeDegrees>9.141481</LatitudeDegrees>
							<LongitudeDegrees>99.330387</LongitudeDegrees>
						</Position>
						<AltitudeMeters>10.230000</AltitudeMeters>
						<HeartRateBpm>
							<Value>105</Value>
						</HeartRateBpm>
						<Cadence>56</Cadence>
						<Extensions>
							<ns3:TPX>
								<ns3:Speed>1.025640</ns3:Speed>
							</ns3:TPX>
						</Extensions>
					</Trackpoint>
					<Trackpoint>
						<Time>2569-05-08T14:29:25Z</Time>
						<Position>
							<LatitudeDegrees>9.141492</LatitudeDegrees>
							<LongitudeDegrees>99.330379</LongitudeDegrees>
						</Position>
						<AltitudeMeters>10.230000</AltitudeMeters>
						<HeartRateBpm>
							<Value>106</Value>
						</HeartRateBpm>
						<Cadence>56</Cadence>
						<Extensions>
							<ns3:TPX>
								<ns3:Speed>1.027750</ns3:Speed>
							</ns3:TPX>
						</Extensions>
					</Trackpoint>
					<Trackpoint>
						<Time>2569-05-08T14:29:26Z</Time>
						<Position>
							<LatitudeDegrees>9.141502</LatitudeDegrees>
							<LongitudeDegrees>99.330371</LongitudeDegrees>
						</Position>
						<AltitudeMeters>10.230000</AltitudeMeters>
						<HeartRateBpm>
							<Value>106</Value>
						</HeartRateBpm>
						<Cadence>56</Cadence>
						<Extensions>
							<ns3:TPX>
								<ns3:Speed>1.034130</ns3:Speed>
							</ns3:TPX>
						</Extensions>
					</Trackpoint>
					<Trackpoint>
						<Time>2569-05-08T14:29:27Z</Time>
						<Position>
							<LatitudeDegrees>9.141509</LatitudeDegrees>
							<LongitudeDegrees>99.330363</LongitudeDegrees>
						</Position>
						<AltitudeMeters>10.220000</AltitudeMeters>
						<HeartRateBpm>
							<Value>107</Value>
						</HeartRateBpm>
						<Cadence>55</Cadence>
						<Extensions>
							<ns3:TPX>
								<ns3:Speed>1.042750</ns3:Speed>
							</ns3:TPX>
						</Extensions>
					</Trackpoint>
					<Trackpoint>
						<Time>2569-05-08T14:29:28Z</Time>
						<Position>
							<LatitudeDegrees>9.141518</LatitudeDegrees>
							<LongitudeDegrees>99.330356</LongitudeDegrees>
						</Position>
						<AltitudeMeters>10.220000</AltitudeMeters>
						<HeartRateBpm>
							<Value>107</Value>
						</HeartRateBpm>
						<Cadence>56</Cadence>
						<Extensions>
							<ns3:TPX>
								<ns3:Speed>1.051520</ns3:Speed>
							</ns3:TPX>
						</Extensions>
					</Trackpoint>
					<Trackpoint>
						<Time>2569-05-08T14:29:29Z</Time>
						<Position>
							<LatitudeDegrees>9.141526</LatitudeDegrees>
							<LongitudeDegrees>99.330348</LongitudeDegrees>
						</Position>
						<AltitudeMeters>10.220000</AltitudeMeters>
						<HeartRateBpm>
							<Value>106</Value>
						</HeartRateBpm>
						<Cadence>56</Cadence>
						<Extensions>
							<ns3:TPX>
								<ns3:Speed>1.060450</ns3:Speed>
							</ns3:TPX>
						</Extensions>
					</Trackpoint>
					<Trackpoint>
						<Time>2569-05-08T14:29:30Z</Time>
						<Position>
							<LatitudeDegrees>9.141534</LatitudeDegrees>
							<LongitudeDegrees>99.330339</LongitudeDegrees>
						</Position>
						<AltitudeMeters>10.230000</AltitudeMeters>
						<HeartRateBpm>
							<Value>106</Value>
						</HeartRateBpm>
						<Cadence>57</Cadence>
						<Extensions>
							<ns3:TPX>
								<ns3:Speed>1.068380</ns3:Speed>
							</ns3:TPX>
						</Extensions>
					</Trackpoint>
					<Trackpoint>
						<Time>2569-05-08T14:29:31Z</Time>
						<Position>
							<LatitudeDegrees>9.141546</LatitudeDegrees>
							<LongitudeDegrees>99.330325</LongitudeDegrees>
						</Position>
						<AltitudeMeters>10.230000</AltitudeMeters>
						<HeartRateBpm>
							<Value>106</Value>
						</HeartRateBpm>
						<Cadence>58</Cadence>
						<Extensions>
							<ns3:TPX>
								<ns3:Speed>1.074110</ns3:Speed>
							</ns3:TPX>
						</Extensions>
					</Trackpoint>
					<Trackpoint>
						<Time>2569-05-08T14:29:32Z</Time>
						<Position>
							<LatitudeDegrees>9.141555</LatitudeDegrees>
							<LongitudeDegrees>99.330310</LongitudeDegrees>
						</Position>
						<AltitudeMeters>10.240000</AltitudeMeters>
						<HeartRateBpm>
							<Value>106</Value>
						</HeartRateBpm>
						<Cadence>59</Cadence>
						<Extensions>
							<ns3:TPX>
								<ns3:Speed>1.079910</ns3:Speed>
							</ns3:TPX>
						</Extensions>
					</Trackpoint>
					<Trackpoint>
						<Time>2569-05-08T14:29:33Z</Time>
						<Position>
							<LatitudeDegrees>9.141565</LatitudeDegrees>
							<LongitudeDegrees>99.330295</LongitudeDegrees>
						</Position>
						<AltitudeMeters>10.250000</AltitudeMeters>
						<HeartRateBpm>
							<Value>106</Value>
						</HeartRateBpm>
						<Cadence>59</Cadence>
						<Extensions>
							<ns3:TPX>
								<ns3:Speed>1.084600</ns3:Speed>
							</ns3:TPX>
						</Extensions>
					</Trackpoint>
					<Trackpoint>
						<Time>2569-05-08T14:29:34Z</Time>
						<Position>
							<LatitudeDegrees>9.141578</LatitudeDegrees>
							<LongitudeDegrees>99.330280</LongitudeDegrees>
						</Position>
						<AltitudeMeters>10.270000</AltitudeMeters>
						<HeartRateBpm>
							<Value>106</Value>
						</HeartRateBpm>
						<Cadence>58</Cadence>
						<Extensions>
							<ns3:TPX>
								<ns3:Speed>1.088140</ns3:Speed>
							</ns3:TPX>
						</Extensions>
					</Trackpoint>
					<Trackpoint>
						<Time>2569-05-08T14:29:35Z</Time>
						<Position>
							<LatitudeDegrees>9.141589</LatitudeDegrees>
							<LongitudeDegrees>99.330268</LongitudeDegrees>
						</Position>
						<AltitudeMeters>10.280000</AltitudeMeters>
						<HeartRateBpm>
							<Value>106</Value>
						</HeartRateBpm>
						<Cadence>58</Cadence>
						<Extensions>
							<ns3:TPX>
								<ns3:Speed>1.089320</ns3:Speed>
							</ns3:TPX>
						</Extensions>
					</Trackpoint>
					<Trackpoint>
						<Time>2569-05-08T14:29:36Z</Time>
						<Position>
							<LatitudeDegrees>9.141599</LatitudeDegrees>
							<LongitudeDegrees>99.330256</LongitudeDegrees>
						</Position>
						<AltitudeMeters>10.290000</AltitudeMeters>
						<HeartRateBpm>
							<Value>107</Value>
						</HeartRateBpm>
						<Cadence>58</Cadence>
						<Extensions>
							<ns3:TPX>
								<ns3:Speed>1.090510</ns3:Speed>
							</ns3:TPX>
						</Extensions>
					</Trackpoint>
					<Trackpoint>
						<Time>2569-05-08T14:29:37Z</Time>
						<Position>
							<LatitudeDegrees>9.141609</LatitudeDegrees>
							<LongitudeDegrees>99.330244</LongitudeDegrees>
						</Position>
						<AltitudeMeters>10.300000</AltitudeMeters>
						<HeartRateBpm>
							<Value>110</Value>
						</HeartRateBpm>
						<Cadence>58</Cadence>
						<Extensions>
							<ns3:TPX>
								<ns3:Speed>1.090510</ns3:Speed>
							</ns3:TPX>
						</Extensions>
					</Trackpoint>
					<Trackpoint>
						<Time>2569-05-08T14:29:38Z</Time>
						<Position>
							<LatitudeDegrees>9.141620</LatitudeDegrees>
							<LongitudeDegrees>99.330232</LongitudeDegrees>
						</Position>
						<AltitudeMeters>10.320000</AltitudeMeters>
						<HeartRateBpm>
							<Value>113</Value>
						</HeartRateBpm>
						<Cadence>60</Cadence>
						<Extensions>
							<ns3:TPX>
								<ns3:Speed>1.090510</ns3:Speed>
							</ns3:TPX>
						</Extensions>
					</Trackpoint>
					<Trackpoint>
						<Time>2569-05-08T14:29:39Z</Time>
						<Position>
							<LatitudeDegrees>9.141630</LatitudeDegrees>
							<LongitudeDegrees>99.330223</LongitudeDegrees>
						</Position>
						<AltitudeMeters>10.320000</AltitudeMeters>
						<HeartRateBpm>
							<Value>114</Value>
						</HeartRateBpm>
						<Cadence>61</Cadence>
						<Extensions>
							<ns3:TPX>
								<ns3:Speed>1.090510</ns3:Speed>
							</ns3:TPX>
						</Extensions>
					</Trackpoint>
					<Trackpoint>
						<Time>2569-05-08T14:29:40Z</Time>
						<Position>
							<LatitudeDegrees>9.141641</LatitudeDegrees>
							<LongitudeDegrees>99.330214</LongitudeDegrees>
						</Position>
						<AltitudeMeters>10.320000</AltitudeMeters>
						<HeartRateBpm>
							<Value>115</Value>
						</HeartRateBpm>
						<Cadence>61</Cadence>
						<Extensions>
							<ns3:TPX>
								<ns3:Speed>1.090510</ns3:Speed>
							</ns3:TPX>
						</Extensions>
					</Trackpoint>
					<Trackpoint>
						<Time>2569-05-08T14:29:41Z</Time>
						<Position>
							<LatitudeDegrees>9.141652</LatitudeDegrees>
							<LongitudeDegrees>99.330206</LongitudeDegrees>
						</Position>
						<AltitudeMeters>10.320000</AltitudeMeters>
						<HeartRateBpm>
							<Value>115</Value>
						</HeartRateBpm>
						<Cadence>60</Cadence>
						<Extensions>
							<ns3:TPX>
								<ns3:Speed>1.089320</ns3:Speed>
							</ns3:TPX>
						</Extensions>
					</Trackpoint>
					<Trackpoint>
						<Time>2569-05-08T14:29:42Z</Time>
						<Position>
							<LatitudeDegrees>9.141662</LatitudeDegrees>
							<LongitudeDegrees>99.330198</LongitudeDegrees>
						</Position>
						<AltitudeMeters>10.310000</AltitudeMeters>
						<HeartRateBpm>
							<Value>114</Value>
						</HeartRateBpm>
						<Cadence>58</Cadence>
						<Extensions>
							<ns3:TPX>
								<ns3:Speed>1.089320</ns3:Speed>
							</ns3:TPX>
						</Extensions>
					</Trackpoint>
					<Trackpoint>
						<Time>2569-05-08T14:29:43Z</Time>
						<Position>
							<LatitudeDegrees>9.141673</LatitudeDegrees>
							<LongitudeDegrees>99.330190</LongitudeDegrees>
						</Position>
						<AltitudeMeters>10.300000</AltitudeMeters>
						<HeartRateBpm>
							<Value>113</Value>
						</HeartRateBpm>
						<Cadence>58</Cadence>
						<Extensions>
							<ns3:TPX>
								<ns3:Speed>1.086960</ns3:Speed>
							</ns3:TPX>
						</Extensions>
					</Trackpoint>
					<Trackpoint>
						<Time>2569-05-08T14:29:44Z</Time>
						<Position>
							<LatitudeDegrees>9.141683</LatitudeDegrees>
							<LongitudeDegrees>99.330181</LongitudeDegrees>
						</Position>
						<AltitudeMeters>10.290000</AltitudeMeters>
						<HeartRateBpm>
							<Value>113</Value>
						</HeartRateBpm>
						<Cadence>58</Cadence>
						<Extensions>
							<ns3:TPX>
								<ns3:Speed>1.084600</ns3:Speed>
							</ns3:TPX>
						</Extensions>
					</Trackpoint>
					<Trackpoint>
						<Time>2569-05-08T14:29:45Z</Time>
						<Position>
							<LatitudeDegrees>9.141692</LatitudeDegrees>
							<LongitudeDegrees>99.330173</LongitudeDegrees>
						</Position>
						<AltitudeMeters>10.280000</AltitudeMeters>
						<HeartRateBpm>
							<Value>112</Value>
						</HeartRateBpm>
						<Cadence>58</Cadence>
						<Extensions>
							<ns3:TPX>
								<ns3:Speed>1.082250</ns3:Speed>
							</ns3:TPX>
						</Extensions>
					</Trackpoint>
					<Trackpoint>
						<Time>2569-05-08T14:29:46Z</Time>
						<Position>
							<LatitudeDegrees>9.141701</LatitudeDegrees>
							<LongitudeDegrees>99.330164</LongitudeDegrees>
						</Position>
						<AltitudeMeters>10.270000</AltitudeMeters>
						<HeartRateBpm>
							<Value>112</Value>
						</HeartRateBpm>
						<Cadence>59</Cadence>
						<Extensions>
							<ns3:TPX>
								<ns3:Speed>1.081080</ns3:Speed>
							</ns3:TPX>
						</Extensions>
					</Trackpoint>
					<Trackpoint>
						<Time>2569-05-08T14:29:47Z</Time>
						<Position>
							<LatitudeDegrees>9.141711</LatitudeDegrees>
							<LongitudeDegrees>99.330155</LongitudeDegrees>
						</Position>
						<AltitudeMeters>10.260000</AltitudeMeters>
						<HeartRateBpm>
							<Value>111</Value>
						</HeartRateBpm>
						<Cadence>59</Cadence>
						<Extensions>
							<ns3:TPX>
								<ns3:Speed>1.079910</ns3:Speed>
							</ns3:TPX>
						</Extensions>
					</Trackpoint>
					<Trackpoint>
						<Time>2569-05-08T14:29:48Z</Time>
						<Position>
							<LatitudeDegrees>9.141720</LatitudeDegrees>
							<LongitudeDegrees>99.330147</LongitudeDegrees>
						</Position>
						<AltitudeMeters>10.250000</AltitudeMeters>
						<HeartRateBpm>
							<Value>112</Value>
						</HeartRateBpm>
						<Cadence>59</Cadence>
						<Extensions>
							<ns3:TPX>
								<ns3:Speed>1.083420</ns3:Speed>
							</ns3:TPX>
						</Extensions>
					</Trackpoint>
					<Trackpoint>
						<Time>2569-05-08T14:29:49Z</Time>
						<Position>
							<LatitudeDegrees>9.141727</LatitudeDegrees>
							<LongitudeDegrees>99.330134</LongitudeDegrees>
						</Position>
						<AltitudeMeters>10.230000</AltitudeMeters>
						<HeartRateBpm>
							<Value>112</Value>
						</HeartRateBpm>
						<Cadence>59</Cadence>
						<Extensions>
							<ns3:TPX>
								<ns3:Speed>1.090510</ns3:Speed>
							</ns3:TPX>
						</Extensions>
					</Trackpoint>
					<Trackpoint>
						<Time>2569-05-08T14:29:50Z</Time>
						<Position>
							<LatitudeDegrees>9.141732</LatitudeDegrees>
							<LongitudeDegrees>99.330118</LongitudeDegrees>
						</Position>
						<AltitudeMeters>10.220000</AltitudeMeters>
						<HeartRateBpm>
							<Value>112</Value>
						</HeartRateBpm>
						<Cadence>58</Cadence>
						<Extensions>
							<ns3:TPX>
								<ns3:Speed>1.096490</ns3:Speed>
							</ns3:TPX>
						</Extensions>
					</Trackpoint>
					<Trackpoint>
						<Time>2569-05-08T14:29:51Z</Time>
						<Position>
							<LatitudeDegrees>9.141736</LatitudeDegrees>
							<LongitudeDegrees>99.330104</LongitudeDegrees>
						</Position>
						<AltitudeMeters>10.200000</AltitudeMeters>
						<HeartRateBpm>
							<Value>111</Value>
						</HeartRateBpm>
						<Cadence>58</Cadence>
						<Extensions>
							<ns3:TPX>
								<ns3:Speed>1.102540</ns3:Speed>
							</ns3:TPX>
						</Extensions>
					</Trackpoint>
					<Trackpoint>
						<Time>2569-05-08T14:29:52Z</Time>
						<Position>
							<LatitudeDegrees>9.141738</LatitudeDegrees>
							<LongitudeDegrees>99.330089</LongitudeDegrees>
						</Position>
						<AltitudeMeters>10.200000</AltitudeMeters>
						<HeartRateBpm>
							<Value>111</Value>
						</HeartRateBpm>
						<Cadence>57</Cadence>
						<Extensions>
							<ns3:TPX>
								<ns3:Speed>1.109880</ns3:Speed>
							</ns3:TPX>
						</Extensions>
					</Trackpoint>
					<Trackpoint>
						<Time>2569-05-08T14:29:53Z</Time>
						<Position>
							<LatitudeDegrees>9.141740</LatitudeDegrees>
							<LongitudeDegrees>99.330075</LongitudeDegrees>
						</Position>
						<AltitudeMeters>10.180000</AltitudeMeters>
						<HeartRateBpm>
							<Value>110</Value>
						</HeartRateBpm>
						<Cadence>57</Cadence>
						<Extensions>
							<ns3:TPX>
								<ns3:Speed>1.113590</ns3:Speed>
							</ns3:TPX>
						</Extensions>
					</Trackpoint>
					<Trackpoint>
						<Time>2569-05-08T14:29:54Z</Time>
						<Position>
							<LatitudeDegrees>9.141747</LatitudeDegrees>
							<LongitudeDegrees>99.330065</LongitudeDegrees>
						</Position>
						<AltitudeMeters>10.170000</AltitudeMeters>
						<HeartRateBpm>
							<Value>109</Value>
						</HeartRateBpm>
						<Cadence>56</Cadence>
						<Extensions>
							<ns3:TPX>
								<ns3:Speed>1.116070</ns3:Speed>
							</ns3:TPX>
						</Extensions>
					</Trackpoint>
					<Trackpoint>
						<Time>2569-05-08T14:29:55Z</Time>
						<Position>
							<LatitudeDegrees>9.141754</LatitudeDegrees>
							<LongitudeDegrees>99.330054</LongitudeDegrees>
						</Position>
						<AltitudeMeters>10.160000</AltitudeMeters>
						<HeartRateBpm>
							<Value>108</Value>
						</HeartRateBpm>
						<Cadence>56</Cadence>
						<Extensions>
							<ns3:TPX>
								<ns3:Speed>1.117320</ns3:Speed>
							</ns3:TPX>
						</Extensions>
					</Trackpoint>
					<Trackpoint>
						<Time>2569-05-08T14:29:56Z</Time>
						<Position>
							<LatitudeDegrees>9.141762</LatitudeDegrees>
							<LongitudeDegrees>99.330044</LongitudeDegrees>
						</Position>
						<AltitudeMeters>10.140000</AltitudeMeters>
						<HeartRateBpm>
							<Value>107</Value>
						</HeartRateBpm>
						<Cadence>56</Cadence>
						<Extensions>
							<ns3:TPX>
								<ns3:Speed>1.118570</ns3:Speed>
							</ns3:TPX>
						</Extensions>
					</Trackpoint>
					<Trackpoint>
						<Time>2569-05-08T14:29:57Z</Time>
						<Position>
							<LatitudeDegrees>9.141770</LatitudeDegrees>
							<LongitudeDegrees>99.330037</LongitudeDegrees>
						</Position>
						<AltitudeMeters>10.130000</AltitudeMeters>
						<HeartRateBpm>
							<Value>108</Value>
						</HeartRateBpm>
						<Cadence>57</Cadence>
						<Extensions>
							<ns3:TPX>
								<ns3:Speed>1.121080</ns3:Speed>
							</ns3:TPX>
						</Extensions>
					</Trackpoint>
					<Trackpoint>
						<Time>2569-05-08T14:29:58Z</Time>
						<Position>
							<LatitudeDegrees>9.141779</LatitudeDegrees>
							<LongitudeDegrees>99.330030</LongitudeDegrees>
						</Position>
						<AltitudeMeters>10.120000</AltitudeMeters>
						<HeartRateBpm>
							<Value>108</Value>
						</HeartRateBpm>
						<Cadence>57</Cadence>
						<Extensions>
							<ns3:TPX>
								<ns3:Speed>1.123600</ns3:Speed>
							</ns3:TPX>
						</Extensions>
					</Trackpoint>
					<Trackpoint>
						<Time>2569-05-08T14:29:59Z</Time>
						<Position>
							<LatitudeDegrees>9.141786</LatitudeDegrees>
							<LongitudeDegrees>99.330024</LongitudeDegrees>
						</Position>
						<AltitudeMeters>10.100000</AltitudeMeters>
						<HeartRateBpm>
							<Value>108</Value>
						</HeartRateBpm>
						<Cadence>57</Cadence>
						<Extensions>
							<ns3:TPX>
								<ns3:Speed>1.129940</ns3:Speed>
							</ns3:TPX>
						</Extensions>
					</Trackpoint>
					<Trackpoint>
						<Time>2569-05-08T14:30:00Z</Time>
						<Position>
							<LatitudeDegrees>9.141795</LatitudeDegrees>
							<LongitudeDegrees>99.330017</LongitudeDegrees>
						</Position>
						<AltitudeMeters>10.100000</AltitudeMeters>
						<HeartRateBpm>
							<Value>108</Value>
						</HeartRateBpm>
						<Cadence>57</Cadence>
						<Extensions>
							<ns3:TPX>
								<ns3:Speed>1.133790</ns3:Speed>
							</ns3:TPX>
						</Extensions>
					</Trackpoint>
					<Trackpoint>
						<Time>2569-05-08T14:30:01Z</Time>
						<Position>
							<LatitudeDegrees>9.141806</LatitudeDegrees>
							<LongitudeDegrees>99.330006</LongitudeDegrees>
						</Position>
						<AltitudeMeters>10.080000</AltitudeMeters>
						<HeartRateBpm>
							<Value>108</Value>
						</HeartRateBpm>
						<Cadence>57</Cadence>
						<Extensions>
							<ns3:TPX>
								<ns3:Speed>1.136360</ns3:Speed>
							</ns3:TPX>
						</Extensions>
					</Trackpoint>
					<Trackpoint>
						<Time>2569-05-08T14:30:02Z</Time>
						<Position>
							<LatitudeDegrees>9.141817</LatitudeDegrees>
							<LongitudeDegrees>99.329995</LongitudeDegrees>
						</Position>
						<AltitudeMeters>10.060000</AltitudeMeters>
						<HeartRateBpm>
							<Value>108</Value>
						</HeartRateBpm>
						<Cadence>57</Cadence>
						<Extensions>
							<ns3:TPX>
								<ns3:Speed>1.138950</ns3:Speed>
							</ns3:TPX>
						</Extensions>
					</Trackpoint>
					<Trackpoint>
						<Time>2569-05-08T14:30:03Z</Time>
						<Position>
							<LatitudeDegrees>9.141827</LatitudeDegrees>
							<LongitudeDegrees>99.329986</LongitudeDegrees>
						</Position>
						<AltitudeMeters>10.040000</AltitudeMeters>
						<HeartRateBpm>
							<Value>108</Value>
						</HeartRateBpm>
						<Cadence>57</Cadence>
						<Extensions>
							<ns3:TPX>
								<ns3:Speed>1.141550</ns3:Speed>
							</ns3:TPX>
						</Extensions>
					</Trackpoint>
					<Trackpoint>
						<Time>2569-05-08T14:30:04Z</Time>
						<Position>
							<LatitudeDegrees>9.141837</LatitudeDegrees>
							<LongitudeDegrees>99.329977</LongitudeDegrees>
						</Position>
						<AltitudeMeters>10.020000</AltitudeMeters>
						<HeartRateBpm>
							<Value>108</Value>
						</HeartRateBpm>
						<Cadence>57</Cadence>
						<Extensions>
							<ns3:TPX>
								<ns3:Speed>1.144160</ns3:Speed>
							</ns3:TPX>
						</Extensions>
					</Trackpoint>
					<Trackpoint>
						<Time>2569-05-08T14:30:05Z</Time>
						<Position>
							<LatitudeDegrees>9.141847</LatitudeDegrees>
							<LongitudeDegrees>99.329970</LongitudeDegrees>
						</Position>
						<AltitudeMeters>10.010000</AltitudeMeters>
						<HeartRateBpm>
							<Value>108</Value>
						</HeartRateBpm>
						<Cadence>56</Cadence>
						<Extensions>
							<ns3:TPX>
								<ns3:Speed>1.146790</ns3:Speed>
							</ns3:TPX>
						</Extensions>
					</Trackpoint>
					<Trackpoint>
						<Time>2569-05-08T14:30:06Z</Time>
						<Position>
							<LatitudeDegrees>9.141857</LatitudeDegrees>
							<LongitudeDegrees>99.329962</LongitudeDegrees>
						</Position>
						<AltitudeMeters>9.990000</AltitudeMeters>
						<HeartRateBpm>
							<Value>108</Value>
						</HeartRateBpm>
						<Cadence>56</Cadence>
						<Extensions>
							<ns3:TPX>
								<ns3:Speed>1.149430</ns3:Speed>
							</ns3:TPX>
						</Extensions>
					</Trackpoint>
					<Trackpoint>
						<Time>2569-05-08T14:30:07Z</Time>
						<Position>
							<LatitudeDegrees>9.141865</LatitudeDegrees>
							<LongitudeDegrees>99.329953</LongitudeDegrees>
						</Position>
						<AltitudeMeters>9.980000</AltitudeMeters>
						<HeartRateBpm>
							<Value>108</Value>
						</HeartRateBpm>
						<Cadence>56</Cadence>
						<Extensions>
							<ns3:TPX>
								<ns3:Speed>1.154730</ns3:Speed>
							</ns3:TPX>
						</Extensions>
					</Trackpoint>
					<Trackpoint>
						<Time>2569-05-08T14:30:08Z</Time>
						<Position>
							<LatitudeDegrees>9.141873</LatitudeDegrees>
							<LongitudeDegrees>99.329944</LongitudeDegrees>
						</Position>
						<AltitudeMeters>9.960000</AltitudeMeters>
						<HeartRateBpm>
							<Value>108</Value>
						</HeartRateBpm>
						<Cadence>57</Cadence>
						<Extensions>
							<ns3:TPX>
								<ns3:Speed>1.158750</ns3:Speed>
							</ns3:TPX>
						</Extensions>
					</Trackpoint>
					<Trackpoint>
						<Time>2569-05-08T14:30:09Z</Time>
						<Position>
							<LatitudeDegrees>9.141881</LatitudeDegrees>
							<LongitudeDegrees>99.329934</LongitudeDegrees>
						</Position>
						<AltitudeMeters>9.950000</AltitudeMeters>
						<HeartRateBpm>
							<Value>108</Value>
						</HeartRateBpm>
						<Cadence>57</Cadence>
						<Extensions>
							<ns3:TPX>
								<ns3:Speed>1.162790</ns3:Speed>
							</ns3:TPX>
						</Extensions>
					</Trackpoint>
					<Trackpoint>
						<Time>2569-05-08T14:30:10Z</Time>
						<Position>
							<LatitudeDegrees>9.141891</LatitudeDegrees>
							<LongitudeDegrees>99.329924</LongitudeDegrees>
						</Position>
						<AltitudeMeters>9.930000</AltitudeMeters>
						<HeartRateBpm>
							<Value>108</Value>
						</HeartRateBpm>
						<Cadence>58</Cadence>
						<Extensions>
							<ns3:TPX>
								<ns3:Speed>1.166860</ns3:Speed>
							</ns3:TPX>
						</Extensions>
					</Trackpoint>
					<Trackpoint>
						<Time>2569-05-08T14:30:11Z</Time>
						<Position>
							<LatitudeDegrees>9.141900</LatitudeDegrees>
							<LongitudeDegrees>99.329914</LongitudeDegrees>
						</Position>
						<AltitudeMeters>9.930000</AltitudeMeters>
						<HeartRateBpm>
							<Value>108</Value>
						</HeartRateBpm>
						<Cadence>58</Cadence>
						<Extensions>
							<ns3:TPX>
								<ns3:Speed>1.169590</ns3:Speed>
							</ns3:TPX>
						</Extensions>
					</Trackpoint>
					<Trackpoint>
						<Time>2569-05-08T14:30:12Z</Time>
						<Position>
							<LatitudeDegrees>9.141908</LatitudeDegrees>
							<LongitudeDegrees>99.329904</LongitudeDegrees>
						</Position>
						<AltitudeMeters>9.910000</AltitudeMeters>
						<HeartRateBpm>
							<Value>108</Value>
						</HeartRateBpm>
						<Cadence>59</Cadence>
						<Extensions>
							<ns3:TPX>
								<ns3:Speed>1.173710</ns3:Speed>
							</ns3:TPX>
						</Extensions>
					</Trackpoint>
					<Trackpoint>
						<Time>2569-05-08T14:30:13Z</Time>
						<Position>
							<LatitudeDegrees>9.141916</LatitudeDegrees>
							<LongitudeDegrees>99.329893</LongitudeDegrees>
						</Position>
						<AltitudeMeters>9.910000</AltitudeMeters>
						<HeartRateBpm>
							<Value>108</Value>
						</HeartRateBpm>
						<Cadence>59</Cadence>
						<Extensions>
							<ns3:TPX>
								<ns3:Speed>1.177860</ns3:Speed>
							</ns3:TPX>
						</Extensions>
					</Trackpoint>
					<Trackpoint>
						<Time>2569-05-08T14:30:14Z</Time>
						<Position>
							<LatitudeDegrees>9.141924</LatitudeDegrees>
							<LongitudeDegrees>99.329883</LongitudeDegrees>
						</Position>
						<AltitudeMeters>9.900000</AltitudeMeters>
						<HeartRateBpm>
							<Value>108</Value>
						</HeartRateBpm>
						<Cadence>60</Cadence>
						<Extensions>
							<ns3:TPX>
								<ns3:Speed>1.183430</ns3:Speed>
							</ns3:TPX>
						</Extensions>
					</Trackpoint>
					<Trackpoint>
						<Time>2569-05-08T14:30:15Z</Time>
						<Position>
							<LatitudeDegrees>9.141932</LatitudeDegrees>
							<LongitudeDegrees>99.329872</LongitudeDegrees>
						</Position>
						<AltitudeMeters>9.890000</AltitudeMeters>
						<HeartRateBpm>
							<Value>108</Value>
						</HeartRateBpm>
						<Cadence>60</Cadence>
						<Extensions>
							<ns3:TPX>
								<ns3:Speed>1.189060</ns3:Speed>
							</ns3:TPX>
						</Extensions>
					</Trackpoint>
					<Trackpoint>
						<Time>2569-05-08T14:30:16Z</Time>
						<Position>
							<LatitudeDegrees>9.141940</LatitudeDegrees>
							<LongitudeDegrees>99.329862</LongitudeDegrees>
						</Position>
						<AltitudeMeters>9.890000</AltitudeMeters>
						<HeartRateBpm>
							<Value>108</Value>
						</HeartRateBpm>
						<Cadence>59</Cadence>
						<Extensions>
							<ns3:TPX>
								<ns3:Speed>1.193320</ns3:Speed>
							</ns3:TPX>
						</Extensions>
					</Trackpoint>
					<Trackpoint>
						<Time>2569-05-08T14:30:17Z</Time>
						<Position>
							<LatitudeDegrees>9.141949</LatitudeDegrees>
							<LongitudeDegrees>99.329851</LongitudeDegrees>
						</Position>
						<AltitudeMeters>9.880000</AltitudeMeters>
						<HeartRateBpm>
							<Value>108</Value>
						</HeartRateBpm>
						<Cadence>58</Cadence>
						<Extensions>
							<ns3:TPX>
								<ns3:Speed>1.197600</ns3:Speed>
							</ns3:TPX>
						</Extensions>
					</Trackpoint>
					<Trackpoint>
						<Time>2569-05-08T14:30:18Z</Time>
						<Position>
							<LatitudeDegrees>9.141956</LatitudeDegrees>
							<LongitudeDegrees>99.329840</LongitudeDegrees>
						</Position>
						<AltitudeMeters>9.870000</AltitudeMeters>
						<HeartRateBpm>
							<Value>107</Value>
						</HeartRateBpm>
						<Cadence>57</Cadence>
						<Extensions>
							<ns3:TPX>
								<ns3:Speed>1.201920</ns3:Speed>
							</ns3:TPX>
						</Extensions>
					</Trackpoint>
					<Trackpoint>
						<Time>2569-05-08T14:30:19Z</Time>
						<Position>
							<LatitudeDegrees>9.141964</LatitudeDegrees>
							<LongitudeDegrees>99.329828</LongitudeDegrees>
						</Position>
						<AltitudeMeters>9.870000</AltitudeMeters>
						<HeartRateBpm>
							<Value>107</Value>
						</HeartRateBpm>
						<Cadence>57</Cadence>
						<Extensions>
							<ns3:TPX>
								<ns3:Speed>1.206270</ns3:Speed>
							</ns3:TPX>
						</Extensions>
					</Trackpoint>
					<Trackpoint>
						<Time>2569-05-08T14:30:20Z</Time>
						<Position>
							<LatitudeDegrees>9.141974</LatitudeDegrees>
							<LongitudeDegrees>99.329816</LongitudeDegrees>
						</Position>
						<AltitudeMeters>9.870000</AltitudeMeters>
						<HeartRateBpm>
							<Value>107</Value>
						</HeartRateBpm>
						<Cadence>57</Cadence>
						<Extensions>
							<ns3:TPX>
								<ns3:Speed>1.210650</ns3:Speed>
							</ns3:TPX>
						</Extensions>
					</Trackpoint>
					<Trackpoint>
						<Time>2569-05-08T14:30:21Z</Time>
						<Position>
							<LatitudeDegrees>9.141982</LatitudeDegrees>
							<LongitudeDegrees>99.329804</LongitudeDegrees>
						</Position>
						<AltitudeMeters>9.860000</AltitudeMeters>
						<HeartRateBpm>
							<Value>107</Value>
						</HeartRateBpm>
						<Cadence>58</Cadence>
						<Extensions>
							<ns3:TPX>
								<ns3:Speed>1.215070</ns3:Speed>
							</ns3:TPX>
						</Extensions>
					</Trackpoint>
					<Trackpoint>
						<Time>2569-05-08T14:30:22Z</Time>
						<Position>
							<LatitudeDegrees>9.141989</LatitudeDegrees>
							<LongitudeDegrees>99.329794</LongitudeDegrees>
						</Position>
						<AltitudeMeters>9.860000</AltitudeMeters>
						<HeartRateBpm>
							<Value>106</Value>
						</HeartRateBpm>
						<Cadence>58</Cadence>
						<Extensions>
							<ns3:TPX>
								<ns3:Speed>1.219510</ns3:Speed>
							</ns3:TPX>
						</Extensions>
					</Trackpoint>
					<Trackpoint>
						<Time>2569-05-08T14:30:23Z</Time>
						<Position>
							<LatitudeDegrees>9.141997</LatitudeDegrees>
							<LongitudeDegrees>99.329783</LongitudeDegrees>
						</Position>
						<AltitudeMeters>9.850000</AltitudeMeters>
						<HeartRateBpm>
							<Value>106</Value>
						</HeartRateBpm>
						<Cadence>58</Cadence>
						<Extensions>
							<ns3:TPX>
								<ns3:Speed>1.223990</ns3:Speed>
							</ns3:TPX>
						</Extensions>
					</Trackpoint>
					<Trackpoint>
						<Time>2569-05-08T14:30:24Z</Time>
						<Position>
							<LatitudeDegrees>9.142006</LatitudeDegrees>
							<LongitudeDegrees>99.329773</LongitudeDegrees>
						</Position>
						<AltitudeMeters>9.850000</AltitudeMeters>
						<HeartRateBpm>
							<Value>106</Value>
						</HeartRateBpm>
						<Cadence>58</Cadence>
						<Extensions>
							<ns3:TPX>
								<ns3:Speed>1.228500</ns3:Speed>
							</ns3:TPX>
						</Extensions>
					</Trackpoint>
					<Trackpoint>
						<Time>2569-05-08T14:30:25Z</Time>
						<Position>
							<LatitudeDegrees>9.142015</LatitudeDegrees>
							<LongitudeDegrees>99.329764</LongitudeDegrees>
						</Position>
						<AltitudeMeters>9.850000</AltitudeMeters>
						<HeartRateBpm>
							<Value>106</Value>
						</HeartRateBpm>
						<Cadence>58</Cadence>
						<Extensions>
							<ns3:TPX>
								<ns3:Speed>1.233050</ns3:Speed>
							</ns3:TPX>
						</Extensions>
					</Trackpoint>
					<Trackpoint>
						<Time>2569-05-08T14:30:26Z</Time>
						<Position>
							<LatitudeDegrees>9.142023</LatitudeDegrees>
							<LongitudeDegrees>99.329753</LongitudeDegrees>
						</Position>
						<AltitudeMeters>9.840000</AltitudeMeters>
						<HeartRateBpm>
							<Value>106</Value>
						</HeartRateBpm>
						<Cadence>58</Cadence>
						<Extensions>
							<ns3:TPX>
								<ns3:Speed>1.237620</ns3:Speed>
							</ns3:TPX>
						</Extensions>
					</Trackpoint>
					<Trackpoint>
						<Time>2569-05-08T14:30:27Z</Time>
						<Position>
							<LatitudeDegrees>9.142033</LatitudeDegrees>
							<LongitudeDegrees>99.329741</LongitudeDegrees>
						</Position>
						<AltitudeMeters>9.830000</AltitudeMeters>
						<HeartRateBpm>
							<Value>106</Value>
						</HeartRateBpm>
						<Cadence>59</Cadence>
						<Extensions>
							<ns3:TPX>
								<ns3:Speed>1.242240</ns3:Speed>
							</ns3:TPX>
						</Extensions>
					</Trackpoint>
					<Trackpoint>
						<Time>2569-05-08T14:30:28Z</Time>
						<Position>
							<LatitudeDegrees>9.142041</LatitudeDegrees>
							<LongitudeDegrees>99.329728</LongitudeDegrees>
						</Position>
						<AltitudeMeters>9.830000</AltitudeMeters>
						<HeartRateBpm>
							<Value>106</Value>
						</HeartRateBpm>
						<Cadence>59</Cadence>
						<Extensions>
							<ns3:TPX>
								<ns3:Speed>1.245330</ns3:Speed>
							</ns3:TPX>
						</Extensions>
					</Trackpoint>
					<Trackpoint>
						<Time>2569-05-08T14:30:29Z</Time>
						<Position>
							<LatitudeDegrees>9.142049</LatitudeDegrees>
							<LongitudeDegrees>99.329715</LongitudeDegrees>
						</Position>
						<AltitudeMeters>9.830000</AltitudeMeters>
						<HeartRateBpm>
							<Value>107</Value>
						</HeartRateBpm>
						<Cadence>58</Cadence>
						<Extensions>
							<ns3:TPX>
								<ns3:Speed>1.250000</ns3:Speed>
							</ns3:TPX>
						</Extensions>
					</Trackpoint>
					<Trackpoint>
						<Time>2569-05-08T14:30:30Z</Time>
						<Position>
							<LatitudeDegrees>9.142056</LatitudeDegrees>
							<LongitudeDegrees>99.329704</LongitudeDegrees>
						</Position>
						<AltitudeMeters>9.820000</AltitudeMeters>
						<HeartRateBpm>
							<Value>108</Value>
						</HeartRateBpm>
						<Cadence>58</Cadence>
						<Extensions>
							<ns3:TPX>
								<ns3:Speed>1.254710</ns3:Speed>
							</ns3:TPX>
						</Extensions>
					</Trackpoint>
					<Trackpoint>
						<Time>2569-05-08T14:30:31Z</Time>
						<Position>
							<LatitudeDegrees>9.142065</LatitudeDegrees>
							<LongitudeDegrees>99.329694</LongitudeDegrees>
						</Position>
						<AltitudeMeters>9.820000</AltitudeMeters>
						<HeartRateBpm>
							<Value>108</Value>
						</HeartRateBpm>
						<Cadence>58</Cadence>
						<Extensions>
							<ns3:TPX>
								<ns3:Speed>1.257860</ns3:Speed>
							</ns3:TPX>
						</Extensions>
					</Trackpoint>
					<Trackpoint>
						<Time>2569-05-08T14:30:32Z</Time>
						<Position>
							<LatitudeDegrees>9.142072</LatitudeDegrees>
							<LongitudeDegrees>99.329685</LongitudeDegrees>
						</Position>
						<AltitudeMeters>9.820000</AltitudeMeters>
						<HeartRateBpm>
							<Value>108</Value>
						</HeartRateBpm>
						<Cadence>58</Cadence>
						<Extensions>
							<ns3:TPX>
								<ns3:Speed>1.262630</ns3:Speed>
							</ns3:TPX>
						</Extensions>
					</Trackpoint>
					<Trackpoint>
						<Time>2569-05-08T14:30:33Z</Time>
						<Position>
							<LatitudeDegrees>9.142079</LatitudeDegrees>
							<LongitudeDegrees>99.329675</LongitudeDegrees>
						</Position>
						<AltitudeMeters>9.820000</AltitudeMeters>
						<HeartRateBpm>
							<Value>108</Value>
						</HeartRateBpm>
						<Cadence>58</Cadence>
						<Extensions>
							<ns3:TPX>
								<ns3:Speed>1.267430</ns3:Speed>
							</ns3:TPX>
						</Extensions>
					</Trackpoint>
					<Trackpoint>
						<Time>2569-05-08T14:30:34Z</Time>
						<Position>
							<LatitudeDegrees>9.142088</LatitudeDegrees>
							<LongitudeDegrees>99.329669</LongitudeDegrees>
						</Position>
						<AltitudeMeters>9.810000</AltitudeMeters>
						<HeartRateBpm>
							<Value>108</Value>
						</HeartRateBpm>
						<Cadence>58</Cadence>
						<Extensions>
							<ns3:TPX>
								<ns3:Speed>1.270650</ns3:Speed>
							</ns3:TPX>
						</Extensions>
					</Trackpoint>
					<Trackpoint>
						<Time>2569-05-08T14:30:35Z</Time>
						<Position>
							<LatitudeDegrees>9.142097</LatitudeDegrees>
							<LongitudeDegrees>99.329663</LongitudeDegrees>
						</Position>
						<AltitudeMeters>9.810000</AltitudeMeters>
						<HeartRateBpm>
							<Value>108</Value>
						</HeartRateBpm>
						<Cadence>57</Cadence>
						<Extensions>
							<ns3:TPX>
								<ns3:Speed>1.273890</ns3:Speed>
							</ns3:TPX>
						</Extensions>
					</Trackpoint>
					<Trackpoint>
						<Time>2569-05-08T14:30:36Z</Time>
						<Position>
							<LatitudeDegrees>9.142104</LatitudeDegrees>
							<LongitudeDegrees>99.329657</LongitudeDegrees>
						</Position>
						<AltitudeMeters>9.800000</AltitudeMeters>
						<HeartRateBpm>
							<Value>107</Value>
						</HeartRateBpm>
						<Cadence>57</Cadence>
						<Extensions>
							<ns3:TPX>
								<ns3:Speed>1.275510</ns3:Speed>
							</ns3:TPX>
						</Extensions>
					</Trackpoint>
					<Trackpoint>
						<Time>2569-05-08T14:30:37Z</Time>
						<Position>
							<LatitudeDegrees>9.142114</LatitudeDegrees>
							<LongitudeDegrees>99.329651</LongitudeDegrees>
						</Position>
						<AltitudeMeters>9.800000</AltitudeMeters>
						<HeartRateBpm>
							<Value>108</Value>
						</HeartRateBpm>
						<Cadence>57</Cadence>
						<Extensions>
							<ns3:TPX>
								<ns3:Speed>1.275510</ns3:Speed>
							</ns3:TPX>
						</Extensions>
					</Trackpoint>
					<Trackpoint>
						<Time>2569-05-08T14:30:38Z</Time>
						<Position>
							<LatitudeDegrees>9.142126</LatitudeDegrees>
							<LongitudeDegrees>99.329644</LongitudeDegrees>
						</Position>
						<AltitudeMeters>9.790000</AltitudeMeters>
						<HeartRateBpm>
							<Value>108</Value>
						</HeartRateBpm>
						<Cadence>56</Cadence>
						<Extensions>
							<ns3:TPX>
								<ns3:Speed>1.275510</ns3:Speed>
							</ns3:TPX>
						</Extensions>
					</Trackpoint>
					<Trackpoint>
						<Time>2569-05-08T14:30:39Z</Time>
						<Position>
							<LatitudeDegrees>9.142136</LatitudeDegrees>
							<LongitudeDegrees>99.329639</LongitudeDegrees>
						</Position>
						<AltitudeMeters>9.790000</AltitudeMeters>
						<HeartRateBpm>
							<Value>107</Value>
						</HeartRateBpm>
						<Cadence>56</Cadence>
						<Extensions>
							<ns3:TPX>
								<ns3:Speed>1.275510</ns3:Speed>
							</ns3:TPX>
						</Extensions>
					</Trackpoint>
					<Trackpoint>
						<Time>2569-05-08T14:30:40Z</Time>
						<Position>
							<LatitudeDegrees>9.142145</LatitudeDegrees>
							<LongitudeDegrees>99.329633</LongitudeDegrees>
						</Position>
						<AltitudeMeters>9.780000</AltitudeMeters>
						<HeartRateBpm>
							<Value>107</Value>
						</HeartRateBpm>
						<Cadence>56</Cadence>
						<Extensions>
							<ns3:TPX>
								<ns3:Speed>1.273890</ns3:Speed>
							</ns3:TPX>
						</Extensions>
					</Trackpoint>
					<Trackpoint>
						<Time>2569-05-08T14:30:41Z</Time>
						<Position>
							<LatitudeDegrees>9.142154</LatitudeDegrees>
							<LongitudeDegrees>99.329626</LongitudeDegrees>
						</Position>
						<AltitudeMeters>9.770000</AltitudeMeters>
						<HeartRateBpm>
							<Value>108</Value>
						</HeartRateBpm>
						<Cadence>56</Cadence>
						<Extensions>
							<ns3:TPX>
								<ns3:Speed>1.272260</ns3:Speed>
							</ns3:TPX>
						</Extensions>
					</Trackpoint>
					<Trackpoint>
						<Time>2569-05-08T14:30:42Z</Time>
						<Position>
							<LatitudeDegrees>9.142163</LatitudeDegrees>
							<LongitudeDegrees>99.329620</LongitudeDegrees>
						</Position>
						<AltitudeMeters>9.760000</AltitudeMeters>
						<HeartRateBpm>
							<Value>108</Value>
						</HeartRateBpm>
						<Cadence>56</Cadence>
						<Extensions>
							<ns3:TPX>
								<ns3:Speed>1.269040</ns3:Speed>
							</ns3:TPX>
						</Extensions>
					</Trackpoint>
					<Trackpoint>
						<Time>2569-05-08T14:30:43Z</Time>
						<Position>
							<LatitudeDegrees>9.142171</LatitudeDegrees>
							<LongitudeDegrees>99.329614</LongitudeDegrees>
						</Position>
						<AltitudeMeters>9.750000</AltitudeMeters>
						<HeartRateBpm>
							<Value>109</Value>
						</HeartRateBpm>
						<Cadence>56</Cadence>
						<Extensions>
							<ns3:TPX>
								<ns3:Speed>1.267430</ns3:Speed>
							</ns3:TPX>
						</Extensions>
					</Trackpoint>
					<Trackpoint>
						<Time>2569-05-08T14:30:44Z</Time>
						<Position>
							<LatitudeDegrees>9.142179</LatitudeDegrees>
							<LongitudeDegrees>99.329608</LongitudeDegrees>
						</Position>
						<AltitudeMeters>9.740000</AltitudeMeters>
						<HeartRateBpm>
							<Value>109</Value>
						</HeartRateBpm>
						<Cadence>56</Cadence>
						<Extensions>
							<ns3:TPX>
								<ns3:Speed>1.264220</ns3:Speed>
							</ns3:TPX>
						</Extensions>
					</Trackpoint>
					<Trackpoint>
						<Time>2569-05-08T14:30:45Z</Time>
						<Position>
							<LatitudeDegrees>9.142187</LatitudeDegrees>
							<LongitudeDegrees>99.329604</LongitudeDegrees>
						</Position>
						<AltitudeMeters>9.730000</AltitudeMeters>
						<HeartRateBpm>
							<Value>109</Value>
						</HeartRateBpm>
						<Cadence>56</Cadence>
						<Extensions>
							<ns3:TPX>
								<ns3:Speed>1.261030</ns3:Speed>
							</ns3:TPX>
						</Extensions>
					</Trackpoint>
					<Trackpoint>
						<Time>2569-05-08T14:30:46Z</Time>
						<Position>
							<LatitudeDegrees>9.142196</LatitudeDegrees>
							<LongitudeDegrees>99.329599</LongitudeDegrees>
						</Position>
						<AltitudeMeters>9.720000</AltitudeMeters>
						<HeartRateBpm>
							<Value>110</Value>
						</HeartRateBpm>
						<Cadence>56</Cadence>
						<Extensions>
							<ns3:TPX>
								<ns3:Speed>1.256280</ns3:Speed>
							</ns3:TPX>
						</Extensions>
					</Trackpoint>
					<Trackpoint>
						<Time>2569-05-08T14:30:47Z</Time>
						<Position>
							<LatitudeDegrees>9.142206</LatitudeDegrees>
							<LongitudeDegrees>99.329591</LongitudeDegrees>
						</Position>
						<AltitudeMeters>9.710000</AltitudeMeters>
						<HeartRateBpm>
							<Value>110</Value>
						</HeartRateBpm>
						<Cadence>56</Cadence>
						<Extensions>
							<ns3:TPX>
								<ns3:Speed>1.253130</ns3:Speed>
							</ns3:TPX>
						</Extensions>
					</Trackpoint>
					<Trackpoint>
						<Time>2569-05-08T14:30:48Z</Time>
						<Position>
							<LatitudeDegrees>9.142217</LatitudeDegrees>
							<LongitudeDegrees>99.329582</LongitudeDegrees>
						</Position>
						<AltitudeMeters>9.700000</AltitudeMeters>
						<HeartRateBpm>
							<Value>110</Value>
						</HeartRateBpm>
						<Cadence>56</Cadence>
						<Extensions>
							<ns3:TPX>
								<ns3:Speed>1.248440</ns3:Speed>
							</ns3:TPX>
						</Extensions>
					</Trackpoint>
					<Trackpoint>
						<Time>2569-05-08T14:30:49Z</Time>
						<Position>
							<LatitudeDegrees>9.142227</LatitudeDegrees>
							<LongitudeDegrees>99.329573</LongitudeDegrees>
						</Position>
						<AltitudeMeters>9.690000</AltitudeMeters>
						<HeartRateBpm>
							<Value>109</Value>
						</HeartRateBpm>
						<Cadence>56</Cadence>
						<Extensions>
							<ns3:TPX>
								<ns3:Speed>1.243780</ns3:Speed>
							</ns3:TPX>
						</Extensions>
					</Trackpoint>
					<Trackpoint>
						<Time>2569-05-08T14:30:50Z</Time>
						<Position>
							<LatitudeDegrees>9.142238</LatitudeDegrees>
							<LongitudeDegrees>99.329564</LongitudeDegrees>
						</Position>
						<AltitudeMeters>9.680000</AltitudeMeters>
						<HeartRateBpm>
							<Value>108</Value>
						</HeartRateBpm>
						<Cadence>57</Cadence>
						<Extensions>
							<ns3:TPX>
								<ns3:Speed>1.240690</ns3:Speed>
							</ns3:TPX>
						</Extensions>
					</Trackpoint>
					<Trackpoint>
						<Time>2569-05-08T14:30:51Z</Time>
						<Position>
							<LatitudeDegrees>9.142249</LatitudeDegrees>
							<LongitudeDegrees>99.329554</LongitudeDegrees>
						</Position>
						<AltitudeMeters>9.680000</AltitudeMeters>
						<HeartRateBpm>
							<Value>107</Value>
						</HeartRateBpm>
						<Cadence>57</Cadence>
						<Extensions>
							<ns3:TPX>
								<ns3:Speed>1.236090</ns3:Speed>
							</ns3:TPX>
						</Extensions>
					</Trackpoint>
					<Trackpoint>
						<Time>2569-05-08T14:30:52Z</Time>
						<Position>
							<LatitudeDegrees>9.142260</LatitudeDegrees>
							<LongitudeDegrees>99.329546</LongitudeDegrees>
						</Position>
						<AltitudeMeters>9.680000</AltitudeMeters>
						<HeartRateBpm>
							<Value>107</Value>
						</HeartRateBpm>
						<Cadence>57</Cadence>
						<Extensions>
							<ns3:TPX>
								<ns3:Speed>1.230010</ns3:Speed>
							</ns3:TPX>
						</Extensions>
					</Trackpoint>
					<Trackpoint>
						<Time>2569-05-08T14:30:53Z</Time>
						<Position>
							<LatitudeDegrees>9.142274</LatitudeDegrees>
							<LongitudeDegrees>99.329539</LongitudeDegrees>
						</Position>
						<AltitudeMeters>9.670000</AltitudeMeters>
						<HeartRateBpm>
							<Value>107</Value>
						</HeartRateBpm>
						<Cadence>56</Cadence>
						<Extensions>
							<ns3:TPX>
								<ns3:Speed>1.223990</ns3:Speed>
							</ns3:TPX>
						</Extensions>
					</Trackpoint>
					<Trackpoint>
						<Time>2569-05-08T14:30:54Z</Time>
						<Position>
							<LatitudeDegrees>9.142286</LatitudeDegrees>
							<LongitudeDegrees>99.329534</LongitudeDegrees>
						</Position>
						<AltitudeMeters>9.670000</AltitudeMeters>
						<HeartRateBpm>
							<Value>107</Value>
						</HeartRateBpm>
						<Cadence>55</Cadence>
						<Extensions>
							<ns3:TPX>
								<ns3:Speed>1.218030</ns3:Speed>
							</ns3:TPX>
						</Extensions>
					</Trackpoint>
					<Trackpoint>
						<Time>2569-05-08T14:30:55Z</Time>
						<Position>
							<LatitudeDegrees>9.142297</LatitudeDegrees>
							<LongitudeDegrees>99.329528</LongitudeDegrees>
						</Position>
						<AltitudeMeters>9.660000</AltitudeMeters>
						<HeartRateBpm>
							<Value>107</Value>
						</HeartRateBpm>
						<Cadence>55</Cadence>
						<Extensions>
							<ns3:TPX>
								<ns3:Speed>1.213590</ns3:Speed>
							</ns3:TPX>
						</Extensions>
					</Trackpoint>
					<Trackpoint>
						<Time>2569-05-08T14:30:56Z</Time>
						<Position>
							<LatitudeDegrees>9.142308</LatitudeDegrees>
							<LongitudeDegrees>99.329523</LongitudeDegrees>
						</Position>
						<AltitudeMeters>9.660000</AltitudeMeters>
						<HeartRateBpm>
							<Value>108</Value>
						</HeartRateBpm>
						<Cadence>55</Cadence>
						<Extensions>
							<ns3:TPX>
								<ns3:Speed>1.209190</ns3:Speed>
							</ns3:TPX>
						</Extensions>
					</Trackpoint>
					<Trackpoint>
						<Time>2569-05-08T14:30:57Z</Time>
						<Position>
							<LatitudeDegrees>9.142318</LatitudeDegrees>
							<LongitudeDegrees>99.329518</LongitudeDegrees>
						</Position>
						<AltitudeMeters>9.660000</AltitudeMeters>
						<HeartRateBpm>
							<Value>108</Value>
						</HeartRateBpm>
						<Cadence>56</Cadence>
						<Extensions>
							<ns3:TPX>
								<ns3:Speed>1.204820</ns3:Speed>
							</ns3:TPX>
						</Extensions>
					</Trackpoint>
					<Trackpoint>
						<Time>2569-05-08T14:30:58Z</Time>
						<Position>
							<LatitudeDegrees>9.142331</LatitudeDegrees>
							<LongitudeDegrees>99.329515</LongitudeDegrees>
						</Position>
						<AltitudeMeters>9.650000</AltitudeMeters>
						<HeartRateBpm>
							<Value>107</Value>
						</HeartRateBpm>
						<Cadence>57</Cadence>
						<Extensions>
							<ns3:TPX>
								<ns3:Speed>1.200480</ns3:Speed>
							</ns3:TPX>
						</Extensions>
					</Trackpoint>
					<Trackpoint>
						<Time>2569-05-08T14:30:59Z</Time>
						<Position>
							<LatitudeDegrees>9.142344</LatitudeDegrees>
							<LongitudeDegrees>99.329510</LongitudeDegrees>
						</Position>
						<AltitudeMeters>9.640000</AltitudeMeters>
						<HeartRateBpm>
							<Value>107</Value>
						</HeartRateBpm>
						<Cadence>57</Cadence>
						<Extensions>
							<ns3:TPX>
								<ns3:Speed>1.197600</ns3:Speed>
							</ns3:TPX>
						</Extensions>
					</Trackpoint>
					<Trackpoint>
						<Time>2569-05-08T14:31:00Z</Time>
						<Position>
							<LatitudeDegrees>9.142355</LatitudeDegrees>
							<LongitudeDegrees>99.329504</LongitudeDegrees>
						</Position>
						<AltitudeMeters>9.640000</AltitudeMeters>
						<HeartRateBpm>
							<Value>107</Value>
						</HeartRateBpm>
						<Cadence>57</Cadence>
						<Extensions>
							<ns3:TPX>
								<ns3:Speed>1.193320</ns3:Speed>
							</ns3:TPX>
						</Extensions>
					</Trackpoint>
					<Trackpoint>
						<Time>2569-05-08T14:31:01Z</Time>
						<Position>
							<LatitudeDegrees>9.142363</LatitudeDegrees>
							<LongitudeDegrees>99.329498</LongitudeDegrees>
						</Position>
						<AltitudeMeters>9.630000</AltitudeMeters>
						<HeartRateBpm>
							<Value>107</Value>
						</HeartRateBpm>
						<Cadence>57</Cadence>
						<Extensions>
							<ns3:TPX>
								<ns3:Speed>1.191900</ns3:Speed>
							</ns3:TPX>
						</Extensions>
					</Trackpoint>
					<Trackpoint>
						<Time>2569-05-08T14:31:02Z</Time>
						<Position>
							<LatitudeDegrees>9.142368</LatitudeDegrees>
							<LongitudeDegrees>99.329492</LongitudeDegrees>
						</Position>
						<AltitudeMeters>9.620000</AltitudeMeters>
						<HeartRateBpm>
							<Value>107</Value>
						</HeartRateBpm>
						<Cadence>57</Cadence>
						<Extensions>
							<ns3:TPX>
								<ns3:Speed>1.193320</ns3:Speed>
							</ns3:TPX>
						</Extensions>
					</Trackpoint>
					<Trackpoint>
						<Time>2569-05-08T14:31:03Z</Time>
						<Position>
							<LatitudeDegrees>9.142372</LatitudeDegrees>
							<LongitudeDegrees>99.329485</LongitudeDegrees>
						</Position>
						<AltitudeMeters>9.610000</AltitudeMeters>
						<HeartRateBpm>
							<Value>107</Value>
						</HeartRateBpm>
						<Cadence>57</Cadence>
						<Extensions>
							<ns3:TPX>
								<ns3:Speed>1.193320</ns3:Speed>
							</ns3:TPX>
						</Extensions>
					</Trackpoint>
					<Trackpoint>
						<Time>2569-05-08T14:31:04Z</Time>
						<Position>
							<LatitudeDegrees>9.142377</LatitudeDegrees>
							<LongitudeDegrees>99.329476</LongitudeDegrees>
						</Position>
						<AltitudeMeters>9.600000</AltitudeMeters>
						<HeartRateBpm>
							<Value>107</Value>
						</HeartRateBpm>
						<Cadence>57</Cadence>
						<Extensions>
							<ns3:TPX>
								<ns3:Speed>1.193320</ns3:Speed>
							</ns3:TPX>
						</Extensions>
					</Trackpoint>
					<Trackpoint>
						<Time>2569-05-08T14:31:05Z</Time>
						<Position>
							<LatitudeDegrees>9.142386</LatitudeDegrees>
							<LongitudeDegrees>99.329460</LongitudeDegrees>
						</Position>
						<AltitudeMeters>9.590000</AltitudeMeters>
						<HeartRateBpm>
							<Value>107</Value>
						</HeartRateBpm>
						<Cadence>57</Cadence>
						<Extensions>
							<ns3:TPX>
								<ns3:Speed>1.191900</ns3:Speed>
							</ns3:TPX>
						</Extensions>
					</Trackpoint>
					<Trackpoint>
						<Time>2569-05-08T14:31:06Z</Time>
						<Position>
							<LatitudeDegrees>9.142396</LatitudeDegrees>
							<LongitudeDegrees>99.329446</LongitudeDegrees>
						</Position>
						<AltitudeMeters>9.570000</AltitudeMeters>
						<HeartRateBpm>
							<Value>107</Value>
						</HeartRateBpm>
						<Cadence>57</Cadence>
						<Extensions>
							<ns3:TPX>
								<ns3:Speed>1.189060</ns3:Speed>
							</ns3:TPX>
						</Extensions>
					</Trackpoint>
					<Trackpoint>
						<Time>2569-05-08T14:31:07Z</Time>
						<Position>
							<LatitudeDegrees>9.142403</LatitudeDegrees>
							<LongitudeDegrees>99.329433</LongitudeDegrees>
						</Position>
						<AltitudeMeters>9.550000</AltitudeMeters>
						<HeartRateBpm>
							<Value>107</Value>
						</HeartRateBpm>
						<Cadence>57</Cadence>
						<Extensions>
							<ns3:TPX>
								<ns3:Speed>1.187650</ns3:Speed>
							</ns3:TPX>
						</Extensions>
					</Trackpoint>
					<Trackpoint>
						<Time>2569-05-08T14:31:08Z</Time>
						<Position>
							<LatitudeDegrees>9.142411</LatitudeDegrees>
							<LongitudeDegrees>99.329422</LongitudeDegrees>
						</Position>
						<AltitudeMeters>9.540000</AltitudeMeters>
						<HeartRateBpm>
							<Value>107</Value>
						</HeartRateBpm>
						<Cadence>56</Cadence>
						<Extensions>
							<ns3:TPX>
								<ns3:Speed>1.186240</ns3:Speed>
							</ns3:TPX>
						</Extensions>
					</Trackpoint>
					<Trackpoint>
						<Time>2569-05-08T14:31:09Z</Time>
						<Position>
							<LatitudeDegrees>9.142420</LatitudeDegrees>
							<LongitudeDegrees>99.329413</LongitudeDegrees>
						</Position>
						<AltitudeMeters>9.520000</AltitudeMeters>
						<HeartRateBpm>
							<Value>106</Value>
						</HeartRateBpm>
						<Cadence>55</Cadence>
						<Extensions>
							<ns3:TPX>
								<ns3:Speed>1.183430</ns3:Speed>
							</ns3:TPX>
						</Extensions>
					</Trackpoint>
					<Trackpoint>
						<Time>2569-05-08T14:31:10Z</Time>
						<Position>
							<LatitudeDegrees>9.142429</LatitudeDegrees>
							<LongitudeDegrees>99.329404</LongitudeDegrees>
						</Position>
						<AltitudeMeters>9.510000</AltitudeMeters>
						<HeartRateBpm>
							<Value>106</Value>
						</HeartRateBpm>
						<Cadence>50</Cadence>
						<Extensions>
							<ns3:TPX>
								<ns3:Speed>1.179250</ns3:Speed>
							</ns3:TPX>
						</Extensions>
					</Trackpoint>
					<Trackpoint>
						<Time>2569-05-08T14:31:11Z</Time>
						<Position>
							<LatitudeDegrees>9.142439</LatitudeDegrees>
							<LongitudeDegrees>99.329396</LongitudeDegrees>
						</Position>
						<AltitudeMeters>9.490000</AltitudeMeters>
						<HeartRateBpm>
							<Value>106</Value>
						</HeartRateBpm>
						<Cadence>49</Cadence>
						<Extensions>
							<ns3:TPX>
								<ns3:Speed>1.175090</ns3:Speed>
							</ns3:TPX>
						</Extensions>
					</Trackpoint>
					<Trackpoint>
						<Time>2569-05-08T14:31:12Z</Time>
						<Position>
							<LatitudeDegrees>9.142450</LatitudeDegrees>
							<LongitudeDegrees>99.329388</LongitudeDegrees>
						</Position>
						<AltitudeMeters>9.480000</AltitudeMeters>
						<HeartRateBpm>
							<Value>107</Value>
						</HeartRateBpm>
						<Cadence>49</Cadence>
						<Extensions>
							<ns3:TPX>
								<ns3:Speed>1.170960</ns3:Speed>
							</ns3:TPX>
						</Extensions>
					</Trackpoint>
					<Trackpoint>
						<Time>2569-05-08T14:31:13Z</Time>
						<Position>
							<LatitudeDegrees>9.142460</LatitudeDegrees>
							<LongitudeDegrees>99.329382</LongitudeDegrees>
						</Position>
						<AltitudeMeters>9.460000</AltitudeMeters>
						<HeartRateBpm>
							<Value>109</Value>
						</HeartRateBpm>
						<Cadence>48</Cadence>
						<Extensions>
							<ns3:TPX>
								<ns3:Speed>1.166860</ns3:Speed>
							</ns3:TPX>
						</Extensions>
					</Trackpoint>
					<Trackpoint>
						<Time>2569-05-08T14:31:14Z</Time>
						<Position>
							<LatitudeDegrees>9.142475</LatitudeDegrees>
							<LongitudeDegrees>99.329376</LongitudeDegrees>
						</Position>
						<AltitudeMeters>9.450000</AltitudeMeters>
						<HeartRateBpm>
							<Value>109</Value>
						</HeartRateBpm>
						<Cadence>58</Cadence>
						<Extensions>
							<ns3:TPX>
								<ns3:Speed>1.164140</ns3:Speed>
							</ns3:TPX>
						</Extensions>
					</Trackpoint>
					<Trackpoint>
						<Time>2569-05-08T14:31:15Z</Time>
						<Position>
							<LatitudeDegrees>9.142489</LatitudeDegrees>
							<LongitudeDegrees>99.329370</LongitudeDegrees>
						</Position>
						<AltitudeMeters>9.440000</AltitudeMeters>
						<HeartRateBpm>
							<Value>110</Value>
						</HeartRateBpm>
						<Cadence>59</Cadence>
						<Extensions>
							<ns3:TPX>
								<ns3:Speed>1.160090</ns3:Speed>
							</ns3:TPX>
						</Extensions>
					</Trackpoint>
					<Trackpoint>
						<Time>2569-05-08T14:31:16Z</Time>
						<Position>
							<LatitudeDegrees>9.142502</LatitudeDegrees>
							<LongitudeDegrees>99.329368</LongitudeDegrees>
						</Position>
						<AltitudeMeters>9.440000</AltitudeMeters>
						<HeartRateBpm>
							<Value>110</Value>
						</HeartRateBpm>
						<Cadence>59</Cadence>
						<Extensions>
							<ns3:TPX>
								<ns3:Speed>1.157410</ns3:Speed>
							</ns3:TPX>
						</Extensions>
					</Trackpoint>
					<Trackpoint>
						<Time>2569-05-08T14:31:17Z</Time>
						<Position>
							<LatitudeDegrees>9.142515</LatitudeDegrees>
							<LongitudeDegrees>99.329365</LongitudeDegrees>
						</Position>
						<AltitudeMeters>9.430000</AltitudeMeters>
						<HeartRateBpm>
							<Value>110</Value>
						</HeartRateBpm>
						<Cadence>58</Cadence>
						<Extensions>
							<ns3:TPX>
								<ns3:Speed>1.156070</ns3:Speed>
							</ns3:TPX>
						</Extensions>
					</Trackpoint>
					<Trackpoint>
						<Time>2569-05-08T14:31:18Z</Time>
						<Position>
							<LatitudeDegrees>9.142526</LatitudeDegrees>
							<LongitudeDegrees>99.329363</LongitudeDegrees>
						</Position>
						<AltitudeMeters>9.430000</AltitudeMeters>
						<HeartRateBpm>
							<Value>110</Value>
						</HeartRateBpm>
						<Cadence>58</Cadence>
						<Extensions>
							<ns3:TPX>
								<ns3:Speed>1.153400</ns3:Speed>
							</ns3:TPX>
						</Extensions>
					</Trackpoint>
					<Trackpoint>
						<Time>2569-05-08T14:31:19Z</Time>
						<Position>
							<LatitudeDegrees>9.142536</LatitudeDegrees>
							<LongitudeDegrees>99.329359</LongitudeDegrees>
						</Position>
						<AltitudeMeters>9.420000</AltitudeMeters>
						<HeartRateBpm>
							<Value>110</Value>
						</HeartRateBpm>
						<Cadence>57</Cadence>
						<Extensions>
							<ns3:TPX>
								<ns3:Speed>1.153400</ns3:Speed>
							</ns3:TPX>
						</Extensions>
					</Trackpoint>
					<Trackpoint>
						<Time>2569-05-08T14:31:20Z</Time>
						<Position>
							<LatitudeDegrees>9.142545</LatitudeDegrees>
							<LongitudeDegrees>99.329355</LongitudeDegrees>
						</Position>
						<AltitudeMeters>9.420000</AltitudeMeters>
						<HeartRateBpm>
							<Value>110</Value>
						</HeartRateBpm>
						<Cadence>56</Cadence>
						<Extensions>
							<ns3:TPX>
								<ns3:Speed>1.154730</ns3:Speed>
							</ns3:TPX>
						</Extensions>
					</Trackpoint>
					<Trackpoint>
						<Time>2569-05-08T14:31:21Z</Time>
						<Position>
							<LatitudeDegrees>9.142556</LatitudeDegrees>
							<LongitudeDegrees>99.329353</LongitudeDegrees>
						</Position>
						<AltitudeMeters>9.420000</AltitudeMeters>
						<HeartRateBpm>
							<Value>109</Value>
						</HeartRateBpm>
						<Cadence>55</Cadence>
						<Extensions>
							<ns3:TPX>
								<ns3:Speed>1.158750</ns3:Speed>
							</ns3:TPX>
						</Extensions>
					</Trackpoint>
					<Trackpoint>
						<Time>2569-05-08T14:31:22Z</Time>
						<Position>
							<LatitudeDegrees>9.142567</LatitudeDegrees>
							<LongitudeDegrees>99.329349</LongitudeDegrees>
						</Position>
						<AltitudeMeters>9.420000</AltitudeMeters>
						<HeartRateBpm>
							<Value>109</Value>
						</HeartRateBpm>
						<Cadence>54</Cadence>
						<Extensions>
							<ns3:TPX>
								<ns3:Speed>1.161440</ns3:Speed>
							</ns3:TPX>
						</Extensions>
					</Trackpoint>
					<Trackpoint>
						<Time>2569-05-08T14:31:23Z</Time>
						<Position>
							<LatitudeDegrees>9.142580</LatitudeDegrees>
							<LongitudeDegrees>99.329346</LongitudeDegrees>
						</Position>
						<AltitudeMeters>9.420000</AltitudeMeters>
						<HeartRateBpm>
							<Value>109</Value>
						</HeartRateBpm>
						<Cadence>54</Cadence>
						<Extensions>
							<ns3:TPX>
								<ns3:Speed>1.161440</ns3:Speed>
							</ns3:TPX>
						</Extensions>
					</Trackpoint>
					<Trackpoint>
						<Time>2569-05-08T14:31:24Z</Time>
						<Position>
							<LatitudeDegrees>9.142592</LatitudeDegrees>
							<LongitudeDegrees>99.329341</LongitudeDegrees>
						</Position>
						<AltitudeMeters>9.420000</AltitudeMeters>
						<HeartRateBpm>
							<Value>108</Value>
						</HeartRateBpm>
						<Cadence>53</Cadence>
						<Extensions>
							<ns3:TPX>
								<ns3:Speed>1.161440</ns3:Speed>
							</ns3:TPX>
						</Extensions>
					</Trackpoint>
					<Trackpoint>
						<Time>2569-05-08T14:31:25Z</Time>
						<Position>
							<LatitudeDegrees>9.142607</LatitudeDegrees>
							<LongitudeDegrees>99.329337</LongitudeDegrees>
						</Position>
						<AltitudeMeters>9.420000</AltitudeMeters>
						<HeartRateBpm>
							<Value>108</Value>
						</HeartRateBpm>
						<Cadence>52</Cadence>
						<Extensions>
							<ns3:TPX>
								<ns3:Speed>1.161440</ns3:Speed>
							</ns3:TPX>
						</Extensions>
					</Trackpoint>
					<Trackpoint>
						<Time>2569-05-08T14:31:26Z</Time>
						<Position>
							<LatitudeDegrees>9.142622</LatitudeDegrees>
							<LongitudeDegrees>99.329330</LongitudeDegrees>
						</Position>
						<AltitudeMeters>9.420000</AltitudeMeters>
						<HeartRateBpm>
							<Value>107</Value>
						</HeartRateBpm>
						<Cadence>52</Cadence>
						<Extensions>
							<ns3:TPX>
								<ns3:Speed>1.158750</ns3:Speed>
							</ns3:TPX>
						</Extensions>
					</Trackpoint>
					<Trackpoint>
						<Time>2569-05-08T14:31:27Z</Time>
						<Position>
							<LatitudeDegrees>9.142637</LatitudeDegrees>
							<LongitudeDegrees>99.329324</LongitudeDegrees>
						</Position>
						<AltitudeMeters>9.410000</AltitudeMeters>
						<HeartRateBpm>
							<Value>107</Value>
						</HeartRateBpm>
						<Cadence>51</Cadence>
						<Extensions>
							<ns3:TPX>
								<ns3:Speed>1.152070</ns3:Speed>
							</ns3:TPX>
						</Extensions>
					</Trackpoint>
					<Trackpoint>
						<Time>2569-05-08T14:31:28Z</Time>
						<Position>
							<LatitudeDegrees>9.142651</LatitudeDegrees>
							<LongitudeDegrees>99.329321</LongitudeDegrees>
						</Position>
						<AltitudeMeters>9.410000</AltitudeMeters>
						<HeartRateBpm>
							<Value>107</Value>
						</HeartRateBpm>
						<Cadence>51</Cadence>
						<Extensions>
							<ns3:TPX>
								<ns3:Speed>1.052630</ns3:Speed>
							</ns3:TPX>
						</Extensions>
					</Trackpoint>
					<Trackpoint>
						<Time>2569-05-08T14:31:29Z</Time>
						<Position>
							<LatitudeDegrees>9.142664</LatitudeDegrees>
							<LongitudeDegrees>99.329319</LongitudeDegrees>
						</Position>
						<AltitudeMeters>9.400000</AltitudeMeters>
						<HeartRateBpm>
							<Value>108</Value>
						</HeartRateBpm>
						<Cadence>50</Cadence>
						<Extensions>
							<ns3:TPX>
								<ns3:Speed>0.989120</ns3:Speed>
							</ns3:TPX>
						</Extensions>
					</Trackpoint>
					<Trackpoint>
						<Time>2569-05-08T14:31:30Z</Time>
						<Position>
							<LatitudeDegrees>9.142676</LatitudeDegrees>
							<LongitudeDegrees>99.329314</LongitudeDegrees>
						</Position>
						<AltitudeMeters>9.400000</AltitudeMeters>
						<HeartRateBpm>
							<Value>108</Value>
						</HeartRateBpm>
						<Cadence>49</Cadence>
						<Extensions>
							<ns3:TPX>
								<ns3:Speed>1.029870</ns3:Speed>
							</ns3:TPX>
						</Extensions>
					</Trackpoint>
					<Trackpoint>
						<Time>2569-05-08T14:31:31Z</Time>
						<Position>
							<LatitudeDegrees>9.142687</LatitudeDegrees>
							<LongitudeDegrees>99.329308</LongitudeDegrees>
						</Position>
						<AltitudeMeters>9.390000</AltitudeMeters>
						<HeartRateBpm>
							<Value>108</Value>
						</HeartRateBpm>
						<Cadence>49</Cadence>
						<Extensions>
							<ns3:TPX>
								<ns3:Speed>1.068380</ns3:Speed>
							</ns3:TPX>
						</Extensions>
					</Trackpoint>
					<Trackpoint>
						<Time>2569-05-08T14:31:32Z</Time>
						<Position>
							<LatitudeDegrees>9.142698</LatitudeDegrees>
							<LongitudeDegrees>99.329298</LongitudeDegrees>
						</Position>
						<AltitudeMeters>9.390000</AltitudeMeters>
						<HeartRateBpm>
							<Value>109</Value>
						</HeartRateBpm>
						<Cadence>48</Cadence>
						<Extensions>
							<ns3:TPX>
								<ns3:Speed>1.101320</ns3:Speed>
							</ns3:TPX>
						</Extensions>
					</Trackpoint>
					<Trackpoint>
						<Time>2569-05-08T14:31:33Z</Time>
						<Position>
							<LatitudeDegrees>9.142710</LatitudeDegrees>
							<LongitudeDegrees>99.329291</LongitudeDegrees>
						</Position>
						<AltitudeMeters>9.380000</AltitudeMeters>
						<HeartRateBpm>
							<Value>110</Value>
						</HeartRateBpm>
						<Cadence>48</Cadence>
						<Extensions>
							<ns3:TPX>
								<ns3:Speed>1.153400</ns3:Speed>
							</ns3:TPX>
						</Extensions>
					</Trackpoint>
					<Trackpoint>
						<Time>2569-05-08T14:31:34Z</Time>
						<Position>
							<LatitudeDegrees>9.142722</LatitudeDegrees>
							<LongitudeDegrees>99.329285</LongitudeDegrees>
						</Position>
						<AltitudeMeters>9.380000</AltitudeMeters>
						<HeartRateBpm>
							<Value>111</Value>
						</HeartRateBpm>
						<Cadence>51</Cadence>
						<Extensions>
							<ns3:TPX>
								<ns3:Speed>1.288660</ns3:Speed>
							</ns3:TPX>
						</Extensions>
					</Trackpoint>
					<Trackpoint>
						<Time>2569-05-08T14:31:35Z</Time>
						<Position>
							<LatitudeDegrees>9.142735</LatitudeDegrees>
							<LongitudeDegrees>99.329278</LongitudeDegrees>
						</Position>
						<AltitudeMeters>9.370000</AltitudeMeters>
						<HeartRateBpm>
							<Value>111</Value>
						</HeartRateBpm>
						<Cadence>56</Cadence>
						<Extensions>
							<ns3:TPX>
								<ns3:Speed>1.367990</ns3:Speed>
							</ns3:TPX>
						</Extensions>
					</Trackpoint>
					<Trackpoint>
						<Time>2569-05-08T14:31:36Z</Time>
						<Position>
							<LatitudeDegrees>9.142745</LatitudeDegrees>
							<LongitudeDegrees>99.329272</LongitudeDegrees>
						</Position>
						<AltitudeMeters>9.370000</AltitudeMeters>
						<HeartRateBpm>
							<Value>111</Value>
						</HeartRateBpm>
						<Cadence>58</Cadence>
						<Extensions>
							<ns3:TPX>
								<ns3:Speed>1.375520</ns3:Speed>
							</ns3:TPX>
						</Extensions>
					</Trackpoint>
					<Trackpoint>
						<Time>2569-05-08T14:31:37Z</Time>
						<Position>
							<LatitudeDegrees>9.142755</LatitudeDegrees>
							<LongitudeDegrees>99.329267</LongitudeDegrees>
						</Position>
						<AltitudeMeters>9.370000</AltitudeMeters>
						<HeartRateBpm>
							<Value>111</Value>
						</HeartRateBpm>
						<Cadence>58</Cadence>
						<Extensions>
							<ns3:TPX>
								<ns3:Speed>1.381220</ns3:Speed>
							</ns3:TPX>
						</Extensions>
					</Trackpoint>
					<Trackpoint>
						<Time>2569-05-08T14:31:38Z</Time>
						<Position>
							<LatitudeDegrees>9.142766</LatitudeDegrees>
							<LongitudeDegrees>99.329263</LongitudeDegrees>
						</Position>
						<AltitudeMeters>9.370000</AltitudeMeters>
						<HeartRateBpm>
							<Value>110</Value>
						</HeartRateBpm>
						<Cadence>58</Cadence>
						<Extensions>
							<ns3:TPX>
								<ns3:Speed>1.369860</ns3:Speed>
							</ns3:TPX>
						</Extensions>
					</Trackpoint>
					<Trackpoint>
						<Time>2569-05-08T14:31:39Z</Time>
						<Position>
							<LatitudeDegrees>9.142776</LatitudeDegrees>
							<LongitudeDegrees>99.329258</LongitudeDegrees>
						</Position>
						<AltitudeMeters>9.380000</AltitudeMeters>
						<HeartRateBpm>
							<Value>110</Value>
						</HeartRateBpm>
						<Cadence>58</Cadence>
						<Extensions>
							<ns3:TPX>
								<ns3:Speed>1.366120</ns3:Speed>
							</ns3:TPX>
						</Extensions>
					</Trackpoint>
					<Trackpoint>
						<Time>2569-05-08T14:31:40Z</Time>
						<Position>
							<LatitudeDegrees>9.142787</LatitudeDegrees>
							<LongitudeDegrees>99.329251</LongitudeDegrees>
						</Position>
						<AltitudeMeters>9.380000</AltitudeMeters>
						<HeartRateBpm>
							<Value>110</Value>
						</HeartRateBpm>
						<Cadence>58</Cadence>
						<Extensions>
							<ns3:TPX>
								<ns3:Speed>1.335110</ns3:Speed>
							</ns3:TPX>
						</Extensions>
					</Trackpoint>
					<Trackpoint>
						<Time>2569-05-08T14:31:41Z</Time>
						<Position>
							<LatitudeDegrees>9.142799</LatitudeDegrees>
							<LongitudeDegrees>99.329245</LongitudeDegrees>
						</Position>
						<AltitudeMeters>9.380000</AltitudeMeters>
						<HeartRateBpm>
							<Value>110</Value>
						</HeartRateBpm>
						<Cadence>57</Cadence>
						<Extensions>
							<ns3:TPX>
								<ns3:Speed>1.283700</ns3:Speed>
							</ns3:TPX>
						</Extensions>
					</Trackpoint>
					<Trackpoint>
						<Time>2569-05-08T14:31:42Z</Time>
						<Position>
							<LatitudeDegrees>9.142810</LatitudeDegrees>
							<LongitudeDegrees>99.329238</LongitudeDegrees>
						</Position>
						<AltitudeMeters>9.390000</AltitudeMeters>
						<HeartRateBpm>
							<Value>109</Value>
						</HeartRateBpm>
						<Cadence>57</Cadence>
						<Extensions>
							<ns3:TPX>
								<ns3:Speed>1.262630</ns3:Speed>
							</ns3:TPX>
						</Extensions>
					</Trackpoint>
					<Trackpoint>
						<Time>2569-05-08T14:31:43Z</Time>
						<Position>
							<LatitudeDegrees>9.142820</LatitudeDegrees>
							<LongitudeDegrees>99.329230</LongitudeDegrees>
						</Position>
						<AltitudeMeters>9.390000</AltitudeMeters>
						<HeartRateBpm>
							<Value>109</Value>
						</HeartRateBpm>
						<Cadence>57</Cadence>
						<Extensions>
							<ns3:TPX>
								<ns3:Speed>1.262630</ns3:Speed>
							</ns3:TPX>
						</Extensions>
					</Trackpoint>
					<Trackpoint>
						<Time>2569-05-08T14:31:44Z</Time>
						<Position>
							<LatitudeDegrees>9.142832</LatitudeDegrees>
							<LongitudeDegrees>99.329221</LongitudeDegrees>
						</Position>
						<AltitudeMeters>9.400000</AltitudeMeters>
						<HeartRateBpm>
							<Value>109</Value>
						</HeartRateBpm>
						<Cadence>57</Cadence>
						<Extensions>
							<ns3:TPX>
								<ns3:Speed>1.257860</ns3:Speed>
							</ns3:TPX>
						</Extensions>
					</Trackpoint>
					<Trackpoint>
						<Time>2569-05-08T14:31:45Z</Time>
						<Position>
							<LatitudeDegrees>9.142844</LatitudeDegrees>
							<LongitudeDegrees>99.329210</LongitudeDegrees>
						</Position>
						<AltitudeMeters>9.410000</AltitudeMeters>
						<HeartRateBpm>
							<Value>109</Value>
						</HeartRateBpm>
						<Cadence>56</Cadence>
						<Extensions>
							<ns3:TPX>
								<ns3:Speed>1.261030</ns3:Speed>
							</ns3:TPX>
						</Extensions>
					</Trackpoint>
					<Trackpoint>
						<Time>2569-05-08T14:31:46Z</Time>
						<Position>
							<LatitudeDegrees>9.142855</LatitudeDegrees>
							<LongitudeDegrees>99.329200</LongitudeDegrees>
						</Position>
						<AltitudeMeters>9.410000</AltitudeMeters>
						<HeartRateBpm>
							<Value>108</Value>
						</HeartRateBpm>
						<Cadence>56</Cadence>
						<Extensions>
							<ns3:TPX>
								<ns3:Speed>1.186240</ns3:Speed>
							</ns3:TPX>
						</Extensions>
					</Trackpoint>
					<Trackpoint>
						<Time>2569-05-08T14:31:47Z</Time>
						<Position>
							<LatitudeDegrees>9.142866</LatitudeDegrees>
							<LongitudeDegrees>99.329190</LongitudeDegrees>
						</Position>
						<AltitudeMeters>9.420000</AltitudeMeters>
						<HeartRateBpm>
							<Value>107</Value>
						</HeartRateBpm>
						<Cadence>55</Cadence>
						<Extensions>
							<ns3:TPX>
								<ns3:Speed>1.123600</ns3:Speed>
							</ns3:TPX>
						</Extensions>
					</Trackpoint>
					<Trackpoint>
						<Time>2569-05-08T14:31:48Z</Time>
						<Position>
							<LatitudeDegrees>9.142874</LatitudeDegrees>
							<LongitudeDegrees>99.329181</LongitudeDegrees>
						</Position>
						<AltitudeMeters>9.420000</AltitudeMeters>
						<HeartRateBpm>
							<Value>107</Value>
						</HeartRateBpm>
						<Cadence>55</Cadence>
						<Extensions>
							<ns3:TPX>
								<ns3:Speed>1.165500</ns3:Speed>
							</ns3:TPX>
						</Extensions>
					</Trackpoint>
					<Trackpoint>
						<Time>2569-05-08T14:31:49Z</Time>
						<Position>
							<LatitudeDegrees>9.142879</LatitudeDegrees>
							<LongitudeDegrees>99.329173</LongitudeDegrees>
						</Position>
						<AltitudeMeters>9.420000</AltitudeMeters>
						<HeartRateBpm>
							<Value>107</Value>
						</HeartRateBpm>
						<Cadence>55</Cadence>
						<Extensions>
							<ns3:TPX>
								<ns3:Speed>1.186240</ns3:Speed>
							</ns3:TPX>
						</Extensions>
					</Trackpoint>
					<Trackpoint>
						<Time>2569-05-08T14:31:50Z</Time>
						<Position>
							<LatitudeDegrees>9.142882</LatitudeDegrees>
							<LongitudeDegrees>99.329168</LongitudeDegrees>
						</Position>
						<AltitudeMeters>9.410000</AltitudeMeters>
						<HeartRateBpm>
							<Value>107</Value>
						</HeartRateBpm>
						<Cadence>55</Cadence>
						<Extensions>
							<ns3:TPX>
								<ns3:Speed>1.275510</ns3:Speed>
							</ns3:TPX>
						</Extensions>
					</Trackpoint>
					<Trackpoint>
						<Time>2569-05-08T14:31:51Z</Time>
						<Position>
							<LatitudeDegrees>9.142890</LatitudeDegrees>
							<LongitudeDegrees>99.329163</LongitudeDegrees>
						</Position>
						<AltitudeMeters>9.410000</AltitudeMeters>
						<HeartRateBpm>
							<Value>107</Value>
						</HeartRateBpm>
						<Cadence>55</Cadence>
						<Extensions>
							<ns3:TPX>
								<ns3:Speed>1.373630</ns3:Speed>
							</ns3:TPX>
						</Extensions>
					</Trackpoint>
					<Trackpoint>
						<Time>2569-05-08T14:31:52Z</Time>
						<Position>
							<LatitudeDegrees>9.142899</LatitudeDegrees>
							<LongitudeDegrees>99.329160</LongitudeDegrees>
						</Position>
						<AltitudeMeters>9.400000</AltitudeMeters>
						<HeartRateBpm>
							<Value>108</Value>
						</HeartRateBpm>
						<Cadence>56</Cadence>
						<Extensions>
							<ns3:TPX>
								<ns3:Speed>1.322750</ns3:Speed>
							</ns3:TPX>
						</Extensions>
					</Trackpoint>
					<Trackpoint>
						<Time>2569-05-08T14:31:53Z</Time>
						<Position>
							<LatitudeDegrees>9.142907</LatitudeDegrees>
							<LongitudeDegrees>99.329158</LongitudeDegrees>
						</Position>
						<AltitudeMeters>9.400000</AltitudeMeters>
						<HeartRateBpm>
							<Value>107</Value>
						</HeartRateBpm>
						<Cadence>56</Cadence>
						<Extensions>
							<ns3:TPX>
								<ns3:Speed>1.191900</ns3:Speed>
							</ns3:TPX>
						</Extensions>
					</Trackpoint>
					<Trackpoint>
						<Time>2569-05-08T14:31:54Z</Time>
						<Position>
							<LatitudeDegrees>9.142913</LatitudeDegrees>
							<LongitudeDegrees>99.329155</LongitudeDegrees>
						</Position>
						<AltitudeMeters>9.390000</AltitudeMeters>
						<HeartRateBpm>
							<Value>108</Value>
						</HeartRateBpm>
						<Cadence>56</Cadence>
						<Extensions>
							<ns3:TPX>
								<ns3:Speed>1.053740</ns3:Speed>
							</ns3:TPX>
						</Extensions>
					</Trackpoint>
					<Trackpoint>
						<Time>2569-05-08T14:31:55Z</Time>
						<Position>
							<LatitudeDegrees>9.142921</LatitudeDegrees>
							<LongitudeDegrees>99.329153</LongitudeDegrees>
						</Position>
						<AltitudeMeters>9.380000</AltitudeMeters>
						<HeartRateBpm>
							<Value>109</Value>
						</HeartRateBpm>
						<Cadence>55</Cadence>
						<Extensions>
							<ns3:TPX>
								<ns3:Speed>0.951470</ns3:Speed>
							</ns3:TPX>
						</Extensions>
					</Trackpoint>
					<Trackpoint>
						<Time>2569-05-08T14:31:56Z</Time>
						<Position>
							<LatitudeDegrees>9.142929</LatitudeDegrees>
							<LongitudeDegrees>99.329150</LongitudeDegrees>
						</Position>
						<AltitudeMeters>9.380000</AltitudeMeters>
						<HeartRateBpm>
							<Value>109</Value>
						</HeartRateBpm>
						<Cadence>56</Cadence>
						<Extensions>
							<ns3:TPX>
								<ns3:Speed>0.887310</ns3:Speed>
							</ns3:TPX>
						</Extensions>
					</Trackpoint>
					<Trackpoint>
						<Time>2569-05-08T14:31:57Z</Time>
						<Position>
							<LatitudeDegrees>9.142938</LatitudeDegrees>
							<LongitudeDegrees>99.329145</LongitudeDegrees>
						</Position>
						<AltitudeMeters>9.370000</AltitudeMeters>
						<HeartRateBpm>
							<Value>109</Value>
						</HeartRateBpm>
						<Cadence>56</Cadence>
						<Extensions>
							<ns3:TPX>
								<ns3:Speed>0.790510</ns3:Speed>
							</ns3:TPX>
						</Extensions>
					</Trackpoint>
					<Trackpoint>
						<Time>2569-05-08T14:31:58Z</Time>
						<Position>
							<LatitudeDegrees>9.142948</LatitudeDegrees>
							<LongitudeDegrees>99.329140</LongitudeDegrees>
						</Position>
						<AltitudeMeters>9.360000</AltitudeMeters>
						<HeartRateBpm>
							<Value>109</Value>
						</HeartRateBpm>
						<Cadence>56</Cadence>
						<Extensions>
							<ns3:TPX>
								<ns3:Speed>0.791140</ns3:Speed>
							</ns3:TPX>
						</Extensions>
					</Trackpoint>
					<Trackpoint>
						<Time>2569-05-08T14:31:59Z</Time>
						<Position>
							<LatitudeDegrees>9.142955</LatitudeDegrees>
							<LongitudeDegrees>99.329133</LongitudeDegrees>
						</Position>
						<AltitudeMeters>9.350000</AltitudeMeters>
						<HeartRateBpm>
							<Value>109</Value>
						</HeartRateBpm>
						<Cadence>56</Cadence>
						<Extensions>
							<ns3:TPX>
								<ns3:Speed>0.864300</ns3:Speed>
							</ns3:TPX>
						</Extensions>
					</Trackpoint>
					<Trackpoint>
						<Time>2569-05-08T14:32:00Z</Time>
						<Position>
							<LatitudeDegrees>9.142961</LatitudeDegrees>
							<LongitudeDegrees>99.329126</LongitudeDegrees>
						</Position>
						<AltitudeMeters>9.330000</AltitudeMeters>
						<HeartRateBpm>
							<Value>109</Value>
						</HeartRateBpm>
						<Cadence>57</Cadence>
						<Extensions>
							<ns3:TPX>
								<ns3:Speed>0.812350</ns3:Speed>
							</ns3:TPX>
						</Extensions>
					</Trackpoint>
					<Trackpoint>
						<Time>2569-05-08T14:32:01Z</Time>
						<Position>
							<LatitudeDegrees>9.142966</LatitudeDegrees>
							<LongitudeDegrees>99.329115</LongitudeDegrees>
						</Position>
						<AltitudeMeters>9.310000</AltitudeMeters>
						<HeartRateBpm>
							<Value>109</Value>
						</HeartRateBpm>
						<Cadence>58</Cadence>
						<Extensions>
							<ns3:TPX>
								<ns3:Speed>0.761040</ns3:Speed>
							</ns3:TPX>
						</Extensions>
					</Trackpoint>
					<Trackpoint>
						<Time>2569-05-08T14:32:02Z</Time>
						<Position>
							<LatitudeDegrees>9.142972</LatitudeDegrees>
							<LongitudeDegrees>99.329103</LongitudeDegrees>
						</Position>
						<AltitudeMeters>9.290000</AltitudeMeters>
						<HeartRateBpm>
							<Value>109</Value>
						</HeartRateBpm>
						<Cadence>58</Cadence>
						<Extensions>
							<ns3:TPX>
								<ns3:Speed>0.763940</ns3:Speed>
							</ns3:TPX>
						</Extensions>
					</Trackpoint>
					<Trackpoint>
						<Time>2569-05-08T14:32:03Z</Time>
						<Position>
							<LatitudeDegrees>9.142978</LatitudeDegrees>
							<LongitudeDegrees>99.329091</LongitudeDegrees>
						</Position>
						<AltitudeMeters>9.280000</AltitudeMeters>
						<HeartRateBpm>
							<Value>109</Value>
						</HeartRateBpm>
						<Cadence>59</Cadence>
						<Extensions>
							<ns3:TPX>
								<ns3:Speed>0.766280</ns3:Speed>
							</ns3:TPX>
						</Extensions>
					</Trackpoint>
					<Trackpoint>
						<Time>2569-05-08T14:32:04Z</Time>
						<Position>
							<LatitudeDegrees>9.142982</LatitudeDegrees>
							<LongitudeDegrees>99.329080</LongitudeDegrees>
						</Position>
						<AltitudeMeters>9.280000</AltitudeMeters>
						<HeartRateBpm>
							<Value>109</Value>
						</HeartRateBpm>
						<Cadence>60</Cadence>
						<Extensions>
							<ns3:TPX>
								<ns3:Speed>0.768640</ns3:Speed>
							</ns3:TPX>
						</Extensions>
					</Trackpoint>
					<Trackpoint>
						<Time>2569-05-08T14:32:05Z</Time>
						<Position>
							<LatitudeDegrees>9.142985</LatitudeDegrees>
							<LongitudeDegrees>99.329068</LongitudeDegrees>
						</Position>
						<AltitudeMeters>9.280000</AltitudeMeters>
						<HeartRateBpm>
							<Value>109</Value>
						</HeartRateBpm>
						<Cadence>61</Cadence>
						<Extensions>
							<ns3:TPX>
								<ns3:Speed>0.773400</ns3:Speed>
							</ns3:TPX>
						</Extensions>
					</Trackpoint>
					<Trackpoint>
						<Time>2569-05-08T14:32:06Z</Time>
						<Position>
							<LatitudeDegrees>9.142989</LatitudeDegrees>
							<LongitudeDegrees>99.329059</LongitudeDegrees>
						</Position>
						<AltitudeMeters>9.270000</AltitudeMeters>
						<HeartRateBpm>
							<Value>109</Value>
						</HeartRateBpm>
						<Cadence>61</Cadence>
						<Extensions>
							<ns3:TPX>
								<ns3:Speed>0.780030</ns3:Speed>
							</ns3:TPX>
						</Extensions>
					</Trackpoint>
					<Trackpoint>
						<Time>2569-05-08T14:32:07Z</Time>
						<Position>
							<LatitudeDegrees>9.142995</LatitudeDegrees>
							<LongitudeDegrees>99.329050</LongitudeDegrees>
						</Position>
						<AltitudeMeters>9.270000</AltitudeMeters>
						<HeartRateBpm>
							<Value>108</Value>
						</HeartRateBpm>
						<Cadence>61</Cadence>
						<Extensions>
							<ns3:TPX>
								<ns3:Speed>0.788020</ns3:Speed>
							</ns3:TPX>
						</Extensions>
					</Trackpoint>
					<Trackpoint>
						<Time>2569-05-08T14:32:08Z</Time>
						<Position>
							<LatitudeDegrees>9.143001</LatitudeDegrees>
							<LongitudeDegrees>99.329042</LongitudeDegrees>
						</Position>
						<AltitudeMeters>9.270000</AltitudeMeters>
						<HeartRateBpm>
							<Value>107</Value>
						</HeartRateBpm>
						<Cadence>60</Cadence>
						<Extensions>
							<ns3:TPX>
								<ns3:Speed>0.794280</ns3:Speed>
							</ns3:TPX>
						</Extensions>
					</Trackpoint>
					<Trackpoint>
						<Time>2569-05-08T14:32:09Z</Time>
						<Position>
							<LatitudeDegrees>9.143006</LatitudeDegrees>
							<LongitudeDegrees>99.329034</LongitudeDegrees>
						</Position>
						<AltitudeMeters>9.260000</AltitudeMeters>
						<HeartRateBpm>
							<Value>108</Value>
						</HeartRateBpm>
						<Cadence>59</Cadence>
						<Extensions>
							<ns3:TPX>
								<ns3:Speed>0.801280</ns3:Speed>
							</ns3:TPX>
						</Extensions>
					</Trackpoint>
					<Trackpoint>
						<Time>2569-05-08T14:32:10Z</Time>
						<Position>
							<LatitudeDegrees>9.143013</LatitudeDegrees>
							<LongitudeDegrees>99.329027</LongitudeDegrees>
						</Position>
						<AltitudeMeters>9.260000</AltitudeMeters>
						<HeartRateBpm>
							<Value>108</Value>
						</HeartRateBpm>
						<Cadence>59</Cadence>
						<Extensions>
							<ns3:TPX>
								<ns3:Speed>0.811030</ns3:Speed>
							</ns3:TPX>
						</Extensions>
					</Trackpoint>
					<Trackpoint>
						<Time>2569-05-08T14:32:11Z</Time>
						<Position>
							<LatitudeDegrees>9.143023</LatitudeDegrees>
							<LongitudeDegrees>99.329018</LongitudeDegrees>
						</Position>
						<AltitudeMeters>9.260000</AltitudeMeters>
						<HeartRateBpm>
							<Value>107</Value>
						</HeartRateBpm>
						<Cadence>58</Cadence>
						<Extensions>
							<ns3:TPX>
								<ns3:Speed>0.822370</ns3:Speed>
							</ns3:TPX>
						</Extensions>
					</Trackpoint>
					<Trackpoint>
						<Time>2569-05-08T14:32:12Z</Time>
						<Position>
							<LatitudeDegrees>9.143033</LatitudeDegrees>
							<LongitudeDegrees>99.329010</LongitudeDegrees>
						</Position>
						<AltitudeMeters>9.260000</AltitudeMeters>
						<HeartRateBpm>
							<Value>106</Value>
						</HeartRateBpm>
						<Cadence>58</Cadence>
						<Extensions>
							<ns3:TPX>
								<ns3:Speed>0.831950</ns3:Speed>
							</ns3:TPX>
						</Extensions>
					</Trackpoint>
					<Trackpoint>
						<Time>2569-05-08T14:32:13Z</Time>
						<Position>
							<LatitudeDegrees>9.143045</LatitudeDegrees>
							<LongitudeDegrees>99.329013</LongitudeDegrees>
						</Position>
						<AltitudeMeters>9.270000</AltitudeMeters>
						<HeartRateBpm>
							<Value>106</Value>
						</HeartRateBpm>
						<Cadence>58</Cadence>
						<Extensions>
							<ns3:TPX>
								<ns3:Speed>0.840340</ns3:Speed>
							</ns3:TPX>
						</Extensions>
					</Trackpoint>
					<Trackpoint>
						<Time>2569-05-08T14:32:14Z</Time>
						<Position>
							<LatitudeDegrees>9.143053</LatitudeDegrees>
							<LongitudeDegrees>99.329013</LongitudeDegrees>
						</Position>
						<AltitudeMeters>9.270000</AltitudeMeters>
						<HeartRateBpm>
							<Value>106</Value>
						</HeartRateBpm>
						<Cadence>58</Cadence>
						<Extensions>
							<ns3:TPX>
								<ns3:Speed>0.846020</ns3:Speed>
							</ns3:TPX>
						</Extensions>
					</Trackpoint>
					<Trackpoint>
						<Time>2569-05-08T14:32:15Z</Time>
						<Position>
							<LatitudeDegrees>9.143062</LatitudeDegrees>
							<LongitudeDegrees>99.329010</LongitudeDegrees>
						</Position>
						<AltitudeMeters>9.270000</AltitudeMeters>
						<HeartRateBpm>
							<Value>106</Value>
						</HeartRateBpm>
						<Cadence>57</Cadence>
						<Extensions>
							<ns3:TPX>
								<ns3:Speed>0.848180</ns3:Speed>
							</ns3:TPX>
						</Extensions>
					</Trackpoint>
					<Trackpoint>
						<Time>2569-05-08T14:32:16Z</Time>
						<Position>
							<LatitudeDegrees>9.143072</LatitudeDegrees>
							<LongitudeDegrees>99.329005</LongitudeDegrees>
						</Position>
						<AltitudeMeters>9.280000</AltitudeMeters>
						<HeartRateBpm>
							<Value>106</Value>
						</HeartRateBpm>
						<Cadence>57</Cadence>
						<Extensions>
							<ns3:TPX>
								<ns3:Speed>0.851060</ns3:Speed>
							</ns3:TPX>
						</Extensions>
					</Trackpoint>
					<Trackpoint>
						<Time>2569-05-08T14:32:17Z</Time>
						<Position>
							<LatitudeDegrees>9.143083</LatitudeDegrees>
							<LongitudeDegrees>99.329000</LongitudeDegrees>
						</Position>
						<AltitudeMeters>9.280000</AltitudeMeters>
						<HeartRateBpm>
							<Value>106</Value>
						</HeartRateBpm>
						<Cadence>56</Cadence>
						<Extensions>
							<ns3:TPX>
								<ns3:Speed>0.853240</ns3:Speed>
							</ns3:TPX>
						</Extensions>
					</Trackpoint>
					<Trackpoint>
						<Time>2569-05-08T14:32:18Z</Time>
						<Position>
							<LatitudeDegrees>9.143095</LatitudeDegrees>
							<LongitudeDegrees>99.328993</LongitudeDegrees>
						</Position>
						<AltitudeMeters>9.270000</AltitudeMeters>
						<HeartRateBpm>
							<Value>105</Value>
						</HeartRateBpm>
						<Cadence>55</Cadence>
						<Extensions>
							<ns3:TPX>
								<ns3:Speed>0.856900</ns3:Speed>
							</ns3:TPX>
						</Extensions>
					</Trackpoint>
					<Trackpoint>
						<Time>2569-05-08T14:32:19Z</Time>
						<Position>
							<LatitudeDegrees>9.143107</LatitudeDegrees>
							<LongitudeDegrees>99.328985</LongitudeDegrees>
						</Position>
						<AltitudeMeters>9.260000</AltitudeMeters>
						<HeartRateBpm>
							<Value>105</Value>
						</HeartRateBpm>
						<Cadence>54</Cadence>
						<Extensions>
							<ns3:TPX>
								<ns3:Speed>0.860590</ns3:Speed>
							</ns3:TPX>
						</Extensions>
					</Trackpoint>
					<Trackpoint>
						<Time>2569-05-08T14:32:20Z</Time>
						<Position>
							<LatitudeDegrees>9.143120</LatitudeDegrees>
							<LongitudeDegrees>99.328980</LongitudeDegrees>
						</Position>
						<AltitudeMeters>9.250000</AltitudeMeters>
						<HeartRateBpm>
							<Value>106</Value>
						</HeartRateBpm>
						<Cadence>54</Cadence>
						<Extensions>
							<ns3:TPX>
								<ns3:Speed>0.864300</ns3:Speed>
							</ns3:TPX>
						</Extensions>
					</Trackpoint>
					<Trackpoint>
						<Time>2569-05-08T14:32:21Z</Time>
						<Position>
							<LatitudeDegrees>9.143131</LatitudeDegrees>
							<LongitudeDegrees>99.328974</LongitudeDegrees>
						</Position>
						<AltitudeMeters>9.240000</AltitudeMeters>
						<HeartRateBpm>
							<Value>107</Value>
						</HeartRateBpm>
						<Cadence>54</Cadence>
						<Extensions>
							<ns3:TPX>
								<ns3:Speed>0.868810</ns3:Speed>
							</ns3:TPX>
						</Extensions>
					</Trackpoint>
					<Trackpoint>
						<Time>2569-05-08T14:32:22Z</Time>
						<Position>
							<LatitudeDegrees>9.143141</LatitudeDegrees>
							<LongitudeDegrees>99.328967</LongitudeDegrees>
						</Position>
						<AltitudeMeters>9.230000</AltitudeMeters>
						<HeartRateBpm>
							<Value>108</Value>
						</HeartRateBpm>
						<Cadence>55</Cadence>
						<Extensions>
							<ns3:TPX>
								<ns3:Speed>0.873360</ns3:Speed>
							</ns3:TPX>
						</Extensions>
					</Trackpoint>
					<Trackpoint>
						<Time>2569-05-08T14:32:23Z</Time>
						<Position>
							<LatitudeDegrees>9.143153</LatitudeDegrees>
							<LongitudeDegrees>99.328961</LongitudeDegrees>
						</Position>
						<AltitudeMeters>9.220000</AltitudeMeters>
						<HeartRateBpm>
							<Value>108</Value>
						</HeartRateBpm>
						<Cadence>55</Cadence>
						<Extensions>
							<ns3:TPX>
								<ns3:Speed>0.879510</ns3:Speed>
							</ns3:TPX>
						</Extensions>
					</Trackpoint>
					<Trackpoint>
						<Time>2569-05-08T14:32:24Z</Time>
						<Position>
							<LatitudeDegrees>9.143166</LatitudeDegrees>
							<LongitudeDegrees>99.328953</LongitudeDegrees>
						</Position>
						<AltitudeMeters>9.220000</AltitudeMeters>
						<HeartRateBpm>
							<Value>110</Value>
						</HeartRateBpm>
						<Cadence>55</Cadence>
						<Extensions>
							<ns3:TPX>
								<ns3:Speed>0.884960</ns3:Speed>
							</ns3:TPX>
						</Extensions>
					</Trackpoint>
					<Trackpoint>
						<Time>2569-05-08T14:32:25Z</Time>
						<Position>
							<LatitudeDegrees>9.143179</LatitudeDegrees>
							<LongitudeDegrees>99.328948</LongitudeDegrees>
						</Position>
						<AltitudeMeters>9.220000</AltitudeMeters>
						<HeartRateBpm>
							<Value>111</Value>
						</HeartRateBpm>
						<Cadence>56</Cadence>
						<Extensions>
							<ns3:TPX>
								<ns3:Speed>0.890470</ns3:Speed>
							</ns3:TPX>
						</Extensions>
					</Trackpoint>
					<Trackpoint>
						<Time>2569-05-08T14:32:26Z</Time>
						<Position>
							<LatitudeDegrees>9.143190</LatitudeDegrees>
							<LongitudeDegrees>99.328943</LongitudeDegrees>
						</Position>
						<AltitudeMeters>9.220000</AltitudeMeters>
						<HeartRateBpm>
							<Value>111</Value>
						</HeartRateBpm>
						<Cadence>56</Cadence>
						<Extensions>
							<ns3:TPX>
								<ns3:Speed>0.896860</ns3:Speed>
							</ns3:TPX>
						</Extensions>
					</Trackpoint>
					<Trackpoint>
						<Time>2569-05-08T14:32:27Z</Time>
						<Position>
							<LatitudeDegrees>9.143200</LatitudeDegrees>
							<LongitudeDegrees>99.328938</LongitudeDegrees>
						</Position>
						<AltitudeMeters>9.220000</AltitudeMeters>
						<HeartRateBpm>
							<Value>111</Value>
						</HeartRateBpm>
						<Cadence>55</Cadence>
						<Extensions>
							<ns3:TPX>
								<ns3:Speed>0.902530</ns3:Speed>
							</ns3:TPX>
						</Extensions>
					</Trackpoint>
					<Trackpoint>
						<Time>2569-05-08T14:32:28Z</Time>
						<Position>
							<LatitudeDegrees>9.143209</LatitudeDegrees>
							<LongitudeDegrees>99.328933</LongitudeDegrees>
						</Position>
						<AltitudeMeters>9.220000</AltitudeMeters>
						<HeartRateBpm>
							<Value>111</Value>
						</HeartRateBpm>
						<Cadence>55</Cadence>
						<Extensions>
							<ns3:TPX>
								<ns3:Speed>0.908270</ns3:Speed>
							</ns3:TPX>
						</Extensions>
					</Trackpoint>
					<Trackpoint>
						<Time>2569-05-08T14:32:29Z</Time>
						<Position>
							<LatitudeDegrees>9.143217</LatitudeDegrees>
							<LongitudeDegrees>99.328927</LongitudeDegrees>
						</Position>
						<AltitudeMeters>9.210000</AltitudeMeters>
						<HeartRateBpm>
							<Value>111</Value>
						</HeartRateBpm>
						<Cadence>55</Cadence>
						<Extensions>
							<ns3:TPX>
								<ns3:Speed>0.913240</ns3:Speed>
							</ns3:TPX>
						</Extensions>
					</Trackpoint>
					<Trackpoint>
						<Time>2569-05-08T14:32:30Z</Time>
						<Position>
							<LatitudeDegrees>9.143225</LatitudeDegrees>
							<LongitudeDegrees>99.328924</LongitudeDegrees>
						</Position>
						<AltitudeMeters>9.220000</AltitudeMeters>
						<HeartRateBpm>
							<Value>111</Value>
						</HeartRateBpm>
						<Cadence>55</Cadence>
						<Extensions>
							<ns3:TPX>
								<ns3:Speed>0.921660</ns3:Speed>
							</ns3:TPX>
						</Extensions>
					</Trackpoint>
					<Trackpoint>
						<Time>2569-05-08T14:32:31Z</Time>
						<Position>
							<LatitudeDegrees>9.143232</LatitudeDegrees>
							<LongitudeDegrees>99.328920</LongitudeDegrees>
						</Position>
						<AltitudeMeters>9.220000</AltitudeMeters>
						<HeartRateBpm>
							<Value>111</Value>
						</HeartRateBpm>
						<Cadence>55</Cadence>
						<Extensions>
							<ns3:TPX>
								<ns3:Speed>0.931100</ns3:Speed>
							</ns3:TPX>
						</Extensions>
					</Trackpoint>
					<Trackpoint>
						<Time>2569-05-08T14:32:32Z</Time>
						<Position>
							<LatitudeDegrees>9.143240</LatitudeDegrees>
							<LongitudeDegrees>99.328916</LongitudeDegrees>
						</Position>
						<AltitudeMeters>9.220000</AltitudeMeters>
						<HeartRateBpm>
							<Value>110</Value>
						</HeartRateBpm>
						<Cadence>55</Cadence>
						<Extensions>
							<ns3:TPX>
								<ns3:Speed>0.938090</ns3:Speed>
							</ns3:TPX>
						</Extensions>
					</Trackpoint>
					<Trackpoint>
						<Time>2569-05-08T14:32:33Z</Time>
						<Position>
							<LatitudeDegrees>9.143248</LatitudeDegrees>
							<LongitudeDegrees>99.328910</LongitudeDegrees>
						</Position>
						<AltitudeMeters>9.230000</AltitudeMeters>
						<HeartRateBpm>
							<Value>110</Value>
						</HeartRateBpm>
						<Cadence>55</Cadence>
						<Extensions>
							<ns3:TPX>
								<ns3:Speed>0.943400</ns3:Speed>
							</ns3:TPX>
						</Extensions>
					</Trackpoint>
					<Trackpoint>
						<Time>2569-05-08T14:32:34Z</Time>
						<Position>
							<LatitudeDegrees>9.143253</LatitudeDegrees>
							<LongitudeDegrees>99.328904</LongitudeDegrees>
						</Position>
						<AltitudeMeters>9.230000</AltitudeMeters>
						<HeartRateBpm>
							<Value>111</Value>
						</HeartRateBpm>
						<Cadence>56</Cadence>
						<Extensions>
							<ns3:TPX>
								<ns3:Speed>0.946970</ns3:Speed>
							</ns3:TPX>
						</Extensions>
					</Trackpoint>
					<Trackpoint>
						<Time>2569-05-08T14:32:35Z</Time>
						<Position>
							<LatitudeDegrees>9.143260</LatitudeDegrees>
							<LongitudeDegrees>99.328899</LongitudeDegrees>
						</Position>
						<AltitudeMeters>9.230000</AltitudeMeters>
						<HeartRateBpm>
							<Value>110</Value>
						</HeartRateBpm>
						<Cadence>56</Cadence>
						<Extensions>
							<ns3:TPX>
								<ns3:Speed>0.949670</ns3:Speed>
							</ns3:TPX>
						</Extensions>
					</Trackpoint>
					<Trackpoint>
						<Time>2569-05-08T14:32:36Z</Time>
						<Position>
							<LatitudeDegrees>9.143267</LatitudeDegrees>
							<LongitudeDegrees>99.328896</LongitudeDegrees>
						</Position>
						<AltitudeMeters>9.230000</AltitudeMeters>
						<HeartRateBpm>
							<Value>110</Value>
						</HeartRateBpm>
						<Cadence>55</Cadence>
						<Extensions>
							<ns3:TPX>
								<ns3:Speed>0.950570</ns3:Speed>
							</ns3:TPX>
						</Extensions>
					</Trackpoint>
					<Trackpoint>
						<Time>2569-05-08T14:32:37Z</Time>
						<Position>
							<LatitudeDegrees>9.143275</LatitudeDegrees>
							<LongitudeDegrees>99.328894</LongitudeDegrees>
						</Position>
						<AltitudeMeters>9.240000</AltitudeMeters>
						<HeartRateBpm>
							<Value>110</Value>
						</HeartRateBpm>
						<Cadence>55</Cadence>
						<Extensions>
							<ns3:TPX>
								<ns3:Speed>0.950570</ns3:Speed>
							</ns3:TPX>
						</Extensions>
					</Trackpoint>
					<Trackpoint>
						<Time>2569-05-08T14:32:38Z</Time>
						<Position>
							<LatitudeDegrees>9.143283</LatitudeDegrees>
							<LongitudeDegrees>99.328891</LongitudeDegrees>
						</Position>
						<AltitudeMeters>9.240000</AltitudeMeters>
						<HeartRateBpm>
							<Value>109</Value>
						</HeartRateBpm>
						<Cadence>55</Cadence>
						<Extensions>
							<ns3:TPX>
								<ns3:Speed>0.949670</ns3:Speed>
							</ns3:TPX>
						</Extensions>
					</Trackpoint>
					<Trackpoint>
						<Time>2569-05-08T14:32:39Z</Time>
						<Position>
							<LatitudeDegrees>9.143291</LatitudeDegrees>
							<LongitudeDegrees>99.328883</LongitudeDegrees>
						</Position>
						<AltitudeMeters>9.240000</AltitudeMeters>
						<HeartRateBpm>
							<Value>108</Value>
						</HeartRateBpm>
						<Cadence>55</Cadence>
						<Extensions>
							<ns3:TPX>
								<ns3:Speed>0.948770</ns3:Speed>
							</ns3:TPX>
						</Extensions>
					</Trackpoint>
					<Trackpoint>
						<Time>2569-05-08T14:32:40Z</Time>
						<Position>
							<LatitudeDegrees>9.143298</LatitudeDegrees>
							<LongitudeDegrees>99.328874</LongitudeDegrees>
						</Position>
						<AltitudeMeters>9.230000</AltitudeMeters>
						<HeartRateBpm>
							<Value>108</Value>
						</HeartRateBpm>
						<Cadence>55</Cadence>
						<Extensions>
							<ns3:TPX>
								<ns3:Speed>0.946970</ns3:Speed>
							</ns3:TPX>
						</Extensions>
					</Trackpoint>
					<Trackpoint>
						<Time>2569-05-08T14:32:41Z</Time>
						<Position>
							<LatitudeDegrees>9.143306</LatitudeDegrees>
							<LongitudeDegrees>99.328860</LongitudeDegrees>
						</Position>
						<AltitudeMeters>9.230000</AltitudeMeters>
						<HeartRateBpm>
							<Value>108</Value>
						</HeartRateBpm>
						<Cadence>56</Cadence>
						<Extensions>
							<ns3:TPX>
								<ns3:Speed>0.946070</ns3:Speed>
							</ns3:TPX>
						</Extensions>
					</Trackpoint>
					<Trackpoint>
						<Time>2569-05-08T14:32:42Z</Time>
						<Position>
							<LatitudeDegrees>9.143315</LatitudeDegrees>
							<LongitudeDegrees>99.328852</LongitudeDegrees>
						</Position>
						<AltitudeMeters>9.220000</AltitudeMeters>
						<HeartRateBpm>
							<Value>108</Value>
						</HeartRateBpm>
						<Cadence>56</Cadence>
						<Extensions>
							<ns3:TPX>
								<ns3:Speed>0.945180</ns3:Speed>
							</ns3:TPX>
						</Extensions>
					</Trackpoint>
					<Trackpoint>
						<Time>2569-05-08T14:32:43Z</Time>
						<Position>
							<LatitudeDegrees>9.143324</LatitudeDegrees>
							<LongitudeDegrees>99.328842</LongitudeDegrees>
						</Position>
						<AltitudeMeters>9.210000</AltitudeMeters>
						<HeartRateBpm>
							<Value>108</Value>
						</HeartRateBpm>
						<Cadence>56</Cadence>
						<Extensions>
							<ns3:TPX>
								<ns3:Speed>0.944290</ns3:Speed>
							</ns3:TPX>
						</Extensions>
					</Trackpoint>
					<Trackpoint>
						<Time>2569-05-08T14:32:44Z</Time>
						<Position>
							<LatitudeDegrees>9.143333</LatitudeDegrees>
							<LongitudeDegrees>99.328831</LongitudeDegrees>
						</Position>
						<AltitudeMeters>9.200000</AltitudeMeters>
						<HeartRateBpm>
							<Value>108</Value>
						</HeartRateBpm>
						<Cadence>56</Cadence>
						<Extensions>
							<ns3:TPX>
								<ns3:Speed>0.940730</ns3:Speed>
							</ns3:TPX>
						</Extensions>
					</Trackpoint>
					<Trackpoint>
						<Time>2569-05-08T14:32:45Z</Time>
						<Position>
							<LatitudeDegrees>9.143342</LatitudeDegrees>
							<LongitudeDegrees>99.328820</LongitudeDegrees>
						</Position>
						<AltitudeMeters>9.190000</AltitudeMeters>
						<HeartRateBpm>
							<Value>107</Value>
						</HeartRateBpm>
						<Cadence>56</Cadence>
						<Extensions>
							<ns3:TPX>
								<ns3:Speed>0.936330</ns3:Speed>
							</ns3:TPX>
						</Extensions>
					</Trackpoint>
					<Trackpoint>
						<Time>2569-05-08T14:32:46Z</Time>
						<Position>
							<LatitudeDegrees>9.143351</LatitudeDegrees>
							<LongitudeDegrees>99.328808</LongitudeDegrees>
						</Position>
						<AltitudeMeters>9.180000</AltitudeMeters>
						<HeartRateBpm>
							<Value>107</Value>
						</HeartRateBpm>
						<Cadence>57</Cadence>
						<Extensions>
							<ns3:TPX>
								<ns3:Speed>0.932840</ns3:Speed>
							</ns3:TPX>
						</Extensions>
					</Trackpoint>
					<Trackpoint>
						<Time>2569-05-08T14:32:47Z</Time>
						<Position>
							<LatitudeDegrees>9.143360</LatitudeDegrees>
							<LongitudeDegrees>99.328793</LongitudeDegrees>
						</Position>
						<AltitudeMeters>9.160000</AltitudeMeters>
						<HeartRateBpm>
							<Value>106</Value>
						</HeartRateBpm>
						<Cadence>57</Cadence>
						<Extensions>
							<ns3:TPX>
								<ns3:Speed>0.929370</ns3:Speed>
							</ns3:TPX>
						</Extensions>
					</Trackpoint>
					<Trackpoint>
						<Time>2569-05-08T14:32:48Z</Time>
						<Position>
							<LatitudeDegrees>9.143369</LatitudeDegrees>
							<LongitudeDegrees>99.328783</LongitudeDegrees>
						</Position>
						<AltitudeMeters>9.150000</AltitudeMeters>
						<HeartRateBpm>
							<Value>106</Value>
						</HeartRateBpm>
						<Cadence>57</Cadence>
						<Extensions>
							<ns3:TPX>
								<ns3:Speed>0.925930</ns3:Speed>
							</ns3:TPX>
						</Extensions>
					</Trackpoint>
					<Trackpoint>
						<Time>2569-05-08T14:32:49Z</Time>
						<Position>
							<LatitudeDegrees>9.143374</LatitudeDegrees>
							<LongitudeDegrees>99.328774</LongitudeDegrees>
						</Position>
						<AltitudeMeters>9.130000</AltitudeMeters>
						<HeartRateBpm>
							<Value>106</Value>
						</HeartRateBpm>
						<Cadence>57</Cadence>
						<Extensions>
							<ns3:TPX>
								<ns3:Speed>0.924210</ns3:Speed>
							</ns3:TPX>
						</Extensions>
					</Trackpoint>
					<Trackpoint>
						<Time>2569-05-08T14:32:50Z</Time>
						<Position>
							<LatitudeDegrees>9.143381</LatitudeDegrees>
							<LongitudeDegrees>99.328767</LongitudeDegrees>
						</Position>
						<AltitudeMeters>9.120000</AltitudeMeters>
						<HeartRateBpm>
							<Value>107</Value>
						</HeartRateBpm>
						<Cadence>57</Cadence>
						<Extensions>
							<ns3:TPX>
								<ns3:Speed>0.921660</ns3:Speed>
							</ns3:TPX>
						</Extensions>
					</Trackpoint>
					<Trackpoint>
						<Time>2569-05-08T14:32:51Z</Time>
						<Position>
							<LatitudeDegrees>9.143389</LatitudeDegrees>
							<LongitudeDegrees>99.328760</LongitudeDegrees>
						</Position>
						<AltitudeMeters>9.120000</AltitudeMeters>
						<HeartRateBpm>
							<Value>106</Value>
						</HeartRateBpm>
						<Cadence>57</Cadence>
						<Extensions>
							<ns3:TPX>
								<ns3:Speed>0.919960</ns3:Speed>
							</ns3:TPX>
						</Extensions>
					</Trackpoint>
					<Trackpoint>
						<Time>2569-05-08T14:32:52Z</Time>
						<Position>
							<LatitudeDegrees>9.143399</LatitudeDegrees>
							<LongitudeDegrees>99.328755</LongitudeDegrees>
						</Position>
						<AltitudeMeters>9.100000</AltitudeMeters>
						<HeartRateBpm>
							<Value>106</Value>
						</HeartRateBpm>
						<Cadence>57</Cadence>
						<Extensions>
							<ns3:TPX>
								<ns3:Speed>0.918270</ns3:Speed>
							</ns3:TPX>
						</Extensions>
					</Trackpoint>
					<Trackpoint>
						<Time>2569-05-08T14:32:53Z</Time>
						<Position>
							<LatitudeDegrees>9.143411</LatitudeDegrees>
							<LongitudeDegrees>99.328750</LongitudeDegrees>
						</Position>
						<AltitudeMeters>9.090000</AltitudeMeters>
						<HeartRateBpm>
							<Value>106</Value>
						</HeartRateBpm>
						<Cadence>56</Cadence>
						<Extensions>
							<ns3:TPX>
								<ns3:Speed>0.914910</ns3:Speed>
							</ns3:TPX>
						</Extensions>
					</Trackpoint>
					<Trackpoint>
						<Time>2569-05-08T14:32:54Z</Time>
						<Position>
							<LatitudeDegrees>9.143422</LatitudeDegrees>
							<LongitudeDegrees>99.328743</LongitudeDegrees>
						</Position>
						<AltitudeMeters>9.090000</AltitudeMeters>
						<HeartRateBpm>
							<Value>107</Value>
						</HeartRateBpm>
					</Trackpoint>
					<Trackpoint>
						<Time>2569-05-08T14:32:55Z</Time>
						<Position>
							<LatitudeDegrees>9.143439</LatitudeDegrees>
							<LongitudeDegrees>99.328735</LongitudeDegrees>
						</Position>
						<AltitudeMeters>9.070000</AltitudeMeters>
						<HeartRateBpm>
							<Value>108</Value>
						</HeartRateBpm>
						<Cadence>60</Cadence>
						<Extensions>
							<ns3:TPX>
								<ns3:Speed>0.911580</ns3:Speed>
							</ns3:TPX>
						</Extensions>
					</Trackpoint>
					<Trackpoint>
						<Time>2569-05-08T14:32:56Z</Time>
						<Position>
							<LatitudeDegrees>9.143455</LatitudeDegrees>
							<LongitudeDegrees>99.328727</LongitudeDegrees>
						</Position>
						<AltitudeMeters>9.060000</AltitudeMeters>
						<HeartRateBpm>
							<Value>108</Value>
						</HeartRateBpm>
						<Cadence>63</Cadence>
						<Extensions>
							<ns3:TPX>
								<ns3:Speed>0.909090</ns3:Speed>
							</ns3:TPX>
						</Extensions>
					</Trackpoint>
					<Trackpoint>
						<Time>2569-05-08T14:32:57Z</Time>
						<Position>
							<LatitudeDegrees>9.143471</LatitudeDegrees>
							<LongitudeDegrees>99.328721</LongitudeDegrees>
						</Position>
						<AltitudeMeters>9.060000</AltitudeMeters>
						<HeartRateBpm>
							<Value>108</Value>
						</HeartRateBpm>
						<Cadence>63</Cadence>
						<Extensions>
							<ns3:TPX>
								<ns3:Speed>0.906620</ns3:Speed>
							</ns3:TPX>
						</Extensions>
					</Trackpoint>
					<Trackpoint>
						<Time>2569-05-08T14:32:58Z</Time>
						<Position>
							<LatitudeDegrees>9.143487</LatitudeDegrees>
							<LongitudeDegrees>99.328713</LongitudeDegrees>
						</Position>
						<AltitudeMeters>9.050000</AltitudeMeters>
						<HeartRateBpm>
							<Value>110</Value>
						</HeartRateBpm>
						<Cadence>64</Cadence>
						<Extensions>
							<ns3:TPX>
								<ns3:Speed>0.905800</ns3:Speed>
							</ns3:TPX>
						</Extensions>
					</Trackpoint>
					<Trackpoint>
						<Time>2569-05-08T14:32:59Z</Time>
						<Position>
							<LatitudeDegrees>9.143502</LatitudeDegrees>
							<LongitudeDegrees>99.328707</LongitudeDegrees>
						</Position>
						<AltitudeMeters>9.040000</AltitudeMeters>
						<HeartRateBpm>
							<Value>110</Value>
						</HeartRateBpm>
						<Cadence>63</Cadence>
						<Extensions>
							<ns3:TPX>
								<ns3:Speed>0.906620</ns3:Speed>
							</ns3:TPX>
						</Extensions>
					</Trackpoint>
					<Trackpoint>
						<Time>2569-05-08T14:33:00Z</Time>
						<Position>
							<LatitudeDegrees>9.143516</LatitudeDegrees>
							<LongitudeDegrees>99.328701</LongitudeDegrees>
						</Position>
						<AltitudeMeters>9.030000</AltitudeMeters>
						<HeartRateBpm>
							<Value>110</Value>
						</HeartRateBpm>
						<Cadence>58</Cadence>
						<Extensions>
							<ns3:TPX>
								<ns3:Speed>0.910750</ns3:Speed>
							</ns3:TPX>
						</Extensions>
					</Trackpoint>
					<Trackpoint>
						<Time>2569-05-08T14:33:01Z</Time>
						<Position>
							<LatitudeDegrees>9.143529</LatitudeDegrees>
							<LongitudeDegrees>99.328693</LongitudeDegrees>
						</Position>
						<AltitudeMeters>9.030000</AltitudeMeters>
						<HeartRateBpm>
							<Value>111</Value>
						</HeartRateBpm>
						<Cadence>53</Cadence>
						<Extensions>
							<ns3:TPX>
								<ns3:Speed>0.916590</ns3:Speed>
							</ns3:TPX>
						</Extensions>
					</Trackpoint>
					<Trackpoint>
						<Time>2569-05-08T14:33:02Z</Time>
						<Position>
							<LatitudeDegrees>9.143543</LatitudeDegrees>
							<LongitudeDegrees>99.328686</LongitudeDegrees>
						</Position>
						<AltitudeMeters>9.020000</AltitudeMeters>
						<HeartRateBpm>
							<Value>111</Value>
						</HeartRateBpm>
						<Cadence>51</Cadence>
						<Extensions>
							<ns3:TPX>
								<ns3:Speed>0.922510</ns3:Speed>
							</ns3:TPX>
						</Extensions>
					</Trackpoint>
					<Trackpoint>
						<Time>2569-05-08T14:33:03Z</Time>
						<Position>
							<LatitudeDegrees>9.143555</LatitudeDegrees>
							<LongitudeDegrees>99.328679</LongitudeDegrees>
						</Position>
						<AltitudeMeters>9.020000</AltitudeMeters>
						<HeartRateBpm>
							<Value>112</Value>
						</HeartRateBpm>
						<Cadence>51</Cadence>
						<Extensions>
							<ns3:TPX>
								<ns3:Speed>0.929370</ns3:Speed>
							</ns3:TPX>
						</Extensions>
					</Trackpoint>
					<Trackpoint>
						<Time>2569-05-08T14:33:04Z</Time>
						<Position>
							<LatitudeDegrees>9.143568</LatitudeDegrees>
							<LongitudeDegrees>99.328673</LongitudeDegrees>
						</Position>
						<AltitudeMeters>9.030000</AltitudeMeters>
						<HeartRateBpm>
							<Value>112</Value>
						</HeartRateBpm>
						<Cadence>51</Cadence>
						<Extensions>
							<ns3:TPX>
								<ns3:Speed>0.937210</ns3:Speed>
							</ns3:TPX>
						</Extensions>
					</Trackpoint>
					<Trackpoint>
						<Time>2569-05-08T14:33:05Z</Time>
						<Position>
							<LatitudeDegrees>9.143580</LatitudeDegrees>
							<LongitudeDegrees>99.328668</LongitudeDegrees>
						</Position>
						<AltitudeMeters>9.030000</AltitudeMeters>
						<HeartRateBpm>
							<Value>112</Value>
						</HeartRateBpm>
						<Cadence>50</Cadence>
						<Extensions>
							<ns3:TPX>
								<ns3:Speed>0.946070</ns3:Speed>
							</ns3:TPX>
						</Extensions>
					</Trackpoint>
					<Trackpoint>
						<Time>2569-05-08T14:33:06Z</Time>
						<Position>
							<LatitudeDegrees>9.143592</LatitudeDegrees>
							<LongitudeDegrees>99.328662</LongitudeDegrees>
						</Position>
						<AltitudeMeters>9.030000</AltitudeMeters>
						<HeartRateBpm>
							<Value>112</Value>
						</HeartRateBpm>
						<Cadence>50</Cadence>
						<Extensions>
							<ns3:TPX>
								<ns3:Speed>0.954200</ns3:Speed>
							</ns3:TPX>
						</Extensions>
					</Trackpoint>
					<Trackpoint>
						<Time>2569-05-08T14:33:07Z</Time>
						<Position>
							<LatitudeDegrees>9.143601</LatitudeDegrees>
							<LongitudeDegrees>99.328657</LongitudeDegrees>
						</Position>
						<AltitudeMeters>9.030000</AltitudeMeters>
						<HeartRateBpm>
							<Value>113</Value>
						</HeartRateBpm>
						<Cadence>55</Cadence>
						<Extensions>
							<ns3:TPX>
								<ns3:Speed>0.962460</ns3:Speed>
							</ns3:TPX>
						</Extensions>
					</Trackpoint>
					<Trackpoint>
						<Time>2569-05-08T14:33:08Z</Time>
						<Position>
							<LatitudeDegrees>9.143610</LatitudeDegrees>
							<LongitudeDegrees>99.328653</LongitudeDegrees>
						</Position>
						<AltitudeMeters>9.030000</AltitudeMeters>
						<HeartRateBpm>
							<Value>114</Value>
						</HeartRateBpm>
						<Cadence>58</Cadence>
						<Extensions>
							<ns3:TPX>
								<ns3:Speed>0.973710</ns3:Speed>
							</ns3:TPX>
						</Extensions>
					</Trackpoint>
					<Trackpoint>
						<Time>2569-05-08T14:33:09Z</Time>
						<Position>
							<LatitudeDegrees>9.143620</LatitudeDegrees>
							<LongitudeDegrees>99.328646</LongitudeDegrees>
						</Position>
						<AltitudeMeters>9.030000</AltitudeMeters>
						<HeartRateBpm>
							<Value>115</Value>
						</HeartRateBpm>
						<Cadence>58</Cadence>
						<Extensions>
							<ns3:TPX>
								<ns3:Speed>0.986190</ns3:Speed>
							</ns3:TPX>
						</Extensions>
					</Trackpoint>
					<Trackpoint>
						<Time>2569-05-08T14:33:10Z</Time>
						<Position>
							<LatitudeDegrees>9.143632</LatitudeDegrees>
							<LongitudeDegrees>99.328640</LongitudeDegrees>
						</Position>
						<AltitudeMeters>9.030000</AltitudeMeters>
						<HeartRateBpm>
							<Value>115</Value>
						</HeartRateBpm>
						<Cadence>58</Cadence>
						<Extensions>
							<ns3:TPX>
								<ns3:Speed>0.997010</ns3:Speed>
							</ns3:TPX>
						</Extensions>
					</Trackpoint>
					<Trackpoint>
						<Time>2569-05-08T14:33:11Z</Time>
						<Position>
							<LatitudeDegrees>9.143641</LatitudeDegrees>
							<LongitudeDegrees>99.328633</LongitudeDegrees>
						</Position>
						<AltitudeMeters>9.030000</AltitudeMeters>
						<HeartRateBpm>
							<Value>115</Value>
						</HeartRateBpm>
						<Cadence>58</Cadence>
						<Extensions>
							<ns3:TPX>
								<ns3:Speed>1.005030</ns3:Speed>
							</ns3:TPX>
						</Extensions>
					</Trackpoint>
					<Trackpoint>
						<Time>2569-05-08T14:33:12Z</Time>
						<Position>
							<LatitudeDegrees>9.143649</LatitudeDegrees>
							<LongitudeDegrees>99.328628</LongitudeDegrees>
						</Position>
						<AltitudeMeters>9.030000</AltitudeMeters>
						<HeartRateBpm>
							<Value>114</Value>
						</HeartRateBpm>
						<Cadence>58</Cadence>
						<Extensions>
							<ns3:TPX>
								<ns3:Speed>1.013170</ns3:Speed>
							</ns3:TPX>
						</Extensions>
					</Trackpoint>
					<Trackpoint>
						<Time>2569-05-08T14:33:13Z</Time>
						<Position>
							<LatitudeDegrees>9.143655</LatitudeDegrees>
							<LongitudeDegrees>99.328624</LongitudeDegrees>
						</Position>
						<AltitudeMeters>9.030000</AltitudeMeters>
						<HeartRateBpm>
							<Value>114</Value>
						</HeartRateBpm>
						<Cadence>57</Cadence>
						<Extensions>
							<ns3:TPX>
								<ns3:Speed>1.018330</ns3:Speed>
							</ns3:TPX>
						</Extensions>
					</Trackpoint>
					<Trackpoint>
						<Time>2569-05-08T14:33:14Z</Time>
						<Position>
							<LatitudeDegrees>9.143660</LatitudeDegrees>
							<LongitudeDegrees>99.328619</LongitudeDegrees>
						</Position>
						<AltitudeMeters>9.030000</AltitudeMeters>
						<HeartRateBpm>
							<Value>114</Value>
						</HeartRateBpm>
						<Cadence>56</Cadence>
						<Extensions>
							<ns3:TPX>
								<ns3:Speed>1.023540</ns3:Speed>
							</ns3:TPX>
						</Extensions>
					</Trackpoint>
					<Trackpoint>
						<Time>2569-05-08T14:33:15Z</Time>
						<Position>
							<LatitudeDegrees>9.143665</LatitudeDegrees>
							<LongitudeDegrees>99.328614</LongitudeDegrees>
						</Position>
						<AltitudeMeters>9.030000</AltitudeMeters>
						<HeartRateBpm>
							<Value>114</Value>
						</HeartRateBpm>
						<Cadence>56</Cadence>
						<Extensions>
							<ns3:TPX>
								<ns3:Speed>1.026690</ns3:Speed>
							</ns3:TPX>
						</Extensions>
					</Trackpoint>
					<Trackpoint>
						<Time>2569-05-08T14:33:16Z</Time>
						<Position>
							<LatitudeDegrees>9.143672</LatitudeDegrees>
							<LongitudeDegrees>99.328606</LongitudeDegrees>
						</Position>
						<AltitudeMeters>9.030000</AltitudeMeters>
						<HeartRateBpm>
							<Value>114</Value>
						</HeartRateBpm>
						<Cadence>55</Cadence>
						<Extensions>
							<ns3:TPX>
								<ns3:Speed>1.025640</ns3:Speed>
							</ns3:TPX>
						</Extensions>
					</Trackpoint>
					<Trackpoint>
						<Time>2569-05-08T14:33:17Z</Time>
						<Position>
							<LatitudeDegrees>9.143680</LatitudeDegrees>
							<LongitudeDegrees>99.328597</LongitudeDegrees>
						</Position>
						<AltitudeMeters>9.020000</AltitudeMeters>
						<HeartRateBpm>
							<Value>114</Value>
						</HeartRateBpm>
						<Cadence>55</Cadence>
						<Extensions>
							<ns3:TPX>
								<ns3:Speed>1.018330</ns3:Speed>
							</ns3:TPX>
						</Extensions>
					</Trackpoint>
					<Trackpoint>
						<Time>2569-05-08T14:33:18Z</Time>
						<Position>
							<LatitudeDegrees>9.143687</LatitudeDegrees>
							<LongitudeDegrees>99.328588</LongitudeDegrees>
						</Position>
						<AltitudeMeters>9.020000</AltitudeMeters>
						<HeartRateBpm>
							<Value>114</Value>
						</HeartRateBpm>
						<Cadence>55</Cadence>
						<Extensions>
							<ns3:TPX>
								<ns3:Speed>1.007050</ns3:Speed>
							</ns3:TPX>
						</Extensions>
					</Trackpoint>
					<Trackpoint>
						<Time>2569-05-08T14:33:19Z</Time>
						<Position>
							<LatitudeDegrees>9.143695</LatitudeDegrees>
							<LongitudeDegrees>99.328578</LongitudeDegrees>
						</Position>
						<AltitudeMeters>9.010000</AltitudeMeters>
						<HeartRateBpm>
							<Value>114</Value>
						</HeartRateBpm>
						<Cadence>55</Cadence>
						<Extensions>
							<ns3:TPX>
								<ns3:Speed>0.996020</ns3:Speed>
							</ns3:TPX>
						</Extensions>
					</Trackpoint>
					<Trackpoint>
						<Time>2569-05-08T14:33:20Z</Time>
						<Position>
							<LatitudeDegrees>9.143702</LatitudeDegrees>
							<LongitudeDegrees>99.328568</LongitudeDegrees>
						</Position>
						<AltitudeMeters>9.000000</AltitudeMeters>
						<HeartRateBpm>
							<Value>113</Value>
						</HeartRateBpm>
						<Cadence>55</Cadence>
						<Extensions>
							<ns3:TPX>
								<ns3:Speed>0.983280</ns3:Speed>
							</ns3:TPX>
						</Extensions>
					</Trackpoint>
					<Trackpoint>
						<Time>2569-05-08T14:33:21Z</Time>
						<Position>
							<LatitudeDegrees>9.143711</LatitudeDegrees>
							<LongitudeDegrees>99.328559</LongitudeDegrees>
						</Position>
						<AltitudeMeters>9.000000</AltitudeMeters>
						<HeartRateBpm>
							<Value>112</Value>
						</HeartRateBpm>
						<Cadence>55</Cadence>
						<Extensions>
							<ns3:TPX>
								<ns3:Speed>0.969930</ns3:Speed>
							</ns3:TPX>
						</Extensions>
					</Trackpoint>
					<Trackpoint>
						<Time>2569-05-08T14:33:22Z</Time>
						<Position>
							<LatitudeDegrees>9.143720</LatitudeDegrees>
							<LongitudeDegrees>99.328549</LongitudeDegrees>
						</Position>
						<AltitudeMeters>8.990000</AltitudeMeters>
						<HeartRateBpm>
							<Value>111</Value>
						</HeartRateBpm>
						<Cadence>56</Cadence>
						<Extensions>
							<ns3:TPX>
								<ns3:Speed>0.956940</ns3:Speed>
							</ns3:TPX>
						</Extensions>
					</Trackpoint>
					<Trackpoint>
						<Time>2569-05-08T14:33:23Z</Time>
						<Position>
							<LatitudeDegrees>9.143730</LatitudeDegrees>
							<LongitudeDegrees>99.328539</LongitudeDegrees>
						</Position>
						<AltitudeMeters>8.990000</AltitudeMeters>
						<HeartRateBpm>
							<Value>110</Value>
						</HeartRateBpm>
						<Cadence>56</Cadence>
						<Extensions>
							<ns3:TPX>
								<ns3:Speed>0.945180</ns3:Speed>
							</ns3:TPX>
						</Extensions>
					</Trackpoint>
					<Trackpoint>
						<Time>2569-05-08T14:33:24Z</Time>
						<Position>
							<LatitudeDegrees>9.143739</LatitudeDegrees>
							<LongitudeDegrees>99.328529</LongitudeDegrees>
						</Position>
						<AltitudeMeters>8.990000</AltitudeMeters>
						<HeartRateBpm>
							<Value>109</Value>
						</HeartRateBpm>
						<Cadence>56</Cadence>
						<Extensions>
							<ns3:TPX>
								<ns3:Speed>0.933710</ns3:Speed>
							</ns3:TPX>
						</Extensions>
					</Trackpoint>
					<Trackpoint>
						<Time>2569-05-08T14:33:25Z</Time>
						<Position>
							<LatitudeDegrees>9.143749</LatitudeDegrees>
							<LongitudeDegrees>99.328519</LongitudeDegrees>
						</Position>
						<AltitudeMeters>8.980000</AltitudeMeters>
						<HeartRateBpm>
							<Value>109</Value>
						</HeartRateBpm>
						<Cadence>56</Cadence>
						<Extensions>
							<ns3:TPX>
								<ns3:Speed>0.925930</ns3:Speed>
							</ns3:TPX>
						</Extensions>
					</Trackpoint>
					<Trackpoint>
						<Time>2569-05-08T14:33:26Z</Time>
						<Position>
							<LatitudeDegrees>9.143758</LatitudeDegrees>
							<LongitudeDegrees>99.328509</LongitudeDegrees>
						</Position>
						<AltitudeMeters>8.980000</AltitudeMeters>
						<HeartRateBpm>
							<Value>109</Value>
						</HeartRateBpm>
						<Cadence>56</Cadence>
						<Extensions>
							<ns3:TPX>
								<ns3:Speed>0.923360</ns3:Speed>
							</ns3:TPX>
						</Extensions>
					</Trackpoint>
					<Trackpoint>
						<Time>2569-05-08T14:33:27Z</Time>
						<Position>
							<LatitudeDegrees>9.143768</LatitudeDegrees>
							<LongitudeDegrees>99.328499</LongitudeDegrees>
						</Position>
						<AltitudeMeters>8.940000</AltitudeMeters>
						<HeartRateBpm>
							<Value>109</Value>
						</HeartRateBpm>
						<Cadence>56</Cadence>
						<Extensions>
							<ns3:TPX>
								<ns3:Speed>0.925070</ns3:Speed>
							</ns3:TPX>
						</Extensions>
					</Trackpoint>
					<Trackpoint>
						<Time>2569-05-08T14:33:28Z</Time>
						<Position>
							<LatitudeDegrees>9.143777</LatitudeDegrees>
							<LongitudeDegrees>99.328484</LongitudeDegrees>
						</Position>
						<AltitudeMeters>8.930000</AltitudeMeters>
						<HeartRateBpm>
							<Value>109</Value>
						</HeartRateBpm>
						<Cadence>56</Cadence>
						<Extensions>
							<ns3:TPX>
								<ns3:Speed>0.927640</ns3:Speed>
							</ns3:TPX>
						</Extensions>
					</Trackpoint>
					<Trackpoint>
						<Time>2569-05-08T14:33:29Z</Time>
						<Position>
							<LatitudeDegrees>9.143785</LatitudeDegrees>
							<LongitudeDegrees>99.328468</LongitudeDegrees>
						</Position>
						<AltitudeMeters>8.920000</AltitudeMeters>
						<HeartRateBpm>
							<Value>109</Value>
						</HeartRateBpm>
						<Cadence>56</Cadence>
						<Extensions>
							<ns3:TPX>
								<ns3:Speed>0.930230</ns3:Speed>
							</ns3:TPX>
						</Extensions>
					</Trackpoint>
					<Trackpoint>
						<Time>2569-05-08T14:33:30Z</Time>
						<Position>
							<LatitudeDegrees>9.143796</LatitudeDegrees>
							<LongitudeDegrees>99.328456</LongitudeDegrees>
						</Position>
						<AltitudeMeters>8.920000</AltitudeMeters>
						<HeartRateBpm>
							<Value>110</Value>
						</HeartRateBpm>
						<Cadence>56</Cadence>
						<Extensions>
							<ns3:TPX>
								<ns3:Speed>0.935450</ns3:Speed>
							</ns3:TPX>
						</Extensions>
					</Trackpoint>
					<Trackpoint>
						<Time>2569-05-08T14:33:31Z</Time>
						<Position>
							<LatitudeDegrees>9.143807</LatitudeDegrees>
							<LongitudeDegrees>99.328446</LongitudeDegrees>
						</Position>
						<AltitudeMeters>8.920000</AltitudeMeters>
						<HeartRateBpm>
							<Value>110</Value>
						</HeartRateBpm>
						<Cadence>55</Cadence>
						<Extensions>
							<ns3:TPX>
								<ns3:Speed>0.940730</ns3:Speed>
							</ns3:TPX>
						</Extensions>
					</Trackpoint>
					<Trackpoint>
						<Time>2569-05-08T14:33:32Z</Time>
						<Position>
							<LatitudeDegrees>9.143817</LatitudeDegrees>
							<LongitudeDegrees>99.328437</LongitudeDegrees>
						</Position>
						<AltitudeMeters>8.920000</AltitudeMeters>
						<HeartRateBpm>
							<Value>110</Value>
						</HeartRateBpm>
						<Cadence>55</Cadence>
						<Extensions>
							<ns3:TPX>
								<ns3:Speed>0.947870</ns3:Speed>
							</ns3:TPX>
						</Extensions>
					</Trackpoint>
					<Trackpoint>
						<Time>2569-05-08T14:33:33Z</Time>
						<Position>
							<LatitudeDegrees>9.143826</LatitudeDegrees>
							<LongitudeDegrees>99.328428</LongitudeDegrees>
						</Position>
						<AltitudeMeters>8.910000</AltitudeMeters>
						<HeartRateBpm>
							<Value>110</Value>
						</HeartRateBpm>
						<Cadence>54</Cadence>
						<Extensions>
							<ns3:TPX>
								<ns3:Speed>0.956020</ns3:Speed>
							</ns3:TPX>
						</Extensions>
					</Trackpoint>
					<Trackpoint>
						<Time>2569-05-08T14:33:34Z</Time>
						<Position>
							<LatitudeDegrees>9.143835</LatitudeDegrees>
							<LongitudeDegrees>99.328422</LongitudeDegrees>
						</Position>
						<AltitudeMeters>8.910000</AltitudeMeters>
						<HeartRateBpm>
							<Value>110</Value>
						</HeartRateBpm>
						<Cadence>54</Cadence>
						<Extensions>
							<ns3:TPX>
								<ns3:Speed>0.965250</ns3:Speed>
							</ns3:TPX>
						</Extensions>
					</Trackpoint>
					<Trackpoint>
						<Time>2569-05-08T14:33:35Z</Time>
						<Position>
							<LatitudeDegrees>9.143843</LatitudeDegrees>
							<LongitudeDegrees>99.328419</LongitudeDegrees>
						</Position>
						<AltitudeMeters>8.910000</AltitudeMeters>
						<HeartRateBpm>
							<Value>111</Value>
						</HeartRateBpm>
						<Cadence>51</Cadence>
						<Extensions>
							<ns3:TPX>
								<ns3:Speed>0.973710</ns3:Speed>
							</ns3:TPX>
						</Extensions>
					</Trackpoint>
					<Trackpoint>
						<Time>2569-05-08T14:33:36Z</Time>
						<Position>
							<LatitudeDegrees>9.143849</LatitudeDegrees>
							<LongitudeDegrees>99.328416</LongitudeDegrees>
						</Position>
						<AltitudeMeters>8.900000</AltitudeMeters>
						<HeartRateBpm>
							<Value>112</Value>
						</HeartRateBpm>
						<Cadence>50</Cadence>
						<Extensions>
							<ns3:TPX>
								<ns3:Speed>0.983280</ns3:Speed>
							</ns3:TPX>
						</Extensions>
					</Trackpoint>
					<Trackpoint>
						<Time>2569-05-08T14:33:37Z</Time>
						<Position>
							<LatitudeDegrees>9.143853</LatitudeDegrees>
							<LongitudeDegrees>99.328413</LongitudeDegrees>
						</Position>
						<AltitudeMeters>8.900000</AltitudeMeters>
						<HeartRateBpm>
							<Value>112</Value>
						</HeartRateBpm>
						<Cadence>49</Cadence>
						<Extensions>
							<ns3:TPX>
								<ns3:Speed>1.001000</ns3:Speed>
							</ns3:TPX>
						</Extensions>
					</Trackpoint>
					<Trackpoint>
						<Time>2569-05-08T14:33:38Z</Time>
						<Position>
							<LatitudeDegrees>9.143857</LatitudeDegrees>
							<LongitudeDegrees>99.328410</LongitudeDegrees>
						</Position>
						<AltitudeMeters>8.900000</AltitudeMeters>
						<HeartRateBpm>
							<Value>113</Value>
						</HeartRateBpm>
						<Cadence>49</Cadence>
						<Extensions>
							<ns3:TPX>
								<ns3:Speed>1.001000</ns3:Speed>
							</ns3:TPX>
						</Extensions>
					</Trackpoint>
					<Trackpoint>
						<Time>2569-05-08T14:33:39Z</Time>
						<Position>
							<LatitudeDegrees>9.143859</LatitudeDegrees>
							<LongitudeDegrees>99.328408</LongitudeDegrees>
						</Position>
						<AltitudeMeters>8.900000</AltitudeMeters>
						<HeartRateBpm>
							<Value>112</Value>
						</HeartRateBpm>
						<Cadence>50</Cadence>
						<Extensions>
							<ns3:TPX>
								<ns3:Speed>1.004020</ns3:Speed>
							</ns3:TPX>
						</Extensions>
					</Trackpoint>
					<Trackpoint>
						<Time>2569-05-08T14:33:40Z</Time>
						<Position>
							<LatitudeDegrees>9.143860</LatitudeDegrees>
							<LongitudeDegrees>99.328407</LongitudeDegrees>
						</Position>
						<AltitudeMeters>8.900000</AltitudeMeters>
						<HeartRateBpm>
							<Value>112</Value>
						</HeartRateBpm>
						<Cadence>49</Cadence>
						<Extensions>
							<ns3:TPX>
								<ns3:Speed>0.997010</ns3:Speed>
							</ns3:TPX>
						</Extensions>
					</Trackpoint>
					<Trackpoint>
						<Time>2569-05-08T14:33:41Z</Time>
						<Position>
							<LatitudeDegrees>9.143862</LatitudeDegrees>
							<LongitudeDegrees>99.328405</LongitudeDegrees>
						</Position>
						<AltitudeMeters>8.900000</AltitudeMeters>
						<HeartRateBpm>
							<Value>113</Value>
						</HeartRateBpm>
						<Cadence>48</Cadence>
						<Extensions>
							<ns3:TPX>
								<ns3:Speed>0.997010</ns3:Speed>
							</ns3:TPX>
						</Extensions>
					</Trackpoint>
					<Trackpoint>
						<Time>2569-05-08T14:33:41Z</Time>
						<Position>
							<LatitudeDegrees>9.143862</LatitudeDegrees>
							<LongitudeDegrees>99.328405</LongitudeDegrees>
						</Position>
						<AltitudeMeters>8.900000</AltitudeMeters>
						<HeartRateBpm>
							<Value>113</Value>
						</HeartRateBpm>
						<Cadence>48</Cadence>
						<Extensions>
							<ns3:TPX>
								<ns3:Speed>0.997010</ns3:Speed>
							</ns3:TPX>
						</Extensions>
					</Trackpoint>
					<Trackpoint>
						<Time>2569-05-08T14:33:42Z</Time>
						<Position>
							<LatitudeDegrees>9.143863</LatitudeDegrees>
							<LongitudeDegrees>99.328405</LongitudeDegrees>
						</Position>
						<AltitudeMeters>8.890000</AltitudeMeters>
						<HeartRateBpm>
							<Value>113</Value>
						</HeartRateBpm>
						<Cadence>58</Cadence>
					</Trackpoint>
					<Trackpoint>
						<Time>2569-05-08T14:33:43Z</Time>
						<Position>
							<LatitudeDegrees>9.143863</LatitudeDegrees>
							<LongitudeDegrees>99.328405</LongitudeDegrees>
						</Position>
						<AltitudeMeters>8.890000</AltitudeMeters>
						<HeartRateBpm>
							<Value>116</Value>
						</HeartRateBpm>
					</Trackpoint>
					<Trackpoint>
						<Time>2569-05-08T14:33:44Z</Time>
						<Position>
							<LatitudeDegrees>9.143864</LatitudeDegrees>
							<LongitudeDegrees>99.328405</LongitudeDegrees>
						</Position>
						<AltitudeMeters>8.890000</AltitudeMeters>
						<HeartRateBpm>
							<Value>116</Value>
						</HeartRateBpm>
					</Trackpoint>
					<Trackpoint>
						<Time>2569-05-08T14:33:45Z</Time>
						<Position>
							<LatitudeDegrees>9.143864</LatitudeDegrees>
							<LongitudeDegrees>99.328405</LongitudeDegrees>
						</Position>
						<AltitudeMeters>8.890000</AltitudeMeters>
						<HeartRateBpm>
							<Value>116</Value>
						</HeartRateBpm>
					</Trackpoint>
					<Trackpoint>
						<Time>2569-05-08T14:33:46Z</Time>
						<Position>
							<LatitudeDegrees>9.143864</LatitudeDegrees>
							<LongitudeDegrees>99.328405</LongitudeDegrees>
						</Position>
						<AltitudeMeters>8.890000</AltitudeMeters>
						<HeartRateBpm>
							<Value>117</Value>
						</HeartRateBpm>
					</Trackpoint>
					<Trackpoint>
						<Time>2569-05-08T14:33:47Z</Time>
						<Position>
							<LatitudeDegrees>9.143864</LatitudeDegrees>
							<LongitudeDegrees>99.328405</LongitudeDegrees>
						</Position>
						<AltitudeMeters>8.890000</AltitudeMeters>
						<HeartRateBpm>
							<Value>117</Value>
						</HeartRateBpm>
					</Trackpoint>
					<Trackpoint>
						<Time>2569-05-08T14:33:49Z</Time>
						<Position>
							<LatitudeDegrees>9.143863</LatitudeDegrees>
							<LongitudeDegrees>99.328405</LongitudeDegrees>
						</Position>
						<AltitudeMeters>8.900000</AltitudeMeters>
						<HeartRateBpm>
							<Value>117</Value>
						</HeartRateBpm>
					</Trackpoint>
					<Trackpoint>
						<Time>2569-05-08T14:33:50Z</Time>
						<Position>
							<LatitudeDegrees>9.143863</LatitudeDegrees>
							<LongitudeDegrees>99.328405</LongitudeDegrees>
						</Position>
						<AltitudeMeters>8.900000</AltitudeMeters>
						<HeartRateBpm>
							<Value>113</Value>
						</HeartRateBpm>
					</Trackpoint>
					<Trackpoint>
						<Time>2569-05-08T14:33:50Z</Time>
						<Position>
							<LatitudeDegrees>9.143863</LatitudeDegrees>
							<LongitudeDegrees>99.328405</LongitudeDegrees>
						</Position>
						<AltitudeMeters>8.900000</AltitudeMeters>
						<HeartRateBpm>
							<Value>113</Value>
						</HeartRateBpm>
					</Trackpoint>
					<Trackpoint>
						<Time>2569-05-08T14:33:52Z</Time>
						<Position>
							<LatitudeDegrees>9.143863</LatitudeDegrees>
							<LongitudeDegrees>99.328405</LongitudeDegrees>
						</Position>
						<AltitudeMeters>8.900000</AltitudeMeters>
						<HeartRateBpm>
							<Value>109</Value>
						</HeartRateBpm>
					</Trackpoint>
					<Trackpoint>
						<Time>2569-05-08T14:33:52Z</Time>
						<Position>
							<LatitudeDegrees>9.143863</LatitudeDegrees>
							<LongitudeDegrees>99.328405</LongitudeDegrees>
						</Position>
						<AltitudeMeters>8.900000</AltitudeMeters>
						<HeartRateBpm>
							<Value>109</Value>
						</HeartRateBpm>
					</Trackpoint>
					<Trackpoint>
						<Time>2569-05-08T14:33:53Z</Time>
						<Position>
							<LatitudeDegrees>9.143863</LatitudeDegrees>
							<LongitudeDegrees>99.328405</LongitudeDegrees>
						</Position>
						<AltitudeMeters>8.900000</AltitudeMeters>
						<HeartRateBpm>
							<Value>108</Value>
						</HeartRateBpm>
					</Trackpoint>
					<Trackpoint>
						<Time>2569-05-08T14:33:54Z</Time>
						<Position>
							<LatitudeDegrees>9.143863</LatitudeDegrees>
							<LongitudeDegrees>99.328405</LongitudeDegrees>
						</Position>
						<AltitudeMeters>8.900000</AltitudeMeters>
						<HeartRateBpm>
							<Value>109</Value>
						</HeartRateBpm>
					</Trackpoint>
					<Trackpoint>
						<Time>2569-05-08T14:33:55Z</Time>
						<Position>
							<LatitudeDegrees>9.143863</LatitudeDegrees>
							<LongitudeDegrees>99.328405</LongitudeDegrees>
						</Position>
						<AltitudeMeters>8.900000</AltitudeMeters>
						<HeartRateBpm>
							<Value>108</Value>
						</HeartRateBpm>
					</Trackpoint>
					<Trackpoint>
						<Time>2569-05-08T14:33:56Z</Time>
						<Position>
							<LatitudeDegrees>9.143865</LatitudeDegrees>
							<LongitudeDegrees>99.328404</LongitudeDegrees>
						</Position>
						<AltitudeMeters>8.900000</AltitudeMeters>
						<HeartRateBpm>
							<Value>107</Value>
						</HeartRateBpm>
					</Trackpoint>
					<Trackpoint>
						<Time>2569-05-08T14:33:57Z</Time>
						<Position>
							<LatitudeDegrees>9.143870</LatitudeDegrees>
							<LongitudeDegrees>99.328401</LongitudeDegrees>
						</Position>
						<AltitudeMeters>8.900000</AltitudeMeters>
						<HeartRateBpm>
							<Value>107</Value>
						</HeartRateBpm>
					</Trackpoint>
					<Trackpoint>
						<Time>2569-05-08T14:33:58Z</Time>
						<Position>
							<LatitudeDegrees>9.143876</LatitudeDegrees>
							<LongitudeDegrees>99.328395</LongitudeDegrees>
						</Position>
						<AltitudeMeters>8.900000</AltitudeMeters>
						<HeartRateBpm>
							<Value>107</Value>
						</HeartRateBpm>
					</Trackpoint>
					<Trackpoint>
						<Time>2569-05-08T14:33:59Z</Time>
						<Position>
							<LatitudeDegrees>9.143884</LatitudeDegrees>
							<LongitudeDegrees>99.328384</LongitudeDegrees>
						</Position>
						<AltitudeMeters>8.900000</AltitudeMeters>
						<HeartRateBpm>
							<Value>107</Value>
						</HeartRateBpm>
						<Extensions>
							<ns3:TPX>
								<ns3:Speed>1.246880</ns3:Speed>
							</ns3:TPX>
						</Extensions>
					</Trackpoint>
					<Trackpoint>
						<Time>2569-05-08T14:34:00Z</Time>
						<Position>
							<LatitudeDegrees>9.143893</LatitudeDegrees>
							<LongitudeDegrees>99.328370</LongitudeDegrees>
						</Position>
						<AltitudeMeters>8.900000</AltitudeMeters>
						<HeartRateBpm>
							<Value>107</Value>
						</HeartRateBpm>
						<Extensions>
							<ns3:TPX>
								<ns3:Speed>1.773050</ns3:Speed>
							</ns3:TPX>
						</Extensions>
					</Trackpoint>
					<Trackpoint>
						<Time>2569-05-08T14:34:01Z</Time>
						<Position>
							<LatitudeDegrees>9.143902</LatitudeDegrees>
							<LongitudeDegrees>99.328355</LongitudeDegrees>
						</Position>
						<AltitudeMeters>8.890000</AltitudeMeters>
						<HeartRateBpm>
							<Value>107</Value>
						</HeartRateBpm>
						<Extensions>
							<ns3:TPX>
								<ns3:Speed>2.262440</ns3:Speed>
							</ns3:TPX>
						</Extensions>
					</Trackpoint>
					<Trackpoint>
						<Time>2569-05-08T14:34:02Z</Time>
						<Position>
							<LatitudeDegrees>9.143908</LatitudeDegrees>
							<LongitudeDegrees>99.328338</LongitudeDegrees>
						</Position>
						<AltitudeMeters>8.890000</AltitudeMeters>
						<HeartRateBpm>
							<Value>108</Value>
						</HeartRateBpm>
						<Cadence>80</Cadence>
						<Extensions>
							<ns3:TPX>
								<ns3:Speed>2.227170</ns3:Speed>
							</ns3:TPX>
						</Extensions>
					</Trackpoint>
					<Trackpoint>
						<Time>2569-05-08T14:34:03Z</Time>
						<Position>
							<LatitudeDegrees>9.143915</LatitudeDegrees>
							<LongitudeDegrees>99.328324</LongitudeDegrees>
						</Position>
						<AltitudeMeters>8.880000</AltitudeMeters>
						<HeartRateBpm>
							<Value>108</Value>
						</HeartRateBpm>
						<Cadence>80</Cadence>
						<Extensions>
							<ns3:TPX>
								<ns3:Speed>1.937980</ns3:Speed>
							</ns3:TPX>
						</Extensions>
					</Trackpoint>
					<Trackpoint>
						<Time>2569-05-08T14:34:04Z</Time>
						<Position>
							<LatitudeDegrees>9.143923</LatitudeDegrees>
							<LongitudeDegrees>99.328313</LongitudeDegrees>
						</Position>
						<AltitudeMeters>8.870000</AltitudeMeters>
						<HeartRateBpm>
							<Value>109</Value>
						</HeartRateBpm>
						<Cadence>80</Cadence>
						<Extensions>
							<ns3:TPX>
								<ns3:Speed>1.757470</ns3:Speed>
							</ns3:TPX>
						</Extensions>
					</Trackpoint>
					<Trackpoint>
						<Time>2569-05-08T14:34:05Z</Time>
						<Position>
							<LatitudeDegrees>9.143932</LatitudeDegrees>
							<LongitudeDegrees>99.328303</LongitudeDegrees>
						</Position>
						<AltitudeMeters>8.860000</AltitudeMeters>
						<HeartRateBpm>
							<Value>109</Value>
						</HeartRateBpm>
						<Cadence>80</Cadence>
						<Extensions>
							<ns3:TPX>
								<ns3:Speed>1.680670</ns3:Speed>
							</ns3:TPX>
						</Extensions>
					</Trackpoint>
					<Trackpoint>
						<Time>2569-05-08T14:34:06Z</Time>
						<Position>
							<LatitudeDegrees>9.143939</LatitudeDegrees>
							<LongitudeDegrees>99.328294</LongitudeDegrees>
						</Position>
						<AltitudeMeters>8.850000</AltitudeMeters>
						<HeartRateBpm>
							<Value>109</Value>
						</HeartRateBpm>
						<Cadence>80</Cadence>
						<Extensions>
							<ns3:TPX>
								<ns3:Speed>1.700680</ns3:Speed>
							</ns3:TPX>
						</Extensions>
					</Trackpoint>
					<Trackpoint>
						<Time>2569-05-08T14:34:07Z</Time>
						<Position>
							<LatitudeDegrees>9.143948</LatitudeDegrees>
							<LongitudeDegrees>99.328285</LongitudeDegrees>
						</Position>
						<AltitudeMeters>8.790000</AltitudeMeters>
						<HeartRateBpm>
							<Value>110</Value>
						</HeartRateBpm>
						<Cadence>80</Cadence>
						<Extensions>
							<ns3:TPX>
								<ns3:Speed>1.700680</ns3:Speed>
							</ns3:TPX>
						</Extensions>
					</Trackpoint>
					<Trackpoint>
						<Time>2569-05-08T14:34:08Z</Time>
						<Position>
							<LatitudeDegrees>9.143956</LatitudeDegrees>
							<LongitudeDegrees>99.328276</LongitudeDegrees>
						</Position>
						<AltitudeMeters>8.770000</AltitudeMeters>
						<HeartRateBpm>
							<Value>111</Value>
						</HeartRateBpm>
						<Cadence>79</Cadence>
						<Extensions>
							<ns3:TPX>
								<ns3:Speed>1.600000</ns3:Speed>
							</ns3:TPX>
						</Extensions>
					</Trackpoint>
					<Trackpoint>
						<Time>2569-05-08T14:34:09Z</Time>
						<Position>
							<LatitudeDegrees>9.143964</LatitudeDegrees>
							<LongitudeDegrees>99.328267</LongitudeDegrees>
						</Position>
						<AltitudeMeters>8.760000</AltitudeMeters>
						<HeartRateBpm>
							<Value>112</Value>
						</HeartRateBpm>
						<Cadence>78</Cadence>
						<Extensions>
							<ns3:TPX>
								<ns3:Speed>1.492540</ns3:Speed>
							</ns3:TPX>
						</Extensions>
					</Trackpoint>
					<Trackpoint>
						<Time>2569-05-08T14:34:10Z</Time>
						<Position>
							<LatitudeDegrees>9.143974</LatitudeDegrees>
							<LongitudeDegrees>99.328259</LongitudeDegrees>
						</Position>
						<AltitudeMeters>8.740000</AltitudeMeters>
						<HeartRateBpm>
							<Value>111</Value>
						</HeartRateBpm>
						<Cadence>78</Cadence>
						<Extensions>
							<ns3:TPX>
								<ns3:Speed>1.477100</ns3:Speed>
							</ns3:TPX>
						</Extensions>
					</Trackpoint>
					<Trackpoint>
						<Time>2569-05-08T14:34:11Z</Time>
						<Position>
							<LatitudeDegrees>9.143984</LatitudeDegrees>
							<LongitudeDegrees>99.328250</LongitudeDegrees>
						</Position>
						<AltitudeMeters>8.710000</AltitudeMeters>
						<HeartRateBpm>
							<Value>111</Value>
						</HeartRateBpm>
						<Cadence>56</Cadence>
						<Extensions>
							<ns3:TPX>
								<ns3:Speed>1.468430</ns3:Speed>
							</ns3:TPX>
						</Extensions>
					</Trackpoint>
					<Trackpoint>
						<Time>2569-05-08T14:34:12Z</Time>
						<Position>
							<LatitudeDegrees>9.143993</LatitudeDegrees>
							<LongitudeDegrees>99.328241</LongitudeDegrees>
						</Position>
						<AltitudeMeters>8.690000</AltitudeMeters>
						<HeartRateBpm>
							<Value>111</Value>
						</HeartRateBpm>
						<Cadence>56</Cadence>
						<Extensions>
							<ns3:TPX>
								<ns3:Speed>1.468430</ns3:Speed>
							</ns3:TPX>
						</Extensions>
					</Trackpoint>
					<Trackpoint>
						<Time>2569-05-08T14:34:13Z</Time>
						<Position>
							<LatitudeDegrees>9.144001</LatitudeDegrees>
							<LongitudeDegrees>99.328233</LongitudeDegrees>
						</Position>
						<AltitudeMeters>8.660000</AltitudeMeters>
						<HeartRateBpm>
							<Value>112</Value>
						</HeartRateBpm>
						<Cadence>56</Cadence>
						<Extensions>
							<ns3:TPX>
								<ns3:Speed>1.436780</ns3:Speed>
							</ns3:TPX>
						</Extensions>
					</Trackpoint>
					<Trackpoint>
						<Time>2569-05-08T14:34:14Z</Time>
						<Position>
							<LatitudeDegrees>9.144012</LatitudeDegrees>
							<LongitudeDegrees>99.328227</LongitudeDegrees>
						</Position>
						<AltitudeMeters>8.650000</AltitudeMeters>
						<HeartRateBpm>
							<Value>111</Value>
						</HeartRateBpm>
						<Cadence>56</Cadence>
						<Extensions>
							<ns3:TPX>
								<ns3:Speed>1.394700</ns3:Speed>
							</ns3:TPX>
						</Extensions>
					</Trackpoint>
					<Trackpoint>
						<Time>2569-05-08T14:34:15Z</Time>
						<Position>
							<LatitudeDegrees>9.144023</LatitudeDegrees>
							<LongitudeDegrees>99.328219</LongitudeDegrees>
						</Position>
						<AltitudeMeters>8.630000</AltitudeMeters>
						<HeartRateBpm>
							<Value>111</Value>
						</HeartRateBpm>
						<Cadence>56</Cadence>
						<Extensions>
							<ns3:TPX>
								<ns3:Speed>1.367990</ns3:Speed>
							</ns3:TPX>
						</Extensions>
					</Trackpoint>
					<Trackpoint>
						<Time>2569-05-08T14:34:16Z</Time>
						<Position>
							<LatitudeDegrees>9.144033</LatitudeDegrees>
							<LongitudeDegrees>99.328210</LongitudeDegrees>
						</Position>
						<AltitudeMeters>8.610000</AltitudeMeters>
						<HeartRateBpm>
							<Value>112</Value>
						</HeartRateBpm>
						<Cadence>57</Cadence>
						<Extensions>
							<ns3:TPX>
								<ns3:Speed>1.349530</ns3:Speed>
							</ns3:TPX>
						</Extensions>
					</Trackpoint>
					<Trackpoint>
						<Time>2569-05-08T14:34:17Z</Time>
						<Position>
							<LatitudeDegrees>9.144044</LatitudeDegrees>
							<LongitudeDegrees>99.328201</LongitudeDegrees>
						</Position>
						<AltitudeMeters>8.590000</AltitudeMeters>
						<HeartRateBpm>
							<Value>112</Value>
						</HeartRateBpm>
						<Cadence>57</Cadence>
						<Extensions>
							<ns3:TPX>
								<ns3:Speed>1.353180</ns3:Speed>
							</ns3:TPX>
						</Extensions>
					</Trackpoint>
					<Trackpoint>
						<Time>2569-05-08T14:34:18Z</Time>
						<Position>
							<LatitudeDegrees>9.144052</LatitudeDegrees>
							<LongitudeDegrees>99.328192</LongitudeDegrees>
						</Position>
						<AltitudeMeters>8.570000</AltitudeMeters>
						<HeartRateBpm>
							<Value>112</Value>
						</HeartRateBpm>
						<Cadence>57</Cadence>
						<Extensions>
							<ns3:TPX>
								<ns3:Speed>1.358700</ns3:Speed>
							</ns3:TPX>
						</Extensions>
					</Trackpoint>
					<Trackpoint>
						<Time>2569-05-08T14:34:19Z</Time>
						<Position>
							<LatitudeDegrees>9.144059</LatitudeDegrees>
							<LongitudeDegrees>99.328183</LongitudeDegrees>
						</Position>
						<AltitudeMeters>8.560000</AltitudeMeters>
						<HeartRateBpm>
							<Value>112</Value>
						</HeartRateBpm>
						<Cadence>57</Cadence>
						<Extensions>
							<ns3:TPX>
								<ns3:Speed>1.355010</ns3:Speed>
							</ns3:TPX>
						</Extensions>
					</Trackpoint>
					<Trackpoint>
						<Time>2569-05-08T14:34:20Z</Time>
						<Position>
							<LatitudeDegrees>9.144066</LatitudeDegrees>
							<LongitudeDegrees>99.328176</LongitudeDegrees>
						</Position>
						<AltitudeMeters>8.540000</AltitudeMeters>
						<HeartRateBpm>
							<Value>112</Value>
						</HeartRateBpm>
						<Cadence>57</Cadence>
						<Extensions>
							<ns3:TPX>
								<ns3:Speed>1.329790</ns3:Speed>
							</ns3:TPX>
						</Extensions>
					</Trackpoint>
					<Trackpoint>
						<Time>2569-05-08T14:34:21Z</Time>
						<Position>
							<LatitudeDegrees>9.144074</LatitudeDegrees>
							<LongitudeDegrees>99.328165</LongitudeDegrees>
						</Position>
						<AltitudeMeters>8.530000</AltitudeMeters>
						<HeartRateBpm>
							<Value>112</Value>
						</HeartRateBpm>
						<Cadence>56</Cadence>
						<Extensions>
							<ns3:TPX>
								<ns3:Speed>1.310620</ns3:Speed>
							</ns3:TPX>
						</Extensions>
					</Trackpoint>
					<Trackpoint>
						<Time>2569-05-08T14:34:23Z</Time>
						<Position>
							<LatitudeDegrees>9.144081</LatitudeDegrees>
							<LongitudeDegrees>99.328156</LongitudeDegrees>
						</Position>
						<AltitudeMeters>8.530000</AltitudeMeters>
						<HeartRateBpm>
							<Value>112</Value>
						</HeartRateBpm>
						<Cadence>56</Cadence>
						<Extensions>
							<ns3:TPX>
								<ns3:Speed>1.265820</ns3:Speed>
							</ns3:TPX>
						</Extensions>
					</Trackpoint>
					<Trackpoint>
						<Time>2569-05-08T14:34:24Z</Time>
						<Position>
							<LatitudeDegrees>9.144086</LatitudeDegrees>
							<LongitudeDegrees>99.328149</LongitudeDegrees>
						</Position>
						<AltitudeMeters>8.520000</AltitudeMeters>
						<HeartRateBpm>
							<Value>112</Value>
						</HeartRateBpm>
						<Cadence>56</Cadence>
						<Extensions>
							<ns3:TPX>
								<ns3:Speed>1.219510</ns3:Speed>
							</ns3:TPX>
						</Extensions>
					</Trackpoint>
					<Trackpoint>
						<Time>2569-05-08T14:34:25Z</Time>
						<Position>
							<LatitudeDegrees>9.144091</LatitudeDegrees>
							<LongitudeDegrees>99.328141</LongitudeDegrees>
						</Position>
						<AltitudeMeters>8.500000</AltitudeMeters>
						<HeartRateBpm>
							<Value>111</Value>
						</HeartRateBpm>
						<Cadence>55</Cadence>
						<Extensions>
							<ns3:TPX>
								<ns3:Speed>1.173710</ns3:Speed>
							</ns3:TPX>
						</Extensions>
					</Trackpoint>
					<Trackpoint>
						<Time>2569-05-08T14:34:26Z</Time>
						<Position>
							<LatitudeDegrees>9.144095</LatitudeDegrees>
							<LongitudeDegrees>99.328135</LongitudeDegrees>
						</Position>
						<AltitudeMeters>8.510000</AltitudeMeters>
						<HeartRateBpm>
							<Value>111</Value>
						</HeartRateBpm>
						<Cadence>55</Cadence>
						<Extensions>
							<ns3:TPX>
								<ns3:Speed>1.113590</ns3:Speed>
							</ns3:TPX>
						</Extensions>
					</Trackpoint>
					<Trackpoint>
						<Time>2569-05-08T14:34:27Z</Time>
						<Position>
							<LatitudeDegrees>9.144103</LatitudeDegrees>
							<LongitudeDegrees>99.328121</LongitudeDegrees>
						</Position>
						<AltitudeMeters>8.490000</AltitudeMeters>
						<HeartRateBpm>
							<Value>111</Value>
						</HeartRateBpm>
						<Cadence>54</Cadence>
						<Extensions>
							<ns3:TPX>
								<ns3:Speed>1.043840</ns3:Speed>
							</ns3:TPX>
						</Extensions>
					</Trackpoint>
					<Trackpoint>
						<Time>2569-05-08T14:34:27Z</Time>
						<Position>
							<LatitudeDegrees>9.144103</LatitudeDegrees>
							<LongitudeDegrees>99.328121</LongitudeDegrees>
						</Position>
						<AltitudeMeters>8.490000</AltitudeMeters>
						<HeartRateBpm>
							<Value>111</Value>
						</HeartRateBpm>
						<Cadence>54</Cadence>
						<Extensions>
							<ns3:TPX>
								<ns3:Speed>1.043840</ns3:Speed>
							</ns3:TPX>
						</Extensions>
					</Trackpoint>
					<Trackpoint>
						<Time>2569-05-08T14:34:28Z</Time>
						<Position>
							<LatitudeDegrees>9.144106</LatitudeDegrees>
							<LongitudeDegrees>99.328115</LongitudeDegrees>
						</Position>
						<AltitudeMeters>8.480000</AltitudeMeters>
						<HeartRateBpm>
							<Value>111</Value>
						</HeartRateBpm>
						<Cadence>54</Cadence>
						<Extensions>
							<ns3:TPX>
								<ns3:Speed>0.977520</ns3:Speed>
							</ns3:TPX>
						</Extensions>
					</Trackpoint>
					<Trackpoint>
						<Time>2569-05-08T14:34:29Z</Time>
						<Position>
							<LatitudeDegrees>9.144109</LatitudeDegrees>
							<LongitudeDegrees>99.328110</LongitudeDegrees>
						</Position>
						<AltitudeMeters>8.480000</AltitudeMeters>
						<HeartRateBpm>
							<Value>111</Value>
						</HeartRateBpm>
						<Cadence>53</Cadence>
						<Extensions>
							<ns3:TPX>
								<ns3:Speed>0.920810</ns3:Speed>
							</ns3:TPX>
						</Extensions>
					</Trackpoint>
					<Trackpoint>
						<Time>2569-05-08T14:34:30Z</Time>
						<Position>
							<LatitudeDegrees>9.144112</LatitudeDegrees>
							<LongitudeDegrees>99.328103</LongitudeDegrees>
						</Position>
						<AltitudeMeters>8.480000</AltitudeMeters>
						<HeartRateBpm>
							<Value>110</Value>
						</HeartRateBpm>
						<Cadence>52</Cadence>
						<Extensions>
							<ns3:TPX>
								<ns3:Speed>0.877960</ns3:Speed>
							</ns3:TPX>
						</Extensions>
					</Trackpoint>
					<Trackpoint>
						<Time>2569-05-08T14:34:31Z</Time>
						<Position>
							<LatitudeDegrees>9.144117</LatitudeDegrees>
							<LongitudeDegrees>99.328095</LongitudeDegrees>
						</Position>
						<AltitudeMeters>8.470000</AltitudeMeters>
						<HeartRateBpm>
							<Value>110</Value>
						</HeartRateBpm>
						<Cadence>52</Cadence>
						<Extensions>
							<ns3:TPX>
								<ns3:Speed>0.827130</ns3:Speed>
							</ns3:TPX>
						</Extensions>
					</Trackpoint>
					<Trackpoint>
						<Time>2569-05-08T14:34:32Z</Time>
						<Position>
							<LatitudeDegrees>9.144123</LatitudeDegrees>
							<LongitudeDegrees>99.328085</LongitudeDegrees>
						</Position>
						<AltitudeMeters>8.470000</AltitudeMeters>
						<HeartRateBpm>
							<Value>110</Value>
						</HeartRateBpm>
						<Cadence>51</Cadence>
						<Extensions>
							<ns3:TPX>
								<ns3:Speed>0.800640</ns3:Speed>
							</ns3:TPX>
						</Extensions>
					</Trackpoint>
					<Trackpoint>
						<Time>2569-05-08T14:34:34Z</Time>
						<Position>
							<LatitudeDegrees>9.144127</LatitudeDegrees>
							<LongitudeDegrees>99.328074</LongitudeDegrees>
						</Position>
						<AltitudeMeters>8.460000</AltitudeMeters>
						<HeartRateBpm>
							<Value>111</Value>
						</HeartRateBpm>
						<Cadence>50</Cadence>
						<Extensions>
							<ns3:TPX>
								<ns3:Speed>0.802570</ns3:Speed>
							</ns3:TPX>
						</Extensions>
					</Trackpoint>
					<Trackpoint>
						<Time>2569-05-08T14:34:35Z</Time>
						<Position>
							<LatitudeDegrees>9.144132</LatitudeDegrees>
							<LongitudeDegrees>99.328064</LongitudeDegrees>
						</Position>
						<AltitudeMeters>8.450000</AltitudeMeters>
						<HeartRateBpm>
							<Value>111</Value>
						</HeartRateBpm>
						<Cadence>51</Cadence>
						<Extensions>
							<ns3:TPX>
								<ns3:Speed>0.739640</ns3:Speed>
							</ns3:TPX>
						</Extensions>
					</Trackpoint>
					<Trackpoint>
						<Time>2569-05-08T14:34:36Z</Time>
						<Position>
							<LatitudeDegrees>9.144142</LatitudeDegrees>
							<LongitudeDegrees>99.328044</LongitudeDegrees>
						</Position>
						<AltitudeMeters>8.430000</AltitudeMeters>
						<HeartRateBpm>
							<Value>112</Value>
						</HeartRateBpm>
						<Cadence>52</Cadence>
						<Extensions>
							<ns3:TPX>
								<ns3:Speed>0.686340</ns3:Speed>
							</ns3:TPX>
						</Extensions>
					</Trackpoint>
					<Trackpoint>
						<Time>2569-05-08T14:34:36Z</Time>
						<Position>
							<LatitudeDegrees>9.144142</LatitudeDegrees>
							<LongitudeDegrees>99.328044</LongitudeDegrees>
						</Position>
						<AltitudeMeters>8.430000</AltitudeMeters>
						<HeartRateBpm>
							<Value>112</Value>
						</HeartRateBpm>
						<Cadence>52</Cadence>
						<Extensions>
							<ns3:TPX>
								<ns3:Speed>0.686340</ns3:Speed>
							</ns3:TPX>
						</Extensions>
					</Trackpoint>
					<Trackpoint>
						<Time>2569-05-08T14:34:37Z</Time>
						<Position>
							<LatitudeDegrees>9.144148</LatitudeDegrees>
							<LongitudeDegrees>99.328032</LongitudeDegrees>
						</Position>
						<AltitudeMeters>8.420000</AltitudeMeters>
						<HeartRateBpm>
							<Value>112</Value>
						</HeartRateBpm>
						<Cadence>54</Cadence>
						<Extensions>
							<ns3:TPX>
								<ns3:Speed>0.699790</ns3:Speed>
							</ns3:TPX>
						</Extensions>
					</Trackpoint>
					<Trackpoint>
						<Time>2569-05-08T14:34:38Z</Time>
						<Position>
							<LatitudeDegrees>9.144153</LatitudeDegrees>
							<LongitudeDegrees>99.328022</LongitudeDegrees>
						</Position>
						<AltitudeMeters>8.420000</AltitudeMeters>
						<HeartRateBpm>
							<Value>111</Value>
						</HeartRateBpm>
						<Cadence>55</Cadence>
						<Extensions>
							<ns3:TPX>
								<ns3:Speed>0.703230</ns3:Speed>
							</ns3:TPX>
						</Extensions>
					</Trackpoint>
					<Trackpoint>
						<Time>2569-05-08T14:34:39Z</Time>
						<Position>
							<LatitudeDegrees>9.144161</LatitudeDegrees>
							<LongitudeDegrees>99.328010</LongitudeDegrees>
						</Position>
						<AltitudeMeters>8.390000</AltitudeMeters>
						<HeartRateBpm>
							<Value>111</Value>
						</HeartRateBpm>
						<Cadence>55</Cadence>
						<Extensions>
							<ns3:TPX>
								<ns3:Speed>0.699300</ns3:Speed>
							</ns3:TPX>
						</Extensions>
					</Trackpoint>
					<Trackpoint>
						<Time>2569-05-08T14:34:40Z</Time>
						<Position>
							<LatitudeDegrees>9.144171</LatitudeDegrees>
							<LongitudeDegrees>99.327999</LongitudeDegrees>
						</Position>
						<AltitudeMeters>8.390000</AltitudeMeters>
						<HeartRateBpm>
							<Value>112</Value>
						</HeartRateBpm>
						<Cadence>56</Cadence>
						<Extensions>
							<ns3:TPX>
								<ns3:Speed>0.702250</ns3:Speed>
							</ns3:TPX>
						</Extensions>
					</Trackpoint>
					<Trackpoint>
						<Time>2569-05-08T14:34:42Z</Time>
						<Position>
							<LatitudeDegrees>9.144191</LatitudeDegrees>
							<LongitudeDegrees>99.327977</LongitudeDegrees>
						</Position>
						<AltitudeMeters>8.350000</AltitudeMeters>
						<HeartRateBpm>
							<Value>113</Value>
						</HeartRateBpm>
						<Cadence>56</Cadence>
						<Extensions>
							<ns3:TPX>
								<ns3:Speed>0.710230</ns3:Speed>
							</ns3:TPX>
						</Extensions>
					</Trackpoint>
					<Trackpoint>
						<Time>2569-05-08T14:34:42Z</Time>
						<Position>
							<LatitudeDegrees>9.144191</LatitudeDegrees>
							<LongitudeDegrees>99.327977</LongitudeDegrees>
						</Position>
						<AltitudeMeters>8.350000</AltitudeMeters>
						<HeartRateBpm>
							<Value>113</Value>
						</HeartRateBpm>
						<Cadence>56</Cadence>
						<Extensions>
							<ns3:TPX>
								<ns3:Speed>0.710230</ns3:Speed>
							</ns3:TPX>
						</Extensions>
					</Trackpoint>
					<Trackpoint>
						<Time>2569-05-08T14:34:43Z</Time>
						<Position>
							<LatitudeDegrees>9.144201</LatitudeDegrees>
							<LongitudeDegrees>99.327968</LongitudeDegrees>
						</Position>
						<AltitudeMeters>8.330000</AltitudeMeters>
						<HeartRateBpm>
							<Value>114</Value>
						</HeartRateBpm>
						<Cadence>56</Cadence>
						<Extensions>
							<ns3:TPX>
								<ns3:Speed>0.715820</ns3:Speed>
							</ns3:TPX>
						</Extensions>
					</Trackpoint>
					<Trackpoint>
						<Time>2569-05-08T14:34:44Z</Time>
						<Position>
							<LatitudeDegrees>9.144211</LatitudeDegrees>
							<LongitudeDegrees>99.327956</LongitudeDegrees>
						</Position>
						<AltitudeMeters>8.320000</AltitudeMeters>
						<HeartRateBpm>
							<Value>114</Value>
						</HeartRateBpm>
						<Cadence>56</Cadence>
						<Extensions>
							<ns3:TPX>
								<ns3:Speed>0.725160</ns3:Speed>
							</ns3:TPX>
						</Extensions>
					</Trackpoint>
					<Trackpoint>
						<Time>2569-05-08T14:34:45Z</Time>
						<Position>
							<LatitudeDegrees>9.144219</LatitudeDegrees>
							<LongitudeDegrees>99.327946</LongitudeDegrees>
						</Position>
						<AltitudeMeters>8.310000</AltitudeMeters>
						<HeartRateBpm>
							<Value>116</Value>
						</HeartRateBpm>
						<Cadence>56</Cadence>
						<Extensions>
							<ns3:TPX>
								<ns3:Speed>0.734750</ns3:Speed>
							</ns3:TPX>
						</Extensions>
					</Trackpoint>
					<Trackpoint>
						<Time>2569-05-08T14:34:46Z</Time>
						<Position>
							<LatitudeDegrees>9.144227</LatitudeDegrees>
							<LongitudeDegrees>99.327936</LongitudeDegrees>
						</Position>
						<AltitudeMeters>8.300000</AltitudeMeters>
						<HeartRateBpm>
							<Value>117</Value>
						</HeartRateBpm>
						<Cadence>56</Cadence>
						<Extensions>
							<ns3:TPX>
								<ns3:Speed>0.741290</ns3:Speed>
							</ns3:TPX>
						</Extensions>
					</Trackpoint>
					<Trackpoint>
						<Time>2569-05-08T14:34:47Z</Time>
						<Position>
							<LatitudeDegrees>9.144237</LatitudeDegrees>
							<LongitudeDegrees>99.327923</LongitudeDegrees>
						</Position>
						<AltitudeMeters>8.300000</AltitudeMeters>
						<HeartRateBpm>
							<Value>117</Value>
						</HeartRateBpm>
						<Cadence>56</Cadence>
						<Extensions>
							<ns3:TPX>
								<ns3:Speed>0.749060</ns3:Speed>
							</ns3:TPX>
						</Extensions>
					</Trackpoint>
					<Trackpoint>
						<Time>2569-05-08T14:34:48Z</Time>
						<Position>
							<LatitudeDegrees>9.144247</LatitudeDegrees>
							<LongitudeDegrees>99.327914</LongitudeDegrees>
						</Position>
						<AltitudeMeters>8.290000</AltitudeMeters>
						<HeartRateBpm>
							<Value>117</Value>
						</HeartRateBpm>
						<Cadence>56</Cadence>
						<Extensions>
							<ns3:TPX>
								<ns3:Speed>0.759880</ns3:Speed>
							</ns3:TPX>
						</Extensions>
					</Trackpoint>
					<Trackpoint>
						<Time>2569-05-08T14:34:50Z</Time>
						<Position>
							<LatitudeDegrees>9.144271</LatitudeDegrees>
							<LongitudeDegrees>99.327892</LongitudeDegrees>
						</Position>
						<AltitudeMeters>8.290000</AltitudeMeters>
						<HeartRateBpm>
							<Value>117</Value>
						</HeartRateBpm>
						<Cadence>56</Cadence>
						<Extensions>
							<ns3:TPX>
								<ns3:Speed>0.786160</ns3:Speed>
							</ns3:TPX>
						</Extensions>
					</Trackpoint>
					<Trackpoint>
						<Time>2569-05-08T14:34:50Z</Time>
						<Position>
							<LatitudeDegrees>9.144271</LatitudeDegrees>
							<LongitudeDegrees>99.327892</LongitudeDegrees>
						</Position>
						<AltitudeMeters>8.290000</AltitudeMeters>
						<HeartRateBpm>
							<Value>117</Value>
						</HeartRateBpm>
						<Cadence>56</Cadence>
						<Extensions>
							<ns3:TPX>
								<ns3:Speed>0.786160</ns3:Speed>
							</ns3:TPX>
						</Extensions>
					</Trackpoint>
					<Trackpoint>
						<Time>2569-05-08T14:34:51Z</Time>
						<Position>
							<LatitudeDegrees>9.144283</LatitudeDegrees>
							<LongitudeDegrees>99.327881</LongitudeDegrees>
						</Position>
						<AltitudeMeters>8.300000</AltitudeMeters>
						<HeartRateBpm>
							<Value>116</Value>
						</HeartRateBpm>
						<Cadence>56</Cadence>
						<Extensions>
							<ns3:TPX>
								<ns3:Speed>0.801920</ns3:Speed>
							</ns3:TPX>
						</Extensions>
					</Trackpoint>
					<Trackpoint>
						<Time>2569-05-08T14:34:52Z</Time>
						<Position>
							<LatitudeDegrees>9.144295</LatitudeDegrees>
							<LongitudeDegrees>99.327869</LongitudeDegrees>
						</Position>
						<AltitudeMeters>8.300000</AltitudeMeters>
						<HeartRateBpm>
							<Value>116</Value>
						</HeartRateBpm>
						<Cadence>56</Cadence>
						<Extensions>
							<ns3:TPX>
								<ns3:Speed>0.819670</ns3:Speed>
							</ns3:TPX>
						</Extensions>
					</Trackpoint>
					<Trackpoint>
						<Time>2569-05-08T14:34:53Z</Time>
						<Position>
							<LatitudeDegrees>9.144307</LatitudeDegrees>
							<LongitudeDegrees>99.327857</LongitudeDegrees>
						</Position>
						<AltitudeMeters>8.310000</AltitudeMeters>
						<HeartRateBpm>
							<Value>116</Value>
						</HeartRateBpm>
						<Cadence>56</Cadence>
						<Extensions>
							<ns3:TPX>
								<ns3:Speed>0.838220</ns3:Speed>
							</ns3:TPX>
						</Extensions>
					</Trackpoint>
					<Trackpoint>
						<Time>2569-05-08T14:34:54Z</Time>
						<Position>
							<LatitudeDegrees>9.144318</LatitudeDegrees>
							<LongitudeDegrees>99.327844</LongitudeDegrees>
						</Position>
						<AltitudeMeters>8.320000</AltitudeMeters>
						<HeartRateBpm>
							<Value>116</Value>
						</HeartRateBpm>
						<Cadence>56</Cadence>
						<Extensions>
							<ns3:TPX>
								<ns3:Speed>0.856160</ns3:Speed>
							</ns3:TPX>
						</Extensions>
					</Trackpoint>
					<Trackpoint>
						<Time>2569-05-08T14:34:56Z</Time>
						<Position>
							<LatitudeDegrees>9.144326</LatitudeDegrees>
							<LongitudeDegrees>99.327832</LongitudeDegrees>
						</Position>
						<AltitudeMeters>8.340000</AltitudeMeters>
						<HeartRateBpm>
							<Value>116</Value>
						</HeartRateBpm>
						<Cadence>56</Cadence>
						<Extensions>
							<ns3:TPX>
								<ns3:Speed>0.888890</ns3:Speed>
							</ns3:TPX>
						</Extensions>
					</Trackpoint>
					<Trackpoint>
						<Time>2569-05-08T14:34:57Z</Time>
						<Position>
							<LatitudeDegrees>9.144332</LatitudeDegrees>
							<LongitudeDegrees>99.327819</LongitudeDegrees>
						</Position>
						<AltitudeMeters>8.350000</AltitudeMeters>
						<HeartRateBpm>
							<Value>117</Value>
						</HeartRateBpm>
						<Cadence>56</Cadence>
						<Extensions>
							<ns3:TPX>
								<ns3:Speed>0.904160</ns3:Speed>
							</ns3:TPX>
						</Extensions>
					</Trackpoint>
					<Trackpoint>
						<Time>2569-05-08T14:34:58Z</Time>
						<Position>
							<LatitudeDegrees>9.144339</LatitudeDegrees>
							<LongitudeDegrees>99.327806</LongitudeDegrees>
						</Position>
						<AltitudeMeters>8.350000</AltitudeMeters>
						<HeartRateBpm>
							<Value>117</Value>
						</HeartRateBpm>
						<Cadence>56</Cadence>
						<Extensions>
							<ns3:TPX>
								<ns3:Speed>0.919120</ns3:Speed>
							</ns3:TPX>
						</Extensions>
					</Trackpoint>
					<Trackpoint>
						<Time>2569-05-08T14:34:59Z</Time>
						<Position>
							<LatitudeDegrees>9.144346</LatitudeDegrees>
							<LongitudeDegrees>99.327791</LongitudeDegrees>
						</Position>
						<AltitudeMeters>8.350000</AltitudeMeters>
						<HeartRateBpm>
							<Value>116</Value>
						</HeartRateBpm>
						<Cadence>57</Cadence>
						<Extensions>
							<ns3:TPX>
								<ns3:Speed>0.934580</ns3:Speed>
							</ns3:TPX>
						</Extensions>
					</Trackpoint>
					<Trackpoint>
						<Time>2569-05-08T14:35:00Z</Time>
						<Position>
							<LatitudeDegrees>9.144358</LatitudeDegrees>
							<LongitudeDegrees>99.327759</LongitudeDegrees>
						</Position>
						<AltitudeMeters>8.360000</AltitudeMeters>
						<HeartRateBpm>
							<Value>116</Value>
						</HeartRateBpm>
						<Cadence>57</Cadence>
						<Extensions>
							<ns3:TPX>
								<ns3:Speed>0.949670</ns3:Speed>
							</ns3:TPX>
						</Extensions>
					</Trackpoint>
					<Trackpoint>
						<Time>2569-05-08T14:35:00Z</Time>
						<Position>
							<LatitudeDegrees>9.144358</LatitudeDegrees>
							<LongitudeDegrees>99.327759</LongitudeDegrees>
						</Position>
						<AltitudeMeters>8.360000</AltitudeMeters>
						<HeartRateBpm>
							<Value>116</Value>
						</HeartRateBpm>
						<Cadence>57</Cadence>
						<Extensions>
							<ns3:TPX>
								<ns3:Speed>0.949670</ns3:Speed>
							</ns3:TPX>
						</Extensions>
					</Trackpoint>
					<Trackpoint>
						<Time>2569-05-08T14:35:01Z</Time>
						<Position>
							<LatitudeDegrees>9.144364</LatitudeDegrees>
							<LongitudeDegrees>99.327745</LongitudeDegrees>
						</Position>
						<AltitudeMeters>8.360000</AltitudeMeters>
						<HeartRateBpm>
							<Value>116</Value>
						</HeartRateBpm>
						<Cadence>56</Cadence>
						<Extensions>
							<ns3:TPX>
								<ns3:Speed>0.964320</ns3:Speed>
							</ns3:TPX>
						</Extensions>
					</Trackpoint>
					<Trackpoint>
						<Time>2569-05-08T14:35:02Z</Time>
						<Position>
							<LatitudeDegrees>9.144372</LatitudeDegrees>
							<LongitudeDegrees>99.327732</LongitudeDegrees>
						</Position>
						<AltitudeMeters>8.360000</AltitudeMeters>
						<HeartRateBpm>
							<Value>116</Value>
						</HeartRateBpm>
						<Cadence>56</Cadence>
						<Extensions>
							<ns3:TPX>
								<ns3:Speed>0.982320</ns3:Speed>
							</ns3:TPX>
						</Extensions>
					</Trackpoint>
					<Trackpoint>
						<Time>2569-05-08T14:35:03Z</Time>
						<Position>
							<LatitudeDegrees>9.144381</LatitudeDegrees>
							<LongitudeDegrees>99.327720</LongitudeDegrees>
						</Position>
						<AltitudeMeters>8.360000</AltitudeMeters>
						<HeartRateBpm>
							<Value>116</Value>
						</HeartRateBpm>
						<Cadence>56</Cadence>
						<Extensions>
							<ns3:TPX>
								<ns3:Speed>1.158750</ns3:Speed>
							</ns3:TPX>
						</Extensions>
					</Trackpoint>
					<Trackpoint>
						<Time>2569-05-08T14:35:04Z</Time>
						<Position>
							<LatitudeDegrees>9.144390</LatitudeDegrees>
							<LongitudeDegrees>99.327708</LongitudeDegrees>
						</Position>
						<AltitudeMeters>8.360000</AltitudeMeters>
						<HeartRateBpm>
							<Value>116</Value>
						</HeartRateBpm>
						<Cadence>55</Cadence>
						<Extensions>
							<ns3:TPX>
								<ns3:Speed>1.322750</ns3:Speed>
							</ns3:TPX>
						</Extensions>
					</Trackpoint>
					<Trackpoint>
						<Time>2569-05-08T14:35:06Z</Time>
						<Position>
							<LatitudeDegrees>9.144405</LatitudeDegrees>
							<LongitudeDegrees>99.327686</LongitudeDegrees>
						</Position>
						<AltitudeMeters>8.360000</AltitudeMeters>
						<HeartRateBpm>
							<Value>115</Value>
						</HeartRateBpm>
						<Cadence>56</Cadence>
						<Extensions>
							<ns3:TPX>
								<ns3:Speed>1.412430</ns3:Speed>
							</ns3:TPX>
						</Extensions>
					</Trackpoint>
					<Trackpoint>
						<Time>2569-05-08T14:35:06Z</Time>
						<Position>
							<LatitudeDegrees>9.144405</LatitudeDegrees>
							<LongitudeDegrees>99.327686</LongitudeDegrees>
						</Position>
						<AltitudeMeters>8.360000</AltitudeMeters>
						<HeartRateBpm>
							<Value>115</Value>
						</HeartRateBpm>
						<Cadence>56</Cadence>
						<Extensions>
							<ns3:TPX>
								<ns3:Speed>1.412430</ns3:Speed>
							</ns3:TPX>
						</Extensions>
					</Trackpoint>
					<Trackpoint>
						<Time>2569-05-08T14:35:07Z</Time>
						<Position>
							<LatitudeDegrees>9.144413</LatitudeDegrees>
							<LongitudeDegrees>99.327674</LongitudeDegrees>
						</Position>
						<AltitudeMeters>8.360000</AltitudeMeters>
						<HeartRateBpm>
							<Value>114</Value>
						</HeartRateBpm>
						<Cadence>57</Cadence>
						<Extensions>
							<ns3:TPX>
								<ns3:Speed>1.494770</ns3:Speed>
							</ns3:TPX>
						</Extensions>
					</Trackpoint>
					<Trackpoint>
						<Time>2569-05-08T14:35:09Z</Time>
						<Position>
							<LatitudeDegrees>9.144421</LatitudeDegrees>
							<LongitudeDegrees>99.327662</LongitudeDegrees>
						</Position>
						<AltitudeMeters>8.350000</AltitudeMeters>
						<HeartRateBpm>
							<Value>114</Value>
						</HeartRateBpm>
						<Cadence>58</Cadence>
						<Extensions>
							<ns3:TPX>
								<ns3:Speed>1.483680</ns3:Speed>
							</ns3:TPX>
						</Extensions>
					</Trackpoint>
					<Trackpoint>
						<Time>2569-05-08T14:35:10Z</Time>
						<Position>
							<LatitudeDegrees>9.144430</LatitudeDegrees>
							<LongitudeDegrees>99.327651</LongitudeDegrees>
						</Position>
						<AltitudeMeters>8.350000</AltitudeMeters>
						<HeartRateBpm>
							<Value>114</Value>
						</HeartRateBpm>
						<Cadence>58</Cadence>
						<Extensions>
							<ns3:TPX>
								<ns3:Speed>1.481480</ns3:Speed>
							</ns3:TPX>
						</Extensions>
					</Trackpoint>
					<Trackpoint>
						<Time>2569-05-08T14:35:11Z</Time>
						<Position>
							<LatitudeDegrees>9.144438</LatitudeDegrees>
							<LongitudeDegrees>99.327640</LongitudeDegrees>
						</Position>
						<AltitudeMeters>8.350000</AltitudeMeters>
						<HeartRateBpm>
							<Value>113</Value>
						</HeartRateBpm>
						<Cadence>58</Cadence>
						<Extensions>
							<ns3:TPX>
								<ns3:Speed>1.474930</ns3:Speed>
							</ns3:TPX>
						</Extensions>
					</Trackpoint>
					<Trackpoint>
						<Time>2569-05-08T14:35:12Z</Time>
						<Position>
							<LatitudeDegrees>9.144447</LatitudeDegrees>
							<LongitudeDegrees>99.327629</LongitudeDegrees>
						</Position>
						<AltitudeMeters>8.340000</AltitudeMeters>
						<HeartRateBpm>
							<Value>113</Value>
						</HeartRateBpm>
						<Cadence>57</Cadence>
						<Extensions>
							<ns3:TPX>
								<ns3:Speed>1.457730</ns3:Speed>
							</ns3:TPX>
						</Extensions>
					</Trackpoint>
					<Trackpoint>
						<Time>2569-05-08T14:35:13Z</Time>
						<Position>
							<LatitudeDegrees>9.144456</LatitudeDegrees>
							<LongitudeDegrees>99.327619</LongitudeDegrees>
						</Position>
						<AltitudeMeters>8.340000</AltitudeMeters>
						<HeartRateBpm>
							<Value>111</Value>
						</HeartRateBpm>
						<Cadence>57</Cadence>
						<Extensions>
							<ns3:TPX>
								<ns3:Speed>1.455600</ns3:Speed>
							</ns3:TPX>
						</Extensions>
					</Trackpoint>
					<Trackpoint>
						<Time>2569-05-08T14:35:14Z</Time>
						<Position>
							<LatitudeDegrees>9.144465</LatitudeDegrees>
							<LongitudeDegrees>99.327609</LongitudeDegrees>
						</Position>
						<AltitudeMeters>8.320000</AltitudeMeters>
						<HeartRateBpm>
							<Value>111</Value>
						</HeartRateBpm>
						<Cadence>57</Cadence>
						<Extensions>
							<ns3:TPX>
								<ns3:Speed>1.461990</ns3:Speed>
							</ns3:TPX>
						</Extensions>
					</Trackpoint>
					<Trackpoint>
						<Time>2569-05-08T14:35:15Z</Time>
						<Position>
							<LatitudeDegrees>9.144474</LatitudeDegrees>
							<LongitudeDegrees>99.327598</LongitudeDegrees>
						</Position>
						<AltitudeMeters>8.310000</AltitudeMeters>
						<HeartRateBpm>
							<Value>110</Value>
						</HeartRateBpm>
						<Cadence>57</Cadence>
						<Extensions>
							<ns3:TPX>
								<ns3:Speed>1.464130</ns3:Speed>
							</ns3:TPX>
						</Extensions>
					</Trackpoint>
					<Trackpoint>
						<Time>2569-05-08T14:35:16Z</Time>
						<Position>
							<LatitudeDegrees>9.144485</LatitudeDegrees>
							<LongitudeDegrees>99.327588</LongitudeDegrees>
						</Position>
						<AltitudeMeters>8.300000</AltitudeMeters>
						<HeartRateBpm>
							<Value>110</Value>
						</HeartRateBpm>
						<Cadence>57</Cadence>
						<Extensions>
							<ns3:TPX>
								<ns3:Speed>1.464130</ns3:Speed>
							</ns3:TPX>
						</Extensions>
					</Trackpoint>
					<Trackpoint>
						<Time>2569-05-08T14:35:17Z</Time>
						<Position>
							<LatitudeDegrees>9.144494</LatitudeDegrees>
							<LongitudeDegrees>99.327578</LongitudeDegrees>
						</Position>
						<AltitudeMeters>8.300000</AltitudeMeters>
						<HeartRateBpm>
							<Value>110</Value>
						</HeartRateBpm>
						<Cadence>57</Cadence>
						<Extensions>
							<ns3:TPX>
								<ns3:Speed>1.457730</ns3:Speed>
							</ns3:TPX>
						</Extensions>
					</Trackpoint>
					<Trackpoint>
						<Time>2569-05-08T14:35:18Z</Time>
						<Position>
							<LatitudeDegrees>9.144508</LatitudeDegrees>
							<LongitudeDegrees>99.327572</LongitudeDegrees>
						</Position>
						<AltitudeMeters>8.280000</AltitudeMeters>
						<HeartRateBpm>
							<Value>110</Value>
						</HeartRateBpm>
						<Cadence>57</Cadence>
						<Extensions>
							<ns3:TPX>
								<ns3:Speed>1.455600</ns3:Speed>
							</ns3:TPX>
						</Extensions>
					</Trackpoint>
					<Trackpoint>
						<Time>2569-05-08T14:35:19Z</Time>
						<Position>
							<LatitudeDegrees>9.144519</LatitudeDegrees>
							<LongitudeDegrees>99.327564</LongitudeDegrees>
						</Position>
						<AltitudeMeters>8.270000</AltitudeMeters>
						<HeartRateBpm>
							<Value>110</Value>
						</HeartRateBpm>
						<Cadence>57</Cadence>
						<Extensions>
							<ns3:TPX>
								<ns3:Speed>1.461990</ns3:Speed>
							</ns3:TPX>
						</Extensions>
					</Trackpoint>
					<Trackpoint>
						<Time>2569-05-08T14:35:20Z</Time>
						<Position>
							<LatitudeDegrees>9.144540</LatitudeDegrees>
							<LongitudeDegrees>99.327546</LongitudeDegrees>
						</Position>
						<AltitudeMeters>8.250000</AltitudeMeters>
						<HeartRateBpm>
							<Value>110</Value>
						</HeartRateBpm>
						<Cadence>57</Cadence>
						<Extensions>
							<ns3:TPX>
								<ns3:Speed>1.468430</ns3:Speed>
							</ns3:TPX>
						</Extensions>
					</Trackpoint>
					<Trackpoint>
						<Time>2569-05-08T14:35:20Z</Time>
						<Position>
							<LatitudeDegrees>9.144540</LatitudeDegrees>
							<LongitudeDegrees>99.327546</LongitudeDegrees>
						</Position>
						<AltitudeMeters>8.250000</AltitudeMeters>
						<HeartRateBpm>
							<Value>110</Value>
						</HeartRateBpm>
						<Cadence>57</Cadence>
						<Extensions>
							<ns3:TPX>
								<ns3:Speed>1.468430</ns3:Speed>
							</ns3:TPX>
						</Extensions>
					</Trackpoint>
					<Trackpoint>
						<Time>2569-05-08T14:35:21Z</Time>
						<Position>
							<LatitudeDegrees>9.144548</LatitudeDegrees>
							<LongitudeDegrees>99.327537</LongitudeDegrees>
						</Position>
						<AltitudeMeters>8.240000</AltitudeMeters>
						<HeartRateBpm>
							<Value>110</Value>
						</HeartRateBpm>
						<Cadence>57</Cadence>
						<Extensions>
							<ns3:TPX>
								<ns3:Speed>1.470590</ns3:Speed>
							</ns3:TPX>
						</Extensions>
					</Trackpoint>
					<Trackpoint>
						<Time>2569-05-08T14:35:22Z</Time>
						<Position>
							<LatitudeDegrees>9.144556</LatitudeDegrees>
							<LongitudeDegrees>99.327527</LongitudeDegrees>
						</Position>
						<AltitudeMeters>8.240000</AltitudeMeters>
						<HeartRateBpm>
							<Value>110</Value>
						</HeartRateBpm>
						<Cadence>57</Cadence>
						<Extensions>
							<ns3:TPX>
								<ns3:Speed>1.459850</ns3:Speed>
							</ns3:TPX>
						</Extensions>
					</Trackpoint>
					<Trackpoint>
						<Time>2569-05-08T14:35:23Z</Time>
						<Position>
							<LatitudeDegrees>9.144563</LatitudeDegrees>
							<LongitudeDegrees>99.327517</LongitudeDegrees>
						</Position>
						<AltitudeMeters>8.240000</AltitudeMeters>
						<HeartRateBpm>
							<Value>110</Value>
						</HeartRateBpm>
						<Cadence>57</Cadence>
						<Extensions>
							<ns3:TPX>
								<ns3:Speed>1.438850</ns3:Speed>
							</ns3:TPX>
						</Extensions>
					</Trackpoint>
					<Trackpoint>
						<Time>2569-05-08T14:35:24Z</Time>
						<Position>
							<LatitudeDegrees>9.144570</LatitudeDegrees>
							<LongitudeDegrees>99.327507</LongitudeDegrees>
						</Position>
						<AltitudeMeters>8.240000</AltitudeMeters>
						<HeartRateBpm>
							<Value>109</Value>
						</HeartRateBpm>
						<Cadence>57</Cadence>
						<Extensions>
							<ns3:TPX>
								<ns3:Speed>1.422480</ns3:Speed>
							</ns3:TPX>
						</Extensions>
					</Trackpoint>
					<Trackpoint>
						<Time>2569-05-08T14:35:26Z</Time>
						<Position>
							<LatitudeDegrees>9.144578</LatitudeDegrees>
							<LongitudeDegrees>99.327496</LongitudeDegrees>
						</Position>
						<AltitudeMeters>8.240000</AltitudeMeters>
						<HeartRateBpm>
							<Value>109</Value>
						</HeartRateBpm>
						<Cadence>57</Cadence>
						<Extensions>
							<ns3:TPX>
								<ns3:Speed>1.394700</ns3:Speed>
							</ns3:TPX>
						</Extensions>
					</Trackpoint>
					<Trackpoint>
						<Time>2569-05-08T14:35:27Z</Time>
						<Position>
							<LatitudeDegrees>9.144590</LatitudeDegrees>
							<LongitudeDegrees>99.327472</LongitudeDegrees>
						</Position>
						<AltitudeMeters>8.230000</AltitudeMeters>
						<HeartRateBpm>
							<Value>109</Value>
						</HeartRateBpm>
						<Cadence>57</Cadence>
						<Extensions>
							<ns3:TPX>
								<ns3:Speed>1.396650</ns3:Speed>
							</ns3:TPX>
						</Extensions>
					</Trackpoint>
					<Trackpoint>
						<Time>2569-05-08T14:35:27Z</Time>
						<Position>
							<LatitudeDegrees>9.144590</LatitudeDegrees>
							<LongitudeDegrees>99.327472</LongitudeDegrees>
						</Position>
						<AltitudeMeters>8.230000</AltitudeMeters>
						<HeartRateBpm>
							<Value>109</Value>
						</HeartRateBpm>
						<Cadence>57</Cadence>
						<Extensions>
							<ns3:TPX>
								<ns3:Speed>1.396650</ns3:Speed>
							</ns3:TPX>
						</Extensions>
					</Trackpoint>
					<Trackpoint>
						<Time>2569-05-08T14:35:29Z</Time>
						<Position>
							<LatitudeDegrees>9.144597</LatitudeDegrees>
							<LongitudeDegrees>99.327462</LongitudeDegrees>
						</Position>
						<AltitudeMeters>8.230000</AltitudeMeters>
						<HeartRateBpm>
							<Value>108</Value>
						</HeartRateBpm>
						<Cadence>58</Cadence>
						<Extensions>
							<ns3:TPX>
								<ns3:Speed>1.394700</ns3:Speed>
							</ns3:TPX>
						</Extensions>
					</Trackpoint>
					<Trackpoint>
						<Time>2569-05-08T14:35:30Z</Time>
						<Position>
							<LatitudeDegrees>9.144604</LatitudeDegrees>
							<LongitudeDegrees>99.327453</LongitudeDegrees>
						</Position>
						<AltitudeMeters>8.230000</AltitudeMeters>
						<HeartRateBpm>
							<Value>109</Value>
						</HeartRateBpm>
						<Cadence>58</Cadence>
						<Extensions>
							<ns3:TPX>
								<ns3:Speed>1.392760</ns3:Speed>
							</ns3:TPX>
						</Extensions>
					</Trackpoint>
					<Trackpoint>
						<Time>2569-05-08T14:35:31Z</Time>
						<Position>
							<LatitudeDegrees>9.144611</LatitudeDegrees>
							<LongitudeDegrees>99.327445</LongitudeDegrees>
						</Position>
						<AltitudeMeters>8.230000</AltitudeMeters>
						<HeartRateBpm>
							<Value>109</Value>
						</HeartRateBpm>
						<Cadence>58</Cadence>
						<Extensions>
							<ns3:TPX>
								<ns3:Speed>1.385040</ns3:Speed>
							</ns3:TPX>
						</Extensions>
					</Trackpoint>
					<Trackpoint>
						<Time>2569-05-08T14:35:32Z</Time>
						<Position>
							<LatitudeDegrees>9.144617</LatitudeDegrees>
							<LongitudeDegrees>99.327435</LongitudeDegrees>
						</Position>
						<AltitudeMeters>8.230000</AltitudeMeters>
						<HeartRateBpm>
							<Value>109</Value>
						</HeartRateBpm>
						<Cadence>58</Cadence>
						<Extensions>
							<ns3:TPX>
								<ns3:Speed>1.364260</ns3:Speed>
							</ns3:TPX>
						</Extensions>
					</Trackpoint>
					<Trackpoint>
						<Time>2569-05-08T14:35:33Z</Time>
						<Position>
							<LatitudeDegrees>9.144621</LatitudeDegrees>
							<LongitudeDegrees>99.327425</LongitudeDegrees>
						</Position>
						<AltitudeMeters>8.220000</AltitudeMeters>
						<HeartRateBpm>
							<Value>109</Value>
						</HeartRateBpm>
						<Cadence>58</Cadence>
						<Extensions>
							<ns3:TPX>
								<ns3:Speed>1.347710</ns3:Speed>
							</ns3:TPX>
						</Extensions>
					</Trackpoint>
					<Trackpoint>
						<Time>2569-05-08T14:35:34Z</Time>
						<Position>
							<LatitudeDegrees>9.144624</LatitudeDegrees>
							<LongitudeDegrees>99.327415</LongitudeDegrees>
						</Position>
						<AltitudeMeters>8.220000</AltitudeMeters>
						<HeartRateBpm>
							<Value>109</Value>
						</HeartRateBpm>
						<Cadence>58</Cadence>
						<Extensions>
							<ns3:TPX>
								<ns3:Speed>1.342280</ns3:Speed>
							</ns3:TPX>
						</Extensions>
					</Trackpoint>
					<Trackpoint>
						<Time>2569-05-08T14:35:35Z</Time>
						<Position>
							<LatitudeDegrees>9.144627</LatitudeDegrees>
							<LongitudeDegrees>99.327405</LongitudeDegrees>
						</Position>
						<AltitudeMeters>8.210000</AltitudeMeters>
						<HeartRateBpm>
							<Value>109</Value>
						</HeartRateBpm>
						<Cadence>58</Cadence>
						<Extensions>
							<ns3:TPX>
								<ns3:Speed>1.331560</ns3:Speed>
							</ns3:TPX>
						</Extensions>
					</Trackpoint>
					<Trackpoint>
						<Time>2569-05-08T14:35:36Z</Time>
						<Position>
							<LatitudeDegrees>9.144629</LatitudeDegrees>
							<LongitudeDegrees>99.327397</LongitudeDegrees>
						</Position>
						<AltitudeMeters>8.210000</AltitudeMeters>
						<HeartRateBpm>
							<Value>110</Value>
						</HeartRateBpm>
						<Cadence>58</Cadence>
						<Extensions>
							<ns3:TPX>
								<ns3:Speed>1.322750</ns3:Speed>
							</ns3:TPX>
						</Extensions>
					</Trackpoint>
					<Trackpoint>
						<Time>2569-05-08T14:35:37Z</Time>
						<Position>
							<LatitudeDegrees>9.144634</LatitudeDegrees>
							<LongitudeDegrees>99.327391</LongitudeDegrees>
						</Position>
						<AltitudeMeters>8.200000</AltitudeMeters>
						<HeartRateBpm>
							<Value>110</Value>
						</HeartRateBpm>
						<Cadence>57</Cadence>
						<Extensions>
							<ns3:TPX>
								<ns3:Speed>1.310620</ns3:Speed>
							</ns3:TPX>
						</Extensions>
					</Trackpoint>
					<Trackpoint>
						<Time>2569-05-08T14:35:38Z</Time>
						<Position>
							<LatitudeDegrees>9.144638</LatitudeDegrees>
							<LongitudeDegrees>99.327385</LongitudeDegrees>
						</Position>
						<AltitudeMeters>8.180000</AltitudeMeters>
						<HeartRateBpm>
							<Value>109</Value>
						</HeartRateBpm>
						<Cadence>55</Cadence>
						<Extensions>
							<ns3:TPX>
								<ns3:Speed>1.297020</ns3:Speed>
							</ns3:TPX>
						</Extensions>
					</Trackpoint>
					<Trackpoint>
						<Time>2569-05-08T14:35:39Z</Time>
						<Position>
							<LatitudeDegrees>9.144644</LatitudeDegrees>
							<LongitudeDegrees>99.327379</LongitudeDegrees>
						</Position>
						<AltitudeMeters>8.180000</AltitudeMeters>
						<HeartRateBpm>
							<Value>109</Value>
						</HeartRateBpm>
						<Cadence>54</Cadence>
						<Extensions>
							<ns3:TPX>
								<ns3:Speed>1.280410</ns3:Speed>
							</ns3:TPX>
						</Extensions>
					</Trackpoint>
					<Trackpoint>
						<Time>2569-05-08T14:35:40Z</Time>
						<Position>
							<LatitudeDegrees>9.144660</LatitudeDegrees>
							<LongitudeDegrees>99.327369</LongitudeDegrees>
						</Position>
						<AltitudeMeters>8.170000</AltitudeMeters>
						<HeartRateBpm>
							<Value>109</Value>
						</HeartRateBpm>
						<Cadence>54</Cadence>
						<Extensions>
							<ns3:TPX>
								<ns3:Speed>1.261030</ns3:Speed>
							</ns3:TPX>
						</Extensions>
					</Trackpoint>
					<Trackpoint>
						<Time>2569-05-08T14:35:40Z</Time>
						<Position>
							<LatitudeDegrees>9.144660</LatitudeDegrees>
							<LongitudeDegrees>99.327369</LongitudeDegrees>
						</Position>
						<AltitudeMeters>8.170000</AltitudeMeters>
						<HeartRateBpm>
							<Value>109</Value>
						</HeartRateBpm>
						<Cadence>54</Cadence>
						<Extensions>
							<ns3:TPX>
								<ns3:Speed>1.261030</ns3:Speed>
							</ns3:TPX>
						</Extensions>
					</Trackpoint>
					<Trackpoint>
						<Time>2569-05-08T14:35:42Z</Time>
						<Position>
							<LatitudeDegrees>9.144667</LatitudeDegrees>
							<LongitudeDegrees>99.327363</LongitudeDegrees>
						</Position>
						<AltitudeMeters>8.160000</AltitudeMeters>
						<HeartRateBpm>
							<Value>109</Value>
						</HeartRateBpm>
						<Cadence>54</Cadence>
						<Extensions>
							<ns3:TPX>
								<ns3:Speed>1.225490</ns3:Speed>
							</ns3:TPX>
						</Extensions>
					</Trackpoint>
					<Trackpoint>
						<Time>2569-05-08T14:35:43Z</Time>
						<Position>
							<LatitudeDegrees>9.144675</LatitudeDegrees>
							<LongitudeDegrees>99.327356</LongitudeDegrees>
						</Position>
						<AltitudeMeters>8.150000</AltitudeMeters>
						<HeartRateBpm>
							<Value>108</Value>
						</HeartRateBpm>
						<Cadence>55</Cadence>
						<Extensions>
							<ns3:TPX>
								<ns3:Speed>1.209190</ns3:Speed>
							</ns3:TPX>
						</Extensions>
					</Trackpoint>
					<Trackpoint>
						<Time>2569-05-08T14:35:44Z</Time>
						<Position>
							<LatitudeDegrees>9.144684</LatitudeDegrees>
							<LongitudeDegrees>99.327349</LongitudeDegrees>
						</Position>
						<AltitudeMeters>8.140000</AltitudeMeters>
						<HeartRateBpm>
							<Value>108</Value>
						</HeartRateBpm>
						<Cadence>56</Cadence>
						<Extensions>
							<ns3:TPX>
								<ns3:Speed>1.191900</ns3:Speed>
							</ns3:TPX>
						</Extensions>
					</Trackpoint>
					<Trackpoint>
						<Time>2569-05-08T14:35:45Z</Time>
						<Position>
							<LatitudeDegrees>9.144700</LatitudeDegrees>
							<LongitudeDegrees>99.327333</LongitudeDegrees>
						</Position>
						<AltitudeMeters>8.130000</AltitudeMeters>
						<HeartRateBpm>
							<Value>108</Value>
						</HeartRateBpm>
						<Cadence>56</Cadence>
						<Extensions>
							<ns3:TPX>
								<ns3:Speed>1.172330</ns3:Speed>
							</ns3:TPX>
						</Extensions>
					</Trackpoint>
					<Trackpoint>
						<Time>2569-05-08T14:35:45Z</Time>
						<Position>
							<LatitudeDegrees>9.144700</LatitudeDegrees>
							<LongitudeDegrees>99.327333</LongitudeDegrees>
						</Position>
						<AltitudeMeters>8.130000</AltitudeMeters>
						<HeartRateBpm>
							<Value>108</Value>
						</HeartRateBpm>
						<Cadence>56</Cadence>
						<Extensions>
							<ns3:TPX>
								<ns3:Speed>1.172330</ns3:Speed>
							</ns3:TPX>
						</Extensions>
					</Trackpoint>
					<Trackpoint>
						<Time>2569-05-08T14:35:46Z</Time>
						<Position>
							<LatitudeDegrees>9.144707</LatitudeDegrees>
							<LongitudeDegrees>99.327324</LongitudeDegrees>
						</Position>
						<AltitudeMeters>8.120000</AltitudeMeters>
						<HeartRateBpm>
							<Value>108</Value>
						</HeartRateBpm>
						<Cadence>56</Cadence>
						<Extensions>
							<ns3:TPX>
								<ns3:Speed>1.160090</ns3:Speed>
							</ns3:TPX>
						</Extensions>
					</Trackpoint>
					<Trackpoint>
						<Time>2569-05-08T14:35:48Z</Time>
						<Position>
							<LatitudeDegrees>9.144712</LatitudeDegrees>
							<LongitudeDegrees>99.327315</LongitudeDegrees>
						</Position>
						<AltitudeMeters>8.110000</AltitudeMeters>
						<HeartRateBpm>
							<Value>109</Value>
						</HeartRateBpm>
						<Cadence>56</Cadence>
						<Extensions>
							<ns3:TPX>
								<ns3:Speed>1.150750</ns3:Speed>
							</ns3:TPX>
						</Extensions>
					</Trackpoint>
					<Trackpoint>
						<Time>2569-05-08T14:35:49Z</Time>
						<Position>
							<LatitudeDegrees>9.144718</LatitudeDegrees>
							<LongitudeDegrees>99.327307</LongitudeDegrees>
						</Position>
						<AltitudeMeters>8.110000</AltitudeMeters>
						<HeartRateBpm>
							<Value>110</Value>
						</HeartRateBpm>
						<Cadence>56</Cadence>
						<Extensions>
							<ns3:TPX>
								<ns3:Speed>1.149430</ns3:Speed>
							</ns3:TPX>
						</Extensions>
					</Trackpoint>
					<Trackpoint>
						<Time>2569-05-08T14:35:50Z</Time>
						<Position>
							<LatitudeDegrees>9.144723</LatitudeDegrees>
							<LongitudeDegrees>99.327298</LongitudeDegrees>
						</Position>
						<AltitudeMeters>8.090000</AltitudeMeters>
						<HeartRateBpm>
							<Value>110</Value>
						</HeartRateBpm>
						<Cadence>56</Cadence>
						<Extensions>
							<ns3:TPX>
								<ns3:Speed>1.148110</ns3:Speed>
							</ns3:TPX>
						</Extensions>
					</Trackpoint>
					<Trackpoint>
						<Time>2569-05-08T14:35:51Z</Time>
						<Position>
							<LatitudeDegrees>9.144729</LatitudeDegrees>
							<LongitudeDegrees>99.327288</LongitudeDegrees>
						</Position>
						<AltitudeMeters>8.080000</AltitudeMeters>
						<HeartRateBpm>
							<Value>110</Value>
						</HeartRateBpm>
						<Cadence>55</Cadence>
						<Extensions>
							<ns3:TPX>
								<ns3:Speed>1.146790</ns3:Speed>
							</ns3:TPX>
						</Extensions>
					</Trackpoint>
					<Trackpoint>
						<Time>2569-05-08T14:35:52Z</Time>
						<Position>
							<LatitudeDegrees>9.144735</LatitudeDegrees>
							<LongitudeDegrees>99.327277</LongitudeDegrees>
						</Position>
						<AltitudeMeters>8.080000</AltitudeMeters>
						<HeartRateBpm>
							<Value>110</Value>
						</HeartRateBpm>
						<Cadence>55</Cadence>
						<Extensions>
							<ns3:TPX>
								<ns3:Speed>1.145480</ns3:Speed>
							</ns3:TPX>
						</Extensions>
					</Trackpoint>
					<Trackpoint>
						<Time>2569-05-08T14:35:53Z</Time>
						<Position>
							<LatitudeDegrees>9.144739</LatitudeDegrees>
							<LongitudeDegrees>99.327265</LongitudeDegrees>
						</Position>
						<AltitudeMeters>8.080000</AltitudeMeters>
						<HeartRateBpm>
							<Value>110</Value>
						</HeartRateBpm>
						<Cadence>55</Cadence>
						<Extensions>
							<ns3:TPX>
								<ns3:Speed>1.144160</ns3:Speed>
							</ns3:TPX>
						</Extensions>
					</Trackpoint>
					<Trackpoint>
						<Time>2569-05-08T14:35:54Z</Time>
						<Position>
							<LatitudeDegrees>9.144742</LatitudeDegrees>
							<LongitudeDegrees>99.327253</LongitudeDegrees>
						</Position>
						<AltitudeMeters>8.060000</AltitudeMeters>
						<HeartRateBpm>
							<Value>110</Value>
						</HeartRateBpm>
						<Cadence>55</Cadence>
						<Extensions>
							<ns3:TPX>
								<ns3:Speed>1.145480</ns3:Speed>
							</ns3:TPX>
						</Extensions>
					</Trackpoint>
					<Trackpoint>
						<Time>2569-05-08T14:35:55Z</Time>
						<Position>
							<LatitudeDegrees>9.144747</LatitudeDegrees>
							<LongitudeDegrees>99.327243</LongitudeDegrees>
						</Position>
						<AltitudeMeters>8.050000</AltitudeMeters>
						<HeartRateBpm>
							<Value>109</Value>
						</HeartRateBpm>
						<Cadence>55</Cadence>
						<Extensions>
							<ns3:TPX>
								<ns3:Speed>1.146790</ns3:Speed>
							</ns3:TPX>
						</Extensions>
					</Trackpoint>
					<Trackpoint>
						<Time>2569-05-08T14:35:56Z</Time>
						<Position>
							<LatitudeDegrees>9.144752</LatitudeDegrees>
							<LongitudeDegrees>99.327233</LongitudeDegrees>
						</Position>
						<AltitudeMeters>8.040000</AltitudeMeters>
						<HeartRateBpm>
							<Value>109</Value>
						</HeartRateBpm>
						<Cadence>55</Cadence>
						<Extensions>
							<ns3:TPX>
								<ns3:Speed>1.149430</ns3:Speed>
							</ns3:TPX>
						</Extensions>
					</Trackpoint>
					<Trackpoint>
						<Time>2569-05-08T14:35:57Z</Time>
						<Position>
							<LatitudeDegrees>9.144757</LatitudeDegrees>
							<LongitudeDegrees>99.327218</LongitudeDegrees>
						</Position>
						<AltitudeMeters>8.040000</AltitudeMeters>
						<HeartRateBpm>
							<Value>108</Value>
						</HeartRateBpm>
						<Cadence>55</Cadence>
						<Extensions>
							<ns3:TPX>
								<ns3:Speed>1.153400</ns3:Speed>
							</ns3:TPX>
						</Extensions>
					</Trackpoint>
					<Trackpoint>
						<Time>2569-05-08T14:35:58Z</Time>
						<Position>
							<LatitudeDegrees>9.144758</LatitudeDegrees>
							<LongitudeDegrees>99.327201</LongitudeDegrees>
						</Position>
						<AltitudeMeters>8.030000</AltitudeMeters>
						<HeartRateBpm>
							<Value>108</Value>
						</HeartRateBpm>
						<Cadence>55</Cadence>
						<Extensions>
							<ns3:TPX>
								<ns3:Speed>1.156070</ns3:Speed>
							</ns3:TPX>
						</Extensions>
					</Trackpoint>
					<Trackpoint>
						<Time>2569-05-08T14:35:59Z</Time>
						<Position>
							<LatitudeDegrees>9.144760</LatitudeDegrees>
							<LongitudeDegrees>99.327184</LongitudeDegrees>
						</Position>
						<AltitudeMeters>8.010000</AltitudeMeters>
						<HeartRateBpm>
							<Value>108</Value>
						</HeartRateBpm>
						<Cadence>55</Cadence>
						<Extensions>
							<ns3:TPX>
								<ns3:Speed>1.161440</ns3:Speed>
							</ns3:TPX>
						</Extensions>
					</Trackpoint>
					<Trackpoint>
						<Time>2569-05-08T14:36:00Z</Time>
						<Position>
							<LatitudeDegrees>9.144764</LatitudeDegrees>
							<LongitudeDegrees>99.327170</LongitudeDegrees>
						</Position>
						<AltitudeMeters>8.010000</AltitudeMeters>
						<HeartRateBpm>
							<Value>108</Value>
						</HeartRateBpm>
						<Cadence>56</Cadence>
						<Extensions>
							<ns3:TPX>
								<ns3:Speed>1.164140</ns3:Speed>
							</ns3:TPX>
						</Extensions>
					</Trackpoint>
					<Trackpoint>
						<Time>2569-05-08T14:36:01Z</Time>
						<Position>
							<LatitudeDegrees>9.144769</LatitudeDegrees>
							<LongitudeDegrees>99.327158</LongitudeDegrees>
						</Position>
						<AltitudeMeters>8.010000</AltitudeMeters>
						<HeartRateBpm>
							<Value>107</Value>
						</HeartRateBpm>
						<Cadence>56</Cadence>
						<Extensions>
							<ns3:TPX>
								<ns3:Speed>1.164140</ns3:Speed>
							</ns3:TPX>
						</Extensions>
					</Trackpoint>
					<Trackpoint>
						<Time>2569-05-08T14:36:02Z</Time>
						<Position>
							<LatitudeDegrees>9.144781</LatitudeDegrees>
							<LongitudeDegrees>99.327133</LongitudeDegrees>
						</Position>
						<AltitudeMeters>8.000000</AltitudeMeters>
						<HeartRateBpm>
							<Value>107</Value>
						</HeartRateBpm>
						<Cadence>57</Cadence>
						<Extensions>
							<ns3:TPX>
								<ns3:Speed>1.165500</ns3:Speed>
							</ns3:TPX>
						</Extensions>
					</Trackpoint>
					<Trackpoint>
						<Time>2569-05-08T14:36:02Z</Time>
						<Position>
							<LatitudeDegrees>9.144781</LatitudeDegrees>
							<LongitudeDegrees>99.327133</LongitudeDegrees>
						</Position>
						<AltitudeMeters>8.000000</AltitudeMeters>
						<HeartRateBpm>
							<Value>107</Value>
						</HeartRateBpm>
						<Cadence>57</Cadence>
						<Extensions>
							<ns3:TPX>
								<ns3:Speed>1.165500</ns3:Speed>
							</ns3:TPX>
						</Extensions>
					</Trackpoint>
					<Trackpoint>
						<Time>2569-05-08T14:36:04Z</Time>
						<Position>
							<LatitudeDegrees>9.144793</LatitudeDegrees>
							<LongitudeDegrees>99.327110</LongitudeDegrees>
						</Position>
						<AltitudeMeters>8.010000</AltitudeMeters>
						<HeartRateBpm>
							<Value>108</Value>
						</HeartRateBpm>
						<Cadence>57</Cadence>
						<Extensions>
							<ns3:TPX>
								<ns3:Speed>1.166860</ns3:Speed>
							</ns3:TPX>
						</Extensions>
					</Trackpoint>
					<Trackpoint>
						<Time>2569-05-08T14:36:04Z</Time>
						<Position>
							<LatitudeDegrees>9.144793</LatitudeDegrees>
							<LongitudeDegrees>99.327110</LongitudeDegrees>
						</Position>
						<AltitudeMeters>8.010000</AltitudeMeters>
						<HeartRateBpm>
							<Value>108</Value>
						</HeartRateBpm>
						<Cadence>57</Cadence>
						<Extensions>
							<ns3:TPX>
								<ns3:Speed>1.166860</ns3:Speed>
							</ns3:TPX>
						</Extensions>
					</Trackpoint>
					<Trackpoint>
						<Time>2569-05-08T14:36:05Z</Time>
						<Position>
							<LatitudeDegrees>9.144799</LatitudeDegrees>
							<LongitudeDegrees>99.327098</LongitudeDegrees>
						</Position>
						<AltitudeMeters>8.000000</AltitudeMeters>
						<HeartRateBpm>
							<Value>109</Value>
						</HeartRateBpm>
						<Cadence>56</Cadence>
						<Extensions>
							<ns3:TPX>
								<ns3:Speed>1.166860</ns3:Speed>
							</ns3:TPX>
						</Extensions>
					</Trackpoint>
					<Trackpoint>
						<Time>2569-05-08T14:36:06Z</Time>
						<Position>
							<LatitudeDegrees>9.144804</LatitudeDegrees>
							<LongitudeDegrees>99.327087</LongitudeDegrees>
						</Position>
						<AltitudeMeters>8.000000</AltitudeMeters>
						<HeartRateBpm>
							<Value>108</Value>
						</HeartRateBpm>
						<Cadence>55</Cadence>
						<Extensions>
							<ns3:TPX>
								<ns3:Speed>1.169590</ns3:Speed>
							</ns3:TPX>
						</Extensions>
					</Trackpoint>
					<Trackpoint>
						<Time>2569-05-08T14:36:07Z</Time>
						<Position>
							<LatitudeDegrees>9.144813</LatitudeDegrees>
							<LongitudeDegrees>99.327078</LongitudeDegrees>
						</Position>
						<AltitudeMeters>8.000000</AltitudeMeters>
						<HeartRateBpm>
							<Value>108</Value>
						</HeartRateBpm>
						<Cadence>55</Cadence>
						<Extensions>
							<ns3:TPX>
								<ns3:Speed>1.175090</ns3:Speed>
							</ns3:TPX>
						</Extensions>
					</Trackpoint>
					<Trackpoint>
						<Time>2569-05-08T14:36:08Z</Time>
						<Position>
							<LatitudeDegrees>9.144820</LatitudeDegrees>
							<LongitudeDegrees>99.327067</LongitudeDegrees>
						</Position>
						<AltitudeMeters>8.000000</AltitudeMeters>
						<HeartRateBpm>
							<Value>109</Value>
						</HeartRateBpm>
						<Cadence>54</Cadence>
						<Extensions>
							<ns3:TPX>
								<ns3:Speed>1.176470</ns3:Speed>
							</ns3:TPX>
						</Extensions>
					</Trackpoint>
					<Trackpoint>
						<Time>2569-05-08T14:36:09Z</Time>
						<Position>
							<LatitudeDegrees>9.144827</LatitudeDegrees>
							<LongitudeDegrees>99.327055</LongitudeDegrees>
						</Position>
						<AltitudeMeters>8.000000</AltitudeMeters>
						<HeartRateBpm>
							<Value>109</Value>
						</HeartRateBpm>
						<Cadence>54</Cadence>
						<Extensions>
							<ns3:TPX>
								<ns3:Speed>1.172330</ns3:Speed>
							</ns3:TPX>
						</Extensions>
					</Trackpoint>
					<Trackpoint>
						<Time>2569-05-08T14:36:10Z</Time>
						<Position>
							<LatitudeDegrees>9.144832</LatitudeDegrees>
							<LongitudeDegrees>99.327042</LongitudeDegrees>
						</Position>
						<AltitudeMeters>8.000000</AltitudeMeters>
						<HeartRateBpm>
							<Value>109</Value>
						</HeartRateBpm>
						<Cadence>53</Cadence>
						<Extensions>
							<ns3:TPX>
								<ns3:Speed>1.169590</ns3:Speed>
							</ns3:TPX>
						</Extensions>
					</Trackpoint>
					<Trackpoint>
						<Time>2569-05-08T14:36:11Z</Time>
						<Position>
							<LatitudeDegrees>9.144838</LatitudeDegrees>
							<LongitudeDegrees>99.327031</LongitudeDegrees>
						</Position>
						<AltitudeMeters>8.000000</AltitudeMeters>
						<HeartRateBpm>
							<Value>109</Value>
						</HeartRateBpm>
						<Cadence>53</Cadence>
						<Extensions>
							<ns3:TPX>
								<ns3:Speed>1.165500</ns3:Speed>
							</ns3:TPX>
						</Extensions>
					</Trackpoint>
					<Trackpoint>
						<Time>2569-05-08T14:36:12Z</Time>
						<Position>
							<LatitudeDegrees>9.144843</LatitudeDegrees>
							<LongitudeDegrees>99.327020</LongitudeDegrees>
						</Position>
						<AltitudeMeters>8.000000</AltitudeMeters>
						<HeartRateBpm>
							<Value>108</Value>
						</HeartRateBpm>
						<Cadence>53</Cadence>
						<Extensions>
							<ns3:TPX>
								<ns3:Speed>1.161440</ns3:Speed>
							</ns3:TPX>
						</Extensions>
					</Trackpoint>
					<Trackpoint>
						<Time>2569-05-08T14:36:13Z</Time>
						<Position>
							<LatitudeDegrees>9.144847</LatitudeDegrees>
							<LongitudeDegrees>99.327009</LongitudeDegrees>
						</Position>
						<AltitudeMeters>8.000000</AltitudeMeters>
						<HeartRateBpm>
							<Value>108</Value>
						</HeartRateBpm>
						<Cadence>53</Cadence>
						<Extensions>
							<ns3:TPX>
								<ns3:Speed>1.157410</ns3:Speed>
							</ns3:TPX>
						</Extensions>
					</Trackpoint>
					<Trackpoint>
						<Time>2569-05-08T14:36:14Z</Time>
						<Position>
							<LatitudeDegrees>9.144852</LatitudeDegrees>
							<LongitudeDegrees>99.326999</LongitudeDegrees>
						</Position>
						<AltitudeMeters>7.990000</AltitudeMeters>
						<HeartRateBpm>
							<Value>107</Value>
						</HeartRateBpm>
						<Cadence>53</Cadence>
						<Extensions>
							<ns3:TPX>
								<ns3:Speed>1.153400</ns3:Speed>
							</ns3:TPX>
						</Extensions>
					</Trackpoint>
					<Trackpoint>
						<Time>2569-05-08T14:36:15Z</Time>
						<Position>
							<LatitudeDegrees>9.144857</LatitudeDegrees>
							<LongitudeDegrees>99.326989</LongitudeDegrees>
						</Position>
						<AltitudeMeters>7.990000</AltitudeMeters>
						<HeartRateBpm>
							<Value>107</Value>
						</HeartRateBpm>
						<Cadence>55</Cadence>
						<Extensions>
							<ns3:TPX>
								<ns3:Speed>1.148110</ns3:Speed>
							</ns3:TPX>
						</Extensions>
					</Trackpoint>
					<Trackpoint>
						<Time>2569-05-08T14:36:16Z</Time>
						<Position>
							<LatitudeDegrees>9.144862</LatitudeDegrees>
							<LongitudeDegrees>99.326981</LongitudeDegrees>
						</Position>
						<AltitudeMeters>7.990000</AltitudeMeters>
						<HeartRateBpm>
							<Value>107</Value>
						</HeartRateBpm>
						<Cadence>56</Cadence>
						<Extensions>
							<ns3:TPX>
								<ns3:Speed>1.144160</ns3:Speed>
							</ns3:TPX>
						</Extensions>
					</Trackpoint>
					<Trackpoint>
						<Time>2569-05-08T14:36:17Z</Time>
						<Position>
							<LatitudeDegrees>9.144868</LatitudeDegrees>
							<LongitudeDegrees>99.326972</LongitudeDegrees>
						</Position>
						<AltitudeMeters>7.990000</AltitudeMeters>
						<HeartRateBpm>
							<Value>106</Value>
						</HeartRateBpm>
						<Cadence>56</Cadence>
						<Extensions>
							<ns3:TPX>
								<ns3:Speed>1.141550</ns3:Speed>
							</ns3:TPX>
						</Extensions>
					</Trackpoint>
					<Trackpoint>
						<Time>2569-05-08T14:36:19Z</Time>
						<Position>
							<LatitudeDegrees>9.144874</LatitudeDegrees>
							<LongitudeDegrees>99.326965</LongitudeDegrees>
						</Position>
						<AltitudeMeters>7.980000</AltitudeMeters>
						<HeartRateBpm>
							<Value>107</Value>
						</HeartRateBpm>
						<Cadence>55</Cadence>
						<Extensions>
							<ns3:TPX>
								<ns3:Speed>1.142860</ns3:Speed>
							</ns3:TPX>
						</Extensions>
					</Trackpoint>
					<Trackpoint>
						<Time>2569-05-08T14:36:20Z</Time>
						<Position>
							<LatitudeDegrees>9.144891</LatitudeDegrees>
							<LongitudeDegrees>99.326954</LongitudeDegrees>
						</Position>
						<AltitudeMeters>7.970000</AltitudeMeters>
						<HeartRateBpm>
							<Value>107</Value>
						</HeartRateBpm>
						<Cadence>55</Cadence>
						<Extensions>
							<ns3:TPX>
								<ns3:Speed>1.141550</ns3:Speed>
							</ns3:TPX>
						</Extensions>
					</Trackpoint>
					<Trackpoint>
						<Time>2569-05-08T14:36:20Z</Time>
						<Position>
							<LatitudeDegrees>9.144891</LatitudeDegrees>
							<LongitudeDegrees>99.326954</LongitudeDegrees>
						</Position>
						<AltitudeMeters>7.970000</AltitudeMeters>
						<HeartRateBpm>
							<Value>107</Value>
						</HeartRateBpm>
						<Cadence>55</Cadence>
						<Extensions>
							<ns3:TPX>
								<ns3:Speed>1.141550</ns3:Speed>
							</ns3:TPX>
						</Extensions>
					</Trackpoint>
					<Trackpoint>
						<Time>2569-05-08T14:36:21Z</Time>
						<Position>
							<LatitudeDegrees>9.144897</LatitudeDegrees>
							<LongitudeDegrees>99.326949</LongitudeDegrees>
						</Position>
						<AltitudeMeters>7.960000</AltitudeMeters>
						<HeartRateBpm>
							<Value>108</Value>
						</HeartRateBpm>
						<Cadence>55</Cadence>
						<Extensions>
							<ns3:TPX>
								<ns3:Speed>1.138950</ns3:Speed>
							</ns3:TPX>
						</Extensions>
					</Trackpoint>
					<Trackpoint>
						<Time>2569-05-08T14:36:22Z</Time>
						<Position>
							<LatitudeDegrees>9.144899</LatitudeDegrees>
							<LongitudeDegrees>99.326941</LongitudeDegrees>
						</Position>
						<AltitudeMeters>7.950000</AltitudeMeters>
						<HeartRateBpm>
							<Value>109</Value>
						</HeartRateBpm>
						<Cadence>50</Cadence>
						<Extensions>
							<ns3:TPX>
								<ns3:Speed>1.137660</ns3:Speed>
							</ns3:TPX>
						</Extensions>
					</Trackpoint>
					<Trackpoint>
						<Time>2569-05-08T14:36:23Z</Time>
						<Position>
							<LatitudeDegrees>9.144899</LatitudeDegrees>
							<LongitudeDegrees>99.326932</LongitudeDegrees>
						</Position>
						<AltitudeMeters>7.940000</AltitudeMeters>
						<HeartRateBpm>
							<Value>110</Value>
						</HeartRateBpm>
						<Cadence>48</Cadence>
						<Extensions>
							<ns3:TPX>
								<ns3:Speed>1.135070</ns3:Speed>
							</ns3:TPX>
						</Extensions>
					</Trackpoint>
					<Trackpoint>
						<Time>2569-05-08T14:36:24Z</Time>
						<Position>
							<LatitudeDegrees>9.144898</LatitudeDegrees>
							<LongitudeDegrees>99.326924</LongitudeDegrees>
						</Position>
						<AltitudeMeters>7.930000</AltitudeMeters>
						<HeartRateBpm>
							<Value>111</Value>
						</HeartRateBpm>
						<Cadence>48</Cadence>
						<Extensions>
							<ns3:TPX>
								<ns3:Speed>1.131220</ns3:Speed>
							</ns3:TPX>
						</Extensions>
					</Trackpoint>
					<Trackpoint>
						<Time>2569-05-08T14:36:26Z</Time>
						<Position>
							<LatitudeDegrees>9.144908</LatitudeDegrees>
							<LongitudeDegrees>99.326904</LongitudeDegrees>
						</Position>
						<AltitudeMeters>7.910000</AltitudeMeters>
						<HeartRateBpm>
							<Value>110</Value>
						</HeartRateBpm>
						<Cadence>49</Cadence>
						<Extensions>
							<ns3:TPX>
								<ns3:Speed>1.119820</ns3:Speed>
							</ns3:TPX>
						</Extensions>
					</Trackpoint>
					<Trackpoint>
						<Time>2569-05-08T14:36:26Z</Time>
						<Position>
							<LatitudeDegrees>9.144908</LatitudeDegrees>
							<LongitudeDegrees>99.326904</LongitudeDegrees>
						</Position>
						<AltitudeMeters>7.910000</AltitudeMeters>
						<HeartRateBpm>
							<Value>110</Value>
						</HeartRateBpm>
						<Cadence>49</Cadence>
						<Extensions>
							<ns3:TPX>
								<ns3:Speed>1.119820</ns3:Speed>
							</ns3:TPX>
						</Extensions>
					</Trackpoint>
					<Trackpoint>
						<Time>2569-05-08T14:36:27Z</Time>
						<Position>
							<LatitudeDegrees>9.144910</LatitudeDegrees>
							<LongitudeDegrees>99.326892</LongitudeDegrees>
						</Position>
						<AltitudeMeters>7.890000</AltitudeMeters>
						<HeartRateBpm>
							<Value>110</Value>
						</HeartRateBpm>
						<Cadence>49</Cadence>
						<Extensions>
							<ns3:TPX>
								<ns3:Speed>1.113590</ns3:Speed>
							</ns3:TPX>
						</Extensions>
					</Trackpoint>
					<Trackpoint>
						<Time>2569-05-08T14:36:28Z</Time>
						<Position>
							<LatitudeDegrees>9.144911</LatitudeDegrees>
							<LongitudeDegrees>99.326879</LongitudeDegrees>
						</Position>
						<AltitudeMeters>7.890000</AltitudeMeters>
						<HeartRateBpm>
							<Value>109</Value>
						</HeartRateBpm>
						<Cadence>52</Cadence>
						<Extensions>
							<ns3:TPX>
								<ns3:Speed>1.104970</ns3:Speed>
							</ns3:TPX>
						</Extensions>
					</Trackpoint>
					<Trackpoint>
						<Time>2569-05-08T14:36:30Z</Time>
						<Position>
							<LatitudeDegrees>9.144910</LatitudeDegrees>
							<LongitudeDegrees>99.326856</LongitudeDegrees>
						</Position>
						<AltitudeMeters>7.870000</AltitudeMeters>
						<HeartRateBpm>
							<Value>109</Value>
						</HeartRateBpm>
						<Cadence>55</Cadence>
						<Extensions>
							<ns3:TPX>
								<ns3:Speed>1.076430</ns3:Speed>
							</ns3:TPX>
						</Extensions>
					</Trackpoint>
					<Trackpoint>
						<Time>2569-05-08T14:36:30Z</Time>
						<Position>
							<LatitudeDegrees>9.144910</LatitudeDegrees>
							<LongitudeDegrees>99.326856</LongitudeDegrees>
						</Position>
						<AltitudeMeters>7.870000</AltitudeMeters>
						<HeartRateBpm>
							<Value>109</Value>
						</HeartRateBpm>
						<Cadence>55</Cadence>
						<Extensions>
							<ns3:TPX>
								<ns3:Speed>1.076430</ns3:Speed>
							</ns3:TPX>
						</Extensions>
					</Trackpoint>
					<Trackpoint>
						<Time>2569-05-08T14:36:32Z</Time>
						<Position>
							<LatitudeDegrees>9.144906</LatitudeDegrees>
							<LongitudeDegrees>99.326836</LongitudeDegrees>
						</Position>
						<AltitudeMeters>7.860000</AltitudeMeters>
						<HeartRateBpm>
							<Value>111</Value>
						</HeartRateBpm>
						<Cadence>56</Cadence>
						<Extensions>
							<ns3:TPX>
								<ns3:Speed>1.046030</ns3:Speed>
							</ns3:TPX>
						</Extensions>
					</Trackpoint>
					<Trackpoint>
						<Time>2569-05-08T14:36:32Z</Time>
						<Position>
							<LatitudeDegrees>9.144906</LatitudeDegrees>
							<LongitudeDegrees>99.326836</LongitudeDegrees>
						</Position>
						<AltitudeMeters>7.860000</AltitudeMeters>
						<HeartRateBpm>
							<Value>111</Value>
						</HeartRateBpm>
						<Cadence>56</Cadence>
						<Extensions>
							<ns3:TPX>
								<ns3:Speed>1.046030</ns3:Speed>
							</ns3:TPX>
						</Extensions>
					</Trackpoint>
					<Trackpoint>
						<Time>2569-05-08T14:36:34Z</Time>
						<Position>
							<LatitudeDegrees>9.144908</LatitudeDegrees>
							<LongitudeDegrees>99.326826</LongitudeDegrees>
						</Position>
						<AltitudeMeters>7.850000</AltitudeMeters>
						<Cadence>55</Cadence>
						<Extensions>
							<ns3:TPX>
								<ns3:Speed>1.018330</ns3:Speed>
							</ns3:TPX>
						</Extensions>
					</Trackpoint>
					<Trackpoint>
						<Time>2569-05-08T14:36:35Z</Time>
						<Position>
							<LatitudeDegrees>9.144912</LatitudeDegrees>
							<LongitudeDegrees>99.326817</LongitudeDegrees>
						</Position>
						<AltitudeMeters>7.860000</AltitudeMeters>
						<HeartRateBpm>
							<Value>113</Value>
						</HeartRateBpm>
						<Cadence>55</Cadence>
						<Extensions>
							<ns3:TPX>
								<ns3:Speed>1.007050</ns3:Speed>
							</ns3:TPX>
						</Extensions>
					</Trackpoint>
					<Trackpoint>
						<Time>2569-05-08T14:36:36Z</Time>
						<Position>
							<LatitudeDegrees>9.144915</LatitudeDegrees>
							<LongitudeDegrees>99.326807</LongitudeDegrees>
						</Position>
						<AltitudeMeters>7.860000</AltitudeMeters>
						<HeartRateBpm>
							<Value>112</Value>
						</HeartRateBpm>
						<Cadence>55</Cadence>
						<Extensions>
							<ns3:TPX>
								<ns3:Speed>0.999000</ns3:Speed>
							</ns3:TPX>
						</Extensions>
					</Trackpoint>
					<Trackpoint>
						<Time>2569-05-08T14:36:37Z</Time>
						<Position>
							<LatitudeDegrees>9.144924</LatitudeDegrees>
							<LongitudeDegrees>99.326801</LongitudeDegrees>
						</Position>
						<AltitudeMeters>7.870000</AltitudeMeters>
						<HeartRateBpm>
							<Value>112</Value>
						</HeartRateBpm>
						<Cadence>55</Cadence>
						<Extensions>
							<ns3:TPX>
								<ns3:Speed>0.993050</ns3:Speed>
							</ns3:TPX>
						</Extensions>
					</Trackpoint>
					<Trackpoint>
						<Time>2569-05-08T14:36:38Z</Time>
						<Position>
							<LatitudeDegrees>9.144935</LatitudeDegrees>
							<LongitudeDegrees>99.326791</LongitudeDegrees>
						</Position>
						<AltitudeMeters>7.870000</AltitudeMeters>
						<HeartRateBpm>
							<Value>112</Value>
						</HeartRateBpm>
						<Cadence>55</Cadence>
						<Extensions>
							<ns3:TPX>
								<ns3:Speed>0.986190</ns3:Speed>
							</ns3:TPX>
						</Extensions>
					</Trackpoint>
					<Trackpoint>
						<Time>2569-05-08T14:36:39Z</Time>
						<Position>
							<LatitudeDegrees>9.144946</LatitudeDegrees>
							<LongitudeDegrees>99.326779</LongitudeDegrees>
						</Position>
						<AltitudeMeters>7.900000</AltitudeMeters>
						<HeartRateBpm>
							<Value>112</Value>
						</HeartRateBpm>
						<Cadence>56</Cadence>
						<Extensions>
							<ns3:TPX>
								<ns3:Speed>0.980390</ns3:Speed>
							</ns3:TPX>
						</Extensions>
					</Trackpoint>
					<Trackpoint>
						<Time>2569-05-08T14:36:40Z</Time>
						<Position>
							<LatitudeDegrees>9.144956</LatitudeDegrees>
							<LongitudeDegrees>99.326765</LongitudeDegrees>
						</Position>
						<AltitudeMeters>7.910000</AltitudeMeters>
						<HeartRateBpm>
							<Value>113</Value>
						</HeartRateBpm>
						<Cadence>56</Cadence>
						<Extensions>
							<ns3:TPX>
								<ns3:Speed>0.974660</ns3:Speed>
							</ns3:TPX>
						</Extensions>
					</Trackpoint>
					<Trackpoint>
						<Time>2569-05-08T14:36:41Z</Time>
						<Position>
							<LatitudeDegrees>9.144966</LatitudeDegrees>
							<LongitudeDegrees>99.326752</LongitudeDegrees>
						</Position>
						<AltitudeMeters>7.930000</AltitudeMeters>
						<HeartRateBpm>
							<Value>113</Value>
						</HeartRateBpm>
						<Cadence>57</Cadence>
						<Extensions>
							<ns3:TPX>
								<ns3:Speed>0.969930</ns3:Speed>
							</ns3:TPX>
						</Extensions>
					</Trackpoint>
					<Trackpoint>
						<Time>2569-05-08T14:36:42Z</Time>
						<Position>
							<LatitudeDegrees>9.144978</LatitudeDegrees>
							<LongitudeDegrees>99.326740</LongitudeDegrees>
						</Position>
						<AltitudeMeters>7.940000</AltitudeMeters>
						<HeartRateBpm>
							<Value>113</Value>
						</HeartRateBpm>
						<Cadence>57</Cadence>
						<Extensions>
							<ns3:TPX>
								<ns3:Speed>0.967120</ns3:Speed>
							</ns3:TPX>
						</Extensions>
					</Trackpoint>
					<Trackpoint>
						<Time>2569-05-08T14:36:43Z</Time>
						<Position>
							<LatitudeDegrees>9.144990</LatitudeDegrees>
							<LongitudeDegrees>99.326729</LongitudeDegrees>
						</Position>
						<AltitudeMeters>7.940000</AltitudeMeters>
						<HeartRateBpm>
							<Value>112</Value>
						</HeartRateBpm>
						<Cadence>56</Cadence>
						<Extensions>
							<ns3:TPX>
								<ns3:Speed>0.966180</ns3:Speed>
							</ns3:TPX>
						</Extensions>
					</Trackpoint>
					<Trackpoint>
						<Time>2569-05-08T14:36:44Z</Time>
						<Position>
							<LatitudeDegrees>9.145001</LatitudeDegrees>
							<LongitudeDegrees>99.326719</LongitudeDegrees>
						</Position>
						<AltitudeMeters>7.940000</AltitudeMeters>
						<HeartRateBpm>
							<Value>112</Value>
						</HeartRateBpm>
						<Cadence>55</Cadence>
						<Extensions>
							<ns3:TPX>
								<ns3:Speed>0.966180</ns3:Speed>
							</ns3:TPX>
						</Extensions>
					</Trackpoint>
					<Trackpoint>
						<Time>2569-05-08T14:36:45Z</Time>
						<Position>
							<LatitudeDegrees>9.145010</LatitudeDegrees>
							<LongitudeDegrees>99.326709</LongitudeDegrees>
						</Position>
						<AltitudeMeters>7.930000</AltitudeMeters>
						<HeartRateBpm>
							<Value>112</Value>
						</HeartRateBpm>
						<Cadence>55</Cadence>
						<Extensions>
							<ns3:TPX>
								<ns3:Speed>0.967120</ns3:Speed>
							</ns3:TPX>
						</Extensions>
					</Trackpoint>
					<Trackpoint>
						<Time>2569-05-08T14:36:46Z</Time>
						<Position>
							<LatitudeDegrees>9.145021</LatitudeDegrees>
							<LongitudeDegrees>99.326702</LongitudeDegrees>
						</Position>
						<AltitudeMeters>7.910000</AltitudeMeters>
						<HeartRateBpm>
							<Value>112</Value>
						</HeartRateBpm>
						<Cadence>54</Cadence>
						<Extensions>
							<ns3:TPX>
								<ns3:Speed>0.968050</ns3:Speed>
							</ns3:TPX>
						</Extensions>
					</Trackpoint>
					<Trackpoint>
						<Time>2569-05-08T14:36:47Z</Time>
						<Position>
							<LatitudeDegrees>9.145031</LatitudeDegrees>
							<LongitudeDegrees>99.326693</LongitudeDegrees>
						</Position>
						<AltitudeMeters>7.870000</AltitudeMeters>
						<HeartRateBpm>
							<Value>112</Value>
						</HeartRateBpm>
						<Cadence>55</Cadence>
						<Extensions>
							<ns3:TPX>
								<ns3:Speed>0.969930</ns3:Speed>
							</ns3:TPX>
						</Extensions>
					</Trackpoint>
					<Trackpoint>
						<Time>2569-05-08T14:36:48Z</Time>
						<Position>
							<LatitudeDegrees>9.145040</LatitudeDegrees>
							<LongitudeDegrees>99.326685</LongitudeDegrees>
						</Position>
						<AltitudeMeters>7.860000</AltitudeMeters>
						<HeartRateBpm>
							<Value>113</Value>
						</HeartRateBpm>
						<Cadence>55</Cadence>
						<Extensions>
							<ns3:TPX>
								<ns3:Speed>0.972760</ns3:Speed>
							</ns3:TPX>
						</Extensions>
					</Trackpoint>
					<Trackpoint>
						<Time>2569-05-08T14:36:49Z</Time>
						<Position>
							<LatitudeDegrees>9.145047</LatitudeDegrees>
							<LongitudeDegrees>99.326677</LongitudeDegrees>
						</Position>
						<AltitudeMeters>7.850000</AltitudeMeters>
						<HeartRateBpm>
							<Value>113</Value>
						</HeartRateBpm>
						<Cadence>55</Cadence>
						<Extensions>
							<ns3:TPX>
								<ns3:Speed>0.977520</ns3:Speed>
							</ns3:TPX>
						</Extensions>
					</Trackpoint>
					<Trackpoint>
						<Time>2569-05-08T14:36:50Z</Time>
						<Position>
							<LatitudeDegrees>9.145056</LatitudeDegrees>
							<LongitudeDegrees>99.326673</LongitudeDegrees>
						</Position>
						<AltitudeMeters>7.840000</AltitudeMeters>
						<HeartRateBpm>
							<Value>113</Value>
						</HeartRateBpm>
						<Cadence>54</Cadence>
						<Extensions>
							<ns3:TPX>
								<ns3:Speed>0.984250</ns3:Speed>
							</ns3:TPX>
						</Extensions>
					</Trackpoint>
					<Trackpoint>
						<Time>2569-05-08T14:36:51Z</Time>
						<Position>
							<LatitudeDegrees>9.145063</LatitudeDegrees>
							<LongitudeDegrees>99.326668</LongitudeDegrees>
						</Position>
						<AltitudeMeters>7.830000</AltitudeMeters>
						<HeartRateBpm>
							<Value>113</Value>
						</HeartRateBpm>
						<Cadence>53</Cadence>
						<Extensions>
							<ns3:TPX>
								<ns3:Speed>0.992060</ns3:Speed>
							</ns3:TPX>
						</Extensions>
					</Trackpoint>
					<Trackpoint>
						<Time>2569-05-08T14:36:52Z</Time>
						<Position>
							<LatitudeDegrees>9.145067</LatitudeDegrees>
							<LongitudeDegrees>99.326664</LongitudeDegrees>
						</Position>
						<AltitudeMeters>7.830000</AltitudeMeters>
						<HeartRateBpm>
							<Value>112</Value>
						</HeartRateBpm>
						<Cadence>53</Cadence>
						<Extensions>
							<ns3:TPX>
								<ns3:Speed>0.997010</ns3:Speed>
							</ns3:TPX>
						</Extensions>
					</Trackpoint>
					<Trackpoint>
						<Time>2569-05-08T14:36:53Z</Time>
						<Position>
							<LatitudeDegrees>9.145071</LatitudeDegrees>
							<LongitudeDegrees>99.326659</LongitudeDegrees>
						</Position>
						<AltitudeMeters>7.820000</AltitudeMeters>
						<HeartRateBpm>
							<Value>113</Value>
						</HeartRateBpm>
						<Cadence>53</Cadence>
						<Extensions>
							<ns3:TPX>
								<ns3:Speed>1.000000</ns3:Speed>
							</ns3:TPX>
						</Extensions>
					</Trackpoint>
					<Trackpoint>
						<Time>2569-05-08T14:36:54Z</Time>
						<Position>
							<LatitudeDegrees>9.145074</LatitudeDegrees>
							<LongitudeDegrees>99.326654</LongitudeDegrees>
						</Position>
						<AltitudeMeters>7.820000</AltitudeMeters>
						<HeartRateBpm>
							<Value>113</Value>
						</HeartRateBpm>
						<Cadence>54</Cadence>
						<Extensions>
							<ns3:TPX>
								<ns3:Speed>1.000000</ns3:Speed>
							</ns3:TPX>
						</Extensions>
					</Trackpoint>
					<Trackpoint>
						<Time>2569-05-08T14:36:55Z</Time>
						<Position>
							<LatitudeDegrees>9.145077</LatitudeDegrees>
							<LongitudeDegrees>99.326651</LongitudeDegrees>
						</Position>
						<AltitudeMeters>7.810000</AltitudeMeters>
						<HeartRateBpm>
							<Value>112</Value>
						</HeartRateBpm>
						<Cadence>54</Cadence>
						<Extensions>
							<ns3:TPX>
								<ns3:Speed>0.996020</ns3:Speed>
							</ns3:TPX>
						</Extensions>
					</Trackpoint>
					<Trackpoint>
						<Time>2569-05-08T14:36:56Z</Time>
						<Position>
							<LatitudeDegrees>9.145080</LatitudeDegrees>
							<LongitudeDegrees>99.326650</LongitudeDegrees>
						</Position>
						<AltitudeMeters>7.810000</AltitudeMeters>
						<HeartRateBpm>
							<Value>112</Value>
						</HeartRateBpm>
						<Cadence>54</Cadence>
						<Extensions>
							<ns3:TPX>
								<ns3:Speed>0.990100</ns3:Speed>
							</ns3:TPX>
						</Extensions>
					</Trackpoint>
					<Trackpoint>
						<Time>2569-05-08T14:36:57Z</Time>
						<Position>
							<LatitudeDegrees>9.145084</LatitudeDegrees>
							<LongitudeDegrees>99.326650</LongitudeDegrees>
						</Position>
						<AltitudeMeters>7.810000</AltitudeMeters>
						<HeartRateBpm>
							<Value>112</Value>
						</HeartRateBpm>
						<Cadence>53</Cadence>
						<Extensions>
							<ns3:TPX>
								<ns3:Speed>0.980390</ns3:Speed>
							</ns3:TPX>
						</Extensions>
					</Trackpoint>
					<Trackpoint>
						<Time>2569-05-08T14:36:58Z</Time>
						<Position>
							<LatitudeDegrees>9.145089</LatitudeDegrees>
							<LongitudeDegrees>99.326648</LongitudeDegrees>
						</Position>
						<AltitudeMeters>7.800000</AltitudeMeters>
						<HeartRateBpm>
							<Value>111</Value>
						</HeartRateBpm>
						<Cadence>52</Cadence>
					</Trackpoint>
					<Trackpoint>
						<Time>2569-05-08T14:36:59Z</Time>
						<Position>
							<LatitudeDegrees>9.145094</LatitudeDegrees>
							<LongitudeDegrees>99.326645</LongitudeDegrees>
						</Position>
						<AltitudeMeters>7.800000</AltitudeMeters>
						<HeartRateBpm>
							<Value>111</Value>
						</HeartRateBpm>
					</Trackpoint>
					<Trackpoint>
						<Time>2569-05-08T14:37:00Z</Time>
						<Position>
							<LatitudeDegrees>9.145098</LatitudeDegrees>
							<LongitudeDegrees>99.326640</LongitudeDegrees>
						</Position>
						<AltitudeMeters>7.790000</AltitudeMeters>
						<HeartRateBpm>
							<Value>111</Value>
						</HeartRateBpm>
						<Cadence>52</Cadence>
						<Extensions>
							<ns3:TPX>
								<ns3:Speed>0.345300</ns3:Speed>
							</ns3:TPX>
						</Extensions>
					</Trackpoint>
					<Trackpoint>
						<Time>2569-05-08T14:37:01Z</Time>
						<Position>
							<LatitudeDegrees>9.145101</LatitudeDegrees>
							<LongitudeDegrees>99.326635</LongitudeDegrees>
						</Position>
						<AltitudeMeters>7.790000</AltitudeMeters>
						<HeartRateBpm>
							<Value>111</Value>
						</HeartRateBpm>
						<Cadence>52</Cadence>
						<Extensions>
							<ns3:TPX>
								<ns3:Speed>0.330800</ns3:Speed>
							</ns3:TPX>
						</Extensions>
					</Trackpoint>
					<Trackpoint>
						<Time>2569-05-08T14:37:02Z</Time>
						<Position>
							<LatitudeDegrees>9.145103</LatitudeDegrees>
							<LongitudeDegrees>99.326630</LongitudeDegrees>
						</Position>
						<AltitudeMeters>7.790000</AltitudeMeters>
						<HeartRateBpm>
							<Value>111</Value>
						</HeartRateBpm>
						<Cadence>52</Cadence>
						<Extensions>
							<ns3:TPX>
								<ns3:Speed>0.308450</ns3:Speed>
							</ns3:TPX>
						</Extensions>
					</Trackpoint>
					<Trackpoint>
						<Time>2569-05-08T14:37:03Z</Time>
						<Position>
							<LatitudeDegrees>9.145106</LatitudeDegrees>
							<LongitudeDegrees>99.326624</LongitudeDegrees>
						</Position>
						<AltitudeMeters>7.790000</AltitudeMeters>
						<HeartRateBpm>
							<Value>111</Value>
						</HeartRateBpm>
						<Cadence>52</Cadence>
						<Extensions>
							<ns3:TPX>
								<ns3:Speed>0.289940</ns3:Speed>
							</ns3:TPX>
						</Extensions>
					</Trackpoint>
					<Trackpoint>
						<Time>2569-05-08T14:37:04Z</Time>
						<Position>
							<LatitudeDegrees>9.145109</LatitudeDegrees>
							<LongitudeDegrees>99.326619</LongitudeDegrees>
						</Position>
						<AltitudeMeters>7.790000</AltitudeMeters>
						<HeartRateBpm>
							<Value>111</Value>
						</HeartRateBpm>
						<Cadence>53</Cadence>
						<Extensions>
							<ns3:TPX>
								<ns3:Speed>0.288100</ns3:Speed>
							</ns3:TPX>
						</Extensions>
					</Trackpoint>
					<Trackpoint>
						<Time>2569-05-08T14:37:05Z</Time>
						<Position>
							<LatitudeDegrees>9.145111</LatitudeDegrees>
							<LongitudeDegrees>99.326614</LongitudeDegrees>
						</Position>
						<AltitudeMeters>7.780000</AltitudeMeters>
						<HeartRateBpm>
							<Value>111</Value>
						</HeartRateBpm>
						<Cadence>54</Cadence>
						<Extensions>
							<ns3:TPX>
								<ns3:Speed>0.291040</ns3:Speed>
							</ns3:TPX>
						</Extensions>
					</Trackpoint>
					<Trackpoint>
						<Time>2569-05-08T14:37:06Z</Time>
						<Position>
							<LatitudeDegrees>9.145112</LatitudeDegrees>
							<LongitudeDegrees>99.326609</LongitudeDegrees>
						</Position>
						<AltitudeMeters>7.780000</AltitudeMeters>
						<HeartRateBpm>
							<Value>111</Value>
						</HeartRateBpm>
						<Cadence>54</Cadence>
						<Extensions>
							<ns3:TPX>
								<ns3:Speed>0.294120</ns3:Speed>
							</ns3:TPX>
						</Extensions>
					</Trackpoint>
					<Trackpoint>
						<Time>2569-05-08T14:37:07Z</Time>
						<Position>
							<LatitudeDegrees>9.145109</LatitudeDegrees>
							<LongitudeDegrees>99.326602</LongitudeDegrees>
						</Position>
						<AltitudeMeters>7.780000</AltitudeMeters>
						<Cadence>54</Cadence>
						<Extensions>
							<ns3:TPX>
								<ns3:Speed>0.298420</ns3:Speed>
							</ns3:TPX>
						</Extensions>
					</Trackpoint>
					<Trackpoint>
						<Time>2569-05-08T14:37:08Z</Time>
						<Position>
							<LatitudeDegrees>9.145110</LatitudeDegrees>
							<LongitudeDegrees>99.326600</LongitudeDegrees>
						</Position>
						<AltitudeMeters>7.780000</AltitudeMeters>
						<HeartRateBpm>
							<Value>111</Value>
						</HeartRateBpm>
						<Cadence>54</Cadence>
						<Extensions>
							<ns3:TPX>
								<ns3:Speed>0.297530</ns3:Speed>
							</ns3:TPX>
						</Extensions>
					</Trackpoint>
					<Trackpoint>
						<Time>2569-05-08T14:37:09Z</Time>
						<Position>
							<LatitudeDegrees>9.145109</LatitudeDegrees>
							<LongitudeDegrees>99.326597</LongitudeDegrees>
						</Position>
						<AltitudeMeters>7.780000</AltitudeMeters>
						<HeartRateBpm>
							<Value>111</Value>
						</HeartRateBpm>
						<Cadence>53</Cadence>
						<Extensions>
							<ns3:TPX>
								<ns3:Speed>0.298420</ns3:Speed>
							</ns3:TPX>
						</Extensions>
					</Trackpoint>
					<Trackpoint>
						<Time>2569-05-08T14:37:10Z</Time>
						<Position>
							<LatitudeDegrees>9.145107</LatitudeDegrees>
							<LongitudeDegrees>99.326594</LongitudeDegrees>
						</Position>
						<AltitudeMeters>7.780000</AltitudeMeters>
						<HeartRateBpm>
							<Value>112</Value>
						</HeartRateBpm>
						<Cadence>53</Cadence>
						<Extensions>
							<ns3:TPX>
								<ns3:Speed>0.319900</ns3:Speed>
							</ns3:TPX>
						</Extensions>
					</Trackpoint>
					<Trackpoint>
						<Time>2569-05-08T14:37:11Z</Time>
						<Position>
							<LatitudeDegrees>9.145106</LatitudeDegrees>
							<LongitudeDegrees>99.326592</LongitudeDegrees>
						</Position>
						<AltitudeMeters>7.780000</AltitudeMeters>
						<HeartRateBpm>
							<Value>111</Value>
						</HeartRateBpm>
						<Cadence>53</Cadence>
						<Extensions>
							<ns3:TPX>
								<ns3:Speed>0.365230</ns3:Speed>
							</ns3:TPX>
						</Extensions>
					</Trackpoint>
					<Trackpoint>
						<Time>2569-05-08T14:37:12Z</Time>
						<Position>
							<LatitudeDegrees>9.145106</LatitudeDegrees>
							<LongitudeDegrees>99.326590</LongitudeDegrees>
						</Position>
						<AltitudeMeters>7.780000</AltitudeMeters>
						<HeartRateBpm>
							<Value>111</Value>
						</HeartRateBpm>
						<Cadence>53</Cadence>
						<Extensions>
							<ns3:TPX>
								<ns3:Speed>0.380370</ns3:Speed>
							</ns3:TPX>
						</Extensions>
					</Trackpoint>
					<Trackpoint>
						<Time>2569-05-08T14:37:13Z</Time>
						<Position>
							<LatitudeDegrees>9.145104</LatitudeDegrees>
							<LongitudeDegrees>99.326588</LongitudeDegrees>
						</Position>
						<AltitudeMeters>7.780000</AltitudeMeters>
						<HeartRateBpm>
							<Value>111</Value>
						</HeartRateBpm>
						<Cadence>53</Cadence>
						<Extensions>
							<ns3:TPX>
								<ns3:Speed>0.365500</ns3:Speed>
							</ns3:TPX>
						</Extensions>
					</Trackpoint>
					<Trackpoint>
						<Time>2569-05-08T14:37:14Z</Time>
						<Position>
							<LatitudeDegrees>9.145101</LatitudeDegrees>
							<LongitudeDegrees>99.326584</LongitudeDegrees>
						</Position>
						<AltitudeMeters>7.780000</AltitudeMeters>
						<HeartRateBpm>
							<Value>111</Value>
						</HeartRateBpm>
						<Cadence>53</Cadence>
						<Extensions>
							<ns3:TPX>
								<ns3:Speed>0.361010</ns3:Speed>
							</ns3:TPX>
						</Extensions>
					</Trackpoint>
					<Trackpoint>
						<Time>2569-05-08T14:37:15Z</Time>
						<Position>
							<LatitudeDegrees>9.145099</LatitudeDegrees>
							<LongitudeDegrees>99.326580</LongitudeDegrees>
						</Position>
						<AltitudeMeters>7.780000</AltitudeMeters>
						<HeartRateBpm>
							<Value>111</Value>
						</HeartRateBpm>
						<Cadence>53</Cadence>
						<Extensions>
							<ns3:TPX>
								<ns3:Speed>0.365500</ns3:Speed>
							</ns3:TPX>
						</Extensions>
					</Trackpoint>
					<Trackpoint>
						<Time>2569-05-08T14:37:16Z</Time>
						<Position>
							<LatitudeDegrees>9.145095</LatitudeDegrees>
							<LongitudeDegrees>99.326578</LongitudeDegrees>
						</Position>
						<AltitudeMeters>7.780000</AltitudeMeters>
						<HeartRateBpm>
							<Value>111</Value>
						</HeartRateBpm>
						<Cadence>53</Cadence>
						<Extensions>
							<ns3:TPX>
								<ns3:Speed>0.388050</ns3:Speed>
							</ns3:TPX>
						</Extensions>
					</Trackpoint>
					<Trackpoint>
						<Time>2569-05-08T14:37:17Z</Time>
						<Position>
							<LatitudeDegrees>9.145092</LatitudeDegrees>
							<LongitudeDegrees>99.326572</LongitudeDegrees>
						</Position>
						<AltitudeMeters>7.780000</AltitudeMeters>
						<HeartRateBpm>
							<Value>110</Value>
						</HeartRateBpm>
						<Cadence>53</Cadence>
						<Extensions>
							<ns3:TPX>
								<ns3:Speed>0.416840</ns3:Speed>
							</ns3:TPX>
						</Extensions>
					</Trackpoint>
					<Trackpoint>
						<Time>2569-05-08T14:37:18Z</Time>
						<Position>
							<LatitudeDegrees>9.145087</LatitudeDegrees>
							<LongitudeDegrees>99.326567</LongitudeDegrees>
						</Position>
						<AltitudeMeters>7.780000</AltitudeMeters>
						<HeartRateBpm>
							<Value>110</Value>
						</HeartRateBpm>
						<Cadence>52</Cadence>
						<Extensions>
							<ns3:TPX>
								<ns3:Speed>0.447430</ns3:Speed>
							</ns3:TPX>
						</Extensions>
					</Trackpoint>
					<Trackpoint>
						<Time>2569-05-08T14:37:19Z</Time>
						<Position>
							<LatitudeDegrees>9.145083</LatitudeDegrees>
							<LongitudeDegrees>99.326561</LongitudeDegrees>
						</Position>
						<AltitudeMeters>7.780000</AltitudeMeters>
						<HeartRateBpm>
							<Value>109</Value>
						</HeartRateBpm>
						<Cadence>51</Cadence>
						<Extensions>
							<ns3:TPX>
								<ns3:Speed>0.433460</ns3:Speed>
							</ns3:TPX>
						</Extensions>
					</Trackpoint>
					<Trackpoint>
						<Time>2569-05-08T14:37:20Z</Time>
						<Position>
							<LatitudeDegrees>9.145078</LatitudeDegrees>
							<LongitudeDegrees>99.326556</LongitudeDegrees>
						</Position>
						<AltitudeMeters>7.780000</AltitudeMeters>
						<HeartRateBpm>
							<Value>110</Value>
						</HeartRateBpm>
						<Cadence>51</Cadence>
						<Extensions>
							<ns3:TPX>
								<ns3:Speed>0.399680</ns3:Speed>
							</ns3:TPX>
						</Extensions>
					</Trackpoint>
					<Trackpoint>
						<Time>2569-05-08T14:37:21Z</Time>
						<Position>
							<LatitudeDegrees>9.145073</LatitudeDegrees>
							<LongitudeDegrees>99.326551</LongitudeDegrees>
						</Position>
						<AltitudeMeters>7.780000</AltitudeMeters>
						<HeartRateBpm>
							<Value>109</Value>
						</HeartRateBpm>
						<Cadence>51</Cadence>
						<Extensions>
							<ns3:TPX>
								<ns3:Speed>0.404860</ns3:Speed>
							</ns3:TPX>
						</Extensions>
					</Trackpoint>
					<Trackpoint>
						<Time>2569-05-08T14:37:22Z</Time>
						<Position>
							<LatitudeDegrees>9.145068</LatitudeDegrees>
							<LongitudeDegrees>99.326546</LongitudeDegrees>
						</Position>
						<AltitudeMeters>7.780000</AltitudeMeters>
						<HeartRateBpm>
							<Value>109</Value>
						</HeartRateBpm>
						<Cadence>50</Cadence>
						<Extensions>
							<ns3:TPX>
								<ns3:Speed>0.421050</ns3:Speed>
							</ns3:TPX>
						</Extensions>
					</Trackpoint>
					<Trackpoint>
						<Time>2569-05-08T14:37:23Z</Time>
						<Position>
							<LatitudeDegrees>9.145063</LatitudeDegrees>
							<LongitudeDegrees>99.326542</LongitudeDegrees>
						</Position>
						<AltitudeMeters>7.780000</AltitudeMeters>
						<HeartRateBpm>
							<Value>108</Value>
						</HeartRateBpm>
						<Cadence>50</Cadence>
						<Extensions>
							<ns3:TPX>
								<ns3:Speed>0.432150</ns3:Speed>
							</ns3:TPX>
						</Extensions>
					</Trackpoint>
					<Trackpoint>
						<Time>2569-05-08T14:37:24Z</Time>
						<Position>
							<LatitudeDegrees>9.145058</LatitudeDegrees>
							<LongitudeDegrees>99.326538</LongitudeDegrees>
						</Position>
						<AltitudeMeters>7.780000</AltitudeMeters>
						<HeartRateBpm>
							<Value>108</Value>
						</HeartRateBpm>
						<Cadence>50</Cadence>
						<Extensions>
							<ns3:TPX>
								<ns3:Speed>0.432150</ns3:Speed>
							</ns3:TPX>
						</Extensions>
					</Trackpoint>
					<Trackpoint>
						<Time>2569-05-08T14:37:25Z</Time>
						<Position>
							<LatitudeDegrees>9.145052</LatitudeDegrees>
							<LongitudeDegrees>99.326532</LongitudeDegrees>
						</Position>
						<AltitudeMeters>7.780000</AltitudeMeters>
						<HeartRateBpm>
							<Value>108</Value>
						</HeartRateBpm>
						<Cadence>49</Cadence>
						<Extensions>
							<ns3:TPX>
								<ns3:Speed>0.432150</ns3:Speed>
							</ns3:TPX>
						</Extensions>
					</Trackpoint>
					<Trackpoint>
						<Time>2569-05-08T14:37:26Z</Time>
						<Position>
							<LatitudeDegrees>9.145045</LatitudeDegrees>
							<LongitudeDegrees>99.326526</LongitudeDegrees>
						</Position>
						<AltitudeMeters>7.780000</AltitudeMeters>
						<HeartRateBpm>
							<Value>108</Value>
						</HeartRateBpm>
						<Cadence>49</Cadence>
						<Extensions>
							<ns3:TPX>
								<ns3:Speed>0.447630</ns3:Speed>
							</ns3:TPX>
						</Extensions>
					</Trackpoint>
					<Trackpoint>
						<Time>2569-05-08T14:37:27Z</Time>
						<Position>
							<LatitudeDegrees>9.145039</LatitudeDegrees>
							<LongitudeDegrees>99.326519</LongitudeDegrees>
						</Position>
						<AltitudeMeters>7.770000</AltitudeMeters>
						<HeartRateBpm>
							<Value>108</Value>
						</HeartRateBpm>
						<Cadence>49</Cadence>
						<Extensions>
							<ns3:TPX>
								<ns3:Speed>0.479390</ns3:Speed>
							</ns3:TPX>
						</Extensions>
					</Trackpoint>
					<Trackpoint>
						<Time>2569-05-08T14:37:28Z</Time>
						<Position>
							<LatitudeDegrees>9.145032</LatitudeDegrees>
							<LongitudeDegrees>99.326512</LongitudeDegrees>
						</Position>
						<AltitudeMeters>7.770000</AltitudeMeters>
						<HeartRateBpm>
							<Value>108</Value>
						</HeartRateBpm>
						<Cadence>49</Cadence>
						<Extensions>
							<ns3:TPX>
								<ns3:Speed>0.516260</ns3:Speed>
							</ns3:TPX>
						</Extensions>
					</Trackpoint>
					<Trackpoint>
						<Time>2569-05-08T14:37:29Z</Time>
						<Position>
							<LatitudeDegrees>9.145026</LatitudeDegrees>
							<LongitudeDegrees>99.326506</LongitudeDegrees>
						</Position>
						<AltitudeMeters>7.770000</AltitudeMeters>
						<HeartRateBpm>
							<Value>108</Value>
						</HeartRateBpm>
						<Cadence>49</Cadence>
						<Extensions>
							<ns3:TPX>
								<ns3:Speed>0.562750</ns3:Speed>
							</ns3:TPX>
						</Extensions>
					</Trackpoint>
					<Trackpoint>
						<Time>2569-05-08T14:37:30Z</Time>
						<Position>
							<LatitudeDegrees>9.145018</LatitudeDegrees>
							<LongitudeDegrees>99.326499</LongitudeDegrees>
						</Position>
						<AltitudeMeters>7.770000</AltitudeMeters>
						<HeartRateBpm>
							<Value>108</Value>
						</HeartRateBpm>
						<Cadence>50</Cadence>
						<Extensions>
							<ns3:TPX>
								<ns3:Speed>0.594530</ns3:Speed>
							</ns3:TPX>
						</Extensions>
					</Trackpoint>
					<Trackpoint>
						<Time>2569-05-08T14:37:31Z</Time>
						<Position>
							<LatitudeDegrees>9.145011</LatitudeDegrees>
							<LongitudeDegrees>99.326493</LongitudeDegrees>
						</Position>
						<AltitudeMeters>7.770000</AltitudeMeters>
						<HeartRateBpm>
							<Value>108</Value>
						</HeartRateBpm>
						<Cadence>50</Cadence>
						<Extensions>
							<ns3:TPX>
								<ns3:Speed>0.619200</ns3:Speed>
							</ns3:TPX>
						</Extensions>
					</Trackpoint>
					<Trackpoint>
						<Time>2569-05-08T14:37:32Z</Time>
						<Position>
							<LatitudeDegrees>9.145003</LatitudeDegrees>
							<LongitudeDegrees>99.326487</LongitudeDegrees>
						</Position>
						<AltitudeMeters>7.770000</AltitudeMeters>
						<HeartRateBpm>
							<Value>109</Value>
						</HeartRateBpm>
						<Cadence>50</Cadence>
						<Extensions>
							<ns3:TPX>
								<ns3:Speed>0.622670</ns3:Speed>
							</ns3:TPX>
						</Extensions>
					</Trackpoint>
					<Trackpoint>
						<Time>2569-05-08T14:37:33Z</Time>
						<Position>
							<LatitudeDegrees>9.144994</LatitudeDegrees>
							<LongitudeDegrees>99.326480</LongitudeDegrees>
						</Position>
						<AltitudeMeters>7.760000</AltitudeMeters>
						<HeartRateBpm>
							<Value>109</Value>
						</HeartRateBpm>
						<Cadence>51</Cadence>
						<Extensions>
							<ns3:TPX>
								<ns3:Speed>0.624220</ns3:Speed>
							</ns3:TPX>
						</Extensions>
					</Trackpoint>
					<Trackpoint>
						<Time>2569-05-08T14:37:34Z</Time>
						<Position>
							<LatitudeDegrees>9.144984</LatitudeDegrees>
							<LongitudeDegrees>99.326472</LongitudeDegrees>
						</Position>
						<AltitudeMeters>7.760000</AltitudeMeters>
						<HeartRateBpm>
							<Value>110</Value>
						</HeartRateBpm>
						<Cadence>52</Cadence>
						<Extensions>
							<ns3:TPX>
								<ns3:Speed>0.658760</ns3:Speed>
							</ns3:TPX>
						</Extensions>
					</Trackpoint>
					<Trackpoint>
						<Time>2569-05-08T14:37:35Z</Time>
						<Position>
							<LatitudeDegrees>9.144968</LatitudeDegrees>
							<LongitudeDegrees>99.326462</LongitudeDegrees>
						</Position>
						<AltitudeMeters>7.760000</AltitudeMeters>
						<HeartRateBpm>
							<Value>110</Value>
						</HeartRateBpm>
						<Cadence>53</Cadence>
						<Extensions>
							<ns3:TPX>
								<ns3:Speed>0.677970</ns3:Speed>
							</ns3:TPX>
						</Extensions>
					</Trackpoint>
					<Trackpoint>
						<Time>2569-05-08T14:37:36Z</Time>
						<Position>
							<LatitudeDegrees>9.144956</LatitudeDegrees>
							<LongitudeDegrees>99.326452</LongitudeDegrees>
						</Position>
						<AltitudeMeters>7.750000</AltitudeMeters>
						<HeartRateBpm>
							<Value>111</Value>
						</HeartRateBpm>
						<Cadence>54</Cadence>
						<Extensions>
							<ns3:TPX>
								<ns3:Speed>0.683990</ns3:Speed>
							</ns3:TPX>
						</Extensions>
					</Trackpoint>
					<Trackpoint>
						<Time>2569-05-08T14:37:37Z</Time>
						<Position>
							<LatitudeDegrees>9.144943</LatitudeDegrees>
							<LongitudeDegrees>99.326443</LongitudeDegrees>
						</Position>
						<AltitudeMeters>7.750000</AltitudeMeters>
						<HeartRateBpm>
							<Value>111</Value>
						</HeartRateBpm>
						<Cadence>54</Cadence>
						<Extensions>
							<ns3:TPX>
								<ns3:Speed>0.692520</ns3:Speed>
							</ns3:TPX>
						</Extensions>
					</Trackpoint>
					<Trackpoint>
						<Time>2569-05-08T14:37:38Z</Time>
						<Position>
							<LatitudeDegrees>9.144930</LatitudeDegrees>
							<LongitudeDegrees>99.326432</LongitudeDegrees>
						</Position>
						<AltitudeMeters>7.740000</AltitudeMeters>
						<HeartRateBpm>
							<Value>111</Value>
						</HeartRateBpm>
						<Cadence>54</Cadence>
						<Extensions>
							<ns3:TPX>
								<ns3:Speed>0.703230</ns3:Speed>
							</ns3:TPX>
						</Extensions>
					</Trackpoint>
					<Trackpoint>
						<Time>2569-05-08T14:37:39Z</Time>
						<Position>
							<LatitudeDegrees>9.144917</LatitudeDegrees>
							<LongitudeDegrees>99.326422</LongitudeDegrees>
						</Position>
						<AltitudeMeters>7.740000</AltitudeMeters>
						<HeartRateBpm>
							<Value>112</Value>
						</HeartRateBpm>
						<Cadence>54</Cadence>
						<Extensions>
							<ns3:TPX>
								<ns3:Speed>0.715820</ns3:Speed>
							</ns3:TPX>
						</Extensions>
					</Trackpoint>
					<Trackpoint>
						<Time>2569-05-08T14:37:40Z</Time>
						<Position>
							<LatitudeDegrees>9.144904</LatitudeDegrees>
							<LongitudeDegrees>99.326414</LongitudeDegrees>
						</Position>
						<AltitudeMeters>7.740000</AltitudeMeters>
						<HeartRateBpm>
							<Value>112</Value>
						</HeartRateBpm>
						<Cadence>54</Cadence>
						<Extensions>
							<ns3:TPX>
								<ns3:Speed>0.729390</ns3:Speed>
							</ns3:TPX>
						</Extensions>
					</Trackpoint>
					<Trackpoint>
						<Time>2569-05-08T14:37:41Z</Time>
						<Position>
							<LatitudeDegrees>9.144888</LatitudeDegrees>
							<LongitudeDegrees>99.326400</LongitudeDegrees>
						</Position>
						<AltitudeMeters>7.740000</AltitudeMeters>
						<HeartRateBpm>
							<Value>113</Value>
						</HeartRateBpm>
						<Cadence>54</Cadence>
						<Extensions>
							<ns3:TPX>
								<ns3:Speed>0.741290</ns3:Speed>
							</ns3:TPX>
						</Extensions>
					</Trackpoint>
					<Trackpoint>
						<Time>2569-05-08T14:37:42Z</Time>
						<Position>
							<LatitudeDegrees>9.144875</LatitudeDegrees>
							<LongitudeDegrees>99.326384</LongitudeDegrees>
						</Position>
						<AltitudeMeters>7.740000</AltitudeMeters>
						<HeartRateBpm>
							<Value>114</Value>
						</HeartRateBpm>
						<Cadence>54</Cadence>
						<Extensions>
							<ns3:TPX>
								<ns3:Speed>0.752450</ns3:Speed>
							</ns3:TPX>
						</Extensions>
					</Trackpoint>
					<Trackpoint>
						<Time>2569-05-08T14:37:43Z</Time>
						<Position>
							<LatitudeDegrees>9.144863</LatitudeDegrees>
							<LongitudeDegrees>99.326367</LongitudeDegrees>
						</Position>
						<AltitudeMeters>7.750000</AltitudeMeters>
						<Cadence>54</Cadence>
						<Extensions>
							<ns3:TPX>
								<ns3:Speed>0.764530</ns3:Speed>
							</ns3:TPX>
						</Extensions>
					</Trackpoint>
					<Trackpoint>
						<Time>2569-05-08T14:37:44Z</Time>
						<Position>
							<LatitudeDegrees>9.144853</LatitudeDegrees>
							<LongitudeDegrees>99.326351</LongitudeDegrees>
						</Position>
						<AltitudeMeters>7.750000</AltitudeMeters>
						<HeartRateBpm>
							<Value>113</Value>
						</HeartRateBpm>
						<Cadence>54</Cadence>
						<Extensions>
							<ns3:TPX>
								<ns3:Speed>0.778210</ns3:Speed>
							</ns3:TPX>
						</Extensions>
					</Trackpoint>
					<Trackpoint>
						<Time>2569-05-08T14:37:45Z</Time>
						<Position>
							<LatitudeDegrees>9.144843</LatitudeDegrees>
							<LongitudeDegrees>99.326336</LongitudeDegrees>
						</Position>
						<AltitudeMeters>7.760000</AltitudeMeters>
						<HeartRateBpm>
							<Value>113</Value>
						</HeartRateBpm>
						<Cadence>54</Cadence>
						<Extensions>
							<ns3:TPX>
								<ns3:Speed>0.947870</ns3:Speed>
							</ns3:TPX>
						</Extensions>
					</Trackpoint>
					<Trackpoint>
						<Time>2569-05-08T14:37:46Z</Time>
						<Position>
							<LatitudeDegrees>9.144833</LatitudeDegrees>
							<LongitudeDegrees>99.326322</LongitudeDegrees>
						</Position>
						<AltitudeMeters>7.760000</AltitudeMeters>
						<HeartRateBpm>
							<Value>113</Value>
						</HeartRateBpm>
						<Cadence>53</Cadence>
						<Extensions>
							<ns3:TPX>
								<ns3:Speed>1.109880</ns3:Speed>
							</ns3:TPX>
						</Extensions>
					</Trackpoint>
					<Trackpoint>
						<Time>2569-05-08T14:37:47Z</Time>
						<Position>
							<LatitudeDegrees>9.144821</LatitudeDegrees>
							<LongitudeDegrees>99.326308</LongitudeDegrees>
						</Position>
						<AltitudeMeters>7.770000</AltitudeMeters>
						<HeartRateBpm>
							<Value>112</Value>
						</HeartRateBpm>
						<Cadence>82</Cadence>
						<Extensions>
							<ns3:TPX>
								<ns3:Speed>1.295340</ns3:Speed>
							</ns3:TPX>
						</Extensions>
					</Trackpoint>
					<Trackpoint>
						<Time>2569-05-08T14:37:48Z</Time>
						<Position>
							<LatitudeDegrees>9.144805</LatitudeDegrees>
							<LongitudeDegrees>99.326294</LongitudeDegrees>
						</Position>
						<AltitudeMeters>7.760000</AltitudeMeters>
						<HeartRateBpm>
							<Value>113</Value>
						</HeartRateBpm>
						<Cadence>81</Cadence>
						<Extensions>
							<ns3:TPX>
								<ns3:Speed>1.479290</ns3:Speed>
							</ns3:TPX>
						</Extensions>
					</Trackpoint>
					<Trackpoint>
						<Time>2569-05-08T14:37:49Z</Time>
						<Position>
							<LatitudeDegrees>9.144787</LatitudeDegrees>
							<LongitudeDegrees>99.326281</LongitudeDegrees>
						</Position>
						<AltitudeMeters>7.760000</AltitudeMeters>
						<HeartRateBpm>
							<Value>113</Value>
						</HeartRateBpm>
						<Cadence>81</Cadence>
						<Extensions>
							<ns3:TPX>
								<ns3:Speed>1.479290</ns3:Speed>
							</ns3:TPX>
						</Extensions>
					</Trackpoint>
					<Trackpoint>
						<Time>2569-05-08T14:37:50Z</Time>
						<Position>
							<LatitudeDegrees>9.144768</LatitudeDegrees>
							<LongitudeDegrees>99.326267</LongitudeDegrees>
						</Position>
						<AltitudeMeters>7.750000</AltitudeMeters>
						<HeartRateBpm>
							<Value>114</Value>
						</HeartRateBpm>
						<Cadence>80</Cadence>
						<Extensions>
							<ns3:TPX>
								<ns3:Speed>1.769910</ns3:Speed>
							</ns3:TPX>
						</Extensions>
					</Trackpoint>
					<Trackpoint>
						<Time>2569-05-08T14:37:51Z</Time>
						<Position>
							<LatitudeDegrees>9.144750</LatitudeDegrees>
							<LongitudeDegrees>99.326254</LongitudeDegrees>
						</Position>
						<AltitudeMeters>7.740000</AltitudeMeters>
						<HeartRateBpm>
							<Value>114</Value>
						</HeartRateBpm>
						<Cadence>80</Cadence>
						<Extensions>
							<ns3:TPX>
								<ns3:Speed>2.232140</ns3:Speed>
							</ns3:TPX>
						</Extensions>
					</Trackpoint>
					<Trackpoint>
						<Time>2569-05-08T14:37:52Z</Time>
						<Position>
							<LatitudeDegrees>9.144733</LatitudeDegrees>
							<LongitudeDegrees>99.326244</LongitudeDegrees>
						</Position>
						<AltitudeMeters>7.740000</AltitudeMeters>
						<HeartRateBpm>
							<Value>115</Value>
						</HeartRateBpm>
						<Cadence>80</Cadence>
						<Extensions>
							<ns3:TPX>
								<ns3:Speed>2.347420</ns3:Speed>
							</ns3:TPX>
						</Extensions>
					</Trackpoint>
					<Trackpoint>
						<Time>2569-05-08T14:37:53Z</Time>
						<Position>
							<LatitudeDegrees>9.144719</LatitudeDegrees>
							<LongitudeDegrees>99.326236</LongitudeDegrees>
						</Position>
						<AltitudeMeters>7.740000</AltitudeMeters>
						<HeartRateBpm>
							<Value>117</Value>
						</HeartRateBpm>
						<Cadence>80</Cadence>
						<Extensions>
							<ns3:TPX>
								<ns3:Speed>2.293580</ns3:Speed>
							</ns3:TPX>
						</Extensions>
					</Trackpoint>
					<Trackpoint>
						<Time>2569-05-08T14:37:54Z</Time>
						<Position>
							<LatitudeDegrees>9.144709</LatitudeDegrees>
							<LongitudeDegrees>99.326226</LongitudeDegrees>
						</Position>
						<AltitudeMeters>7.740000</AltitudeMeters>
						<HeartRateBpm>
							<Value>118</Value>
						</HeartRateBpm>
						<Cadence>79</Cadence>
						<Extensions>
							<ns3:TPX>
								<ns3:Speed>2.293580</ns3:Speed>
							</ns3:TPX>
						</Extensions>
					</Trackpoint>
					<Trackpoint>
						<Time>2569-05-08T14:37:55Z</Time>
						<Position>
							<LatitudeDegrees>9.144702</LatitudeDegrees>
							<LongitudeDegrees>99.326215</LongitudeDegrees>
						</Position>
						<AltitudeMeters>7.740000</AltitudeMeters>
						<HeartRateBpm>
							<Value>121</Value>
						</HeartRateBpm>
						<Cadence>78</Cadence>
						<Extensions>
							<ns3:TPX>
								<ns3:Speed>2.145920</ns3:Speed>
							</ns3:TPX>
						</Extensions>
					</Trackpoint>
					<Trackpoint>
						<Time>2569-05-08T14:37:56Z</Time>
						<Position>
							<LatitudeDegrees>9.144696</LatitudeDegrees>
							<LongitudeDegrees>99.326204</LongitudeDegrees>
						</Position>
						<AltitudeMeters>7.740000</AltitudeMeters>
						<HeartRateBpm>
							<Value>122</Value>
						</HeartRateBpm>
						<Cadence>78</Cadence>
						<Extensions>
							<ns3:TPX>
								<ns3:Speed>1.848430</ns3:Speed>
							</ns3:TPX>
						</Extensions>
					</Trackpoint>
					<Trackpoint>
						<Time>2569-05-08T14:37:57Z</Time>
						<Position>
							<LatitudeDegrees>9.144689</LatitudeDegrees>
							<LongitudeDegrees>99.326195</LongitudeDegrees>
						</Position>
						<AltitudeMeters>7.740000</AltitudeMeters>
						<HeartRateBpm>
							<Value>123</Value>
						</HeartRateBpm>
						<Cadence>77</Cadence>
						<Extensions>
							<ns3:TPX>
								<ns3:Speed>1.672240</ns3:Speed>
							</ns3:TPX>
						</Extensions>
					</Trackpoint>
					<Trackpoint>
						<Time>2569-05-08T14:37:58Z</Time>
						<Position>
							<LatitudeDegrees>9.144682</LatitudeDegrees>
							<LongitudeDegrees>99.326188</LongitudeDegrees>
						</Position>
						<AltitudeMeters>7.740000</AltitudeMeters>
						<HeartRateBpm>
							<Value>123</Value>
						</HeartRateBpm>
						<Cadence>77</Cadence>
						<Extensions>
							<ns3:TPX>
								<ns3:Speed>1.644740</ns3:Speed>
							</ns3:TPX>
						</Extensions>
					</Trackpoint>
					<Trackpoint>
						<Time>2569-05-08T14:37:59Z</Time>
						<Position>
							<LatitudeDegrees>9.144681</LatitudeDegrees>
							<LongitudeDegrees>99.326173</LongitudeDegrees>
						</Position>
						<AltitudeMeters>7.740000</AltitudeMeters>
						<HeartRateBpm>
							<Value>123</Value>
						</HeartRateBpm>
						<Cadence>56</Cadence>
						<Extensions>
							<ns3:TPX>
								<ns3:Speed>1.642040</ns3:Speed>
							</ns3:TPX>
						</Extensions>
					</Trackpoint>
					<Trackpoint>
						<Time>2569-05-08T14:38:00Z</Time>
						<Position>
							<LatitudeDegrees>9.144678</LatitudeDegrees>
							<LongitudeDegrees>99.326161</LongitudeDegrees>
						</Position>
						<AltitudeMeters>7.740000</AltitudeMeters>
						<HeartRateBpm>
							<Value>123</Value>
						</HeartRateBpm>
						<Cadence>56</Cadence>
						<Extensions>
							<ns3:TPX>
								<ns3:Speed>1.555210</ns3:Speed>
							</ns3:TPX>
						</Extensions>
					</Trackpoint>
					<Trackpoint>
						<Time>2569-05-08T14:38:01Z</Time>
						<Position>
							<LatitudeDegrees>9.144674</LatitudeDegrees>
							<LongitudeDegrees>99.326149</LongitudeDegrees>
						</Position>
						<AltitudeMeters>7.750000</AltitudeMeters>
						<HeartRateBpm>
							<Value>123</Value>
						</HeartRateBpm>
						<Cadence>55</Cadence>
						<Extensions>
							<ns3:TPX>
								<ns3:Speed>1.402520</ns3:Speed>
							</ns3:TPX>
						</Extensions>
					</Trackpoint>
					<Trackpoint>
						<Time>2569-05-08T14:38:02Z</Time>
						<Position>
							<LatitudeDegrees>9.144669</LatitudeDegrees>
							<LongitudeDegrees>99.326138</LongitudeDegrees>
						</Position>
						<AltitudeMeters>7.750000</AltitudeMeters>
						<HeartRateBpm>
							<Value>123</Value>
						</HeartRateBpm>
						<Cadence>55</Cadence>
						<Extensions>
							<ns3:TPX>
								<ns3:Speed>1.340480</ns3:Speed>
							</ns3:TPX>
						</Extensions>
					</Trackpoint>
					<Trackpoint>
						<Time>2569-05-08T14:38:03Z</Time>
						<Position>
							<LatitudeDegrees>9.144662</LatitudeDegrees>
							<LongitudeDegrees>99.326128</LongitudeDegrees>
						</Position>
						<AltitudeMeters>7.740000</AltitudeMeters>
						<HeartRateBpm>
							<Value>122</Value>
						</HeartRateBpm>
						<Cadence>55</Cadence>
						<Extensions>
							<ns3:TPX>
								<ns3:Speed>1.297020</ns3:Speed>
							</ns3:TPX>
						</Extensions>
					</Trackpoint>
					<Trackpoint>
						<Time>2569-05-08T14:38:04Z</Time>
						<Position>
							<LatitudeDegrees>9.144656</LatitudeDegrees>
							<LongitudeDegrees>99.326119</LongitudeDegrees>
						</Position>
						<AltitudeMeters>7.740000</AltitudeMeters>
						<HeartRateBpm>
							<Value>122</Value>
						</HeartRateBpm>
						<Cadence>56</Cadence>
						<Extensions>
							<ns3:TPX>
								<ns3:Speed>1.253130</ns3:Speed>
							</ns3:TPX>
						</Extensions>
					</Trackpoint>
					<Trackpoint>
						<Time>2569-05-08T14:38:05Z</Time>
						<Position>
							<LatitudeDegrees>9.144652</LatitudeDegrees>
							<LongitudeDegrees>99.326106</LongitudeDegrees>
						</Position>
						<AltitudeMeters>7.740000</AltitudeMeters>
						<HeartRateBpm>
							<Value>121</Value>
						</HeartRateBpm>
						<Cadence>57</Cadence>
						<Extensions>
							<ns3:TPX>
								<ns3:Speed>1.262630</ns3:Speed>
							</ns3:TPX>
						</Extensions>
					</Trackpoint>
					<Trackpoint>
						<Time>2569-05-08T14:38:06Z</Time>
						<Position>
							<LatitudeDegrees>9.144648</LatitudeDegrees>
							<LongitudeDegrees>99.326095</LongitudeDegrees>
						</Position>
						<AltitudeMeters>7.740000</AltitudeMeters>
						<HeartRateBpm>
							<Value>121</Value>
						</HeartRateBpm>
						<Cadence>57</Cadence>
						<Extensions>
							<ns3:TPX>
								<ns3:Speed>1.262630</ns3:Speed>
							</ns3:TPX>
						</Extensions>
					</Trackpoint>
					<Trackpoint>
						<Time>2569-05-08T14:38:07Z</Time>
						<Position>
							<LatitudeDegrees>9.144642</LatitudeDegrees>
							<LongitudeDegrees>99.326085</LongitudeDegrees>
						</Position>
						<AltitudeMeters>7.730000</AltitudeMeters>
						<HeartRateBpm>
							<Value>121</Value>
						</HeartRateBpm>
						<Cadence>57</Cadence>
						<Extensions>
							<ns3:TPX>
								<ns3:Speed>1.250000</ns3:Speed>
							</ns3:TPX>
						</Extensions>
					</Trackpoint>
					<Trackpoint>
						<Time>2569-05-08T14:38:08Z</Time>
						<Position>
							<LatitudeDegrees>9.144636</LatitudeDegrees>
							<LongitudeDegrees>99.326075</LongitudeDegrees>
						</Position>
						<AltitudeMeters>7.730000</AltitudeMeters>
						<HeartRateBpm>
							<Value>119</Value>
						</HeartRateBpm>
						<Cadence>57</Cadence>
						<Extensions>
							<ns3:TPX>
								<ns3:Speed>1.239160</ns3:Speed>
							</ns3:TPX>
						</Extensions>
					</Trackpoint>
					<Trackpoint>
						<Time>2569-05-08T14:38:09Z</Time>
						<Position>
							<LatitudeDegrees>9.144631</LatitudeDegrees>
							<LongitudeDegrees>99.326064</LongitudeDegrees>
						</Position>
						<AltitudeMeters>7.730000</AltitudeMeters>
						<HeartRateBpm>
							<Value>119</Value>
						</HeartRateBpm>
						<Cadence>57</Cadence>
						<Extensions>
							<ns3:TPX>
								<ns3:Speed>1.218030</ns3:Speed>
							</ns3:TPX>
						</Extensions>
					</Trackpoint>
					<Trackpoint>
						<Time>2569-05-08T14:38:10Z</Time>
						<Position>
							<LatitudeDegrees>9.144627</LatitudeDegrees>
							<LongitudeDegrees>99.326052</LongitudeDegrees>
						</Position>
						<AltitudeMeters>7.720000</AltitudeMeters>
						<HeartRateBpm>
							<Value>117</Value>
						</HeartRateBpm>
						<Cadence>56</Cadence>
						<Extensions>
							<ns3:TPX>
								<ns3:Speed>1.207730</ns3:Speed>
							</ns3:TPX>
						</Extensions>
					</Trackpoint>
					<Trackpoint>
						<Time>2569-05-08T14:38:11Z</Time>
						<Position>
							<LatitudeDegrees>9.144623</LatitudeDegrees>
							<LongitudeDegrees>99.326038</LongitudeDegrees>
						</Position>
						<AltitudeMeters>7.710000</AltitudeMeters>
						<HeartRateBpm>
							<Value>117</Value>
						</HeartRateBpm>
						<Cadence>55</Cadence>
						<Extensions>
							<ns3:TPX>
								<ns3:Speed>1.218030</ns3:Speed>
							</ns3:TPX>
						</Extensions>
					</Trackpoint>
					<Trackpoint>
						<Time>2569-05-08T14:38:12Z</Time>
						<Position>
							<LatitudeDegrees>9.144621</LatitudeDegrees>
							<LongitudeDegrees>99.326023</LongitudeDegrees>
						</Position>
						<AltitudeMeters>7.710000</AltitudeMeters>
						<HeartRateBpm>
							<Value>117</Value>
						</HeartRateBpm>
						<Cadence>55</Cadence>
						<Extensions>
							<ns3:TPX>
								<ns3:Speed>1.222490</ns3:Speed>
							</ns3:TPX>
						</Extensions>
					</Trackpoint>
					<Trackpoint>
						<Time>2569-05-08T14:38:13Z</Time>
						<Position>
							<LatitudeDegrees>9.144622</LatitudeDegrees>
							<LongitudeDegrees>99.326001</LongitudeDegrees>
						</Position>
						<AltitudeMeters>7.700000</AltitudeMeters>
						<HeartRateBpm>
							<Value>117</Value>
						</HeartRateBpm>
						<Cadence>55</Cadence>
						<Extensions>
							<ns3:TPX>
								<ns3:Speed>1.132500</ns3:Speed>
							</ns3:TPX>
						</Extensions>
					</Trackpoint>
					<Trackpoint>
						<Time>2569-05-08T14:38:14Z</Time>
						<Position>
							<LatitudeDegrees>9.144621</LatitudeDegrees>
							<LongitudeDegrees>99.325984</LongitudeDegrees>
						</Position>
						<AltitudeMeters>7.680000</AltitudeMeters>
						<HeartRateBpm>
							<Value>118</Value>
						</HeartRateBpm>
						<Cadence>56</Cadence>
						<Extensions>
							<ns3:TPX>
								<ns3:Speed>1.046030</ns3:Speed>
							</ns3:TPX>
						</Extensions>
					</Trackpoint>
					<Trackpoint>
						<Time>2569-05-08T14:38:15Z</Time>
						<Position>
							<LatitudeDegrees>9.144619</LatitudeDegrees>
							<LongitudeDegrees>99.325970</LongitudeDegrees>
						</Position>
						<AltitudeMeters>7.680000</AltitudeMeters>
						<HeartRateBpm>
							<Value>118</Value>
						</HeartRateBpm>
						<Cadence>57</Cadence>
						<Extensions>
							<ns3:TPX>
								<ns3:Speed>1.034130</ns3:Speed>
							</ns3:TPX>
						</Extensions>
					</Trackpoint>
					<Trackpoint>
						<Time>2569-05-08T14:38:16Z</Time>
						<Position>
							<LatitudeDegrees>9.144617</LatitudeDegrees>
							<LongitudeDegrees>99.325958</LongitudeDegrees>
						</Position>
						<AltitudeMeters>7.670000</AltitudeMeters>
						<HeartRateBpm>
							<Value>118</Value>
						</HeartRateBpm>
						<Cadence>57</Cadence>
						<Extensions>
							<ns3:TPX>
								<ns3:Speed>1.025640</ns3:Speed>
							</ns3:TPX>
						</Extensions>
					</Trackpoint>
					<Trackpoint>
						<Time>2569-05-08T14:38:17Z</Time>
						<Position>
							<LatitudeDegrees>9.144615</LatitudeDegrees>
							<LongitudeDegrees>99.325947</LongitudeDegrees>
						</Position>
						<AltitudeMeters>7.660000</AltitudeMeters>
						<HeartRateBpm>
							<Value>118</Value>
						</HeartRateBpm>
						<Cadence>56</Cadence>
						<Extensions>
							<ns3:TPX>
								<ns3:Speed>1.025640</ns3:Speed>
							</ns3:TPX>
						</Extensions>
					</Trackpoint>
					<Trackpoint>
						<Time>2569-05-08T14:38:18Z</Time>
						<Position>
							<LatitudeDegrees>9.144610</LatitudeDegrees>
							<LongitudeDegrees>99.325938</LongitudeDegrees>
						</Position>
						<AltitudeMeters>7.650000</AltitudeMeters>
						<HeartRateBpm>
							<Value>117</Value>
						</HeartRateBpm>
						<Cadence>56</Cadence>
						<Extensions>
							<ns3:TPX>
								<ns3:Speed>1.012150</ns3:Speed>
							</ns3:TPX>
						</Extensions>
					</Trackpoint>
					<Trackpoint>
						<Time>2569-05-08T14:38:19Z</Time>
						<Position>
							<LatitudeDegrees>9.144601</LatitudeDegrees>
							<LongitudeDegrees>99.325926</LongitudeDegrees>
						</Position>
						<AltitudeMeters>7.640000</AltitudeMeters>
						<HeartRateBpm>
							<Value>117</Value>
						</HeartRateBpm>
						<Cadence>55</Cadence>
						<Extensions>
							<ns3:TPX>
								<ns3:Speed>0.974660</ns3:Speed>
							</ns3:TPX>
						</Extensions>
					</Trackpoint>
					<Trackpoint>
						<Time>2569-05-08T14:38:20Z</Time>
						<Position>
							<LatitudeDegrees>9.144590</LatitudeDegrees>
							<LongitudeDegrees>99.325913</LongitudeDegrees>
						</Position>
						<AltitudeMeters>7.630000</AltitudeMeters>
						<HeartRateBpm>
							<Value>117</Value>
						</HeartRateBpm>
						<Cadence>55</Cadence>
						<Extensions>
							<ns3:TPX>
								<ns3:Speed>0.950570</ns3:Speed>
							</ns3:TPX>
						</Extensions>
					</Trackpoint>
					<Trackpoint>
						<Time>2569-05-08T14:38:21Z</Time>
						<Position>
							<LatitudeDegrees>9.144580</LatitudeDegrees>
							<LongitudeDegrees>99.325901</LongitudeDegrees>
						</Position>
						<AltitudeMeters>7.620000</AltitudeMeters>
						<HeartRateBpm>
							<Value>116</Value>
						</HeartRateBpm>
						<Cadence>55</Cadence>
						<Extensions>
							<ns3:TPX>
								<ns3:Speed>0.950570</ns3:Speed>
							</ns3:TPX>
						</Extensions>
					</Trackpoint>
					<Trackpoint>
						<Time>2569-05-08T14:38:22Z</Time>
						<Position>
							<LatitudeDegrees>9.144571</LatitudeDegrees>
							<LongitudeDegrees>99.325893</LongitudeDegrees>
						</Position>
						<AltitudeMeters>7.620000</AltitudeMeters>
						<HeartRateBpm>
							<Value>116</Value>
						</HeartRateBpm>
						<Cadence>55</Cadence>
						<Extensions>
							<ns3:TPX>
								<ns3:Speed>0.962460</ns3:Speed>
							</ns3:TPX>
						</Extensions>
					</Trackpoint>
					<Trackpoint>
						<Time>2569-05-08T14:38:23Z</Time>
						<Position>
							<LatitudeDegrees>9.144563</LatitudeDegrees>
							<LongitudeDegrees>99.325887</LongitudeDegrees>
						</Position>
						<AltitudeMeters>7.610000</AltitudeMeters>
						<HeartRateBpm>
							<Value>115</Value>
						</HeartRateBpm>
						<Cadence>55</Cadence>
						<Extensions>
							<ns3:TPX>
								<ns3:Speed>0.957850</ns3:Speed>
							</ns3:TPX>
						</Extensions>
					</Trackpoint>
					<Trackpoint>
						<Time>2569-05-08T14:38:24Z</Time>
						<Position>
							<LatitudeDegrees>9.144557</LatitudeDegrees>
							<LongitudeDegrees>99.325879</LongitudeDegrees>
						</Position>
						<AltitudeMeters>7.610000</AltitudeMeters>
						<HeartRateBpm>
							<Value>115</Value>
						</HeartRateBpm>
						<Cadence>55</Cadence>
						<Extensions>
							<ns3:TPX>
								<ns3:Speed>0.941620</ns3:Speed>
							</ns3:TPX>
						</Extensions>
					</Trackpoint>
					<Trackpoint>
						<Time>2569-05-08T14:38:25Z</Time>
						<Position>
							<LatitudeDegrees>9.144553</LatitudeDegrees>
							<LongitudeDegrees>99.325869</LongitudeDegrees>
						</Position>
						<AltitudeMeters>7.600000</AltitudeMeters>
						<HeartRateBpm>
							<Value>115</Value>
						</HeartRateBpm>
						<Cadence>55</Cadence>
						<Extensions>
							<ns3:TPX>
								<ns3:Speed>0.946070</ns3:Speed>
							</ns3:TPX>
						</Extensions>
					</Trackpoint>
					<Trackpoint>
						<Time>2569-05-08T14:38:26Z</Time>
						<Position>
							<LatitudeDegrees>9.144551</LatitudeDegrees>
							<LongitudeDegrees>99.325858</LongitudeDegrees>
						</Position>
						<AltitudeMeters>7.600000</AltitudeMeters>
						<HeartRateBpm>
							<Value>115</Value>
						</HeartRateBpm>
						<Cadence>56</Cadence>
						<Extensions>
							<ns3:TPX>
								<ns3:Speed>0.959690</ns3:Speed>
							</ns3:TPX>
						</Extensions>
					</Trackpoint>
					<Trackpoint>
						<Time>2569-05-08T14:38:27Z</Time>
						<Position>
							<LatitudeDegrees>9.144549</LatitudeDegrees>
							<LongitudeDegrees>99.325850</LongitudeDegrees>
						</Position>
						<AltitudeMeters>7.590000</AltitudeMeters>
						<HeartRateBpm>
							<Value>115</Value>
						</HeartRateBpm>
						<Cadence>56</Cadence>
						<Extensions>
							<ns3:TPX>
								<ns3:Speed>0.977520</ns3:Speed>
							</ns3:TPX>
						</Extensions>
					</Trackpoint>
					<Trackpoint>
						<Time>2569-05-08T14:38:28Z</Time>
						<Position>
							<LatitudeDegrees>9.144547</LatitudeDegrees>
							<LongitudeDegrees>99.325841</LongitudeDegrees>
						</Position>
						<AltitudeMeters>7.590000</AltitudeMeters>
						<HeartRateBpm>
							<Value>115</Value>
						</HeartRateBpm>
						<Cadence>56</Cadence>
						<Extensions>
							<ns3:TPX>
								<ns3:Speed>0.990100</ns3:Speed>
							</ns3:TPX>
						</Extensions>
					</Trackpoint>
					<Trackpoint>
						<Time>2569-05-08T14:38:29Z</Time>
						<Position>
							<LatitudeDegrees>9.144545</LatitudeDegrees>
							<LongitudeDegrees>99.325832</LongitudeDegrees>
						</Position>
						<AltitudeMeters>7.590000</AltitudeMeters>
						<HeartRateBpm>
							<Value>115</Value>
						</HeartRateBpm>
						<Cadence>56</Cadence>
						<Extensions>
							<ns3:TPX>
								<ns3:Speed>0.998000</ns3:Speed>
							</ns3:TPX>
						</Extensions>
					</Trackpoint>
					<Trackpoint>
						<Time>2569-05-08T14:38:30Z</Time>
						<Position>
							<LatitudeDegrees>9.144543</LatitudeDegrees>
							<LongitudeDegrees>99.325822</LongitudeDegrees>
						</Position>
						<AltitudeMeters>7.580000</AltitudeMeters>
						<HeartRateBpm>
							<Value>115</Value>
						</HeartRateBpm>
						<Cadence>56</Cadence>
						<Extensions>
							<ns3:TPX>
								<ns3:Speed>1.003010</ns3:Speed>
							</ns3:TPX>
						</Extensions>
					</Trackpoint>
					<Trackpoint>
						<Time>2569-05-08T14:38:31Z</Time>
						<Position>
							<LatitudeDegrees>9.144540</LatitudeDegrees>
							<LongitudeDegrees>99.325811</LongitudeDegrees>
						</Position>
						<AltitudeMeters>7.580000</AltitudeMeters>
						<HeartRateBpm>
							<Value>115</Value>
						</HeartRateBpm>
						<Cadence>56</Cadence>
						<Extensions>
							<ns3:TPX>
								<ns3:Speed>1.007050</ns3:Speed>
							</ns3:TPX>
						</Extensions>
					</Trackpoint>
					<Trackpoint>
						<Time>2569-05-08T14:38:32Z</Time>
						<Position>
							<LatitudeDegrees>9.144537</LatitudeDegrees>
							<LongitudeDegrees>99.325799</LongitudeDegrees>
						</Position>
						<AltitudeMeters>7.570000</AltitudeMeters>
						<HeartRateBpm>
							<Value>116</Value>
						</HeartRateBpm>
						<Cadence>56</Cadence>
						<Extensions>
							<ns3:TPX>
								<ns3:Speed>1.009080</ns3:Speed>
							</ns3:TPX>
						</Extensions>
					</Trackpoint>
					<Trackpoint>
						<Time>2569-05-08T14:38:33Z</Time>
						<Position>
							<LatitudeDegrees>9.144532</LatitudeDegrees>
							<LongitudeDegrees>99.325788</LongitudeDegrees>
						</Position>
						<AltitudeMeters>7.570000</AltitudeMeters>
						<HeartRateBpm>
							<Value>116</Value>
						</HeartRateBpm>
						<Cadence>56</Cadence>
						<Extensions>
							<ns3:TPX>
								<ns3:Speed>1.010100</ns3:Speed>
							</ns3:TPX>
						</Extensions>
					</Trackpoint>
					<Trackpoint>
						<Time>2569-05-08T14:38:34Z</Time>
						<Position>
							<LatitudeDegrees>9.144527</LatitudeDegrees>
							<LongitudeDegrees>99.325777</LongitudeDegrees>
						</Position>
						<AltitudeMeters>7.570000</AltitudeMeters>
						<HeartRateBpm>
							<Value>116</Value>
						</HeartRateBpm>
						<Cadence>55</Cadence>
						<Extensions>
							<ns3:TPX>
								<ns3:Speed>1.008060</ns3:Speed>
							</ns3:TPX>
						</Extensions>
					</Trackpoint>
					<Trackpoint>
						<Time>2569-05-08T14:38:35Z</Time>
						<Position>
							<LatitudeDegrees>9.144520</LatitudeDegrees>
							<LongitudeDegrees>99.325766</LongitudeDegrees>
						</Position>
						<AltitudeMeters>7.570000</AltitudeMeters>
						<HeartRateBpm>
							<Value>117</Value>
						</HeartRateBpm>
						<Cadence>55</Cadence>
						<Extensions>
							<ns3:TPX>
								<ns3:Speed>1.002000</ns3:Speed>
							</ns3:TPX>
						</Extensions>
					</Trackpoint>
					<Trackpoint>
						<Time>2569-05-08T14:38:36Z</Time>
						<Position>
							<LatitudeDegrees>9.144512</LatitudeDegrees>
							<LongitudeDegrees>99.325754</LongitudeDegrees>
						</Position>
						<AltitudeMeters>7.570000</AltitudeMeters>
						<HeartRateBpm>
							<Value>117</Value>
						</HeartRateBpm>
						<Cadence>55</Cadence>
						<Extensions>
							<ns3:TPX>
								<ns3:Speed>0.996020</ns3:Speed>
							</ns3:TPX>
						</Extensions>
					</Trackpoint>
					<Trackpoint>
						<Time>2569-05-08T14:38:37Z</Time>
						<Position>
							<LatitudeDegrees>9.144503</LatitudeDegrees>
							<LongitudeDegrees>99.325743</LongitudeDegrees>
						</Position>
						<AltitudeMeters>7.570000</AltitudeMeters>
						<HeartRateBpm>
							<Value>116</Value>
						</HeartRateBpm>
						<Cadence>55</Cadence>
						<Extensions>
							<ns3:TPX>
								<ns3:Speed>0.991080</ns3:Speed>
							</ns3:TPX>
						</Extensions>
					</Trackpoint>
					<Trackpoint>
						<Time>2569-05-08T14:38:38Z</Time>
						<Position>
							<LatitudeDegrees>9.144494</LatitudeDegrees>
							<LongitudeDegrees>99.325733</LongitudeDegrees>
						</Position>
						<AltitudeMeters>7.570000</AltitudeMeters>
						<HeartRateBpm>
							<Value>116</Value>
						</HeartRateBpm>
						<Cadence>55</Cadence>
						<Extensions>
							<ns3:TPX>
								<ns3:Speed>0.987170</ns3:Speed>
							</ns3:TPX>
						</Extensions>
					</Trackpoint>
					<Trackpoint>
						<Time>2569-05-08T14:38:39Z</Time>
						<Position>
							<LatitudeDegrees>9.144486</LatitudeDegrees>
							<LongitudeDegrees>99.325723</LongitudeDegrees>
						</Position>
						<AltitudeMeters>7.570000</AltitudeMeters>
						<HeartRateBpm>
							<Value>116</Value>
						</HeartRateBpm>
						<Cadence>55</Cadence>
						<Extensions>
							<ns3:TPX>
								<ns3:Speed>0.986190</ns3:Speed>
							</ns3:TPX>
						</Extensions>
					</Trackpoint>
					<Trackpoint>
						<Time>2569-05-08T14:38:40Z</Time>
						<Position>
							<LatitudeDegrees>9.144476</LatitudeDegrees>
							<LongitudeDegrees>99.325713</LongitudeDegrees>
						</Position>
						<AltitudeMeters>7.570000</AltitudeMeters>
						<HeartRateBpm>
							<Value>116</Value>
						</HeartRateBpm>
						<Cadence>55</Cadence>
						<Extensions>
							<ns3:TPX>
								<ns3:Speed>0.987170</ns3:Speed>
							</ns3:TPX>
						</Extensions>
					</Trackpoint>
					<Trackpoint>
						<Time>2569-05-08T14:38:41Z</Time>
						<Position>
							<LatitudeDegrees>9.144467</LatitudeDegrees>
							<LongitudeDegrees>99.325703</LongitudeDegrees>
						</Position>
						<AltitudeMeters>7.570000</AltitudeMeters>
						<HeartRateBpm>
							<Value>116</Value>
						</HeartRateBpm>
						<Cadence>55</Cadence>
						<Extensions>
							<ns3:TPX>
								<ns3:Speed>0.991080</ns3:Speed>
							</ns3:TPX>
						</Extensions>
					</Trackpoint>
					<Trackpoint>
						<Time>2569-05-08T14:38:42Z</Time>
						<Position>
							<LatitudeDegrees>9.144454</LatitudeDegrees>
							<LongitudeDegrees>99.325696</LongitudeDegrees>
						</Position>
						<AltitudeMeters>7.560000</AltitudeMeters>
						<HeartRateBpm>
							<Value>116</Value>
						</HeartRateBpm>
						<Cadence>55</Cadence>
						<Extensions>
							<ns3:TPX>
								<ns3:Speed>0.995020</ns3:Speed>
							</ns3:TPX>
						</Extensions>
					</Trackpoint>
					<Trackpoint>
						<Time>2569-05-08T14:38:43Z</Time>
						<Position>
							<LatitudeDegrees>9.144435</LatitudeDegrees>
							<LongitudeDegrees>99.325694</LongitudeDegrees>
						</Position>
						<AltitudeMeters>7.560000</AltitudeMeters>
						<HeartRateBpm>
							<Value>117</Value>
						</HeartRateBpm>
						<Cadence>55</Cadence>
						<Extensions>
							<ns3:TPX>
								<ns3:Speed>0.998000</ns3:Speed>
							</ns3:TPX>
						</Extensions>
					</Trackpoint>
					<Trackpoint>
						<Time>2569-05-08T14:38:44Z</Time>
						<Position>
							<LatitudeDegrees>9.144419</LatitudeDegrees>
							<LongitudeDegrees>99.325691</LongitudeDegrees>
						</Position>
						<AltitudeMeters>7.560000</AltitudeMeters>
						<HeartRateBpm>
							<Value>117</Value>
						</HeartRateBpm>
						<Cadence>54</Cadence>
						<Extensions>
							<ns3:TPX>
								<ns3:Speed>1.002000</ns3:Speed>
							</ns3:TPX>
						</Extensions>
					</Trackpoint>
					<Trackpoint>
						<Time>2569-05-08T14:38:45Z</Time>
						<Position>
							<LatitudeDegrees>9.144405</LatitudeDegrees>
							<LongitudeDegrees>99.325687</LongitudeDegrees>
						</Position>
						<AltitudeMeters>7.560000</AltitudeMeters>
						<HeartRateBpm>
							<Value>117</Value>
						</HeartRateBpm>
						<Cadence>54</Cadence>
						<Extensions>
							<ns3:TPX>
								<ns3:Speed>1.007050</ns3:Speed>
							</ns3:TPX>
						</Extensions>
					</Trackpoint>
					<Trackpoint>
						<Time>2569-05-08T14:38:46Z</Time>
						<Position>
							<LatitudeDegrees>9.144394</LatitudeDegrees>
							<LongitudeDegrees>99.325679</LongitudeDegrees>
						</Position>
						<AltitudeMeters>7.560000</AltitudeMeters>
						<HeartRateBpm>
							<Value>117</Value>
						</HeartRateBpm>
						<Cadence>54</Cadence>
						<Extensions>
							<ns3:TPX>
								<ns3:Speed>1.010100</ns3:Speed>
							</ns3:TPX>
						</Extensions>
					</Trackpoint>
					<Trackpoint>
						<Time>2569-05-08T14:38:47Z</Time>
						<Position>
							<LatitudeDegrees>9.144383</LatitudeDegrees>
							<LongitudeDegrees>99.325671</LongitudeDegrees>
						</Position>
						<AltitudeMeters>7.550000</AltitudeMeters>
						<HeartRateBpm>
							<Value>116</Value>
						</HeartRateBpm>
						<Cadence>54</Cadence>
						<Extensions>
							<ns3:TPX>
								<ns3:Speed>1.013170</ns3:Speed>
							</ns3:TPX>
						</Extensions>
					</Trackpoint>
					<Trackpoint>
						<Time>2569-05-08T14:38:48Z</Time>
						<Position>
							<LatitudeDegrees>9.144373</LatitudeDegrees>
							<LongitudeDegrees>99.325660</LongitudeDegrees>
						</Position>
						<AltitudeMeters>7.520000</AltitudeMeters>
						<HeartRateBpm>
							<Value>115</Value>
						</HeartRateBpm>
						<Cadence>54</Cadence>
						<Extensions>
							<ns3:TPX>
								<ns3:Speed>1.014200</ns3:Speed>
							</ns3:TPX>
						</Extensions>
					</Trackpoint>
					<Trackpoint>
						<Time>2569-05-08T14:38:49Z</Time>
						<Position>
							<LatitudeDegrees>9.144364</LatitudeDegrees>
							<LongitudeDegrees>99.325648</LongitudeDegrees>
						</Position>
						<AltitudeMeters>7.500000</AltitudeMeters>
						<Cadence>54</Cadence>
						<Extensions>
							<ns3:TPX>
								<ns3:Speed>1.014200</ns3:Speed>
							</ns3:TPX>
						</Extensions>
					</Trackpoint>
					<Trackpoint>
						<Time>2569-05-08T14:38:50Z</Time>
						<Position>
							<LatitudeDegrees>9.144356</LatitudeDegrees>
							<LongitudeDegrees>99.325635</LongitudeDegrees>
						</Position>
						<AltitudeMeters>7.460000</AltitudeMeters>
						<HeartRateBpm>
							<Value>115</Value>
						</HeartRateBpm>
						<Cadence>54</Cadence>
						<Extensions>
							<ns3:TPX>
								<ns3:Speed>1.012150</ns3:Speed>
							</ns3:TPX>
						</Extensions>
					</Trackpoint>
					<Trackpoint>
						<Time>2569-05-08T14:38:51Z</Time>
						<Position>
							<LatitudeDegrees>9.144348</LatitudeDegrees>
							<LongitudeDegrees>99.325624</LongitudeDegrees>
						</Position>
						<AltitudeMeters>7.470000</AltitudeMeters>
						<HeartRateBpm>
							<Value>115</Value>
						</HeartRateBpm>
						<Cadence>54</Cadence>
						<Extensions>
							<ns3:TPX>
								<ns3:Speed>1.011120</ns3:Speed>
							</ns3:TPX>
						</Extensions>
					</Trackpoint>
					<Trackpoint>
						<Time>2569-05-08T14:38:52Z</Time>
						<Position>
							<LatitudeDegrees>9.144341</LatitudeDegrees>
							<LongitudeDegrees>99.325612</LongitudeDegrees>
						</Position>
						<AltitudeMeters>7.470000</AltitudeMeters>
						<HeartRateBpm>
							<Value>115</Value>
						</HeartRateBpm>
						<Cadence>54</Cadence>
						<Extensions>
							<ns3:TPX>
								<ns3:Speed>1.009080</ns3:Speed>
							</ns3:TPX>
						</Extensions>
					</Trackpoint>
					<Trackpoint>
						<Time>2569-05-08T14:38:53Z</Time>
						<Position>
							<LatitudeDegrees>9.144334</LatitudeDegrees>
							<LongitudeDegrees>99.325602</LongitudeDegrees>
						</Position>
						<AltitudeMeters>7.460000</AltitudeMeters>
						<HeartRateBpm>
							<Value>116</Value>
						</HeartRateBpm>
						<Cadence>54</Cadence>
						<Extensions>
							<ns3:TPX>
								<ns3:Speed>1.007050</ns3:Speed>
							</ns3:TPX>
						</Extensions>
					</Trackpoint>
					<Trackpoint>
						<Time>2569-05-08T14:38:54Z</Time>
						<Position>
							<LatitudeDegrees>9.144324</LatitudeDegrees>
							<LongitudeDegrees>99.325594</LongitudeDegrees>
						</Position>
						<AltitudeMeters>7.460000</AltitudeMeters>
						<HeartRateBpm>
							<Value>116</Value>
						</HeartRateBpm>
						<Cadence>54</Cadence>
						<Extensions>
							<ns3:TPX>
								<ns3:Speed>1.004020</ns3:Speed>
							</ns3:TPX>
						</Extensions>
					</Trackpoint>
					<Trackpoint>
						<Time>2569-05-08T14:38:55Z</Time>
						<Position>
							<LatitudeDegrees>9.144317</LatitudeDegrees>
							<LongitudeDegrees>99.325586</LongitudeDegrees>
						</Position>
						<AltitudeMeters>7.460000</AltitudeMeters>
						<HeartRateBpm>
							<Value>116</Value>
						</HeartRateBpm>
						<Cadence>54</Cadence>
						<Extensions>
							<ns3:TPX>
								<ns3:Speed>1.002000</ns3:Speed>
							</ns3:TPX>
						</Extensions>
					</Trackpoint>
					<Trackpoint>
						<Time>2569-05-08T14:38:56Z</Time>
						<Position>
							<LatitudeDegrees>9.144314</LatitudeDegrees>
							<LongitudeDegrees>99.325576</LongitudeDegrees>
						</Position>
						<AltitudeMeters>7.460000</AltitudeMeters>
						<HeartRateBpm>
							<Value>116</Value>
						</HeartRateBpm>
						<Cadence>54</Cadence>
						<Extensions>
							<ns3:TPX>
								<ns3:Speed>1.000000</ns3:Speed>
							</ns3:TPX>
						</Extensions>
					</Trackpoint>
					<Trackpoint>
						<Time>2569-05-08T14:38:57Z</Time>
						<Position>
							<LatitudeDegrees>9.144314</LatitudeDegrees>
							<LongitudeDegrees>99.325567</LongitudeDegrees>
						</Position>
						<AltitudeMeters>7.450000</AltitudeMeters>
						<HeartRateBpm>
							<Value>117</Value>
						</HeartRateBpm>
						<Cadence>54</Cadence>
						<Extensions>
							<ns3:TPX>
								<ns3:Speed>0.999000</ns3:Speed>
							</ns3:TPX>
						</Extensions>
					</Trackpoint>
					<Trackpoint>
						<Time>2569-05-08T14:38:58Z</Time>
						<Position>
							<LatitudeDegrees>9.144313</LatitudeDegrees>
							<LongitudeDegrees>99.325559</LongitudeDegrees>
						</Position>
						<AltitudeMeters>7.450000</AltitudeMeters>
						<HeartRateBpm>
							<Value>117</Value>
						</HeartRateBpm>
						<Cadence>54</Cadence>
						<Extensions>
							<ns3:TPX>
								<ns3:Speed>1.000000</ns3:Speed>
							</ns3:TPX>
						</Extensions>
					</Trackpoint>
					<Trackpoint>
						<Time>2569-05-08T14:38:59Z</Time>
						<Position>
							<LatitudeDegrees>9.144314</LatitudeDegrees>
							<LongitudeDegrees>99.325552</LongitudeDegrees>
						</Position>
						<AltitudeMeters>7.450000</AltitudeMeters>
						<HeartRateBpm>
							<Value>117</Value>
						</HeartRateBpm>
						<Cadence>54</Cadence>
						<Extensions>
							<ns3:TPX>
								<ns3:Speed>1.002000</ns3:Speed>
							</ns3:TPX>
						</Extensions>
					</Trackpoint>
					<Trackpoint>
						<Time>2569-05-08T14:39:00Z</Time>
						<Position>
							<LatitudeDegrees>9.144317</LatitudeDegrees>
							<LongitudeDegrees>99.325547</LongitudeDegrees>
						</Position>
						<AltitudeMeters>7.450000</AltitudeMeters>
						<HeartRateBpm>
							<Value>118</Value>
						</HeartRateBpm>
						<Cadence>55</Cadence>
						<Extensions>
							<ns3:TPX>
								<ns3:Speed>1.002000</ns3:Speed>
							</ns3:TPX>
						</Extensions>
					</Trackpoint>
					<Trackpoint>
						<Time>2569-05-08T14:39:01Z</Time>
						<Position>
							<LatitudeDegrees>9.144319</LatitudeDegrees>
							<LongitudeDegrees>99.325543</LongitudeDegrees>
						</Position>
						<AltitudeMeters>7.450000</AltitudeMeters>
						<HeartRateBpm>
							<Value>118</Value>
						</HeartRateBpm>
						<Cadence>55</Cadence>
						<Extensions>
							<ns3:TPX>
								<ns3:Speed>0.999000</ns3:Speed>
							</ns3:TPX>
						</Extensions>
					</Trackpoint>
					<Trackpoint>
						<Time>2569-05-08T14:39:02Z</Time>
						<Position>
							<LatitudeDegrees>9.144321</LatitudeDegrees>
							<LongitudeDegrees>99.325538</LongitudeDegrees>
						</Position>
						<AltitudeMeters>7.450000</AltitudeMeters>
						<HeartRateBpm>
							<Value>117</Value>
						</HeartRateBpm>
						<Cadence>56</Cadence>
						<Extensions>
							<ns3:TPX>
								<ns3:Speed>0.993050</ns3:Speed>
							</ns3:TPX>
						</Extensions>
					</Trackpoint>
					<Trackpoint>
						<Time>2569-05-08T14:39:03Z</Time>
						<Position>
							<LatitudeDegrees>9.144321</LatitudeDegrees>
							<LongitudeDegrees>99.325535</LongitudeDegrees>
						</Position>
						<AltitudeMeters>7.450000</AltitudeMeters>
						<HeartRateBpm>
							<Value>117</Value>
						</HeartRateBpm>
						<Cadence>56</Cadence>
						<Extensions>
							<ns3:TPX>
								<ns3:Speed>0.984250</ns3:Speed>
							</ns3:TPX>
						</Extensions>
					</Trackpoint>
					<Trackpoint>
						<Time>2569-05-08T14:39:04Z</Time>
						<Position>
							<LatitudeDegrees>9.144315</LatitudeDegrees>
							<LongitudeDegrees>99.325533</LongitudeDegrees>
						</Position>
						<AltitudeMeters>7.450000</AltitudeMeters>
						<HeartRateBpm>
							<Value>117</Value>
						</HeartRateBpm>
						<Cadence>55</Cadence>
						<Extensions>
							<ns3:TPX>
								<ns3:Speed>0.972760</ns3:Speed>
							</ns3:TPX>
						</Extensions>
					</Trackpoint>
					<Trackpoint>
						<Time>2569-05-08T14:39:05Z</Time>
						<Position>
							<LatitudeDegrees>9.144310</LatitudeDegrees>
							<LongitudeDegrees>99.325531</LongitudeDegrees>
						</Position>
						<AltitudeMeters>7.450000</AltitudeMeters>
						<HeartRateBpm>
							<Value>116</Value>
						</HeartRateBpm>
						<Cadence>55</Cadence>
						<Extensions>
							<ns3:TPX>
								<ns3:Speed>0.956940</ns3:Speed>
							</ns3:TPX>
						</Extensions>
					</Trackpoint>
					<Trackpoint>
						<Time>2569-05-08T14:39:06Z</Time>
						<Position>
							<LatitudeDegrees>9.144306</LatitudeDegrees>
							<LongitudeDegrees>99.325527</LongitudeDegrees>
						</Position>
						<AltitudeMeters>7.450000</AltitudeMeters>
						<HeartRateBpm>
							<Value>116</Value>
						</HeartRateBpm>
						<Cadence>54</Cadence>
						<Extensions>
							<ns3:TPX>
								<ns3:Speed>0.671590</ns3:Speed>
							</ns3:TPX>
						</Extensions>
					</Trackpoint>
					<Trackpoint>
						<Time>2569-05-08T14:39:07Z</Time>
						<Position>
							<LatitudeDegrees>9.144299</LatitudeDegrees>
							<LongitudeDegrees>99.325525</LongitudeDegrees>
						</Position>
						<AltitudeMeters>7.450000</AltitudeMeters>
						<HeartRateBpm>
							<Value>116</Value>
						</HeartRateBpm>
						<Cadence>54</Cadence>
						<Extensions>
							<ns3:TPX>
								<ns3:Speed>0.394480</ns3:Speed>
							</ns3:TPX>
						</Extensions>
					</Trackpoint>
					<Trackpoint>
						<Time>2569-05-08T14:39:08Z</Time>
						<Position>
							<LatitudeDegrees>9.144299</LatitudeDegrees>
							<LongitudeDegrees>99.325523</LongitudeDegrees>
						</Position>
						<AltitudeMeters>7.450000</AltitudeMeters>
						<HeartRateBpm>
							<Value>117</Value>
						</HeartRateBpm>
						<Cadence>53</Cadence>
						<Extensions>
							<ns3:TPX>
								<ns3:Speed>0.394480</ns3:Speed>
							</ns3:TPX>
						</Extensions>
					</Trackpoint>
					<Trackpoint>
						<Time>2569-05-08T14:39:09Z</Time>
						<Position>
							<LatitudeDegrees>9.144295</LatitudeDegrees>
							<LongitudeDegrees>99.325523</LongitudeDegrees>
						</Position>
						<AltitudeMeters>7.460000</AltitudeMeters>
						<HeartRateBpm>
							<Value>117</Value>
						</HeartRateBpm>
						<Cadence>53</Cadence>
						<Extensions>
							<ns3:TPX>
								<ns3:Speed>0.331900</ns3:Speed>
							</ns3:TPX>
						</Extensions>
					</Trackpoint>
					<Trackpoint>
						<Time>2569-05-08T14:39:10Z</Time>
						<Position>
							<LatitudeDegrees>9.144294</LatitudeDegrees>
							<LongitudeDegrees>99.325522</LongitudeDegrees>
						</Position>
						<AltitudeMeters>7.460000</AltitudeMeters>
						<HeartRateBpm>
							<Value>116</Value>
						</HeartRateBpm>
						<Cadence>53</Cadence>
						<Extensions>
							<ns3:TPX>
								<ns3:Speed>0.269250</ns3:Speed>
							</ns3:TPX>
						</Extensions>
					</Trackpoint>
					<Trackpoint>
						<Time>2569-05-08T14:39:11Z</Time>
						<Position>
							<LatitudeDegrees>9.144293</LatitudeDegrees>
							<LongitudeDegrees>99.325522</LongitudeDegrees>
						</Position>
						<AltitudeMeters>7.460000</AltitudeMeters>
						<HeartRateBpm>
							<Value>115</Value>
						</HeartRateBpm>
						<Cadence>52</Cadence>
					</Trackpoint>
					<Trackpoint>
						<Time>2569-05-08T14:39:12Z</Time>
						<Position>
							<LatitudeDegrees>9.144293</LatitudeDegrees>
							<LongitudeDegrees>99.325523</LongitudeDegrees>
						</Position>
						<AltitudeMeters>7.460000</AltitudeMeters>
						<HeartRateBpm>
							<Value>114</Value>
						</HeartRateBpm>
					</Trackpoint>
					<Trackpoint>
						<Time>2569-05-08T14:39:13Z</Time>
						<Position>
							<LatitudeDegrees>9.144293</LatitudeDegrees>
							<LongitudeDegrees>99.325523</LongitudeDegrees>
						</Position>
						<AltitudeMeters>7.470000</AltitudeMeters>
						<HeartRateBpm>
							<Value>114</Value>
						</HeartRateBpm>
						<Cadence>50</Cadence>
						<Extensions>
							<ns3:TPX>
								<ns3:Speed>0.141220</ns3:Speed>
							</ns3:TPX>
						</Extensions>
					</Trackpoint>
					<Trackpoint>
						<Time>2569-05-08T14:39:14Z</Time>
						<Position>
							<LatitudeDegrees>9.144293</LatitudeDegrees>
							<LongitudeDegrees>99.325523</LongitudeDegrees>
						</Position>
						<AltitudeMeters>7.470000</AltitudeMeters>
						<HeartRateBpm>
							<Value>114</Value>
						</HeartRateBpm>
						<Cadence>49</Cadence>
						<Extensions>
							<ns3:TPX>
								<ns3:Speed>0.162310</ns3:Speed>
							</ns3:TPX>
						</Extensions>
					</Trackpoint>
					<Trackpoint>
						<Time>2569-05-08T14:39:15Z</Time>
						<Position>
							<LatitudeDegrees>9.144292</LatitudeDegrees>
							<LongitudeDegrees>99.325524</LongitudeDegrees>
						</Position>
						<AltitudeMeters>7.470000</AltitudeMeters>
						<HeartRateBpm>
							<Value>113</Value>
						</HeartRateBpm>
						<Cadence>49</Cadence>
						<Extensions>
							<ns3:TPX>
								<ns3:Speed>0.187790</ns3:Speed>
							</ns3:TPX>
						</Extensions>
					</Trackpoint>
					<Trackpoint>
						<Time>2569-05-08T14:39:16Z</Time>
						<Position>
							<LatitudeDegrees>9.144291</LatitudeDegrees>
							<LongitudeDegrees>99.325525</LongitudeDegrees>
						</Position>
						<AltitudeMeters>7.470000</AltitudeMeters>
						<HeartRateBpm>
							<Value>111</Value>
						</HeartRateBpm>
						<Cadence>48</Cadence>
					</Trackpoint>
					<Trackpoint>
						<Time>2569-05-08T14:39:17Z</Time>
						<Position>
							<LatitudeDegrees>9.144289</LatitudeDegrees>
							<LongitudeDegrees>99.325526</LongitudeDegrees>
						</Position>
						<AltitudeMeters>7.470000</AltitudeMeters>
						<HeartRateBpm>
							<Value>109</Value>
						</HeartRateBpm>
					</Trackpoint>
					<Trackpoint>
						<Time>2569-05-08T14:39:18Z</Time>
						<Position>
							<LatitudeDegrees>9.144287</LatitudeDegrees>
							<LongitudeDegrees>99.325526</LongitudeDegrees>
						</Position>
						<AltitudeMeters>7.470000</AltitudeMeters>
						<HeartRateBpm>
							<Value>108</Value>
						</HeartRateBpm>
					</Trackpoint>
					<Trackpoint>
						<Time>2569-05-08T14:39:19Z</Time>
						<Position>
							<LatitudeDegrees>9.144285</LatitudeDegrees>
							<LongitudeDegrees>99.325526</LongitudeDegrees>
						</Position>
						<AltitudeMeters>7.470000</AltitudeMeters>
						<HeartRateBpm>
							<Value>108</Value>
						</HeartRateBpm>
					</Trackpoint>
					<Trackpoint>
						<Time>2569-05-08T14:39:20Z</Time>
						<Position>
							<LatitudeDegrees>9.144283</LatitudeDegrees>
							<LongitudeDegrees>99.325525</LongitudeDegrees>
						</Position>
						<AltitudeMeters>7.470000</AltitudeMeters>
						<HeartRateBpm>
							<Value>106</Value>
						</HeartRateBpm>
					</Trackpoint>
					<Trackpoint>
						<Time>2569-05-08T14:39:21Z</Time>
						<Position>
							<LatitudeDegrees>9.144281</LatitudeDegrees>
							<LongitudeDegrees>99.325526</LongitudeDegrees>
						</Position>
						<AltitudeMeters>7.470000</AltitudeMeters>
						<HeartRateBpm>
							<Value>106</Value>
						</HeartRateBpm>
					</Trackpoint>
					<Trackpoint>
						<Time>2569-05-08T14:39:22Z</Time>
						<Position>
							<LatitudeDegrees>9.144280</LatitudeDegrees>
							<LongitudeDegrees>99.325525</LongitudeDegrees>
						</Position>
						<AltitudeMeters>7.470000</AltitudeMeters>
					</Trackpoint>
					<Trackpoint>
						<Time>2569-05-08T14:39:23Z</Time>
						<Position>
							<LatitudeDegrees>9.144279</LatitudeDegrees>
							<LongitudeDegrees>99.325526</LongitudeDegrees>
						</Position>
						<AltitudeMeters>7.470000</AltitudeMeters>
						<HeartRateBpm>
							<Value>106</Value>
						</HeartRateBpm>
					</Trackpoint>
					<Trackpoint>
						<Time>2569-05-08T14:39:24Z</Time>
						<Position>
							<LatitudeDegrees>9.144278</LatitudeDegrees>
							<LongitudeDegrees>99.325525</LongitudeDegrees>
						</Position>
						<AltitudeMeters>7.470000</AltitudeMeters>
						<HeartRateBpm>
							<Value>106</Value>
						</HeartRateBpm>
					</Trackpoint>
					<Trackpoint>
						<Time>2569-05-08T14:39:25Z</Time>
						<Position>
							<LatitudeDegrees>9.144277</LatitudeDegrees>
							<LongitudeDegrees>99.325525</LongitudeDegrees>
						</Position>
						<AltitudeMeters>7.470000</AltitudeMeters>
						<HeartRateBpm>
							<Value>105</Value>
						</HeartRateBpm>
					</Trackpoint>
					<Trackpoint>
						<Time>2569-05-08T14:39:26Z</Time>
						<Position>
							<LatitudeDegrees>9.144276</LatitudeDegrees>
							<LongitudeDegrees>99.325525</LongitudeDegrees>
						</Position>
						<AltitudeMeters>7.470000</AltitudeMeters>
						<HeartRateBpm>
							<Value>105</Value>
						</HeartRateBpm>
					</Trackpoint>
					<Trackpoint>
						<Time>2569-05-08T14:39:27Z</Time>
						<Position>
							<LatitudeDegrees>9.144276</LatitudeDegrees>
							<LongitudeDegrees>99.325525</LongitudeDegrees>
						</Position>
						<AltitudeMeters>7.470000</AltitudeMeters>
						<HeartRateBpm>
							<Value>104</Value>
						</HeartRateBpm>
					</Trackpoint>
					<Trackpoint>
						<Time>2569-05-08T14:39:28Z</Time>
						<Position>
							<LatitudeDegrees>9.144275</LatitudeDegrees>
							<LongitudeDegrees>99.325524</LongitudeDegrees>
						</Position>
						<AltitudeMeters>7.470000</AltitudeMeters>
						<HeartRateBpm>
							<Value>103</Value>
						</HeartRateBpm>
					</Trackpoint>
					<Trackpoint>
						<Time>2569-05-08T14:39:29Z</Time>
						<Position>
							<LatitudeDegrees>9.144273</LatitudeDegrees>
							<LongitudeDegrees>99.325524</LongitudeDegrees>
						</Position>
						<AltitudeMeters>7.470000</AltitudeMeters>
						<HeartRateBpm>
							<Value>102</Value>
						</HeartRateBpm>
					</Trackpoint>
					<Trackpoint>
						<Time>2569-05-08T14:39:30Z</Time>
						<Position>
							<LatitudeDegrees>9.144273</LatitudeDegrees>
							<LongitudeDegrees>99.325523</LongitudeDegrees>
						</Position>
						<AltitudeMeters>7.470000</AltitudeMeters>
						<HeartRateBpm>
							<Value>101</Value>
						</HeartRateBpm>
					</Trackpoint>
					<Trackpoint>
						<Time>2569-05-08T14:39:31Z</Time>
						<Position>
							<LatitudeDegrees>9.144273</LatitudeDegrees>
							<LongitudeDegrees>99.325521</LongitudeDegrees>
						</Position>
						<AltitudeMeters>7.470000</AltitudeMeters>
						<HeartRateBpm>
							<Value>100</Value>
						</HeartRateBpm>
					</Trackpoint>
					<Trackpoint>
						<Time>2569-05-08T14:39:32Z</Time>
						<Position>
							<LatitudeDegrees>9.144271</LatitudeDegrees>
							<LongitudeDegrees>99.325516</LongitudeDegrees>
						</Position>
						<AltitudeMeters>7.460000</AltitudeMeters>
						<HeartRateBpm>
							<Value>100</Value>
						</HeartRateBpm>
					</Trackpoint>
					<Trackpoint>
						<Time>2569-05-08T14:39:33Z</Time>
						<Position>
							<LatitudeDegrees>9.144268</LatitudeDegrees>
							<LongitudeDegrees>99.325509</LongitudeDegrees>
						</Position>
						<AltitudeMeters>7.460000</AltitudeMeters>
						<HeartRateBpm>
							<Value>100</Value>
						</HeartRateBpm>
						<Cadence>51</Cadence>
						<Extensions>
							<ns3:TPX>
								<ns3:Speed>0.387150</ns3:Speed>
							</ns3:TPX>
						</Extensions>
					</Trackpoint>
					<Trackpoint>
						<Time>2569-05-08T14:39:34Z</Time>
						<Position>
							<LatitudeDegrees>9.144264</LatitudeDegrees>
							<LongitudeDegrees>99.325501</LongitudeDegrees>
						</Position>
						<AltitudeMeters>7.460000</AltitudeMeters>
						<HeartRateBpm>
							<Value>100</Value>
						</HeartRateBpm>
						<Cadence>52</Cadence>
						<Extensions>
							<ns3:TPX>
								<ns3:Speed>0.511770</ns3:Speed>
							</ns3:TPX>
						</Extensions>
					</Trackpoint>
					<Trackpoint>
						<Time>2569-05-08T14:39:35Z</Time>
						<Position>
							<LatitudeDegrees>9.144261</LatitudeDegrees>
							<LongitudeDegrees>99.325492</LongitudeDegrees>
						</Position>
						<AltitudeMeters>7.460000</AltitudeMeters>
						<HeartRateBpm>
							<Value>101</Value>
						</HeartRateBpm>
						<Cadence>53</Cadence>
						<Extensions>
							<ns3:TPX>
								<ns3:Speed>0.643090</ns3:Speed>
							</ns3:TPX>
						</Extensions>
					</Trackpoint>
					<Trackpoint>
						<Time>2569-05-08T14:39:36Z</Time>
						<Position>
							<LatitudeDegrees>9.144259</LatitudeDegrees>
							<LongitudeDegrees>99.325482</LongitudeDegrees>
						</Position>
						<AltitudeMeters>7.460000</AltitudeMeters>
						<HeartRateBpm>
							<Value>102</Value>
						</HeartRateBpm>
						<Cadence>54</Cadence>
						<Extensions>
							<ns3:TPX>
								<ns3:Speed>0.767460</ns3:Speed>
							</ns3:TPX>
						</Extensions>
					</Trackpoint>
					<Trackpoint>
						<Time>2569-05-08T14:39:37Z</Time>
						<Position>
							<LatitudeDegrees>9.144256</LatitudeDegrees>
							<LongitudeDegrees>99.325472</LongitudeDegrees>
						</Position>
						<AltitudeMeters>7.460000</AltitudeMeters>
						<HeartRateBpm>
							<Value>102</Value>
						</HeartRateBpm>
						<Cadence>54</Cadence>
						<Extensions>
							<ns3:TPX>
								<ns3:Speed>0.881830</ns3:Speed>
							</ns3:TPX>
						</Extensions>
					</Trackpoint>
					<Trackpoint>
						<Time>2569-05-08T14:39:38Z</Time>
						<Position>
							<LatitudeDegrees>9.144253</LatitudeDegrees>
							<LongitudeDegrees>99.325463</LongitudeDegrees>
						</Position>
						<AltitudeMeters>7.460000</AltitudeMeters>
						<HeartRateBpm>
							<Value>103</Value>
						</HeartRateBpm>
						<Cadence>54</Cadence>
						<Extensions>
							<ns3:TPX>
								<ns3:Speed>0.960610</ns3:Speed>
							</ns3:TPX>
						</Extensions>
					</Trackpoint>
					<Trackpoint>
						<Time>2569-05-08T14:39:39Z</Time>
						<Position>
							<LatitudeDegrees>9.144250</LatitudeDegrees>
							<LongitudeDegrees>99.325453</LongitudeDegrees>
						</Position>
						<AltitudeMeters>7.460000</AltitudeMeters>
						<HeartRateBpm>
							<Value>103</Value>
						</HeartRateBpm>
						<Cadence>54</Cadence>
						<Extensions>
							<ns3:TPX>
								<ns3:Speed>0.985220</ns3:Speed>
							</ns3:TPX>
						</Extensions>
					</Trackpoint>
					<Trackpoint>
						<Time>2569-05-08T14:39:40Z</Time>
						<Position>
							<LatitudeDegrees>9.144247</LatitudeDegrees>
							<LongitudeDegrees>99.325443</LongitudeDegrees>
						</Position>
						<AltitudeMeters>7.460000</AltitudeMeters>
						<HeartRateBpm>
							<Value>102</Value>
						</HeartRateBpm>
						<Cadence>54</Cadence>
						<Extensions>
							<ns3:TPX>
								<ns3:Speed>0.993050</ns3:Speed>
							</ns3:TPX>
						</Extensions>
					</Trackpoint>
					<Trackpoint>
						<Time>2569-05-08T14:39:41Z</Time>
						<Position>
							<LatitudeDegrees>9.144243</LatitudeDegrees>
							<LongitudeDegrees>99.325432</LongitudeDegrees>
						</Position>
						<AltitudeMeters>7.460000</AltitudeMeters>
						<HeartRateBpm>
							<Value>102</Value>
						</HeartRateBpm>
						<Cadence>54</Cadence>
						<Extensions>
							<ns3:TPX>
								<ns3:Speed>1.015230</ns3:Speed>
							</ns3:TPX>
						</Extensions>
					</Trackpoint>
					<Trackpoint>
						<Time>2569-05-08T14:39:42Z</Time>
						<Position>
							<LatitudeDegrees>9.144238</LatitudeDegrees>
							<LongitudeDegrees>99.325422</LongitudeDegrees>
						</Position>
						<AltitudeMeters>7.460000</AltitudeMeters>
						<HeartRateBpm>
							<Value>102</Value>
						</HeartRateBpm>
						<Cadence>54</Cadence>
						<Extensions>
							<ns3:TPX>
								<ns3:Speed>1.047120</ns3:Speed>
							</ns3:TPX>
						</Extensions>
					</Trackpoint>
					<Trackpoint>
						<Time>2569-05-08T14:39:43Z</Time>
						<Position>
							<LatitudeDegrees>9.144229</LatitudeDegrees>
							<LongitudeDegrees>99.325413</LongitudeDegrees>
						</Position>
						<AltitudeMeters>7.460000</AltitudeMeters>
						<HeartRateBpm>
							<Value>103</Value>
						</HeartRateBpm>
						<Cadence>54</Cadence>
						<Extensions>
							<ns3:TPX>
								<ns3:Speed>1.090510</ns3:Speed>
							</ns3:TPX>
						</Extensions>
					</Trackpoint>
					<Trackpoint>
						<Time>2569-05-08T14:39:44Z</Time>
						<Position>
							<LatitudeDegrees>9.144221</LatitudeDegrees>
							<LongitudeDegrees>99.325404</LongitudeDegrees>
						</Position>
						<AltitudeMeters>7.460000</AltitudeMeters>
						<HeartRateBpm>
							<Value>105</Value>
						</HeartRateBpm>
						<Cadence>55</Cadence>
						<Extensions>
							<ns3:TPX>
								<ns3:Speed>1.127400</ns3:Speed>
							</ns3:TPX>
						</Extensions>
					</Trackpoint>
					<Trackpoint>
						<Time>2569-05-08T14:39:45Z</Time>
						<Position>
							<LatitudeDegrees>9.144213</LatitudeDegrees>
							<LongitudeDegrees>99.325392</LongitudeDegrees>
						</Position>
						<AltitudeMeters>7.440000</AltitudeMeters>
						<HeartRateBpm>
							<Value>105</Value>
						</HeartRateBpm>
						<Cadence>55</Cadence>
						<Extensions>
							<ns3:TPX>
								<ns3:Speed>1.154730</ns3:Speed>
							</ns3:TPX>
						</Extensions>
					</Trackpoint>
					<Trackpoint>
						<Time>2569-05-08T14:39:46Z</Time>
						<Position>
							<LatitudeDegrees>9.144205</LatitudeDegrees>
							<LongitudeDegrees>99.325376</LongitudeDegrees>
						</Position>
						<AltitudeMeters>7.440000</AltitudeMeters>
						<HeartRateBpm>
							<Value>106</Value>
						</HeartRateBpm>
						<Cadence>55</Cadence>
						<Extensions>
							<ns3:TPX>
								<ns3:Speed>1.184830</ns3:Speed>
							</ns3:TPX>
						</Extensions>
					</Trackpoint>
					<Trackpoint>
						<Time>2569-05-08T14:39:47Z</Time>
						<Position>
							<LatitudeDegrees>9.144197</LatitudeDegrees>
							<LongitudeDegrees>99.325360</LongitudeDegrees>
						</Position>
						<AltitudeMeters>7.430000</AltitudeMeters>
						<HeartRateBpm>
							<Value>107</Value>
						</HeartRateBpm>
						<Cadence>55</Cadence>
						<Extensions>
							<ns3:TPX>
								<ns3:Speed>1.124860</ns3:Speed>
							</ns3:TPX>
						</Extensions>
					</Trackpoint>
					<Trackpoint>
						<Time>2569-05-08T14:39:48Z</Time>
						<Position>
							<LatitudeDegrees>9.144190</LatitudeDegrees>
							<LongitudeDegrees>99.325346</LongitudeDegrees>
						</Position>
						<AltitudeMeters>7.430000</AltitudeMeters>
						<HeartRateBpm>
							<Value>107</Value>
						</HeartRateBpm>
						<Cadence>55</Cadence>
						<Extensions>
							<ns3:TPX>
								<ns3:Speed>1.054850</ns3:Speed>
							</ns3:TPX>
						</Extensions>
					</Trackpoint>
					<Trackpoint>
						<Time>2569-05-08T14:39:49Z</Time>
						<Position>
							<LatitudeDegrees>9.144183</LatitudeDegrees>
							<LongitudeDegrees>99.325334</LongitudeDegrees>
						</Position>
						<AltitudeMeters>7.420000</AltitudeMeters>
						<HeartRateBpm>
							<Value>107</Value>
						</HeartRateBpm>
						<Cadence>55</Cadence>
						<Extensions>
							<ns3:TPX>
								<ns3:Speed>1.060450</ns3:Speed>
							</ns3:TPX>
						</Extensions>
					</Trackpoint>
					<Trackpoint>
						<Time>2569-05-08T14:39:50Z</Time>
						<Position>
							<LatitudeDegrees>9.144177</LatitudeDegrees>
							<LongitudeDegrees>99.325323</LongitudeDegrees>
						</Position>
						<AltitudeMeters>7.420000</AltitudeMeters>
						<HeartRateBpm>
							<Value>108</Value>
						</HeartRateBpm>
						<Cadence>55</Cadence>
						<Extensions>
							<ns3:TPX>
								<ns3:Speed>1.061570</ns3:Speed>
							</ns3:TPX>
						</Extensions>
					</Trackpoint>
					<Trackpoint>
						<Time>2569-05-08T14:39:51Z</Time>
						<Position>
							<LatitudeDegrees>9.144170</LatitudeDegrees>
							<LongitudeDegrees>99.325314</LongitudeDegrees>
						</Position>
						<AltitudeMeters>7.420000</AltitudeMeters>
						<HeartRateBpm>
							<Value>108</Value>
						</HeartRateBpm>
						<Cadence>55</Cadence>
						<Extensions>
							<ns3:TPX>
								<ns3:Speed>1.061570</ns3:Speed>
							</ns3:TPX>
						</Extensions>
					</Trackpoint>
					<Trackpoint>
						<Time>2569-05-08T14:39:52Z</Time>
						<Position>
							<LatitudeDegrees>9.144164</LatitudeDegrees>
							<LongitudeDegrees>99.325305</LongitudeDegrees>
						</Position>
						<AltitudeMeters>7.420000</AltitudeMeters>
						<HeartRateBpm>
							<Value>108</Value>
						</HeartRateBpm>
						<Cadence>55</Cadence>
						<Extensions>
							<ns3:TPX>
								<ns3:Speed>1.061570</ns3:Speed>
							</ns3:TPX>
						</Extensions>
					</Trackpoint>
					<Trackpoint>
						<Time>2569-05-08T14:39:53Z</Time>
						<Position>
							<LatitudeDegrees>9.144158</LatitudeDegrees>
							<LongitudeDegrees>99.325294</LongitudeDegrees>
						</Position>
						<AltitudeMeters>7.420000</AltitudeMeters>
						<HeartRateBpm>
							<Value>106</Value>
						</HeartRateBpm>
						<Cadence>55</Cadence>
						<Extensions>
							<ns3:TPX>
								<ns3:Speed>1.030930</ns3:Speed>
							</ns3:TPX>
						</Extensions>
					</Trackpoint>
					<Trackpoint>
						<Time>2569-05-08T14:39:54Z</Time>
						<Position>
							<LatitudeDegrees>9.144153</LatitudeDegrees>
							<LongitudeDegrees>99.325284</LongitudeDegrees>
						</Position>
						<AltitudeMeters>7.410000</AltitudeMeters>
						<Cadence>55</Cadence>
						<Extensions>
							<ns3:TPX>
								<ns3:Speed>0.969930</ns3:Speed>
							</ns3:TPX>
						</Extensions>
					</Trackpoint>
					<Trackpoint>
						<Time>2569-05-08T14:39:55Z</Time>
						<Position>
							<LatitudeDegrees>9.144148</LatitudeDegrees>
							<LongitudeDegrees>99.325274</LongitudeDegrees>
						</Position>
						<AltitudeMeters>7.410000</AltitudeMeters>
						<HeartRateBpm>
							<Value>106</Value>
						</HeartRateBpm>
						<Cadence>55</Cadence>
						<Extensions>
							<ns3:TPX>
								<ns3:Speed>0.904160</ns3:Speed>
							</ns3:TPX>
						</Extensions>
					</Trackpoint>
					<Trackpoint>
						<Time>2569-05-08T14:39:56Z</Time>
						<Position>
							<LatitudeDegrees>9.144143</LatitudeDegrees>
							<LongitudeDegrees>99.325264</LongitudeDegrees>
						</Position>
						<AltitudeMeters>7.410000</AltitudeMeters>
						<HeartRateBpm>
							<Value>107</Value>
						</HeartRateBpm>
						<Cadence>56</Cadence>
						<Extensions>
							<ns3:TPX>
								<ns3:Speed>0.883390</ns3:Speed>
							</ns3:TPX>
						</Extensions>
					</Trackpoint>
					<Trackpoint>
						<Time>2569-05-08T14:39:57Z</Time>
						<Position>
							<LatitudeDegrees>9.144130</LatitudeDegrees>
							<LongitudeDegrees>99.325249</LongitudeDegrees>
						</Position>
						<AltitudeMeters>7.400000</AltitudeMeters>
						<HeartRateBpm>
							<Value>106</Value>
						</HeartRateBpm>
						<Cadence>56</Cadence>
						<Extensions>
							<ns3:TPX>
								<ns3:Speed>0.911580</ns3:Speed>
							</ns3:TPX>
						</Extensions>
					</Trackpoint>
					<Trackpoint>
						<Time>2569-05-08T14:39:57Z</Time>
						<Position>
							<LatitudeDegrees>9.144130</LatitudeDegrees>
							<LongitudeDegrees>99.325249</LongitudeDegrees>
						</Position>
						<AltitudeMeters>7.400000</AltitudeMeters>
						<HeartRateBpm>
							<Value>106</Value>
						</HeartRateBpm>
						<Cadence>56</Cadence>
						<Extensions>
							<ns3:TPX>
								<ns3:Speed>0.911580</ns3:Speed>
							</ns3:TPX>
						</Extensions>
					</Trackpoint>
					<Trackpoint>
						<Time>2569-05-08T14:39:58Z</Time>
						<Position>
							<LatitudeDegrees>9.144125</LatitudeDegrees>
							<LongitudeDegrees>99.325242</LongitudeDegrees>
						</Position>
						<AltitudeMeters>7.400000</AltitudeMeters>
						<HeartRateBpm>
							<Value>106</Value>
						</HeartRateBpm>
						<Cadence>57</Cadence>
						<Extensions>
							<ns3:TPX>
								<ns3:Speed>0.894450</ns3:Speed>
							</ns3:TPX>
						</Extensions>
					</Trackpoint>
					<Trackpoint>
						<Time>2569-05-08T14:40:00Z</Time>
						<Position>
							<LatitudeDegrees>9.144110</LatitudeDegrees>
							<LongitudeDegrees>99.325229</LongitudeDegrees>
						</Position>
						<AltitudeMeters>7.390000</AltitudeMeters>
						<HeartRateBpm>
							<Value>106</Value>
						</HeartRateBpm>
						<Cadence>57</Cadence>
						<Extensions>
							<ns3:TPX>
								<ns3:Speed>0.815660</ns3:Speed>
							</ns3:TPX>
						</Extensions>
					</Trackpoint>
					<Trackpoint>
						<Time>2569-05-08T14:40:00Z</Time>
						<Position>
							<LatitudeDegrees>9.144110</LatitudeDegrees>
							<LongitudeDegrees>99.325229</LongitudeDegrees>
						</Position>
						<AltitudeMeters>7.390000</AltitudeMeters>
						<HeartRateBpm>
							<Value>106</Value>
						</HeartRateBpm>
						<Cadence>57</Cadence>
						<Extensions>
							<ns3:TPX>
								<ns3:Speed>0.815660</ns3:Speed>
							</ns3:TPX>
						</Extensions>
					</Trackpoint>
					<Trackpoint>
						<Time>2569-05-08T14:40:01Z</Time>
						<Position>
							<LatitudeDegrees>9.144102</LatitudeDegrees>
							<LongitudeDegrees>99.325224</LongitudeDegrees>
						</Position>
						<AltitudeMeters>7.390000</AltitudeMeters>
						<HeartRateBpm>
							<Value>106</Value>
						</HeartRateBpm>
						<Cadence>57</Cadence>
						<Extensions>
							<ns3:TPX>
								<ns3:Speed>0.809060</ns3:Speed>
							</ns3:TPX>
						</Extensions>
					</Trackpoint>
					<Trackpoint>
						<Time>2569-05-08T14:40:02Z</Time>
						<Position>
							<LatitudeDegrees>9.144095</LatitudeDegrees>
							<LongitudeDegrees>99.325216</LongitudeDegrees>
						</Position>
						<AltitudeMeters>7.380000</AltitudeMeters>
						<HeartRateBpm>
							<Value>107</Value>
						</HeartRateBpm>
						<Cadence>56</Cadence>
						<Extensions>
							<ns3:TPX>
								<ns3:Speed>0.811690</ns3:Speed>
							</ns3:TPX>
						</Extensions>
					</Trackpoint>
					<Trackpoint>
						<Time>2569-05-08T14:40:03Z</Time>
						<Position>
							<LatitudeDegrees>9.144090</LatitudeDegrees>
							<LongitudeDegrees>99.325208</LongitudeDegrees>
						</Position>
						<AltitudeMeters>7.380000</AltitudeMeters>
						<HeartRateBpm>
							<Value>107</Value>
						</HeartRateBpm>
						<Cadence>55</Cadence>
						<Extensions>
							<ns3:TPX>
								<ns3:Speed>0.809720</ns3:Speed>
							</ns3:TPX>
						</Extensions>
					</Trackpoint>
					<Trackpoint>
						<Time>2569-05-08T14:40:04Z</Time>
						<Position>
							<LatitudeDegrees>9.144083</LatitudeDegrees>
							<LongitudeDegrees>99.325201</LongitudeDegrees>
						</Position>
						<AltitudeMeters>7.380000</AltitudeMeters>
						<HeartRateBpm>
							<Value>107</Value>
						</HeartRateBpm>
						<Cadence>55</Cadence>
						<Extensions>
							<ns3:TPX>
								<ns3:Speed>0.815000</ns3:Speed>
							</ns3:TPX>
						</Extensions>
					</Trackpoint>
					<Trackpoint>
						<Time>2569-05-08T14:40:05Z</Time>
						<Position>
							<LatitudeDegrees>9.144077</LatitudeDegrees>
							<LongitudeDegrees>99.325195</LongitudeDegrees>
						</Position>
						<AltitudeMeters>7.370000</AltitudeMeters>
						<HeartRateBpm>
							<Value>108</Value>
						</HeartRateBpm>
						<Cadence>55</Cadence>
						<Extensions>
							<ns3:TPX>
								<ns3:Speed>0.819000</ns3:Speed>
							</ns3:TPX>
						</Extensions>
					</Trackpoint>
					<Trackpoint>
						<Time>2569-05-08T14:40:06Z</Time>
						<Position>
							<LatitudeDegrees>9.144072</LatitudeDegrees>
							<LongitudeDegrees>99.325188</LongitudeDegrees>
						</Position>
						<AltitudeMeters>7.370000</AltitudeMeters>
						<HeartRateBpm>
							<Value>108</Value>
						</HeartRateBpm>
						<Cadence>55</Cadence>
						<Extensions>
							<ns3:TPX>
								<ns3:Speed>0.818330</ns3:Speed>
							</ns3:TPX>
						</Extensions>
					</Trackpoint>
					<Trackpoint>
						<Time>2569-05-08T14:40:07Z</Time>
						<Position>
							<LatitudeDegrees>9.144062</LatitudeDegrees>
							<LongitudeDegrees>99.325183</LongitudeDegrees>
						</Position>
						<AltitudeMeters>7.360000</AltitudeMeters>
						<HeartRateBpm>
							<Value>108</Value>
						</HeartRateBpm>
						<Cadence>56</Cadence>
						<Extensions>
							<ns3:TPX>
								<ns3:Speed>0.810370</ns3:Speed>
							</ns3:TPX>
						</Extensions>
					</Trackpoint>
					<Trackpoint>
						<Time>2569-05-08T14:40:08Z</Time>
						<Position>
							<LatitudeDegrees>9.144052</LatitudeDegrees>
							<LongitudeDegrees>99.325177</LongitudeDegrees>
						</Position>
						<AltitudeMeters>7.360000</AltitudeMeters>
						<HeartRateBpm>
							<Value>108</Value>
						</HeartRateBpm>
						<Cadence>56</Cadence>
						<Extensions>
							<ns3:TPX>
								<ns3:Speed>0.802570</ns3:Speed>
							</ns3:TPX>
						</Extensions>
					</Trackpoint>
					<Trackpoint>
						<Time>2569-05-08T14:40:09Z</Time>
						<Position>
							<LatitudeDegrees>9.144046</LatitudeDegrees>
							<LongitudeDegrees>99.325170</LongitudeDegrees>
						</Position>
						<AltitudeMeters>7.360000</AltitudeMeters>
						<HeartRateBpm>
							<Value>107</Value>
						</HeartRateBpm>
						<Cadence>56</Cadence>
						<Extensions>
							<ns3:TPX>
								<ns3:Speed>0.802570</ns3:Speed>
							</ns3:TPX>
						</Extensions>
					</Trackpoint>
					<Trackpoint>
						<Time>2569-05-08T14:40:10Z</Time>
						<Position>
							<LatitudeDegrees>9.144040</LatitudeDegrees>
							<LongitudeDegrees>99.325163</LongitudeDegrees>
						</Position>
						<AltitudeMeters>7.350000</AltitudeMeters>
						<HeartRateBpm>
							<Value>107</Value>
						</HeartRateBpm>
						<Cadence>56</Cadence>
						<Extensions>
							<ns3:TPX>
								<ns3:Speed>0.801280</ns3:Speed>
							</ns3:TPX>
						</Extensions>
					</Trackpoint>
					<Trackpoint>
						<Time>2569-05-08T14:40:11Z</Time>
						<Position>
							<LatitudeDegrees>9.144034</LatitudeDegrees>
							<LongitudeDegrees>99.325155</LongitudeDegrees>
						</Position>
						<AltitudeMeters>7.360000</AltitudeMeters>
						<HeartRateBpm>
							<Value>107</Value>
						</HeartRateBpm>
						<Cadence>56</Cadence>
						<Extensions>
							<ns3:TPX>
								<ns3:Speed>0.798720</ns3:Speed>
							</ns3:TPX>
						</Extensions>
					</Trackpoint>
					<Trackpoint>
						<Time>2569-05-08T14:40:12Z</Time>
						<Position>
							<LatitudeDegrees>9.144029</LatitudeDegrees>
							<LongitudeDegrees>99.325147</LongitudeDegrees>
						</Position>
						<AltitudeMeters>7.350000</AltitudeMeters>
						<HeartRateBpm>
							<Value>107</Value>
						</HeartRateBpm>
						<Cadence>55</Cadence>
						<Extensions>
							<ns3:TPX>
								<ns3:Speed>0.794910</ns3:Speed>
							</ns3:TPX>
						</Extensions>
					</Trackpoint>
					<Trackpoint>
						<Time>2569-05-08T14:40:13Z</Time>
						<Position>
							<LatitudeDegrees>9.144022</LatitudeDegrees>
							<LongitudeDegrees>99.325139</LongitudeDegrees>
						</Position>
						<AltitudeMeters>7.350000</AltitudeMeters>
						<HeartRateBpm>
							<Value>108</Value>
						</HeartRateBpm>
						<Cadence>55</Cadence>
						<Extensions>
							<ns3:TPX>
								<ns3:Speed>0.791140</ns3:Speed>
							</ns3:TPX>
						</Extensions>
					</Trackpoint>
					<Trackpoint>
						<Time>2569-05-08T14:40:14Z</Time>
						<Position>
							<LatitudeDegrees>9.144002</LatitudeDegrees>
							<LongitudeDegrees>99.325147</LongitudeDegrees>
						</Position>
						<AltitudeMeters>7.350000</AltitudeMeters>
						<HeartRateBpm>
							<Value>109</Value>
						</HeartRateBpm>
						<Cadence>55</Cadence>
						<Extensions>
							<ns3:TPX>
								<ns3:Speed>0.788640</ns3:Speed>
							</ns3:TPX>
						</Extensions>
					</Trackpoint>
					<Trackpoint>
						<Time>2569-05-08T14:40:15Z</Time>
						<Position>
							<LatitudeDegrees>9.143976</LatitudeDegrees>
							<LongitudeDegrees>99.325152</LongitudeDegrees>
						</Position>
						<AltitudeMeters>7.350000</AltitudeMeters>
						<HeartRateBpm>
							<Value>109</Value>
						</HeartRateBpm>
						<Cadence>55</Cadence>
						<Extensions>
							<ns3:TPX>
								<ns3:Speed>0.786780</ns3:Speed>
							</ns3:TPX>
						</Extensions>
					</Trackpoint>
					<Trackpoint>
						<Time>2569-05-08T14:40:16Z</Time>
						<Position>
							<LatitudeDegrees>9.143955</LatitudeDegrees>
							<LongitudeDegrees>99.325154</LongitudeDegrees>
						</Position>
						<AltitudeMeters>7.340000</AltitudeMeters>
						<HeartRateBpm>
							<Value>109</Value>
						</HeartRateBpm>
						<Cadence>55</Cadence>
						<Extensions>
							<ns3:TPX>
								<ns3:Speed>0.785550</ns3:Speed>
							</ns3:TPX>
						</Extensions>
					</Trackpoint>
					<Trackpoint>
						<Time>2569-05-08T14:40:17Z</Time>
						<Position>
							<LatitudeDegrees>9.143941</LatitudeDegrees>
							<LongitudeDegrees>99.325151</LongitudeDegrees>
						</Position>
						<AltitudeMeters>7.340000</AltitudeMeters>
						<HeartRateBpm>
							<Value>110</Value>
						</HeartRateBpm>
						<Cadence>55</Cadence>
						<Extensions>
							<ns3:TPX>
								<ns3:Speed>0.784930</ns3:Speed>
							</ns3:TPX>
						</Extensions>
					</Trackpoint>
					<Trackpoint>
						<Time>2569-05-08T14:40:18Z</Time>
						<Position>
							<LatitudeDegrees>9.143931</LatitudeDegrees>
							<LongitudeDegrees>99.325147</LongitudeDegrees>
						</Position>
						<AltitudeMeters>7.350000</AltitudeMeters>
						<HeartRateBpm>
							<Value>110</Value>
						</HeartRateBpm>
						<Cadence>55</Cadence>
						<Extensions>
							<ns3:TPX>
								<ns3:Speed>0.786780</ns3:Speed>
							</ns3:TPX>
						</Extensions>
					</Trackpoint>
					<Trackpoint>
						<Time>2569-05-08T14:40:19Z</Time>
						<Position>
							<LatitudeDegrees>9.143916</LatitudeDegrees>
							<LongitudeDegrees>99.325138</LongitudeDegrees>
						</Position>
						<AltitudeMeters>7.350000</AltitudeMeters>
						<HeartRateBpm>
							<Value>110</Value>
						</HeartRateBpm>
						<Cadence>54</Cadence>
						<Extensions>
							<ns3:TPX>
								<ns3:Speed>0.790510</ns3:Speed>
							</ns3:TPX>
						</Extensions>
					</Trackpoint>
					<Trackpoint>
						<Time>2569-05-08T14:40:20Z</Time>
						<Position>
							<LatitudeDegrees>9.143901</LatitudeDegrees>
							<LongitudeDegrees>99.325127</LongitudeDegrees>
						</Position>
						<AltitudeMeters>7.350000</AltitudeMeters>
						<HeartRateBpm>
							<Value>111</Value>
						</HeartRateBpm>
						<Cadence>53</Cadence>
						<Extensions>
							<ns3:TPX>
								<ns3:Speed>0.793650</ns3:Speed>
							</ns3:TPX>
						</Extensions>
					</Trackpoint>
					<Trackpoint>
						<Time>2569-05-08T14:40:21Z</Time>
						<Position>
							<LatitudeDegrees>9.143888</LatitudeDegrees>
							<LongitudeDegrees>99.325115</LongitudeDegrees>
						</Position>
						<AltitudeMeters>7.370000</AltitudeMeters>
						<HeartRateBpm>
							<Value>111</Value>
						</HeartRateBpm>
						<Cadence>53</Cadence>
						<Extensions>
							<ns3:TPX>
								<ns3:Speed>0.796810</ns3:Speed>
							</ns3:TPX>
						</Extensions>
					</Trackpoint>
					<Trackpoint>
						<Time>2569-05-08T14:40:22Z</Time>
						<Position>
							<LatitudeDegrees>9.143874</LatitudeDegrees>
							<LongitudeDegrees>99.325104</LongitudeDegrees>
						</Position>
						<AltitudeMeters>7.380000</AltitudeMeters>
						<HeartRateBpm>
							<Value>110</Value>
						</HeartRateBpm>
						<Cadence>58</Cadence>
						<Extensions>
							<ns3:TPX>
								<ns3:Speed>0.799360</ns3:Speed>
							</ns3:TPX>
						</Extensions>
					</Trackpoint>
					<Trackpoint>
						<Time>2569-05-08T14:40:23Z</Time>
						<Position>
							<LatitudeDegrees>9.143861</LatitudeDegrees>
							<LongitudeDegrees>99.325094</LongitudeDegrees>
						</Position>
						<AltitudeMeters>7.390000</AltitudeMeters>
						<HeartRateBpm>
							<Value>110</Value>
						</HeartRateBpm>
						<Cadence>57</Cadence>
						<Extensions>
							<ns3:TPX>
								<ns3:Speed>0.801920</ns3:Speed>
							</ns3:TPX>
						</Extensions>
					</Trackpoint>
					<Trackpoint>
						<Time>2569-05-08T14:40:24Z</Time>
						<Position>
							<LatitudeDegrees>9.143847</LatitudeDegrees>
							<LongitudeDegrees>99.325085</LongitudeDegrees>
						</Position>
						<AltitudeMeters>7.400000</AltitudeMeters>
						<HeartRateBpm>
							<Value>110</Value>
						</HeartRateBpm>
						<Cadence>56</Cadence>
						<Extensions>
							<ns3:TPX>
								<ns3:Speed>0.828500</ns3:Speed>
							</ns3:TPX>
						</Extensions>
					</Trackpoint>
					<Trackpoint>
						<Time>2569-05-08T14:40:26Z</Time>
						<Position>
							<LatitudeDegrees>9.143833</LatitudeDegrees>
							<LongitudeDegrees>99.325077</LongitudeDegrees>
						</Position>
						<AltitudeMeters>7.410000</AltitudeMeters>
						<HeartRateBpm>
							<Value>111</Value>
						</HeartRateBpm>
						<Cadence>59</Cadence>
						<Extensions>
							<ns3:TPX>
								<ns3:Speed>0.862810</ns3:Speed>
							</ns3:TPX>
						</Extensions>
					</Trackpoint>
					<Trackpoint>
						<Time>2569-05-08T14:40:27Z</Time>
						<Position>
							<LatitudeDegrees>9.143822</LatitudeDegrees>
							<LongitudeDegrees>99.325069</LongitudeDegrees>
						</Position>
						<AltitudeMeters>7.420000</AltitudeMeters>
						<HeartRateBpm>
							<Value>111</Value>
						</HeartRateBpm>
						<Cadence>79</Cadence>
						<Extensions>
							<ns3:TPX>
								<ns3:Speed>0.865800</ns3:Speed>
							</ns3:TPX>
						</Extensions>
					</Trackpoint>
					<Trackpoint>
						<Time>2569-05-08T14:40:28Z</Time>
						<Position>
							<LatitudeDegrees>9.143813</LatitudeDegrees>
							<LongitudeDegrees>99.325061</LongitudeDegrees>
						</Position>
						<AltitudeMeters>7.430000</AltitudeMeters>
						<HeartRateBpm>
							<Value>112</Value>
						</HeartRateBpm>
						<Cadence>79</Cadence>
						<Extensions>
							<ns3:TPX>
								<ns3:Speed>0.882610</ns3:Speed>
							</ns3:TPX>
						</Extensions>
					</Trackpoint>
					<Trackpoint>
						<Time>2569-05-08T14:40:29Z</Time>
						<Position>
							<LatitudeDegrees>9.143805</LatitudeDegrees>
							<LongitudeDegrees>99.325053</LongitudeDegrees>
						</Position>
						<AltitudeMeters>7.440000</AltitudeMeters>
						<HeartRateBpm>
							<Value>113</Value>
						</HeartRateBpm>
						<Cadence>79</Cadence>
						<Extensions>
							<ns3:TPX>
								<ns3:Speed>0.913240</ns3:Speed>
							</ns3:TPX>
						</Extensions>
					</Trackpoint>
					<Trackpoint>
						<Time>2569-05-08T14:40:30Z</Time>
						<Position>
							<LatitudeDegrees>9.143801</LatitudeDegrees>
							<LongitudeDegrees>99.325050</LongitudeDegrees>
						</Position>
						<AltitudeMeters>7.440000</AltitudeMeters>
						<HeartRateBpm>
							<Value>112</Value>
						</HeartRateBpm>
						<Cadence>78</Cadence>
						<Extensions>
							<ns3:TPX>
								<ns3:Speed>0.954200</ns3:Speed>
							</ns3:TPX>
						</Extensions>
					</Trackpoint>
					<Trackpoint>
						<Time>2569-05-08T14:40:31Z</Time>
						<Position>
							<LatitudeDegrees>9.143795</LatitudeDegrees>
							<LongitudeDegrees>99.325048</LongitudeDegrees>
						</Position>
						<AltitudeMeters>7.450000</AltitudeMeters>
						<HeartRateBpm>
							<Value>113</Value>
						</HeartRateBpm>
						<Cadence>78</Cadence>
						<Extensions>
							<ns3:TPX>
								<ns3:Speed>0.988140</ns3:Speed>
							</ns3:TPX>
						</Extensions>
					</Trackpoint>
					<Trackpoint>
						<Time>2569-05-08T14:40:32Z</Time>
						<Position>
							<LatitudeDegrees>9.143787</LatitudeDegrees>
							<LongitudeDegrees>99.325047</LongitudeDegrees>
						</Position>
						<AltitudeMeters>7.450000</AltitudeMeters>
						<HeartRateBpm>
							<Value>115</Value>
						</HeartRateBpm>
						<Cadence>74</Cadence>
						<Extensions>
							<ns3:TPX>
								<ns3:Speed>1.037340</ns3:Speed>
							</ns3:TPX>
						</Extensions>
					</Trackpoint>
					<Trackpoint>
						<Time>2569-05-08T14:40:33Z</Time>
						<Position>
							<LatitudeDegrees>9.143780</LatitudeDegrees>
							<LongitudeDegrees>99.325046</LongitudeDegrees>
						</Position>
						<AltitudeMeters>7.450000</AltitudeMeters>
						<HeartRateBpm>
							<Value>115</Value>
						</HeartRateBpm>
						<Cadence>72</Cadence>
						<Extensions>
							<ns3:TPX>
								<ns3:Speed>1.003010</ns3:Speed>
							</ns3:TPX>
						</Extensions>
					</Trackpoint>
					<Trackpoint>
						<Time>2569-05-08T14:40:34Z</Time>
						<Position>
							<LatitudeDegrees>9.143775</LatitudeDegrees>
							<LongitudeDegrees>99.325040</LongitudeDegrees>
						</Position>
						<AltitudeMeters>7.450000</AltitudeMeters>
						<HeartRateBpm>
							<Value>116</Value>
						</HeartRateBpm>
						<Cadence>56</Cadence>
						<Extensions>
							<ns3:TPX>
								<ns3:Speed>0.869570</ns3:Speed>
							</ns3:TPX>
						</Extensions>
					</Trackpoint>
					<Trackpoint>
						<Time>2569-05-08T14:40:35Z</Time>
						<Position>
							<LatitudeDegrees>9.143770</LatitudeDegrees>
							<LongitudeDegrees>99.325034</LongitudeDegrees>
						</Position>
						<AltitudeMeters>7.450000</AltitudeMeters>
						<HeartRateBpm>
							<Value>118</Value>
						</HeartRateBpm>
						<Cadence>55</Cadence>
						<Extensions>
							<ns3:TPX>
								<ns3:Speed>0.809720</ns3:Speed>
							</ns3:TPX>
						</Extensions>
					</Trackpoint>
					<Trackpoint>
						<Time>2569-05-08T14:40:36Z</Time>
						<Position>
							<LatitudeDegrees>9.143751</LatitudeDegrees>
							<LongitudeDegrees>99.325017</LongitudeDegrees>
						</Position>
						<AltitudeMeters>7.440000</AltitudeMeters>
						<HeartRateBpm>
							<Value>119</Value>
						</HeartRateBpm>
						<Cadence>55</Cadence>
						<Extensions>
							<ns3:TPX>
								<ns3:Speed>0.809720</ns3:Speed>
							</ns3:TPX>
						</Extensions>
					</Trackpoint>
					<Trackpoint>
						<Time>2569-05-08T14:40:36Z</Time>
						<Position>
							<LatitudeDegrees>9.143751</LatitudeDegrees>
							<LongitudeDegrees>99.325017</LongitudeDegrees>
						</Position>
						<AltitudeMeters>7.440000</AltitudeMeters>
						<HeartRateBpm>
							<Value>119</Value>
						</HeartRateBpm>
						<Cadence>55</Cadence>
						<Extensions>
							<ns3:TPX>
								<ns3:Speed>0.809720</ns3:Speed>
							</ns3:TPX>
						</Extensions>
					</Trackpoint>
					<Trackpoint>
						<Time>2569-05-08T14:40:38Z</Time>
						<Position>
							<LatitudeDegrees>9.143741</LatitudeDegrees>
							<LongitudeDegrees>99.325009</LongitudeDegrees>
						</Position>
						<AltitudeMeters>7.430000</AltitudeMeters>
						<HeartRateBpm>
							<Value>116</Value>
						</HeartRateBpm>
						<Cadence>55</Cadence>
						<Extensions>
							<ns3:TPX>
								<ns3:Speed>0.795540</ns3:Speed>
							</ns3:TPX>
						</Extensions>
					</Trackpoint>
					<Trackpoint>
						<Time>2569-05-08T14:40:39Z</Time>
						<Position>
							<LatitudeDegrees>9.143730</LatitudeDegrees>
							<LongitudeDegrees>99.325003</LongitudeDegrees>
						</Position>
						<AltitudeMeters>7.420000</AltitudeMeters>
						<HeartRateBpm>
							<Value>116</Value>
						</HeartRateBpm>
						<Cadence>54</Cadence>
						<Extensions>
							<ns3:TPX>
								<ns3:Speed>0.761610</ns3:Speed>
							</ns3:TPX>
						</Extensions>
					</Trackpoint>
					<Trackpoint>
						<Time>2569-05-08T14:40:40Z</Time>
						<Position>
							<LatitudeDegrees>9.143719</LatitudeDegrees>
							<LongitudeDegrees>99.324997</LongitudeDegrees>
						</Position>
						<AltitudeMeters>7.410000</AltitudeMeters>
						<HeartRateBpm>
							<Value>116</Value>
						</HeartRateBpm>
						<Cadence>54</Cadence>
						<Extensions>
							<ns3:TPX>
								<ns3:Speed>0.807750</ns3:Speed>
							</ns3:TPX>
						</Extensions>
					</Trackpoint>
					<Trackpoint>
						<Time>2569-05-08T14:40:41Z</Time>
						<Position>
							<LatitudeDegrees>9.143709</LatitudeDegrees>
							<LongitudeDegrees>99.324991</LongitudeDegrees>
						</Position>
						<AltitudeMeters>7.390000</AltitudeMeters>
						<HeartRateBpm>
							<Value>117</Value>
						</HeartRateBpm>
						<Cadence>54</Cadence>
						<Extensions>
							<ns3:TPX>
								<ns3:Speed>0.848900</ns3:Speed>
							</ns3:TPX>
						</Extensions>
					</Trackpoint>
					<Trackpoint>
						<Time>2569-05-08T14:40:42Z</Time>
						<Position>
							<LatitudeDegrees>9.143700</LatitudeDegrees>
							<LongitudeDegrees>99.324985</LongitudeDegrees>
						</Position>
						<AltitudeMeters>7.380000</AltitudeMeters>
						<HeartRateBpm>
							<Value>116</Value>
						</HeartRateBpm>
						<Cadence>54</Cadence>
						<Extensions>
							<ns3:TPX>
								<ns3:Speed>0.848900</ns3:Speed>
							</ns3:TPX>
						</Extensions>
					</Trackpoint>
					<Trackpoint>
						<Time>2569-05-08T14:40:43Z</Time>
						<Position>
							<LatitudeDegrees>9.143690</LatitudeDegrees>
							<LongitudeDegrees>99.324979</LongitudeDegrees>
						</Position>
						<AltitudeMeters>7.370000</AltitudeMeters>
						<HeartRateBpm>
							<Value>116</Value>
						</HeartRateBpm>
						<Cadence>54</Cadence>
						<Extensions>
							<ns3:TPX>
								<ns3:Speed>0.900090</ns3:Speed>
							</ns3:TPX>
						</Extensions>
					</Trackpoint>
					<Trackpoint>
						<Time>2569-05-08T14:40:44Z</Time>
						<Position>
							<LatitudeDegrees>9.143680</LatitudeDegrees>
							<LongitudeDegrees>99.324974</LongitudeDegrees>
						</Position>
						<AltitudeMeters>7.360000</AltitudeMeters>
						<HeartRateBpm>
							<Value>114</Value>
						</HeartRateBpm>
						<Cadence>54</Cadence>
						<Extensions>
							<ns3:TPX>
								<ns3:Speed>1.058200</ns3:Speed>
							</ns3:TPX>
						</Extensions>
					</Trackpoint>
					<Trackpoint>
						<Time>2569-05-08T14:40:45Z</Time>
						<Position>
							<LatitudeDegrees>9.143669</LatitudeDegrees>
							<LongitudeDegrees>99.324968</LongitudeDegrees>
						</Position>
						<AltitudeMeters>7.340000</AltitudeMeters>
						<HeartRateBpm>
							<Value>114</Value>
						</HeartRateBpm>
						<Cadence>55</Cadence>
						<Extensions>
							<ns3:TPX>
								<ns3:Speed>1.166860</ns3:Speed>
							</ns3:TPX>
						</Extensions>
					</Trackpoint>
					<Trackpoint>
						<Time>2569-05-08T14:40:46Z</Time>
						<Position>
							<LatitudeDegrees>9.143647</LatitudeDegrees>
							<LongitudeDegrees>99.324955</LongitudeDegrees>
						</Position>
						<AltitudeMeters>7.320000</AltitudeMeters>
						<HeartRateBpm>
							<Value>113</Value>
						</HeartRateBpm>
						<Cadence>55</Cadence>
						<Extensions>
							<ns3:TPX>
								<ns3:Speed>1.173710</ns3:Speed>
							</ns3:TPX>
						</Extensions>
					</Trackpoint>
					<Trackpoint>
						<Time>2569-05-08T14:40:46Z</Time>
						<Position>
							<LatitudeDegrees>9.143647</LatitudeDegrees>
							<LongitudeDegrees>99.324955</LongitudeDegrees>
						</Position>
						<AltitudeMeters>7.320000</AltitudeMeters>
						<HeartRateBpm>
							<Value>113</Value>
						</HeartRateBpm>
						<Cadence>55</Cadence>
						<Extensions>
							<ns3:TPX>
								<ns3:Speed>1.173710</ns3:Speed>
							</ns3:TPX>
						</Extensions>
					</Trackpoint>
					<Trackpoint>
						<Time>2569-05-08T14:40:48Z</Time>
						<Position>
							<LatitudeDegrees>9.143637</LatitudeDegrees>
							<LongitudeDegrees>99.324948</LongitudeDegrees>
						</Position>
						<AltitudeMeters>7.320000</AltitudeMeters>
						<HeartRateBpm>
							<Value>112</Value>
						</HeartRateBpm>
						<Cadence>54</Cadence>
						<Extensions>
							<ns3:TPX>
								<ns3:Speed>1.189060</ns3:Speed>
							</ns3:TPX>
						</Extensions>
					</Trackpoint>
					<Trackpoint>
						<Time>2569-05-08T14:40:49Z</Time>
						<Position>
							<LatitudeDegrees>9.143628</LatitudeDegrees>
							<LongitudeDegrees>99.324941</LongitudeDegrees>
						</Position>
						<AltitudeMeters>7.310000</AltitudeMeters>
						<HeartRateBpm>
							<Value>111</Value>
						</HeartRateBpm>
						<Cadence>53</Cadence>
						<Extensions>
							<ns3:TPX>
								<ns3:Speed>1.199040</ns3:Speed>
							</ns3:TPX>
						</Extensions>
					</Trackpoint>
					<Trackpoint>
						<Time>2569-05-08T14:40:50Z</Time>
						<Position>
							<LatitudeDegrees>9.143621</LatitudeDegrees>
							<LongitudeDegrees>99.324937</LongitudeDegrees>
						</Position>
						<AltitudeMeters>7.310000</AltitudeMeters>
						<HeartRateBpm>
							<Value>112</Value>
						</HeartRateBpm>
						<Cadence>53</Cadence>
						<Extensions>
							<ns3:TPX>
								<ns3:Speed>1.200480</ns3:Speed>
							</ns3:TPX>
						</Extensions>
					</Trackpoint>
					<Trackpoint>
						<Time>2569-05-08T14:40:51Z</Time>
						<Position>
							<LatitudeDegrees>9.143604</LatitudeDegrees>
							<LongitudeDegrees>99.324931</LongitudeDegrees>
						</Position>
						<AltitudeMeters>7.310000</AltitudeMeters>
						<HeartRateBpm>
							<Value>112</Value>
						</HeartRateBpm>
						<Cadence>53</Cadence>
						<Extensions>
							<ns3:TPX>
								<ns3:Speed>1.200480</ns3:Speed>
							</ns3:TPX>
						</Extensions>
					</Trackpoint>
					<Trackpoint>
						<Time>2569-05-08T14:40:51Z</Time>
						<Position>
							<LatitudeDegrees>9.143604</LatitudeDegrees>
							<LongitudeDegrees>99.324931</LongitudeDegrees>
						</Position>
						<AltitudeMeters>7.310000</AltitudeMeters>
						<HeartRateBpm>
							<Value>112</Value>
						</HeartRateBpm>
						<Cadence>53</Cadence>
						<Extensions>
							<ns3:TPX>
								<ns3:Speed>1.200480</ns3:Speed>
							</ns3:TPX>
						</Extensions>
					</Trackpoint>
					<Trackpoint>
						<Time>2569-05-08T14:40:52Z</Time>
						<Position>
							<LatitudeDegrees>9.143598</LatitudeDegrees>
							<LongitudeDegrees>99.324929</LongitudeDegrees>
						</Position>
						<AltitudeMeters>7.310000</AltitudeMeters>
						<HeartRateBpm>
							<Value>111</Value>
						</HeartRateBpm>
						<Cadence>53</Cadence>
						<Extensions>
							<ns3:TPX>
								<ns3:Speed>1.170960</ns3:Speed>
							</ns3:TPX>
						</Extensions>
					</Trackpoint>
					<Trackpoint>
						<Time>2569-05-08T14:40:54Z</Time>
						<Position>
							<LatitudeDegrees>9.143590</LatitudeDegrees>
							<LongitudeDegrees>99.324925</LongitudeDegrees>
						</Position>
						<AltitudeMeters>7.310000</AltitudeMeters>
						<HeartRateBpm>
							<Value>112</Value>
						</HeartRateBpm>
						<Cadence>55</Cadence>
						<Extensions>
							<ns3:TPX>
								<ns3:Speed>1.019370</ns3:Speed>
							</ns3:TPX>
						</Extensions>
					</Trackpoint>
					<Trackpoint>
						<Time>2569-05-08T14:40:55Z</Time>
						<Position>
							<LatitudeDegrees>9.143574</LatitudeDegrees>
							<LongitudeDegrees>99.324916</LongitudeDegrees>
						</Position>
						<AltitudeMeters>7.310000</AltitudeMeters>
						<HeartRateBpm>
							<Value>113</Value>
						</HeartRateBpm>
						<Cadence>55</Cadence>
						<Extensions>
							<ns3:TPX>
								<ns3:Speed>0.977520</ns3:Speed>
							</ns3:TPX>
						</Extensions>
					</Trackpoint>
					<Trackpoint>
						<Time>2569-05-08T14:40:55Z</Time>
						<Position>
							<LatitudeDegrees>9.143574</LatitudeDegrees>
							<LongitudeDegrees>99.324916</LongitudeDegrees>
						</Position>
						<AltitudeMeters>7.310000</AltitudeMeters>
						<HeartRateBpm>
							<Value>113</Value>
						</HeartRateBpm>
						<Cadence>55</Cadence>
						<Extensions>
							<ns3:TPX>
								<ns3:Speed>0.977520</ns3:Speed>
							</ns3:TPX>
						</Extensions>
					</Trackpoint>
					<Trackpoint>
						<Time>2569-05-08T14:40:56Z</Time>
						<Position>
							<LatitudeDegrees>9.143566</LatitudeDegrees>
							<LongitudeDegrees>99.324908</LongitudeDegrees>
						</Position>
						<AltitudeMeters>7.310000</AltitudeMeters>
						<HeartRateBpm>
							<Value>113</Value>
						</HeartRateBpm>
						<Cadence>55</Cadence>
						<Extensions>
							<ns3:TPX>
								<ns3:Speed>0.957850</ns3:Speed>
							</ns3:TPX>
						</Extensions>
					</Trackpoint>
					<Trackpoint>
						<Time>2569-05-08T14:40:57Z</Time>
						<Position>
							<LatitudeDegrees>9.143560</LatitudeDegrees>
							<LongitudeDegrees>99.324899</LongitudeDegrees>
						</Position>
						<AltitudeMeters>7.310000</AltitudeMeters>
						<HeartRateBpm>
							<Value>113</Value>
						</HeartRateBpm>
						<Cadence>55</Cadence>
						<Extensions>
							<ns3:TPX>
								<ns3:Speed>0.948770</ns3:Speed>
							</ns3:TPX>
						</Extensions>
					</Trackpoint>
					<Trackpoint>
						<Time>2569-05-08T14:40:59Z</Time>
						<Position>
							<LatitudeDegrees>9.143554</LatitudeDegrees>
							<LongitudeDegrees>99.324890</LongitudeDegrees>
						</Position>
						<AltitudeMeters>7.320000</AltitudeMeters>
						<HeartRateBpm>
							<Value>112</Value>
						</HeartRateBpm>
						<Cadence>55</Cadence>
						<Extensions>
							<ns3:TPX>
								<ns3:Speed>0.871080</ns3:Speed>
							</ns3:TPX>
						</Extensions>
					</Trackpoint>
					<Trackpoint>
						<Time>2569-05-08T14:41:00Z</Time>
						<Position>
							<LatitudeDegrees>9.143549</LatitudeDegrees>
							<LongitudeDegrees>99.324881</LongitudeDegrees>
						</Position>
						<AltitudeMeters>7.320000</AltitudeMeters>
						<HeartRateBpm>
							<Value>112</Value>
						</HeartRateBpm>
						<Cadence>54</Cadence>
						<Extensions>
							<ns3:TPX>
								<ns3:Speed>0.787400</ns3:Speed>
							</ns3:TPX>
						</Extensions>
					</Trackpoint>
					<Trackpoint>
						<Time>2569-05-08T14:41:01Z</Time>
						<Position>
							<LatitudeDegrees>9.143545</LatitudeDegrees>
							<LongitudeDegrees>99.324873</LongitudeDegrees>
						</Position>
						<AltitudeMeters>7.320000</AltitudeMeters>
						<HeartRateBpm>
							<Value>112</Value>
						</HeartRateBpm>
						<Cadence>54</Cadence>
						<Extensions>
							<ns3:TPX>
								<ns3:Speed>0.763360</ns3:Speed>
							</ns3:TPX>
						</Extensions>
					</Trackpoint>
					<Trackpoint>
						<Time>2569-05-08T14:41:02Z</Time>
						<Position>
							<LatitudeDegrees>9.143542</LatitudeDegrees>
							<LongitudeDegrees>99.324864</LongitudeDegrees>
						</Position>
						<AltitudeMeters>7.320000</AltitudeMeters>
						<HeartRateBpm>
							<Value>110</Value>
						</HeartRateBpm>
						<Cadence>53</Cadence>
						<Extensions>
							<ns3:TPX>
								<ns3:Speed>0.759880</ns3:Speed>
							</ns3:TPX>
						</Extensions>
					</Trackpoint>
					<Trackpoint>
						<Time>2569-05-08T14:41:03Z</Time>
						<Position>
							<LatitudeDegrees>9.143546</LatitudeDegrees>
							<LongitudeDegrees>99.324840</LongitudeDegrees>
						</Position>
						<AltitudeMeters>7.320000</AltitudeMeters>
						<HeartRateBpm>
							<Value>109</Value>
						</HeartRateBpm>
						<Cadence>52</Cadence>
						<Extensions>
							<ns3:TPX>
								<ns3:Speed>0.755290</ns3:Speed>
							</ns3:TPX>
						</Extensions>
					</Trackpoint>
					<Trackpoint>
						<Time>2569-05-08T14:41:04Z</Time>
						<Position>
							<LatitudeDegrees>9.143548</LatitudeDegrees>
							<LongitudeDegrees>99.324820</LongitudeDegrees>
						</Position>
						<AltitudeMeters>7.320000</AltitudeMeters>
						<HeartRateBpm>
							<Value>110</Value>
						</HeartRateBpm>
						<Cadence>51</Cadence>
						<Extensions>
							<ns3:TPX>
								<ns3:Speed>0.751880</ns3:Speed>
							</ns3:TPX>
						</Extensions>
					</Trackpoint>
					<Trackpoint>
						<Time>2569-05-08T14:41:05Z</Time>
						<Position>
							<LatitudeDegrees>9.143546</LatitudeDegrees>
							<LongitudeDegrees>99.324804</LongitudeDegrees>
						</Position>
						<AltitudeMeters>7.320000</AltitudeMeters>
						<HeartRateBpm>
							<Value>110</Value>
						</HeartRateBpm>
						<Cadence>51</Cadence>
						<Extensions>
							<ns3:TPX>
								<ns3:Speed>0.746830</ns3:Speed>
							</ns3:TPX>
						</Extensions>
					</Trackpoint>
					<Trackpoint>
						<Time>2569-05-08T14:41:06Z</Time>
						<Position>
							<LatitudeDegrees>9.143543</LatitudeDegrees>
							<LongitudeDegrees>99.324791</LongitudeDegrees>
						</Position>
						<AltitudeMeters>7.320000</AltitudeMeters>
						<HeartRateBpm>
							<Value>109</Value>
						</HeartRateBpm>
						<Cadence>51</Cadence>
						<Extensions>
							<ns3:TPX>
								<ns3:Speed>0.739100</ns3:Speed>
							</ns3:TPX>
						</Extensions>
					</Trackpoint>
					<Trackpoint>
						<Time>2569-05-08T14:41:07Z</Time>
						<Position>
							<LatitudeDegrees>9.143538</LatitudeDegrees>
							<LongitudeDegrees>99.324766</LongitudeDegrees>
						</Position>
						<AltitudeMeters>7.310000</AltitudeMeters>
						<HeartRateBpm>
							<Value>108</Value>
						</HeartRateBpm>
						<Cadence>52</Cadence>
						<Extensions>
							<ns3:TPX>
								<ns3:Speed>0.730460</ns3:Speed>
							</ns3:TPX>
						</Extensions>
					</Trackpoint>
					<Trackpoint>
						<Time>2569-05-08T14:41:07Z</Time>
						<Position>
							<LatitudeDegrees>9.143538</LatitudeDegrees>
							<LongitudeDegrees>99.324766</LongitudeDegrees>
						</Position>
						<AltitudeMeters>7.310000</AltitudeMeters>
						<HeartRateBpm>
							<Value>108</Value>
						</HeartRateBpm>
						<Cadence>52</Cadence>
						<Extensions>
							<ns3:TPX>
								<ns3:Speed>0.730460</ns3:Speed>
							</ns3:TPX>
						</Extensions>
					</Trackpoint>
					<Trackpoint>
						<Time>2569-05-08T14:41:09Z</Time>
						<Position>
							<LatitudeDegrees>9.143535</LatitudeDegrees>
							<LongitudeDegrees>99.324755</LongitudeDegrees>
						</Position>
						<AltitudeMeters>7.300000</AltitudeMeters>
						<HeartRateBpm>
							<Value>108</Value>
						</HeartRateBpm>
						<Cadence>54</Cadence>
						<Extensions>
							<ns3:TPX>
								<ns3:Speed>0.713270</ns3:Speed>
							</ns3:TPX>
						</Extensions>
					</Trackpoint>
					<Trackpoint>
						<Time>2569-05-08T14:41:10Z</Time>
						<Position>
							<LatitudeDegrees>9.143532</LatitudeDegrees>
							<LongitudeDegrees>99.324744</LongitudeDegrees>
						</Position>
						<AltitudeMeters>7.300000</AltitudeMeters>
						<HeartRateBpm>
							<Value>107</Value>
						</HeartRateBpm>
						<Cadence>54</Cadence>
						<Extensions>
							<ns3:TPX>
								<ns3:Speed>0.706710</ns3:Speed>
							</ns3:TPX>
						</Extensions>
					</Trackpoint>
					<Trackpoint>
						<Time>2569-05-08T14:41:11Z</Time>
						<Position>
							<LatitudeDegrees>9.143527</LatitudeDegrees>
							<LongitudeDegrees>99.324733</LongitudeDegrees>
						</Position>
						<AltitudeMeters>7.300000</AltitudeMeters>
						<HeartRateBpm>
							<Value>108</Value>
						</HeartRateBpm>
						<Cadence>55</Cadence>
						<Extensions>
							<ns3:TPX>
								<ns3:Speed>0.701750</ns3:Speed>
							</ns3:TPX>
						</Extensions>
					</Trackpoint>
					<Trackpoint>
						<Time>2569-05-08T14:41:12Z</Time>
						<Position>
							<LatitudeDegrees>9.143524</LatitudeDegrees>
							<LongitudeDegrees>99.324720</LongitudeDegrees>
						</Position>
						<AltitudeMeters>7.300000</AltitudeMeters>
						<HeartRateBpm>
							<Value>108</Value>
						</HeartRateBpm>
						<Cadence>55</Cadence>
						<Extensions>
							<ns3:TPX>
								<ns3:Speed>0.700280</ns3:Speed>
							</ns3:TPX>
						</Extensions>
					</Trackpoint>
					<Trackpoint>
						<Time>2569-05-08T14:41:13Z</Time>
						<Position>
							<LatitudeDegrees>9.143519</LatitudeDegrees>
							<LongitudeDegrees>99.324710</LongitudeDegrees>
						</Position>
						<AltitudeMeters>7.300000</AltitudeMeters>
						<HeartRateBpm>
							<Value>107</Value>
						</HeartRateBpm>
						<Cadence>55</Cadence>
						<Extensions>
							<ns3:TPX>
								<ns3:Speed>0.701750</ns3:Speed>
							</ns3:TPX>
						</Extensions>
					</Trackpoint>
					<Trackpoint>
						<Time>2569-05-08T14:41:14Z</Time>
						<Position>
							<LatitudeDegrees>9.143515</LatitudeDegrees>
							<LongitudeDegrees>99.324684</LongitudeDegrees>
						</Position>
						<AltitudeMeters>7.300000</AltitudeMeters>
						<HeartRateBpm>
							<Value>108</Value>
						</HeartRateBpm>
						<Cadence>55</Cadence>
						<Extensions>
							<ns3:TPX>
								<ns3:Speed>0.705220</ns3:Speed>
							</ns3:TPX>
						</Extensions>
					</Trackpoint>
					<Trackpoint>
						<Time>2569-05-08T14:41:14Z</Time>
						<Position>
							<LatitudeDegrees>9.143515</LatitudeDegrees>
							<LongitudeDegrees>99.324684</LongitudeDegrees>
						</Position>
						<AltitudeMeters>7.300000</AltitudeMeters>
						<HeartRateBpm>
							<Value>108</Value>
						</HeartRateBpm>
						<Cadence>55</Cadence>
						<Extensions>
							<ns3:TPX>
								<ns3:Speed>0.705220</ns3:Speed>
							</ns3:TPX>
						</Extensions>
					</Trackpoint>
					<Trackpoint>
						<Time>2569-05-08T14:41:15Z</Time>
						<Position>
							<LatitudeDegrees>9.143517</LatitudeDegrees>
							<LongitudeDegrees>99.324668</LongitudeDegrees>
						</Position>
						<AltitudeMeters>7.300000</AltitudeMeters>
						<HeartRateBpm>
							<Value>109</Value>
						</HeartRateBpm>
						<Cadence>55</Cadence>
						<Extensions>
							<ns3:TPX>
								<ns3:Speed>0.709220</ns3:Speed>
							</ns3:TPX>
						</Extensions>
					</Trackpoint>
					<Trackpoint>
						<Time>2569-05-08T14:41:16Z</Time>
						<Position>
							<LatitudeDegrees>9.143514</LatitudeDegrees>
							<LongitudeDegrees>99.324658</LongitudeDegrees>
						</Position>
						<AltitudeMeters>7.290000</AltitudeMeters>
						<HeartRateBpm>
							<Value>109</Value>
						</HeartRateBpm>
						<Cadence>55</Cadence>
						<Extensions>
							<ns3:TPX>
								<ns3:Speed>0.712250</ns3:Speed>
							</ns3:TPX>
						</Extensions>
					</Trackpoint>
					<Trackpoint>
						<Time>2569-05-08T14:41:17Z</Time>
						<Position>
							<LatitudeDegrees>9.143509</LatitudeDegrees>
							<LongitudeDegrees>99.324650</LongitudeDegrees>
						</Position>
						<AltitudeMeters>7.290000</AltitudeMeters>
						<HeartRateBpm>
							<Value>109</Value>
						</HeartRateBpm>
						<Cadence>55</Cadence>
						<Extensions>
							<ns3:TPX>
								<ns3:Speed>0.714290</ns3:Speed>
							</ns3:TPX>
						</Extensions>
					</Trackpoint>
					<Trackpoint>
						<Time>2569-05-08T14:41:19Z</Time>
						<Position>
							<LatitudeDegrees>9.143504</LatitudeDegrees>
							<LongitudeDegrees>99.324645</LongitudeDegrees>
						</Position>
						<AltitudeMeters>7.290000</AltitudeMeters>
						<HeartRateBpm>
							<Value>110</Value>
						</HeartRateBpm>
						<Cadence>54</Cadence>
						<Extensions>
							<ns3:TPX>
								<ns3:Speed>0.720460</ns3:Speed>
							</ns3:TPX>
						</Extensions>
					</Trackpoint>
					<Trackpoint>
						<Time>2569-05-08T14:41:20Z</Time>
						<Position>
							<LatitudeDegrees>9.143490</LatitudeDegrees>
							<LongitudeDegrees>99.324636</LongitudeDegrees>
						</Position>
						<AltitudeMeters>7.290000</AltitudeMeters>
						<HeartRateBpm>
							<Value>111</Value>
						</HeartRateBpm>
						<Cadence>54</Cadence>
						<Extensions>
							<ns3:TPX>
								<ns3:Speed>0.723070</ns3:Speed>
							</ns3:TPX>
						</Extensions>
					</Trackpoint>
					<Trackpoint>
						<Time>2569-05-08T14:41:20Z</Time>
						<Position>
							<LatitudeDegrees>9.143490</LatitudeDegrees>
							<LongitudeDegrees>99.324636</LongitudeDegrees>
						</Position>
						<AltitudeMeters>7.290000</AltitudeMeters>
						<HeartRateBpm>
							<Value>111</Value>
						</HeartRateBpm>
						<Cadence>54</Cadence>
						<Extensions>
							<ns3:TPX>
								<ns3:Speed>0.723070</ns3:Speed>
							</ns3:TPX>
						</Extensions>
					</Trackpoint>
					<Trackpoint>
						<Time>2569-05-08T14:41:22Z</Time>
						<Position>
							<LatitudeDegrees>9.143482</LatitudeDegrees>
							<LongitudeDegrees>99.324633</LongitudeDegrees>
						</Position>
						<AltitudeMeters>7.270000</AltitudeMeters>
						<HeartRateBpm>
							<Value>111</Value>
						</HeartRateBpm>
						<Cadence>53</Cadence>
						<Extensions>
							<ns3:TPX>
								<ns3:Speed>0.720460</ns3:Speed>
							</ns3:TPX>
						</Extensions>
					</Trackpoint>
					<Trackpoint>
						<Time>2569-05-08T14:41:23Z</Time>
						<Position>
							<LatitudeDegrees>9.143473</LatitudeDegrees>
							<LongitudeDegrees>99.324629</LongitudeDegrees>
						</Position>
						<AltitudeMeters>7.260000</AltitudeMeters>
						<HeartRateBpm>
							<Value>111</Value>
						</HeartRateBpm>
						<Cadence>53</Cadence>
						<Extensions>
							<ns3:TPX>
								<ns3:Speed>0.715820</ns3:Speed>
							</ns3:TPX>
						</Extensions>
					</Trackpoint>
					<Trackpoint>
						<Time>2569-05-08T14:41:24Z</Time>
						<Position>
							<LatitudeDegrees>9.143464</LatitudeDegrees>
							<LongitudeDegrees>99.324624</LongitudeDegrees>
						</Position>
						<AltitudeMeters>7.240000</AltitudeMeters>
						<HeartRateBpm>
							<Value>112</Value>
						</HeartRateBpm>
						<Cadence>53</Cadence>
						<Extensions>
							<ns3:TPX>
								<ns3:Speed>0.711740</ns3:Speed>
							</ns3:TPX>
						</Extensions>
					</Trackpoint>
					<Trackpoint>
						<Time>2569-05-08T14:41:25Z</Time>
						<Position>
							<LatitudeDegrees>9.143455</LatitudeDegrees>
							<LongitudeDegrees>99.324624</LongitudeDegrees>
						</Position>
						<AltitudeMeters>7.240000</AltitudeMeters>
						<HeartRateBpm>
							<Value>114</Value>
						</HeartRateBpm>
						<Cadence>53</Cadence>
						<Extensions>
							<ns3:TPX>
								<ns3:Speed>0.706210</ns3:Speed>
							</ns3:TPX>
						</Extensions>
					</Trackpoint>
					<Trackpoint>
						<Time>2569-05-08T14:41:26Z</Time>
						<Position>
							<LatitudeDegrees>9.143437</LatitudeDegrees>
							<LongitudeDegrees>99.324627</LongitudeDegrees>
						</Position>
						<AltitudeMeters>7.230000</AltitudeMeters>
						<HeartRateBpm>
							<Value>115</Value>
						</HeartRateBpm>
						<Cadence>53</Cadence>
						<Extensions>
							<ns3:TPX>
								<ns3:Speed>0.699300</ns3:Speed>
							</ns3:TPX>
						</Extensions>
					</Trackpoint>
					<Trackpoint>
						<Time>2569-05-08T14:41:26Z</Time>
						<Position>
							<LatitudeDegrees>9.143437</LatitudeDegrees>
							<LongitudeDegrees>99.324627</LongitudeDegrees>
						</Position>
						<AltitudeMeters>7.230000</AltitudeMeters>
						<HeartRateBpm>
							<Value>115</Value>
						</HeartRateBpm>
						<Cadence>53</Cadence>
						<Extensions>
							<ns3:TPX>
								<ns3:Speed>0.699300</ns3:Speed>
							</ns3:TPX>
						</Extensions>
					</Trackpoint>
					<Trackpoint>
						<Time>2569-05-08T14:41:27Z</Time>
						<Position>
							<LatitudeDegrees>9.143430</LatitudeDegrees>
							<LongitudeDegrees>99.324629</LongitudeDegrees>
						</Position>
						<AltitudeMeters>7.230000</AltitudeMeters>
						<HeartRateBpm>
							<Value>116</Value>
						</HeartRateBpm>
						<Cadence>53</Cadence>
						<Extensions>
							<ns3:TPX>
								<ns3:Speed>0.692040</ns3:Speed>
							</ns3:TPX>
						</Extensions>
					</Trackpoint>
					<Trackpoint>
						<Time>2569-05-08T14:41:28Z</Time>
						<Position>
							<LatitudeDegrees>9.143421</LatitudeDegrees>
							<LongitudeDegrees>99.324631</LongitudeDegrees>
						</Position>
						<AltitudeMeters>7.230000</AltitudeMeters>
						<HeartRateBpm>
							<Value>117</Value>
						</HeartRateBpm>
						<Cadence>52</Cadence>
						<Extensions>
							<ns3:TPX>
								<ns3:Speed>0.684460</ns3:Speed>
							</ns3:TPX>
						</Extensions>
					</Trackpoint>
					<Trackpoint>
						<Time>2569-05-08T14:41:29Z</Time>
						<Position>
							<LatitudeDegrees>9.143410</LatitudeDegrees>
							<LongitudeDegrees>99.324636</LongitudeDegrees>
						</Position>
						<AltitudeMeters>7.230000</AltitudeMeters>
						<HeartRateBpm>
							<Value>118</Value>
						</HeartRateBpm>
						<Cadence>52</Cadence>
						<Extensions>
							<ns3:TPX>
								<ns3:Speed>0.677050</ns3:Speed>
							</ns3:TPX>
						</Extensions>
					</Trackpoint>
					<Trackpoint>
						<Time>2569-05-08T14:41:30Z</Time>
						<Position>
							<LatitudeDegrees>9.143399</LatitudeDegrees>
							<LongitudeDegrees>99.324639</LongitudeDegrees>
						</Position>
						<AltitudeMeters>7.220000</AltitudeMeters>
						<HeartRateBpm>
							<Value>119</Value>
						</HeartRateBpm>
						<Cadence>51</Cadence>
						<Extensions>
							<ns3:TPX>
								<ns3:Speed>0.668900</ns3:Speed>
							</ns3:TPX>
						</Extensions>
					</Trackpoint>
					<Trackpoint>
						<Time>2569-05-08T14:41:32Z</Time>
						<Position>
							<LatitudeDegrees>9.143383</LatitudeDegrees>
							<LongitudeDegrees>99.324641</LongitudeDegrees>
						</Position>
						<AltitudeMeters>7.220000</AltitudeMeters>
						<HeartRateBpm>
							<Value>121</Value>
						</HeartRateBpm>
						<Cadence>48</Cadence>
						<Extensions>
							<ns3:TPX>
								<ns3:Speed>0.652320</ns3:Speed>
							</ns3:TPX>
						</Extensions>
					</Trackpoint>
					<Trackpoint>
						<Time>2569-05-08T14:41:32Z</Time>
						<Position>
							<LatitudeDegrees>9.143383</LatitudeDegrees>
							<LongitudeDegrees>99.324641</LongitudeDegrees>
						</Position>
						<AltitudeMeters>7.220000</AltitudeMeters>
						<HeartRateBpm>
							<Value>121</Value>
						</HeartRateBpm>
						<Cadence>48</Cadence>
						<Extensions>
							<ns3:TPX>
								<ns3:Speed>0.652320</ns3:Speed>
							</ns3:TPX>
						</Extensions>
					</Trackpoint>
					<Trackpoint>
						<Time>2569-05-08T14:41:34Z</Time>
						<Position>
							<LatitudeDegrees>9.143377</LatitudeDegrees>
							<LongitudeDegrees>99.324641</LongitudeDegrees>
						</Position>
						<AltitudeMeters>7.220000</AltitudeMeters>
						<HeartRateBpm>
							<Value>121</Value>
						</HeartRateBpm>
						<Cadence>48</Cadence>
						<Extensions>
							<ns3:TPX>
								<ns3:Speed>0.633710</ns3:Speed>
							</ns3:TPX>
						</Extensions>
					</Trackpoint>
					<Trackpoint>
						<Time>2569-05-08T14:41:35Z</Time>
						<Position>
							<LatitudeDegrees>9.143366</LatitudeDegrees>
							<LongitudeDegrees>99.324638</LongitudeDegrees>
						</Position>
						<AltitudeMeters>7.210000</AltitudeMeters>
						<HeartRateBpm>
							<Value>121</Value>
						</HeartRateBpm>
						<Cadence>48</Cadence>
						<Extensions>
							<ns3:TPX>
								<ns3:Speed>0.624220</ns3:Speed>
							</ns3:TPX>
						</Extensions>
					</Trackpoint>
					<Trackpoint>
						<Time>2569-05-08T14:41:35Z</Time>
						<Position>
							<LatitudeDegrees>9.143366</LatitudeDegrees>
							<LongitudeDegrees>99.324638</LongitudeDegrees>
						</Position>
						<AltitudeMeters>7.210000</AltitudeMeters>
						<HeartRateBpm>
							<Value>121</Value>
						</HeartRateBpm>
						<Cadence>48</Cadence>
						<Extensions>
							<ns3:TPX>
								<ns3:Speed>0.624220</ns3:Speed>
							</ns3:TPX>
						</Extensions>
					</Trackpoint>
					<Trackpoint>
						<Time>2569-05-08T14:41:36Z</Time>
						<Position>
							<LatitudeDegrees>9.143361</LatitudeDegrees>
							<LongitudeDegrees>99.324635</LongitudeDegrees>
						</Position>
						<AltitudeMeters>7.210000</AltitudeMeters>
						<HeartRateBpm>
							<Value>120</Value>
						</HeartRateBpm>
						<Cadence>48</Cadence>
						<Extensions>
							<ns3:TPX>
								<ns3:Speed>0.613500</ns3:Speed>
							</ns3:TPX>
						</Extensions>
					</Trackpoint>
					<Trackpoint>
						<Time>2569-05-08T14:41:37Z</Time>
						<Position>
							<LatitudeDegrees>9.143357</LatitudeDegrees>
							<LongitudeDegrees>99.324634</LongitudeDegrees>
						</Position>
						<AltitudeMeters>7.210000</AltitudeMeters>
						<HeartRateBpm>
							<Value>120</Value>
						</HeartRateBpm>
						<Cadence>46</Cadence>
						<Extensions>
							<ns3:TPX>
								<ns3:Speed>0.603140</ns3:Speed>
							</ns3:TPX>
						</Extensions>
					</Trackpoint>
					<Trackpoint>
						<Time>2569-05-08T14:41:38Z</Time>
						<Position>
							<LatitudeDegrees>9.143352</LatitudeDegrees>
							<LongitudeDegrees>99.324634</LongitudeDegrees>
						</Position>
						<AltitudeMeters>7.200000</AltitudeMeters>
						<HeartRateBpm>
							<Value>120</Value>
						</HeartRateBpm>
						<Cadence>46</Cadence>
						<Extensions>
							<ns3:TPX>
								<ns3:Speed>0.593470</ns3:Speed>
							</ns3:TPX>
						</Extensions>
					</Trackpoint>
					<Trackpoint>
						<Time>2569-05-08T14:41:39Z</Time>
						<Position>
							<LatitudeDegrees>9.143346</LatitudeDegrees>
							<LongitudeDegrees>99.324635</LongitudeDegrees>
						</Position>
						<AltitudeMeters>7.200000</AltitudeMeters>
						<HeartRateBpm>
							<Value>120</Value>
						</HeartRateBpm>
						<Cadence>46</Cadence>
						<Extensions>
							<ns3:TPX>
								<ns3:Speed>0.584450</ns3:Speed>
							</ns3:TPX>
						</Extensions>
					</Trackpoint>
					<Trackpoint>
						<Time>2569-05-08T14:41:40Z</Time>
						<Position>
							<LatitudeDegrees>9.143339</LatitudeDegrees>
							<LongitudeDegrees>99.324634</LongitudeDegrees>
						</Position>
						<AltitudeMeters>7.200000</AltitudeMeters>
						<HeartRateBpm>
							<Value>119</Value>
						</HeartRateBpm>
						<Cadence>46</Cadence>
						<Extensions>
							<ns3:TPX>
								<ns3:Speed>0.576370</ns3:Speed>
							</ns3:TPX>
						</Extensions>
					</Trackpoint>
					<Trackpoint>
						<Time>2569-05-08T14:41:41Z</Time>
						<Position>
							<LatitudeDegrees>9.143331</LatitudeDegrees>
							<LongitudeDegrees>99.324634</LongitudeDegrees>
						</Position>
						<AltitudeMeters>7.200000</AltitudeMeters>
						<HeartRateBpm>
							<Value>118</Value>
						</HeartRateBpm>
						<Cadence>46</Cadence>
						<Extensions>
							<ns3:TPX>
								<ns3:Speed>0.568830</ns3:Speed>
							</ns3:TPX>
						</Extensions>
					</Trackpoint>
					<Trackpoint>
						<Time>2569-05-08T14:41:42Z</Time>
						<Position>
							<LatitudeDegrees>9.143325</LatitudeDegrees>
							<LongitudeDegrees>99.324631</LongitudeDegrees>
						</Position>
						<AltitudeMeters>7.190000</AltitudeMeters>
						<HeartRateBpm>
							<Value>116</Value>
						</HeartRateBpm>
						<Cadence>45</Cadence>
						<Extensions>
							<ns3:TPX>
								<ns3:Speed>0.561800</ns3:Speed>
							</ns3:TPX>
						</Extensions>
					</Trackpoint>
					<Trackpoint>
						<Time>2569-05-08T14:41:43Z</Time>
						<Position>
							<LatitudeDegrees>9.143321</LatitudeDegrees>
							<LongitudeDegrees>99.324626</LongitudeDegrees>
						</Position>
						<AltitudeMeters>7.190000</AltitudeMeters>
						<HeartRateBpm>
							<Value>115</Value>
						</HeartRateBpm>
						<Cadence>45</Cadence>
						<Extensions>
							<ns3:TPX>
								<ns3:Speed>0.554320</ns3:Speed>
							</ns3:TPX>
						</Extensions>
					</Trackpoint>
					<Trackpoint>
						<Time>2569-05-08T14:41:45Z</Time>
						<Position>
							<LatitudeDegrees>9.143318</LatitudeDegrees>
							<LongitudeDegrees>99.324627</LongitudeDegrees>
						</Position>
						<AltitudeMeters>7.190000</AltitudeMeters>
						<HeartRateBpm>
							<Value>115</Value>
						</HeartRateBpm>
						<Cadence>44</Cadence>
						<Extensions>
							<ns3:TPX>
								<ns3:Speed>0.540250</ns3:Speed>
							</ns3:TPX>
						</Extensions>
					</Trackpoint>
					<Trackpoint>
						<Time>2569-05-08T14:41:45Z</Time>
						<Position>
							<LatitudeDegrees>9.143318</LatitudeDegrees>
							<LongitudeDegrees>99.324627</LongitudeDegrees>
						</Position>
						<AltitudeMeters>7.190000</AltitudeMeters>
						<HeartRateBpm>
							<Value>115</Value>
						</HeartRateBpm>
						<Cadence>44</Cadence>
						<Extensions>
							<ns3:TPX>
								<ns3:Speed>0.540250</ns3:Speed>
							</ns3:TPX>
						</Extensions>
					</Trackpoint>
					<Trackpoint>
						<Time>2569-05-08T14:41:46Z</Time>
						<Position>
							<LatitudeDegrees>9.143320</LatitudeDegrees>
							<LongitudeDegrees>99.324627</LongitudeDegrees>
						</Position>
						<AltitudeMeters>7.190000</AltitudeMeters>
						<HeartRateBpm>
							<Value>116</Value>
						</HeartRateBpm>
						<Cadence>45</Cadence>
						<Extensions>
							<ns3:TPX>
								<ns3:Speed>0.533330</ns3:Speed>
							</ns3:TPX>
						</Extensions>
					</Trackpoint>
					<Trackpoint>
						<Time>2569-05-08T14:41:47Z</Time>
						<Position>
							<LatitudeDegrees>9.143324</LatitudeDegrees>
							<LongitudeDegrees>99.324626</LongitudeDegrees>
						</Position>
						<AltitudeMeters>7.190000</AltitudeMeters>
						<HeartRateBpm>
							<Value>115</Value>
						</HeartRateBpm>
						<Cadence>46</Cadence>
						<Extensions>
							<ns3:TPX>
								<ns3:Speed>0.526320</ns3:Speed>
							</ns3:TPX>
						</Extensions>
					</Trackpoint>
					<Trackpoint>
						<Time>2569-05-08T14:41:49Z</Time>
						<Position>
							<LatitudeDegrees>9.143329</LatitudeDegrees>
							<LongitudeDegrees>99.324626</LongitudeDegrees>
						</Position>
						<AltitudeMeters>7.190000</AltitudeMeters>
						<HeartRateBpm>
							<Value>114</Value>
						</HeartRateBpm>
						<Cadence>51</Cadence>
						<Extensions>
							<ns3:TPX>
								<ns3:Speed>0.514140</ns3:Speed>
							</ns3:TPX>
						</Extensions>
					</Trackpoint>
					<Trackpoint>
						<Time>2569-05-08T14:41:50Z</Time>
						<Position>
							<LatitudeDegrees>9.143337</LatitudeDegrees>
							<LongitudeDegrees>99.324623</LongitudeDegrees>
						</Position>
						<AltitudeMeters>7.190000</AltitudeMeters>
						<HeartRateBpm>
							<Value>114</Value>
						</HeartRateBpm>
						<Cadence>52</Cadence>
						<Extensions>
							<ns3:TPX>
								<ns3:Speed>0.510460</ns3:Speed>
							</ns3:TPX>
						</Extensions>
					</Trackpoint>
					<Trackpoint>
						<Time>2569-05-08T14:41:50Z</Time>
						<Position>
							<LatitudeDegrees>9.143337</LatitudeDegrees>
							<LongitudeDegrees>99.324623</LongitudeDegrees>
						</Position>
						<AltitudeMeters>7.190000</AltitudeMeters>
						<HeartRateBpm>
							<Value>114</Value>
						</HeartRateBpm>
						<Cadence>52</Cadence>
						<Extensions>
							<ns3:TPX>
								<ns3:Speed>0.510460</ns3:Speed>
							</ns3:TPX>
						</Extensions>
					</Trackpoint>
					<Trackpoint>
						<Time>2569-05-08T14:41:51Z</Time>
						<Position>
							<LatitudeDegrees>9.143341</LatitudeDegrees>
							<LongitudeDegrees>99.324621</LongitudeDegrees>
						</Position>
						<AltitudeMeters>7.200000</AltitudeMeters>
						<HeartRateBpm>
							<Value>113</Value>
						</HeartRateBpm>
						<Cadence>53</Cadence>
						<Extensions>
							<ns3:TPX>
								<ns3:Speed>0.506590</ns3:Speed>
							</ns3:TPX>
						</Extensions>
					</Trackpoint>
					<Trackpoint>
						<Time>2569-05-08T14:41:53Z</Time>
						<Position>
							<LatitudeDegrees>9.143344</LatitudeDegrees>
							<LongitudeDegrees>99.324617</LongitudeDegrees>
						</Position>
						<AltitudeMeters>7.200000</AltitudeMeters>
						<HeartRateBpm>
							<Value>112</Value>
						</HeartRateBpm>
						<Cadence>54</Cadence>
						<Extensions>
							<ns3:TPX>
								<ns3:Speed>0.503520</ns3:Speed>
							</ns3:TPX>
						</Extensions>
					</Trackpoint>
					<Trackpoint>
						<Time>2569-05-08T14:41:54Z</Time>
						<Position>
							<LatitudeDegrees>9.143348</LatitudeDegrees>
							<LongitudeDegrees>99.324612</LongitudeDegrees>
						</Position>
						<AltitudeMeters>7.200000</AltitudeMeters>
						<HeartRateBpm>
							<Value>112</Value>
						</HeartRateBpm>
						<Cadence>54</Cadence>
						<Extensions>
							<ns3:TPX>
								<ns3:Speed>0.504030</ns3:Speed>
							</ns3:TPX>
						</Extensions>
					</Trackpoint>
					<Trackpoint>
						<Time>2569-05-08T14:41:55Z</Time>
						<Position>
							<LatitudeDegrees>9.143349</LatitudeDegrees>
							<LongitudeDegrees>99.324605</LongitudeDegrees>
						</Position>
						<AltitudeMeters>7.200000</AltitudeMeters>
						<HeartRateBpm>
							<Value>112</Value>
						</HeartRateBpm>
						<Cadence>54</Cadence>
						<Extensions>
							<ns3:TPX>
								<ns3:Speed>0.505310</ns3:Speed>
							</ns3:TPX>
						</Extensions>
					</Trackpoint>
					<Trackpoint>
						<Time>2569-05-08T14:41:56Z</Time>
						<Position>
							<LatitudeDegrees>9.143352</LatitudeDegrees>
							<LongitudeDegrees>99.324597</LongitudeDegrees>
						</Position>
						<AltitudeMeters>7.200000</AltitudeMeters>
						<HeartRateBpm>
							<Value>112</Value>
						</HeartRateBpm>
						<Cadence>54</Cadence>
						<Extensions>
							<ns3:TPX>
								<ns3:Speed>0.507360</ns3:Speed>
							</ns3:TPX>
						</Extensions>
					</Trackpoint>
					<Trackpoint>
						<Time>2569-05-08T14:41:57Z</Time>
						<Position>
							<LatitudeDegrees>9.143355</LatitudeDegrees>
							<LongitudeDegrees>99.324587</LongitudeDegrees>
						</Position>
						<AltitudeMeters>7.200000</AltitudeMeters>
						<HeartRateBpm>
							<Value>111</Value>
						</HeartRateBpm>
						<Cadence>54</Cadence>
						<Extensions>
							<ns3:TPX>
								<ns3:Speed>0.511250</ns3:Speed>
							</ns3:TPX>
						</Extensions>
					</Trackpoint>
					<Trackpoint>
						<Time>2569-05-08T14:41:58Z</Time>
						<Position>
							<LatitudeDegrees>9.143360</LatitudeDegrees>
							<LongitudeDegrees>99.324562</LongitudeDegrees>
						</Position>
						<AltitudeMeters>7.190000</AltitudeMeters>
						<HeartRateBpm>
							<Value>111</Value>
						</HeartRateBpm>
						<Cadence>53</Cadence>
						<Extensions>
							<ns3:TPX>
								<ns3:Speed>0.516800</ns3:Speed>
							</ns3:TPX>
						</Extensions>
					</Trackpoint>
					<Trackpoint>
						<Time>2569-05-08T14:41:58Z</Time>
						<Position>
							<LatitudeDegrees>9.143360</LatitudeDegrees>
							<LongitudeDegrees>99.324562</LongitudeDegrees>
						</Position>
						<AltitudeMeters>7.190000</AltitudeMeters>
						<HeartRateBpm>
							<Value>111</Value>
						</HeartRateBpm>
						<Cadence>53</Cadence>
						<Extensions>
							<ns3:TPX>
								<ns3:Speed>0.516800</ns3:Speed>
							</ns3:TPX>
						</Extensions>
					</Trackpoint>
					<Trackpoint>
						<Time>2569-05-08T14:42:00Z</Time>
						<Position>
							<LatitudeDegrees>9.143363</LatitudeDegrees>
							<LongitudeDegrees>99.324550</LongitudeDegrees>
						</Position>
						<AltitudeMeters>7.180000</AltitudeMeters>
						<HeartRateBpm>
							<Value>112</Value>
						</HeartRateBpm>
						<Cadence>52</Cadence>
						<Extensions>
							<ns3:TPX>
								<ns3:Speed>0.525210</ns3:Speed>
							</ns3:TPX>
						</Extensions>
					</Trackpoint>
					<Trackpoint>
						<Time>2569-05-08T14:42:01Z</Time>
						<Position>
							<LatitudeDegrees>9.143366</LatitudeDegrees>
							<LongitudeDegrees>99.324540</LongitudeDegrees>
						</Position>
						<AltitudeMeters>7.170000</AltitudeMeters>
						<HeartRateBpm>
							<Value>112</Value>
						</HeartRateBpm>
						<Cadence>52</Cadence>
						<Extensions>
							<ns3:TPX>
								<ns3:Speed>0.529100</ns3:Speed>
							</ns3:TPX>
						</Extensions>
					</Trackpoint>
					<Trackpoint>
						<Time>2569-05-08T14:42:02Z</Time>
						<Position>
							<LatitudeDegrees>9.143370</LatitudeDegrees>
							<LongitudeDegrees>99.324531</LongitudeDegrees>
						</Position>
						<AltitudeMeters>7.170000</AltitudeMeters>
						<HeartRateBpm>
							<Value>111</Value>
						</HeartRateBpm>
						<Cadence>52</Cadence>
						<Extensions>
							<ns3:TPX>
								<ns3:Speed>0.533050</ns3:Speed>
							</ns3:TPX>
						</Extensions>
					</Trackpoint>
					<Trackpoint>
						<Time>2569-05-08T14:42:03Z</Time>
						<Position>
							<LatitudeDegrees>9.143374</LatitudeDegrees>
							<LongitudeDegrees>99.324522</LongitudeDegrees>
						</Position>
						<AltitudeMeters>7.170000</AltitudeMeters>
						<HeartRateBpm>
							<Value>111</Value>
						</HeartRateBpm>
						<Cadence>52</Cadence>
						<Extensions>
							<ns3:TPX>
								<ns3:Speed>0.536770</ns3:Speed>
							</ns3:TPX>
						</Extensions>
					</Trackpoint>
					<Trackpoint>
						<Time>2569-05-08T14:42:04Z</Time>
						<Position>
							<LatitudeDegrees>9.143377</LatitudeDegrees>
							<LongitudeDegrees>99.324515</LongitudeDegrees>
						</Position>
						<AltitudeMeters>7.170000</AltitudeMeters>
						<HeartRateBpm>
							<Value>111</Value>
						</HeartRateBpm>
						<Cadence>53</Cadence>
						<Extensions>
							<ns3:TPX>
								<ns3:Speed>0.541130</ns3:Speed>
							</ns3:TPX>
						</Extensions>
					</Trackpoint>
					<Trackpoint>
						<Time>2569-05-08T14:42:05Z</Time>
						<Position>
							<LatitudeDegrees>9.143382</LatitudeDegrees>
							<LongitudeDegrees>99.324504</LongitudeDegrees>
						</Position>
						<AltitudeMeters>7.160000</AltitudeMeters>
						<HeartRateBpm>
							<Value>111</Value>
						</HeartRateBpm>
						<Cadence>53</Cadence>
						<Extensions>
							<ns3:TPX>
								<ns3:Speed>0.545850</ns3:Speed>
							</ns3:TPX>
						</Extensions>
					</Trackpoint>
					<Trackpoint>
						<Time>2569-05-08T14:42:05Z</Time>
						<Position>
							<LatitudeDegrees>9.143382</LatitudeDegrees>
							<LongitudeDegrees>99.324504</LongitudeDegrees>
						</Position>
						<AltitudeMeters>7.160000</AltitudeMeters>
						<HeartRateBpm>
							<Value>111</Value>
						</HeartRateBpm>
						<Cadence>53</Cadence>
						<Extensions>
							<ns3:TPX>
								<ns3:Speed>0.545850</ns3:Speed>
							</ns3:TPX>
						</Extensions>
					</Trackpoint>
					<Trackpoint>
						<Time>2569-05-08T14:42:06Z</Time>
						<Position>
							<LatitudeDegrees>9.143384</LatitudeDegrees>
							<LongitudeDegrees>99.324501</LongitudeDegrees>
						</Position>
						<AltitudeMeters>7.150000</AltitudeMeters>
						<HeartRateBpm>
							<Value>111</Value>
						</HeartRateBpm>
						<Cadence>53</Cadence>
						<Extensions>
							<ns3:TPX>
								<ns3:Speed>0.550960</ns3:Speed>
							</ns3:TPX>
						</Extensions>
					</Trackpoint>
					<Trackpoint>
						<Time>2569-05-08T14:42:07Z</Time>
						<Position>
							<LatitudeDegrees>9.143387</LatitudeDegrees>
							<LongitudeDegrees>99.324495</LongitudeDegrees>
						</Position>
						<AltitudeMeters>7.140000</AltitudeMeters>
						<HeartRateBpm>
							<Value>111</Value>
						</HeartRateBpm>
						<Cadence>52</Cadence>
						<Extensions>
							<ns3:TPX>
								<ns3:Speed>0.557410</ns3:Speed>
							</ns3:TPX>
						</Extensions>
					</Trackpoint>
					<Trackpoint>
						<Time>2569-05-08T14:42:08Z</Time>
						<Position>
							<LatitudeDegrees>9.143389</LatitudeDegrees>
							<LongitudeDegrees>99.324489</LongitudeDegrees>
						</Position>
						<AltitudeMeters>7.130000</AltitudeMeters>
						<HeartRateBpm>
							<Value>113</Value>
						</HeartRateBpm>
						<Cadence>52</Cadence>
						<Extensions>
							<ns3:TPX>
								<ns3:Speed>0.563380</ns3:Speed>
							</ns3:TPX>
						</Extensions>
					</Trackpoint>
					<Trackpoint>
						<Time>2569-05-08T14:42:09Z</Time>
						<Position>
							<LatitudeDegrees>9.143393</LatitudeDegrees>
							<LongitudeDegrees>99.324482</LongitudeDegrees>
						</Position>
						<AltitudeMeters>7.130000</AltitudeMeters>
						<HeartRateBpm>
							<Value>112</Value>
						</HeartRateBpm>
						<Cadence>52</Cadence>
						<Extensions>
							<ns3:TPX>
								<ns3:Speed>0.634520</ns3:Speed>
							</ns3:TPX>
						</Extensions>
					</Trackpoint>
					<Trackpoint>
						<Time>2569-05-08T14:42:10Z</Time>
						<Position>
							<LatitudeDegrees>9.143395</LatitudeDegrees>
							<LongitudeDegrees>99.324476</LongitudeDegrees>
						</Position>
						<AltitudeMeters>7.150000</AltitudeMeters>
						<HeartRateBpm>
							<Value>112</Value>
						</HeartRateBpm>
						<Cadence>52</Cadence>
						<Extensions>
							<ns3:TPX>
								<ns3:Speed>0.702740</ns3:Speed>
							</ns3:TPX>
						</Extensions>
					</Trackpoint>
					<Trackpoint>
						<Time>2569-05-08T14:42:11Z</Time>
						<Position>
							<LatitudeDegrees>9.143396</LatitudeDegrees>
							<LongitudeDegrees>99.324468</LongitudeDegrees>
						</Position>
						<AltitudeMeters>7.170000</AltitudeMeters>
						<HeartRateBpm>
							<Value>111</Value>
						</HeartRateBpm>
						<Cadence>52</Cadence>
						<Extensions>
							<ns3:TPX>
								<ns3:Speed>0.690130</ns3:Speed>
							</ns3:TPX>
						</Extensions>
					</Trackpoint>
					<Trackpoint>
						<Time>2569-05-08T14:42:12Z</Time>
						<Position>
							<LatitudeDegrees>9.143398</LatitudeDegrees>
							<LongitudeDegrees>99.324463</LongitudeDegrees>
						</Position>
						<AltitudeMeters>7.170000</AltitudeMeters>
						<HeartRateBpm>
							<Value>111</Value>
						</HeartRateBpm>
						<Cadence>51</Cadence>
						<Extensions>
							<ns3:TPX>
								<ns3:Speed>0.679350</ns3:Speed>
							</ns3:TPX>
						</Extensions>
					</Trackpoint>
					<Trackpoint>
						<Time>2569-05-08T14:42:13Z</Time>
						<Position>
							<LatitudeDegrees>9.143400</LatitudeDegrees>
							<LongitudeDegrees>99.324458</LongitudeDegrees>
						</Position>
						<AltitudeMeters>7.160000</AltitudeMeters>
						<HeartRateBpm>
							<Value>110</Value>
						</HeartRateBpm>
						<Cadence>51</Cadence>
						<Extensions>
							<ns3:TPX>
								<ns3:Speed>0.681200</ns3:Speed>
							</ns3:TPX>
						</Extensions>
					</Trackpoint>
					<Trackpoint>
						<Time>2569-05-08T14:42:14Z</Time>
						<Position>
							<LatitudeDegrees>9.143403</LatitudeDegrees>
							<LongitudeDegrees>99.324453</LongitudeDegrees>
						</Position>
						<AltitudeMeters>7.160000</AltitudeMeters>
						<HeartRateBpm>
							<Value>111</Value>
						</HeartRateBpm>
						<Cadence>51</Cadence>
						<Extensions>
							<ns3:TPX>
								<ns3:Speed>0.681200</ns3:Speed>
							</ns3:TPX>
						</Extensions>
					</Trackpoint>
					<Trackpoint>
						<Time>2569-05-08T14:42:15Z</Time>
						<Position>
							<LatitudeDegrees>9.143406</LatitudeDegrees>
							<LongitudeDegrees>99.324447</LongitudeDegrees>
						</Position>
						<AltitudeMeters>7.160000</AltitudeMeters>
						<HeartRateBpm>
							<Value>111</Value>
						</HeartRateBpm>
						<Cadence>51</Cadence>
						<Extensions>
							<ns3:TPX>
								<ns3:Speed>0.671590</ns3:Speed>
							</ns3:TPX>
						</Extensions>
					</Trackpoint>
					<Trackpoint>
						<Time>2569-05-08T14:42:16Z</Time>
						<Position>
							<LatitudeDegrees>9.143409</LatitudeDegrees>
							<LongitudeDegrees>99.324440</LongitudeDegrees>
						</Position>
						<AltitudeMeters>7.160000</AltitudeMeters>
						<HeartRateBpm>
							<Value>111</Value>
						</HeartRateBpm>
						<Cadence>53</Cadence>
						<Extensions>
							<ns3:TPX>
								<ns3:Speed>0.654020</ns3:Speed>
							</ns3:TPX>
						</Extensions>
					</Trackpoint>
					<Trackpoint>
						<Time>2569-05-08T14:42:17Z</Time>
						<Position>
							<LatitudeDegrees>9.143412</LatitudeDegrees>
							<LongitudeDegrees>99.324433</LongitudeDegrees>
						</Position>
						<AltitudeMeters>7.160000</AltitudeMeters>
						<HeartRateBpm>
							<Value>111</Value>
						</HeartRateBpm>
						<Cadence>54</Cadence>
						<Extensions>
							<ns3:TPX>
								<ns3:Speed>0.645990</ns3:Speed>
							</ns3:TPX>
						</Extensions>
					</Trackpoint>
					<Trackpoint>
						<Time>2569-05-08T14:42:18Z</Time>
						<Position>
							<LatitudeDegrees>9.143411</LatitudeDegrees>
							<LongitudeDegrees>99.324429</LongitudeDegrees>
						</Position>
						<AltitudeMeters>7.160000</AltitudeMeters>
						<HeartRateBpm>
							<Value>111</Value>
						</HeartRateBpm>
						<Cadence>54</Cadence>
						<Extensions>
							<ns3:TPX>
								<ns3:Speed>0.652320</ns3:Speed>
							</ns3:TPX>
						</Extensions>
					</Trackpoint>
					<Trackpoint>
						<Time>2569-05-08T14:42:19Z</Time>
						<Position>
							<LatitudeDegrees>9.143411</LatitudeDegrees>
							<LongitudeDegrees>99.324423</LongitudeDegrees>
						</Position>
						<AltitudeMeters>7.150000</AltitudeMeters>
						<HeartRateBpm>
							<Value>110</Value>
						</HeartRateBpm>
						<Cadence>54</Cadence>
						<Extensions>
							<ns3:TPX>
								<ns3:Speed>0.648090</ns3:Speed>
							</ns3:TPX>
						</Extensions>
					</Trackpoint>
					<Trackpoint>
						<Time>2569-05-08T14:42:20Z</Time>
						<Position>
							<LatitudeDegrees>9.143409</LatitudeDegrees>
							<LongitudeDegrees>99.324419</LongitudeDegrees>
						</Position>
						<AltitudeMeters>7.160000</AltitudeMeters>
						<HeartRateBpm>
							<Value>110</Value>
						</HeartRateBpm>
						<Cadence>54</Cadence>
						<Extensions>
							<ns3:TPX>
								<ns3:Speed>0.645580</ns3:Speed>
							</ns3:TPX>
						</Extensions>
					</Trackpoint>
					<Trackpoint>
						<Time>2569-05-08T14:42:21Z</Time>
						<Position>
							<LatitudeDegrees>9.143406</LatitudeDegrees>
							<LongitudeDegrees>99.324415</LongitudeDegrees>
						</Position>
						<AltitudeMeters>7.150000</AltitudeMeters>
						<HeartRateBpm>
							<Value>109</Value>
						</HeartRateBpm>
						<Cadence>54</Cadence>
						<Extensions>
							<ns3:TPX>
								<ns3:Speed>0.653590</ns3:Speed>
							</ns3:TPX>
						</Extensions>
					</Trackpoint>
					<Trackpoint>
						<Time>2569-05-08T14:42:22Z</Time>
						<Position>
							<LatitudeDegrees>9.143404</LatitudeDegrees>
							<LongitudeDegrees>99.324411</LongitudeDegrees>
						</Position>
						<AltitudeMeters>7.160000</AltitudeMeters>
						<HeartRateBpm>
							<Value>108</Value>
						</HeartRateBpm>
						<Cadence>53</Cadence>
						<Extensions>
							<ns3:TPX>
								<ns3:Speed>0.647670</ns3:Speed>
							</ns3:TPX>
						</Extensions>
					</Trackpoint>
					<Trackpoint>
						<Time>2569-05-08T14:42:24Z</Time>
						<Position>
							<LatitudeDegrees>9.143400</LatitudeDegrees>
							<LongitudeDegrees>99.324407</LongitudeDegrees>
						</Position>
						<AltitudeMeters>7.150000</AltitudeMeters>
						<HeartRateBpm>
							<Value>108</Value>
						</HeartRateBpm>
						<Cadence>51</Cadence>
						<Extensions>
							<ns3:TPX>
								<ns3:Speed>0.602050</ns3:Speed>
							</ns3:TPX>
						</Extensions>
					</Trackpoint>
					<Trackpoint>
						<Time>2569-05-08T14:42:25Z</Time>
						<Position>
							<LatitudeDegrees>9.143393</LatitudeDegrees>
							<LongitudeDegrees>99.324398</LongitudeDegrees>
						</Position>
						<AltitudeMeters>7.140000</AltitudeMeters>
						<HeartRateBpm>
							<Value>107</Value>
						</HeartRateBpm>
						<Cadence>50</Cadence>
						<Extensions>
							<ns3:TPX>
								<ns3:Speed>0.593470</ns3:Speed>
							</ns3:TPX>
						</Extensions>
					</Trackpoint>
					<Trackpoint>
						<Time>2569-05-08T14:42:26Z</Time>
						<Position>
							<LatitudeDegrees>9.143387</LatitudeDegrees>
							<LongitudeDegrees>99.324389</LongitudeDegrees>
						</Position>
						<AltitudeMeters>7.140000</AltitudeMeters>
						<HeartRateBpm>
							<Value>107</Value>
						</HeartRateBpm>
						<Cadence>48</Cadence>
						<Extensions>
							<ns3:TPX>
								<ns3:Speed>0.608270</ns3:Speed>
							</ns3:TPX>
						</Extensions>
					</Trackpoint>
					<Trackpoint>
						<Time>2569-05-08T14:42:27Z</Time>
						<Position>
							<LatitudeDegrees>9.143383</LatitudeDegrees>
							<LongitudeDegrees>99.324382</LongitudeDegrees>
						</Position>
						<AltitudeMeters>7.130000</AltitudeMeters>
						<HeartRateBpm>
							<Value>107</Value>
						</HeartRateBpm>
						<Cadence>47</Cadence>
					</Trackpoint>
					<Trackpoint>
						<Time>2569-05-08T14:42:28Z</Time>
						<Position>
							<LatitudeDegrees>9.143380</LatitudeDegrees>
							<LongitudeDegrees>99.324374</LongitudeDegrees>
						</Position>
						<AltitudeMeters>7.130000</AltitudeMeters>
						<HeartRateBpm>
							<Value>106</Value>
						</HeartRateBpm>
					</Trackpoint>
					<Trackpoint>
						<Time>2569-05-08T14:42:29Z</Time>
						<Position>
							<LatitudeDegrees>9.143381</LatitudeDegrees>
							<LongitudeDegrees>99.324348</LongitudeDegrees>
						</Position>
						<AltitudeMeters>7.120000</AltitudeMeters>
						<HeartRateBpm>
							<Value>106</Value>
						</HeartRateBpm>
					</Trackpoint>
					<Trackpoint>
						<Time>2569-05-08T14:42:30Z</Time>
						<Position>
							<LatitudeDegrees>9.143380</LatitudeDegrees>
							<LongitudeDegrees>99.324351</LongitudeDegrees>
						</Position>
						<AltitudeMeters>7.120000</AltitudeMeters>
						<HeartRateBpm>
							<Value>106</Value>
						</HeartRateBpm>
					</Trackpoint>
					<Trackpoint>
						<Time>2569-05-08T14:42:31Z</Time>
						<Position>
							<LatitudeDegrees>9.143380</LatitudeDegrees>
							<LongitudeDegrees>99.324344</LongitudeDegrees>
						</Position>
						<AltitudeMeters>7.120000</AltitudeMeters>
						<HeartRateBpm>
							<Value>104</Value>
						</HeartRateBpm>
					</Trackpoint>
					<Trackpoint>
						<Time>2569-05-08T14:42:32Z</Time>
						<Position>
							<LatitudeDegrees>9.143380</LatitudeDegrees>
							<LongitudeDegrees>99.324342</LongitudeDegrees>
						</Position>
						<AltitudeMeters>7.110000</AltitudeMeters>
						<HeartRateBpm>
							<Value>104</Value>
						</HeartRateBpm>
					</Trackpoint>
					<Trackpoint>
						<Time>2569-05-08T14:42:32Z</Time>
						<Position>
							<LatitudeDegrees>9.143380</LatitudeDegrees>
							<LongitudeDegrees>99.324342</LongitudeDegrees>
						</Position>
						<AltitudeMeters>7.110000</AltitudeMeters>
						<HeartRateBpm>
							<Value>104</Value>
						</HeartRateBpm>
					</Trackpoint>
					<Trackpoint>
						<Time>2569-05-08T14:42:34Z</Time>
						<Position>
							<LatitudeDegrees>9.143380</LatitudeDegrees>
							<LongitudeDegrees>99.324341</LongitudeDegrees>
						</Position>
						<AltitudeMeters>7.110000</AltitudeMeters>
						<HeartRateBpm>
							<Value>104</Value>
						</HeartRateBpm>
					</Trackpoint>
					<Trackpoint>
						<Time>2569-05-08T14:42:35Z</Time>
						<Position>
							<LatitudeDegrees>9.143380</LatitudeDegrees>
							<LongitudeDegrees>99.324340</LongitudeDegrees>
						</Position>
						<AltitudeMeters>7.100000</AltitudeMeters>
						<HeartRateBpm>
							<Value>104</Value>
						</HeartRateBpm>
					</Trackpoint>
					<Trackpoint>
						<Time>2569-05-08T14:42:35Z</Time>
						<Position>
							<LatitudeDegrees>9.143380</LatitudeDegrees>
							<LongitudeDegrees>99.324340</LongitudeDegrees>
						</Position>
						<AltitudeMeters>7.100000</AltitudeMeters>
						<HeartRateBpm>
							<Value>104</Value>
						</HeartRateBpm>
					</Trackpoint>
					<Trackpoint>
						<Time>2569-05-08T14:42:36Z</Time>
						<Position>
							<LatitudeDegrees>9.143380</LatitudeDegrees>
							<LongitudeDegrees>99.324340</LongitudeDegrees>
						</Position>
						<AltitudeMeters>7.100000</AltitudeMeters>
						<HeartRateBpm>
							<Value>103</Value>
						</HeartRateBpm>
					</Trackpoint>
					<Trackpoint>
						<Time>2569-05-08T14:42:38Z</Time>
						<Position>
							<LatitudeDegrees>9.143380</LatitudeDegrees>
							<LongitudeDegrees>99.324339</LongitudeDegrees>
						</Position>
						<AltitudeMeters>7.090000</AltitudeMeters>
						<HeartRateBpm>
							<Value>104</Value>
						</HeartRateBpm>
					</Trackpoint>
					<Trackpoint>
						<Time>2569-05-08T14:42:38Z</Time>
						<Position>
							<LatitudeDegrees>9.143380</LatitudeDegrees>
							<LongitudeDegrees>99.324339</LongitudeDegrees>
						</Position>
						<AltitudeMeters>7.090000</AltitudeMeters>
						<HeartRateBpm>
							<Value>104</Value>
						</HeartRateBpm>
					</Trackpoint>
					<Trackpoint>
						<Time>2569-05-08T14:42:40Z</Time>
						<Position>
							<LatitudeDegrees>9.143380</LatitudeDegrees>
							<LongitudeDegrees>99.324339</LongitudeDegrees>
						</Position>
						<AltitudeMeters>7.080000</AltitudeMeters>
						<HeartRateBpm>
							<Value>105</Value>
						</HeartRateBpm>
					</Trackpoint>
					<Trackpoint>
						<Time>2569-05-08T14:42:40Z</Time>
						<Position>
							<LatitudeDegrees>9.143380</LatitudeDegrees>
							<LongitudeDegrees>99.324339</LongitudeDegrees>
						</Position>
						<AltitudeMeters>7.080000</AltitudeMeters>
						<HeartRateBpm>
							<Value>105</Value>
						</HeartRateBpm>
					</Trackpoint>
					<Trackpoint>
						<Time>2569-05-08T14:42:41Z</Time>
						<Position>
							<LatitudeDegrees>9.143380</LatitudeDegrees>
							<LongitudeDegrees>99.324339</LongitudeDegrees>
						</Position>
						<AltitudeMeters>7.080000</AltitudeMeters>
						<HeartRateBpm>
							<Value>106</Value>
						</HeartRateBpm>
					</Trackpoint>
					<Trackpoint>
						<Time>2569-05-08T14:42:42Z</Time>
						<Position>
							<LatitudeDegrees>9.143380</LatitudeDegrees>
							<LongitudeDegrees>99.324339</LongitudeDegrees>
						</Position>
						<AltitudeMeters>7.080000</AltitudeMeters>
						<HeartRateBpm>
							<Value>106</Value>
						</HeartRateBpm>
					</Trackpoint>
					<Trackpoint>
						<Time>2569-05-08T14:42:44Z</Time>
						<Position>
							<LatitudeDegrees>9.143380</LatitudeDegrees>
							<LongitudeDegrees>99.324339</LongitudeDegrees>
						</Position>
						<AltitudeMeters>7.070000</AltitudeMeters>
						<HeartRateBpm>
							<Value>105</Value>
						</HeartRateBpm>
					</Trackpoint>
					<Trackpoint>
						<Time>2569-05-08T14:42:44Z</Time>
						<Position>
							<LatitudeDegrees>9.143380</LatitudeDegrees>
							<LongitudeDegrees>99.324339</LongitudeDegrees>
						</Position>
						<AltitudeMeters>7.070000</AltitudeMeters>
						<HeartRateBpm>
							<Value>105</Value>
						</HeartRateBpm>
					</Trackpoint>
					<Trackpoint>
						<Time>2569-05-08T14:42:46Z</Time>
						<Position>
							<LatitudeDegrees>9.143380</LatitudeDegrees>
							<LongitudeDegrees>99.324338</LongitudeDegrees>
						</Position>
						<AltitudeMeters>7.070000</AltitudeMeters>
						<HeartRateBpm>
							<Value>104</Value>
						</HeartRateBpm>
					</Trackpoint>
					<Trackpoint>
						<Time>2569-05-08T14:42:47Z</Time>
						<Position>
							<LatitudeDegrees>9.143377</LatitudeDegrees>
							<LongitudeDegrees>99.324336</LongitudeDegrees>
						</Position>
						<AltitudeMeters>7.070000</AltitudeMeters>
						<HeartRateBpm>
							<Value>104</Value>
						</HeartRateBpm>
					</Trackpoint>
					<Trackpoint>
						<Time>2569-05-08T14:42:48Z</Time>
						<Position>
							<LatitudeDegrees>9.143374</LatitudeDegrees>
							<LongitudeDegrees>99.324332</LongitudeDegrees>
						</Position>
						<AltitudeMeters>7.060000</AltitudeMeters>
						<HeartRateBpm>
							<Value>104</Value>
						</HeartRateBpm>
					</Trackpoint>
					<Trackpoint>
						<Time>2569-05-08T14:42:49Z</Time>
						<Position>
							<LatitudeDegrees>9.143369</LatitudeDegrees>
							<LongitudeDegrees>99.324327</LongitudeDegrees>
						</Position>
						<AltitudeMeters>7.060000</AltitudeMeters>
						<HeartRateBpm>
							<Value>104</Value>
						</HeartRateBpm>
					</Trackpoint>
					<Trackpoint>
						<Time>2569-05-08T14:42:50Z</Time>
						<Position>
							<LatitudeDegrees>9.143365</LatitudeDegrees>
							<LongitudeDegrees>99.324323</LongitudeDegrees>
						</Position>
						<AltitudeMeters>7.060000</AltitudeMeters>
						<HeartRateBpm>
							<Value>105</Value>
						</HeartRateBpm>
					</Trackpoint>
					<Trackpoint>
						<Time>2569-05-08T14:42:51Z</Time>
						<Position>
							<LatitudeDegrees>9.143361</LatitudeDegrees>
							<LongitudeDegrees>99.324318</LongitudeDegrees>
						</Position>
						<AltitudeMeters>7.060000</AltitudeMeters>
						<HeartRateBpm>
							<Value>105</Value>
						</HeartRateBpm>
						<Extensions>
							<ns3:TPX>
								<ns3:Speed>0.541420</ns3:Speed>
							</ns3:TPX>
						</Extensions>
					</Trackpoint>
					<Trackpoint>
						<Time>2569-05-08T14:42:52Z</Time>
						<Position>
							<LatitudeDegrees>9.143358</LatitudeDegrees>
							<LongitudeDegrees>99.324313</LongitudeDegrees>
						</Position>
						<AltitudeMeters>7.060000</AltitudeMeters>
						<HeartRateBpm>
							<Value>105</Value>
						</HeartRateBpm>
						<Extensions>
							<ns3:TPX>
								<ns3:Speed>0.617280</ns3:Speed>
							</ns3:TPX>
						</Extensions>
					</Trackpoint>
					<Trackpoint>
						<Time>2569-05-08T14:42:53Z</Time>
						<Position>
							<LatitudeDegrees>9.143356</LatitudeDegrees>
							<LongitudeDegrees>99.324308</LongitudeDegrees>
						</Position>
						<AltitudeMeters>7.050000</AltitudeMeters>
						<HeartRateBpm>
							<Value>106</Value>
						</HeartRateBpm>
						<Cadence>54</Cadence>
						<Extensions>
							<ns3:TPX>
								<ns3:Speed>0.683060</ns3:Speed>
							</ns3:TPX>
						</Extensions>
					</Trackpoint>
					<Trackpoint>
						<Time>2569-05-08T14:42:54Z</Time>
						<Position>
							<LatitudeDegrees>9.143353</LatitudeDegrees>
							<LongitudeDegrees>99.324302</LongitudeDegrees>
						</Position>
						<AltitudeMeters>7.060000</AltitudeMeters>
						<HeartRateBpm>
							<Value>106</Value>
						</HeartRateBpm>
						<Cadence>54</Cadence>
						<Extensions>
							<ns3:TPX>
								<ns3:Speed>0.701260</ns3:Speed>
							</ns3:TPX>
						</Extensions>
					</Trackpoint>
					<Trackpoint>
						<Time>2569-05-08T14:42:55Z</Time>
						<Position>
							<LatitudeDegrees>9.143350</LatitudeDegrees>
							<LongitudeDegrees>99.324296</LongitudeDegrees>
						</Position>
						<AltitudeMeters>7.050000</AltitudeMeters>
						<HeartRateBpm>
							<Value>106</Value>
						</HeartRateBpm>
						<Cadence>54</Cadence>
						<Extensions>
							<ns3:TPX>
								<ns3:Speed>0.683990</ns3:Speed>
							</ns3:TPX>
						</Extensions>
					</Trackpoint>
					<Trackpoint>
						<Time>2569-05-08T14:42:56Z</Time>
						<Position>
							<LatitudeDegrees>9.143346</LatitudeDegrees>
							<LongitudeDegrees>99.324286</LongitudeDegrees>
						</Position>
						<AltitudeMeters>7.050000</AltitudeMeters>
						<HeartRateBpm>
							<Value>106</Value>
						</HeartRateBpm>
						<Cadence>54</Cadence>
						<Extensions>
							<ns3:TPX>
								<ns3:Speed>0.670690</ns3:Speed>
							</ns3:TPX>
						</Extensions>
					</Trackpoint>
					<Trackpoint>
						<Time>2569-05-08T14:42:56Z</Time>
						<Position>
							<LatitudeDegrees>9.143346</LatitudeDegrees>
							<LongitudeDegrees>99.324286</LongitudeDegrees>
						</Position>
						<AltitudeMeters>7.050000</AltitudeMeters>
						<HeartRateBpm>
							<Value>106</Value>
						</HeartRateBpm>
						<Cadence>54</Cadence>
						<Extensions>
							<ns3:TPX>
								<ns3:Speed>0.670690</ns3:Speed>
							</ns3:TPX>
						</Extensions>
					</Trackpoint>
					<Trackpoint>
						<Time>2569-05-08T14:42:58Z</Time>
						<Position>
							<LatitudeDegrees>9.143348</LatitudeDegrees>
							<LongitudeDegrees>99.324280</LongitudeDegrees>
						</Position>
						<AltitudeMeters>7.060000</AltitudeMeters>
						<HeartRateBpm>
							<Value>106</Value>
						</HeartRateBpm>
						<Cadence>54</Cadence>
						<Extensions>
							<ns3:TPX>
								<ns3:Speed>0.649770</ns3:Speed>
							</ns3:TPX>
						</Extensions>
					</Trackpoint>
					<Trackpoint>
						<Time>2569-05-08T14:42:59Z</Time>
						<Position>
							<LatitudeDegrees>9.143351</LatitudeDegrees>
							<LongitudeDegrees>99.324272</LongitudeDegrees>
						</Position>
						<AltitudeMeters>7.070000</AltitudeMeters>
						<HeartRateBpm>
							<Value>106</Value>
						</HeartRateBpm>
						<Cadence>54</Cadence>
						<Extensions>
							<ns3:TPX>
								<ns3:Speed>0.654020</ns3:Speed>
							</ns3:TPX>
						</Extensions>
					</Trackpoint>
					<Trackpoint>
						<Time>2569-05-08T14:43:00Z</Time>
						<Position>
							<LatitudeDegrees>9.143353</LatitudeDegrees>
							<LongitudeDegrees>99.324264</LongitudeDegrees>
						</Position>
						<AltitudeMeters>7.080000</AltitudeMeters>
						<HeartRateBpm>
							<Value>106</Value>
						</HeartRateBpm>
						<Cadence>54</Cadence>
						<Extensions>
							<ns3:TPX>
								<ns3:Speed>0.673400</ns3:Speed>
							</ns3:TPX>
						</Extensions>
					</Trackpoint>
					<Trackpoint>
						<Time>2569-05-08T14:43:01Z</Time>
						<Position>
							<LatitudeDegrees>9.143357</LatitudeDegrees>
							<LongitudeDegrees>99.324252</LongitudeDegrees>
						</Position>
						<AltitudeMeters>7.090000</AltitudeMeters>
						<HeartRateBpm>
							<Value>106</Value>
						</HeartRateBpm>
						<Cadence>54</Cadence>
						<Extensions>
							<ns3:TPX>
								<ns3:Speed>0.686340</ns3:Speed>
							</ns3:TPX>
						</Extensions>
					</Trackpoint>
					<Trackpoint>
						<Time>2569-05-08T14:43:02Z</Time>
						<Position>
							<LatitudeDegrees>9.143360</LatitudeDegrees>
							<LongitudeDegrees>99.324240</LongitudeDegrees>
						</Position>
						<AltitudeMeters>7.160000</AltitudeMeters>
						<HeartRateBpm>
							<Value>106</Value>
						</HeartRateBpm>
						<Cadence>54</Cadence>
						<Extensions>
							<ns3:TPX>
								<ns3:Speed>0.632110</ns3:Speed>
							</ns3:TPX>
						</Extensions>
					</Trackpoint>
					<Trackpoint>
						<Time>2569-05-08T14:43:03Z</Time>
						<Position>
							<LatitudeDegrees>9.143365</LatitudeDegrees>
							<LongitudeDegrees>99.324227</LongitudeDegrees>
						</Position>
						<AltitudeMeters>7.170000</AltitudeMeters>
						<HeartRateBpm>
							<Value>106</Value>
						</HeartRateBpm>
						<Cadence>54</Cadence>
						<Extensions>
							<ns3:TPX>
								<ns3:Speed>0.586510</ns3:Speed>
							</ns3:TPX>
						</Extensions>
					</Trackpoint>
					<Trackpoint>
						<Time>2569-05-08T14:43:04Z</Time>
						<Position>
							<LatitudeDegrees>9.143371</LatitudeDegrees>
							<LongitudeDegrees>99.324213</LongitudeDegrees>
						</Position>
						<AltitudeMeters>7.170000</AltitudeMeters>
						<HeartRateBpm>
							<Value>107</Value>
						</HeartRateBpm>
						<Cadence>54</Cadence>
						<Extensions>
							<ns3:TPX>
								<ns3:Speed>0.613120</ns3:Speed>
							</ns3:TPX>
						</Extensions>
					</Trackpoint>
					<Trackpoint>
						<Time>2569-05-08T14:43:05Z</Time>
						<Position>
							<LatitudeDegrees>9.143376</LatitudeDegrees>
							<LongitudeDegrees>99.324199</LongitudeDegrees>
						</Position>
						<AltitudeMeters>7.180000</AltitudeMeters>
						<HeartRateBpm>
							<Value>107</Value>
						</HeartRateBpm>
						<Cadence>54</Cadence>
						<Extensions>
							<ns3:TPX>
								<ns3:Speed>0.660500</ns3:Speed>
							</ns3:TPX>
						</Extensions>
					</Trackpoint>
					<Trackpoint>
						<Time>2569-05-08T14:43:06Z</Time>
						<Position>
							<LatitudeDegrees>9.143381</LatitudeDegrees>
							<LongitudeDegrees>99.324184</LongitudeDegrees>
						</Position>
						<AltitudeMeters>7.180000</AltitudeMeters>
						<HeartRateBpm>
							<Value>106</Value>
						</HeartRateBpm>
						<Cadence>54</Cadence>
						<Extensions>
							<ns3:TPX>
								<ns3:Speed>0.731530</ns3:Speed>
							</ns3:TPX>
						</Extensions>
					</Trackpoint>
					<Trackpoint>
						<Time>2569-05-08T14:43:07Z</Time>
						<Position>
							<LatitudeDegrees>9.143383</LatitudeDegrees>
							<LongitudeDegrees>99.324174</LongitudeDegrees>
						</Position>
						<AltitudeMeters>7.180000</AltitudeMeters>
						<HeartRateBpm>
							<Value>106</Value>
						</HeartRateBpm>
						<Cadence>54</Cadence>
						<Extensions>
							<ns3:TPX>
								<ns3:Speed>0.773400</ns3:Speed>
							</ns3:TPX>
						</Extensions>
					</Trackpoint>
					<Trackpoint>
						<Time>2569-05-08T14:43:08Z</Time>
						<Position>
							<LatitudeDegrees>9.143384</LatitudeDegrees>
							<LongitudeDegrees>99.324165</LongitudeDegrees>
						</Position>
						<AltitudeMeters>7.180000</AltitudeMeters>
						<HeartRateBpm>
							<Value>106</Value>
						</HeartRateBpm>
						<Cadence>54</Cadence>
						<Extensions>
							<ns3:TPX>
								<ns3:Speed>0.773400</ns3:Speed>
							</ns3:TPX>
						</Extensions>
					</Trackpoint>
					<Trackpoint>
						<Time>2569-05-08T14:43:09Z</Time>
						<Position>
							<LatitudeDegrees>9.143383</LatitudeDegrees>
							<LongitudeDegrees>99.324159</LongitudeDegrees>
						</Position>
						<AltitudeMeters>7.180000</AltitudeMeters>
						<HeartRateBpm>
							<Value>106</Value>
						</HeartRateBpm>
						<Cadence>55</Cadence>
						<Extensions>
							<ns3:TPX>
								<ns3:Speed>0.812350</ns3:Speed>
							</ns3:TPX>
						</Extensions>
					</Trackpoint>
					<Trackpoint>
						<Time>2569-05-08T14:43:10Z</Time>
						<Position>
							<LatitudeDegrees>9.143382</LatitudeDegrees>
							<LongitudeDegrees>99.324154</LongitudeDegrees>
						</Position>
						<AltitudeMeters>7.190000</AltitudeMeters>
						<HeartRateBpm>
							<Value>107</Value>
						</HeartRateBpm>
						<Cadence>54</Cadence>
						<Extensions>
							<ns3:TPX>
								<ns3:Speed>0.876420</ns3:Speed>
							</ns3:TPX>
						</Extensions>
					</Trackpoint>
					<Trackpoint>
						<Time>2569-05-08T14:43:11Z</Time>
						<Position>
							<LatitudeDegrees>9.143383</LatitudeDegrees>
							<LongitudeDegrees>99.324148</LongitudeDegrees>
						</Position>
						<AltitudeMeters>7.190000</AltitudeMeters>
						<HeartRateBpm>
							<Value>109</Value>
						</HeartRateBpm>
						<Cadence>54</Cadence>
						<Extensions>
							<ns3:TPX>
								<ns3:Speed>0.911580</ns3:Speed>
							</ns3:TPX>
						</Extensions>
					</Trackpoint>
					<Trackpoint>
						<Time>2569-05-08T14:43:12Z</Time>
						<Position>
							<LatitudeDegrees>9.143384</LatitudeDegrees>
							<LongitudeDegrees>99.324144</LongitudeDegrees>
						</Position>
						<AltitudeMeters>7.190000</AltitudeMeters>
						<HeartRateBpm>
							<Value>109</Value>
						</HeartRateBpm>
						<Cadence>55</Cadence>
						<Extensions>
							<ns3:TPX>
								<ns3:Speed>0.848900</ns3:Speed>
							</ns3:TPX>
						</Extensions>
					</Trackpoint>
					<Trackpoint>
						<Time>2569-05-08T14:43:13Z</Time>
						<Position>
							<LatitudeDegrees>9.143385</LatitudeDegrees>
							<LongitudeDegrees>99.324141</LongitudeDegrees>
						</Position>
						<AltitudeMeters>7.190000</AltitudeMeters>
						<HeartRateBpm>
							<Value>110</Value>
						</HeartRateBpm>
						<Cadence>55</Cadence>
						<Extensions>
							<ns3:TPX>
								<ns3:Speed>0.730990</ns3:Speed>
							</ns3:TPX>
						</Extensions>
					</Trackpoint>
					<Trackpoint>
						<Time>2569-05-08T14:43:14Z</Time>
						<Position>
							<LatitudeDegrees>9.143386</LatitudeDegrees>
							<LongitudeDegrees>99.324137</LongitudeDegrees>
						</Position>
						<AltitudeMeters>7.190000</AltitudeMeters>
						<HeartRateBpm>
							<Value>111</Value>
						</HeartRateBpm>
						<Cadence>60</Cadence>
						<Extensions>
							<ns3:TPX>
								<ns3:Speed>0.644750</ns3:Speed>
							</ns3:TPX>
						</Extensions>
					</Trackpoint>
					<Trackpoint>
						<Time>2569-05-08T14:43:15Z</Time>
						<Position>
							<LatitudeDegrees>9.143387</LatitudeDegrees>
							<LongitudeDegrees>99.324134</LongitudeDegrees>
						</Position>
						<AltitudeMeters>7.190000</AltitudeMeters>
						<HeartRateBpm>
							<Value>110</Value>
						</HeartRateBpm>
						<Cadence>62</Cadence>
					</Trackpoint>
					<Trackpoint>
						<Time>2569-05-08T14:43:16Z</Time>
						<Position>
							<LatitudeDegrees>9.143386</LatitudeDegrees>
							<LongitudeDegrees>99.324130</LongitudeDegrees>
						</Position>
						<AltitudeMeters>7.190000</AltitudeMeters>
						<HeartRateBpm>
							<Value>110</Value>
						</HeartRateBpm>
					</Trackpoint>
					<Trackpoint>
						<Time>2569-05-08T14:43:17Z</Time>
						<Position>
							<LatitudeDegrees>9.143386</LatitudeDegrees>
							<LongitudeDegrees>99.324128</LongitudeDegrees>
						</Position>
						<AltitudeMeters>7.190000</AltitudeMeters>
						<HeartRateBpm>
							<Value>111</Value>
						</HeartRateBpm>
						<Cadence>63</Cadence>
						<Extensions>
							<ns3:TPX>
								<ns3:Speed>0.271890</ns3:Speed>
							</ns3:TPX>
						</Extensions>
					</Trackpoint>
					<Trackpoint>
						<Time>2569-05-08T14:43:17Z</Time>
						<Position>
							<LatitudeDegrees>9.143386</LatitudeDegrees>
							<LongitudeDegrees>99.324128</LongitudeDegrees>
						</Position>
						<AltitudeMeters>7.190000</AltitudeMeters>
						<HeartRateBpm>
							<Value>111</Value>
						</HeartRateBpm>
						<Cadence>63</Cadence>
						<Extensions>
							<ns3:TPX>
								<ns3:Speed>0.271890</ns3:Speed>
							</ns3:TPX>
						</Extensions>
					</Trackpoint>
					<Trackpoint>
						<Time>2569-05-08T14:43:19Z</Time>
						<Position>
							<LatitudeDegrees>9.143385</LatitudeDegrees>
							<LongitudeDegrees>99.324128</LongitudeDegrees>
						</Position>
						<AltitudeMeters>7.190000</AltitudeMeters>
						<HeartRateBpm>
							<Value>110</Value>
						</HeartRateBpm>
						<Cadence>57</Cadence>
						<Extensions>
							<ns3:TPX>
								<ns3:Speed>0.254190</ns3:Speed>
							</ns3:TPX>
						</Extensions>
					</Trackpoint>
					<Trackpoint>
						<Time>2569-05-08T14:43:20Z</Time>
						<Position>
							<LatitudeDegrees>9.143385</LatitudeDegrees>
							<LongitudeDegrees>99.324129</LongitudeDegrees>
						</Position>
						<AltitudeMeters>7.190000</AltitudeMeters>
						<HeartRateBpm>
							<Value>111</Value>
						</HeartRateBpm>
						<Cadence>54</Cadence>
					</Trackpoint>
					<Trackpoint>
						<Time>2569-05-08T14:43:21Z</Time>
						<Position>
							<LatitudeDegrees>9.143385</LatitudeDegrees>
							<LongitudeDegrees>99.324129</LongitudeDegrees>
						</Position>
						<AltitudeMeters>7.190000</AltitudeMeters>
						<HeartRateBpm>
							<Value>112</Value>
						</HeartRateBpm>
					</Trackpoint>
					<Trackpoint>
						<Time>2569-05-08T14:43:22Z</Time>
						<Position>
							<LatitudeDegrees>9.143385</LatitudeDegrees>
							<LongitudeDegrees>99.324128</LongitudeDegrees>
						</Position>
						<AltitudeMeters>7.190000</AltitudeMeters>
						<HeartRateBpm>
							<Value>112</Value>
						</HeartRateBpm>
					</Trackpoint>
					<Trackpoint>
						<Time>2569-05-08T14:43:23Z</Time>
						<Position>
							<LatitudeDegrees>9.143385</LatitudeDegrees>
							<LongitudeDegrees>99.324128</LongitudeDegrees>
						</Position>
						<AltitudeMeters>7.190000</AltitudeMeters>
						<HeartRateBpm>
							<Value>112</Value>
						</HeartRateBpm>
					</Trackpoint>
					<Trackpoint>
						<Time>2569-05-08T14:43:24Z</Time>
						<Position>
							<LatitudeDegrees>9.143383</LatitudeDegrees>
							<LongitudeDegrees>99.324127</LongitudeDegrees>
						</Position>
						<AltitudeMeters>7.190000</AltitudeMeters>
						<HeartRateBpm>
							<Value>112</Value>
						</HeartRateBpm>
					</Trackpoint>
					<Trackpoint>
						<Time>2569-05-08T14:43:25Z</Time>
						<Position>
							<LatitudeDegrees>9.143381</LatitudeDegrees>
							<LongitudeDegrees>99.324125</LongitudeDegrees>
						</Position>
						<AltitudeMeters>7.190000</AltitudeMeters>
						<HeartRateBpm>
							<Value>112</Value>
						</HeartRateBpm>
					</Trackpoint>
					<Trackpoint>
						<Time>2569-05-08T14:43:26Z</Time>
						<Position>
							<LatitudeDegrees>9.143378</LatitudeDegrees>
							<LongitudeDegrees>99.324123</LongitudeDegrees>
						</Position>
						<AltitudeMeters>7.190000</AltitudeMeters>
						<HeartRateBpm>
							<Value>112</Value>
						</HeartRateBpm>
					</Trackpoint>
					<Trackpoint>
						<Time>2569-05-08T14:43:27Z</Time>
						<Position>
							<LatitudeDegrees>9.143376</LatitudeDegrees>
							<LongitudeDegrees>99.324122</LongitudeDegrees>
						</Position>
						<AltitudeMeters>7.190000</AltitudeMeters>
						<HeartRateBpm>
							<Value>112</Value>
						</HeartRateBpm>
					</Trackpoint>
					<Trackpoint>
						<Time>2569-05-08T14:43:28Z</Time>
						<Position>
							<LatitudeDegrees>9.143375</LatitudeDegrees>
							<LongitudeDegrees>99.324119</LongitudeDegrees>
						</Position>
						<AltitudeMeters>7.190000</AltitudeMeters>
						<HeartRateBpm>
							<Value>112</Value>
						</HeartRateBpm>
					</Trackpoint>
					<Trackpoint>
						<Time>2569-05-08T14:43:29Z</Time>
						<Position>
							<LatitudeDegrees>9.143373</LatitudeDegrees>
							<LongitudeDegrees>99.324119</LongitudeDegrees>
						</Position>
						<AltitudeMeters>7.190000</AltitudeMeters>
						<HeartRateBpm>
							<Value>111</Value>
						</HeartRateBpm>
					</Trackpoint>
					<Trackpoint>
						<Time>2569-05-08T14:43:30Z</Time>
						<Position>
							<LatitudeDegrees>9.143372</LatitudeDegrees>
							<LongitudeDegrees>99.324118</LongitudeDegrees>
						</Position>
						<AltitudeMeters>7.190000</AltitudeMeters>
						<HeartRateBpm>
							<Value>110</Value>
						</HeartRateBpm>
					</Trackpoint>
					<Trackpoint>
						<Time>2569-05-08T14:43:31Z</Time>
						<Position>
							<LatitudeDegrees>9.143373</LatitudeDegrees>
							<LongitudeDegrees>99.324119</LongitudeDegrees>
						</Position>
						<AltitudeMeters>7.190000</AltitudeMeters>
						<HeartRateBpm>
							<Value>109</Value>
						</HeartRateBpm>
					</Trackpoint>
					<Trackpoint>
						<Time>2569-05-08T14:43:32Z</Time>
						<Position>
							<LatitudeDegrees>9.143374</LatitudeDegrees>
							<LongitudeDegrees>99.324118</LongitudeDegrees>
						</Position>
						<AltitudeMeters>7.190000</AltitudeMeters>
						<HeartRateBpm>
							<Value>109</Value>
						</HeartRateBpm>
					</Trackpoint>
					<Trackpoint>
						<Time>2569-05-08T14:43:33Z</Time>
						<Position>
							<LatitudeDegrees>9.143374</LatitudeDegrees>
							<LongitudeDegrees>99.324118</LongitudeDegrees>
						</Position>
						<AltitudeMeters>7.190000</AltitudeMeters>
						<HeartRateBpm>
							<Value>110</Value>
						</HeartRateBpm>
					</Trackpoint>
					<Trackpoint>
						<Time>2569-05-08T14:43:34Z</Time>
						<Position>
							<LatitudeDegrees>9.143375</LatitudeDegrees>
							<LongitudeDegrees>99.324116</LongitudeDegrees>
						</Position>
						<AltitudeMeters>7.190000</AltitudeMeters>
						<HeartRateBpm>
							<Value>110</Value>
						</HeartRateBpm>
					</Trackpoint>
					<Trackpoint>
						<Time>2569-05-08T14:43:35Z</Time>
						<Position>
							<LatitudeDegrees>9.143375</LatitudeDegrees>
							<LongitudeDegrees>99.324114</LongitudeDegrees>
						</Position>
						<AltitudeMeters>7.190000</AltitudeMeters>
						<HeartRateBpm>
							<Value>111</Value>
						</HeartRateBpm>
					</Trackpoint>
					<Trackpoint>
						<Time>2569-05-08T14:43:35Z</Time>
						<Position>
							<LatitudeDegrees>9.143375</LatitudeDegrees>
							<LongitudeDegrees>99.324114</LongitudeDegrees>
						</Position>
						<AltitudeMeters>7.190000</AltitudeMeters>
						<HeartRateBpm>
							<Value>111</Value>
						</HeartRateBpm>
					</Trackpoint>
					<Trackpoint>
						<Time>2569-05-08T14:43:37Z</Time>
						<Position>
							<LatitudeDegrees>9.143375</LatitudeDegrees>
							<LongitudeDegrees>99.324113</LongitudeDegrees>
						</Position>
						<AltitudeMeters>7.190000</AltitudeMeters>
						<HeartRateBpm>
							<Value>110</Value>
						</HeartRateBpm>
					</Trackpoint>
					<Trackpoint>
						<Time>2569-05-08T14:43:38Z</Time>
						<Position>
							<LatitudeDegrees>9.143375</LatitudeDegrees>
							<LongitudeDegrees>99.324112</LongitudeDegrees>
						</Position>
						<AltitudeMeters>7.190000</AltitudeMeters>
						<HeartRateBpm>
							<Value>111</Value>
						</HeartRateBpm>
					</Trackpoint>
					<Trackpoint>
						<Time>2569-05-08T14:43:39Z</Time>
						<Position>
							<LatitudeDegrees>9.143374</LatitudeDegrees>
							<LongitudeDegrees>99.324111</LongitudeDegrees>
						</Position>
						<AltitudeMeters>7.190000</AltitudeMeters>
						<HeartRateBpm>
							<Value>110</Value>
						</HeartRateBpm>
					</Trackpoint>
					<Trackpoint>
						<Time>2569-05-08T14:43:39Z</Time>
						<Position>
							<LatitudeDegrees>9.143374</LatitudeDegrees>
							<LongitudeDegrees>99.324111</LongitudeDegrees>
						</Position>
						<AltitudeMeters>7.190000</AltitudeMeters>
						<HeartRateBpm>
							<Value>110</Value>
						</HeartRateBpm>
					</Trackpoint>
					<Trackpoint>
						<Time>2569-05-08T14:43:40Z</Time>
						<Position>
							<LatitudeDegrees>9.143374</LatitudeDegrees>
							<LongitudeDegrees>99.324111</LongitudeDegrees>
						</Position>
						<AltitudeMeters>7.190000</AltitudeMeters>
						<HeartRateBpm>
							<Value>111</Value>
						</HeartRateBpm>
					</Trackpoint>
					<Trackpoint>
						<Time>2569-05-08T14:43:41Z</Time>
						<Position>
							<LatitudeDegrees>9.143374</LatitudeDegrees>
							<LongitudeDegrees>99.324111</LongitudeDegrees>
						</Position>
						<AltitudeMeters>7.190000</AltitudeMeters>
						<HeartRateBpm>
							<Value>110</Value>
						</HeartRateBpm>
					</Trackpoint>
					<Trackpoint>
						<Time>2569-05-08T14:43:42Z</Time>
						<Position>
							<LatitudeDegrees>9.143374</LatitudeDegrees>
							<LongitudeDegrees>99.324111</LongitudeDegrees>
						</Position>
						<AltitudeMeters>7.190000</AltitudeMeters>
						<HeartRateBpm>
							<Value>109</Value>
						</HeartRateBpm>
					</Trackpoint>
					<Trackpoint>
						<Time>2569-05-08T14:43:44Z</Time>
						<Position>
							<LatitudeDegrees>9.143374</LatitudeDegrees>
							<LongitudeDegrees>99.324111</LongitudeDegrees>
						</Position>
						<AltitudeMeters>7.190000</AltitudeMeters>
						<HeartRateBpm>
							<Value>109</Value>
						</HeartRateBpm>
					</Trackpoint>
					<Trackpoint>
						<Time>2569-05-08T14:43:45Z</Time>
						<Position>
							<LatitudeDegrees>9.143374</LatitudeDegrees>
							<LongitudeDegrees>99.324111</LongitudeDegrees>
						</Position>
						<AltitudeMeters>7.190000</AltitudeMeters>
						<HeartRateBpm>
							<Value>109</Value>
						</HeartRateBpm>
					</Trackpoint>
					<Trackpoint>
						<Time>2569-05-08T14:43:46Z</Time>
						<Position>
							<LatitudeDegrees>9.143374</LatitudeDegrees>
							<LongitudeDegrees>99.324111</LongitudeDegrees>
						</Position>
						<AltitudeMeters>7.190000</AltitudeMeters>
						<HeartRateBpm>
							<Value>109</Value>
						</HeartRateBpm>
					</Trackpoint>
					<Trackpoint>
						<Time>2569-05-08T14:43:47Z</Time>
						<Position>
							<LatitudeDegrees>9.143374</LatitudeDegrees>
							<LongitudeDegrees>99.324111</LongitudeDegrees>
						</Position>
						<AltitudeMeters>7.190000</AltitudeMeters>
						<HeartRateBpm>
							<Value>109</Value>
						</HeartRateBpm>
					</Trackpoint>
					<Trackpoint>
						<Time>2569-05-08T14:43:48Z</Time>
						<Position>
							<LatitudeDegrees>9.143374</LatitudeDegrees>
							<LongitudeDegrees>99.324111</LongitudeDegrees>
						</Position>
						<AltitudeMeters>7.190000</AltitudeMeters>
						<HeartRateBpm>
							<Value>108</Value>
						</HeartRateBpm>
					</Trackpoint>
					<Trackpoint>
						<Time>2569-05-08T14:43:49Z</Time>
						<Position>
							<LatitudeDegrees>9.143373</LatitudeDegrees>
							<LongitudeDegrees>99.324111</LongitudeDegrees>
						</Position>
						<AltitudeMeters>7.190000</AltitudeMeters>
						<HeartRateBpm>
							<Value>109</Value>
						</HeartRateBpm>
					</Trackpoint>
					<Trackpoint>
						<Time>2569-05-08T14:43:50Z</Time>
						<Position>
							<LatitudeDegrees>9.143373</LatitudeDegrees>
							<LongitudeDegrees>99.324111</LongitudeDegrees>
						</Position>
						<AltitudeMeters>7.190000</AltitudeMeters>
						<HeartRateBpm>
							<Value>109</Value>
						</HeartRateBpm>
					</Trackpoint>
					<Trackpoint>
						<Time>2569-05-08T14:43:50Z</Time>
						<Position>
							<LatitudeDegrees>9.143373</LatitudeDegrees>
							<LongitudeDegrees>99.324111</LongitudeDegrees>
						</Position>
						<AltitudeMeters>7.190000</AltitudeMeters>
						<HeartRateBpm>
							<Value>109</Value>
						</HeartRateBpm>
					</Trackpoint>
					<Trackpoint>
						<Time>2569-05-08T14:43:52Z</Time>
						<Position>
							<LatitudeDegrees>9.143373</LatitudeDegrees>
							<LongitudeDegrees>99.324111</LongitudeDegrees>
						</Position>
						<AltitudeMeters>7.190000</AltitudeMeters>
						<HeartRateBpm>
							<Value>108</Value>
						</HeartRateBpm>
					</Trackpoint>
					<Trackpoint>
						<Time>2569-05-08T14:43:53Z</Time>
						<Position>
							<LatitudeDegrees>9.143373</LatitudeDegrees>
							<LongitudeDegrees>99.324110</LongitudeDegrees>
						</Position>
						<AltitudeMeters>7.190000</AltitudeMeters>
						<HeartRateBpm>
							<Value>108</Value>
						</HeartRateBpm>
					</Trackpoint>
					<Trackpoint>
						<Time>2569-05-08T14:43:54Z</Time>
						<Position>
							<LatitudeDegrees>9.143373</LatitudeDegrees>
							<LongitudeDegrees>99.324110</LongitudeDegrees>
						</Position>
						<AltitudeMeters>7.190000</AltitudeMeters>
						<HeartRateBpm>
							<Value>107</Value>
						</HeartRateBpm>
					</Trackpoint>
					<Trackpoint>
						<Time>2569-05-08T14:43:55Z</Time>
						<Position>
							<LatitudeDegrees>9.143373</LatitudeDegrees>
							<LongitudeDegrees>99.324109</LongitudeDegrees>
						</Position>
						<AltitudeMeters>7.190000</AltitudeMeters>
						<HeartRateBpm>
							<Value>106</Value>
						</HeartRateBpm>
					</Trackpoint>
					<Trackpoint>
						<Time>2569-05-08T14:43:55Z</Time>
						<Position>
							<LatitudeDegrees>9.143373</LatitudeDegrees>
							<LongitudeDegrees>99.324109</LongitudeDegrees>
						</Position>
						<AltitudeMeters>7.190000</AltitudeMeters>
						<HeartRateBpm>
							<Value>106</Value>
						</HeartRateBpm>
					</Trackpoint>
					<Trackpoint>
						<Time>2569-05-08T14:43:57Z</Time>
						<Position>
							<LatitudeDegrees>9.143372</LatitudeDegrees>
							<LongitudeDegrees>99.324109</LongitudeDegrees>
						</Position>
						<AltitudeMeters>7.190000</AltitudeMeters>
						<HeartRateBpm>
							<Value>104</Value>
						</HeartRateBpm>
					</Trackpoint>
					<Trackpoint>
						<Time>2569-05-08T14:43:58Z</Time>
						<Position>
							<LatitudeDegrees>9.143372</LatitudeDegrees>
							<LongitudeDegrees>99.324109</LongitudeDegrees>
						</Position>
						<AltitudeMeters>7.190000</AltitudeMeters>
						<HeartRateBpm>
							<Value>103</Value>
						</HeartRateBpm>
					</Trackpoint>
					<Trackpoint>
						<Time>2569-05-08T14:43:59Z</Time>
						<Position>
							<LatitudeDegrees>9.143372</LatitudeDegrees>
							<LongitudeDegrees>99.324109</LongitudeDegrees>
						</Position>
						<AltitudeMeters>7.190000</AltitudeMeters>
						<HeartRateBpm>
							<Value>103</Value>
						</HeartRateBpm>
					</Trackpoint>
					<Trackpoint>
						<Time>2569-05-08T14:44:00Z</Time>
						<Position>
							<LatitudeDegrees>9.143371</LatitudeDegrees>
							<LongitudeDegrees>99.324109</LongitudeDegrees>
						</Position>
						<AltitudeMeters>7.190000</AltitudeMeters>
						<HeartRateBpm>
							<Value>103</Value>
						</HeartRateBpm>
					</Trackpoint>
					<Trackpoint>
						<Time>2569-05-08T14:44:01Z</Time>
						<Position>
							<LatitudeDegrees>9.143371</LatitudeDegrees>
							<LongitudeDegrees>99.324109</LongitudeDegrees>
						</Position>
						<AltitudeMeters>7.190000</AltitudeMeters>
						<HeartRateBpm>
							<Value>103</Value>
						</HeartRateBpm>
					</Trackpoint>
					<Trackpoint>
						<Time>2569-05-08T14:44:02Z</Time>
						<Position>
							<LatitudeDegrees>9.143371</LatitudeDegrees>
							<LongitudeDegrees>99.324109</LongitudeDegrees>
						</Position>
						<AltitudeMeters>7.190000</AltitudeMeters>
						<HeartRateBpm>
							<Value>102</Value>
						</HeartRateBpm>
					</Trackpoint>
					<Trackpoint>
						<Time>2569-05-08T14:44:02Z</Time>
						<Position>
							<LatitudeDegrees>9.143371</LatitudeDegrees>
							<LongitudeDegrees>99.324109</LongitudeDegrees>
						</Position>
						<AltitudeMeters>7.190000</AltitudeMeters>
						<HeartRateBpm>
							<Value>102</Value>
						</HeartRateBpm>
					</Trackpoint>
					<Trackpoint>
						<Time>2569-05-08T14:44:04Z</Time>
						<Position>
							<LatitudeDegrees>9.143370</LatitudeDegrees>
							<LongitudeDegrees>99.324109</LongitudeDegrees>
						</Position>
						<AltitudeMeters>7.190000</AltitudeMeters>
						<HeartRateBpm>
							<Value>101</Value>
						</HeartRateBpm>
					</Trackpoint>
					<Trackpoint>
						<Time>2569-05-08T14:44:05Z</Time>
						<Position>
							<LatitudeDegrees>9.143370</LatitudeDegrees>
							<LongitudeDegrees>99.324109</LongitudeDegrees>
						</Position>
						<AltitudeMeters>7.190000</AltitudeMeters>
						<HeartRateBpm>
							<Value>100</Value>
						</HeartRateBpm>
					</Trackpoint>
					<Trackpoint>
						<Time>2569-05-08T14:44:05Z</Time>
						<Position>
							<LatitudeDegrees>9.143370</LatitudeDegrees>
							<LongitudeDegrees>99.324109</LongitudeDegrees>
						</Position>
						<AltitudeMeters>7.190000</AltitudeMeters>
						<HeartRateBpm>
							<Value>100</Value>
						</HeartRateBpm>
					</Trackpoint>
					<Trackpoint>
						<Time>2569-05-08T14:44:06Z</Time>
						<Position>
							<LatitudeDegrees>9.143369</LatitudeDegrees>
							<LongitudeDegrees>99.324109</LongitudeDegrees>
						</Position>
						<AltitudeMeters>7.190000</AltitudeMeters>
						<HeartRateBpm>
							<Value>100</Value>
						</HeartRateBpm>
					</Trackpoint>
					<Trackpoint>
						<Time>2569-05-08T14:44:08Z</Time>
						<Position>
							<LatitudeDegrees>9.143369</LatitudeDegrees>
							<LongitudeDegrees>99.324109</LongitudeDegrees>
						</Position>
						<AltitudeMeters>7.190000</AltitudeMeters>
						<HeartRateBpm>
							<Value>100</Value>
						</HeartRateBpm>
					</Trackpoint>
					<Trackpoint>
						<Time>2569-05-08T14:44:09Z</Time>
						<Position>
							<LatitudeDegrees>9.143369</LatitudeDegrees>
							<LongitudeDegrees>99.324109</LongitudeDegrees>
						</Position>
						<AltitudeMeters>7.190000</AltitudeMeters>
						<HeartRateBpm>
							<Value>100</Value>
						</HeartRateBpm>
					</Trackpoint>
					<Trackpoint>
						<Time>2569-05-08T14:44:10Z</Time>
						<Position>
							<LatitudeDegrees>9.143369</LatitudeDegrees>
							<LongitudeDegrees>99.324109</LongitudeDegrees>
						</Position>
						<AltitudeMeters>7.190000</AltitudeMeters>
						<HeartRateBpm>
							<Value>101</Value>
						</HeartRateBpm>
					</Trackpoint>
					<Trackpoint>
						<Time>2569-05-08T14:44:11Z</Time>
						<Position>
							<LatitudeDegrees>9.143369</LatitudeDegrees>
							<LongitudeDegrees>99.324109</LongitudeDegrees>
						</Position>
						<AltitudeMeters>7.190000</AltitudeMeters>
						<HeartRateBpm>
							<Value>102</Value>
						</HeartRateBpm>
					</Trackpoint>
					<Trackpoint>
						<Time>2569-05-08T14:44:12Z</Time>
						<Position>
							<LatitudeDegrees>9.143369</LatitudeDegrees>
							<LongitudeDegrees>99.324109</LongitudeDegrees>
						</Position>
						<AltitudeMeters>7.190000</AltitudeMeters>
						<HeartRateBpm>
							<Value>102</Value>
						</HeartRateBpm>
					</Trackpoint>
					<Trackpoint>
						<Time>2569-05-08T14:44:12Z</Time>
						<Position>
							<LatitudeDegrees>9.143369</LatitudeDegrees>
							<LongitudeDegrees>99.324109</LongitudeDegrees>
						</Position>
						<AltitudeMeters>7.190000</AltitudeMeters>
						<HeartRateBpm>
							<Value>102</Value>
						</HeartRateBpm>
					</Trackpoint>
					<Trackpoint>
						<Time>2569-05-08T14:44:14Z</Time>
						<Position>
							<LatitudeDegrees>9.143369</LatitudeDegrees>
							<LongitudeDegrees>99.324109</LongitudeDegrees>
						</Position>
						<AltitudeMeters>7.190000</AltitudeMeters>
						<HeartRateBpm>
							<Value>101</Value>
						</HeartRateBpm>
					</Trackpoint>
					<Trackpoint>
						<Time>2569-05-08T14:44:14Z</Time>
						<Position>
							<LatitudeDegrees>9.143369</LatitudeDegrees>
							<LongitudeDegrees>99.324109</LongitudeDegrees>
						</Position>
						<AltitudeMeters>7.190000</AltitudeMeters>
						<HeartRateBpm>
							<Value>101</Value>
						</HeartRateBpm>
					</Trackpoint>
					<Trackpoint>
						<Time>2569-05-08T14:44:16Z</Time>
						<Position>
							<LatitudeDegrees>9.143369</LatitudeDegrees>
							<LongitudeDegrees>99.324109</LongitudeDegrees>
						</Position>
						<AltitudeMeters>7.190000</AltitudeMeters>
						<HeartRateBpm>
							<Value>104</Value>
						</HeartRateBpm>
					</Trackpoint>
					<Trackpoint>
						<Time>2569-05-08T14:44:17Z</Time>
						<Position>
							<LatitudeDegrees>9.143369</LatitudeDegrees>
							<LongitudeDegrees>99.324109</LongitudeDegrees>
						</Position>
						<AltitudeMeters>7.190000</AltitudeMeters>
						<HeartRateBpm>
							<Value>104</Value>
						</HeartRateBpm>
					</Trackpoint>
					<Trackpoint>
						<Time>2569-05-08T14:44:17Z</Time>
						<Position>
							<LatitudeDegrees>9.143369</LatitudeDegrees>
							<LongitudeDegrees>99.324109</LongitudeDegrees>
						</Position>
						<AltitudeMeters>7.190000</AltitudeMeters>
						<HeartRateBpm>
							<Value>104</Value>
						</HeartRateBpm>
					</Trackpoint>
					<Trackpoint>
						<Time>2569-05-08T14:44:19Z</Time>
						<Position>
							<LatitudeDegrees>9.143369</LatitudeDegrees>
							<LongitudeDegrees>99.324109</LongitudeDegrees>
						</Position>
						<AltitudeMeters>7.190000</AltitudeMeters>
						<HeartRateBpm>
							<Value>106</Value>
						</HeartRateBpm>
					</Trackpoint>
					<Trackpoint>
						<Time>2569-05-08T14:44:20Z</Time>
						<Position>
							<LatitudeDegrees>9.143369</LatitudeDegrees>
							<LongitudeDegrees>99.324109</LongitudeDegrees>
						</Position>
						<AltitudeMeters>7.190000</AltitudeMeters>
						<HeartRateBpm>
							<Value>110</Value>
						</HeartRateBpm>
					</Trackpoint>
					<Trackpoint>
						<Time>2569-05-08T14:44:20Z</Time>
						<Position>
							<LatitudeDegrees>9.143369</LatitudeDegrees>
							<LongitudeDegrees>99.324109</LongitudeDegrees>
						</Position>
						<AltitudeMeters>7.190000</AltitudeMeters>
						<HeartRateBpm>
							<Value>110</Value>
						</HeartRateBpm>
					</Trackpoint>
					<Trackpoint>
						<Time>2569-05-08T14:44:21Z</Time>
						<Position>
							<LatitudeDegrees>9.143369</LatitudeDegrees>
							<LongitudeDegrees>99.324109</LongitudeDegrees>
						</Position>
						<AltitudeMeters>7.190000</AltitudeMeters>
						<HeartRateBpm>
							<Value>108</Value>
						</HeartRateBpm>
					</Trackpoint>
					<Trackpoint>
						<Time>2569-05-08T14:44:23Z</Time>
						<Position>
							<LatitudeDegrees>9.143369</LatitudeDegrees>
							<LongitudeDegrees>99.324109</LongitudeDegrees>
						</Position>
						<AltitudeMeters>7.190000</AltitudeMeters>
						<HeartRateBpm>
							<Value>105</Value>
						</HeartRateBpm>
					</Trackpoint>
					<Trackpoint>
						<Time>2569-05-08T14:44:24Z</Time>
						<Position>
							<LatitudeDegrees>9.143369</LatitudeDegrees>
							<LongitudeDegrees>99.324110</LongitudeDegrees>
						</Position>
						<AltitudeMeters>7.190000</AltitudeMeters>
						<HeartRateBpm>
							<Value>107</Value>
						</HeartRateBpm>
					</Trackpoint>
					<Trackpoint>
						<Time>2569-05-08T14:44:24Z</Time>
						<Position>
							<LatitudeDegrees>9.143369</LatitudeDegrees>
							<LongitudeDegrees>99.324110</LongitudeDegrees>
						</Position>
						<AltitudeMeters>7.190000</AltitudeMeters>
						<HeartRateBpm>
							<Value>107</Value>
						</HeartRateBpm>
					</Trackpoint>
					<Trackpoint>
						<Time>2569-05-08T14:44:25Z</Time>
						<Position>
							<LatitudeDegrees>9.143369</LatitudeDegrees>
							<LongitudeDegrees>99.324110</LongitudeDegrees>
						</Position>
						<AltitudeMeters>7.190000</AltitudeMeters>
						<HeartRateBpm>
							<Value>105</Value>
						</HeartRateBpm>
					</Trackpoint>
					<Trackpoint>
						<Time>2569-05-08T14:44:26Z</Time>
						<Position>
							<LatitudeDegrees>9.143369</LatitudeDegrees>
							<LongitudeDegrees>99.324111</LongitudeDegrees>
						</Position>
						<AltitudeMeters>7.190000</AltitudeMeters>
						<HeartRateBpm>
							<Value>104</Value>
						</HeartRateBpm>
					</Trackpoint>
					<Trackpoint>
						<Time>2569-05-08T14:44:27Z</Time>
						<Position>
							<LatitudeDegrees>9.143368</LatitudeDegrees>
							<LongitudeDegrees>99.324111</LongitudeDegrees>
						</Position>
						<AltitudeMeters>7.190000</AltitudeMeters>
						<HeartRateBpm>
							<Value>105</Value>
						</HeartRateBpm>
					</Trackpoint>
					<Trackpoint>
						<Time>2569-05-08T14:44:28Z</Time>
						<Position>
							<LatitudeDegrees>9.143368</LatitudeDegrees>
							<LongitudeDegrees>99.324111</LongitudeDegrees>
						</Position>
						<AltitudeMeters>7.190000</AltitudeMeters>
						<HeartRateBpm>
							<Value>105</Value>
						</HeartRateBpm>
					</Trackpoint>
					<Trackpoint>
						<Time>2569-05-08T14:44:30Z</Time>
						<Position>
							<LatitudeDegrees>9.143368</LatitudeDegrees>
							<LongitudeDegrees>99.324111</LongitudeDegrees>
						</Position>
						<AltitudeMeters>7.190000</AltitudeMeters>
						<HeartRateBpm>
							<Value>104</Value>
						</HeartRateBpm>
					</Trackpoint>
					<Trackpoint>
						<Time>2569-05-08T14:44:30Z</Time>
						<Position>
							<LatitudeDegrees>9.143368</LatitudeDegrees>
							<LongitudeDegrees>99.324111</LongitudeDegrees>
						</Position>
						<AltitudeMeters>7.190000</AltitudeMeters>
						<HeartRateBpm>
							<Value>104</Value>
						</HeartRateBpm>
					</Trackpoint>
					<Trackpoint>
						<Time>2569-05-08T14:44:31Z</Time>
						<Position>
							<LatitudeDegrees>9.143368</LatitudeDegrees>
							<LongitudeDegrees>99.324111</LongitudeDegrees>
						</Position>
						<AltitudeMeters>7.190000</AltitudeMeters>
						<HeartRateBpm>
							<Value>104</Value>
						</HeartRateBpm>
					</Trackpoint>
					<Trackpoint>
						<Time>2569-05-08T14:44:33Z</Time>
						<Position>
							<LatitudeDegrees>9.143367</LatitudeDegrees>
							<LongitudeDegrees>99.324111</LongitudeDegrees>
						</Position>
						<AltitudeMeters>7.190000</AltitudeMeters>
						<HeartRateBpm>
							<Value>106</Value>
						</HeartRateBpm>
					</Trackpoint>
					<Trackpoint>
						<Time>2569-05-08T14:44:34Z</Time>
						<Position>
							<LatitudeDegrees>9.143366</LatitudeDegrees>
							<LongitudeDegrees>99.324110</LongitudeDegrees>
						</Position>
						<AltitudeMeters>7.190000</AltitudeMeters>
						<HeartRateBpm>
							<Value>107</Value>
						</HeartRateBpm>
					</Trackpoint>
					<Trackpoint>
						<Time>2569-05-08T14:44:35Z</Time>
						<Position>
							<LatitudeDegrees>9.143366</LatitudeDegrees>
							<LongitudeDegrees>99.324110</LongitudeDegrees>
						</Position>
						<AltitudeMeters>7.190000</AltitudeMeters>
						<HeartRateBpm>
							<Value>110</Value>
						</HeartRateBpm>
					</Trackpoint>
					<Trackpoint>
						<Time>2569-05-08T14:44:35Z</Time>
						<Position>
							<LatitudeDegrees>9.143366</LatitudeDegrees>
							<LongitudeDegrees>99.324110</LongitudeDegrees>
						</Position>
						<AltitudeMeters>7.190000</AltitudeMeters>
						<HeartRateBpm>
							<Value>110</Value>
						</HeartRateBpm>
					</Trackpoint>
					<Trackpoint>
						<Time>2569-05-08T14:44:36Z</Time>
						<Position>
							<LatitudeDegrees>9.143366</LatitudeDegrees>
							<LongitudeDegrees>99.324109</LongitudeDegrees>
						</Position>
						<AltitudeMeters>7.190000</AltitudeMeters>
						<HeartRateBpm>
							<Value>107</Value>
						</HeartRateBpm>
					</Trackpoint>
					<Trackpoint>
						<Time>2569-05-08T14:44:37Z</Time>
						<Position>
							<LatitudeDegrees>9.143366</LatitudeDegrees>
							<LongitudeDegrees>99.324109</LongitudeDegrees>
						</Position>
						<AltitudeMeters>7.190000</AltitudeMeters>
						<HeartRateBpm>
							<Value>106</Value>
						</HeartRateBpm>
					</Trackpoint>
					<Trackpoint>
						<Time>2569-05-08T14:44:38Z</Time>
						<Position>
							<LatitudeDegrees>9.143365</LatitudeDegrees>
							<LongitudeDegrees>99.324109</LongitudeDegrees>
						</Position>
						<AltitudeMeters>7.190000</AltitudeMeters>
						<HeartRateBpm>
							<Value>107</Value>
						</HeartRateBpm>
					</Trackpoint>
					<Trackpoint>
						<Time>2569-05-08T14:44:39Z</Time>
						<Position>
							<LatitudeDegrees>9.143365</LatitudeDegrees>
							<LongitudeDegrees>99.324109</LongitudeDegrees>
						</Position>
						<AltitudeMeters>7.190000</AltitudeMeters>
						<HeartRateBpm>
							<Value>106</Value>
						</HeartRateBpm>
					</Trackpoint>
					<Trackpoint>
						<Time>2569-05-08T14:44:40Z</Time>
						<Position>
							<LatitudeDegrees>9.143365</LatitudeDegrees>
							<LongitudeDegrees>99.324108</LongitudeDegrees>
						</Position>
						<AltitudeMeters>7.190000</AltitudeMeters>
						<HeartRateBpm>
							<Value>106</Value>
						</HeartRateBpm>
					</Trackpoint>
					<Trackpoint>
						<Time>2569-05-08T14:44:41Z</Time>
						<Position>
							<LatitudeDegrees>9.143364</LatitudeDegrees>
							<LongitudeDegrees>99.324108</LongitudeDegrees>
						</Position>
						<AltitudeMeters>7.190000</AltitudeMeters>
						<HeartRateBpm>
							<Value>108</Value>
						</HeartRateBpm>
					</Trackpoint>
					<Trackpoint>
						<Time>2569-05-08T14:44:42Z</Time>
						<Position>
							<LatitudeDegrees>9.143364</LatitudeDegrees>
							<LongitudeDegrees>99.324108</LongitudeDegrees>
						</Position>
						<AltitudeMeters>7.190000</AltitudeMeters>
						<HeartRateBpm>
							<Value>106</Value>
						</HeartRateBpm>
					</Trackpoint>
					<Trackpoint>
						<Time>2569-05-08T14:44:44Z</Time>
						<Position>
							<LatitudeDegrees>9.143363</LatitudeDegrees>
							<LongitudeDegrees>99.324108</LongitudeDegrees>
						</Position>
						<AltitudeMeters>7.190000</AltitudeMeters>
						<HeartRateBpm>
							<Value>103</Value>
						</HeartRateBpm>
					</Trackpoint>
					<Trackpoint>
						<Time>2569-05-08T14:44:45Z</Time>
						<Position>
							<LatitudeDegrees>9.143362</LatitudeDegrees>
							<LongitudeDegrees>99.324108</LongitudeDegrees>
						</Position>
						<AltitudeMeters>7.190000</AltitudeMeters>
						<HeartRateBpm>
							<Value>103</Value>
						</HeartRateBpm>
					</Trackpoint>
					<Trackpoint>
						<Time>2569-05-08T14:44:45Z</Time>
						<Position>
							<LatitudeDegrees>9.143362</LatitudeDegrees>
							<LongitudeDegrees>99.324108</LongitudeDegrees>
						</Position>
						<AltitudeMeters>7.190000</AltitudeMeters>
						<HeartRateBpm>
							<Value>103</Value>
						</HeartRateBpm>
					</Trackpoint>
					<Trackpoint>
						<Time>2569-05-08T14:44:46Z</Time>
						<Position>
							<LatitudeDegrees>9.143362</LatitudeDegrees>
							<LongitudeDegrees>99.324108</LongitudeDegrees>
						</Position>
						<AltitudeMeters>7.190000</AltitudeMeters>
						<HeartRateBpm>
							<Value>103</Value>
						</HeartRateBpm>
					</Trackpoint>
					<Trackpoint>
						<Time>2569-05-08T14:44:47Z</Time>
						<Position>
							<LatitudeDegrees>9.143362</LatitudeDegrees>
							<LongitudeDegrees>99.324108</LongitudeDegrees>
						</Position>
						<AltitudeMeters>7.190000</AltitudeMeters>
						<HeartRateBpm>
							<Value>105</Value>
						</HeartRateBpm>
					</Trackpoint>
					<Trackpoint>
						<Time>2569-05-08T14:44:49Z</Time>
						<Position>
							<LatitudeDegrees>9.143361</LatitudeDegrees>
							<LongitudeDegrees>99.324108</LongitudeDegrees>
						</Position>
						<AltitudeMeters>7.190000</AltitudeMeters>
						<HeartRateBpm>
							<Value>107</Value>
						</HeartRateBpm>
					</Trackpoint>
					<Trackpoint>
						<Time>2569-05-08T14:44:50Z</Time>
						<Position>
							<LatitudeDegrees>9.143360</LatitudeDegrees>
							<LongitudeDegrees>99.324106</LongitudeDegrees>
						</Position>
						<AltitudeMeters>7.190000</AltitudeMeters>
						<HeartRateBpm>
							<Value>106</Value>
						</HeartRateBpm>
					</Trackpoint>
					<Trackpoint>
						<Time>2569-05-08T14:44:50Z</Time>
						<Position>
							<LatitudeDegrees>9.143360</LatitudeDegrees>
							<LongitudeDegrees>99.324106</LongitudeDegrees>
						</Position>
						<AltitudeMeters>7.190000</AltitudeMeters>
						<HeartRateBpm>
							<Value>106</Value>
						</HeartRateBpm>
					</Trackpoint>
					<Trackpoint>
						<Time>2569-05-08T14:44:51Z</Time>
						<Position>
							<LatitudeDegrees>9.143360</LatitudeDegrees>
							<LongitudeDegrees>99.324106</LongitudeDegrees>
						</Position>
						<AltitudeMeters>7.190000</AltitudeMeters>
						<HeartRateBpm>
							<Value>105</Value>
						</HeartRateBpm>
					</Trackpoint>
					<Trackpoint>
						<Time>2569-05-08T14:44:52Z</Time>
						<Position>
							<LatitudeDegrees>9.143360</LatitudeDegrees>
							<LongitudeDegrees>99.324106</LongitudeDegrees>
						</Position>
						<AltitudeMeters>7.190000</AltitudeMeters>
						<HeartRateBpm>
							<Value>103</Value>
						</HeartRateBpm>
					</Trackpoint>
					<Trackpoint>
						<Time>2569-05-08T14:44:53Z</Time>
						<Position>
							<LatitudeDegrees>9.143360</LatitudeDegrees>
							<LongitudeDegrees>99.324106</LongitudeDegrees>
						</Position>
						<AltitudeMeters>7.190000</AltitudeMeters>
						<HeartRateBpm>
							<Value>103</Value>
						</HeartRateBpm>
					</Trackpoint>
					<Trackpoint>
						<Time>2569-05-08T14:44:54Z</Time>
						<Position>
							<LatitudeDegrees>9.143360</LatitudeDegrees>
							<LongitudeDegrees>99.324107</LongitudeDegrees>
						</Position>
						<AltitudeMeters>7.190000</AltitudeMeters>
						<HeartRateBpm>
							<Value>104</Value>
						</HeartRateBpm>
					</Trackpoint>
					<Trackpoint>
						<Time>2569-05-08T14:44:55Z</Time>
						<Position>
							<LatitudeDegrees>9.143360</LatitudeDegrees>
							<LongitudeDegrees>99.324107</LongitudeDegrees>
						</Position>
						<AltitudeMeters>7.190000</AltitudeMeters>
						<HeartRateBpm>
							<Value>106</Value>
						</HeartRateBpm>
					</Trackpoint>
					<Trackpoint>
						<Time>2569-05-08T14:44:56Z</Time>
						<Position>
							<LatitudeDegrees>9.143359</LatitudeDegrees>
							<LongitudeDegrees>99.324107</LongitudeDegrees>
						</Position>
						<AltitudeMeters>7.190000</AltitudeMeters>
						<HeartRateBpm>
							<Value>109</Value>
						</HeartRateBpm>
					</Trackpoint>
					<Trackpoint>
						<Time>2569-05-08T14:44:57Z</Time>
						<Position>
							<LatitudeDegrees>9.143359</LatitudeDegrees>
							<LongitudeDegrees>99.324107</LongitudeDegrees>
						</Position>
						<AltitudeMeters>7.190000</AltitudeMeters>
						<HeartRateBpm>
							<Value>111</Value>
						</HeartRateBpm>
					</Trackpoint>
					<Trackpoint>
						<Time>2569-05-08T14:44:58Z</Time>
						<Position>
							<LatitudeDegrees>9.143358</LatitudeDegrees>
							<LongitudeDegrees>99.324107</LongitudeDegrees>
						</Position>
						<AltitudeMeters>7.190000</AltitudeMeters>
						<HeartRateBpm>
							<Value>107</Value>
						</HeartRateBpm>
					</Trackpoint>
					<Trackpoint>
						<Time>2569-05-08T14:44:59Z</Time>
						<Position>
							<LatitudeDegrees>9.143358</LatitudeDegrees>
							<LongitudeDegrees>99.324107</LongitudeDegrees>
						</Position>
						<AltitudeMeters>7.190000</AltitudeMeters>
						<HeartRateBpm>
							<Value>108</Value>
						</HeartRateBpm>
					</Trackpoint>
					<Trackpoint>
						<Time>2569-05-08T14:45:00Z</Time>
						<Position>
							<LatitudeDegrees>9.143358</LatitudeDegrees>
							<LongitudeDegrees>99.324107</LongitudeDegrees>
						</Position>
						<AltitudeMeters>7.190000</AltitudeMeters>
						<HeartRateBpm>
							<Value>108</Value>
						</HeartRateBpm>
					</Trackpoint>
					<Trackpoint>
						<Time>2569-05-08T14:45:01Z</Time>
						<Position>
							<LatitudeDegrees>9.143357</LatitudeDegrees>
							<LongitudeDegrees>99.324107</LongitudeDegrees>
						</Position>
						<AltitudeMeters>7.190000</AltitudeMeters>
						<HeartRateBpm>
							<Value>108</Value>
						</HeartRateBpm>
					</Trackpoint>
					<Trackpoint>
						<Time>2569-05-08T14:45:02Z</Time>
						<Position>
							<LatitudeDegrees>9.143357</LatitudeDegrees>
							<LongitudeDegrees>99.324107</LongitudeDegrees>
						</Position>
						<AltitudeMeters>7.190000</AltitudeMeters>
						<HeartRateBpm>
							<Value>109</Value>
						</HeartRateBpm>
					</Trackpoint>
					<Trackpoint>
						<Time>2569-05-08T14:45:03Z</Time>
						<Position>
							<LatitudeDegrees>9.143356</LatitudeDegrees>
							<LongitudeDegrees>99.324107</LongitudeDegrees>
						</Position>
						<AltitudeMeters>7.190000</AltitudeMeters>
						<HeartRateBpm>
							<Value>111</Value>
						</HeartRateBpm>
					</Trackpoint>
					<Trackpoint>
						<Time>2569-05-08T14:45:04Z</Time>
						<Position>
							<LatitudeDegrees>9.143356</LatitudeDegrees>
							<LongitudeDegrees>99.324106</LongitudeDegrees>
						</Position>
						<AltitudeMeters>7.190000</AltitudeMeters>
						<HeartRateBpm>
							<Value>110</Value>
						</HeartRateBpm>
					</Trackpoint>
					<Trackpoint>
						<Time>2569-05-08T14:45:05Z</Time>
						<Position>
							<LatitudeDegrees>9.143355</LatitudeDegrees>
							<LongitudeDegrees>99.324106</LongitudeDegrees>
						</Position>
						<AltitudeMeters>7.190000</AltitudeMeters>
						<HeartRateBpm>
							<Value>108</Value>
						</HeartRateBpm>
					</Trackpoint>
					<Trackpoint>
						<Time>2569-05-08T14:45:06Z</Time>
						<Position>
							<LatitudeDegrees>9.143355</LatitudeDegrees>
							<LongitudeDegrees>99.324106</LongitudeDegrees>
						</Position>
						<AltitudeMeters>7.190000</AltitudeMeters>
						<HeartRateBpm>
							<Value>108</Value>
						</HeartRateBpm>
					</Trackpoint>
					<Trackpoint>
						<Time>2569-05-08T14:45:07Z</Time>
						<Position>
							<LatitudeDegrees>9.143355</LatitudeDegrees>
							<LongitudeDegrees>99.324106</LongitudeDegrees>
						</Position>
						<AltitudeMeters>7.190000</AltitudeMeters>
						<HeartRateBpm>
							<Value>108</Value>
						</HeartRateBpm>
					</Trackpoint>
					<Trackpoint>
						<Time>2569-05-08T14:45:08Z</Time>
						<Position>
							<LatitudeDegrees>9.143354</LatitudeDegrees>
							<LongitudeDegrees>99.324106</LongitudeDegrees>
						</Position>
						<AltitudeMeters>7.190000</AltitudeMeters>
						<HeartRateBpm>
							<Value>109</Value>
						</HeartRateBpm>
					</Trackpoint>
					<Trackpoint>
						<Time>2569-05-08T14:45:09Z</Time>
						<Position>
							<LatitudeDegrees>9.143354</LatitudeDegrees>
							<LongitudeDegrees>99.324106</LongitudeDegrees>
						</Position>
						<AltitudeMeters>7.190000</AltitudeMeters>
						<HeartRateBpm>
							<Value>108</Value>
						</HeartRateBpm>
					</Trackpoint>
					<Trackpoint>
						<Time>2569-05-08T14:45:11Z</Time>
						<Position>
							<LatitudeDegrees>9.143353</LatitudeDegrees>
							<LongitudeDegrees>99.324105</LongitudeDegrees>
						</Position>
						<AltitudeMeters>7.190000</AltitudeMeters>
						<HeartRateBpm>
							<Value>102</Value>
						</HeartRateBpm>
					</Trackpoint>
					<Trackpoint>
						<Time>2569-05-08T14:45:11Z</Time>
						<Position>
							<LatitudeDegrees>9.143353</LatitudeDegrees>
							<LongitudeDegrees>99.324105</LongitudeDegrees>
						</Position>
						<AltitudeMeters>7.190000</AltitudeMeters>
						<HeartRateBpm>
							<Value>102</Value>
						</HeartRateBpm>
					</Trackpoint>
					<Trackpoint>
						<Time>2569-05-08T14:45:12Z</Time>
						<Position>
							<LatitudeDegrees>9.143353</LatitudeDegrees>
							<LongitudeDegrees>99.324105</LongitudeDegrees>
						</Position>
						<AltitudeMeters>7.190000</AltitudeMeters>
						<HeartRateBpm>
							<Value>102</Value>
						</HeartRateBpm>
					</Trackpoint>
					<Trackpoint>
						<Time>2569-05-08T14:45:13Z</Time>
						<Position>
							<LatitudeDegrees>9.143353</LatitudeDegrees>
							<LongitudeDegrees>99.324104</LongitudeDegrees>
						</Position>
						<AltitudeMeters>7.190000</AltitudeMeters>
						<HeartRateBpm>
							<Value>102</Value>
						</HeartRateBpm>
					</Trackpoint>
					<Trackpoint>
						<Time>2569-05-08T14:45:14Z</Time>
						<Position>
							<LatitudeDegrees>9.143353</LatitudeDegrees>
							<LongitudeDegrees>99.324104</LongitudeDegrees>
						</Position>
						<AltitudeMeters>7.190000</AltitudeMeters>
						<HeartRateBpm>
							<Value>102</Value>
						</HeartRateBpm>
					</Trackpoint>
					<Trackpoint>
						<Time>2569-05-08T14:45:15Z</Time>
						<Position>
							<LatitudeDegrees>9.143352</LatitudeDegrees>
							<LongitudeDegrees>99.324104</LongitudeDegrees>
						</Position>
						<AltitudeMeters>7.190000</AltitudeMeters>
						<HeartRateBpm>
							<Value>101</Value>
						</HeartRateBpm>
					</Trackpoint>
					<Trackpoint>
						<Time>2569-05-08T14:45:16Z</Time>
						<Position>
							<LatitudeDegrees>9.143352</LatitudeDegrees>
							<LongitudeDegrees>99.324103</LongitudeDegrees>
						</Position>
						<AltitudeMeters>7.190000</AltitudeMeters>
						<HeartRateBpm>
							<Value>101</Value>
						</HeartRateBpm>
					</Trackpoint>
					<Trackpoint>
						<Time>2569-05-08T14:45:17Z</Time>
						<Position>
							<LatitudeDegrees>9.143352</LatitudeDegrees>
							<LongitudeDegrees>99.324103</LongitudeDegrees>
						</Position>
						<AltitudeMeters>7.190000</AltitudeMeters>
						<HeartRateBpm>
							<Value>101</Value>
						</HeartRateBpm>
					</Trackpoint>
					<Trackpoint>
						<Time>2569-05-08T14:45:18Z</Time>
						<Position>
							<LatitudeDegrees>9.143351</LatitudeDegrees>
							<LongitudeDegrees>99.324103</LongitudeDegrees>
						</Position>
						<AltitudeMeters>7.190000</AltitudeMeters>
						<HeartRateBpm>
							<Value>101</Value>
						</HeartRateBpm>
					</Trackpoint>
					<Trackpoint>
						<Time>2569-05-08T14:45:20Z</Time>
						<Position>
							<LatitudeDegrees>9.143351</LatitudeDegrees>
							<LongitudeDegrees>99.324102</LongitudeDegrees>
						</Position>
						<AltitudeMeters>7.190000</AltitudeMeters>
						<HeartRateBpm>
							<Value>101</Value>
						</HeartRateBpm>
					</Trackpoint>
					<Trackpoint>
						<Time>2569-05-08T14:45:20Z</Time>
						<Position>
							<LatitudeDegrees>9.143351</LatitudeDegrees>
							<LongitudeDegrees>99.324102</LongitudeDegrees>
						</Position>
						<AltitudeMeters>7.190000</AltitudeMeters>
						<HeartRateBpm>
							<Value>101</Value>
						</HeartRateBpm>
					</Trackpoint>
					<Trackpoint>
						<Time>2569-05-08T14:45:21Z</Time>
						<Position>
							<LatitudeDegrees>9.143351</LatitudeDegrees>
							<LongitudeDegrees>99.324102</LongitudeDegrees>
						</Position>
						<AltitudeMeters>7.190000</AltitudeMeters>
						<HeartRateBpm>
							<Value>101</Value>
						</HeartRateBpm>
					</Trackpoint>
					<Trackpoint>
						<Time>2569-05-08T14:45:23Z</Time>
						<Position>
							<LatitudeDegrees>9.143350</LatitudeDegrees>
							<LongitudeDegrees>99.324102</LongitudeDegrees>
						</Position>
						<AltitudeMeters>7.190000</AltitudeMeters>
						<HeartRateBpm>
							<Value>103</Value>
						</HeartRateBpm>
					</Trackpoint>
					<Trackpoint>
						<Time>2569-05-08T14:45:23Z</Time>
						<Position>
							<LatitudeDegrees>9.143350</LatitudeDegrees>
							<LongitudeDegrees>99.324102</LongitudeDegrees>
						</Position>
						<AltitudeMeters>7.190000</AltitudeMeters>
						<HeartRateBpm>
							<Value>103</Value>
						</HeartRateBpm>
					</Trackpoint>
					<Trackpoint>
						<Time>2569-05-08T14:45:25Z</Time>
						<Position>
							<LatitudeDegrees>9.143350</LatitudeDegrees>
							<LongitudeDegrees>99.324102</LongitudeDegrees>
						</Position>
						<AltitudeMeters>7.190000</AltitudeMeters>
						<HeartRateBpm>
							<Value>102</Value>
						</HeartRateBpm>
					</Trackpoint>
					<Trackpoint>
						<Time>2569-05-08T14:45:25Z</Time>
						<Position>
							<LatitudeDegrees>9.143350</LatitudeDegrees>
							<LongitudeDegrees>99.324102</LongitudeDegrees>
						</Position>
						<AltitudeMeters>7.190000</AltitudeMeters>
						<HeartRateBpm>
							<Value>102</Value>
						</HeartRateBpm>
					</Trackpoint>
					<Trackpoint>
						<Time>2569-05-08T14:45:27Z</Time>
						<Position>
							<LatitudeDegrees>9.143350</LatitudeDegrees>
							<LongitudeDegrees>99.324102</LongitudeDegrees>
						</Position>
						<AltitudeMeters>7.190000</AltitudeMeters>
						<HeartRateBpm>
							<Value>103</Value>
						</HeartRateBpm>
					</Trackpoint>
					<Trackpoint>
						<Time>2569-05-08T14:45:27Z</Time>
						<Position>
							<LatitudeDegrees>9.143350</LatitudeDegrees>
							<LongitudeDegrees>99.324102</LongitudeDegrees>
						</Position>
						<AltitudeMeters>7.190000</AltitudeMeters>
						<HeartRateBpm>
							<Value>103</Value>
						</HeartRateBpm>
					</Trackpoint>
					<Trackpoint>
						<Time>2569-05-08T14:45:28Z</Time>
						<Position>
							<LatitudeDegrees>9.143350</LatitudeDegrees>
							<LongitudeDegrees>99.324102</LongitudeDegrees>
						</Position>
						<AltitudeMeters>7.190000</AltitudeMeters>
						<HeartRateBpm>
							<Value>103</Value>
						</HeartRateBpm>
					</Trackpoint>
					<Trackpoint>
						<Time>2569-05-08T14:45:29Z</Time>
						<Position>
							<LatitudeDegrees>9.143350</LatitudeDegrees>
							<LongitudeDegrees>99.324102</LongitudeDegrees>
						</Position>
						<AltitudeMeters>7.190000</AltitudeMeters>
						<HeartRateBpm>
							<Value>104</Value>
						</HeartRateBpm>
					</Trackpoint>
					<Trackpoint>
						<Time>2569-05-08T14:45:30Z</Time>
						<Position>
							<LatitudeDegrees>9.143350</LatitudeDegrees>
							<LongitudeDegrees>99.324101</LongitudeDegrees>
						</Position>
						<AltitudeMeters>7.190000</AltitudeMeters>
						<HeartRateBpm>
							<Value>103</Value>
						</HeartRateBpm>
					</Trackpoint>
					<Trackpoint>
						<Time>2569-05-08T14:45:31Z</Time>
						<Position>
							<LatitudeDegrees>9.143350</LatitudeDegrees>
							<LongitudeDegrees>99.324101</LongitudeDegrees>
						</Position>
						<AltitudeMeters>7.190000</AltitudeMeters>
						<HeartRateBpm>
							<Value>103</Value>
						</HeartRateBpm>
					</Trackpoint>
					<Trackpoint>
						<Time>2569-05-08T14:45:33Z</Time>
						<Position>
							<LatitudeDegrees>9.143350</LatitudeDegrees>
							<LongitudeDegrees>99.324101</LongitudeDegrees>
						</Position>
						<AltitudeMeters>7.190000</AltitudeMeters>
						<HeartRateBpm>
							<Value>102</Value>
						</HeartRateBpm>
					</Trackpoint>
					<Trackpoint>
						<Time>2569-05-08T14:45:34Z</Time>
						<Position>
							<LatitudeDegrees>9.143349</LatitudeDegrees>
							<LongitudeDegrees>99.324101</LongitudeDegrees>
						</Position>
						<AltitudeMeters>7.190000</AltitudeMeters>
						<HeartRateBpm>
							<Value>98</Value>
						</HeartRateBpm>
					</Trackpoint>
					<Trackpoint>
						<Time>2569-05-08T14:45:35Z</Time>
						<Position>
							<LatitudeDegrees>9.143349</LatitudeDegrees>
							<LongitudeDegrees>99.324101</LongitudeDegrees>
						</Position>
						<AltitudeMeters>7.190000</AltitudeMeters>
						<HeartRateBpm>
							<Value>96</Value>
						</HeartRateBpm>
					</Trackpoint>
					<Trackpoint>
						<Time>2569-05-08T14:45:36Z</Time>
						<Position>
							<LatitudeDegrees>9.143349</LatitudeDegrees>
							<LongitudeDegrees>99.324101</LongitudeDegrees>
						</Position>
						<AltitudeMeters>7.190000</AltitudeMeters>
						<HeartRateBpm>
							<Value>89</Value>
						</HeartRateBpm>
					</Trackpoint>
					<Trackpoint>
						<Time>2569-05-08T14:45:37Z</Time>
						<Position>
							<LatitudeDegrees>9.143348</LatitudeDegrees>
							<LongitudeDegrees>99.324101</LongitudeDegrees>
						</Position>
						<AltitudeMeters>7.190000</AltitudeMeters>
						<HeartRateBpm>
							<Value>89</Value>
						</HeartRateBpm>
					</Trackpoint>
					<Trackpoint>
						<Time>2569-05-08T14:45:38Z</Time>
						<Position>
							<LatitudeDegrees>9.143348</LatitudeDegrees>
							<LongitudeDegrees>99.324101</LongitudeDegrees>
						</Position>
						<AltitudeMeters>7.190000</AltitudeMeters>
						<HeartRateBpm>
							<Value>90</Value>
						</HeartRateBpm>
					</Trackpoint>
					<Trackpoint>
						<Time>2569-05-08T14:45:38Z</Time>
						<Position>
							<LatitudeDegrees>9.143348</LatitudeDegrees>
							<LongitudeDegrees>99.324101</LongitudeDegrees>
						</Position>
						<AltitudeMeters>7.190000</AltitudeMeters>
						<HeartRateBpm>
							<Value>90</Value>
						</HeartRateBpm>
					</Trackpoint>
					<Trackpoint>
						<Time>2569-05-08T14:45:39Z</Time>
						<Position>
							<LatitudeDegrees>9.143348</LatitudeDegrees>
							<LongitudeDegrees>99.324101</LongitudeDegrees>
						</Position>
						<AltitudeMeters>7.190000</AltitudeMeters>
						<HeartRateBpm>
							<Value>90</Value>
						</HeartRateBpm>
					</Trackpoint>
					<Trackpoint>
						<Time>2569-05-08T14:45:40Z</Time>
						<Position>
							<LatitudeDegrees>9.143348</LatitudeDegrees>
							<LongitudeDegrees>99.324101</LongitudeDegrees>
						</Position>
						<AltitudeMeters>7.190000</AltitudeMeters>
						<HeartRateBpm>
							<Value>89</Value>
						</HeartRateBpm>
					</Trackpoint>
					<Trackpoint>
						<Time>2569-05-08T14:45:41Z</Time>
						<Position>
							<LatitudeDegrees>9.143348</LatitudeDegrees>
							<LongitudeDegrees>99.324101</LongitudeDegrees>
						</Position>
						<AltitudeMeters>7.190000</AltitudeMeters>
						<HeartRateBpm>
							<Value>91</Value>
						</HeartRateBpm>
					</Trackpoint>
					<Trackpoint>
						<Time>2569-05-08T14:45:42Z</Time>
						<Position>
							<LatitudeDegrees>9.143348</LatitudeDegrees>
							<LongitudeDegrees>99.324101</LongitudeDegrees>
						</Position>
						<AltitudeMeters>7.190000</AltitudeMeters>
						<HeartRateBpm>
							<Value>92</Value>
						</HeartRateBpm>
					</Trackpoint>
					<Trackpoint>
						<Time>2569-05-08T14:45:44Z</Time>
						<Position>
							<LatitudeDegrees>9.143347</LatitudeDegrees>
							<LongitudeDegrees>99.324101</LongitudeDegrees>
						</Position>
						<AltitudeMeters>7.190000</AltitudeMeters>
						<HeartRateBpm>
							<Value>92</Value>
						</HeartRateBpm>
					</Trackpoint>
					<Trackpoint>
						<Time>2569-05-08T14:45:44Z</Time>
						<Position>
							<LatitudeDegrees>9.143347</LatitudeDegrees>
							<LongitudeDegrees>99.324101</LongitudeDegrees>
						</Position>
						<AltitudeMeters>7.190000</AltitudeMeters>
						<HeartRateBpm>
							<Value>92</Value>
						</HeartRateBpm>
					</Trackpoint>
					<Trackpoint>
						<Time>2569-05-08T14:45:45Z</Time>
						<Position>
							<LatitudeDegrees>9.143347</LatitudeDegrees>
							<LongitudeDegrees>99.324101</LongitudeDegrees>
						</Position>
						<AltitudeMeters>7.190000</AltitudeMeters>
						<HeartRateBpm>
							<Value>92</Value>
						</HeartRateBpm>
					</Trackpoint>
					<Trackpoint>
						<Time>2569-05-08T14:45:46Z</Time>
						<Position>
							<LatitudeDegrees>9.143347</LatitudeDegrees>
							<LongitudeDegrees>99.324101</LongitudeDegrees>
						</Position>
						<AltitudeMeters>7.190000</AltitudeMeters>
						<HeartRateBpm>
							<Value>91</Value>
						</HeartRateBpm>
					</Trackpoint>
					<Trackpoint>
						<Time>2569-05-08T14:45:47Z</Time>
						<Position>
							<LatitudeDegrees>9.143347</LatitudeDegrees>
							<LongitudeDegrees>99.324101</LongitudeDegrees>
						</Position>
						<AltitudeMeters>7.190000</AltitudeMeters>
						<HeartRateBpm>
							<Value>91</Value>
						</HeartRateBpm>
					</Trackpoint>
					<Trackpoint>
						<Time>2569-05-08T14:45:49Z</Time>
						<Position>
							<LatitudeDegrees>9.143347</LatitudeDegrees>
							<LongitudeDegrees>99.324101</LongitudeDegrees>
						</Position>
						<AltitudeMeters>7.190000</AltitudeMeters>
						<HeartRateBpm>
							<Value>92</Value>
						</HeartRateBpm>
					</Trackpoint>
					<Trackpoint>
						<Time>2569-05-08T14:45:50Z</Time>
						<Position>
							<LatitudeDegrees>9.143347</LatitudeDegrees>
							<LongitudeDegrees>99.324101</LongitudeDegrees>
						</Position>
						<AltitudeMeters>7.190000</AltitudeMeters>
						<HeartRateBpm>
							<Value>91</Value>
						</HeartRateBpm>
					</Trackpoint>
					<Trackpoint>
						<Time>2569-05-08T14:45:50Z</Time>
						<Position>
							<LatitudeDegrees>9.143347</LatitudeDegrees>
							<LongitudeDegrees>99.324101</LongitudeDegrees>
						</Position>
						<AltitudeMeters>7.190000</AltitudeMeters>
						<HeartRateBpm>
							<Value>91</Value>
						</HeartRateBpm>
					</Trackpoint>
					<Trackpoint>
						<Time>2569-05-08T14:45:51Z</Time>
						<Position>
							<LatitudeDegrees>9.143346</LatitudeDegrees>
							<LongitudeDegrees>99.324101</LongitudeDegrees>
						</Position>
						<AltitudeMeters>7.190000</AltitudeMeters>
						<HeartRateBpm>
							<Value>91</Value>
						</HeartRateBpm>
					</Trackpoint>
					<Trackpoint>
						<Time>2569-05-08T14:45:52Z</Time>
						<Position>
							<LatitudeDegrees>9.143345</LatitudeDegrees>
							<LongitudeDegrees>99.324101</LongitudeDegrees>
						</Position>
						<AltitudeMeters>7.190000</AltitudeMeters>
						<HeartRateBpm>
							<Value>91</Value>
						</HeartRateBpm>
					</Trackpoint>
					<Trackpoint>
						<Time>2569-05-08T14:45:53Z</Time>
						<Position>
							<LatitudeDegrees>9.143345</LatitudeDegrees>
							<LongitudeDegrees>99.324101</LongitudeDegrees>
						</Position>
						<AltitudeMeters>7.190000</AltitudeMeters>
						<HeartRateBpm>
							<Value>91</Value>
						</HeartRateBpm>
					</Trackpoint>
					<Trackpoint>
						<Time>2569-05-08T14:45:55Z</Time>
						<Position>
							<LatitudeDegrees>9.143345</LatitudeDegrees>
							<LongitudeDegrees>99.324101</LongitudeDegrees>
						</Position>
						<AltitudeMeters>7.190000</AltitudeMeters>
						<HeartRateBpm>
							<Value>90</Value>
						</HeartRateBpm>
					</Trackpoint>
					<Trackpoint>
						<Time>2569-05-08T14:45:56Z</Time>
						<Position>
							<LatitudeDegrees>9.143345</LatitudeDegrees>
							<LongitudeDegrees>99.324101</LongitudeDegrees>
						</Position>
						<AltitudeMeters>7.190000</AltitudeMeters>
						<HeartRateBpm>
							<Value>87</Value>
						</HeartRateBpm>
					</Trackpoint>
					<Trackpoint>
						<Time>2569-05-08T14:45:56Z</Time>
						<Position>
							<LatitudeDegrees>9.143345</LatitudeDegrees>
							<LongitudeDegrees>99.324101</LongitudeDegrees>
						</Position>
						<AltitudeMeters>7.190000</AltitudeMeters>
						<HeartRateBpm>
							<Value>87</Value>
						</HeartRateBpm>
					</Trackpoint>
					<Trackpoint>
						<Time>2569-05-08T14:45:58Z</Time>
						<Position>
							<LatitudeDegrees>9.143345</LatitudeDegrees>
							<LongitudeDegrees>99.324101</LongitudeDegrees>
						</Position>
						<AltitudeMeters>7.190000</AltitudeMeters>
						<HeartRateBpm>
							<Value>86</Value>
						</HeartRateBpm>
					</Trackpoint>
					<Trackpoint>
						<Time>2569-05-08T14:45:59Z</Time>
						<Position>
							<LatitudeDegrees>9.143345</LatitudeDegrees>
							<LongitudeDegrees>99.324101</LongitudeDegrees>
						</Position>
						<AltitudeMeters>7.190000</AltitudeMeters>
						<HeartRateBpm>
							<Value>85</Value>
						</HeartRateBpm>
					</Trackpoint>
					<Trackpoint>
						<Time>2569-05-08T14:46:00Z</Time>
						<Position>
							<LatitudeDegrees>9.143345</LatitudeDegrees>
							<LongitudeDegrees>99.324101</LongitudeDegrees>
						</Position>
						<AltitudeMeters>7.190000</AltitudeMeters>
						<HeartRateBpm>
							<Value>85</Value>
						</HeartRateBpm>
					</Trackpoint>
					<Trackpoint>
						<Time>2569-05-08T14:46:01Z</Time>
						<Position>
							<LatitudeDegrees>9.143345</LatitudeDegrees>
							<LongitudeDegrees>99.324101</LongitudeDegrees>
						</Position>
						<AltitudeMeters>7.190000</AltitudeMeters>
						<HeartRateBpm>
							<Value>85</Value>
						</HeartRateBpm>
					</Trackpoint>
					<Trackpoint>
						<Time>2569-05-08T14:46:02Z</Time>
						<Position>
							<LatitudeDegrees>9.143345</LatitudeDegrees>
							<LongitudeDegrees>99.324101</LongitudeDegrees>
						</Position>
						<AltitudeMeters>7.190000</AltitudeMeters>
						<HeartRateBpm>
							<Value>85</Value>
						</HeartRateBpm>
					</Trackpoint>
					<Trackpoint>
						<Time>2569-05-08T14:46:03Z</Time>
						<Position>
							<LatitudeDegrees>9.143345</LatitudeDegrees>
							<LongitudeDegrees>99.324101</LongitudeDegrees>
						</Position>
						<AltitudeMeters>7.190000</AltitudeMeters>
						<HeartRateBpm>
							<Value>85</Value>
						</HeartRateBpm>
					</Trackpoint>
					<Trackpoint>
						<Time>2569-05-08T14:46:04Z</Time>
						<Position>
							<LatitudeDegrees>9.143345</LatitudeDegrees>
							<LongitudeDegrees>99.324101</LongitudeDegrees>
						</Position>
						<AltitudeMeters>7.190000</AltitudeMeters>
						<HeartRateBpm>
							<Value>85</Value>
						</HeartRateBpm>
					</Trackpoint>
					<Trackpoint>
						<Time>2569-05-08T14:46:05Z</Time>
						<Position>
							<LatitudeDegrees>9.143345</LatitudeDegrees>
							<LongitudeDegrees>99.324101</LongitudeDegrees>
						</Position>
						<AltitudeMeters>7.190000</AltitudeMeters>
						<HeartRateBpm>
							<Value>85</Value>
						</HeartRateBpm>
					</Trackpoint>
					<Trackpoint>
						<Time>2569-05-08T14:46:06Z</Time>
						<Position>
							<LatitudeDegrees>9.143345</LatitudeDegrees>
							<LongitudeDegrees>99.324101</LongitudeDegrees>
						</Position>
						<AltitudeMeters>7.190000</AltitudeMeters>
						<HeartRateBpm>
							<Value>84</Value>
						</HeartRateBpm>
					</Trackpoint>
					<Trackpoint>
						<Time>2569-05-08T14:46:07Z</Time>
						<Position>
							<LatitudeDegrees>9.143346</LatitudeDegrees>
							<LongitudeDegrees>99.324101</LongitudeDegrees>
						</Position>
						<AltitudeMeters>7.190000</AltitudeMeters>
						<HeartRateBpm>
							<Value>84</Value>
						</HeartRateBpm>
					</Trackpoint>
					<Trackpoint>
						<Time>2569-05-08T14:46:08Z</Time>
						<Position>
							<LatitudeDegrees>9.143346</LatitudeDegrees>
							<LongitudeDegrees>99.324102</LongitudeDegrees>
						</Position>
						<AltitudeMeters>7.190000</AltitudeMeters>
						<HeartRateBpm>
							<Value>83</Value>
						</HeartRateBpm>
					</Trackpoint>
					<Trackpoint>
						<Time>2569-05-08T14:46:09Z</Time>
						<Position>
							<LatitudeDegrees>9.143346</LatitudeDegrees>
							<LongitudeDegrees>99.324103</LongitudeDegrees>
						</Position>
						<AltitudeMeters>7.190000</AltitudeMeters>
						<HeartRateBpm>
							<Value>84</Value>
						</HeartRateBpm>
					</Trackpoint>
					<Trackpoint>
						<Time>2569-05-08T14:46:10Z</Time>
						<Position>
							<LatitudeDegrees>9.143346</LatitudeDegrees>
							<LongitudeDegrees>99.324103</LongitudeDegrees>
						</Position>
						<AltitudeMeters>7.190000</AltitudeMeters>
						<HeartRateBpm>
							<Value>85</Value>
						</HeartRateBpm>
					</Trackpoint>
					<Trackpoint>
						<Time>2569-05-08T14:46:11Z</Time>
						<Position>
							<LatitudeDegrees>9.143345</LatitudeDegrees>
							<LongitudeDegrees>99.324103</LongitudeDegrees>
						</Position>
						<AltitudeMeters>7.190000</AltitudeMeters>
						<HeartRateBpm>
							<Value>85</Value>
						</HeartRateBpm>
					</Trackpoint>
					<Trackpoint>
						<Time>2569-05-08T14:46:12Z</Time>
						<Position>
							<LatitudeDegrees>9.143345</LatitudeDegrees>
							<LongitudeDegrees>99.324104</LongitudeDegrees>
						</Position>
						<AltitudeMeters>7.190000</AltitudeMeters>
						<HeartRateBpm>
							<Value>85</Value>
						</HeartRateBpm>
					</Trackpoint>
					<Trackpoint>
						<Time>2569-05-08T14:46:12Z</Time>
						<Position>
							<LatitudeDegrees>9.143345</LatitudeDegrees>
							<LongitudeDegrees>99.324104</LongitudeDegrees>
						</Position>
						<AltitudeMeters>7.190000</AltitudeMeters>
						<HeartRateBpm>
							<Value>85</Value>
						</HeartRateBpm>
					</Trackpoint>
					<Trackpoint>
						<Time>2569-05-08T14:46:14Z</Time>
						<Position>
							<LatitudeDegrees>9.143345</LatitudeDegrees>
							<LongitudeDegrees>99.324104</LongitudeDegrees>
						</Position>
						<AltitudeMeters>7.190000</AltitudeMeters>
						<HeartRateBpm>
							<Value>84</Value>
						</HeartRateBpm>
					</Trackpoint>
					<Trackpoint>
						<Time>2569-05-08T14:46:15Z</Time>
						<Position>
							<LatitudeDegrees>9.143345</LatitudeDegrees>
							<LongitudeDegrees>99.324104</LongitudeDegrees>
						</Position>
						<AltitudeMeters>7.190000</AltitudeMeters>
						<HeartRateBpm>
							<Value>85</Value>
						</HeartRateBpm>
					</Trackpoint>
					<Trackpoint>
						<Time>2569-05-08T14:46:16Z</Time>
						<Position>
							<LatitudeDegrees>9.143345</LatitudeDegrees>
							<LongitudeDegrees>99.324105</LongitudeDegrees>
						</Position>
						<AltitudeMeters>7.190000</AltitudeMeters>
						<HeartRateBpm>
							<Value>85</Value>
						</HeartRateBpm>
					</Trackpoint>
					<Trackpoint>
						<Time>2569-05-08T14:46:17Z</Time>
						<Position>
							<LatitudeDegrees>9.143345</LatitudeDegrees>
							<LongitudeDegrees>99.324105</LongitudeDegrees>
						</Position>
						<AltitudeMeters>7.190000</AltitudeMeters>
						<HeartRateBpm>
							<Value>87</Value>
						</HeartRateBpm>
					</Trackpoint>
					<Trackpoint>
						<Time>2569-05-08T14:46:18Z</Time>
						<Position>
							<LatitudeDegrees>9.143345</LatitudeDegrees>
							<LongitudeDegrees>99.324105</LongitudeDegrees>
						</Position>
						<AltitudeMeters>7.190000</AltitudeMeters>
						<HeartRateBpm>
							<Value>88</Value>
						</HeartRateBpm>
					</Trackpoint>
					<Trackpoint>
						<Time>2569-05-08T14:46:19Z</Time>
						<Position>
							<LatitudeDegrees>9.143345</LatitudeDegrees>
							<LongitudeDegrees>99.324106</LongitudeDegrees>
						</Position>
						<AltitudeMeters>7.190000</AltitudeMeters>
						<HeartRateBpm>
							<Value>90</Value>
						</HeartRateBpm>
					</Trackpoint>
					<Trackpoint>
						<Time>2569-05-08T14:46:20Z</Time>
						<Position>
							<LatitudeDegrees>9.143345</LatitudeDegrees>
							<LongitudeDegrees>99.324106</LongitudeDegrees>
						</Position>
						<AltitudeMeters>7.190000</AltitudeMeters>
						<HeartRateBpm>
							<Value>91</Value>
						</HeartRateBpm>
					</Trackpoint>
					<Trackpoint>
						<Time>2569-05-08T14:46:21Z</Time>
						<Position>
							<LatitudeDegrees>9.143345</LatitudeDegrees>
							<LongitudeDegrees>99.324106</LongitudeDegrees>
						</Position>
						<AltitudeMeters>7.190000</AltitudeMeters>
						<HeartRateBpm>
							<Value>90</Value>
						</HeartRateBpm>
					</Trackpoint>
					<Trackpoint>
						<Time>2569-05-08T14:46:22Z</Time>
						<Position>
							<LatitudeDegrees>9.143345</LatitudeDegrees>
							<LongitudeDegrees>99.324106</LongitudeDegrees>
						</Position>
						<AltitudeMeters>7.190000</AltitudeMeters>
						<HeartRateBpm>
							<Value>91</Value>
						</HeartRateBpm>
					</Trackpoint>
					<Trackpoint>
						<Time>2569-05-08T14:46:23Z</Time>
						<Position>
							<LatitudeDegrees>9.143345</LatitudeDegrees>
							<LongitudeDegrees>99.324106</LongitudeDegrees>
						</Position>
						<AltitudeMeters>7.190000</AltitudeMeters>
						<HeartRateBpm>
							<Value>90</Value>
						</HeartRateBpm>
					</Trackpoint>
					<Trackpoint>
						<Time>2569-05-08T14:46:24Z</Time>
						<Position>
							<LatitudeDegrees>9.143344</LatitudeDegrees>
							<LongitudeDegrees>99.324106</LongitudeDegrees>
						</Position>
						<AltitudeMeters>7.190000</AltitudeMeters>
						<HeartRateBpm>
							<Value>89</Value>
						</HeartRateBpm>
					</Trackpoint>
					<Trackpoint>
						<Time>2569-05-08T14:46:24Z</Time>
						<Position>
							<LatitudeDegrees>9.143344</LatitudeDegrees>
							<LongitudeDegrees>99.324106</LongitudeDegrees>
						</Position>
						<AltitudeMeters>7.190000</AltitudeMeters>
						<HeartRateBpm>
							<Value>89</Value>
						</HeartRateBpm>
					</Trackpoint>
					<Trackpoint>
						<Time>2569-05-08T14:46:26Z</Time>
						<Position>
							<LatitudeDegrees>9.143343</LatitudeDegrees>
							<LongitudeDegrees>99.324106</LongitudeDegrees>
						</Position>
						<AltitudeMeters>7.190000</AltitudeMeters>
						<HeartRateBpm>
							<Value>89</Value>
						</HeartRateBpm>
					</Trackpoint>
					<Trackpoint>
						<Time>2569-05-08T14:46:27Z</Time>
						<Position>
							<LatitudeDegrees>9.143343</LatitudeDegrees>
							<LongitudeDegrees>99.324106</LongitudeDegrees>
						</Position>
						<AltitudeMeters>7.190000</AltitudeMeters>
						<HeartRateBpm>
							<Value>90</Value>
						</HeartRateBpm>
					</Trackpoint>
					<Trackpoint>
						<Time>2569-05-08T14:46:28Z</Time>
						<Position>
							<LatitudeDegrees>9.143343</LatitudeDegrees>
							<LongitudeDegrees>99.324106</LongitudeDegrees>
						</Position>
						<AltitudeMeters>7.190000</AltitudeMeters>
						<HeartRateBpm>
							<Value>91</Value>
						</HeartRateBpm>
					</Trackpoint>
					<Trackpoint>
						<Time>2569-05-08T14:46:29Z</Time>
						<Position>
							<LatitudeDegrees>9.143343</LatitudeDegrees>
							<LongitudeDegrees>99.324105</LongitudeDegrees>
						</Position>
						<AltitudeMeters>7.190000</AltitudeMeters>
						<HeartRateBpm>
							<Value>91</Value>
						</HeartRateBpm>
					</Trackpoint>
					<Trackpoint>
						<Time>2569-05-08T14:46:29Z</Time>
						<Position>
							<LatitudeDegrees>9.143343</LatitudeDegrees>
							<LongitudeDegrees>99.324105</LongitudeDegrees>
						</Position>
						<AltitudeMeters>7.190000</AltitudeMeters>
						<HeartRateBpm>
							<Value>91</Value>
						</HeartRateBpm>
					</Trackpoint>
					<Trackpoint>
						<Time>2569-05-08T14:46:31Z</Time>
						<Position>
							<LatitudeDegrees>9.143342</LatitudeDegrees>
							<LongitudeDegrees>99.324104</LongitudeDegrees>
						</Position>
						<AltitudeMeters>7.190000</AltitudeMeters>
						<HeartRateBpm>
							<Value>90</Value>
						</HeartRateBpm>
					</Trackpoint>
					<Trackpoint>
						<Time>2569-05-08T14:46:31Z</Time>
						<Position>
							<LatitudeDegrees>9.143342</LatitudeDegrees>
							<LongitudeDegrees>99.324104</LongitudeDegrees>
						</Position>
						<AltitudeMeters>7.190000</AltitudeMeters>
						<HeartRateBpm>
							<Value>90</Value>
						</HeartRateBpm>
					</Trackpoint>
					<Trackpoint>
						<Time>2569-05-08T14:46:32Z</Time>
						<Position>
							<LatitudeDegrees>9.143342</LatitudeDegrees>
							<LongitudeDegrees>99.324104</LongitudeDegrees>
						</Position>
						<AltitudeMeters>7.190000</AltitudeMeters>
						<HeartRateBpm>
							<Value>91</Value>
						</HeartRateBpm>
					</Trackpoint>
					<Trackpoint>
						<Time>2569-05-08T14:46:33Z</Time>
						<Position>
							<LatitudeDegrees>9.143342</LatitudeDegrees>
							<LongitudeDegrees>99.324104</LongitudeDegrees>
						</Position>
						<AltitudeMeters>7.190000</AltitudeMeters>
						<HeartRateBpm>
							<Value>91</Value>
						</HeartRateBpm>
					</Trackpoint>
					<Trackpoint>
						<Time>2569-05-08T14:46:34Z</Time>
						<Position>
							<LatitudeDegrees>9.143342</LatitudeDegrees>
							<LongitudeDegrees>99.324104</LongitudeDegrees>
						</Position>
						<AltitudeMeters>7.190000</AltitudeMeters>
						<HeartRateBpm>
							<Value>91</Value>
						</HeartRateBpm>
					</Trackpoint>
					<Trackpoint>
						<Time>2569-05-08T14:46:35Z</Time>
						<Position>
							<LatitudeDegrees>9.143342</LatitudeDegrees>
							<LongitudeDegrees>99.324103</LongitudeDegrees>
						</Position>
						<AltitudeMeters>7.190000</AltitudeMeters>
						<HeartRateBpm>
							<Value>91</Value>
						</HeartRateBpm>
					</Trackpoint>
					<Trackpoint>
						<Time>2569-05-08T14:46:36Z</Time>
						<Position>
							<LatitudeDegrees>9.143342</LatitudeDegrees>
							<LongitudeDegrees>99.324103</LongitudeDegrees>
						</Position>
						<AltitudeMeters>7.190000</AltitudeMeters>
						<HeartRateBpm>
							<Value>92</Value>
						</HeartRateBpm>
					</Trackpoint>
					<Trackpoint>
						<Time>2569-05-08T14:46:37Z</Time>
						<Position>
							<LatitudeDegrees>9.143342</LatitudeDegrees>
							<LongitudeDegrees>99.324103</LongitudeDegrees>
						</Position>
						<AltitudeMeters>7.190000</AltitudeMeters>
						<HeartRateBpm>
							<Value>91</Value>
						</HeartRateBpm>
					</Trackpoint>
					<Trackpoint>
						<Time>2569-05-08T14:46:38Z</Time>
						<Position>
							<LatitudeDegrees>9.143342</LatitudeDegrees>
							<LongitudeDegrees>99.324102</LongitudeDegrees>
						</Position>
						<AltitudeMeters>7.190000</AltitudeMeters>
						<HeartRateBpm>
							<Value>91</Value>
						</HeartRateBpm>
					</Trackpoint>
					<Trackpoint>
						<Time>2569-05-08T14:46:39Z</Time>
						<Position>
							<LatitudeDegrees>9.143342</LatitudeDegrees>
							<LongitudeDegrees>99.324102</LongitudeDegrees>
						</Position>
						<AltitudeMeters>7.190000</AltitudeMeters>
						<HeartRateBpm>
							<Value>91</Value>
						</HeartRateBpm>
					</Trackpoint>
					<Trackpoint>
						<Time>2569-05-08T14:46:40Z</Time>
						<Position>
							<LatitudeDegrees>9.143342</LatitudeDegrees>
							<LongitudeDegrees>99.324102</LongitudeDegrees>
						</Position>
						<AltitudeMeters>7.190000</AltitudeMeters>
						<HeartRateBpm>
							<Value>92</Value>
						</HeartRateBpm>
					</Trackpoint>
					<Trackpoint>
						<Time>2569-05-08T14:46:42Z</Time>
						<Position>
							<LatitudeDegrees>9.143340</LatitudeDegrees>
							<LongitudeDegrees>99.324102</LongitudeDegrees>
						</Position>
						<AltitudeMeters>7.190000</AltitudeMeters>
						<HeartRateBpm>
							<Value>92</Value>
						</HeartRateBpm>
					</Trackpoint>
					<Trackpoint>
						<Time>2569-05-08T14:46:42Z</Time>
						<Position>
							<LatitudeDegrees>9.143340</LatitudeDegrees>
							<LongitudeDegrees>99.324102</LongitudeDegrees>
						</Position>
						<AltitudeMeters>7.190000</AltitudeMeters>
						<HeartRateBpm>
							<Value>92</Value>
						</HeartRateBpm>
					</Trackpoint>
					<Trackpoint>
						<Time>2569-05-08T14:46:44Z</Time>
						<Position>
							<LatitudeDegrees>9.143340</LatitudeDegrees>
							<LongitudeDegrees>99.324102</LongitudeDegrees>
						</Position>
						<AltitudeMeters>7.190000</AltitudeMeters>
						<HeartRateBpm>
							<Value>92</Value>
						</HeartRateBpm>
					</Trackpoint>
					<Trackpoint>
						<Time>2569-05-08T14:46:44Z</Time>
						<Position>
							<LatitudeDegrees>9.143340</LatitudeDegrees>
							<LongitudeDegrees>99.324102</LongitudeDegrees>
						</Position>
						<AltitudeMeters>7.190000</AltitudeMeters>
						<HeartRateBpm>
							<Value>92</Value>
						</HeartRateBpm>
					</Trackpoint>
					<Trackpoint>
						<Time>2569-05-08T14:46:45Z</Time>
						<Position>
							<LatitudeDegrees>9.143340</LatitudeDegrees>
							<LongitudeDegrees>99.324102</LongitudeDegrees>
						</Position>
						<AltitudeMeters>7.190000</AltitudeMeters>
						<HeartRateBpm>
							<Value>92</Value>
						</HeartRateBpm>
					</Trackpoint>
					<Trackpoint>
						<Time>2569-05-08T14:46:46Z</Time>
						<Position>
							<LatitudeDegrees>9.143339</LatitudeDegrees>
							<LongitudeDegrees>99.324101</LongitudeDegrees>
						</Position>
						<AltitudeMeters>7.190000</AltitudeMeters>
						<HeartRateBpm>
							<Value>91</Value>
						</HeartRateBpm>
					</Trackpoint>
					<Trackpoint>
						<Time>2569-05-08T14:46:47Z</Time>
						<Position>
							<LatitudeDegrees>9.143339</LatitudeDegrees>
							<LongitudeDegrees>99.324101</LongitudeDegrees>
						</Position>
						<AltitudeMeters>7.190000</AltitudeMeters>
						<HeartRateBpm>
							<Value>91</Value>
						</HeartRateBpm>
					</Trackpoint>
					<Trackpoint>
						<Time>2569-05-08T14:46:49Z</Time>
						<Position>
							<LatitudeDegrees>9.143338</LatitudeDegrees>
							<LongitudeDegrees>99.324101</LongitudeDegrees>
						</Position>
						<AltitudeMeters>7.190000</AltitudeMeters>
						<HeartRateBpm>
							<Value>90</Value>
						</HeartRateBpm>
					</Trackpoint>
					<Trackpoint>
						<Time>2569-05-08T14:46:50Z</Time>
						<Position>
							<LatitudeDegrees>9.143338</LatitudeDegrees>
							<LongitudeDegrees>99.324101</LongitudeDegrees>
						</Position>
						<AltitudeMeters>7.190000</AltitudeMeters>
						<HeartRateBpm>
							<Value>89</Value>
						</HeartRateBpm>
					</Trackpoint>
					<Trackpoint>
						<Time>2569-05-08T14:46:50Z</Time>
						<Position>
							<LatitudeDegrees>9.143338</LatitudeDegrees>
							<LongitudeDegrees>99.324101</LongitudeDegrees>
						</Position>
						<AltitudeMeters>7.190000</AltitudeMeters>
						<HeartRateBpm>
							<Value>89</Value>
						</HeartRateBpm>
					</Trackpoint>
					<Trackpoint>
						<Time>2569-05-08T14:46:51Z</Time>
						<Position>
							<LatitudeDegrees>9.143337</LatitudeDegrees>
							<LongitudeDegrees>99.324101</LongitudeDegrees>
						</Position>
						<AltitudeMeters>7.190000</AltitudeMeters>
						<HeartRateBpm>
							<Value>88</Value>
						</HeartRateBpm>
					</Trackpoint>
					<Trackpoint>
						<Time>2569-05-08T14:46:53Z</Time>
						<Position>
							<LatitudeDegrees>9.143337</LatitudeDegrees>
							<LongitudeDegrees>99.324101</LongitudeDegrees>
						</Position>
						<AltitudeMeters>7.190000</AltitudeMeters>
						<HeartRateBpm>
							<Value>88</Value>
						</HeartRateBpm>
					</Trackpoint>
					<Trackpoint>
						<Time>2569-05-08T14:46:53Z</Time>
						<Position>
							<LatitudeDegrees>9.143337</LatitudeDegrees>
							<LongitudeDegrees>99.324101</LongitudeDegrees>
						</Position>
						<AltitudeMeters>7.190000</AltitudeMeters>
						<HeartRateBpm>
							<Value>88</Value>
						</HeartRateBpm>
					</Trackpoint>
					<Trackpoint>
						<Time>2569-05-08T14:46:54Z</Time>
						<Position>
							<LatitudeDegrees>9.143337</LatitudeDegrees>
							<LongitudeDegrees>99.324101</LongitudeDegrees>
						</Position>
						<AltitudeMeters>7.190000</AltitudeMeters>
						<HeartRateBpm>
							<Value>87</Value>
						</HeartRateBpm>
					</Trackpoint>
					<Trackpoint>
						<Time>2569-05-08T14:46:55Z</Time>
						<Position>
							<LatitudeDegrees>9.143337</LatitudeDegrees>
							<LongitudeDegrees>99.324101</LongitudeDegrees>
						</Position>
						<AltitudeMeters>7.190000</AltitudeMeters>
						<HeartRateBpm>
							<Value>87</Value>
						</HeartRateBpm>
					</Trackpoint>
					<Trackpoint>
						<Time>2569-05-08T14:46:56Z</Time>
						<Position>
							<LatitudeDegrees>9.143336</LatitudeDegrees>
							<LongitudeDegrees>99.324101</LongitudeDegrees>
						</Position>
						<AltitudeMeters>7.190000</AltitudeMeters>
						<HeartRateBpm>
							<Value>87</Value>
						</HeartRateBpm>
					</Trackpoint>
					<Trackpoint>
						<Time>2569-05-08T14:46:57Z</Time>
						<Position>
							<LatitudeDegrees>9.143335</LatitudeDegrees>
							<LongitudeDegrees>99.324100</LongitudeDegrees>
						</Position>
						<AltitudeMeters>7.190000</AltitudeMeters>
						<HeartRateBpm>
							<Value>88</Value>
						</HeartRateBpm>
					</Trackpoint>
					<Trackpoint>
						<Time>2569-05-08T14:46:59Z</Time>
						<Position>
							<LatitudeDegrees>9.143335</LatitudeDegrees>
							<LongitudeDegrees>99.324100</LongitudeDegrees>
						</Position>
						<AltitudeMeters>7.190000</AltitudeMeters>
						<HeartRateBpm>
							<Value>88</Value>
						</HeartRateBpm>
					</Trackpoint>
					<Trackpoint>
						<Time>2569-05-08T14:47:00Z</Time>
						<Position>
							<LatitudeDegrees>9.143335</LatitudeDegrees>
							<LongitudeDegrees>99.324100</LongitudeDegrees>
						</Position>
						<AltitudeMeters>7.190000</AltitudeMeters>
						<HeartRateBpm>
							<Value>89</Value>
						</HeartRateBpm>
					</Trackpoint>
					<Trackpoint>
						<Time>2569-05-08T14:47:00Z</Time>
						<Position>
							<LatitudeDegrees>9.143335</LatitudeDegrees>
							<LongitudeDegrees>99.324100</LongitudeDegrees>
						</Position>
						<AltitudeMeters>7.190000</AltitudeMeters>
						<HeartRateBpm>
							<Value>89</Value>
						</HeartRateBpm>
					</Trackpoint>
					<Trackpoint>
						<Time>2569-05-08T14:47:02Z</Time>
						<Position>
							<LatitudeDegrees>9.143335</LatitudeDegrees>
							<LongitudeDegrees>99.324100</LongitudeDegrees>
						</Position>
						<AltitudeMeters>7.190000</AltitudeMeters>
						<HeartRateBpm>
							<Value>91</Value>
						</HeartRateBpm>
					</Trackpoint>
					<Trackpoint>
						<Time>2569-05-08T14:47:02Z</Time>
						<Position>
							<LatitudeDegrees>9.143335</LatitudeDegrees>
							<LongitudeDegrees>99.324100</LongitudeDegrees>
						</Position>
						<AltitudeMeters>7.190000</AltitudeMeters>
						<HeartRateBpm>
							<Value>91</Value>
						</HeartRateBpm>
					</Trackpoint>
					<Trackpoint>
						<Time>2569-05-08T14:47:04Z</Time>
						<Position>
							<LatitudeDegrees>9.143334</LatitudeDegrees>
							<LongitudeDegrees>99.324100</LongitudeDegrees>
						</Position>
						<AltitudeMeters>7.190000</AltitudeMeters>
						<HeartRateBpm>
							<Value>92</Value>
						</HeartRateBpm>
					</Trackpoint>
					<Trackpoint>
						<Time>2569-05-08T14:47:05Z</Time>
						<Position>
							<LatitudeDegrees>9.143334</LatitudeDegrees>
							<LongitudeDegrees>99.324100</LongitudeDegrees>
						</Position>
						<AltitudeMeters>7.190000</AltitudeMeters>
						<HeartRateBpm>
							<Value>92</Value>
						</HeartRateBpm>
					</Trackpoint>
					<Trackpoint>
						<Time>2569-05-08T14:47:06Z</Time>
						<Position>
							<LatitudeDegrees>9.143333</LatitudeDegrees>
							<LongitudeDegrees>99.324100</LongitudeDegrees>
						</Position>
						<AltitudeMeters>7.190000</AltitudeMeters>
						<HeartRateBpm>
							<Value>91</Value>
						</HeartRateBpm>
					</Trackpoint>
					<Trackpoint>
						<Time>2569-05-08T14:47:07Z</Time>
						<Position>
							<LatitudeDegrees>9.143332</LatitudeDegrees>
							<LongitudeDegrees>99.324100</LongitudeDegrees>
						</Position>
						<AltitudeMeters>7.190000</AltitudeMeters>
						<HeartRateBpm>
							<Value>91</Value>
						</HeartRateBpm>
					</Trackpoint>
					<Trackpoint>
						<Time>2569-05-08T14:47:08Z</Time>
						<Position>
							<LatitudeDegrees>9.143331</LatitudeDegrees>
							<LongitudeDegrees>99.324100</LongitudeDegrees>
						</Position>
						<AltitudeMeters>7.190000</AltitudeMeters>
						<HeartRateBpm>
							<Value>89</Value>
						</HeartRateBpm>
					</Trackpoint>
					<Trackpoint>
						<Time>2569-05-08T14:47:09Z</Time>
						<Position>
							<LatitudeDegrees>9.143331</LatitudeDegrees>
							<LongitudeDegrees>99.324100</LongitudeDegrees>
						</Position>
						<AltitudeMeters>7.190000</AltitudeMeters>
						<HeartRateBpm>
							<Value>89</Value>
						</HeartRateBpm>
					</Trackpoint>
					<Trackpoint>
						<Time>2569-05-08T14:47:10Z</Time>
						<Position>
							<LatitudeDegrees>9.143330</LatitudeDegrees>
							<LongitudeDegrees>99.324099</LongitudeDegrees>
						</Position>
						<AltitudeMeters>7.190000</AltitudeMeters>
						<HeartRateBpm>
							<Value>88</Value>
						</HeartRateBpm>
					</Trackpoint>
					<Trackpoint>
						<Time>2569-05-08T14:47:11Z</Time>
						<Position>
							<LatitudeDegrees>9.143329</LatitudeDegrees>
							<LongitudeDegrees>99.324098</LongitudeDegrees>
						</Position>
						<AltitudeMeters>7.190000</AltitudeMeters>
						<HeartRateBpm>
							<Value>88</Value>
						</HeartRateBpm>
					</Trackpoint>
					<Trackpoint>
						<Time>2569-05-08T14:47:12Z</Time>
						<Position>
							<LatitudeDegrees>9.143328</LatitudeDegrees>
							<LongitudeDegrees>99.324098</LongitudeDegrees>
						</Position>
						<AltitudeMeters>7.190000</AltitudeMeters>
						<HeartRateBpm>
							<Value>87</Value>
						</HeartRateBpm>
					</Trackpoint>
					<Trackpoint>
						<Time>2569-05-08T14:47:13Z</Time>
						<Position>
							<LatitudeDegrees>9.143328</LatitudeDegrees>
							<LongitudeDegrees>99.324098</LongitudeDegrees>
						</Position>
						<AltitudeMeters>7.190000</AltitudeMeters>
						<HeartRateBpm>
							<Value>87</Value>
						</HeartRateBpm>
					</Trackpoint>
					<Trackpoint>
						<Time>2569-05-08T14:47:14Z</Time>
						<Position>
							<LatitudeDegrees>9.143327</LatitudeDegrees>
							<LongitudeDegrees>99.324097</LongitudeDegrees>
						</Position>
						<AltitudeMeters>7.190000</AltitudeMeters>
						<HeartRateBpm>
							<Value>86</Value>
						</HeartRateBpm>
					</Trackpoint>
					<Trackpoint>
						<Time>2569-05-08T14:47:15Z</Time>
						<Position>
							<LatitudeDegrees>9.143327</LatitudeDegrees>
							<LongitudeDegrees>99.324097</LongitudeDegrees>
						</Position>
						<AltitudeMeters>7.190000</AltitudeMeters>
						<HeartRateBpm>
							<Value>87</Value>
						</HeartRateBpm>
					</Trackpoint>
					<Trackpoint>
						<Time>2569-05-08T14:47:16Z</Time>
						<Position>
							<LatitudeDegrees>9.143327</LatitudeDegrees>
							<LongitudeDegrees>99.324096</LongitudeDegrees>
						</Position>
						<AltitudeMeters>7.190000</AltitudeMeters>
						<HeartRateBpm>
							<Value>87</Value>
						</HeartRateBpm>
					</Trackpoint>
					<Trackpoint>
						<Time>2569-05-08T14:47:17Z</Time>
						<Position>
							<LatitudeDegrees>9.143327</LatitudeDegrees>
							<LongitudeDegrees>99.324096</LongitudeDegrees>
						</Position>
						<AltitudeMeters>7.190000</AltitudeMeters>
						<HeartRateBpm>
							<Value>86</Value>
						</HeartRateBpm>
					</Trackpoint>
					<Trackpoint>
						<Time>2569-05-08T14:47:18Z</Time>
						<Position>
							<LatitudeDegrees>9.143327</LatitudeDegrees>
							<LongitudeDegrees>99.324096</LongitudeDegrees>
						</Position>
						<AltitudeMeters>7.190000</AltitudeMeters>
						<HeartRateBpm>
							<Value>85</Value>
						</HeartRateBpm>
					</Trackpoint>
					<Trackpoint>
						<Time>2569-05-08T14:47:19Z</Time>
						<Position>
							<LatitudeDegrees>9.143327</LatitudeDegrees>
							<LongitudeDegrees>99.324096</LongitudeDegrees>
						</Position>
						<AltitudeMeters>7.190000</AltitudeMeters>
						<HeartRateBpm>
							<Value>85</Value>
						</HeartRateBpm>
					</Trackpoint>
					<Trackpoint>
						<Time>2569-05-08T14:47:20Z</Time>
						<Position>
							<LatitudeDegrees>9.143327</LatitudeDegrees>
							<LongitudeDegrees>99.324096</LongitudeDegrees>
						</Position>
						<AltitudeMeters>7.190000</AltitudeMeters>
						<HeartRateBpm>
							<Value>86</Value>
						</HeartRateBpm>
					</Trackpoint>
					<Trackpoint>
						<Time>2569-05-08T14:47:21Z</Time>
						<Position>
							<LatitudeDegrees>9.143327</LatitudeDegrees>
							<LongitudeDegrees>99.324096</LongitudeDegrees>
						</Position>
						<AltitudeMeters>7.190000</AltitudeMeters>
						<HeartRateBpm>
							<Value>86</Value>
						</HeartRateBpm>
					</Trackpoint>
					<Trackpoint>
						<Time>2569-05-08T14:47:22Z</Time>
						<Position>
							<LatitudeDegrees>9.143326</LatitudeDegrees>
							<LongitudeDegrees>99.324096</LongitudeDegrees>
						</Position>
						<AltitudeMeters>7.190000</AltitudeMeters>
						<HeartRateBpm>
							<Value>87</Value>
						</HeartRateBpm>
					</Trackpoint>
					<Trackpoint>
						<Time>2569-05-08T14:47:23Z</Time>
						<Position>
							<LatitudeDegrees>9.143325</LatitudeDegrees>
							<LongitudeDegrees>99.324096</LongitudeDegrees>
						</Position>
						<AltitudeMeters>7.190000</AltitudeMeters>
						<HeartRateBpm>
							<Value>87</Value>
						</HeartRateBpm>
					</Trackpoint>
					<Trackpoint>
						<Time>2569-05-08T14:47:24Z</Time>
						<Position>
							<LatitudeDegrees>9.143325</LatitudeDegrees>
							<LongitudeDegrees>99.324096</LongitudeDegrees>
						</Position>
						<AltitudeMeters>7.190000</AltitudeMeters>
						<HeartRateBpm>
							<Value>87</Value>
						</HeartRateBpm>
					</Trackpoint>
					<Trackpoint>
						<Time>2569-05-08T14:47:25Z</Time>
						<Position>
							<LatitudeDegrees>9.143325</LatitudeDegrees>
							<LongitudeDegrees>99.324096</LongitudeDegrees>
						</Position>
						<AltitudeMeters>7.190000</AltitudeMeters>
						<HeartRateBpm>
							<Value>88</Value>
						</HeartRateBpm>
					</Trackpoint>
					<Trackpoint>
						<Time>2569-05-08T14:47:25Z</Time>
						<Position>
							<LatitudeDegrees>9.143325</LatitudeDegrees>
							<LongitudeDegrees>99.324096</LongitudeDegrees>
						</Position>
						<AltitudeMeters>7.190000</AltitudeMeters>
						<HeartRateBpm>
							<Value>88</Value>
						</HeartRateBpm>
					</Trackpoint>
					<Trackpoint>
						<Time>2569-05-08T14:47:26Z</Time>
						<Position>
							<LatitudeDegrees>9.143324</LatitudeDegrees>
							<LongitudeDegrees>99.324096</LongitudeDegrees>
						</Position>
						<AltitudeMeters>7.190000</AltitudeMeters>
						<HeartRateBpm>
							<Value>87</Value>
						</HeartRateBpm>
					</Trackpoint>
					<Trackpoint>
						<Time>2569-05-08T14:47:27Z</Time>
						<Position>
							<LatitudeDegrees>9.143324</LatitudeDegrees>
							<LongitudeDegrees>99.324096</LongitudeDegrees>
						</Position>
						<AltitudeMeters>7.190000</AltitudeMeters>
						<HeartRateBpm>
							<Value>87</Value>
						</HeartRateBpm>
					</Trackpoint>
					<Trackpoint>
						<Time>2569-05-08T14:47:28Z</Time>
						<Position>
							<LatitudeDegrees>9.143324</LatitudeDegrees>
							<LongitudeDegrees>99.324096</LongitudeDegrees>
						</Position>
						<AltitudeMeters>7.190000</AltitudeMeters>
						<HeartRateBpm>
							<Value>87</Value>
						</HeartRateBpm>
					</Trackpoint>
					<Trackpoint>
						<Time>2569-05-08T14:47:29Z</Time>
						<Position>
							<LatitudeDegrees>9.143323</LatitudeDegrees>
							<LongitudeDegrees>99.324096</LongitudeDegrees>
						</Position>
						<AltitudeMeters>7.190000</AltitudeMeters>
						<HeartRateBpm>
							<Value>87</Value>
						</HeartRateBpm>
					</Trackpoint>
					<Trackpoint>
						<Time>2569-05-08T14:47:30Z</Time>
						<Position>
							<LatitudeDegrees>9.143323</LatitudeDegrees>
							<LongitudeDegrees>99.324096</LongitudeDegrees>
						</Position>
						<AltitudeMeters>7.190000</AltitudeMeters>
						<HeartRateBpm>
							<Value>87</Value>
						</HeartRateBpm>
					</Trackpoint>
					<Trackpoint>
						<Time>2569-05-08T14:47:31Z</Time>
						<Position>
							<LatitudeDegrees>9.143322</LatitudeDegrees>
							<LongitudeDegrees>99.324096</LongitudeDegrees>
						</Position>
						<AltitudeMeters>7.190000</AltitudeMeters>
						<HeartRateBpm>
							<Value>86</Value>
						</HeartRateBpm>
					</Trackpoint>
					<Trackpoint>
						<Time>2569-05-08T14:47:32Z</Time>
						<Position>
							<LatitudeDegrees>9.143322</LatitudeDegrees>
							<LongitudeDegrees>99.324096</LongitudeDegrees>
						</Position>
						<AltitudeMeters>7.190000</AltitudeMeters>
						<HeartRateBpm>
							<Value>87</Value>
						</HeartRateBpm>
					</Trackpoint>
					<Trackpoint>
						<Time>2569-05-08T14:47:34Z</Time>
						<Position>
							<LatitudeDegrees>9.143321</LatitudeDegrees>
							<LongitudeDegrees>99.324096</LongitudeDegrees>
						</Position>
						<AltitudeMeters>7.190000</AltitudeMeters>
					</Trackpoint>
					<Trackpoint>
						<Time>2569-05-08T14:47:35Z</Time>
						<Position>
							<LatitudeDegrees>9.143320</LatitudeDegrees>
							<LongitudeDegrees>99.324096</LongitudeDegrees>
						</Position>
						<AltitudeMeters>7.190000</AltitudeMeters>
						<HeartRateBpm>
							<Value>88</Value>
						</HeartRateBpm>
					</Trackpoint>
					<Trackpoint>
						<Time>2569-05-08T14:47:36Z</Time>
						<Position>
							<LatitudeDegrees>9.143320</LatitudeDegrees>
							<LongitudeDegrees>99.324096</LongitudeDegrees>
						</Position>
						<AltitudeMeters>7.190000</AltitudeMeters>
						<HeartRateBpm>
							<Value>89</Value>
						</HeartRateBpm>
					</Trackpoint>
					<Trackpoint>
						<Time>2569-05-08T14:47:37Z</Time>
						<Position>
							<LatitudeDegrees>9.143319</LatitudeDegrees>
							<LongitudeDegrees>99.324096</LongitudeDegrees>
						</Position>
						<AltitudeMeters>7.190000</AltitudeMeters>
						<HeartRateBpm>
							<Value>89</Value>
						</HeartRateBpm>
					</Trackpoint>
					<Trackpoint>
						<Time>2569-05-08T14:47:38Z</Time>
						<Position>
							<LatitudeDegrees>9.143318</LatitudeDegrees>
							<LongitudeDegrees>99.324096</LongitudeDegrees>
						</Position>
						<AltitudeMeters>7.190000</AltitudeMeters>
						<HeartRateBpm>
							<Value>89</Value>
						</HeartRateBpm>
					</Trackpoint>
					<Trackpoint>
						<Time>2569-05-08T14:47:39Z</Time>
						<Position>
							<LatitudeDegrees>9.143317</LatitudeDegrees>
							<LongitudeDegrees>99.324095</LongitudeDegrees>
						</Position>
						<AltitudeMeters>7.190000</AltitudeMeters>
						<HeartRateBpm>
							<Value>89</Value>
						</HeartRateBpm>
					</Trackpoint>
					<Trackpoint>
						<Time>2569-05-08T14:47:40Z</Time>
						<Position>
							<LatitudeDegrees>9.143315</LatitudeDegrees>
							<LongitudeDegrees>99.324095</LongitudeDegrees>
						</Position>
						<AltitudeMeters>7.190000</AltitudeMeters>
						<HeartRateBpm>
							<Value>88</Value>
						</HeartRateBpm>
					</Trackpoint>
					<Trackpoint>
						<Time>2569-05-08T14:47:41Z</Time>
						<Position>
							<LatitudeDegrees>9.143314</LatitudeDegrees>
							<LongitudeDegrees>99.324095</LongitudeDegrees>
						</Position>
						<AltitudeMeters>7.190000</AltitudeMeters>
						<HeartRateBpm>
							<Value>87</Value>
						</HeartRateBpm>
					</Trackpoint>
					<Trackpoint>
						<Time>2569-05-08T14:47:42Z</Time>
						<Position>
							<LatitudeDegrees>9.143313</LatitudeDegrees>
							<LongitudeDegrees>99.324095</LongitudeDegrees>
						</Position>
						<AltitudeMeters>7.190000</AltitudeMeters>
						<HeartRateBpm>
							<Value>87</Value>
						</HeartRateBpm>
					</Trackpoint>
					<Trackpoint>
						<Time>2569-05-08T14:47:43Z</Time>
						<Position>
							<LatitudeDegrees>9.143313</LatitudeDegrees>
							<LongitudeDegrees>99.324095</LongitudeDegrees>
						</Position>
						<AltitudeMeters>7.190000</AltitudeMeters>
						<HeartRateBpm>
							<Value>87</Value>
						</HeartRateBpm>
					</Trackpoint>
					<Trackpoint>
						<Time>2569-05-08T14:47:44Z</Time>
						<Position>
							<LatitudeDegrees>9.143312</LatitudeDegrees>
							<LongitudeDegrees>99.324095</LongitudeDegrees>
						</Position>
						<AltitudeMeters>7.190000</AltitudeMeters>
						<HeartRateBpm>
							<Value>87</Value>
						</HeartRateBpm>
					</Trackpoint>
					<Trackpoint>
						<Time>2569-05-08T14:47:45Z</Time>
						<Position>
							<LatitudeDegrees>9.143312</LatitudeDegrees>
							<LongitudeDegrees>99.324095</LongitudeDegrees>
						</Position>
						<AltitudeMeters>7.190000</AltitudeMeters>
						<HeartRateBpm>
							<Value>86</Value>
						</HeartRateBpm>
					</Trackpoint>
					<Trackpoint>
						<Time>2569-05-08T14:47:46Z</Time>
						<Position>
							<LatitudeDegrees>9.143311</LatitudeDegrees>
							<LongitudeDegrees>99.324095</LongitudeDegrees>
						</Position>
						<AltitudeMeters>7.190000</AltitudeMeters>
						<HeartRateBpm>
							<Value>86</Value>
						</HeartRateBpm>
					</Trackpoint>
					<Trackpoint>
						<Time>2569-05-08T14:47:47Z</Time>
						<Position>
							<LatitudeDegrees>9.143311</LatitudeDegrees>
							<LongitudeDegrees>99.324095</LongitudeDegrees>
						</Position>
						<AltitudeMeters>7.190000</AltitudeMeters>
						<HeartRateBpm>
							<Value>86</Value>
						</HeartRateBpm>
					</Trackpoint>
					<Trackpoint>
						<Time>2569-05-08T14:47:48Z</Time>
						<Position>
							<LatitudeDegrees>9.143311</LatitudeDegrees>
							<LongitudeDegrees>99.324095</LongitudeDegrees>
						</Position>
						<AltitudeMeters>7.190000</AltitudeMeters>
						<HeartRateBpm>
							<Value>85</Value>
						</HeartRateBpm>
					</Trackpoint>
					<Trackpoint>
						<Time>2569-05-08T14:47:49Z</Time>
						<Position>
							<LatitudeDegrees>9.143310</LatitudeDegrees>
							<LongitudeDegrees>99.324095</LongitudeDegrees>
						</Position>
						<AltitudeMeters>7.190000</AltitudeMeters>
						<HeartRateBpm>
							<Value>84</Value>
						</HeartRateBpm>
					</Trackpoint>
					<Trackpoint>
						<Time>2569-05-08T14:47:50Z</Time>
						<Position>
							<LatitudeDegrees>9.143310</LatitudeDegrees>
							<LongitudeDegrees>99.324094</LongitudeDegrees>
						</Position>
						<AltitudeMeters>7.190000</AltitudeMeters>
						<HeartRateBpm>
							<Value>85</Value>
						</HeartRateBpm>
					</Trackpoint>
					<Trackpoint>
						<Time>2569-05-08T14:47:51Z</Time>
						<Position>
							<LatitudeDegrees>9.143309</LatitudeDegrees>
							<LongitudeDegrees>99.324093</LongitudeDegrees>
						</Position>
						<AltitudeMeters>7.190000</AltitudeMeters>
						<HeartRateBpm>
							<Value>84</Value>
						</HeartRateBpm>
					</Trackpoint>
					<Trackpoint>
						<Time>2569-05-08T14:47:52Z</Time>
						<Position>
							<LatitudeDegrees>9.143309</LatitudeDegrees>
							<LongitudeDegrees>99.324093</LongitudeDegrees>
						</Position>
						<AltitudeMeters>7.190000</AltitudeMeters>
						<HeartRateBpm>
							<Value>85</Value>
						</HeartRateBpm>
					</Trackpoint>
					<Trackpoint>
						<Time>2569-05-08T14:47:53Z</Time>
						<Position>
							<LatitudeDegrees>9.143309</LatitudeDegrees>
							<LongitudeDegrees>99.324093</LongitudeDegrees>
						</Position>
						<AltitudeMeters>7.190000</AltitudeMeters>
						<HeartRateBpm>
							<Value>84</Value>
						</HeartRateBpm>
					</Trackpoint>
					<Trackpoint>
						<Time>2569-05-08T14:47:54Z</Time>
						<Position>
							<LatitudeDegrees>9.143308</LatitudeDegrees>
							<LongitudeDegrees>99.324093</LongitudeDegrees>
						</Position>
						<AltitudeMeters>7.190000</AltitudeMeters>
						<HeartRateBpm>
							<Value>84</Value>
						</HeartRateBpm>
					</Trackpoint>
					<Trackpoint>
						<Time>2569-05-08T14:47:55Z</Time>
						<Position>
							<LatitudeDegrees>9.143308</LatitudeDegrees>
							<LongitudeDegrees>99.324093</LongitudeDegrees>
						</Position>
						<AltitudeMeters>7.190000</AltitudeMeters>
						<HeartRateBpm>
							<Value>84</Value>
						</HeartRateBpm>
					</Trackpoint>
					<Trackpoint>
						<Time>2569-05-08T14:47:56Z</Time>
						<Position>
							<LatitudeDegrees>9.143308</LatitudeDegrees>
							<LongitudeDegrees>99.324093</LongitudeDegrees>
						</Position>
						<AltitudeMeters>7.190000</AltitudeMeters>
						<HeartRateBpm>
							<Value>85</Value>
						</HeartRateBpm>
					</Trackpoint>
					<Trackpoint>
						<Time>2569-05-08T14:47:57Z</Time>
						<Position>
							<LatitudeDegrees>9.143307</LatitudeDegrees>
							<LongitudeDegrees>99.324093</LongitudeDegrees>
						</Position>
						<AltitudeMeters>7.190000</AltitudeMeters>
						<HeartRateBpm>
							<Value>85</Value>
						</HeartRateBpm>
					</Trackpoint>
					<Trackpoint>
						<Time>2569-05-08T14:47:58Z</Time>
						<Position>
							<LatitudeDegrees>9.143307</LatitudeDegrees>
							<LongitudeDegrees>99.324093</LongitudeDegrees>
						</Position>
						<AltitudeMeters>7.190000</AltitudeMeters>
						<HeartRateBpm>
							<Value>84</Value>
						</HeartRateBpm>
					</Trackpoint>
					<Trackpoint>
						<Time>2569-05-08T14:47:59Z</Time>
						<Position>
							<LatitudeDegrees>9.143307</LatitudeDegrees>
							<LongitudeDegrees>99.324093</LongitudeDegrees>
						</Position>
						<AltitudeMeters>7.190000</AltitudeMeters>
						<HeartRateBpm>
							<Value>84</Value>
						</HeartRateBpm>
					</Trackpoint>
					<Trackpoint>
						<Time>2569-05-08T14:48:00Z</Time>
						<Position>
							<LatitudeDegrees>9.143307</LatitudeDegrees>
							<LongitudeDegrees>99.324093</LongitudeDegrees>
						</Position>
						<AltitudeMeters>7.190000</AltitudeMeters>
						<HeartRateBpm>
							<Value>86</Value>
						</HeartRateBpm>
					</Trackpoint>
					<Trackpoint>
						<Time>2569-05-08T14:48:01Z</Time>
						<Position>
							<LatitudeDegrees>9.143306</LatitudeDegrees>
							<LongitudeDegrees>99.324092</LongitudeDegrees>
						</Position>
						<AltitudeMeters>7.190000</AltitudeMeters>
						<HeartRateBpm>
							<Value>86</Value>
						</HeartRateBpm>
					</Trackpoint>
					<Trackpoint>
						<Time>2569-05-08T14:48:02Z</Time>
						<Position>
							<LatitudeDegrees>9.143306</LatitudeDegrees>
							<LongitudeDegrees>99.324092</LongitudeDegrees>
						</Position>
						<AltitudeMeters>7.190000</AltitudeMeters>
						<HeartRateBpm>
							<Value>85</Value>
						</HeartRateBpm>
					</Trackpoint>
					<Trackpoint>
						<Time>2569-05-08T14:48:03Z</Time>
						<Position>
							<LatitudeDegrees>9.143305</LatitudeDegrees>
							<LongitudeDegrees>99.324091</LongitudeDegrees>
						</Position>
						<AltitudeMeters>7.190000</AltitudeMeters>
						<HeartRateBpm>
							<Value>84</Value>
						</HeartRateBpm>
					</Trackpoint>
					<Trackpoint>
						<Time>2569-05-08T14:48:04Z</Time>
						<Position>
							<LatitudeDegrees>9.143305</LatitudeDegrees>
							<LongitudeDegrees>99.324091</LongitudeDegrees>
						</Position>
						<AltitudeMeters>7.190000</AltitudeMeters>
						<HeartRateBpm>
							<Value>85</Value>
						</HeartRateBpm>
					</Trackpoint>
					<Trackpoint>
						<Time>2569-05-08T14:48:05Z</Time>
						<Position>
							<LatitudeDegrees>9.143304</LatitudeDegrees>
							<LongitudeDegrees>99.324091</LongitudeDegrees>
						</Position>
						<AltitudeMeters>7.190000</AltitudeMeters>
						<HeartRateBpm>
							<Value>84</Value>
						</HeartRateBpm>
					</Trackpoint>
					<Trackpoint>
						<Time>2569-05-08T14:48:06Z</Time>
						<Position>
							<LatitudeDegrees>9.143304</LatitudeDegrees>
							<LongitudeDegrees>99.324091</LongitudeDegrees>
						</Position>
						<AltitudeMeters>7.190000</AltitudeMeters>
						<HeartRateBpm>
							<Value>85</Value>
						</HeartRateBpm>
					</Trackpoint>
					<Trackpoint>
						<Time>2569-05-08T14:48:07Z</Time>
						<Position>
							<LatitudeDegrees>9.143303</LatitudeDegrees>
							<LongitudeDegrees>99.324091</LongitudeDegrees>
						</Position>
						<AltitudeMeters>7.190000</AltitudeMeters>
						<HeartRateBpm>
							<Value>85</Value>
						</HeartRateBpm>
					</Trackpoint>
					<Trackpoint>
						<Time>2569-05-08T14:48:08Z</Time>
						<Position>
							<LatitudeDegrees>9.143303</LatitudeDegrees>
							<LongitudeDegrees>99.324091</LongitudeDegrees>
						</Position>
						<AltitudeMeters>7.190000</AltitudeMeters>
						<HeartRateBpm>
							<Value>85</Value>
						</HeartRateBpm>
					</Trackpoint>
					<Trackpoint>
						<Time>2569-05-08T14:48:09Z</Time>
						<Position>
							<LatitudeDegrees>9.143303</LatitudeDegrees>
							<LongitudeDegrees>99.324091</LongitudeDegrees>
						</Position>
						<AltitudeMeters>7.190000</AltitudeMeters>
						<HeartRateBpm>
							<Value>85</Value>
						</HeartRateBpm>
					</Trackpoint>
					<Trackpoint>
						<Time>2569-05-08T14:48:10Z</Time>
						<Position>
							<LatitudeDegrees>9.143302</LatitudeDegrees>
							<LongitudeDegrees>99.324091</LongitudeDegrees>
						</Position>
						<AltitudeMeters>7.190000</AltitudeMeters>
						<HeartRateBpm>
							<Value>84</Value>
						</HeartRateBpm>
					</Trackpoint>
					<Trackpoint>
						<Time>2569-05-08T14:48:11Z</Time>
						<Position>
							<LatitudeDegrees>9.143302</LatitudeDegrees>
							<LongitudeDegrees>99.324091</LongitudeDegrees>
						</Position>
						<AltitudeMeters>7.190000</AltitudeMeters>
						<HeartRateBpm>
							<Value>84</Value>
						</HeartRateBpm>
					</Trackpoint>
					<Trackpoint>
						<Time>2569-05-08T14:48:12Z</Time>
						<Position>
							<LatitudeDegrees>9.143301</LatitudeDegrees>
							<LongitudeDegrees>99.324091</LongitudeDegrees>
						</Position>
						<AltitudeMeters>7.190000</AltitudeMeters>
						<HeartRateBpm>
							<Value>85</Value>
						</HeartRateBpm>
					</Trackpoint>
					<Trackpoint>
						<Time>2569-05-08T14:48:13Z</Time>
						<Position>
							<LatitudeDegrees>9.143301</LatitudeDegrees>
							<LongitudeDegrees>99.324091</LongitudeDegrees>
						</Position>
						<AltitudeMeters>7.190000</AltitudeMeters>
						<HeartRateBpm>
							<Value>83</Value>
						</HeartRateBpm>
					</Trackpoint>
					<Trackpoint>
						<Time>2569-05-08T14:48:14Z</Time>
						<Position>
							<LatitudeDegrees>9.143300</LatitudeDegrees>
							<LongitudeDegrees>99.324090</LongitudeDegrees>
						</Position>
						<AltitudeMeters>7.190000</AltitudeMeters>
						<HeartRateBpm>
							<Value>83</Value>
						</HeartRateBpm>
					</Trackpoint>
					<Trackpoint>
						<Time>2569-05-08T14:48:15Z</Time>
						<Position>
							<LatitudeDegrees>9.143300</LatitudeDegrees>
							<LongitudeDegrees>99.324090</LongitudeDegrees>
						</Position>
						<AltitudeMeters>7.190000</AltitudeMeters>
						<HeartRateBpm>
							<Value>85</Value>
						</HeartRateBpm>
					</Trackpoint>
					<Trackpoint>
						<Time>2569-05-08T14:48:16Z</Time>
						<Position>
							<LatitudeDegrees>9.143299</LatitudeDegrees>
							<LongitudeDegrees>99.324090</LongitudeDegrees>
						</Position>
						<AltitudeMeters>7.190000</AltitudeMeters>
						<HeartRateBpm>
							<Value>84</Value>
						</HeartRateBpm>
					</Trackpoint>
					<Trackpoint>
						<Time>2569-05-08T14:48:17Z</Time>
						<Position>
							<LatitudeDegrees>9.143298</LatitudeDegrees>
							<LongitudeDegrees>99.324090</LongitudeDegrees>
						</Position>
						<AltitudeMeters>7.190000</AltitudeMeters>
						<HeartRateBpm>
							<Value>84</Value>
						</HeartRateBpm>
					</Trackpoint>
					<Trackpoint>
						<Time>2569-05-08T14:48:18Z</Time>
						<Position>
							<LatitudeDegrees>9.143298</LatitudeDegrees>
							<LongitudeDegrees>99.324090</LongitudeDegrees>
						</Position>
						<AltitudeMeters>7.190000</AltitudeMeters>
						<HeartRateBpm>
							<Value>86</Value>
						</HeartRateBpm>
					</Trackpoint>
					<Trackpoint>
						<Time>2569-05-08T14:48:19Z</Time>
						<Position>
							<LatitudeDegrees>9.143297</LatitudeDegrees>
							<LongitudeDegrees>99.324090</LongitudeDegrees>
						</Position>
						<AltitudeMeters>7.190000</AltitudeMeters>
						<HeartRateBpm>
							<Value>85</Value>
						</HeartRateBpm>
					</Trackpoint>
					<Trackpoint>
						<Time>2569-05-08T14:48:20Z</Time>
						<Position>
							<LatitudeDegrees>9.143296</LatitudeDegrees>
							<LongitudeDegrees>99.324090</LongitudeDegrees>
						</Position>
						<AltitudeMeters>7.190000</AltitudeMeters>
						<HeartRateBpm>
							<Value>85</Value>
						</HeartRateBpm>
					</Trackpoint>
					<Trackpoint>
						<Time>2569-05-08T14:48:21Z</Time>
						<Position>
							<LatitudeDegrees>9.143295</LatitudeDegrees>
							<LongitudeDegrees>99.324089</LongitudeDegrees>
						</Position>
						<AltitudeMeters>7.190000</AltitudeMeters>
						<HeartRateBpm>
							<Value>86</Value>
						</HeartRateBpm>
					</Trackpoint>
					<Trackpoint>
						<Time>2569-05-08T14:48:22Z</Time>
						<Position>
							<LatitudeDegrees>9.143294</LatitudeDegrees>
							<LongitudeDegrees>99.324088</LongitudeDegrees>
						</Position>
						<AltitudeMeters>7.190000</AltitudeMeters>
						<HeartRateBpm>
							<Value>86</Value>
						</HeartRateBpm>
					</Trackpoint>
					<Trackpoint>
						<Time>2569-05-08T14:48:23Z</Time>
						<Position>
							<LatitudeDegrees>9.143294</LatitudeDegrees>
							<LongitudeDegrees>99.324088</LongitudeDegrees>
						</Position>
						<AltitudeMeters>7.190000</AltitudeMeters>
						<HeartRateBpm>
							<Value>87</Value>
						</HeartRateBpm>
					</Trackpoint>
					<Trackpoint>
						<Time>2569-05-08T14:48:24Z</Time>
						<Position>
							<LatitudeDegrees>9.143293</LatitudeDegrees>
							<LongitudeDegrees>99.324088</LongitudeDegrees>
						</Position>
						<AltitudeMeters>7.190000</AltitudeMeters>
						<HeartRateBpm>
							<Value>87</Value>
						</HeartRateBpm>
					</Trackpoint>
					<Trackpoint>
						<Time>2569-05-08T14:48:25Z</Time>
						<Position>
							<LatitudeDegrees>9.143293</LatitudeDegrees>
							<LongitudeDegrees>99.324088</LongitudeDegrees>
						</Position>
						<AltitudeMeters>7.190000</AltitudeMeters>
						<HeartRateBpm>
							<Value>88</Value>
						</HeartRateBpm>
					</Trackpoint>
					<Trackpoint>
						<Time>2569-05-08T14:48:26Z</Time>
						<Position>
							<LatitudeDegrees>9.143292</LatitudeDegrees>
							<LongitudeDegrees>99.324088</LongitudeDegrees>
						</Position>
						<AltitudeMeters>7.190000</AltitudeMeters>
						<HeartRateBpm>
							<Value>88</Value>
						</HeartRateBpm>
					</Trackpoint>
					<Trackpoint>
						<Time>2569-05-08T14:48:27Z</Time>
						<Position>
							<LatitudeDegrees>9.143291</LatitudeDegrees>
							<LongitudeDegrees>99.324088</LongitudeDegrees>
						</Position>
						<AltitudeMeters>7.190000</AltitudeMeters>
						<HeartRateBpm>
							<Value>88</Value>
						</HeartRateBpm>
					</Trackpoint>
					<Trackpoint>
						<Time>2569-05-08T14:48:28Z</Time>
						<Position>
							<LatitudeDegrees>9.143291</LatitudeDegrees>
							<LongitudeDegrees>99.324087</LongitudeDegrees>
						</Position>
						<AltitudeMeters>7.190000</AltitudeMeters>
						<HeartRateBpm>
							<Value>89</Value>
						</HeartRateBpm>
					</Trackpoint>
					<Trackpoint>
						<Time>2569-05-08T14:48:29Z</Time>
						<Position>
							<LatitudeDegrees>9.143290</LatitudeDegrees>
							<LongitudeDegrees>99.324087</LongitudeDegrees>
						</Position>
						<AltitudeMeters>7.190000</AltitudeMeters>
						<HeartRateBpm>
							<Value>90</Value>
						</HeartRateBpm>
					</Trackpoint>
					<Trackpoint>
						<Time>2569-05-08T14:48:30Z</Time>
						<Position>
							<LatitudeDegrees>9.143289</LatitudeDegrees>
							<LongitudeDegrees>99.324087</LongitudeDegrees>
						</Position>
						<AltitudeMeters>7.190000</AltitudeMeters>
						<HeartRateBpm>
							<Value>91</Value>
						</HeartRateBpm>
					</Trackpoint>
					<Trackpoint>
						<Time>2569-05-08T14:48:31Z</Time>
						<Position>
							<LatitudeDegrees>9.143289</LatitudeDegrees>
							<LongitudeDegrees>99.324086</LongitudeDegrees>
						</Position>
						<AltitudeMeters>7.190000</AltitudeMeters>
						<HeartRateBpm>
							<Value>93</Value>
						</HeartRateBpm>
					</Trackpoint>
					<Trackpoint>
						<Time>2569-05-08T14:48:32Z</Time>
						<Position>
							<LatitudeDegrees>9.143288</LatitudeDegrees>
							<LongitudeDegrees>99.324086</LongitudeDegrees>
						</Position>
						<AltitudeMeters>7.190000</AltitudeMeters>
						<HeartRateBpm>
							<Value>93</Value>
						</HeartRateBpm>
					</Trackpoint>
					<Trackpoint>
						<Time>2569-05-08T14:48:33Z</Time>
						<Position>
							<LatitudeDegrees>9.143288</LatitudeDegrees>
							<LongitudeDegrees>99.324085</LongitudeDegrees>
						</Position>
						<AltitudeMeters>7.190000</AltitudeMeters>
						<HeartRateBpm>
							<Value>93</Value>
						</HeartRateBpm>
					</Trackpoint>
					<Trackpoint>
						<Time>2569-05-08T14:48:34Z</Time>
						<Position>
							<LatitudeDegrees>9.143287</LatitudeDegrees>
							<LongitudeDegrees>99.324085</LongitudeDegrees>
						</Position>
						<AltitudeMeters>7.190000</AltitudeMeters>
						<HeartRateBpm>
							<Value>94</Value>
						</HeartRateBpm>
					</Trackpoint>
					<Trackpoint>
						<Time>2569-05-08T14:48:35Z</Time>
						<Position>
							<LatitudeDegrees>9.143286</LatitudeDegrees>
							<LongitudeDegrees>99.324085</LongitudeDegrees>
						</Position>
						<AltitudeMeters>7.190000</AltitudeMeters>
						<HeartRateBpm>
							<Value>94</Value>
						</HeartRateBpm>
					</Trackpoint>
					<Trackpoint>
						<Time>2569-05-08T14:48:36Z</Time>
						<Position>
							<LatitudeDegrees>9.143286</LatitudeDegrees>
							<LongitudeDegrees>99.324084</LongitudeDegrees>
						</Position>
						<AltitudeMeters>7.190000</AltitudeMeters>
						<HeartRateBpm>
							<Value>95</Value>
						</HeartRateBpm>
					</Trackpoint>
					<Trackpoint>
						<Time>2569-05-08T14:48:37Z</Time>
						<Position>
							<LatitudeDegrees>9.143285</LatitudeDegrees>
							<LongitudeDegrees>99.324084</LongitudeDegrees>
						</Position>
						<AltitudeMeters>7.190000</AltitudeMeters>
						<HeartRateBpm>
							<Value>95</Value>
						</HeartRateBpm>
					</Trackpoint>
					<Trackpoint>
						<Time>2569-05-08T14:48:38Z</Time>
						<Position>
							<LatitudeDegrees>9.143285</LatitudeDegrees>
							<LongitudeDegrees>99.324083</LongitudeDegrees>
						</Position>
						<AltitudeMeters>7.190000</AltitudeMeters>
						<HeartRateBpm>
							<Value>95</Value>
						</HeartRateBpm>
					</Trackpoint>
					<Trackpoint>
						<Time>2569-05-08T14:48:39Z</Time>
						<Position>
							<LatitudeDegrees>9.143284</LatitudeDegrees>
							<LongitudeDegrees>99.324083</LongitudeDegrees>
						</Position>
						<AltitudeMeters>7.190000</AltitudeMeters>
						<HeartRateBpm>
							<Value>94</Value>
						</HeartRateBpm>
					</Trackpoint>
					<Trackpoint>
						<Time>2569-05-08T14:48:40Z</Time>
						<Position>
							<LatitudeDegrees>9.143284</LatitudeDegrees>
							<LongitudeDegrees>99.324083</LongitudeDegrees>
						</Position>
						<AltitudeMeters>7.190000</AltitudeMeters>
						<HeartRateBpm>
							<Value>95</Value>
						</HeartRateBpm>
					</Trackpoint>
					<Trackpoint>
						<Time>2569-05-08T14:48:41Z</Time>
						<Position>
							<LatitudeDegrees>9.143283</LatitudeDegrees>
							<LongitudeDegrees>99.324083</LongitudeDegrees>
						</Position>
						<AltitudeMeters>7.190000</AltitudeMeters>
						<HeartRateBpm>
							<Value>95</Value>
						</HeartRateBpm>
					</Trackpoint>
					<Trackpoint>
						<Time>2569-05-08T14:48:42Z</Time>
						<Position>
							<LatitudeDegrees>9.143283</LatitudeDegrees>
							<LongitudeDegrees>99.324082</LongitudeDegrees>
						</Position>
						<AltitudeMeters>7.190000</AltitudeMeters>
						<HeartRateBpm>
							<Value>96</Value>
						</HeartRateBpm>
					</Trackpoint>
					<Trackpoint>
						<Time>2569-05-08T14:48:43Z</Time>
						<Position>
							<LatitudeDegrees>9.143282</LatitudeDegrees>
							<LongitudeDegrees>99.324082</LongitudeDegrees>
						</Position>
						<AltitudeMeters>7.190000</AltitudeMeters>
						<HeartRateBpm>
							<Value>96</Value>
						</HeartRateBpm>
					</Trackpoint>
					<Trackpoint>
						<Time>2569-05-08T14:48:44Z</Time>
						<Position>
							<LatitudeDegrees>9.143282</LatitudeDegrees>
							<LongitudeDegrees>99.324082</LongitudeDegrees>
						</Position>
						<AltitudeMeters>7.190000</AltitudeMeters>
						<HeartRateBpm>
							<Value>94</Value>
						</HeartRateBpm>
					</Trackpoint>
					<Trackpoint>
						<Time>2569-05-08T14:48:45Z</Time>
						<Position>
							<LatitudeDegrees>9.143281</LatitudeDegrees>
							<LongitudeDegrees>99.324081</LongitudeDegrees>
						</Position>
						<AltitudeMeters>7.190000</AltitudeMeters>
						<HeartRateBpm>
							<Value>95</Value>
						</HeartRateBpm>
					</Trackpoint>
					<Trackpoint>
						<Time>2569-05-08T14:48:46Z</Time>
						<Position>
							<LatitudeDegrees>9.143281</LatitudeDegrees>
							<LongitudeDegrees>99.324081</LongitudeDegrees>
						</Position>
						<AltitudeMeters>7.190000</AltitudeMeters>
						<HeartRateBpm>
							<Value>96</Value>
						</HeartRateBpm>
					</Trackpoint>
					<Trackpoint>
						<Time>2569-05-08T14:48:47Z</Time>
						<Position>
							<LatitudeDegrees>9.143280</LatitudeDegrees>
							<LongitudeDegrees>99.324081</LongitudeDegrees>
						</Position>
						<AltitudeMeters>7.190000</AltitudeMeters>
						<HeartRateBpm>
							<Value>96</Value>
						</HeartRateBpm>
					</Trackpoint>
					<Trackpoint>
						<Time>2569-05-08T14:48:48Z</Time>
						<Position>
							<LatitudeDegrees>9.143279</LatitudeDegrees>
							<LongitudeDegrees>99.324080</LongitudeDegrees>
						</Position>
						<AltitudeMeters>7.190000</AltitudeMeters>
						<HeartRateBpm>
							<Value>96</Value>
						</HeartRateBpm>
					</Trackpoint>
					<Trackpoint>
						<Time>2569-05-08T14:48:49Z</Time>
						<Position>
							<LatitudeDegrees>9.143278</LatitudeDegrees>
							<LongitudeDegrees>99.324080</LongitudeDegrees>
						</Position>
						<AltitudeMeters>7.190000</AltitudeMeters>
						<HeartRateBpm>
							<Value>96</Value>
						</HeartRateBpm>
					</Trackpoint>
					<Trackpoint>
						<Time>2569-05-08T14:48:50Z</Time>
						<Position>
							<LatitudeDegrees>9.143277</LatitudeDegrees>
							<LongitudeDegrees>99.324079</LongitudeDegrees>
						</Position>
						<AltitudeMeters>7.190000</AltitudeMeters>
						<HeartRateBpm>
							<Value>97</Value>
						</HeartRateBpm>
					</Trackpoint>
					<Trackpoint>
						<Time>2569-05-08T14:48:51Z</Time>
						<Position>
							<LatitudeDegrees>9.143276</LatitudeDegrees>
							<LongitudeDegrees>99.324079</LongitudeDegrees>
						</Position>
						<AltitudeMeters>7.190000</AltitudeMeters>
						<HeartRateBpm>
							<Value>97</Value>
						</HeartRateBpm>
					</Trackpoint>
					<Trackpoint>
						<Time>2569-05-08T14:48:52Z</Time>
						<Position>
							<LatitudeDegrees>9.143276</LatitudeDegrees>
							<LongitudeDegrees>99.324079</LongitudeDegrees>
						</Position>
						<AltitudeMeters>7.190000</AltitudeMeters>
						<HeartRateBpm>
							<Value>96</Value>
						</HeartRateBpm>
					</Trackpoint>
					<Trackpoint>
						<Time>2569-05-08T14:48:53Z</Time>
						<Position>
							<LatitudeDegrees>9.143275</LatitudeDegrees>
							<LongitudeDegrees>99.324079</LongitudeDegrees>
						</Position>
						<AltitudeMeters>7.190000</AltitudeMeters>
						<HeartRateBpm>
							<Value>95</Value>
						</HeartRateBpm>
					</Trackpoint>
					<Trackpoint>
						<Time>2569-05-08T14:48:54Z</Time>
						<Position>
							<LatitudeDegrees>9.143274</LatitudeDegrees>
							<LongitudeDegrees>99.324079</LongitudeDegrees>
						</Position>
						<AltitudeMeters>7.190000</AltitudeMeters>
						<HeartRateBpm>
							<Value>95</Value>
						</HeartRateBpm>
					</Trackpoint>
					<Trackpoint>
						<Time>2569-05-08T14:48:55Z</Time>
						<Position>
							<LatitudeDegrees>9.143274</LatitudeDegrees>
							<LongitudeDegrees>99.324079</LongitudeDegrees>
						</Position>
						<AltitudeMeters>7.190000</AltitudeMeters>
						<HeartRateBpm>
							<Value>95</Value>
						</HeartRateBpm>
					</Trackpoint>
					<Trackpoint>
						<Time>2569-05-08T14:48:56Z</Time>
						<Position>
							<LatitudeDegrees>9.143274</LatitudeDegrees>
							<LongitudeDegrees>99.324079</LongitudeDegrees>
						</Position>
						<AltitudeMeters>7.190000</AltitudeMeters>
						<HeartRateBpm>
							<Value>94</Value>
						</HeartRateBpm>
					</Trackpoint>
					<Trackpoint>
						<Time>2569-05-08T14:48:57Z</Time>
						<Position>
							<LatitudeDegrees>9.143273</LatitudeDegrees>
							<LongitudeDegrees>99.324079</LongitudeDegrees>
						</Position>
						<AltitudeMeters>7.190000</AltitudeMeters>
						<HeartRateBpm>
							<Value>93</Value>
						</HeartRateBpm>
					</Trackpoint>
					<Trackpoint>
						<Time>2569-05-08T14:48:58Z</Time>
						<Position>
							<LatitudeDegrees>9.143272</LatitudeDegrees>
							<LongitudeDegrees>99.324079</LongitudeDegrees>
						</Position>
						<AltitudeMeters>7.190000</AltitudeMeters>
						<HeartRateBpm>
							<Value>93</Value>
						</HeartRateBpm>
					</Trackpoint>
					<Trackpoint>
						<Time>2569-05-08T14:48:59Z</Time>
						<Position>
							<LatitudeDegrees>9.143272</LatitudeDegrees>
							<LongitudeDegrees>99.324079</LongitudeDegrees>
						</Position>
						<AltitudeMeters>7.190000</AltitudeMeters>
						<HeartRateBpm>
							<Value>93</Value>
						</HeartRateBpm>
					</Trackpoint>
					<Trackpoint>
						<Time>2569-05-08T14:49:00Z</Time>
						<Position>
							<LatitudeDegrees>9.143272</LatitudeDegrees>
							<LongitudeDegrees>99.324078</LongitudeDegrees>
						</Position>
						<AltitudeMeters>7.190000</AltitudeMeters>
						<HeartRateBpm>
							<Value>94</Value>
						</HeartRateBpm>
					</Trackpoint>
				</Track>
			</Lap>
			<Creator xsi:type="Device_t">
				<Name>Amazfit Active 2 (Round)</Name>
			</Creator>
		</Activity>
	</Activities>
	<Author xsi:type="Application_t">
		<Name>Zepp</Name>
	</Author>
</TrainingCenterDatabase>