<?xml version="1.0" encoding="utf-8" standalone="no"?>
<TrainingCenterDatabase xmlns="http://www.garmin.com/xmlschemas/TrainingCenterDatabase/v2" xmlns:ns2="http://www.garmin.com/xmlschemas/UserProfile/v2" xmlns:ns3="http://www.garmin.com/xmlschemas/ActivityExtension/v2" xmlns:ns4="http://www.garmin.com/xmlschemas/ProfileExtension/v1" xmlns:ns5="http://www.garmin.com/xmlschemas/ActivityGoals/v1" xmlns:xsi="http://www.w3.org/2001/XMLSchema-instance" xsi:schemaLocation="http://www.garmin.com/xmlschemas/TrainingCenterDatabase/v2 http://www.garmin.com/xmlschemas/TrainingCenterDatabasev2.xsd">
	<Activities>
		<Activity Sport="Other">
			<Id>2569-06-22T12:34:00Z</Id>
			<Notes>Jump rope·Interval training</Notes>
			<Lap StartTime="2569-06-22T12:34:00Z">
				<TotalTimeSeconds>1164</TotalTimeSeconds>
				<Calories>192</Calories>
				<AverageHeartRateBpm>
					<Value>141</Value>
				</AverageHeartRateBpm>
				<MaximumHeartRateBpm>
					<Value>162</Value>
				</MaximumHeartRateBpm>
				<Intensity>Active</Intensity>
				<TriggerMethod>Manual</TriggerMethod>
				<Track>
					<Trackpoint>
						<Time>2569-06-22T12:34:00Z</Time>
						<HeartRateBpm>
							<Value>97</Value>
						</HeartRateBpm>
					</Trackpoint>
					<Trackpoint>
						<Time>2569-06-22T12:34:01Z</Time>
						<HeartRateBpm>
							<Value>97</Value>
						</HeartRateBpm>
					</Trackpoint>
					<Trackpoint>
						<Time>2569-06-22T12:34:02Z</Time>
						<HeartRateBpm>
							<Value>97</Value>
						</HeartRateBpm>
					</Trackpoint>
					<Trackpoint>
						<Time>2569-06-22T12:34:03Z</Time>
						<HeartRateBpm>
							<Value>98</Value>
						</HeartRateBpm>
					</Trackpoint>
					<Trackpoint>
						<Time>2569-06-22T12:34:04Z</Time>
						<HeartRateBpm>
							<Value>98</Value>
						</HeartRateBpm>
					</Trackpoint>
					<Trackpoint>
						<Time>2569-06-22T12:34:05Z</Time>
						<HeartRateBpm>
							<Value>98</Value>
						</HeartRateBpm>
					</Trackpoint>
					<Trackpoint>
						<Time>2569-06-22T12:34:06Z</Time>
						<HeartRateBpm>
							<Value>99</Value>
						</HeartRateBpm>
					</Trackpoint>
					<Trackpoint>
						<Time>2569-06-22T12:34:07Z</Time>
						<HeartRateBpm>
							<Value>99</Value>
						</HeartRateBpm>
					</Trackpoint>
					<Trackpoint>
						<Time>2569-06-22T12:34:08Z</Time>
						<HeartRateBpm>
							<Value>100</Value>
						</HeartRateBpm>
					</Trackpoint>
					<Trackpoint>
						<Time>2569-06-22T12:34:09Z</Time>
						<HeartRateBpm>
							<Value>100</Value>
						</HeartRateBpm>
					</Trackpoint>
					<Trackpoint>
						<Time>2569-06-22T12:34:10Z</Time>
						<HeartRateBpm>
							<Value>100</Value>
						</HeartRateBpm>
					</Trackpoint>
					<Trackpoint>
						<Time>2569-06-22T12:34:11Z</Time>
						<HeartRateBpm>
							<Value>101</Value>
						</HeartRateBpm>
					</Trackpoint>
					<Trackpoint>
						<Time>2569-06-22T12:34:12Z</Time>
						<HeartRateBpm>
							<Value>103</Value>
						</HeartRateBpm>
					</Trackpoint>
					<Trackpoint>
						<Time>2569-06-22T12:34:13Z</Time>
						<HeartRateBpm>
							<Value>104</Value>
						</HeartRateBpm>
					</Trackpoint>
					<Trackpoint>
						<Time>2569-06-22T12:34:14Z</Time>
						<HeartRateBpm>
							<Value>106</Value>
						</HeartRateBpm>
					</Trackpoint>
					<Trackpoint>
						<Time>2569-06-22T12:34:15Z</Time>
						<HeartRateBpm>
							<Value>106</Value>
						</HeartRateBpm>
					</Trackpoint>
					<Trackpoint>
						<Time>2569-06-22T12:34:16Z</Time>
						<HeartRateBpm>
							<Value>108</Value>
						</HeartRateBpm>
					</Trackpoint>
					<Trackpoint>
						<Time>2569-06-22T12:34:17Z</Time>
						<HeartRateBpm>
							<Value>110</Value>
						</HeartRateBpm>
					</Trackpoint>
					<Trackpoint>
						<Time>2569-06-22T12:34:18Z</Time>
						<HeartRateBpm>
							<Value>112</Value>
						</HeartRateBpm>
					</Trackpoint>
					<Trackpoint>
						<Time>2569-06-22T12:34:19Z</Time>
						<HeartRateBpm>
							<Value>113</Value>
						</HeartRateBpm>
					</Trackpoint>
					<Trackpoint>
						<Time>2569-06-22T12:34:20Z</Time>
						<HeartRateBpm>
							<Value>116</Value>
						</HeartRateBpm>
					</Trackpoint>
					<Trackpoint>
						<Time>2569-06-22T12:34:21Z</Time>
						<HeartRateBpm>
							<Value>117</Value>
						</HeartRateBpm>
					</Trackpoint>
					<Trackpoint>
						<Time>2569-06-22T12:34:22Z</Time>
						<HeartRateBpm>
							<Value>117</Value>
						</HeartRateBpm>
					</Trackpoint>
					<Trackpoint>
						<Time>2569-06-22T12:34:23Z</Time>
						<HeartRateBpm>
							<Value>119</Value>
						</HeartRateBpm>
					</Trackpoint>
					<Trackpoint>
						<Time>2569-06-22T12:34:24Z</Time>
						<HeartRateBpm>
							<Value>121</Value>
						</HeartRateBpm>
					</Trackpoint>
					<Trackpoint>
						<Time>2569-06-22T12:34:25Z</Time>
						<HeartRateBpm>
							<Value>124</Value>
						</HeartRateBpm>
					</Trackpoint>
					<Trackpoint>
						<Time>2569-06-22T12:34:26Z</Time>
						<HeartRateBpm>
							<Value>126</Value>
						</HeartRateBpm>
					</Trackpoint>
					<Trackpoint>
						<Time>2569-06-22T12:34:27Z</Time>
						<HeartRateBpm>
							<Value>128</Value>
						</HeartRateBpm>
					</Trackpoint>
					<Trackpoint>
						<Time>2569-06-22T12:34:28Z</Time>
						<HeartRateBpm>
							<Value>130</Value>
						</HeartRateBpm>
					</Trackpoint>
					<Trackpoint>
						<Time>2569-06-22T12:34:29Z</Time>
						<HeartRateBpm>
							<Value>131</Value>
						</HeartRateBpm>
					</Trackpoint>
					<Trackpoint>
						<Time>2569-06-22T12:34:30Z</Time>
						<HeartRateBpm>
							<Value>133</Value>
						</HeartRateBpm>
					</Trackpoint>
					<Trackpoint>
						<Time>2569-06-22T12:34:31Z</Time>
						<HeartRateBpm>
							<Value>136</Value>
						</HeartRateBpm>
					</Trackpoint>
					<Trackpoint>
						<Time>2569-06-22T12:34:32Z</Time>
						<HeartRateBpm>
							<Value>138</Value>
						</HeartRateBpm>
					</Trackpoint>
					<Trackpoint>
						<Time>2569-06-22T12:34:33Z</Time>
						<HeartRateBpm>
							<Value>141</Value>
						</HeartRateBpm>
					</Trackpoint>
					<Trackpoint>
						<Time>2569-06-22T12:34:34Z</Time>
						<HeartRateBpm>
							<Value>141</Value>
						</HeartRateBpm>
					</Trackpoint>
					<Trackpoint>
						<Time>2569-06-22T12:34:35Z</Time>
						<HeartRateBpm>
							<Value>143</Value>
						</HeartRateBpm>
					</Trackpoint>
					<Trackpoint>
						<Time>2569-06-22T12:34:36Z</Time>
						<HeartRateBpm>
							<Value>144</Value>
						</HeartRateBpm>
					</Trackpoint>
					<Trackpoint>
						<Time>2569-06-22T12:34:37Z</Time>
						<HeartRateBpm>
							<Value>144</Value>
						</HeartRateBpm>
					</Trackpoint>
					<Trackpoint>
						<Time>2569-06-22T12:34:38Z</Time>
						<HeartRateBpm>
							<Value>145</Value>
						</HeartRateBpm>
					</Trackpoint>
					<Trackpoint>
						<Time>2569-06-22T12:34:39Z</Time>
						<HeartRateBpm>
							<Value>146</Value>
						</HeartRateBpm>
					</Trackpoint>
					<Trackpoint>
						<Time>2569-06-22T12:34:40Z</Time>
						<HeartRateBpm>
							<Value>147</Value>
						</HeartRateBpm>
					</Trackpoint>
					<Trackpoint>
						<Time>2569-06-22T12:34:41Z</Time>
						<HeartRateBpm>
							<Value>149</Value>
						</HeartRateBpm>
					</Trackpoint>
					<Trackpoint>
						<Time>2569-06-22T12:34:42Z</Time>
						<HeartRateBpm>
							<Value>150</Value>
						</HeartRateBpm>
					</Trackpoint>
					<Trackpoint>
						<Time>2569-06-22T12:34:43Z</Time>
						<HeartRateBpm>
							<Value>150</Value>
						</HeartRateBpm>
					</Trackpoint>
					<Trackpoint>
						<Time>2569-06-22T12:34:44Z</Time>
						<HeartRateBpm>
							<Value>151</Value>
						</HeartRateBpm>
					</Trackpoint>
					<Trackpoint>
						<Time>2569-06-22T12:34:45Z</Time>
						<HeartRateBpm>
							<Value>151</Value>
						</HeartRateBpm>
					</Trackpoint>
					<Trackpoint>
						<Time>2569-06-22T12:34:46Z</Time>
						<HeartRateBpm>
							<Value>151</Value>
						</HeartRateBpm>
					</Trackpoint>
					<Trackpoint>
						<Time>2569-06-22T12:34:47Z</Time>
						<HeartRateBpm>
							<Value>150</Value>
						</HeartRateBpm>
					</Trackpoint>
					<Trackpoint>
						<Time>2569-06-22T12:34:48Z</Time>
						<HeartRateBpm>
							<Value>149</Value>
						</HeartRateBpm>
					</Trackpoint>
					<Trackpoint>
						<Time>2569-06-22T12:34:49Z</Time>
						<HeartRateBpm>
							<Value>149</Value>
						</HeartRateBpm>
					</Trackpoint>
					<Trackpoint>
						<Time>2569-06-22T12:34:50Z</Time>
						<HeartRateBpm>
							<Value>148</Value>
						</HeartRateBpm>
					</Trackpoint>
					<Trackpoint>
						<Time>2569-06-22T12:34:51Z</Time>
						<HeartRateBpm>
							<Value>149</Value>
						</HeartRateBpm>
					</Trackpoint>
					<Trackpoint>
						<Time>2569-06-22T12:34:52Z</Time>
						<HeartRateBpm>
							<Value>149</Value>
						</HeartRateBpm>
					</Trackpoint>
					<Trackpoint>
						<Time>2569-06-22T12:34:53Z</Time>
						<HeartRateBpm>
							<Value>149</Value>
						</HeartRateBpm>
					</Trackpoint>
					<Trackpoint>
						<Time>2569-06-22T12:34:54Z</Time>
						<HeartRateBpm>
							<Value>151</Value>
						</HeartRateBpm>
					</Trackpoint>
					<Trackpoint>
						<Time>2569-06-22T12:34:55Z</Time>
						<HeartRateBpm>
							<Value>151</Value>
						</HeartRateBpm>
					</Trackpoint>
					<Trackpoint>
						<Time>2569-06-22T12:34:56Z</Time>
						<HeartRateBpm>
							<Value>151</Value>
						</HeartRateBpm>
					</Trackpoint>
					<Trackpoint>
						<Time>2569-06-22T12:34:57Z</Time>
						<HeartRateBpm>
							<Value>150</Value>
						</HeartRateBpm>
					</Trackpoint>
					<Trackpoint>
						<Time>2569-06-22T12:34:58Z</Time>
						<HeartRateBpm>
							<Value>148</Value>
						</HeartRateBpm>
					</Trackpoint>
					<Trackpoint>
						<Time>2569-06-22T12:34:59Z</Time>
						<HeartRateBpm>
							<Value>148</Value>
						</HeartRateBpm>
					</Trackpoint>
					<Trackpoint>
						<Time>2569-06-22T12:35:00Z</Time>
						<HeartRateBpm>
							<Value>149</Value>
						</HeartRateBpm>
					</Trackpoint>
					<Trackpoint>
						<Time>2569-06-22T12:35:01Z</Time>
						<HeartRateBpm>
							<Value>149</Value>
						</HeartRateBpm>
					</Trackpoint>
					<Trackpoint>
						<Time>2569-06-22T12:35:02Z</Time>
						<HeartRateBpm>
							<Value>149</Value>
						</HeartRateBpm>
					</Trackpoint>
					<Trackpoint>
						<Time>2569-06-22T12:35:03Z</Time>
						<HeartRateBpm>
							<Value>150</Value>
						</HeartRateBpm>
					</Trackpoint>
					<Trackpoint>
						<Time>2569-06-22T12:35:04Z</Time>
						<HeartRateBpm>
							<Value>150</Value>
						</HeartRateBpm>
					</Trackpoint>
					<Trackpoint>
						<Time>2569-06-22T12:35:05Z</Time>
						<HeartRateBpm>
							<Value>151</Value>
						</HeartRateBpm>
					</Trackpoint>
					<Trackpoint>
						<Time>2569-06-22T12:35:06Z</Time>
						<HeartRateBpm>
							<Value>152</Value>
						</HeartRateBpm>
					</Trackpoint>
					<Trackpoint>
						<Time>2569-06-22T12:35:07Z</Time>
						<HeartRateBpm>
							<Value>152</Value>
						</HeartRateBpm>
					</Trackpoint>
					<Trackpoint>
						<Time>2569-06-22T12:35:08Z</Time>
						<HeartRateBpm>
							<Value>153</Value>
						</HeartRateBpm>
					</Trackpoint>
					<Trackpoint>
						<Time>2569-06-22T12:35:09Z</Time>
						<HeartRateBpm>
							<Value>154</Value>
						</HeartRateBpm>
					</Trackpoint>
					<Trackpoint>
						<Time>2569-06-22T12:35:10Z</Time>
						<HeartRateBpm>
							<Value>154</Value>
						</HeartRateBpm>
					</Trackpoint>
					<Trackpoint>
						<Time>2569-06-22T12:35:11Z</Time>
						<HeartRateBpm>
							<Value>154</Value>
						</HeartRateBpm>
					</Trackpoint>
					<Trackpoint>
						<Time>2569-06-22T12:35:12Z</Time>
						<HeartRateBpm>
							<Value>152</Value>
						</HeartRateBpm>
					</Trackpoint>
					<Trackpoint>
						<Time>2569-06-22T12:35:13Z</Time>
						<HeartRateBpm>
							<Value>151</Value>
						</HeartRateBpm>
					</Trackpoint>
					<Trackpoint>
						<Time>2569-06-22T12:35:14Z</Time>
						<HeartRateBpm>
							<Value>151</Value>
						</HeartRateBpm>
					</Trackpoint>
					<Trackpoint>
						<Time>2569-06-22T12:35:15Z</Time>
						<HeartRateBpm>
							<Value>150</Value>
						</HeartRateBpm>
					</Trackpoint>
					<Trackpoint>
						<Time>2569-06-22T12:35:16Z</Time>
						<HeartRateBpm>
							<Value>147</Value>
						</HeartRateBpm>
					</Trackpoint>
					<Trackpoint>
						<Time>2569-06-22T12:35:17Z</Time>
						<HeartRateBpm>
							<Value>146</Value>
						</HeartRateBpm>
					</Trackpoint>
					<Trackpoint>
						<Time>2569-06-22T12:35:18Z</Time>
						<HeartRateBpm>
							<Value>146</Value>
						</HeartRateBpm>
					</Trackpoint>
					<Trackpoint>
						<Time>2569-06-22T12:35:19Z</Time>
						<HeartRateBpm>
							<Value>146</Value>
						</HeartRateBpm>
					</Trackpoint>
					<Trackpoint>
						<Time>2569-06-22T12:35:20Z</Time>
						<HeartRateBpm>
							<Value>147</Value>
						</HeartRateBpm>
					</Trackpoint>
					<Trackpoint>
						<Time>2569-06-22T12:35:21Z</Time>
						<HeartRateBpm>
							<Value>147</Value>
						</HeartRateBpm>
					</Trackpoint>
					<Trackpoint>
						<Time>2569-06-22T12:35:22Z</Time>
						<HeartRateBpm>
							<Value>148</Value>
						</HeartRateBpm>
					</Trackpoint>
					<Trackpoint>
						<Time>2569-06-22T12:35:23Z</Time>
						<HeartRateBpm>
							<Value>149</Value>
						</HeartRateBpm>
					</Trackpoint>
					<Trackpoint>
						<Time>2569-06-22T12:35:24Z</Time>
						<HeartRateBpm>
							<Value>151</Value>
						</HeartRateBpm>
					</Trackpoint>
					<Trackpoint>
						<Time>2569-06-22T12:35:25Z</Time>
						<HeartRateBpm>
							<Value>151</Value>
						</HeartRateBpm>
					</Trackpoint>
					<Trackpoint>
						<Time>2569-06-22T12:35:26Z</Time>
						<HeartRateBpm>
							<Value>151</Value>
						</HeartRateBpm>
					</Trackpoint>
					<Trackpoint>
						<Time>2569-06-22T12:35:29Z</Time>
						<HeartRateBpm>
							<Value>151</Value>
						</HeartRateBpm>
					</Trackpoint>
					<Trackpoint>
						<Time>2569-06-22T12:35:30Z</Time>
						<HeartRateBpm>
							<Value>151</Value>
						</HeartRateBpm>
					</Trackpoint>
					<Trackpoint>
						<Time>2569-06-22T12:35:31Z</Time>
						<HeartRateBpm>
							<Value>150</Value>
						</HeartRateBpm>
					</Trackpoint>
					<Trackpoint>
						<Time>2569-06-22T12:35:32Z</Time>
						<HeartRateBpm>
							<Value>150</Value>
						</HeartRateBpm>
					</Trackpoint>
					<Trackpoint>
						<Time>2569-06-22T12:35:33Z</Time>
						<HeartRateBpm>
							<Value>150</Value>
						</HeartRateBpm>
					</Trackpoint>
					<Trackpoint>
						<Time>2569-06-22T12:35:34Z</Time>
						<HeartRateBpm>
							<Value>149</Value>
						</HeartRateBpm>
					</Trackpoint>
					<Trackpoint>
						<Time>2569-06-22T12:35:35Z</Time>
						<HeartRateBpm>
							<Value>148</Value>
						</HeartRateBpm>
					</Trackpoint>
					<Trackpoint>
						<Time>2569-06-22T12:35:36Z</Time>
						<HeartRateBpm>
							<Value>149</Value>
						</HeartRateBpm>
					</Trackpoint>
					<Trackpoint>
						<Time>2569-06-22T12:35:37Z</Time>
						<HeartRateBpm>
							<Value>148</Value>
						</HeartRateBpm>
					</Trackpoint>
					<Trackpoint>
						<Time>2569-06-22T12:35:38Z</Time>
						<HeartRateBpm>
							<Value>148</Value>
						</HeartRateBpm>
					</Trackpoint>
					<Trackpoint>
						<Time>2569-06-22T12:35:39Z</Time>
						<HeartRateBpm>
							<Value>150</Value>
						</HeartRateBpm>
					</Trackpoint>
					<Trackpoint>
						<Time>2569-06-22T12:35:40Z</Time>
						<HeartRateBpm>
							<Value>149</Value>
						</HeartRateBpm>
					</Trackpoint>
					<Trackpoint>
						<Time>2569-06-22T12:35:41Z</Time>
						<HeartRateBpm>
							<Value>149</Value>
						</HeartRateBpm>
					</Trackpoint>
					<Trackpoint>
						<Time>2569-06-22T12:35:42Z</Time>
						<HeartRateBpm>
							<Value>149</Value>
						</HeartRateBpm>
					</Trackpoint>
					<Trackpoint>
						<Time>2569-06-22T12:35:43Z</Time>
						<HeartRateBpm>
							<Value>148</Value>
						</HeartRateBpm>
					</Trackpoint>
					<Trackpoint>
						<Time>2569-06-22T12:35:44Z</Time>
						<HeartRateBpm>
							<Value>147</Value>
						</HeartRateBpm>
					</Trackpoint>
					<Trackpoint>
						<Time>2569-06-22T12:35:45Z</Time>
						<HeartRateBpm>
							<Value>147</Value>
						</HeartRateBpm>
					</Trackpoint>
					<Trackpoint>
						<Time>2569-06-22T12:35:46Z</Time>
						<HeartRateBpm>
							<Value>146</Value>
						</HeartRateBpm>
					</Trackpoint>
					<Trackpoint>
						<Time>2569-06-22T12:35:47Z</Time>
						<HeartRateBpm>
							<Value>145</Value>
						</HeartRateBpm>
					</Trackpoint>
					<Trackpoint>
						<Time>2569-06-22T12:35:48Z</Time>
						<HeartRateBpm>
							<Value>144</Value>
						</HeartRateBpm>
					</Trackpoint>
					<Trackpoint>
						<Time>2569-06-22T12:35:49Z</Time>
						<HeartRateBpm>
							<Value>143</Value>
						</HeartRateBpm>
					</Trackpoint>
					<Trackpoint>
						<Time>2569-06-22T12:35:50Z</Time>
						<HeartRateBpm>
							<Value>143</Value>
						</HeartRateBpm>
					</Trackpoint>
					<Trackpoint>
						<Time>2569-06-22T12:35:51Z</Time>
						<HeartRateBpm>
							<Value>143</Value>
						</HeartRateBpm>
					</Trackpoint>
					<Trackpoint>
						<Time>2569-06-22T12:35:52Z</Time>
						<HeartRateBpm>
							<Value>142</Value>
						</HeartRateBpm>
					</Trackpoint>
					<Trackpoint>
						<Time>2569-06-22T12:35:53Z</Time>
						<HeartRateBpm>
							<Value>143</Value>
						</HeartRateBpm>
					</Trackpoint>
					<Trackpoint>
						<Time>2569-06-22T12:35:54Z</Time>
						<HeartRateBpm>
							<Value>143</Value>
						</HeartRateBpm>
					</Trackpoint>
					<Trackpoint>
						<Time>2569-06-22T12:35:55Z</Time>
						<HeartRateBpm>
							<Value>142</Value>
						</HeartRateBpm>
					</Trackpoint>
					<Trackpoint>
						<Time>2569-06-22T12:35:56Z</Time>
						<HeartRateBpm>
							<Value>143</Value>
						</HeartRateBpm>
					</Trackpoint>
					<Trackpoint>
						<Time>2569-06-22T12:35:57Z</Time>
						<HeartRateBpm>
							<Value>143</Value>
						</HeartRateBpm>
					</Trackpoint>
					<Trackpoint>
						<Time>2569-06-22T12:35:58Z</Time>
						<HeartRateBpm>
							<Value>144</Value>
						</HeartRateBpm>
					</Trackpoint>
					<Trackpoint>
						<Time>2569-06-22T12:35:59Z</Time>
						<HeartRateBpm>
							<Value>144</Value>
						</HeartRateBpm>
					</Trackpoint>
					<Trackpoint>
						<Time>2569-06-22T12:36:00Z</Time>
						<HeartRateBpm>
							<Value>146</Value>
						</HeartRateBpm>
					</Trackpoint>
					<Trackpoint>
						<Time>2569-06-22T12:36:01Z</Time>
						<HeartRateBpm>
							<Value>147</Value>
						</HeartRateBpm>
					</Trackpoint>
					<Trackpoint>
						<Time>2569-06-22T12:36:02Z</Time>
						<HeartRateBpm>
							<Value>148</Value>
						</HeartRateBpm>
					</Trackpoint>
					<Trackpoint>
						<Time>2569-06-22T12:36:03Z</Time>
						<HeartRateBpm>
							<Value>148</Value>
						</HeartRateBpm>
					</Trackpoint>
					<Trackpoint>
						<Time>2569-06-22T12:36:04Z</Time>
						<HeartRateBpm>
							<Value>150</Value>
						</HeartRateBpm>
					</Trackpoint>
					<Trackpoint>
						<Time>2569-06-22T12:36:05Z</Time>
						<HeartRateBpm>
							<Value>150</Value>
						</HeartRateBpm>
					</Trackpoint>
					<Trackpoint>
						<Time>2569-06-22T12:36:06Z</Time>
						<HeartRateBpm>
							<Value>151</Value>
						</HeartRateBpm>
					</Trackpoint>
					<Trackpoint>
						<Time>2569-06-22T12:36:07Z</Time>
						<HeartRateBpm>
							<Value>151</Value>
						</HeartRateBpm>
					</Trackpoint>
					<Trackpoint>
						<Time>2569-06-22T12:36:08Z</Time>
						<HeartRateBpm>
							<Value>151</Value>
						</HeartRateBpm>
					</Trackpoint>
					<Trackpoint>
						<Time>2569-06-22T12:36:09Z</Time>
						<HeartRateBpm>
							<Value>152</Value>
						</HeartRateBpm>
					</Trackpoint>
					<Trackpoint>
						<Time>2569-06-22T12:36:10Z</Time>
						<HeartRateBpm>
							<Value>153</Value>
						</HeartRateBpm>
					</Trackpoint>
					<Trackpoint>
						<Time>2569-06-22T12:36:11Z</Time>
						<HeartRateBpm>
							<Value>153</Value>
						</HeartRateBpm>
					</Trackpoint>
					<Trackpoint>
						<Time>2569-06-22T12:36:12Z</Time>
						<HeartRateBpm>
							<Value>154</Value>
						</HeartRateBpm>
					</Trackpoint>
					<Trackpoint>
						<Time>2569-06-22T12:36:13Z</Time>
						<HeartRateBpm>
							<Value>152</Value>
						</HeartRateBpm>
					</Trackpoint>
					<Trackpoint>
						<Time>2569-06-22T12:36:14Z</Time>
						<HeartRateBpm>
							<Value>151</Value>
						</HeartRateBpm>
					</Trackpoint>
					<Trackpoint>
						<Time>2569-06-22T12:36:15Z</Time>
						<HeartRateBpm>
							<Value>151</Value>
						</HeartRateBpm>
					</Trackpoint>
					<Trackpoint>
						<Time>2569-06-22T12:36:16Z</Time>
						<HeartRateBpm>
							<Value>151</Value>
						</HeartRateBpm>
					</Trackpoint>
					<Trackpoint>
						<Time>2569-06-22T12:36:17Z</Time>
						<HeartRateBpm>
							<Value>151</Value>
						</HeartRateBpm>
					</Trackpoint>
					<Trackpoint>
						<Time>2569-06-22T12:36:18Z</Time>
						<HeartRateBpm>
							<Value>150</Value>
						</HeartRateBpm>
					</Trackpoint>
					<Trackpoint>
						<Time>2569-06-22T12:36:19Z</Time>
						<HeartRateBpm>
							<Value>149</Value>
						</HeartRateBpm>
					</Trackpoint>
					<Trackpoint>
						<Time>2569-06-22T12:36:20Z</Time>
						<HeartRateBpm>
							<Value>150</Value>
						</HeartRateBpm>
					</Trackpoint>
					<Trackpoint>
						<Time>2569-06-22T12:36:21Z</Time>
						<HeartRateBpm>
							<Value>150</Value>
						</HeartRateBpm>
					</Trackpoint>
					<Trackpoint>
						<Time>2569-06-22T12:36:22Z</Time>
						<HeartRateBpm>
							<Value>150</Value>
						</HeartRateBpm>
					</Trackpoint>
					<Trackpoint>
						<Time>2569-06-22T12:36:23Z</Time>
						<HeartRateBpm>
							<Value>150</Value>
						</HeartRateBpm>
					</Trackpoint>
					<Trackpoint>
						<Time>2569-06-22T12:36:24Z</Time>
						<HeartRateBpm>
							<Value>150</Value>
						</HeartRateBpm>
					</Trackpoint>
					<Trackpoint>
						<Time>2569-06-22T12:36:25Z</Time>
						<HeartRateBpm>
							<Value>150</Value>
						</HeartRateBpm>
					</Trackpoint>
					<Trackpoint>
						<Time>2569-06-22T12:36:26Z</Time>
						<HeartRateBpm>
							<Value>151</Value>
						</HeartRateBpm>
					</Trackpoint>
					<Trackpoint>
						<Time>2569-06-22T12:36:27Z</Time>
						<HeartRateBpm>
							<Value>152</Value>
						</HeartRateBpm>
					</Trackpoint>
					<Trackpoint>
						<Time>2569-06-22T12:36:28Z</Time>
						<HeartRateBpm>
							<Value>152</Value>
						</HeartRateBpm>
					</Trackpoint>
					<Trackpoint>
						<Time>2569-06-22T12:36:29Z</Time>
						<HeartRateBpm>
							<Value>154</Value>
						</HeartRateBpm>
					</Trackpoint>
					<Trackpoint>
						<Time>2569-06-22T12:36:30Z</Time>
						<HeartRateBpm>
							<Value>154</Value>
						</HeartRateBpm>
					</Trackpoint>
					<Trackpoint>
						<Time>2569-06-22T12:36:31Z</Time>
						<HeartRateBpm>
							<Value>154</Value>
						</HeartRateBpm>
					</Trackpoint>
					<Trackpoint>
						<Time>2569-06-22T12:36:32Z</Time>
						<HeartRateBpm>
							<Value>154</Value>
						</HeartRateBpm>
					</Trackpoint>
					<Trackpoint>
						<Time>2569-06-22T12:36:33Z</Time>
						<HeartRateBpm>
							<Value>153</Value>
						</HeartRateBpm>
					</Trackpoint>
					<Trackpoint>
						<Time>2569-06-22T12:36:34Z</Time>
						<HeartRateBpm>
							<Value>153</Value>
						</HeartRateBpm>
					</Trackpoint>
					<Trackpoint>
						<Time>2569-06-22T12:36:35Z</Time>
						<HeartRateBpm>
							<Value>153</Value>
						</HeartRateBpm>
					</Trackpoint>
					<Trackpoint>
						<Time>2569-06-22T12:36:36Z</Time>
						<HeartRateBpm>
							<Value>153</Value>
						</HeartRateBpm>
					</Trackpoint>
					<Trackpoint>
						<Time>2569-06-22T12:36:37Z</Time>
						<HeartRateBpm>
							<Value>153</Value>
						</HeartRateBpm>
					</Trackpoint>
					<Trackpoint>
						<Time>2569-06-22T12:36:38Z</Time>
						<HeartRateBpm>
							<Value>153</Value>
						</HeartRateBpm>
					</Trackpoint>
					<Trackpoint>
						<Time>2569-06-22T12:36:39Z</Time>
						<HeartRateBpm>
							<Value>150</Value>
						</HeartRateBpm>
					</Trackpoint>
					<Trackpoint>
						<Time>2569-06-22T12:36:40Z</Time>
						<HeartRateBpm>
							<Value>146</Value>
						</HeartRateBpm>
					</Trackpoint>
					<Trackpoint>
						<Time>2569-06-22T12:36:41Z</Time>
						<HeartRateBpm>
							<Value>142</Value>
						</HeartRateBpm>
					</Trackpoint>
					<Trackpoint>
						<Time>2569-06-22T12:36:42Z</Time>
						<HeartRateBpm>
							<Value>140</Value>
						</HeartRateBpm>
					</Trackpoint>
					<Trackpoint>
						<Time>2569-06-22T12:36:43Z</Time>
						<HeartRateBpm>
							<Value>139</Value>
						</HeartRateBpm>
					</Trackpoint>
					<Trackpoint>
						<Time>2569-06-22T12:36:44Z</Time>
						<HeartRateBpm>
							<Value>138</Value>
						</HeartRateBpm>
					</Trackpoint>
					<Trackpoint>
						<Time>2569-06-22T12:36:45Z</Time>
						<HeartRateBpm>
							<Value>137</Value>
						</HeartRateBpm>
					</Trackpoint>
					<Trackpoint>
						<Time>2569-06-22T12:36:46Z</Time>
						<HeartRateBpm>
							<Value>136</Value>
						</HeartRateBpm>
					</Trackpoint>
					<Trackpoint>
						<Time>2569-06-22T12:36:47Z</Time>
						<HeartRateBpm>
							<Value>136</Value>
						</HeartRateBpm>
					</Trackpoint>
					<Trackpoint>
						<Time>2569-06-22T12:36:48Z</Time>
						<HeartRateBpm>
							<Value>135</Value>
						</HeartRateBpm>
					</Trackpoint>
					<Trackpoint>
						<Time>2569-06-22T12:36:49Z</Time>
						<HeartRateBpm>
							<Value>135</Value>
						</HeartRateBpm>
					</Trackpoint>
					<Trackpoint>
						<Time>2569-06-22T12:36:50Z</Time>
						<HeartRateBpm>
							<Value>135</Value>
						</HeartRateBpm>
					</Trackpoint>
					<Trackpoint>
						<Time>2569-06-22T12:36:51Z</Time>
						<HeartRateBpm>
							<Value>135</Value>
						</HeartRateBpm>
					</Trackpoint>
					<Trackpoint>
						<Time>2569-06-22T12:36:52Z</Time>
						<HeartRateBpm>
							<Value>135</Value>
						</HeartRateBpm>
					</Trackpoint>
					<Trackpoint>
						<Time>2569-06-22T12:36:53Z</Time>
						<HeartRateBpm>
							<Value>134</Value>
						</HeartRateBpm>
					</Trackpoint>
					<Trackpoint>
						<Time>2569-06-22T12:36:54Z</Time>
						<HeartRateBpm>
							<Value>133</Value>
						</HeartRateBpm>
					</Trackpoint>
					<Trackpoint>
						<Time>2569-06-22T12:36:55Z</Time>
						<HeartRateBpm>
							<Value>132</Value>
						</HeartRateBpm>
					</Trackpoint>
					<Trackpoint>
						<Time>2569-06-22T12:36:56Z</Time>
						<HeartRateBpm>
							<Value>131</Value>
						</HeartRateBpm>
					</Trackpoint>
					<Trackpoint>
						<Time>2569-06-22T12:36:57Z</Time>
						<HeartRateBpm>
							<Value>131</Value>
						</HeartRateBpm>
					</Trackpoint>
					<Trackpoint>
						<Time>2569-06-22T12:36:58Z</Time>
						<HeartRateBpm>
							<Value>130</Value>
						</HeartRateBpm>
					</Trackpoint>
					<Trackpoint>
						<Time>2569-06-22T12:36:59Z</Time>
						<HeartRateBpm>
							<Value>129</Value>
						</HeartRateBpm>
					</Trackpoint>
					<Trackpoint>
						<Time>2569-06-22T12:37:00Z</Time>
						<HeartRateBpm>
							<Value>129</Value>
						</HeartRateBpm>
					</Trackpoint>
					<Trackpoint>
						<Time>2569-06-22T12:37:01Z</Time>
						<HeartRateBpm>
							<Value>128</Value>
						</HeartRateBpm>
					</Trackpoint>
					<Trackpoint>
						<Time>2569-06-22T12:37:02Z</Time>
						<HeartRateBpm>
							<Value>128</Value>
						</HeartRateBpm>
					</Trackpoint>
					<Trackpoint>
						<Time>2569-06-22T12:37:03Z</Time>
						<HeartRateBpm>
							<Value>128</Value>
						</HeartRateBpm>
					</Trackpoint>
					<Trackpoint>
						<Time>2569-06-22T12:37:04Z</Time>
						<HeartRateBpm>
							<Value>127</Value>
						</HeartRateBpm>
					</Trackpoint>
					<Trackpoint>
						<Time>2569-06-22T12:37:05Z</Time>
						<HeartRateBpm>
							<Value>127</Value>
						</HeartRateBpm>
					</Trackpoint>
					<Trackpoint>
						<Time>2569-06-22T12:37:06Z</Time>
						<HeartRateBpm>
							<Value>127</Value>
						</HeartRateBpm>
					</Trackpoint>
					<Trackpoint>
						<Time>2569-06-22T12:37:07Z</Time>
						<HeartRateBpm>
							<Value>127</Value>
						</HeartRateBpm>
					</Trackpoint>
					<Trackpoint>
						<Time>2569-06-22T12:37:08Z</Time>
						<HeartRateBpm>
							<Value>127</Value>
						</HeartRateBpm>
					</Trackpoint>
					<Trackpoint>
						<Time>2569-06-22T12:37:09Z</Time>
						<HeartRateBpm>
							<Value>127</Value>
						</HeartRateBpm>
					</Trackpoint>
					<Trackpoint>
						<Time>2569-06-22T12:37:10Z</Time>
						<HeartRateBpm>
							<Value>127</Value>
						</HeartRateBpm>
					</Trackpoint>
					<Trackpoint>
						<Time>2569-06-22T12:37:11Z</Time>
						<HeartRateBpm>
							<Value>126</Value>
						</HeartRateBpm>
					</Trackpoint>
					<Trackpoint>
						<Time>2569-06-22T12:37:12Z</Time>
						<HeartRateBpm>
							<Value>125</Value>
						</HeartRateBpm>
					</Trackpoint>
					<Trackpoint>
						<Time>2569-06-22T12:37:13Z</Time>
						<HeartRateBpm>
							<Value>124</Value>
						</HeartRateBpm>
					</Trackpoint>
					<Trackpoint>
						<Time>2569-06-22T12:37:14Z</Time>
						<HeartRateBpm>
							<Value>124</Value>
						</HeartRateBpm>
					</Trackpoint>
					<Trackpoint>
						<Time>2569-06-22T12:37:15Z</Time>
						<HeartRateBpm>
							<Value>124</Value>
						</HeartRateBpm>
					</Trackpoint>
					<Trackpoint>
						<Time>2569-06-22T12:37:16Z</Time>
						<HeartRateBpm>
							<Value>124</Value>
						</HeartRateBpm>
					</Trackpoint>
					<Trackpoint>
						<Time>2569-06-22T12:37:17Z</Time>
						<HeartRateBpm>
							<Value>124</Value>
						</HeartRateBpm>
					</Trackpoint>
					<Trackpoint>
						<Time>2569-06-22T12:37:19Z</Time>
						<HeartRateBpm>
							<Value>126</Value>
						</HeartRateBpm>
					</Trackpoint>
					<Trackpoint>
						<Time>2569-06-22T12:37:20Z</Time>
						<HeartRateBpm>
							<Value>125</Value>
						</HeartRateBpm>
					</Trackpoint>
					<Trackpoint>
						<Time>2569-06-22T12:37:21Z</Time>
						<HeartRateBpm>
							<Value>125</Value>
						</HeartRateBpm>
					</Trackpoint>
					<Trackpoint>
						<Time>2569-06-22T12:37:22Z</Time>
						<HeartRateBpm>
							<Value>126</Value>
						</HeartRateBpm>
					</Trackpoint>
					<Trackpoint>
						<Time>2569-06-22T12:37:23Z</Time>
						<HeartRateBpm>
							<Value>126</Value>
						</HeartRateBpm>
					</Trackpoint>
					<Trackpoint>
						<Time>2569-06-22T12:37:24Z</Time>
						<HeartRateBpm>
							<Value>126</Value>
						</HeartRateBpm>
					</Trackpoint>
					<Trackpoint>
						<Time>2569-06-22T12:37:25Z</Time>
						<HeartRateBpm>
							<Value>126</Value>
						</HeartRateBpm>
					</Trackpoint>
					<Trackpoint>
						<Time>2569-06-22T12:37:26Z</Time>
						<HeartRateBpm>
							<Value>126</Value>
						</HeartRateBpm>
					</Trackpoint>
					<Trackpoint>
						<Time>2569-06-22T12:37:27Z</Time>
						<HeartRateBpm>
							<Value>120</Value>
						</HeartRateBpm>
					</Trackpoint>
					<Trackpoint>
						<Time>2569-06-22T12:37:28Z</Time>
						<HeartRateBpm>
							<Value>116</Value>
						</HeartRateBpm>
					</Trackpoint>
					<Trackpoint>
						<Time>2569-06-22T12:37:29Z</Time>
						<HeartRateBpm>
							<Value>115</Value>
						</HeartRateBpm>
					</Trackpoint>
					<Trackpoint>
						<Time>2569-06-22T12:37:30Z</Time>
						<HeartRateBpm>
							<Value>115</Value>
						</HeartRateBpm>
					</Trackpoint>
					<Trackpoint>
						<Time>2569-06-22T12:37:31Z</Time>
						<HeartRateBpm>
							<Value>114</Value>
						</HeartRateBpm>
					</Trackpoint>
					<Trackpoint>
						<Time>2569-06-22T12:37:32Z</Time>
						<HeartRateBpm>
							<Value>120</Value>
						</HeartRateBpm>
					</Trackpoint>
					<Trackpoint>
						<Time>2569-06-22T12:37:33Z</Time>
						<HeartRateBpm>
							<Value>122</Value>
						</HeartRateBpm>
					</Trackpoint>
					<Trackpoint>
						<Time>2569-06-22T12:37:34Z</Time>
						<HeartRateBpm>
							<Value>122</Value>
						</HeartRateBpm>
					</Trackpoint>
					<Trackpoint>
						<Time>2569-06-22T12:37:35Z</Time>
						<HeartRateBpm>
							<Value>121</Value>
						</HeartRateBpm>
					</Trackpoint>
					<Trackpoint>
						<Time>2569-06-22T12:37:36Z</Time>
						<HeartRateBpm>
							<Value>123</Value>
						</HeartRateBpm>
					</Trackpoint>
					<Trackpoint>
						<Time>2569-06-22T12:37:37Z</Time>
						<HeartRateBpm>
							<Value>125</Value>
						</HeartRateBpm>
					</Trackpoint>
					<Trackpoint>
						<Time>2569-06-22T12:37:38Z</Time>
						<HeartRateBpm>
							<Value>125</Value>
						</HeartRateBpm>
					</Trackpoint>
					<Trackpoint>
						<Time>2569-06-22T12:37:39Z</Time>
						<HeartRateBpm>
							<Value>126</Value>
						</HeartRateBpm>
					</Trackpoint>
					<Trackpoint>
						<Time>2569-06-22T12:37:40Z</Time>
						<HeartRateBpm>
							<Value>126</Value>
						</HeartRateBpm>
					</Trackpoint>
					<Trackpoint>
						<Time>2569-06-22T12:37:41Z</Time>
						<HeartRateBpm>
							<Value>124</Value>
						</HeartRateBpm>
					</Trackpoint>
					<Trackpoint>
						<Time>2569-06-22T12:37:42Z</Time>
						<HeartRateBpm>
							<Value>123</Value>
						</HeartRateBpm>
					</Trackpoint>
					<Trackpoint>
						<Time>2569-06-22T12:37:43Z</Time>
						<HeartRateBpm>
							<Value>123</Value>
						</HeartRateBpm>
					</Trackpoint>
					<Trackpoint>
						<Time>2569-06-22T12:37:44Z</Time>
						<HeartRateBpm>
							<Value>123</Value>
						</HeartRateBpm>
					</Trackpoint>
					<Trackpoint>
						<Time>2569-06-22T12:37:45Z</Time>
						<HeartRateBpm>
							<Value>122</Value>
						</HeartRateBpm>
					</Trackpoint>
					<Trackpoint>
						<Time>2569-06-22T12:37:46Z</Time>
						<HeartRateBpm>
							<Value>121</Value>
						</HeartRateBpm>
					</Trackpoint>
					<Trackpoint>
						<Time>2569-06-22T12:37:47Z</Time>
						<HeartRateBpm>
							<Value>122</Value>
						</HeartRateBpm>
					</Trackpoint>
					<Trackpoint>
						<Time>2569-06-22T12:37:48Z</Time>
						<HeartRateBpm>
							<Value>122</Value>
						</HeartRateBpm>
					</Trackpoint>
					<Trackpoint>
						<Time>2569-06-22T12:37:49Z</Time>
						<HeartRateBpm>
							<Value>121</Value>
						</HeartRateBpm>
					</Trackpoint>
					<Trackpoint>
						<Time>2569-06-22T12:37:50Z</Time>
						<HeartRateBpm>
							<Value>121</Value>
						</HeartRateBpm>
					</Trackpoint>
					<Trackpoint>
						<Time>2569-06-22T12:37:51Z</Time>
						<HeartRateBpm>
							<Value>122</Value>
						</HeartRateBpm>
					</Trackpoint>
					<Trackpoint>
						<Time>2569-06-22T12:37:52Z</Time>
						<HeartRateBpm>
							<Value>122</Value>
						</HeartRateBpm>
					</Trackpoint>
					<Trackpoint>
						<Time>2569-06-22T12:37:53Z</Time>
						<HeartRateBpm>
							<Value>122</Value>
						</HeartRateBpm>
					</Trackpoint>
					<Trackpoint>
						<Time>2569-06-22T12:37:54Z</Time>
						<HeartRateBpm>
							<Value>121</Value>
						</HeartRateBpm>
					</Trackpoint>
					<Trackpoint>
						<Time>2569-06-22T12:37:55Z</Time>
						<HeartRateBpm>
							<Value>122</Value>
						</HeartRateBpm>
					</Trackpoint>
					<Trackpoint>
						<Time>2569-06-22T12:37:56Z</Time>
						<HeartRateBpm>
							<Value>123</Value>
						</HeartRateBpm>
					</Trackpoint>
					<Trackpoint>
						<Time>2569-06-22T12:37:57Z</Time>
						<HeartRateBpm>
							<Value>124</Value>
						</HeartRateBpm>
					</Trackpoint>
					<Trackpoint>
						<Time>2569-06-22T12:37:58Z</Time>
						<HeartRateBpm>
							<Value>124</Value>
						</HeartRateBpm>
					</Trackpoint>
					<Trackpoint>
						<Time>2569-06-22T12:37:59Z</Time>
						<HeartRateBpm>
							<Value>125</Value>
						</HeartRateBpm>
					</Trackpoint>
					<Trackpoint>
						<Time>2569-06-22T12:38:00Z</Time>
						<HeartRateBpm>
							<Value>126</Value>
						</HeartRateBpm>
					</Trackpoint>
					<Trackpoint>
						<Time>2569-06-22T12:38:01Z</Time>
						<HeartRateBpm>
							<Value>127</Value>
						</HeartRateBpm>
					</Trackpoint>
					<Trackpoint>
						<Time>2569-06-22T12:38:02Z</Time>
						<HeartRateBpm>
							<Value>127</Value>
						</HeartRateBpm>
					</Trackpoint>
					<Trackpoint>
						<Time>2569-06-22T12:38:03Z</Time>
						<HeartRateBpm>
							<Value>128</Value>
						</HeartRateBpm>
					</Trackpoint>
					<Trackpoint>
						<Time>2569-06-22T12:38:04Z</Time>
						<HeartRateBpm>
							<Value>129</Value>
						</HeartRateBpm>
					</Trackpoint>
					<Trackpoint>
						<Time>2569-06-22T12:38:05Z</Time>
						<HeartRateBpm>
							<Value>130</Value>
						</HeartRateBpm>
					</Trackpoint>
					<Trackpoint>
						<Time>2569-06-22T12:38:06Z</Time>
						<HeartRateBpm>
							<Value>130</Value>
						</HeartRateBpm>
					</Trackpoint>
					<Trackpoint>
						<Time>2569-06-22T12:38:07Z</Time>
						<HeartRateBpm>
							<Value>131</Value>
						</HeartRateBpm>
					</Trackpoint>
					<Trackpoint>
						<Time>2569-06-22T12:38:08Z</Time>
						<HeartRateBpm>
							<Value>132</Value>
						</HeartRateBpm>
					</Trackpoint>
					<Trackpoint>
						<Time>2569-06-22T12:38:09Z</Time>
						<HeartRateBpm>
							<Value>134</Value>
						</HeartRateBpm>
					</Trackpoint>
					<Trackpoint>
						<Time>2569-06-22T12:38:10Z</Time>
						<HeartRateBpm>
							<Value>136</Value>
						</HeartRateBpm>
					</Trackpoint>
					<Trackpoint>
						<Time>2569-06-22T12:38:11Z</Time>
						<HeartRateBpm>
							<Value>136</Value>
						</HeartRateBpm>
					</Trackpoint>
					<Trackpoint>
						<Time>2569-06-22T12:38:12Z</Time>
						<HeartRateBpm>
							<Value>136</Value>
						</HeartRateBpm>
					</Trackpoint>
					<Trackpoint>
						<Time>2569-06-22T12:38:13Z</Time>
						<HeartRateBpm>
							<Value>136</Value>
						</HeartRateBpm>
					</Trackpoint>
					<Trackpoint>
						<Time>2569-06-22T12:38:14Z</Time>
						<HeartRateBpm>
							<Value>136</Value>
						</HeartRateBpm>
					</Trackpoint>
					<Trackpoint>
						<Time>2569-06-22T12:38:15Z</Time>
						<HeartRateBpm>
							<Value>135</Value>
						</HeartRateBpm>
					</Trackpoint>
					<Trackpoint>
						<Time>2569-06-22T12:38:16Z</Time>
						<HeartRateBpm>
							<Value>135</Value>
						</HeartRateBpm>
					</Trackpoint>
					<Trackpoint>
						<Time>2569-06-22T12:38:17Z</Time>
						<HeartRateBpm>
							<Value>135</Value>
						</HeartRateBpm>
					</Trackpoint>
					<Trackpoint>
						<Time>2569-06-22T12:38:18Z</Time>
						<HeartRateBpm>
							<Value>135</Value>
						</HeartRateBpm>
					</Trackpoint>
					<Trackpoint>
						<Time>2569-06-22T12:38:19Z</Time>
						<HeartRateBpm>
							<Value>135</Value>
						</HeartRateBpm>
					</Trackpoint>
					<Trackpoint>
						<Time>2569-06-22T12:38:20Z</Time>
						<HeartRateBpm>
							<Value>137</Value>
						</HeartRateBpm>
					</Trackpoint>
					<Trackpoint>
						<Time>2569-06-22T12:38:21Z</Time>
						<HeartRateBpm>
							<Value>138</Value>
						</HeartRateBpm>
					</Trackpoint>
					<Trackpoint>
						<Time>2569-06-22T12:38:22Z</Time>
						<HeartRateBpm>
							<Value>140</Value>
						</HeartRateBpm>
					</Trackpoint>
					<Trackpoint>
						<Time>2569-06-22T12:38:23Z</Time>
						<HeartRateBpm>
							<Value>141</Value>
						</HeartRateBpm>
					</Trackpoint>
					<Trackpoint>
						<Time>2569-06-22T12:38:24Z</Time>
						<HeartRateBpm>
							<Value>142</Value>
						</HeartRateBpm>
					</Trackpoint>
					<Trackpoint>
						<Time>2569-06-22T12:38:25Z</Time>
						<HeartRateBpm>
							<Value>144</Value>
						</HeartRateBpm>
					</Trackpoint>
					<Trackpoint>
						<Time>2569-06-22T12:38:26Z</Time>
						<HeartRateBpm>
							<Value>146</Value>
						</HeartRateBpm>
					</Trackpoint>
					<Trackpoint>
						<Time>2569-06-22T12:38:27Z</Time>
						<HeartRateBpm>
							<Value>146</Value>
						</HeartRateBpm>
					</Trackpoint>
					<Trackpoint>
						<Time>2569-06-22T12:38:28Z</Time>
						<HeartRateBpm>
							<Value>147</Value>
						</HeartRateBpm>
					</Trackpoint>
					<Trackpoint>
						<Time>2569-06-22T12:38:29Z</Time>
						<HeartRateBpm>
							<Value>147</Value>
						</HeartRateBpm>
					</Trackpoint>
					<Trackpoint>
						<Time>2569-06-22T12:38:30Z</Time>
						<HeartRateBpm>
							<Value>147</Value>
						</HeartRateBpm>
					</Trackpoint>
					<Trackpoint>
						<Time>2569-06-22T12:38:31Z</Time>
						<HeartRateBpm>
							<Value>147</Value>
						</HeartRateBpm>
					</Trackpoint>
					<Trackpoint>
						<Time>2569-06-22T12:38:32Z</Time>
						<HeartRateBpm>
							<Value>148</Value>
						</HeartRateBpm>
					</Trackpoint>
					<Trackpoint>
						<Time>2569-06-22T12:38:33Z</Time>
						<HeartRateBpm>
							<Value>150</Value>
						</HeartRateBpm>
					</Trackpoint>
					<Trackpoint>
						<Time>2569-06-22T12:38:34Z</Time>
						<HeartRateBpm>
							<Value>151</Value>
						</HeartRateBpm>
					</Trackpoint>
					<Trackpoint>
						<Time>2569-06-22T12:38:35Z</Time>
						<HeartRateBpm>
							<Value>150</Value>
						</HeartRateBpm>
					</Trackpoint>
					<Trackpoint>
						<Time>2569-06-22T12:38:36Z</Time>
						<HeartRateBpm>
							<Value>150</Value>
						</HeartRateBpm>
					</Trackpoint>
					<Trackpoint>
						<Time>2569-06-22T12:38:37Z</Time>
						<HeartRateBpm>
							<Value>149</Value>
						</HeartRateBpm>
					</Trackpoint>
					<Trackpoint>
						<Time>2569-06-22T12:38:38Z</Time>
						<HeartRateBpm>
							<Value>145</Value>
						</HeartRateBpm>
					</Trackpoint>
					<Trackpoint>
						<Time>2569-06-22T12:38:39Z</Time>
						<HeartRateBpm>
							<Value>144</Value>
						</HeartRateBpm>
					</Trackpoint>
					<Trackpoint>
						<Time>2569-06-22T12:38:40Z</Time>
						<HeartRateBpm>
							<Value>144</Value>
						</HeartRateBpm>
					</Trackpoint>
					<Trackpoint>
						<Time>2569-06-22T12:38:41Z</Time>
						<HeartRateBpm>
							<Value>144</Value>
						</HeartRateBpm>
					</Trackpoint>
					<Trackpoint>
						<Time>2569-06-22T12:38:42Z</Time>
						<HeartRateBpm>
							<Value>145</Value>
						</HeartRateBpm>
					</Trackpoint>
					<Trackpoint>
						<Time>2569-06-22T12:38:43Z</Time>
						<HeartRateBpm>
							<Value>144</Value>
						</HeartRateBpm>
					</Trackpoint>
					<Trackpoint>
						<Time>2569-06-22T12:38:44Z</Time>
						<HeartRateBpm>
							<Value>144</Value>
						</HeartRateBpm>
					</Trackpoint>
					<Trackpoint>
						<Time>2569-06-22T12:38:45Z</Time>
						<HeartRateBpm>
							<Value>142</Value>
						</HeartRateBpm>
					</Trackpoint>
					<Trackpoint>
						<Time>2569-06-22T12:38:46Z</Time>
						<HeartRateBpm>
							<Value>140</Value>
						</HeartRateBpm>
					</Trackpoint>
					<Trackpoint>
						<Time>2569-06-22T12:38:47Z</Time>
						<HeartRateBpm>
							<Value>140</Value>
						</HeartRateBpm>
					</Trackpoint>
					<Trackpoint>
						<Time>2569-06-22T12:38:48Z</Time>
						<HeartRateBpm>
							<Value>142</Value>
						</HeartRateBpm>
					</Trackpoint>
					<Trackpoint>
						<Time>2569-06-22T12:38:49Z</Time>
						<HeartRateBpm>
							<Value>144</Value>
						</HeartRateBpm>
					</Trackpoint>
					<Trackpoint>
						<Time>2569-06-22T12:38:50Z</Time>
						<HeartRateBpm>
							<Value>145</Value>
						</HeartRateBpm>
					</Trackpoint>
					<Trackpoint>
						<Time>2569-06-22T12:38:51Z</Time>
						<HeartRateBpm>
							<Value>145</Value>
						</HeartRateBpm>
					</Trackpoint>
					<Trackpoint>
						<Time>2569-06-22T12:38:52Z</Time>
						<HeartRateBpm>
							<Value>146</Value>
						</HeartRateBpm>
					</Trackpoint>
					<Trackpoint>
						<Time>2569-06-22T12:38:53Z</Time>
						<HeartRateBpm>
							<Value>146</Value>
						</HeartRateBpm>
					</Trackpoint>
					<Trackpoint>
						<Time>2569-06-22T12:38:54Z</Time>
						<HeartRateBpm>
							<Value>145</Value>
						</HeartRateBpm>
					</Trackpoint>
					<Trackpoint>
						<Time>2569-06-22T12:38:55Z</Time>
						<HeartRateBpm>
							<Value>146</Value>
						</HeartRateBpm>
					</Trackpoint>
					<Trackpoint>
						<Time>2569-06-22T12:38:56Z</Time>
						<HeartRateBpm>
							<Value>146</Value>
						</HeartRateBpm>
					</Trackpoint>
					<Trackpoint>
						<Time>2569-06-22T12:38:57Z</Time>
						<HeartRateBpm>
							<Value>146</Value>
						</HeartRateBpm>
					</Trackpoint>
					<Trackpoint>
						<Time>2569-06-22T12:38:58Z</Time>
						<HeartRateBpm>
							<Value>145</Value>
						</HeartRateBpm>
					</Trackpoint>
					<Trackpoint>
						<Time>2569-06-22T12:38:59Z</Time>
						<HeartRateBpm>
							<Value>145</Value>
						</HeartRateBpm>
					</Trackpoint>
					<Trackpoint>
						<Time>2569-06-22T12:39:00Z</Time>
						<HeartRateBpm>
							<Value>145</Value>
						</HeartRateBpm>
					</Trackpoint>
					<Trackpoint>
						<Time>2569-06-22T12:39:01Z</Time>
						<HeartRateBpm>
							<Value>145</Value>
						</HeartRateBpm>
					</Trackpoint>
					<Trackpoint>
						<Time>2569-06-22T12:39:02Z</Time>
						<HeartRateBpm>
							<Value>145</Value>
						</HeartRateBpm>
					</Trackpoint>
					<Trackpoint>
						<Time>2569-06-22T12:39:03Z</Time>
						<HeartRateBpm>
							<Value>144</Value>
						</HeartRateBpm>
					</Trackpoint>
					<Trackpoint>
						<Time>2569-06-22T12:39:04Z</Time>
						<HeartRateBpm>
							<Value>144</Value>
						</HeartRateBpm>
					</Trackpoint>
					<Trackpoint>
						<Time>2569-06-22T12:39:05Z</Time>
						<HeartRateBpm>
							<Value>144</Value>
						</HeartRateBpm>
					</Trackpoint>
					<Trackpoint>
						<Time>2569-06-22T12:39:06Z</Time>
						<HeartRateBpm>
							<Value>144</Value>
						</HeartRateBpm>
					</Trackpoint>
					<Trackpoint>
						<Time>2569-06-22T12:39:07Z</Time>
						<HeartRateBpm>
							<Value>144</Value>
						</HeartRateBpm>
					</Trackpoint>
					<Trackpoint>
						<Time>2569-06-22T12:39:08Z</Time>
						<HeartRateBpm>
							<Value>144</Value>
						</HeartRateBpm>
					</Trackpoint>
					<Trackpoint>
						<Time>2569-06-22T12:39:09Z</Time>
						<HeartRateBpm>
							<Value>143</Value>
						</HeartRateBpm>
					</Trackpoint>
					<Trackpoint>
						<Time>2569-06-22T12:39:10Z</Time>
						<HeartRateBpm>
							<Value>142</Value>
						</HeartRateBpm>
					</Trackpoint>
					<Trackpoint>
						<Time>2569-06-22T12:39:11Z</Time>
						<HeartRateBpm>
							<Value>143</Value>
						</HeartRateBpm>
					</Trackpoint>
					<Trackpoint>
						<Time>2569-06-22T12:39:12Z</Time>
						<HeartRateBpm>
							<Value>143</Value>
						</HeartRateBpm>
					</Trackpoint>
					<Trackpoint>
						<Time>2569-06-22T12:39:13Z</Time>
						<HeartRateBpm>
							<Value>143</Value>
						</HeartRateBpm>
					</Trackpoint>
					<Trackpoint>
						<Time>2569-06-22T12:39:14Z</Time>
						<HeartRateBpm>
							<Value>143</Value>
						</HeartRateBpm>
					</Trackpoint>
					<Trackpoint>
						<Time>2569-06-22T12:39:15Z</Time>
						<HeartRateBpm>
							<Value>143</Value>
						</HeartRateBpm>
					</Trackpoint>
					<Trackpoint>
						<Time>2569-06-22T12:39:16Z</Time>
						<HeartRateBpm>
							<Value>143</Value>
						</HeartRateBpm>
					</Trackpoint>
					<Trackpoint>
						<Time>2569-06-22T12:39:17Z</Time>
						<HeartRateBpm>
							<Value>142</Value>
						</HeartRateBpm>
					</Trackpoint>
					<Trackpoint>
						<Time>2569-06-22T12:39:18Z</Time>
						<HeartRateBpm>
							<Value>140</Value>
						</HeartRateBpm>
					</Trackpoint>
					<Trackpoint>
						<Time>2569-06-22T12:39:19Z</Time>
						<HeartRateBpm>
							<Value>140</Value>
						</HeartRateBpm>
					</Trackpoint>
					<Trackpoint>
						<Time>2569-06-22T12:39:20Z</Time>
						<HeartRateBpm>
							<Value>138</Value>
						</HeartRateBpm>
					</Trackpoint>
					<Trackpoint>
						<Time>2569-06-22T12:39:21Z</Time>
						<HeartRateBpm>
							<Value>138</Value>
						</HeartRateBpm>
					</Trackpoint>
					<Trackpoint>
						<Time>2569-06-22T12:39:22Z</Time>
						<HeartRateBpm>
							<Value>138</Value>
						</HeartRateBpm>
					</Trackpoint>
					<Trackpoint>
						<Time>2569-06-22T12:39:23Z</Time>
						<HeartRateBpm>
							<Value>137</Value>
						</HeartRateBpm>
					</Trackpoint>
					<Trackpoint>
						<Time>2569-06-22T12:39:24Z</Time>
						<HeartRateBpm>
							<Value>136</Value>
						</HeartRateBpm>
					</Trackpoint>
					<Trackpoint>
						<Time>2569-06-22T12:39:25Z</Time>
						<HeartRateBpm>
							<Value>135</Value>
						</HeartRateBpm>
					</Trackpoint>
					<Trackpoint>
						<Time>2569-06-22T12:39:26Z</Time>
						<HeartRateBpm>
							<Value>133</Value>
						</HeartRateBpm>
					</Trackpoint>
					<Trackpoint>
						<Time>2569-06-22T12:39:27Z</Time>
						<HeartRateBpm>
							<Value>133</Value>
						</HeartRateBpm>
					</Trackpoint>
					<Trackpoint>
						<Time>2569-06-22T12:39:28Z</Time>
						<HeartRateBpm>
							<Value>132</Value>
						</HeartRateBpm>
					</Trackpoint>
					<Trackpoint>
						<Time>2569-06-22T12:39:29Z</Time>
						<HeartRateBpm>
							<Value>132</Value>
						</HeartRateBpm>
					</Trackpoint>
					<Trackpoint>
						<Time>2569-06-22T12:39:30Z</Time>
						<HeartRateBpm>
							<Value>132</Value>
						</HeartRateBpm>
					</Trackpoint>
					<Trackpoint>
						<Time>2569-06-22T12:39:31Z</Time>
						<HeartRateBpm>
							<Value>132</Value>
						</HeartRateBpm>
					</Trackpoint>
					<Trackpoint>
						<Time>2569-06-22T12:39:32Z</Time>
						<HeartRateBpm>
							<Value>132</Value>
						</HeartRateBpm>
					</Trackpoint>
					<Trackpoint>
						<Time>2569-06-22T12:39:33Z</Time>
						<HeartRateBpm>
							<Value>132</Value>
						</HeartRateBpm>
					</Trackpoint>
					<Trackpoint>
						<Time>2569-06-22T12:39:34Z</Time>
						<HeartRateBpm>
							<Value>131</Value>
						</HeartRateBpm>
					</Trackpoint>
					<Trackpoint>
						<Time>2569-06-22T12:39:35Z</Time>
						<HeartRateBpm>
							<Value>131</Value>
						</HeartRateBpm>
					</Trackpoint>
					<Trackpoint>
						<Time>2569-06-22T12:39:36Z</Time>
						<HeartRateBpm>
							<Value>131</Value>
						</HeartRateBpm>
					</Trackpoint>
					<Trackpoint>
						<Time>2569-06-22T12:39:37Z</Time>
						<HeartRateBpm>
							<Value>128</Value>
						</HeartRateBpm>
					</Trackpoint>
					<Trackpoint>
						<Time>2569-06-22T12:39:38Z</Time>
						<HeartRateBpm>
							<Value>128</Value>
						</HeartRateBpm>
					</Trackpoint>
					<Trackpoint>
						<Time>2569-06-22T12:39:39Z</Time>
						<HeartRateBpm>
							<Value>128</Value>
						</HeartRateBpm>
					</Trackpoint>
					<Trackpoint>
						<Time>2569-06-22T12:39:40Z</Time>
						<HeartRateBpm>
							<Value>125</Value>
						</HeartRateBpm>
					</Trackpoint>
					<Trackpoint>
						<Time>2569-06-22T12:39:41Z</Time>
						<HeartRateBpm>
							<Value>123</Value>
						</HeartRateBpm>
					</Trackpoint>
					<Trackpoint>
						<Time>2569-06-22T12:39:42Z</Time>
						<HeartRateBpm>
							<Value>123</Value>
						</HeartRateBpm>
					</Trackpoint>
					<Trackpoint>
						<Time>2569-06-22T12:39:43Z</Time>
						<HeartRateBpm>
							<Value>124</Value>
						</HeartRateBpm>
					</Trackpoint>
					<Trackpoint>
						<Time>2569-06-22T12:39:44Z</Time>
						<HeartRateBpm>
							<Value>124</Value>
						</HeartRateBpm>
					</Trackpoint>
					<Trackpoint>
						<Time>2569-06-22T12:39:45Z</Time>
						<HeartRateBpm>
							<Value>121</Value>
						</HeartRateBpm>
					</Trackpoint>
					<Trackpoint>
						<Time>2569-06-22T12:39:46Z</Time>
						<HeartRateBpm>
							<Value>120</Value>
						</HeartRateBpm>
					</Trackpoint>
					<Trackpoint>
						<Time>2569-06-22T12:39:47Z</Time>
						<HeartRateBpm>
							<Value>119</Value>
						</HeartRateBpm>
					</Trackpoint>
					<Trackpoint>
						<Time>2569-06-22T12:39:48Z</Time>
						<HeartRateBpm>
							<Value>118</Value>
						</HeartRateBpm>
					</Trackpoint>
					<Trackpoint>
						<Time>2569-06-22T12:39:49Z</Time>
						<HeartRateBpm>
							<Value>121</Value>
						</HeartRateBpm>
					</Trackpoint>
					<Trackpoint>
						<Time>2569-06-22T12:39:50Z</Time>
						<HeartRateBpm>
							<Value>117</Value>
						</HeartRateBpm>
					</Trackpoint>
					<Trackpoint>
						<Time>2569-06-22T12:39:51Z</Time>
						<HeartRateBpm>
							<Value>115</Value>
						</HeartRateBpm>
					</Trackpoint>
					<Trackpoint>
						<Time>2569-06-22T12:39:52Z</Time>
						<HeartRateBpm>
							<Value>115</Value>
						</HeartRateBpm>
					</Trackpoint>
					<Trackpoint>
						<Time>2569-06-22T12:39:53Z</Time>
						<HeartRateBpm>
							<Value>116</Value>
						</HeartRateBpm>
					</Trackpoint>
					<Trackpoint>
						<Time>2569-06-22T12:39:54Z</Time>
						<HeartRateBpm>
							<Value>118</Value>
						</HeartRateBpm>
					</Trackpoint>
					<Trackpoint>
						<Time>2569-06-22T12:39:55Z</Time>
						<HeartRateBpm>
							<Value>118</Value>
						</HeartRateBpm>
					</Trackpoint>
					<Trackpoint>
						<Time>2569-06-22T12:39:56Z</Time>
						<HeartRateBpm>
							<Value>117</Value>
						</HeartRateBpm>
					</Trackpoint>
					<Trackpoint>
						<Time>2569-06-22T12:39:57Z</Time>
						<HeartRateBpm>
							<Value>116</Value>
						</HeartRateBpm>
					</Trackpoint>
					<Trackpoint>
						<Time>2569-06-22T12:39:58Z</Time>
						<HeartRateBpm>
							<Value>116</Value>
						</HeartRateBpm>
					</Trackpoint>
					<Trackpoint>
						<Time>2569-06-22T12:39:59Z</Time>
						<HeartRateBpm>
							<Value>114</Value>
						</HeartRateBpm>
					</Trackpoint>
					<Trackpoint>
						<Time>2569-06-22T12:40:00Z</Time>
						<HeartRateBpm>
							<Value>115</Value>
						</HeartRateBpm>
					</Trackpoint>
					<Trackpoint>
						<Time>2569-06-22T12:40:01Z</Time>
						<HeartRateBpm>
							<Value>114</Value>
						</HeartRateBpm>
					</Trackpoint>
					<Trackpoint>
						<Time>2569-06-22T12:40:02Z</Time>
						<HeartRateBpm>
							<Value>113</Value>
						</HeartRateBpm>
					</Trackpoint>
					<Trackpoint>
						<Time>2569-06-22T12:40:03Z</Time>
						<HeartRateBpm>
							<Value>114</Value>
						</HeartRateBpm>
					</Trackpoint>
					<Trackpoint>
						<Time>2569-06-22T12:40:04Z</Time>
						<HeartRateBpm>
							<Value>113</Value>
						</HeartRateBpm>
					</Trackpoint>
					<Trackpoint>
						<Time>2569-06-22T12:40:05Z</Time>
						<HeartRateBpm>
							<Value>112</Value>
						</HeartRateBpm>
					</Trackpoint>
					<Trackpoint>
						<Time>2569-06-22T12:40:06Z</Time>
						<HeartRateBpm>
							<Value>114</Value>
						</HeartRateBpm>
					</Trackpoint>
					<Trackpoint>
						<Time>2569-06-22T12:40:07Z</Time>
						<HeartRateBpm>
							<Value>114</Value>
						</HeartRateBpm>
					</Trackpoint>
					<Trackpoint>
						<Time>2569-06-22T12:40:08Z</Time>
						<HeartRateBpm>
							<Value>113</Value>
						</HeartRateBpm>
					</Trackpoint>
					<Trackpoint>
						<Time>2569-06-22T12:40:09Z</Time>
						<HeartRateBpm>
							<Value>116</Value>
						</HeartRateBpm>
					</Trackpoint>
					<Trackpoint>
						<Time>2569-06-22T12:40:10Z</Time>
						<HeartRateBpm>
							<Value>120</Value>
						</HeartRateBpm>
					</Trackpoint>
					<Trackpoint>
						<Time>2569-06-22T12:40:11Z</Time>
						<HeartRateBpm>
							<Value>119</Value>
						</HeartRateBpm>
					</Trackpoint>
					<Trackpoint>
						<Time>2569-06-22T12:40:12Z</Time>
						<HeartRateBpm>
							<Value>118</Value>
						</HeartRateBpm>
					</Trackpoint>
					<Trackpoint>
						<Time>2569-06-22T12:40:13Z</Time>
						<HeartRateBpm>
							<Value>117</Value>
						</HeartRateBpm>
					</Trackpoint>
					<Trackpoint>
						<Time>2569-06-22T12:40:14Z</Time>
						<HeartRateBpm>
							<Value>119</Value>
						</HeartRateBpm>
					</Trackpoint>
					<Trackpoint>
						<Time>2569-06-22T12:40:15Z</Time>
						<HeartRateBpm>
							<Value>121</Value>
						</HeartRateBpm>
					</Trackpoint>
					<Trackpoint>
						<Time>2569-06-22T12:40:16Z</Time>
						<HeartRateBpm>
							<Value>123</Value>
						</HeartRateBpm>
					</Trackpoint>
					<Trackpoint>
						<Time>2569-06-22T12:40:17Z</Time>
						<HeartRateBpm>
							<Value>124</Value>
						</HeartRateBpm>
					</Trackpoint>
					<Trackpoint>
						<Time>2569-06-22T12:40:18Z</Time>
						<HeartRateBpm>
							<Value>125</Value>
						</HeartRateBpm>
					</Trackpoint>
					<Trackpoint>
						<Time>2569-06-22T12:40:19Z</Time>
						<HeartRateBpm>
							<Value>127</Value>
						</HeartRateBpm>
					</Trackpoint>
					<Trackpoint>
						<Time>2569-06-22T12:40:20Z</Time>
						<HeartRateBpm>
							<Value>129</Value>
						</HeartRateBpm>
					</Trackpoint>
					<Trackpoint>
						<Time>2569-06-22T12:40:21Z</Time>
						<HeartRateBpm>
							<Value>130</Value>
						</HeartRateBpm>
					</Trackpoint>
					<Trackpoint>
						<Time>2569-06-22T12:40:22Z</Time>
						<HeartRateBpm>
							<Value>130</Value>
						</HeartRateBpm>
					</Trackpoint>
					<Trackpoint>
						<Time>2569-06-22T12:40:23Z</Time>
						<HeartRateBpm>
							<Value>131</Value>
						</HeartRateBpm>
					</Trackpoint>
					<Trackpoint>
						<Time>2569-06-22T12:40:24Z</Time>
						<HeartRateBpm>
							<Value>133</Value>
						</HeartRateBpm>
					</Trackpoint>
					<Trackpoint>
						<Time>2569-06-22T12:40:25Z</Time>
						<HeartRateBpm>
							<Value>135</Value>
						</HeartRateBpm>
					</Trackpoint>
					<Trackpoint>
						<Time>2569-06-22T12:40:26Z</Time>
						<HeartRateBpm>
							<Value>134</Value>
						</HeartRateBpm>
					</Trackpoint>
					<Trackpoint>
						<Time>2569-06-22T12:40:27Z</Time>
						<HeartRateBpm>
							<Value>135</Value>
						</HeartRateBpm>
					</Trackpoint>
					<Trackpoint>
						<Time>2569-06-22T12:40:28Z</Time>
						<HeartRateBpm>
							<Value>137</Value>
						</HeartRateBpm>
					</Trackpoint>
					<Trackpoint>
						<Time>2569-06-22T12:40:29Z</Time>
						<HeartRateBpm>
							<Value>138</Value>
						</HeartRateBpm>
					</Trackpoint>
					<Trackpoint>
						<Time>2569-06-22T12:40:30Z</Time>
						<HeartRateBpm>
							<Value>138</Value>
						</HeartRateBpm>
					</Trackpoint>
					<Trackpoint>
						<Time>2569-06-22T12:40:31Z</Time>
						<HeartRateBpm>
							<Value>140</Value>
						</HeartRateBpm>
					</Trackpoint>
					<Trackpoint>
						<Time>2569-06-22T12:40:32Z</Time>
						<HeartRateBpm>
							<Value>140</Value>
						</HeartRateBpm>
					</Trackpoint>
					<Trackpoint>
						<Time>2569-06-22T12:40:33Z</Time>
						<HeartRateBpm>
							<Value>141</Value>
						</HeartRateBpm>
					</Trackpoint>
					<Trackpoint>
						<Time>2569-06-22T12:40:34Z</Time>
						<HeartRateBpm>
							<Value>140</Value>
						</HeartRateBpm>
					</Trackpoint>
					<Trackpoint>
						<Time>2569-06-22T12:40:35Z</Time>
						<HeartRateBpm>
							<Value>139</Value>
						</HeartRateBpm>
					</Trackpoint>
					<Trackpoint>
						<Time>2569-06-22T12:40:37Z</Time>
						<HeartRateBpm>
							<Value>140</Value>
						</HeartRateBpm>
					</Trackpoint>
					<Trackpoint>
						<Time>2569-06-22T12:40:37Z</Time>
						<HeartRateBpm>
							<Value>140</Value>
						</HeartRateBpm>
					</Trackpoint>
					<Trackpoint>
						<Time>2569-06-22T12:40:38Z</Time>
						<HeartRateBpm>
							<Value>140</Value>
						</HeartRateBpm>
					</Trackpoint>
					<Trackpoint>
						<Time>2569-06-22T12:40:39Z</Time>
						<HeartRateBpm>
							<Value>142</Value>
						</HeartRateBpm>
					</Trackpoint>
					<Trackpoint>
						<Time>2569-06-22T12:40:41Z</Time>
						<HeartRateBpm>
							<Value>141</Value>
						</HeartRateBpm>
					</Trackpoint>
					<Trackpoint>
						<Time>2569-06-22T12:40:42Z</Time>
						<HeartRateBpm>
							<Value>142</Value>
						</HeartRateBpm>
					</Trackpoint>
					<Trackpoint>
						<Time>2569-06-22T12:40:43Z</Time>
						<HeartRateBpm>
							<Value>143</Value>
						</HeartRateBpm>
					</Trackpoint>
					<Trackpoint>
						<Time>2569-06-22T12:40:44Z</Time>
						<HeartRateBpm>
							<Value>144</Value>
						</HeartRateBpm>
					</Trackpoint>
					<Trackpoint>
						<Time>2569-06-22T12:40:45Z</Time>
						<HeartRateBpm>
							<Value>145</Value>
						</HeartRateBpm>
					</Trackpoint>
					<Trackpoint>
						<Time>2569-06-22T12:40:46Z</Time>
						<HeartRateBpm>
							<Value>146</Value>
						</HeartRateBpm>
					</Trackpoint>
					<Trackpoint>
						<Time>2569-06-22T12:40:47Z</Time>
						<HeartRateBpm>
							<Value>145</Value>
						</HeartRateBpm>
					</Trackpoint>
					<Trackpoint>
						<Time>2569-06-22T12:40:48Z</Time>
						<HeartRateBpm>
							<Value>145</Value>
						</HeartRateBpm>
					</Trackpoint>
					<Trackpoint>
						<Time>2569-06-22T12:40:49Z</Time>
						<HeartRateBpm>
							<Value>145</Value>
						</HeartRateBpm>
					</Trackpoint>
					<Trackpoint>
						<Time>2569-06-22T12:40:50Z</Time>
						<HeartRateBpm>
							<Value>147</Value>
						</HeartRateBpm>
					</Trackpoint>
					<Trackpoint>
						<Time>2569-06-22T12:40:51Z</Time>
						<HeartRateBpm>
							<Value>147</Value>
						</HeartRateBpm>
					</Trackpoint>
					<Trackpoint>
						<Time>2569-06-22T12:40:52Z</Time>
						<HeartRateBpm>
							<Value>146</Value>
						</HeartRateBpm>
					</Trackpoint>
					<Trackpoint>
						<Time>2569-06-22T12:40:53Z</Time>
						<HeartRateBpm>
							<Value>145</Value>
						</HeartRateBpm>
					</Trackpoint>
					<Trackpoint>
						<Time>2569-06-22T12:40:54Z</Time>
						<HeartRateBpm>
							<Value>146</Value>
						</HeartRateBpm>
					</Trackpoint>
					<Trackpoint>
						<Time>2569-06-22T12:40:55Z</Time>
						<HeartRateBpm>
							<Value>145</Value>
						</HeartRateBpm>
					</Trackpoint>
					<Trackpoint>
						<Time>2569-06-22T12:40:56Z</Time>
						<HeartRateBpm>
							<Value>145</Value>
						</HeartRateBpm>
					</Trackpoint>
					<Trackpoint>
						<Time>2569-06-22T12:40:57Z</Time>
						<HeartRateBpm>
							<Value>146</Value>
						</HeartRateBpm>
					</Trackpoint>
					<Trackpoint>
						<Time>2569-06-22T12:40:58Z</Time>
						<HeartRateBpm>
							<Value>146</Value>
						</HeartRateBpm>
					</Trackpoint>
					<Trackpoint>
						<Time>2569-06-22T12:40:59Z</Time>
						<HeartRateBpm>
							<Value>147</Value>
						</HeartRateBpm>
					</Trackpoint>
					<Trackpoint>
						<Time>2569-06-22T12:41:00Z</Time>
						<HeartRateBpm>
							<Value>147</Value>
						</HeartRateBpm>
					</Trackpoint>
					<Trackpoint>
						<Time>2569-06-22T12:41:01Z</Time>
						<HeartRateBpm>
							<Value>147</Value>
						</HeartRateBpm>
					</Trackpoint>
					<Trackpoint>
						<Time>2569-06-22T12:41:02Z</Time>
						<HeartRateBpm>
							<Value>147</Value>
						</HeartRateBpm>
					</Trackpoint>
					<Trackpoint>
						<Time>2569-06-22T12:41:03Z</Time>
						<HeartRateBpm>
							<Value>147</Value>
						</HeartRateBpm>
					</Trackpoint>
					<Trackpoint>
						<Time>2569-06-22T12:41:04Z</Time>
						<HeartRateBpm>
							<Value>148</Value>
						</HeartRateBpm>
					</Trackpoint>
					<Trackpoint>
						<Time>2569-06-22T12:41:05Z</Time>
						<HeartRateBpm>
							<Value>147</Value>
						</HeartRateBpm>
					</Trackpoint>
					<Trackpoint>
						<Time>2569-06-22T12:41:06Z</Time>
						<HeartRateBpm>
							<Value>147</Value>
						</HeartRateBpm>
					</Trackpoint>
					<Trackpoint>
						<Time>2569-06-22T12:41:07Z</Time>
						<HeartRateBpm>
							<Value>147</Value>
						</HeartRateBpm>
					</Trackpoint>
					<Trackpoint>
						<Time>2569-06-22T12:41:08Z</Time>
						<HeartRateBpm>
							<Value>149</Value>
						</HeartRateBpm>
					</Trackpoint>
					<Trackpoint>
						<Time>2569-06-22T12:41:09Z</Time>
						<HeartRateBpm>
							<Value>149</Value>
						</HeartRateBpm>
					</Trackpoint>
					<Trackpoint>
						<Time>2569-06-22T12:41:10Z</Time>
						<HeartRateBpm>
							<Value>149</Value>
						</HeartRateBpm>
					</Trackpoint>
					<Trackpoint>
						<Time>2569-06-22T12:41:11Z</Time>
						<HeartRateBpm>
							<Value>148</Value>
						</HeartRateBpm>
					</Trackpoint>
					<Trackpoint>
						<Time>2569-06-22T12:41:12Z</Time>
						<HeartRateBpm>
							<Value>148</Value>
						</HeartRateBpm>
					</Trackpoint>
					<Trackpoint>
						<Time>2569-06-22T12:41:13Z</Time>
						<HeartRateBpm>
							<Value>147</Value>
						</HeartRateBpm>
					</Trackpoint>
					<Trackpoint>
						<Time>2569-06-22T12:41:14Z</Time>
						<HeartRateBpm>
							<Value>149</Value>
						</HeartRateBpm>
					</Trackpoint>
					<Trackpoint>
						<Time>2569-06-22T12:41:15Z</Time>
						<HeartRateBpm>
							<Value>147</Value>
						</HeartRateBpm>
					</Trackpoint>
					<Trackpoint>
						<Time>2569-06-22T12:41:16Z</Time>
						<HeartRateBpm>
							<Value>148</Value>
						</HeartRateBpm>
					</Trackpoint>
					<Trackpoint>
						<Time>2569-06-22T12:41:17Z</Time>
						<HeartRateBpm>
							<Value>147</Value>
						</HeartRateBpm>
					</Trackpoint>
					<Trackpoint>
						<Time>2569-06-22T12:41:18Z</Time>
						<HeartRateBpm>
							<Value>147</Value>
						</HeartRateBpm>
					</Trackpoint>
					<Trackpoint>
						<Time>2569-06-22T12:41:19Z</Time>
						<HeartRateBpm>
							<Value>146</Value>
						</HeartRateBpm>
					</Trackpoint>
					<Trackpoint>
						<Time>2569-06-22T12:41:20Z</Time>
						<HeartRateBpm>
							<Value>144</Value>
						</HeartRateBpm>
					</Trackpoint>
					<Trackpoint>
						<Time>2569-06-22T12:41:21Z</Time>
						<HeartRateBpm>
							<Value>147</Value>
						</HeartRateBpm>
					</Trackpoint>
					<Trackpoint>
						<Time>2569-06-22T12:41:22Z</Time>
						<HeartRateBpm>
							<Value>145</Value>
						</HeartRateBpm>
					</Trackpoint>
					<Trackpoint>
						<Time>2569-06-22T12:41:23Z</Time>
						<HeartRateBpm>
							<Value>145</Value>
						</HeartRateBpm>
					</Trackpoint>
					<Trackpoint>
						<Time>2569-06-22T12:41:24Z</Time>
						<HeartRateBpm>
							<Value>145</Value>
						</HeartRateBpm>
					</Trackpoint>
					<Trackpoint>
						<Time>2569-06-22T12:41:25Z</Time>
						<HeartRateBpm>
							<Value>145</Value>
						</HeartRateBpm>
					</Trackpoint>
					<Trackpoint>
						<Time>2569-06-22T12:41:26Z</Time>
						<HeartRateBpm>
							<Value>144</Value>
						</HeartRateBpm>
					</Trackpoint>
					<Trackpoint>
						<Time>2569-06-22T12:41:27Z</Time>
						<HeartRateBpm>
							<Value>144</Value>
						</HeartRateBpm>
					</Trackpoint>
					<Trackpoint>
						<Time>2569-06-22T12:41:28Z</Time>
						<HeartRateBpm>
							<Value>141</Value>
						</HeartRateBpm>
					</Trackpoint>
					<Trackpoint>
						<Time>2569-06-22T12:41:29Z</Time>
						<HeartRateBpm>
							<Value>142</Value>
						</HeartRateBpm>
					</Trackpoint>
					<Trackpoint>
						<Time>2569-06-22T12:41:30Z</Time>
						<HeartRateBpm>
							<Value>140</Value>
						</HeartRateBpm>
					</Trackpoint>
					<Trackpoint>
						<Time>2569-06-22T12:41:31Z</Time>
						<HeartRateBpm>
							<Value>138</Value>
						</HeartRateBpm>
					</Trackpoint>
					<Trackpoint>
						<Time>2569-06-22T12:41:32Z</Time>
						<HeartRateBpm>
							<Value>141</Value>
						</HeartRateBpm>
					</Trackpoint>
					<Trackpoint>
						<Time>2569-06-22T12:41:33Z</Time>
						<HeartRateBpm>
							<Value>144</Value>
						</HeartRateBpm>
					</Trackpoint>
					<Trackpoint>
						<Time>2569-06-22T12:41:34Z</Time>
						<HeartRateBpm>
							<Value>144</Value>
						</HeartRateBpm>
					</Trackpoint>
					<Trackpoint>
						<Time>2569-06-22T12:41:35Z</Time>
						<HeartRateBpm>
							<Value>143</Value>
						</HeartRateBpm>
					</Trackpoint>
					<Trackpoint>
						<Time>2569-06-22T12:41:36Z</Time>
						<HeartRateBpm>
							<Value>143</Value>
						</HeartRateBpm>
					</Trackpoint>
					<Trackpoint>
						<Time>2569-06-22T12:41:37Z</Time>
						<HeartRateBpm>
							<Value>142</Value>
						</HeartRateBpm>
					</Trackpoint>
					<Trackpoint>
						<Time>2569-06-22T12:41:38Z</Time>
						<HeartRateBpm>
							<Value>143</Value>
						</HeartRateBpm>
					</Trackpoint>
					<Trackpoint>
						<Time>2569-06-22T12:41:39Z</Time>
						<HeartRateBpm>
							<Value>142</Value>
						</HeartRateBpm>
					</Trackpoint>
					<Trackpoint>
						<Time>2569-06-22T12:41:40Z</Time>
						<HeartRateBpm>
							<Value>140</Value>
						</HeartRateBpm>
					</Trackpoint>
					<Trackpoint>
						<Time>2569-06-22T12:41:41Z</Time>
						<HeartRateBpm>
							<Value>140</Value>
						</HeartRateBpm>
					</Trackpoint>
					<Trackpoint>
						<Time>2569-06-22T12:41:42Z</Time>
						<HeartRateBpm>
							<Value>139</Value>
						</HeartRateBpm>
					</Trackpoint>
					<Trackpoint>
						<Time>2569-06-22T12:41:43Z</Time>
						<HeartRateBpm>
							<Value>138</Value>
						</HeartRateBpm>
					</Trackpoint>
					<Trackpoint>
						<Time>2569-06-22T12:41:44Z</Time>
						<HeartRateBpm>
							<Value>137</Value>
						</HeartRateBpm>
					</Trackpoint>
					<Trackpoint>
						<Time>2569-06-22T12:41:45Z</Time>
						<HeartRateBpm>
							<Value>136</Value>
						</HeartRateBpm>
					</Trackpoint>
					<Trackpoint>
						<Time>2569-06-22T12:41:46Z</Time>
						<HeartRateBpm>
							<Value>134</Value>
						</HeartRateBpm>
					</Trackpoint>
					<Trackpoint>
						<Time>2569-06-22T12:41:47Z</Time>
						<HeartRateBpm>
							<Value>133</Value>
						</HeartRateBpm>
					</Trackpoint>
					<Trackpoint>
						<Time>2569-06-22T12:41:48Z</Time>
						<HeartRateBpm>
							<Value>132</Value>
						</HeartRateBpm>
					</Trackpoint>
					<Trackpoint>
						<Time>2569-06-22T12:41:49Z</Time>
						<HeartRateBpm>
							<Value>133</Value>
						</HeartRateBpm>
					</Trackpoint>
					<Trackpoint>
						<Time>2569-06-22T12:41:50Z</Time>
						<HeartRateBpm>
							<Value>133</Value>
						</HeartRateBpm>
					</Trackpoint>
					<Trackpoint>
						<Time>2569-06-22T12:41:51Z</Time>
						<HeartRateBpm>
							<Value>132</Value>
						</HeartRateBpm>
					</Trackpoint>
					<Trackpoint>
						<Time>2569-06-22T12:41:52Z</Time>
						<HeartRateBpm>
							<Value>131</Value>
						</HeartRateBpm>
					</Trackpoint>
					<Trackpoint>
						<Time>2569-06-22T12:41:53Z</Time>
						<HeartRateBpm>
							<Value>131</Value>
						</HeartRateBpm>
					</Trackpoint>
					<Trackpoint>
						<Time>2569-06-22T12:41:54Z</Time>
						<HeartRateBpm>
							<Value>131</Value>
						</HeartRateBpm>
					</Trackpoint>
					<Trackpoint>
						<Time>2569-06-22T12:41:55Z</Time>
						<HeartRateBpm>
							<Value>131</Value>
						</HeartRateBpm>
					</Trackpoint>
					<Trackpoint>
						<Time>2569-06-22T12:41:56Z</Time>
						<HeartRateBpm>
							<Value>131</Value>
						</HeartRateBpm>
					</Trackpoint>
					<Trackpoint>
						<Time>2569-06-22T12:41:57Z</Time>
						<HeartRateBpm>
							<Value>131</Value>
						</HeartRateBpm>
					</Trackpoint>
					<Trackpoint>
						<Time>2569-06-22T12:41:58Z</Time>
						<HeartRateBpm>
							<Value>131</Value>
						</HeartRateBpm>
					</Trackpoint>
					<Trackpoint>
						<Time>2569-06-22T12:41:59Z</Time>
						<HeartRateBpm>
							<Value>130</Value>
						</HeartRateBpm>
					</Trackpoint>
					<Trackpoint>
						<Time>2569-06-22T12:42:00Z</Time>
						<HeartRateBpm>
							<Value>129</Value>
						</HeartRateBpm>
					</Trackpoint>
					<Trackpoint>
						<Time>2569-06-22T12:42:01Z</Time>
						<HeartRateBpm>
							<Value>128</Value>
						</HeartRateBpm>
					</Trackpoint>
					<Trackpoint>
						<Time>2569-06-22T12:42:02Z</Time>
						<HeartRateBpm>
							<Value>128</Value>
						</HeartRateBpm>
					</Trackpoint>
					<Trackpoint>
						<Time>2569-06-22T12:42:03Z</Time>
						<HeartRateBpm>
							<Value>126</Value>
						</HeartRateBpm>
					</Trackpoint>
					<Trackpoint>
						<Time>2569-06-22T12:42:04Z</Time>
						<HeartRateBpm>
							<Value>126</Value>
						</HeartRateBpm>
					</Trackpoint>
					<Trackpoint>
						<Time>2569-06-22T12:42:05Z</Time>
						<HeartRateBpm>
							<Value>125</Value>
						</HeartRateBpm>
					</Trackpoint>
					<Trackpoint>
						<Time>2569-06-22T12:42:06Z</Time>
						<HeartRateBpm>
							<Value>124</Value>
						</HeartRateBpm>
					</Trackpoint>
					<Trackpoint>
						<Time>2569-06-22T12:42:07Z</Time>
						<HeartRateBpm>
							<Value>123</Value>
						</HeartRateBpm>
					</Trackpoint>
					<Trackpoint>
						<Time>2569-06-22T12:42:08Z</Time>
						<HeartRateBpm>
							<Value>123</Value>
						</HeartRateBpm>
					</Trackpoint>
					<Trackpoint>
						<Time>2569-06-22T12:42:09Z</Time>
						<HeartRateBpm>
							<Value>123</Value>
						</HeartRateBpm>
					</Trackpoint>
					<Trackpoint>
						<Time>2569-06-22T12:42:10Z</Time>
						<HeartRateBpm>
							<Value>123</Value>
						</HeartRateBpm>
					</Trackpoint>
					<Trackpoint>
						<Time>2569-06-22T12:42:11Z</Time>
						<HeartRateBpm>
							<Value>123</Value>
						</HeartRateBpm>
					</Trackpoint>
					<Trackpoint>
						<Time>2569-06-22T12:42:12Z</Time>
						<HeartRateBpm>
							<Value>123</Value>
						</HeartRateBpm>
					</Trackpoint>
					<Trackpoint>
						<Time>2569-06-22T12:42:13Z</Time>
						<HeartRateBpm>
							<Value>123</Value>
						</HeartRateBpm>
					</Trackpoint>
					<Trackpoint>
						<Time>2569-06-22T12:42:14Z</Time>
						<HeartRateBpm>
							<Value>123</Value>
						</HeartRateBpm>
					</Trackpoint>
					<Trackpoint>
						<Time>2569-06-22T12:42:15Z</Time>
						<HeartRateBpm>
							<Value>123</Value>
						</HeartRateBpm>
					</Trackpoint>
					<Trackpoint>
						<Time>2569-06-22T12:42:16Z</Time>
						<HeartRateBpm>
							<Value>124</Value>
						</HeartRateBpm>
					</Trackpoint>
					<Trackpoint>
						<Time>2569-06-22T12:42:17Z</Time>
						<HeartRateBpm>
							<Value>124</Value>
						</HeartRateBpm>
					</Trackpoint>
					<Trackpoint>
						<Time>2569-06-22T12:42:18Z</Time>
						<HeartRateBpm>
							<Value>124</Value>
						</HeartRateBpm>
					</Trackpoint>
					<Trackpoint>
						<Time>2569-06-22T12:42:19Z</Time>
						<HeartRateBpm>
							<Value>124</Value>
						</HeartRateBpm>
					</Trackpoint>
					<Trackpoint>
						<Time>2569-06-22T12:42:20Z</Time>
						<HeartRateBpm>
							<Value>125</Value>
						</HeartRateBpm>
					</Trackpoint>
					<Trackpoint>
						<Time>2569-06-22T12:42:20Z</Time>
						<HeartRateBpm>
							<Value>125</Value>
						</HeartRateBpm>
					</Trackpoint>
					<Trackpoint>
						<Time>2569-06-22T12:42:21Z</Time>
						<HeartRateBpm>
							<Value>125</Value>
						</HeartRateBpm>
					</Trackpoint>
					<Trackpoint>
						<Time>2569-06-22T12:42:23Z</Time>
						<HeartRateBpm>
							<Value>126</Value>
						</HeartRateBpm>
					</Trackpoint>
					<Trackpoint>
						<Time>2569-06-22T12:42:24Z</Time>
						<HeartRateBpm>
							<Value>128</Value>
						</HeartRateBpm>
					</Trackpoint>
					<Trackpoint>
						<Time>2569-06-22T12:42:25Z</Time>
						<HeartRateBpm>
							<Value>129</Value>
						</HeartRateBpm>
					</Trackpoint>
					<Trackpoint>
						<Time>2569-06-22T12:42:26Z</Time>
						<HeartRateBpm>
							<Value>130</Value>
						</HeartRateBpm>
					</Trackpoint>
					<Trackpoint>
						<Time>2569-06-22T12:42:27Z</Time>
						<HeartRateBpm>
							<Value>130</Value>
						</HeartRateBpm>
					</Trackpoint>
					<Trackpoint>
						<Time>2569-06-22T12:42:28Z</Time>
						<HeartRateBpm>
							<Value>130</Value>
						</HeartRateBpm>
					</Trackpoint>
					<Trackpoint>
						<Time>2569-06-22T12:42:29Z</Time>
						<HeartRateBpm>
							<Value>130</Value>
						</HeartRateBpm>
					</Trackpoint>
					<Trackpoint>
						<Time>2569-06-22T12:42:30Z</Time>
						<HeartRateBpm>
							<Value>129</Value>
						</HeartRateBpm>
					</Trackpoint>
					<Trackpoint>
						<Time>2569-06-22T12:42:31Z</Time>
						<HeartRateBpm>
							<Value>130</Value>
						</HeartRateBpm>
					</Trackpoint>
					<Trackpoint>
						<Time>2569-06-22T12:42:32Z</Time>
						<HeartRateBpm>
							<Value>131</Value>
						</HeartRateBpm>
					</Trackpoint>
					<Trackpoint>
						<Time>2569-06-22T12:42:33Z</Time>
						<HeartRateBpm>
							<Value>131</Value>
						</HeartRateBpm>
					</Trackpoint>
					<Trackpoint>
						<Time>2569-06-22T12:42:34Z</Time>
						<HeartRateBpm>
							<Value>132</Value>
						</HeartRateBpm>
					</Trackpoint>
					<Trackpoint>
						<Time>2569-06-22T12:42:35Z</Time>
						<HeartRateBpm>
							<Value>134</Value>
						</HeartRateBpm>
					</Trackpoint>
					<Trackpoint>
						<Time>2569-06-22T12:42:36Z</Time>
						<HeartRateBpm>
							<Value>135</Value>
						</HeartRateBpm>
					</Trackpoint>
					<Trackpoint>
						<Time>2569-06-22T12:42:37Z</Time>
						<HeartRateBpm>
							<Value>136</Value>
						</HeartRateBpm>
					</Trackpoint>
					<Trackpoint>
						<Time>2569-06-22T12:42:38Z</Time>
						<HeartRateBpm>
							<Value>135</Value>
						</HeartRateBpm>
					</Trackpoint>
					<Trackpoint>
						<Time>2569-06-22T12:42:39Z</Time>
						<HeartRateBpm>
							<Value>138</Value>
						</HeartRateBpm>
					</Trackpoint>
					<Trackpoint>
						<Time>2569-06-22T12:42:40Z</Time>
						<HeartRateBpm>
							<Value>140</Value>
						</HeartRateBpm>
					</Trackpoint>
					<Trackpoint>
						<Time>2569-06-22T12:42:41Z</Time>
						<HeartRateBpm>
							<Value>141</Value>
						</HeartRateBpm>
					</Trackpoint>
					<Trackpoint>
						<Time>2569-06-22T12:42:42Z</Time>
						<HeartRateBpm>
							<Value>141</Value>
						</HeartRateBpm>
					</Trackpoint>
					<Trackpoint>
						<Time>2569-06-22T12:42:43Z</Time>
						<HeartRateBpm>
							<Value>141</Value>
						</HeartRateBpm>
					</Trackpoint>
					<Trackpoint>
						<Time>2569-06-22T12:42:44Z</Time>
						<HeartRateBpm>
							<Value>143</Value>
						</HeartRateBpm>
					</Trackpoint>
					<Trackpoint>
						<Time>2569-06-22T12:42:45Z</Time>
						<HeartRateBpm>
							<Value>144</Value>
						</HeartRateBpm>
					</Trackpoint>
					<Trackpoint>
						<Time>2569-06-22T12:42:46Z</Time>
						<HeartRateBpm>
							<Value>147</Value>
						</HeartRateBpm>
					</Trackpoint>
					<Trackpoint>
						<Time>2569-06-22T12:42:47Z</Time>
						<HeartRateBpm>
							<Value>148</Value>
						</HeartRateBpm>
					</Trackpoint>
					<Trackpoint>
						<Time>2569-06-22T12:42:48Z</Time>
						<HeartRateBpm>
							<Value>149</Value>
						</HeartRateBpm>
					</Trackpoint>
					<Trackpoint>
						<Time>2569-06-22T12:42:49Z</Time>
						<HeartRateBpm>
							<Value>149</Value>
						</HeartRateBpm>
					</Trackpoint>
					<Trackpoint>
						<Time>2569-06-22T12:42:50Z</Time>
						<HeartRateBpm>
							<Value>150</Value>
						</HeartRateBpm>
					</Trackpoint>
					<Trackpoint>
						<Time>2569-06-22T12:42:51Z</Time>
						<HeartRateBpm>
							<Value>150</Value>
						</HeartRateBpm>
					</Trackpoint>
					<Trackpoint>
						<Time>2569-06-22T12:42:52Z</Time>
						<HeartRateBpm>
							<Value>151</Value>
						</HeartRateBpm>
					</Trackpoint>
					<Trackpoint>
						<Time>2569-06-22T12:42:53Z</Time>
						<HeartRateBpm>
							<Value>153</Value>
						</HeartRateBpm>
					</Trackpoint>
					<Trackpoint>
						<Time>2569-06-22T12:42:54Z</Time>
						<HeartRateBpm>
							<Value>152</Value>
						</HeartRateBpm>
					</Trackpoint>
					<Trackpoint>
						<Time>2569-06-22T12:42:55Z</Time>
						<HeartRateBpm>
							<Value>152</Value>
						</HeartRateBpm>
					</Trackpoint>
					<Trackpoint>
						<Time>2569-06-22T12:42:56Z</Time>
						<HeartRateBpm>
							<Value>154</Value>
						</HeartRateBpm>
					</Trackpoint>
					<Trackpoint>
						<Time>2569-06-22T12:42:57Z</Time>
						<HeartRateBpm>
							<Value>154</Value>
						</HeartRateBpm>
					</Trackpoint>
					<Trackpoint>
						<Time>2569-06-22T12:42:58Z</Time>
						<HeartRateBpm>
							<Value>157</Value>
						</HeartRateBpm>
					</Trackpoint>
					<Trackpoint>
						<Time>2569-06-22T12:42:59Z</Time>
						<HeartRateBpm>
							<Value>158</Value>
						</HeartRateBpm>
					</Trackpoint>
					<Trackpoint>
						<Time>2569-06-22T12:43:00Z</Time>
						<HeartRateBpm>
							<Value>157</Value>
						</HeartRateBpm>
					</Trackpoint>
					<Trackpoint>
						<Time>2569-06-22T12:43:01Z</Time>
						<HeartRateBpm>
							<Value>157</Value>
						</HeartRateBpm>
					</Trackpoint>
					<Trackpoint>
						<Time>2569-06-22T12:43:02Z</Time>
						<HeartRateBpm>
							<Value>157</Value>
						</HeartRateBpm>
					</Trackpoint>
					<Trackpoint>
						<Time>2569-06-22T12:43:03Z</Time>
						<HeartRateBpm>
							<Value>157</Value>
						</HeartRateBpm>
					</Trackpoint>
					<Trackpoint>
						<Time>2569-06-22T12:43:04Z</Time>
						<HeartRateBpm>
							<Value>158</Value>
						</HeartRateBpm>
					</Trackpoint>
					<Trackpoint>
						<Time>2569-06-22T12:43:05Z</Time>
						<HeartRateBpm>
							<Value>159</Value>
						</HeartRateBpm>
					</Trackpoint>
					<Trackpoint>
						<Time>2569-06-22T12:43:06Z</Time>
						<HeartRateBpm>
							<Value>159</Value>
						</HeartRateBpm>
					</Trackpoint>
					<Trackpoint>
						<Time>2569-06-22T12:43:07Z</Time>
						<HeartRateBpm>
							<Value>158</Value>
						</HeartRateBpm>
					</Trackpoint>
					<Trackpoint>
						<Time>2569-06-22T12:43:08Z</Time>
						<HeartRateBpm>
							<Value>160</Value>
						</HeartRateBpm>
					</Trackpoint>
					<Trackpoint>
						<Time>2569-06-22T12:43:09Z</Time>
						<HeartRateBpm>
							<Value>160</Value>
						</HeartRateBpm>
					</Trackpoint>
					<Trackpoint>
						<Time>2569-06-22T12:43:10Z</Time>
						<HeartRateBpm>
							<Value>160</Value>
						</HeartRateBpm>
					</Trackpoint>
					<Trackpoint>
						<Time>2569-06-22T12:43:11Z</Time>
						<HeartRateBpm>
							<Value>160</Value>
						</HeartRateBpm>
					</Trackpoint>
					<Trackpoint>
						<Time>2569-06-22T12:43:12Z</Time>
						<HeartRateBpm>
							<Value>159</Value>
						</HeartRateBpm>
					</Trackpoint>
					<Trackpoint>
						<Time>2569-06-22T12:43:13Z</Time>
						<HeartRateBpm>
							<Value>159</Value>
						</HeartRateBpm>
					</Trackpoint>
					<Trackpoint>
						<Time>2569-06-22T12:43:14Z</Time>
						<HeartRateBpm>
							<Value>161</Value>
						</HeartRateBpm>
					</Trackpoint>
					<Trackpoint>
						<Time>2569-06-22T12:43:15Z</Time>
						<HeartRateBpm>
							<Value>161</Value>
						</HeartRateBpm>
					</Trackpoint>
					<Trackpoint>
						<Time>2569-06-22T12:43:16Z</Time>
						<HeartRateBpm>
							<Value>161</Value>
						</HeartRateBpm>
					</Trackpoint>
					<Trackpoint>
						<Time>2569-06-22T12:43:17Z</Time>
						<HeartRateBpm>
							<Value>161</Value>
						</HeartRateBpm>
					</Trackpoint>
					<Trackpoint>
						<Time>2569-06-22T12:43:18Z</Time>
						<HeartRateBpm>
							<Value>159</Value>
						</HeartRateBpm>
					</Trackpoint>
					<Trackpoint>
						<Time>2569-06-22T12:43:19Z</Time>
						<HeartRateBpm>
							<Value>158</Value>
						</HeartRateBpm>
					</Trackpoint>
					<Trackpoint>
						<Time>2569-06-22T12:43:20Z</Time>
						<HeartRateBpm>
							<Value>157</Value>
						</HeartRateBpm>
					</Trackpoint>
					<Trackpoint>
						<Time>2569-06-22T12:43:21Z</Time>
						<HeartRateBpm>
							<Value>157</Value>
						</HeartRateBpm>
					</Trackpoint>
					<Trackpoint>
						<Time>2569-06-22T12:43:22Z</Time>
						<HeartRateBpm>
							<Value>157</Value>
						</HeartRateBpm>
					</Trackpoint>
					<Trackpoint>
						<Time>2569-06-22T12:43:23Z</Time>
						<HeartRateBpm>
							<Value>158</Value>
						</HeartRateBpm>
					</Trackpoint>
					<Trackpoint>
						<Time>2569-06-22T12:43:24Z</Time>
						<HeartRateBpm>
							<Value>160</Value>
						</HeartRateBpm>
					</Trackpoint>
					<Trackpoint>
						<Time>2569-06-22T12:43:25Z</Time>
						<HeartRateBpm>
							<Value>161</Value>
						</HeartRateBpm>
					</Trackpoint>
					<Trackpoint>
						<Time>2569-06-22T12:43:25Z</Time>
						<HeartRateBpm>
							<Value>161</Value>
						</HeartRateBpm>
					</Trackpoint>
					<Trackpoint>
						<Time>2569-06-22T12:43:26Z</Time>
						<HeartRateBpm>
							<Value>159</Value>
						</HeartRateBpm>
					</Trackpoint>
					<Trackpoint>
						<Time>2569-06-22T12:43:28Z</Time>
						<HeartRateBpm>
							<Value>160</Value>
						</HeartRateBpm>
					</Trackpoint>
					<Trackpoint>
						<Time>2569-06-22T12:43:29Z</Time>
						<HeartRateBpm>
							<Value>159</Value>
						</HeartRateBpm>
					</Trackpoint>
					<Trackpoint>
						<Time>2569-06-22T12:43:30Z</Time>
						<HeartRateBpm>
							<Value>159</Value>
						</HeartRateBpm>
					</Trackpoint>
					<Trackpoint>
						<Time>2569-06-22T12:43:31Z</Time>
						<HeartRateBpm>
							<Value>160</Value>
						</HeartRateBpm>
					</Trackpoint>
					<Trackpoint>
						<Time>2569-06-22T12:43:32Z</Time>
						<HeartRateBpm>
							<Value>159</Value>
						</HeartRateBpm>
					</Trackpoint>
					<Trackpoint>
						<Time>2569-06-22T12:43:33Z</Time>
						<HeartRateBpm>
							<Value>156</Value>
						</HeartRateBpm>
					</Trackpoint>
					<Trackpoint>
						<Time>2569-06-22T12:43:34Z</Time>
						<HeartRateBpm>
							<Value>154</Value>
						</HeartRateBpm>
					</Trackpoint>
					<Trackpoint>
						<Time>2569-06-22T12:43:35Z</Time>
						<HeartRateBpm>
							<Value>152</Value>
						</HeartRateBpm>
					</Trackpoint>
					<Trackpoint>
						<Time>2569-06-22T12:43:35Z</Time>
						<HeartRateBpm>
							<Value>152</Value>
						</HeartRateBpm>
					</Trackpoint>
					<Trackpoint>
						<Time>2569-06-22T12:43:37Z</Time>
						<HeartRateBpm>
							<Value>151</Value>
						</HeartRateBpm>
					</Trackpoint>
					<Trackpoint>
						<Time>2569-06-22T12:43:38Z</Time>
						<HeartRateBpm>
							<Value>151</Value>
						</HeartRateBpm>
					</Trackpoint>
					<Trackpoint>
						<Time>2569-06-22T12:43:39Z</Time>
						<HeartRateBpm>
							<Value>151</Value>
						</HeartRateBpm>
					</Trackpoint>
					<Trackpoint>
						<Time>2569-06-22T12:43:40Z</Time>
						<HeartRateBpm>
							<Value>150</Value>
						</HeartRateBpm>
					</Trackpoint>
					<Trackpoint>
						<Time>2569-06-22T12:43:41Z</Time>
						<HeartRateBpm>
							<Value>149</Value>
						</HeartRateBpm>
					</Trackpoint>
					<Trackpoint>
						<Time>2569-06-22T12:43:42Z</Time>
						<HeartRateBpm>
							<Value>149</Value>
						</HeartRateBpm>
					</Trackpoint>
					<Trackpoint>
						<Time>2569-06-22T12:43:43Z</Time>
						<HeartRateBpm>
							<Value>147</Value>
						</HeartRateBpm>
					</Trackpoint>
					<Trackpoint>
						<Time>2569-06-22T12:43:44Z</Time>
						<HeartRateBpm>
							<Value>146</Value>
						</HeartRateBpm>
					</Trackpoint>
					<Trackpoint>
						<Time>2569-06-22T12:43:45Z</Time>
						<HeartRateBpm>
							<Value>145</Value>
						</HeartRateBpm>
					</Trackpoint>
					<Trackpoint>
						<Time>2569-06-22T12:43:46Z</Time>
						<HeartRateBpm>
							<Value>144</Value>
						</HeartRateBpm>
					</Trackpoint>
					<Trackpoint>
						<Time>2569-06-22T12:43:47Z</Time>
						<HeartRateBpm>
							<Value>143</Value>
						</HeartRateBpm>
					</Trackpoint>
					<Trackpoint>
						<Time>2569-06-22T12:43:48Z</Time>
						<HeartRateBpm>
							<Value>142</Value>
						</HeartRateBpm>
					</Trackpoint>
					<Trackpoint>
						<Time>2569-06-22T12:43:49Z</Time>
						<HeartRateBpm>
							<Value>141</Value>
						</HeartRateBpm>
					</Trackpoint>
					<Trackpoint>
						<Time>2569-06-22T12:43:50Z</Time>
						<HeartRateBpm>
							<Value>139</Value>
						</HeartRateBpm>
					</Trackpoint>
					<Trackpoint>
						<Time>2569-06-22T12:43:51Z</Time>
						<HeartRateBpm>
							<Value>139</Value>
						</HeartRateBpm>
					</Trackpoint>
					<Trackpoint>
						<Time>2569-06-22T12:43:52Z</Time>
						<HeartRateBpm>
							<Value>138</Value>
						</HeartRateBpm>
					</Trackpoint>
					<Trackpoint>
						<Time>2569-06-22T12:43:53Z</Time>
						<HeartRateBpm>
							<Value>137</Value>
						</HeartRateBpm>
					</Trackpoint>
					<Trackpoint>
						<Time>2569-06-22T12:43:54Z</Time>
						<HeartRateBpm>
							<Value>137</Value>
						</HeartRateBpm>
					</Trackpoint>
					<Trackpoint>
						<Time>2569-06-22T12:43:55Z</Time>
						<HeartRateBpm>
							<Value>136</Value>
						</HeartRateBpm>
					</Trackpoint>
					<Trackpoint>
						<Time>2569-06-22T12:43:56Z</Time>
						<HeartRateBpm>
							<Value>135</Value>
						</HeartRateBpm>
					</Trackpoint>
					<Trackpoint>
						<Time>2569-06-22T12:43:57Z</Time>
						<HeartRateBpm>
							<Value>135</Value>
						</HeartRateBpm>
					</Trackpoint>
					<Trackpoint>
						<Time>2569-06-22T12:43:58Z</Time>
						<HeartRateBpm>
							<Value>136</Value>
						</HeartRateBpm>
					</Trackpoint>
					<Trackpoint>
						<Time>2569-06-22T12:43:59Z</Time>
						<HeartRateBpm>
							<Value>135</Value>
						</HeartRateBpm>
					</Trackpoint>
					<Trackpoint>
						<Time>2569-06-22T12:44:00Z</Time>
						<HeartRateBpm>
							<Value>134</Value>
						</HeartRateBpm>
					</Trackpoint>
					<Trackpoint>
						<Time>2569-06-22T12:44:01Z</Time>
						<HeartRateBpm>
							<Value>135</Value>
						</HeartRateBpm>
					</Trackpoint>
					<Trackpoint>
						<Time>2569-06-22T12:44:02Z</Time>
						<HeartRateBpm>
							<Value>135</Value>
						</HeartRateBpm>
					</Trackpoint>
					<Trackpoint>
						<Time>2569-06-22T12:44:03Z</Time>
						<HeartRateBpm>
							<Value>135</Value>
						</HeartRateBpm>
					</Trackpoint>
					<Trackpoint>
						<Time>2569-06-22T12:44:04Z</Time>
						<HeartRateBpm>
							<Value>134</Value>
						</HeartRateBpm>
					</Trackpoint>
					<Trackpoint>
						<Time>2569-06-22T12:44:05Z</Time>
						<HeartRateBpm>
							<Value>134</Value>
						</HeartRateBpm>
					</Trackpoint>
					<Trackpoint>
						<Time>2569-06-22T12:44:06Z</Time>
						<HeartRateBpm>
							<Value>132</Value>
						</HeartRateBpm>
					</Trackpoint>
					<Trackpoint>
						<Time>2569-06-22T12:44:07Z</Time>
						<HeartRateBpm>
							<Value>131</Value>
						</HeartRateBpm>
					</Trackpoint>
					<Trackpoint>
						<Time>2569-06-22T12:44:08Z</Time>
						<HeartRateBpm>
							<Value>130</Value>
						</HeartRateBpm>
					</Trackpoint>
					<Trackpoint>
						<Time>2569-06-22T12:44:09Z</Time>
						<HeartRateBpm>
							<Value>130</Value>
						</HeartRateBpm>
					</Trackpoint>
					<Trackpoint>
						<Time>2569-06-22T12:44:10Z</Time>
						<HeartRateBpm>
							<Value>129</Value>
						</HeartRateBpm>
					</Trackpoint>
					<Trackpoint>
						<Time>2569-06-22T12:44:11Z</Time>
						<HeartRateBpm>
							<Value>128</Value>
						</HeartRateBpm>
					</Trackpoint>
					<Trackpoint>
						<Time>2569-06-22T12:44:12Z</Time>
						<HeartRateBpm>
							<Value>127</Value>
						</HeartRateBpm>
					</Trackpoint>
					<Trackpoint>
						<Time>2569-06-22T12:44:13Z</Time>
						<HeartRateBpm>
							<Value>127</Value>
						</HeartRateBpm>
					</Trackpoint>
					<Trackpoint>
						<Time>2569-06-22T12:44:14Z</Time>
						<HeartRateBpm>
							<Value>126</Value>
						</HeartRateBpm>
					</Trackpoint>
					<Trackpoint>
						<Time>2569-06-22T12:44:15Z</Time>
						<HeartRateBpm>
							<Value>126</Value>
						</HeartRateBpm>
					</Trackpoint>
					<Trackpoint>
						<Time>2569-06-22T12:44:16Z</Time>
						<HeartRateBpm>
							<Value>125</Value>
						</HeartRateBpm>
					</Trackpoint>
					<Trackpoint>
						<Time>2569-06-22T12:44:17Z</Time>
						<HeartRateBpm>
							<Value>125</Value>
						</HeartRateBpm>
					</Trackpoint>
					<Trackpoint>
						<Time>2569-06-22T12:44:18Z</Time>
						<HeartRateBpm>
							<Value>125</Value>
						</HeartRateBpm>
					</Trackpoint>
					<Trackpoint>
						<Time>2569-06-22T12:44:19Z</Time>
						<HeartRateBpm>
							<Value>124</Value>
						</HeartRateBpm>
					</Trackpoint>
					<Trackpoint>
						<Time>2569-06-22T12:44:20Z</Time>
						<HeartRateBpm>
							<Value>124</Value>
						</HeartRateBpm>
					</Trackpoint>
					<Trackpoint>
						<Time>2569-06-22T12:44:21Z</Time>
						<HeartRateBpm>
							<Value>123</Value>
						</HeartRateBpm>
					</Trackpoint>
					<Trackpoint>
						<Time>2569-06-22T12:44:22Z</Time>
						<HeartRateBpm>
							<Value>124</Value>
						</HeartRateBpm>
					</Trackpoint>
					<Trackpoint>
						<Time>2569-06-22T12:44:23Z</Time>
						<HeartRateBpm>
							<Value>124</Value>
						</HeartRateBpm>
					</Trackpoint>
					<Trackpoint>
						<Time>2569-06-22T12:44:24Z</Time>
						<HeartRateBpm>
							<Value>125</Value>
						</HeartRateBpm>
					</Trackpoint>
					<Trackpoint>
						<Time>2569-06-22T12:44:25Z</Time>
						<HeartRateBpm>
							<Value>125</Value>
						</HeartRateBpm>
					</Trackpoint>
					<Trackpoint>
						<Time>2569-06-22T12:44:26Z</Time>
						<HeartRateBpm>
							<Value>126</Value>
						</HeartRateBpm>
					</Trackpoint>
					<Trackpoint>
						<Time>2569-06-22T12:44:27Z</Time>
						<HeartRateBpm>
							<Value>126</Value>
						</HeartRateBpm>
					</Trackpoint>
					<Trackpoint>
						<Time>2569-06-22T12:44:28Z</Time>
						<HeartRateBpm>
							<Value>126</Value>
						</HeartRateBpm>
					</Trackpoint>
					<Trackpoint>
						<Time>2569-06-22T12:44:29Z</Time>
						<HeartRateBpm>
							<Value>126</Value>
						</HeartRateBpm>
					</Trackpoint>
					<Trackpoint>
						<Time>2569-06-22T12:44:30Z</Time>
						<HeartRateBpm>
							<Value>127</Value>
						</HeartRateBpm>
					</Trackpoint>
					<Trackpoint>
						<Time>2569-06-22T12:44:31Z</Time>
						<HeartRateBpm>
							<Value>127</Value>
						</HeartRateBpm>
					</Trackpoint>
					<Trackpoint>
						<Time>2569-06-22T12:44:32Z</Time>
						<HeartRateBpm>
							<Value>127</Value>
						</HeartRateBpm>
					</Trackpoint>
					<Trackpoint>
						<Time>2569-06-22T12:44:33Z</Time>
						<HeartRateBpm>
							<Value>126</Value>
						</HeartRateBpm>
					</Trackpoint>
					<Trackpoint>
						<Time>2569-06-22T12:44:34Z</Time>
						<HeartRateBpm>
							<Value>126</Value>
						</HeartRateBpm>
					</Trackpoint>
					<Trackpoint>
						<Time>2569-06-22T12:44:35Z</Time>
						<HeartRateBpm>
							<Value>126</Value>
						</HeartRateBpm>
					</Trackpoint>
					<Trackpoint>
						<Time>2569-06-22T12:44:36Z</Time>
						<HeartRateBpm>
							<Value>126</Value>
						</HeartRateBpm>
					</Trackpoint>
					<Trackpoint>
						<Time>2569-06-22T12:44:37Z</Time>
						<HeartRateBpm>
							<Value>126</Value>
						</HeartRateBpm>
					</Trackpoint>
					<Trackpoint>
						<Time>2569-06-22T12:44:38Z</Time>
						<HeartRateBpm>
							<Value>127</Value>
						</HeartRateBpm>
					</Trackpoint>
					<Trackpoint>
						<Time>2569-06-22T12:44:39Z</Time>
						<HeartRateBpm>
							<Value>129</Value>
						</HeartRateBpm>
					</Trackpoint>
					<Trackpoint>
						<Time>2569-06-22T12:44:40Z</Time>
						<HeartRateBpm>
							<Value>131</Value>
						</HeartRateBpm>
					</Trackpoint>
					<Trackpoint>
						<Time>2569-06-22T12:44:41Z</Time>
						<HeartRateBpm>
							<Value>132</Value>
						</HeartRateBpm>
					</Trackpoint>
					<Trackpoint>
						<Time>2569-06-22T12:44:42Z</Time>
						<HeartRateBpm>
							<Value>133</Value>
						</HeartRateBpm>
					</Trackpoint>
					<Trackpoint>
						<Time>2569-06-22T12:44:43Z</Time>
						<HeartRateBpm>
							<Value>135</Value>
						</HeartRateBpm>
					</Trackpoint>
					<Trackpoint>
						<Time>2569-06-22T12:44:44Z</Time>
						<HeartRateBpm>
							<Value>136</Value>
						</HeartRateBpm>
					</Trackpoint>
					<Trackpoint>
						<Time>2569-06-22T12:44:45Z</Time>
						<HeartRateBpm>
							<Value>138</Value>
						</HeartRateBpm>
					</Trackpoint>
					<Trackpoint>
						<Time>2569-06-22T12:44:46Z</Time>
						<HeartRateBpm>
							<Value>140</Value>
						</HeartRateBpm>
					</Trackpoint>
					<Trackpoint>
						<Time>2569-06-22T12:44:47Z</Time>
						<HeartRateBpm>
							<Value>142</Value>
						</HeartRateBpm>
					</Trackpoint>
					<Trackpoint>
						<Time>2569-06-22T12:44:48Z</Time>
						<HeartRateBpm>
							<Value>143</Value>
						</HeartRateBpm>
					</Trackpoint>
					<Trackpoint>
						<Time>2569-06-22T12:44:49Z</Time>
						<HeartRateBpm>
							<Value>143</Value>
						</HeartRateBpm>
					</Trackpoint>
					<Trackpoint>
						<Time>2569-06-22T12:44:50Z</Time>
						<HeartRateBpm>
							<Value>144</Value>
						</HeartRateBpm>
					</Trackpoint>
					<Trackpoint>
						<Time>2569-06-22T12:44:51Z</Time>
						<HeartRateBpm>
							<Value>144</Value>
						</HeartRateBpm>
					</Trackpoint>
					<Trackpoint>
						<Time>2569-06-22T12:44:52Z</Time>
						<HeartRateBpm>
							<Value>145</Value>
						</HeartRateBpm>
					</Trackpoint>
					<Trackpoint>
						<Time>2569-06-22T12:44:53Z</Time>
						<HeartRateBpm>
							<Value>147</Value>
						</HeartRateBpm>
					</Trackpoint>
					<Trackpoint>
						<Time>2569-06-22T12:44:54Z</Time>
						<HeartRateBpm>
							<Value>148</Value>
						</HeartRateBpm>
					</Trackpoint>
					<Trackpoint>
						<Time>2569-06-22T12:44:55Z</Time>
						<HeartRateBpm>
							<Value>149</Value>
						</HeartRateBpm>
					</Trackpoint>
					<Trackpoint>
						<Time>2569-06-22T12:44:56Z</Time>
						<HeartRateBpm>
							<Value>148</Value>
						</HeartRateBpm>
					</Trackpoint>
					<Trackpoint>
						<Time>2569-06-22T12:44:57Z</Time>
						<HeartRateBpm>
							<Value>149</Value>
						</HeartRateBpm>
					</Trackpoint>
					<Trackpoint>
						<Time>2569-06-22T12:44:58Z</Time>
						<HeartRateBpm>
							<Value>150</Value>
						</HeartRateBpm>
					</Trackpoint>
					<Trackpoint>
						<Time>2569-06-22T12:44:59Z</Time>
						<HeartRateBpm>
							<Value>152</Value>
						</HeartRateBpm>
					</Trackpoint>
					<Trackpoint>
						<Time>2569-06-22T12:45:00Z</Time>
						<HeartRateBpm>
							<Value>154</Value>
						</HeartRateBpm>
					</Trackpoint>
					<Trackpoint>
						<Time>2569-06-22T12:45:01Z</Time>
						<HeartRateBpm>
							<Value>156</Value>
						</HeartRateBpm>
					</Trackpoint>
					<Trackpoint>
						<Time>2569-06-22T12:45:02Z</Time>
						<HeartRateBpm>
							<Value>158</Value>
						</HeartRateBpm>
					</Trackpoint>
					<Trackpoint>
						<Time>2569-06-22T12:45:03Z</Time>
						<HeartRateBpm>
							<Value>161</Value>
						</HeartRateBpm>
					</Trackpoint>
					<Trackpoint>
						<Time>2569-06-22T12:45:04Z</Time>
						<HeartRateBpm>
							<Value>162</Value>
						</HeartRateBpm>
					</Trackpoint>
					<Trackpoint>
						<Time>2569-06-22T12:45:05Z</Time>
						<HeartRateBpm>
							<Value>162</Value>
						</HeartRateBpm>
					</Trackpoint>
					<Trackpoint>
						<Time>2569-06-22T12:45:06Z</Time>
						<HeartRateBpm>
							<Value>162</Value>
						</HeartRateBpm>
					</Trackpoint>
					<Trackpoint>
						<Time>2569-06-22T12:45:07Z</Time>
						<HeartRateBpm>
							<Value>162</Value>
						</HeartRateBpm>
					</Trackpoint>
					<Trackpoint>
						<Time>2569-06-22T12:45:08Z</Time>
						<HeartRateBpm>
							<Value>162</Value>
						</HeartRateBpm>
					</Trackpoint>
					<Trackpoint>
						<Time>2569-06-22T12:45:09Z</Time>
						<HeartRateBpm>
							<Value>161</Value>
						</HeartRateBpm>
					</Trackpoint>
					<Trackpoint>
						<Time>2569-06-22T12:45:10Z</Time>
						<HeartRateBpm>
							<Value>161</Value>
						</HeartRateBpm>
					</Trackpoint>
					<Trackpoint>
						<Time>2569-06-22T12:45:11Z</Time>
						<HeartRateBpm>
							<Value>159</Value>
						</HeartRateBpm>
					</Trackpoint>
					<Trackpoint>
						<Time>2569-06-22T12:45:12Z</Time>
						<HeartRateBpm>
							<Value>156</Value>
						</HeartRateBpm>
					</Trackpoint>
					<Trackpoint>
						<Time>2569-06-22T12:45:13Z</Time>
						<HeartRateBpm>
							<Value>156</Value>
						</HeartRateBpm>
					</Trackpoint>
					<Trackpoint>
						<Time>2569-06-22T12:45:14Z</Time>
						<HeartRateBpm>
							<Value>158</Value>
						</HeartRateBpm>
					</Trackpoint>
					<Trackpoint>
						<Time>2569-06-22T12:45:15Z</Time>
						<HeartRateBpm>
							<Value>159</Value>
						</HeartRateBpm>
					</Trackpoint>
					<Trackpoint>
						<Time>2569-06-22T12:45:16Z</Time>
						<HeartRateBpm>
							<Value>159</Value>
						</HeartRateBpm>
					</Trackpoint>
					<Trackpoint>
						<Time>2569-06-22T12:45:17Z</Time>
						<HeartRateBpm>
							<Value>157</Value>
						</HeartRateBpm>
					</Trackpoint>
					<Trackpoint>
						<Time>2569-06-22T12:45:18Z</Time>
						<HeartRateBpm>
							<Value>156</Value>
						</HeartRateBpm>
					</Trackpoint>
					<Trackpoint>
						<Time>2569-06-22T12:45:19Z</Time>
						<HeartRateBpm>
							<Value>156</Value>
						</HeartRateBpm>
					</Trackpoint>
					<Trackpoint>
						<Time>2569-06-22T12:45:20Z</Time>
						<HeartRateBpm>
							<Value>157</Value>
						</HeartRateBpm>
					</Trackpoint>
					<Trackpoint>
						<Time>2569-06-22T12:45:21Z</Time>
						<HeartRateBpm>
							<Value>157</Value>
						</HeartRateBpm>
					</Trackpoint>
					<Trackpoint>
						<Time>2569-06-22T12:45:22Z</Time>
						<HeartRateBpm>
							<Value>159</Value>
						</HeartRateBpm>
					</Trackpoint>
					<Trackpoint>
						<Time>2569-06-22T12:45:23Z</Time>
						<HeartRateBpm>
							<Value>159</Value>
						</HeartRateBpm>
					</Trackpoint>
					<Trackpoint>
						<Time>2569-06-22T12:45:24Z</Time>
						<HeartRateBpm>
							<Value>159</Value>
						</HeartRateBpm>
					</Trackpoint>
					<Trackpoint>
						<Time>2569-06-22T12:45:25Z</Time>
						<HeartRateBpm>
							<Value>155</Value>
						</HeartRateBpm>
					</Trackpoint>
					<Trackpoint>
						<Time>2569-06-22T12:45:26Z</Time>
						<HeartRateBpm>
							<Value>156</Value>
						</HeartRateBpm>
					</Trackpoint>
					<Trackpoint>
						<Time>2569-06-22T12:45:27Z</Time>
						<HeartRateBpm>
							<Value>154</Value>
						</HeartRateBpm>
					</Trackpoint>
					<Trackpoint>
						<Time>2569-06-22T12:45:28Z</Time>
						<HeartRateBpm>
							<Value>156</Value>
						</HeartRateBpm>
					</Trackpoint>
					<Trackpoint>
						<Time>2569-06-22T12:45:29Z</Time>
						<HeartRateBpm>
							<Value>156</Value>
						</HeartRateBpm>
					</Trackpoint>
					<Trackpoint>
						<Time>2569-06-22T12:45:30Z</Time>
						<HeartRateBpm>
							<Value>158</Value>
						</HeartRateBpm>
					</Trackpoint>
					<Trackpoint>
						<Time>2569-06-22T12:45:31Z</Time>
						<HeartRateBpm>
							<Value>158</Value>
						</HeartRateBpm>
					</Trackpoint>
					<Trackpoint>
						<Time>2569-06-22T12:45:32Z</Time>
						<HeartRateBpm>
							<Value>155</Value>
						</HeartRateBpm>
					</Trackpoint>
					<Trackpoint>
						<Time>2569-06-22T12:45:33Z</Time>
						<HeartRateBpm>
							<Value>158</Value>
						</HeartRateBpm>
					</Trackpoint>
					<Trackpoint>
						<Time>2569-06-22T12:45:34Z</Time>
						<HeartRateBpm>
							<Value>160</Value>
						</HeartRateBpm>
					</Trackpoint>
					<Trackpoint>
						<Time>2569-06-22T12:45:35Z</Time>
						<HeartRateBpm>
							<Value>157</Value>
						</HeartRateBpm>
					</Trackpoint>
					<Trackpoint>
						<Time>2569-06-22T12:45:36Z</Time>
						<HeartRateBpm>
							<Value>154</Value>
						</HeartRateBpm>
					</Trackpoint>
					<Trackpoint>
						<Time>2569-06-22T12:45:37Z</Time>
						<HeartRateBpm>
							<Value>152</Value>
						</HeartRateBpm>
					</Trackpoint>
					<Trackpoint>
						<Time>2569-06-22T12:45:38Z</Time>
						<HeartRateBpm>
							<Value>153</Value>
						</HeartRateBpm>
					</Trackpoint>
					<Trackpoint>
						<Time>2569-06-22T12:45:39Z</Time>
						<HeartRateBpm>
							<Value>157</Value>
						</HeartRateBpm>
					</Trackpoint>
					<Trackpoint>
						<Time>2569-06-22T12:45:40Z</Time>
						<HeartRateBpm>
							<Value>157</Value>
						</HeartRateBpm>
					</Trackpoint>
					<Trackpoint>
						<Time>2569-06-22T12:45:41Z</Time>
						<HeartRateBpm>
							<Value>158</Value>
						</HeartRateBpm>
					</Trackpoint>
					<Trackpoint>
						<Time>2569-06-22T12:45:42Z</Time>
						<HeartRateBpm>
							<Value>159</Value>
						</HeartRateBpm>
					</Trackpoint>
					<Trackpoint>
						<Time>2569-06-22T12:45:43Z</Time>
						<HeartRateBpm>
							<Value>159</Value>
						</HeartRateBpm>
					</Trackpoint>
					<Trackpoint>
						<Time>2569-06-22T12:45:44Z</Time>
						<HeartRateBpm>
							<Value>158</Value>
						</HeartRateBpm>
					</Trackpoint>
					<Trackpoint>
						<Time>2569-06-22T12:45:45Z</Time>
						<HeartRateBpm>
							<Value>157</Value>
						</HeartRateBpm>
					</Trackpoint>
					<Trackpoint>
						<Time>2569-06-22T12:45:46Z</Time>
						<HeartRateBpm>
							<Value>156</Value>
						</HeartRateBpm>
					</Trackpoint>
					<Trackpoint>
						<Time>2569-06-22T12:45:47Z</Time>
						<HeartRateBpm>
							<Value>155</Value>
						</HeartRateBpm>
					</Trackpoint>
					<Trackpoint>
						<Time>2569-06-22T12:45:48Z</Time>
						<HeartRateBpm>
							<Value>155</Value>
						</HeartRateBpm>
					</Trackpoint>
					<Trackpoint>
						<Time>2569-06-22T12:45:49Z</Time>
						<HeartRateBpm>
							<Value>156</Value>
						</HeartRateBpm>
					</Trackpoint>
					<Trackpoint>
						<Time>2569-06-22T12:45:50Z</Time>
						<HeartRateBpm>
							<Value>154</Value>
						</HeartRateBpm>
					</Trackpoint>
					<Trackpoint>
						<Time>2569-06-22T12:45:51Z</Time>
						<HeartRateBpm>
							<Value>155</Value>
						</HeartRateBpm>
					</Trackpoint>
					<Trackpoint>
						<Time>2569-06-22T12:45:52Z</Time>
						<HeartRateBpm>
							<Value>155</Value>
						</HeartRateBpm>
					</Trackpoint>
					<Trackpoint>
						<Time>2569-06-22T12:45:53Z</Time>
						<HeartRateBpm>
							<Value>155</Value>
						</HeartRateBpm>
					</Trackpoint>
					<Trackpoint>
						<Time>2569-06-22T12:45:54Z</Time>
						<HeartRateBpm>
							<Value>155</Value>
						</HeartRateBpm>
					</Trackpoint>
					<Trackpoint>
						<Time>2569-06-22T12:45:55Z</Time>
						<HeartRateBpm>
							<Value>156</Value>
						</HeartRateBpm>
					</Trackpoint>
					<Trackpoint>
						<Time>2569-06-22T12:45:56Z</Time>
						<HeartRateBpm>
							<Value>157</Value>
						</HeartRateBpm>
					</Trackpoint>
					<Trackpoint>
						<Time>2569-06-22T12:45:57Z</Time>
						<HeartRateBpm>
							<Value>156</Value>
						</HeartRateBpm>
					</Trackpoint>
					<Trackpoint>
						<Time>2569-06-22T12:45:58Z</Time>
						<HeartRateBpm>
							<Value>156</Value>
						</HeartRateBpm>
					</Trackpoint>
					<Trackpoint>
						<Time>2569-06-22T12:45:59Z</Time>
						<HeartRateBpm>
							<Value>156</Value>
						</HeartRateBpm>
					</Trackpoint>
					<Trackpoint>
						<Time>2569-06-22T12:46:00Z</Time>
						<HeartRateBpm>
							<Value>155</Value>
						</HeartRateBpm>
					</Trackpoint>
					<Trackpoint>
						<Time>2569-06-22T12:46:01Z</Time>
						<HeartRateBpm>
							<Value>153</Value>
						</HeartRateBpm>
					</Trackpoint>
					<Trackpoint>
						<Time>2569-06-22T12:46:02Z</Time>
						<HeartRateBpm>
							<Value>152</Value>
						</HeartRateBpm>
					</Trackpoint>
					<Trackpoint>
						<Time>2569-06-22T12:46:03Z</Time>
						<HeartRateBpm>
							<Value>153</Value>
						</HeartRateBpm>
					</Trackpoint>
					<Trackpoint>
						<Time>2569-06-22T12:46:04Z</Time>
						<HeartRateBpm>
							<Value>152</Value>
						</HeartRateBpm>
					</Trackpoint>
					<Trackpoint>
						<Time>2569-06-22T12:46:05Z</Time>
						<HeartRateBpm>
							<Value>152</Value>
						</HeartRateBpm>
					</Trackpoint>
					<Trackpoint>
						<Time>2569-06-22T12:46:06Z</Time>
						<HeartRateBpm>
							<Value>150</Value>
						</HeartRateBpm>
					</Trackpoint>
					<Trackpoint>
						<Time>2569-06-22T12:46:07Z</Time>
						<HeartRateBpm>
							<Value>148</Value>
						</HeartRateBpm>
					</Trackpoint>
					<Trackpoint>
						<Time>2569-06-22T12:46:08Z</Time>
						<HeartRateBpm>
							<Value>149</Value>
						</HeartRateBpm>
					</Trackpoint>
					<Trackpoint>
						<Time>2569-06-22T12:46:09Z</Time>
						<HeartRateBpm>
							<Value>147</Value>
						</HeartRateBpm>
					</Trackpoint>
					<Trackpoint>
						<Time>2569-06-22T12:46:10Z</Time>
						<HeartRateBpm>
							<Value>146</Value>
						</HeartRateBpm>
					</Trackpoint>
					<Trackpoint>
						<Time>2569-06-22T12:46:11Z</Time>
						<HeartRateBpm>
							<Value>145</Value>
						</HeartRateBpm>
					</Trackpoint>
					<Trackpoint>
						<Time>2569-06-22T12:46:12Z</Time>
						<HeartRateBpm>
							<Value>144</Value>
						</HeartRateBpm>
					</Trackpoint>
					<Trackpoint>
						<Time>2569-06-22T12:46:13Z</Time>
						<HeartRateBpm>
							<Value>144</Value>
						</HeartRateBpm>
					</Trackpoint>
					<Trackpoint>
						<Time>2569-06-22T12:46:14Z</Time>
						<HeartRateBpm>
							<Value>144</Value>
						</HeartRateBpm>
					</Trackpoint>
					<Trackpoint>
						<Time>2569-06-22T12:46:15Z</Time>
						<HeartRateBpm>
							<Value>144</Value>
						</HeartRateBpm>
					</Trackpoint>
					<Trackpoint>
						<Time>2569-06-22T12:46:16Z</Time>
						<HeartRateBpm>
							<Value>143</Value>
						</HeartRateBpm>
					</Trackpoint>
					<Trackpoint>
						<Time>2569-06-22T12:46:17Z</Time>
						<HeartRateBpm>
							<Value>143</Value>
						</HeartRateBpm>
					</Trackpoint>
					<Trackpoint>
						<Time>2569-06-22T12:46:18Z</Time>
						<HeartRateBpm>
							<Value>143</Value>
						</HeartRateBpm>
					</Trackpoint>
					<Trackpoint>
						<Time>2569-06-22T12:46:19Z</Time>
						<HeartRateBpm>
							<Value>143</Value>
						</HeartRateBpm>
					</Trackpoint>
					<Trackpoint>
						<Time>2569-06-22T12:46:20Z</Time>
						<HeartRateBpm>
							<Value>143</Value>
						</HeartRateBpm>
					</Trackpoint>
					<Trackpoint>
						<Time>2569-06-22T12:46:21Z</Time>
						<HeartRateBpm>
							<Value>143</Value>
						</HeartRateBpm>
					</Trackpoint>
					<Trackpoint>
						<Time>2569-06-22T12:46:22Z</Time>
						<HeartRateBpm>
							<Value>143</Value>
						</HeartRateBpm>
					</Trackpoint>
					<Trackpoint>
						<Time>2569-06-22T12:46:23Z</Time>
						<HeartRateBpm>
							<Value>142</Value>
						</HeartRateBpm>
					</Trackpoint>
					<Trackpoint>
						<Time>2569-06-22T12:46:24Z</Time>
						<HeartRateBpm>
							<Value>141</Value>
						</HeartRateBpm>
					</Trackpoint>
					<Trackpoint>
						<Time>2569-06-22T12:46:25Z</Time>
						<HeartRateBpm>
							<Value>140</Value>
						</HeartRateBpm>
					</Trackpoint>
					<Trackpoint>
						<Time>2569-06-22T12:46:26Z</Time>
						<HeartRateBpm>
							<Value>139</Value>
						</HeartRateBpm>
					</Trackpoint>
					<Trackpoint>
						<Time>2569-06-22T12:46:27Z</Time>
						<HeartRateBpm>
							<Value>138</Value>
						</HeartRateBpm>
					</Trackpoint>
					<Trackpoint>
						<Time>2569-06-22T12:46:28Z</Time>
						<HeartRateBpm>
							<Value>137</Value>
						</HeartRateBpm>
					</Trackpoint>
					<Trackpoint>
						<Time>2569-06-22T12:46:29Z</Time>
						<HeartRateBpm>
							<Value>136</Value>
						</HeartRateBpm>
					</Trackpoint>
					<Trackpoint>
						<Time>2569-06-22T12:46:30Z</Time>
						<HeartRateBpm>
							<Value>135</Value>
						</HeartRateBpm>
					</Trackpoint>
					<Trackpoint>
						<Time>2569-06-22T12:46:31Z</Time>
						<HeartRateBpm>
							<Value>134</Value>
						</HeartRateBpm>
					</Trackpoint>
					<Trackpoint>
						<Time>2569-06-22T12:46:32Z</Time>
						<HeartRateBpm>
							<Value>134</Value>
						</HeartRateBpm>
					</Trackpoint>
					<Trackpoint>
						<Time>2569-06-22T12:46:33Z</Time>
						<HeartRateBpm>
							<Value>133</Value>
						</HeartRateBpm>
					</Trackpoint>
					<Trackpoint>
						<Time>2569-06-22T12:46:34Z</Time>
						<HeartRateBpm>
							<Value>132</Value>
						</HeartRateBpm>
					</Trackpoint>
					<Trackpoint>
						<Time>2569-06-22T12:46:35Z</Time>
						<HeartRateBpm>
							<Value>133</Value>
						</HeartRateBpm>
					</Trackpoint>
					<Trackpoint>
						<Time>2569-06-22T12:46:36Z</Time>
						<HeartRateBpm>
							<Value>132</Value>
						</HeartRateBpm>
					</Trackpoint>
					<Trackpoint>
						<Time>2569-06-22T12:46:37Z</Time>
						<HeartRateBpm>
							<Value>132</Value>
						</HeartRateBpm>
					</Trackpoint>
					<Trackpoint>
						<Time>2569-06-22T12:46:38Z</Time>
						<HeartRateBpm>
							<Value>133</Value>
						</HeartRateBpm>
					</Trackpoint>
					<Trackpoint>
						<Time>2569-06-22T12:46:39Z</Time>
						<HeartRateBpm>
							<Value>133</Value>
						</HeartRateBpm>
					</Trackpoint>
					<Trackpoint>
						<Time>2569-06-22T12:46:40Z</Time>
						<HeartRateBpm>
							<Value>134</Value>
						</HeartRateBpm>
					</Trackpoint>
					<Trackpoint>
						<Time>2569-06-22T12:46:41Z</Time>
						<HeartRateBpm>
							<Value>135</Value>
						</HeartRateBpm>
					</Trackpoint>
					<Trackpoint>
						<Time>2569-06-22T12:46:42Z</Time>
						<HeartRateBpm>
							<Value>134</Value>
						</HeartRateBpm>
					</Trackpoint>
					<Trackpoint>
						<Time>2569-06-22T12:46:43Z</Time>
						<HeartRateBpm>
							<Value>133</Value>
						</HeartRateBpm>
					</Trackpoint>
					<Trackpoint>
						<Time>2569-06-22T12:46:44Z</Time>
						<HeartRateBpm>
							<Value>132</Value>
						</HeartRateBpm>
					</Trackpoint>
					<Trackpoint>
						<Time>2569-06-22T12:46:45Z</Time>
						<HeartRateBpm>
							<Value>132</Value>
						</HeartRateBpm>
					</Trackpoint>
					<Trackpoint>
						<Time>2569-06-22T12:46:46Z</Time>
						<HeartRateBpm>
							<Value>132</Value>
						</HeartRateBpm>
					</Trackpoint>
					<Trackpoint>
						<Time>2569-06-22T12:46:47Z</Time>
						<HeartRateBpm>
							<Value>131</Value>
						</HeartRateBpm>
					</Trackpoint>
					<Trackpoint>
						<Time>2569-06-22T12:46:48Z</Time>
						<HeartRateBpm>
							<Value>130</Value>
						</HeartRateBpm>
					</Trackpoint>
					<Trackpoint>
						<Time>2569-06-22T12:46:49Z</Time>
						<HeartRateBpm>
							<Value>130</Value>
						</HeartRateBpm>
					</Trackpoint>
					<Trackpoint>
						<Time>2569-06-22T12:46:50Z</Time>
						<HeartRateBpm>
							<Value>131</Value>
						</HeartRateBpm>
					</Trackpoint>
					<Trackpoint>
						<Time>2569-06-22T12:46:51Z</Time>
						<HeartRateBpm>
							<Value>132</Value>
						</HeartRateBpm>
					</Trackpoint>
					<Trackpoint>
						<Time>2569-06-22T12:46:52Z</Time>
						<HeartRateBpm>
							<Value>133</Value>
						</HeartRateBpm>
					</Trackpoint>
					<Trackpoint>
						<Time>2569-06-22T12:46:53Z</Time>
						<HeartRateBpm>
							<Value>133</Value>
						</HeartRateBpm>
					</Trackpoint>
					<Trackpoint>
						<Time>2569-06-22T12:46:54Z</Time>
						<HeartRateBpm>
							<Value>134</Value>
						</HeartRateBpm>
					</Trackpoint>
					<Trackpoint>
						<Time>2569-06-22T12:46:55Z</Time>
						<HeartRateBpm>
							<Value>133</Value>
						</HeartRateBpm>
					</Trackpoint>
					<Trackpoint>
						<Time>2569-06-22T12:46:56Z</Time>
						<HeartRateBpm>
							<Value>133</Value>
						</HeartRateBpm>
					</Trackpoint>
					<Trackpoint>
						<Time>2569-06-22T12:46:57Z</Time>
						<HeartRateBpm>
							<Value>134</Value>
						</HeartRateBpm>
					</Trackpoint>
					<Trackpoint>
						<Time>2569-06-22T12:46:58Z</Time>
						<HeartRateBpm>
							<Value>135</Value>
						</HeartRateBpm>
					</Trackpoint>
					<Trackpoint>
						<Time>2569-06-22T12:46:59Z</Time>
						<HeartRateBpm>
							<Value>136</Value>
						</HeartRateBpm>
					</Trackpoint>
					<Trackpoint>
						<Time>2569-06-22T12:47:00Z</Time>
						<HeartRateBpm>
							<Value>136</Value>
						</HeartRateBpm>
					</Trackpoint>
					<Trackpoint>
						<Time>2569-06-22T12:47:01Z</Time>
						<HeartRateBpm>
							<Value>137</Value>
						</HeartRateBpm>
					</Trackpoint>
					<Trackpoint>
						<Time>2569-06-22T12:47:02Z</Time>
						<HeartRateBpm>
							<Value>136</Value>
						</HeartRateBpm>
					</Trackpoint>
					<Trackpoint>
						<Time>2569-06-22T12:47:03Z</Time>
						<HeartRateBpm>
							<Value>137</Value>
						</HeartRateBpm>
					</Trackpoint>
					<Trackpoint>
						<Time>2569-06-22T12:47:04Z</Time>
						<HeartRateBpm>
							<Value>137</Value>
						</HeartRateBpm>
					</Trackpoint>
					<Trackpoint>
						<Time>2569-06-22T12:47:05Z</Time>
						<HeartRateBpm>
							<Value>139</Value>
						</HeartRateBpm>
					</Trackpoint>
					<Trackpoint>
						<Time>2569-06-22T12:47:06Z</Time>
						<HeartRateBpm>
							<Value>139</Value>
						</HeartRateBpm>
					</Trackpoint>
					<Trackpoint>
						<Time>2569-06-22T12:47:07Z</Time>
						<HeartRateBpm>
							<Value>140</Value>
						</HeartRateBpm>
					</Trackpoint>
					<Trackpoint>
						<Time>2569-06-22T12:47:08Z</Time>
						<HeartRateBpm>
							<Value>141</Value>
						</HeartRateBpm>
					</Trackpoint>
					<Trackpoint>
						<Time>2569-06-22T12:47:09Z</Time>
						<HeartRateBpm>
							<Value>142</Value>
						</HeartRateBpm>
					</Trackpoint>
					<Trackpoint>
						<Time>2569-06-22T12:47:10Z</Time>
						<HeartRateBpm>
							<Value>141</Value>
						</HeartRateBpm>
					</Trackpoint>
					<Trackpoint>
						<Time>2569-06-22T12:47:11Z</Time>
						<HeartRateBpm>
							<Value>139</Value>
						</HeartRateBpm>
					</Trackpoint>
					<Trackpoint>
						<Time>2569-06-22T12:47:12Z</Time>
						<HeartRateBpm>
							<Value>139</Value>
						</HeartRateBpm>
					</Trackpoint>
					<Trackpoint>
						<Time>2569-06-22T12:47:13Z</Time>
						<HeartRateBpm>
							<Value>139</Value>
						</HeartRateBpm>
					</Trackpoint>
					<Trackpoint>
						<Time>2569-06-22T12:47:14Z</Time>
						<HeartRateBpm>
							<Value>140</Value>
						</HeartRateBpm>
					</Trackpoint>
					<Trackpoint>
						<Time>2569-06-22T12:47:15Z</Time>
						<HeartRateBpm>
							<Value>142</Value>
						</HeartRateBpm>
					</Trackpoint>
					<Trackpoint>
						<Time>2569-06-22T12:47:16Z</Time>
						<HeartRateBpm>
							<Value>144</Value>
						</HeartRateBpm>
					</Trackpoint>
					<Trackpoint>
						<Time>2569-06-22T12:47:17Z</Time>
						<HeartRateBpm>
							<Value>146</Value>
						</HeartRateBpm>
					</Trackpoint>
					<Trackpoint>
						<Time>2569-06-22T12:47:18Z</Time>
						<HeartRateBpm>
							<Value>147</Value>
						</HeartRateBpm>
					</Trackpoint>
					<Trackpoint>
						<Time>2569-06-22T12:47:19Z</Time>
						<HeartRateBpm>
							<Value>148</Value>
						</HeartRateBpm>
					</Trackpoint>
					<Trackpoint>
						<Time>2569-06-22T12:47:20Z</Time>
						<HeartRateBpm>
							<Value>149</Value>
						</HeartRateBpm>
					</Trackpoint>
					<Trackpoint>
						<Time>2569-06-22T12:47:21Z</Time>
						<HeartRateBpm>
							<Value>150</Value>
						</HeartRateBpm>
					</Trackpoint>
					<Trackpoint>
						<Time>2569-06-22T12:47:22Z</Time>
						<HeartRateBpm>
							<Value>151</Value>
						</HeartRateBpm>
					</Trackpoint>
					<Trackpoint>
						<Time>2569-06-22T12:47:23Z</Time>
						<HeartRateBpm>
							<Value>152</Value>
						</HeartRateBpm>
					</Trackpoint>
					<Trackpoint>
						<Time>2569-06-22T12:47:24Z</Time>
						<HeartRateBpm>
							<Value>152</Value>
						</HeartRateBpm>
					</Trackpoint>
					<Trackpoint>
						<Time>2569-06-22T12:47:25Z</Time>
						<HeartRateBpm>
							<Value>150</Value>
						</HeartRateBpm>
					</Trackpoint>
					<Trackpoint>
						<Time>2569-06-22T12:47:26Z</Time>
						<HeartRateBpm>
							<Value>147</Value>
						</HeartRateBpm>
					</Trackpoint>
					<Trackpoint>
						<Time>2569-06-22T12:47:27Z</Time>
						<HeartRateBpm>
							<Value>145</Value>
						</HeartRateBpm>
					</Trackpoint>
					<Trackpoint>
						<Time>2569-06-22T12:47:28Z</Time>
						<HeartRateBpm>
							<Value>144</Value>
						</HeartRateBpm>
					</Trackpoint>
					<Trackpoint>
						<Time>2569-06-22T12:47:29Z</Time>
						<HeartRateBpm>
							<Value>143</Value>
						</HeartRateBpm>
					</Trackpoint>
					<Trackpoint>
						<Time>2569-06-22T12:47:30Z</Time>
						<HeartRateBpm>
							<Value>141</Value>
						</HeartRateBpm>
					</Trackpoint>
					<Trackpoint>
						<Time>2569-06-22T12:47:31Z</Time>
						<HeartRateBpm>
							<Value>139</Value>
						</HeartRateBpm>
					</Trackpoint>
					<Trackpoint>
						<Time>2569-06-22T12:47:32Z</Time>
						<HeartRateBpm>
							<Value>137</Value>
						</HeartRateBpm>
					</Trackpoint>
					<Trackpoint>
						<Time>2569-06-22T12:47:33Z</Time>
						<HeartRateBpm>
							<Value>136</Value>
						</HeartRateBpm>
					</Trackpoint>
					<Trackpoint>
						<Time>2569-06-22T12:47:34Z</Time>
						<HeartRateBpm>
							<Value>136</Value>
						</HeartRateBpm>
					</Trackpoint>
					<Trackpoint>
						<Time>2569-06-22T12:47:35Z</Time>
						<HeartRateBpm>
							<Value>137</Value>
						</HeartRateBpm>
					</Trackpoint>
					<Trackpoint>
						<Time>2569-06-22T12:47:36Z</Time>
						<HeartRateBpm>
							<Value>137</Value>
						</HeartRateBpm>
					</Trackpoint>
					<Trackpoint>
						<Time>2569-06-22T12:47:37Z</Time>
						<HeartRateBpm>
							<Value>139</Value>
						</HeartRateBpm>
					</Trackpoint>
					<Trackpoint>
						<Time>2569-06-22T12:47:38Z</Time>
						<HeartRateBpm>
							<Value>141</Value>
						</HeartRateBpm>
					</Trackpoint>
					<Trackpoint>
						<Time>2569-06-22T12:47:39Z</Time>
						<HeartRateBpm>
							<Value>142</Value>
						</HeartRateBpm>
					</Trackpoint>
					<Trackpoint>
						<Time>2569-06-22T12:47:40Z</Time>
						<HeartRateBpm>
							<Value>141</Value>
						</HeartRateBpm>
					</Trackpoint>
					<Trackpoint>
						<Time>2569-06-22T12:47:41Z</Time>
						<HeartRateBpm>
							<Value>141</Value>
						</HeartRateBpm>
					</Trackpoint>
					<Trackpoint>
						<Time>2569-06-22T12:47:42Z</Time>
						<HeartRateBpm>
							<Value>141</Value>
						</HeartRateBpm>
					</Trackpoint>
					<Trackpoint>
						<Time>2569-06-22T12:47:43Z</Time>
						<HeartRateBpm>
							<Value>141</Value>
						</HeartRateBpm>
					</Trackpoint>
					<Trackpoint>
						<Time>2569-06-22T12:47:44Z</Time>
						<HeartRateBpm>
							<Value>141</Value>
						</HeartRateBpm>
					</Trackpoint>
					<Trackpoint>
						<Time>2569-06-22T12:47:45Z</Time>
						<HeartRateBpm>
							<Value>140</Value>
						</HeartRateBpm>
					</Trackpoint>
					<Trackpoint>
						<Time>2569-06-22T12:47:46Z</Time>
						<HeartRateBpm>
							<Value>139</Value>
						</HeartRateBpm>
					</Trackpoint>
					<Trackpoint>
						<Time>2569-06-22T12:47:47Z</Time>
						<HeartRateBpm>
							<Value>139</Value>
						</HeartRateBpm>
					</Trackpoint>
					<Trackpoint>
						<Time>2569-06-22T12:47:48Z</Time>
						<HeartRateBpm>
							<Value>139</Value>
						</HeartRateBpm>
					</Trackpoint>
					<Trackpoint>
						<Time>2569-06-22T12:47:49Z</Time>
						<HeartRateBpm>
							<Value>140</Value>
						</HeartRateBpm>
					</Trackpoint>
					<Trackpoint>
						<Time>2569-06-22T12:47:50Z</Time>
						<HeartRateBpm>
							<Value>139</Value>
						</HeartRateBpm>
					</Trackpoint>
					<Trackpoint>
						<Time>2569-06-22T12:47:51Z</Time>
						<HeartRateBpm>
							<Value>140</Value>
						</HeartRateBpm>
					</Trackpoint>
					<Trackpoint>
						<Time>2569-06-22T12:47:52Z</Time>
						<HeartRateBpm>
							<Value>140</Value>
						</HeartRateBpm>
					</Trackpoint>
					<Trackpoint>
						<Time>2569-06-22T12:47:53Z</Time>
						<HeartRateBpm>
							<Value>139</Value>
						</HeartRateBpm>
					</Trackpoint>
					<Trackpoint>
						<Time>2569-06-22T12:47:54Z</Time>
						<HeartRateBpm>
							<Value>140</Value>
						</HeartRateBpm>
					</Trackpoint>
					<Trackpoint>
						<Time>2569-06-22T12:47:55Z</Time>
						<HeartRateBpm>
							<Value>140</Value>
						</HeartRateBpm>
					</Trackpoint>
					<Trackpoint>
						<Time>2569-06-22T12:47:56Z</Time>
						<HeartRateBpm>
							<Value>139</Value>
						</HeartRateBpm>
					</Trackpoint>
					<Trackpoint>
						<Time>2569-06-22T12:47:57Z</Time>
						<HeartRateBpm>
							<Value>139</Value>
						</HeartRateBpm>
					</Trackpoint>
					<Trackpoint>
						<Time>2569-06-22T12:47:58Z</Time>
						<HeartRateBpm>
							<Value>139</Value>
						</HeartRateBpm>
					</Trackpoint>
					<Trackpoint>
						<Time>2569-06-22T12:47:59Z</Time>
						<HeartRateBpm>
							<Value>141</Value>
						</HeartRateBpm>
					</Trackpoint>
					<Trackpoint>
						<Time>2569-06-22T12:48:00Z</Time>
						<HeartRateBpm>
							<Value>143</Value>
						</HeartRateBpm>
					</Trackpoint>
					<Trackpoint>
						<Time>2569-06-22T12:48:01Z</Time>
						<HeartRateBpm>
							<Value>142</Value>
						</HeartRateBpm>
					</Trackpoint>
					<Trackpoint>
						<Time>2569-06-22T12:48:02Z</Time>
						<HeartRateBpm>
							<Value>145</Value>
						</HeartRateBpm>
					</Trackpoint>
					<Trackpoint>
						<Time>2569-06-22T12:48:03Z</Time>
						<HeartRateBpm>
							<Value>145</Value>
						</HeartRateBpm>
					</Trackpoint>
					<Trackpoint>
						<Time>2569-06-22T12:48:04Z</Time>
						<HeartRateBpm>
							<Value>145</Value>
						</HeartRateBpm>
					</Trackpoint>
					<Trackpoint>
						<Time>2569-06-22T12:48:05Z</Time>
						<HeartRateBpm>
							<Value>145</Value>
						</HeartRateBpm>
					</Trackpoint>
					<Trackpoint>
						<Time>2569-06-22T12:48:06Z</Time>
						<HeartRateBpm>
							<Value>145</Value>
						</HeartRateBpm>
					</Trackpoint>
					<Trackpoint>
						<Time>2569-06-22T12:48:07Z</Time>
						<HeartRateBpm>
							<Value>145</Value>
						</HeartRateBpm>
					</Trackpoint>
					<Trackpoint>
						<Time>2569-06-22T12:48:08Z</Time>
						<HeartRateBpm>
							<Value>146</Value>
						</HeartRateBpm>
					</Trackpoint>
					<Trackpoint>
						<Time>2569-06-22T12:48:09Z</Time>
						<HeartRateBpm>
							<Value>146</Value>
						</HeartRateBpm>
					</Trackpoint>
					<Trackpoint>
						<Time>2569-06-22T12:48:10Z</Time>
						<HeartRateBpm>
							<Value>147</Value>
						</HeartRateBpm>
					</Trackpoint>
					<Trackpoint>
						<Time>2569-06-22T12:48:11Z</Time>
						<HeartRateBpm>
							<Value>146</Value>
						</HeartRateBpm>
					</Trackpoint>
					<Trackpoint>
						<Time>2569-06-22T12:48:12Z</Time>
						<HeartRateBpm>
							<Value>146</Value>
						</HeartRateBpm>
					</Trackpoint>
					<Trackpoint>
						<Time>2569-06-22T12:48:13Z</Time>
						<HeartRateBpm>
							<Value>146</Value>
						</HeartRateBpm>
					</Trackpoint>
					<Trackpoint>
						<Time>2569-06-22T12:48:14Z</Time>
						<HeartRateBpm>
							<Value>145</Value>
						</HeartRateBpm>
					</Trackpoint>
					<Trackpoint>
						<Time>2569-06-22T12:48:15Z</Time>
						<HeartRateBpm>
							<Value>145</Value>
						</HeartRateBpm>
					</Trackpoint>
					<Trackpoint>
						<Time>2569-06-22T12:48:16Z</Time>
						<HeartRateBpm>
							<Value>143</Value>
						</HeartRateBpm>
					</Trackpoint>
					<Trackpoint>
						<Time>2569-06-22T12:48:17Z</Time>
						<HeartRateBpm>
							<Value>144</Value>
						</HeartRateBpm>
					</Trackpoint>
					<Trackpoint>
						<Time>2569-06-22T12:48:18Z</Time>
						<HeartRateBpm>
							<Value>143</Value>
						</HeartRateBpm>
					</Trackpoint>
					<Trackpoint>
						<Time>2569-06-22T12:48:19Z</Time>
						<HeartRateBpm>
							<Value>143</Value>
						</HeartRateBpm>
					</Trackpoint>
					<Trackpoint>
						<Time>2569-06-22T12:48:20Z</Time>
						<HeartRateBpm>
							<Value>146</Value>
						</HeartRateBpm>
					</Trackpoint>
					<Trackpoint>
						<Time>2569-06-22T12:48:21Z</Time>
						<HeartRateBpm>
							<Value>150</Value>
						</HeartRateBpm>
					</Trackpoint>
					<Trackpoint>
						<Time>2569-06-22T12:48:22Z</Time>
						<HeartRateBpm>
							<Value>154</Value>
						</HeartRateBpm>
					</Trackpoint>
					<Trackpoint>
						<Time>2569-06-22T12:48:23Z</Time>
						<HeartRateBpm>
							<Value>156</Value>
						</HeartRateBpm>
					</Trackpoint>
					<Trackpoint>
						<Time>2569-06-22T12:48:24Z</Time>
						<HeartRateBpm>
							<Value>155</Value>
						</HeartRateBpm>
					</Trackpoint>
					<Trackpoint>
						<Time>2569-06-22T12:48:25Z</Time>
						<HeartRateBpm>
							<Value>155</Value>
						</HeartRateBpm>
					</Trackpoint>
					<Trackpoint>
						<Time>2569-06-22T12:48:26Z</Time>
						<HeartRateBpm>
							<Value>153</Value>
						</HeartRateBpm>
					</Trackpoint>
					<Trackpoint>
						<Time>2569-06-22T12:48:27Z</Time>
						<HeartRateBpm>
							<Value>152</Value>
						</HeartRateBpm>
					</Trackpoint>
					<Trackpoint>
						<Time>2569-06-22T12:48:28Z</Time>
						<HeartRateBpm>
							<Value>152</Value>
						</HeartRateBpm>
					</Trackpoint>
					<Trackpoint>
						<Time>2569-06-22T12:48:29Z</Time>
						<HeartRateBpm>
							<Value>151</Value>
						</HeartRateBpm>
					</Trackpoint>
					<Trackpoint>
						<Time>2569-06-22T12:48:30Z</Time>
						<HeartRateBpm>
							<Value>150</Value>
						</HeartRateBpm>
					</Trackpoint>
					<Trackpoint>
						<Time>2569-06-22T12:48:31Z</Time>
						<HeartRateBpm>
							<Value>150</Value>
						</HeartRateBpm>
					</Trackpoint>
					<Trackpoint>
						<Time>2569-06-22T12:48:32Z</Time>
						<HeartRateBpm>
							<Value>151</Value>
						</HeartRateBpm>
					</Trackpoint>
					<Trackpoint>
						<Time>2569-06-22T12:48:33Z</Time>
						<HeartRateBpm>
							<Value>150</Value>
						</HeartRateBpm>
					</Trackpoint>
					<Trackpoint>
						<Time>2569-06-22T12:48:34Z</Time>
						<HeartRateBpm>
							<Value>150</Value>
						</HeartRateBpm>
					</Trackpoint>
					<Trackpoint>
						<Time>2569-06-22T12:48:35Z</Time>
						<HeartRateBpm>
							<Value>150</Value>
						</HeartRateBpm>
					</Trackpoint>
					<Trackpoint>
						<Time>2569-06-22T12:48:36Z</Time>
						<HeartRateBpm>
							<Value>148</Value>
						</HeartRateBpm>
					</Trackpoint>
					<Trackpoint>
						<Time>2569-06-22T12:48:37Z</Time>
						<HeartRateBpm>
							<Value>147</Value>
						</HeartRateBpm>
					</Trackpoint>
					<Trackpoint>
						<Time>2569-06-22T12:48:38Z</Time>
						<HeartRateBpm>
							<Value>145</Value>
						</HeartRateBpm>
					</Trackpoint>
					<Trackpoint>
						<Time>2569-06-22T12:48:39Z</Time>
						<HeartRateBpm>
							<Value>145</Value>
						</HeartRateBpm>
					</Trackpoint>
					<Trackpoint>
						<Time>2569-06-22T12:48:40Z</Time>
						<HeartRateBpm>
							<Value>144</Value>
						</HeartRateBpm>
					</Trackpoint>
					<Trackpoint>
						<Time>2569-06-22T12:48:41Z</Time>
						<HeartRateBpm>
							<Value>143</Value>
						</HeartRateBpm>
					</Trackpoint>
					<Trackpoint>
						<Time>2569-06-22T12:48:42Z</Time>
						<HeartRateBpm>
							<Value>143</Value>
						</HeartRateBpm>
					</Trackpoint>
					<Trackpoint>
						<Time>2569-06-22T12:48:43Z</Time>
						<HeartRateBpm>
							<Value>142</Value>
						</HeartRateBpm>
					</Trackpoint>
					<Trackpoint>
						<Time>2569-06-22T12:48:44Z</Time>
						<HeartRateBpm>
							<Value>142</Value>
						</HeartRateBpm>
					</Trackpoint>
					<Trackpoint>
						<Time>2569-06-22T12:48:45Z</Time>
						<HeartRateBpm>
							<Value>141</Value>
						</HeartRateBpm>
					</Trackpoint>
					<Trackpoint>
						<Time>2569-06-22T12:48:46Z</Time>
						<HeartRateBpm>
							<Value>141</Value>
						</HeartRateBpm>
					</Trackpoint>
					<Trackpoint>
						<Time>2569-06-22T12:48:47Z</Time>
						<HeartRateBpm>
							<Value>140</Value>
						</HeartRateBpm>
					</Trackpoint>
					<Trackpoint>
						<Time>2569-06-22T12:48:48Z</Time>
						<HeartRateBpm>
							<Value>140</Value>
						</HeartRateBpm>
					</Trackpoint>
					<Trackpoint>
						<Time>2569-06-22T12:48:49Z</Time>
						<HeartRateBpm>
							<Value>140</Value>
						</HeartRateBpm>
					</Trackpoint>
					<Trackpoint>
						<Time>2569-06-22T12:48:50Z</Time>
						<HeartRateBpm>
							<Value>140</Value>
						</HeartRateBpm>
					</Trackpoint>
					<Trackpoint>
						<Time>2569-06-22T12:48:51Z</Time>
						<HeartRateBpm>
							<Value>140</Value>
						</HeartRateBpm>
					</Trackpoint>
					<Trackpoint>
						<Time>2569-06-22T12:48:52Z</Time>
						<HeartRateBpm>
							<Value>139</Value>
						</HeartRateBpm>
					</Trackpoint>
					<Trackpoint>
						<Time>2569-06-22T12:48:53Z</Time>
						<HeartRateBpm>
							<Value>138</Value>
						</HeartRateBpm>
					</Trackpoint>
					<Trackpoint>
						<Time>2569-06-22T12:48:54Z</Time>
						<HeartRateBpm>
							<Value>138</Value>
						</HeartRateBpm>
					</Trackpoint>
					<Trackpoint>
						<Time>2569-06-22T12:48:55Z</Time>
						<HeartRateBpm>
							<Value>137</Value>
						</HeartRateBpm>
					</Trackpoint>
					<Trackpoint>
						<Time>2569-06-22T12:48:56Z</Time>
						<HeartRateBpm>
							<Value>137</Value>
						</HeartRateBpm>
					</Trackpoint>
					<Trackpoint>
						<Time>2569-06-22T12:48:57Z</Time>
						<HeartRateBpm>
							<Value>137</Value>
						</HeartRateBpm>
					</Trackpoint>
					<Trackpoint>
						<Time>2569-06-22T12:48:58Z</Time>
						<HeartRateBpm>
							<Value>137</Value>
						</HeartRateBpm>
					</Trackpoint>
					<Trackpoint>
						<Time>2569-06-22T12:48:59Z</Time>
						<HeartRateBpm>
							<Value>136</Value>
						</HeartRateBpm>
					</Trackpoint>
					<Trackpoint>
						<Time>2569-06-22T12:49:00Z</Time>
						<HeartRateBpm>
							<Value>135</Value>
						</HeartRateBpm>
					</Trackpoint>
					<Trackpoint>
						<Time>2569-06-22T12:49:01Z</Time>
						<HeartRateBpm>
							<Value>135</Value>
						</HeartRateBpm>
					</Trackpoint>
					<Trackpoint>
						<Time>2569-06-22T12:49:02Z</Time>
						<HeartRateBpm>
							<Value>136</Value>
						</HeartRateBpm>
					</Trackpoint>
					<Trackpoint>
						<Time>2569-06-22T12:49:03Z</Time>
						<HeartRateBpm>
							<Value>137</Value>
						</HeartRateBpm>
					</Trackpoint>
					<Trackpoint>
						<Time>2569-06-22T12:49:04Z</Time>
						<HeartRateBpm>
							<Value>139</Value>
						</HeartRateBpm>
					</Trackpoint>
					<Trackpoint>
						<Time>2569-06-22T12:49:05Z</Time>
						<HeartRateBpm>
							<Value>138</Value>
						</HeartRateBpm>
					</Trackpoint>
					<Trackpoint>
						<Time>2569-06-22T12:49:06Z</Time>
						<HeartRateBpm>
							<Value>138</Value>
						</HeartRateBpm>
					</Trackpoint>
					<Trackpoint>
						<Time>2569-06-22T12:49:07Z</Time>
						<HeartRateBpm>
							<Value>139</Value>
						</HeartRateBpm>
					</Trackpoint>
					<Trackpoint>
						<Time>2569-06-22T12:49:08Z</Time>
						<HeartRateBpm>
							<Value>139</Value>
						</HeartRateBpm>
					</Trackpoint>
					<Trackpoint>
						<Time>2569-06-22T12:49:09Z</Time>
						<HeartRateBpm>
							<Value>139</Value>
						</HeartRateBpm>
					</Trackpoint>
					<Trackpoint>
						<Time>2569-06-22T12:49:10Z</Time>
						<HeartRateBpm>
							<Value>139</Value>
						</HeartRateBpm>
					</Trackpoint>
					<Trackpoint>
						<Time>2569-06-22T12:49:11Z</Time>
						<HeartRateBpm>
							<Value>139</Value>
						</HeartRateBpm>
					</Trackpoint>
					<Trackpoint>
						<Time>2569-06-22T12:49:12Z</Time>
						<HeartRateBpm>
							<Value>139</Value>
						</HeartRateBpm>
					</Trackpoint>
					<Trackpoint>
						<Time>2569-06-22T12:49:13Z</Time>
						<HeartRateBpm>
							<Value>138</Value>
						</HeartRateBpm>
					</Trackpoint>
					<Trackpoint>
						<Time>2569-06-22T12:49:14Z</Time>
						<HeartRateBpm>
							<Value>137</Value>
						</HeartRateBpm>
					</Trackpoint>
					<Trackpoint>
						<Time>2569-06-22T12:49:15Z</Time>
						<HeartRateBpm>
							<Value>137</Value>
						</HeartRateBpm>
					</Trackpoint>
					<Trackpoint>
						<Time>2569-06-22T12:49:16Z</Time>
						<HeartRateBpm>
							<Value>137</Value>
						</HeartRateBpm>
					</Trackpoint>
					<Trackpoint>
						<Time>2569-06-22T12:49:17Z</Time>
						<HeartRateBpm>
							<Value>139</Value>
						</HeartRateBpm>
					</Trackpoint>
					<Trackpoint>
						<Time>2569-06-22T12:49:18Z</Time>
						<HeartRateBpm>
							<Value>139</Value>
						</HeartRateBpm>
					</Trackpoint>
					<Trackpoint>
						<Time>2569-06-22T12:49:19Z</Time>
						<HeartRateBpm>
							<Value>139</Value>
						</HeartRateBpm>
					</Trackpoint>
					<Trackpoint>
						<Time>2569-06-22T12:49:20Z</Time>
						<HeartRateBpm>
							<Value>140</Value>
						</HeartRateBpm>
					</Trackpoint>
					<Trackpoint>
						<Time>2569-06-22T12:49:21Z</Time>
						<HeartRateBpm>
							<Value>140</Value>
						</HeartRateBpm>
					</Trackpoint>
					<Trackpoint>
						<Time>2569-06-22T12:49:22Z</Time>
						<HeartRateBpm>
							<Value>140</Value>
						</HeartRateBpm>
					</Trackpoint>
					<Trackpoint>
						<Time>2569-06-22T12:49:23Z</Time>
						<HeartRateBpm>
							<Value>139</Value>
						</HeartRateBpm>
					</Trackpoint>
					<Trackpoint>
						<Time>2569-06-22T12:49:24Z</Time>
						<HeartRateBpm>
							<Value>139</Value>
						</HeartRateBpm>
					</Trackpoint>
					<Trackpoint>
						<Time>2569-06-22T12:49:26Z</Time>
						<HeartRateBpm>
							<Value>139</Value>
						</HeartRateBpm>
					</Trackpoint>
					<Trackpoint>
						<Time>2569-06-22T12:49:27Z</Time>
						<HeartRateBpm>
							<Value>139</Value>
						</HeartRateBpm>
					</Trackpoint>
					<Trackpoint>
						<Time>2569-06-22T12:49:28Z</Time>
						<HeartRateBpm>
							<Value>139</Value>
						</HeartRateBpm>
					</Trackpoint>
					<Trackpoint>
						<Time>2569-06-22T12:49:29Z</Time>
						<HeartRateBpm>
							<Value>138</Value>
						</HeartRateBpm>
					</Trackpoint>
					<Trackpoint>
						<Time>2569-06-22T12:49:30Z</Time>
						<HeartRateBpm>
							<Value>138</Value>
						</HeartRateBpm>
					</Trackpoint>
					<Trackpoint>
						<Time>2569-06-22T12:49:31Z</Time>
						<HeartRateBpm>
							<Value>137</Value>
						</HeartRateBpm>
					</Trackpoint>
					<Trackpoint>
						<Time>2569-06-22T12:49:32Z</Time>
						<HeartRateBpm>
							<Value>138</Value>
						</HeartRateBpm>
					</Trackpoint>
					<Trackpoint>
						<Time>2569-06-22T12:49:33Z</Time>
						<HeartRateBpm>
							<Value>137</Value>
						</HeartRateBpm>
					</Trackpoint>
					<Trackpoint>
						<Time>2569-06-22T12:49:34Z</Time>
						<HeartRateBpm>
							<Value>137</Value>
						</HeartRateBpm>
					</Trackpoint>
					<Trackpoint>
						<Time>2569-06-22T12:49:35Z</Time>
						<HeartRateBpm>
							<Value>138</Value>
						</HeartRateBpm>
					</Trackpoint>
					<Trackpoint>
						<Time>2569-06-22T12:49:36Z</Time>
						<HeartRateBpm>
							<Value>138</Value>
						</HeartRateBpm>
					</Trackpoint>
					<Trackpoint>
						<Time>2569-06-22T12:49:37Z</Time>
						<HeartRateBpm>
							<Value>139</Value>
						</HeartRateBpm>
					</Trackpoint>
					<Trackpoint>
						<Time>2569-06-22T12:49:38Z</Time>
						<HeartRateBpm>
							<Value>140</Value>
						</HeartRateBpm>
					</Trackpoint>
					<Trackpoint>
						<Time>2569-06-22T12:49:39Z</Time>
						<HeartRateBpm>
							<Value>140</Value>
						</HeartRateBpm>
					</Trackpoint>
					<Trackpoint>
						<Time>2569-06-22T12:49:40Z</Time>
						<HeartRateBpm>
							<Value>140</Value>
						</HeartRateBpm>
					</Trackpoint>
					<Trackpoint>
						<Time>2569-06-22T12:49:41Z</Time>
						<HeartRateBpm>
							<Value>140</Value>
						</HeartRateBpm>
					</Trackpoint>
					<Trackpoint>
						<Time>2569-06-22T12:49:42Z</Time>
						<HeartRateBpm>
							<Value>141</Value>
						</HeartRateBpm>
					</Trackpoint>
					<Trackpoint>
						<Time>2569-06-22T12:49:43Z</Time>
						<HeartRateBpm>
							<Value>141</Value>
						</HeartRateBpm>
					</Trackpoint>
					<Trackpoint>
						<Time>2569-06-22T12:49:44Z</Time>
						<HeartRateBpm>
							<Value>141</Value>
						</HeartRateBpm>
					</Trackpoint>
					<Trackpoint>
						<Time>2569-06-22T12:49:45Z</Time>
						<HeartRateBpm>
							<Value>141</Value>
						</HeartRateBpm>
					</Trackpoint>
					<Trackpoint>
						<Time>2569-06-22T12:49:46Z</Time>
						<HeartRateBpm>
							<Value>141</Value>
						</HeartRateBpm>
					</Trackpoint>
					<Trackpoint>
						<Time>2569-06-22T12:49:47Z</Time>
						<HeartRateBpm>
							<Value>142</Value>
						</HeartRateBpm>
					</Trackpoint>
					<Trackpoint>
						<Time>2569-06-22T12:49:48Z</Time>
						<HeartRateBpm>
							<Value>144</Value>
						</HeartRateBpm>
					</Trackpoint>
					<Trackpoint>
						<Time>2569-06-22T12:49:49Z</Time>
						<HeartRateBpm>
							<Value>144</Value>
						</HeartRateBpm>
					</Trackpoint>
					<Trackpoint>
						<Time>2569-06-22T12:49:50Z</Time>
						<HeartRateBpm>
							<Value>144</Value>
						</HeartRateBpm>
					</Trackpoint>
					<Trackpoint>
						<Time>2569-06-22T12:49:51Z</Time>
						<HeartRateBpm>
							<Value>144</Value>
						</HeartRateBpm>
					</Trackpoint>
					<Trackpoint>
						<Time>2569-06-22T12:49:52Z</Time>
						<HeartRateBpm>
							<Value>142</Value>
						</HeartRateBpm>
					</Trackpoint>
					<Trackpoint>
						<Time>2569-06-22T12:49:53Z</Time>
						<HeartRateBpm>
							<Value>141</Value>
						</HeartRateBpm>
					</Trackpoint>
					<Trackpoint>
						<Time>2569-06-22T12:49:54Z</Time>
						<HeartRateBpm>
							<Value>140</Value>
						</HeartRateBpm>
					</Trackpoint>
					<Trackpoint>
						<Time>2569-06-22T12:49:55Z</Time>
						<HeartRateBpm>
							<Value>140</Value>
						</HeartRateBpm>
					</Trackpoint>
					<Trackpoint>
						<Time>2569-06-22T12:49:56Z</Time>
						<HeartRateBpm>
							<Value>140</Value>
						</HeartRateBpm>
					</Trackpoint>
					<Trackpoint>
						<Time>2569-06-22T12:49:57Z</Time>
						<HeartRateBpm>
							<Value>140</Value>
						</HeartRateBpm>
					</Trackpoint>
					<Trackpoint>
						<Time>2569-06-22T12:49:58Z</Time>
						<HeartRateBpm>
							<Value>141</Value>
						</HeartRateBpm>
					</Trackpoint>
					<Trackpoint>
						<Time>2569-06-22T12:49:59Z</Time>
						<HeartRateBpm>
							<Value>142</Value>
						</HeartRateBpm>
					</Trackpoint>
					<Trackpoint>
						<Time>2569-06-22T12:50:00Z</Time>
						<HeartRateBpm>
							<Value>143</Value>
						</HeartRateBpm>
					</Trackpoint>
					<Trackpoint>
						<Time>2569-06-22T12:50:01Z</Time>
						<HeartRateBpm>
							<Value>144</Value>
						</HeartRateBpm>
					</Trackpoint>
					<Trackpoint>
						<Time>2569-06-22T12:50:02Z</Time>
						<HeartRateBpm>
							<Value>145</Value>
						</HeartRateBpm>
					</Trackpoint>
					<Trackpoint>
						<Time>2569-06-22T12:50:03Z</Time>
						<HeartRateBpm>
							<Value>145</Value>
						</HeartRateBpm>
					</Trackpoint>
					<Trackpoint>
						<Time>2569-06-22T12:50:04Z</Time>
						<HeartRateBpm>
							<Value>144</Value>
						</HeartRateBpm>
					</Trackpoint>
					<Trackpoint>
						<Time>2569-06-22T12:50:05Z</Time>
						<HeartRateBpm>
							<Value>143</Value>
						</HeartRateBpm>
					</Trackpoint>
					<Trackpoint>
						<Time>2569-06-22T12:50:06Z</Time>
						<HeartRateBpm>
							<Value>141</Value>
						</HeartRateBpm>
					</Trackpoint>
					<Trackpoint>
						<Time>2569-06-22T12:50:07Z</Time>
						<HeartRateBpm>
							<Value>141</Value>
						</HeartRateBpm>
					</Trackpoint>
					<Trackpoint>
						<Time>2569-06-22T12:50:08Z</Time>
						<HeartRateBpm>
							<Value>141</Value>
						</HeartRateBpm>
					</Trackpoint>
					<Trackpoint>
						<Time>2569-06-22T12:50:09Z</Time>
						<HeartRateBpm>
							<Value>140</Value>
						</HeartRateBpm>
					</Trackpoint>
					<Trackpoint>
						<Time>2569-06-22T12:50:10Z</Time>
						<HeartRateBpm>
							<Value>140</Value>
						</HeartRateBpm>
					</Trackpoint>
					<Trackpoint>
						<Time>2569-06-22T12:50:11Z</Time>
						<HeartRateBpm>
							<Value>140</Value>
						</HeartRateBpm>
					</Trackpoint>
					<Trackpoint>
						<Time>2569-06-22T12:50:12Z</Time>
						<HeartRateBpm>
							<Value>139</Value>
						</HeartRateBpm>
					</Trackpoint>
					<Trackpoint>
						<Time>2569-06-22T12:50:13Z</Time>
						<HeartRateBpm>
							<Value>140</Value>
						</HeartRateBpm>
					</Trackpoint>
					<Trackpoint>
						<Time>2569-06-22T12:50:14Z</Time>
						<HeartRateBpm>
							<Value>141</Value>
						</HeartRateBpm>
					</Trackpoint>
					<Trackpoint>
						<Time>2569-06-22T12:50:15Z</Time>
						<HeartRateBpm>
							<Value>140</Value>
						</HeartRateBpm>
					</Trackpoint>
					<Trackpoint>
						<Time>2569-06-22T12:50:16Z</Time>
						<HeartRateBpm>
							<Value>139</Value>
						</HeartRateBpm>
					</Trackpoint>
					<Trackpoint>
						<Time>2569-06-22T12:50:17Z</Time>
						<HeartRateBpm>
							<Value>141</Value>
						</HeartRateBpm>
					</Trackpoint>
					<Trackpoint>
						<Time>2569-06-22T12:50:18Z</Time>
						<HeartRateBpm>
							<Value>141</Value>
						</HeartRateBpm>
					</Trackpoint>
					<Trackpoint>
						<Time>2569-06-22T12:50:19Z</Time>
						<HeartRateBpm>
							<Value>142</Value>
						</HeartRateBpm>
					</Trackpoint>
					<Trackpoint>
						<Time>2569-06-22T12:50:20Z</Time>
						<HeartRateBpm>
							<Value>141</Value>
						</HeartRateBpm>
					</Trackpoint>
					<Trackpoint>
						<Time>2569-06-22T12:50:21Z</Time>
						<HeartRateBpm>
							<Value>141</Value>
						</HeartRateBpm>
					</Trackpoint>
					<Trackpoint>
						<Time>2569-06-22T12:50:22Z</Time>
						<HeartRateBpm>
							<Value>141</Value>
						</HeartRateBpm>
					</Trackpoint>
					<Trackpoint>
						<Time>2569-06-22T12:50:23Z</Time>
						<HeartRateBpm>
							<Value>142</Value>
						</HeartRateBpm>
					</Trackpoint>
					<Trackpoint>
						<Time>2569-06-22T12:50:24Z</Time>
						<HeartRateBpm>
							<Value>142</Value>
						</HeartRateBpm>
					</Trackpoint>
					<Trackpoint>
						<Time>2569-06-22T12:50:25Z</Time>
						<HeartRateBpm>
							<Value>142</Value>
						</HeartRateBpm>
					</Trackpoint>
					<Trackpoint>
						<Time>2569-06-22T12:50:26Z</Time>
						<HeartRateBpm>
							<Value>144</Value>
						</HeartRateBpm>
					</Trackpoint>
					<Trackpoint>
						<Time>2569-06-22T12:50:27Z</Time>
						<HeartRateBpm>
							<Value>144</Value>
						</HeartRateBpm>
					</Trackpoint>
					<Trackpoint>
						<Time>2569-06-22T12:50:28Z</Time>
						<HeartRateBpm>
							<Value>143</Value>
						</HeartRateBpm>
					</Trackpoint>
					<Trackpoint>
						<Time>2569-06-22T12:50:29Z</Time>
						<HeartRateBpm>
							<Value>144</Value>
						</HeartRateBpm>
					</Trackpoint>
					<Trackpoint>
						<Time>2569-06-22T12:50:30Z</Time>
						<HeartRateBpm>
							<Value>147</Value>
						</HeartRateBpm>
					</Trackpoint>
					<Trackpoint>
						<Time>2569-06-22T12:50:31Z</Time>
						<HeartRateBpm>
							<Value>148</Value>
						</HeartRateBpm>
					</Trackpoint>
					<Trackpoint>
						<Time>2569-06-22T12:50:32Z</Time>
						<HeartRateBpm>
							<Value>148</Value>
						</HeartRateBpm>
					</Trackpoint>
					<Trackpoint>
						<Time>2569-06-22T12:50:33Z</Time>
						<HeartRateBpm>
							<Value>149</Value>
						</HeartRateBpm>
					</Trackpoint>
					<Trackpoint>
						<Time>2569-06-22T12:50:34Z</Time>
						<HeartRateBpm>
							<Value>147</Value>
						</HeartRateBpm>
					</Trackpoint>
					<Trackpoint>
						<Time>2569-06-22T12:50:35Z</Time>
						<HeartRateBpm>
							<Value>148</Value>
						</HeartRateBpm>
					</Trackpoint>
					<Trackpoint>
						<Time>2569-06-22T12:50:36Z</Time>
						<HeartRateBpm>
							<Value>147</Value>
						</HeartRateBpm>
					</Trackpoint>
					<Trackpoint>
						<Time>2569-06-22T12:50:37Z</Time>
						<HeartRateBpm>
							<Value>149</Value>
						</HeartRateBpm>
					</Trackpoint>
					<Trackpoint>
						<Time>2569-06-22T12:50:38Z</Time>
						<HeartRateBpm>
							<Value>152</Value>
						</HeartRateBpm>
					</Trackpoint>
					<Trackpoint>
						<Time>2569-06-22T12:50:39Z</Time>
						<HeartRateBpm>
							<Value>150</Value>
						</HeartRateBpm>
					</Trackpoint>
					<Trackpoint>
						<Time>2569-06-22T12:50:40Z</Time>
						<HeartRateBpm>
							<Value>149</Value>
						</HeartRateBpm>
					</Trackpoint>
					<Trackpoint>
						<Time>2569-06-22T12:50:41Z</Time>
						<HeartRateBpm>
							<Value>149</Value>
						</HeartRateBpm>
					</Trackpoint>
					<Trackpoint>
						<Time>2569-06-22T12:50:42Z</Time>
						<HeartRateBpm>
							<Value>149</Value>
						</HeartRateBpm>
					</Trackpoint>
					<Trackpoint>
						<Time>2569-06-22T12:50:43Z</Time>
						<HeartRateBpm>
							<Value>150</Value>
						</HeartRateBpm>
					</Trackpoint>
					<Trackpoint>
						<Time>2569-06-22T12:50:44Z</Time>
						<HeartRateBpm>
							<Value>156</Value>
						</HeartRateBpm>
					</Trackpoint>
					<Trackpoint>
						<Time>2569-06-22T12:50:45Z</Time>
						<HeartRateBpm>
							<Value>153</Value>
						</HeartRateBpm>
					</Trackpoint>
					<Trackpoint>
						<Time>2569-06-22T12:50:46Z</Time>
						<HeartRateBpm>
							<Value>152</Value>
						</HeartRateBpm>
					</Trackpoint>
					<Trackpoint>
						<Time>2569-06-22T12:50:47Z</Time>
						<HeartRateBpm>
							<Value>152</Value>
						</HeartRateBpm>
					</Trackpoint>
					<Trackpoint>
						<Time>2569-06-22T12:50:48Z</Time>
						<HeartRateBpm>
							<Value>151</Value>
						</HeartRateBpm>
					</Trackpoint>
					<Trackpoint>
						<Time>2569-06-22T12:50:49Z</Time>
						<HeartRateBpm>
							<Value>150</Value>
						</HeartRateBpm>
					</Trackpoint>
					<Trackpoint>
						<Time>2569-06-22T12:50:50Z</Time>
						<HeartRateBpm>
							<Value>149</Value>
						</HeartRateBpm>
					</Trackpoint>
					<Trackpoint>
						<Time>2569-06-22T12:50:51Z</Time>
						<HeartRateBpm>
							<Value>148</Value>
						</HeartRateBpm>
					</Trackpoint>
					<Trackpoint>
						<Time>2569-06-22T12:50:52Z</Time>
						<HeartRateBpm>
							<Value>147</Value>
						</HeartRateBpm>
					</Trackpoint>
					<Trackpoint>
						<Time>2569-06-22T12:50:53Z</Time>
						<HeartRateBpm>
							<Value>147</Value>
						</HeartRateBpm>
					</Trackpoint>
					<Trackpoint>
						<Time>2569-06-22T12:50:54Z</Time>
						<HeartRateBpm>
							<Value>146</Value>
						</HeartRateBpm>
					</Trackpoint>
					<Trackpoint>
						<Time>2569-06-22T12:50:55Z</Time>
						<HeartRateBpm>
							<Value>146</Value>
						</HeartRateBpm>
					</Trackpoint>
					<Trackpoint>
						<Time>2569-06-22T12:50:56Z</Time>
						<HeartRateBpm>
							<Value>145</Value>
						</HeartRateBpm>
					</Trackpoint>
					<Trackpoint>
						<Time>2569-06-22T12:50:57Z</Time>
						<HeartRateBpm>
							<Value>145</Value>
						</HeartRateBpm>
					</Trackpoint>
					<Trackpoint>
						<Time>2569-06-22T12:50:58Z</Time>
						<HeartRateBpm>
							<Value>145</Value>
						</HeartRateBpm>
					</Trackpoint>
					<Trackpoint>
						<Time>2569-06-22T12:50:59Z</Time>
						<HeartRateBpm>
							<Value>146</Value>
						</HeartRateBpm>
					</Trackpoint>
					<Trackpoint>
						<Time>2569-06-22T12:51:00Z</Time>
						<HeartRateBpm>
							<Value>145</Value>
						</HeartRateBpm>
					</Trackpoint>
					<Trackpoint>
						<Time>2569-06-22T12:51:01Z</Time>
						<HeartRateBpm>
							<Value>144</Value>
						</HeartRateBpm>
					</Trackpoint>
					<Trackpoint>
						<Time>2569-06-22T12:51:02Z</Time>
						<HeartRateBpm>
							<Value>143</Value>
						</HeartRateBpm>
					</Trackpoint>
					<Trackpoint>
						<Time>2569-06-22T12:51:03Z</Time>
						<HeartRateBpm>
							<Value>141</Value>
						</HeartRateBpm>
					</Trackpoint>
					<Trackpoint>
						<Time>2569-06-22T12:51:04Z</Time>
						<HeartRateBpm>
							<Value>140</Value>
						</HeartRateBpm>
					</Trackpoint>
					<Trackpoint>
						<Time>2569-06-22T12:51:05Z</Time>
						<HeartRateBpm>
							<Value>139</Value>
						</HeartRateBpm>
					</Trackpoint>
					<Trackpoint>
						<Time>2569-06-22T12:51:06Z</Time>
						<HeartRateBpm>
							<Value>138</Value>
						</HeartRateBpm>
					</Trackpoint>
					<Trackpoint>
						<Time>2569-06-22T12:51:07Z</Time>
						<HeartRateBpm>
							<Value>138</Value>
						</HeartRateBpm>
					</Trackpoint>
					<Trackpoint>
						<Time>2569-06-22T12:51:08Z</Time>
						<HeartRateBpm>
							<Value>138</Value>
						</HeartRateBpm>
					</Trackpoint>
					<Trackpoint>
						<Time>2569-06-22T12:51:09Z</Time>
						<HeartRateBpm>
							<Value>138</Value>
						</HeartRateBpm>
					</Trackpoint>
					<Trackpoint>
						<Time>2569-06-22T12:51:10Z</Time>
						<HeartRateBpm>
							<Value>137</Value>
						</HeartRateBpm>
					</Trackpoint>
					<Trackpoint>
						<Time>2569-06-22T12:51:11Z</Time>
						<HeartRateBpm>
							<Value>137</Value>
						</HeartRateBpm>
					</Trackpoint>
					<Trackpoint>
						<Time>2569-06-22T12:51:12Z</Time>
						<HeartRateBpm>
							<Value>137</Value>
						</HeartRateBpm>
					</Trackpoint>
					<Trackpoint>
						<Time>2569-06-22T12:51:13Z</Time>
						<HeartRateBpm>
							<Value>137</Value>
						</HeartRateBpm>
					</Trackpoint>
					<Trackpoint>
						<Time>2569-06-22T12:51:14Z</Time>
						<HeartRateBpm>
							<Value>137</Value>
						</HeartRateBpm>
					</Trackpoint>
					<Trackpoint>
						<Time>2569-06-22T12:51:15Z</Time>
						<HeartRateBpm>
							<Value>138</Value>
						</HeartRateBpm>
					</Trackpoint>
					<Trackpoint>
						<Time>2569-06-22T12:51:16Z</Time>
						<HeartRateBpm>
							<Value>138</Value>
						</HeartRateBpm>
					</Trackpoint>
					<Trackpoint>
						<Time>2569-06-22T12:51:17Z</Time>
						<HeartRateBpm>
							<Value>137</Value>
						</HeartRateBpm>
					</Trackpoint>
					<Trackpoint>
						<Time>2569-06-22T12:51:18Z</Time>
						<HeartRateBpm>
							<Value>137</Value>
						</HeartRateBpm>
					</Trackpoint>
					<Trackpoint>
						<Time>2569-06-22T12:51:19Z</Time>
						<HeartRateBpm>
							<Value>137</Value>
						</HeartRateBpm>
					</Trackpoint>
					<Trackpoint>
						<Time>2569-06-22T12:51:20Z</Time>
						<HeartRateBpm>
							<Value>138</Value>
						</HeartRateBpm>
					</Trackpoint>
					<Trackpoint>
						<Time>2569-06-22T12:51:21Z</Time>
						<HeartRateBpm>
							<Value>140</Value>
						</HeartRateBpm>
					</Trackpoint>
					<Trackpoint>
						<Time>2569-06-22T12:51:22Z</Time>
						<HeartRateBpm>
							<Value>139</Value>
						</HeartRateBpm>
					</Trackpoint>
					<Trackpoint>
						<Time>2569-06-22T12:51:23Z</Time>
						<HeartRateBpm>
							<Value>138</Value>
						</HeartRateBpm>
					</Trackpoint>
					<Trackpoint>
						<Time>2569-06-22T12:51:24Z</Time>
						<HeartRateBpm>
							<Value>140</Value>
						</HeartRateBpm>
					</Trackpoint>
					<Trackpoint>
						<Time>2569-06-22T12:51:25Z</Time>
						<HeartRateBpm>
							<Value>143</Value>
						</HeartRateBpm>
					</Trackpoint>
					<Trackpoint>
						<Time>2569-06-22T12:51:26Z</Time>
						<HeartRateBpm>
							<Value>144</Value>
						</HeartRateBpm>
					</Trackpoint>
					<Trackpoint>
						<Time>2569-06-22T12:51:27Z</Time>
						<HeartRateBpm>
							<Value>145</Value>
						</HeartRateBpm>
					</Trackpoint>
					<Trackpoint>
						<Time>2569-06-22T12:51:28Z</Time>
						<HeartRateBpm>
							<Value>147</Value>
						</HeartRateBpm>
					</Trackpoint>
					<Trackpoint>
						<Time>2569-06-22T12:51:29Z</Time>
						<HeartRateBpm>
							<Value>147</Value>
						</HeartRateBpm>
					</Trackpoint>
					<Trackpoint>
						<Time>2569-06-22T12:51:30Z</Time>
						<HeartRateBpm>
							<Value>145</Value>
						</HeartRateBpm>
					</Trackpoint>
					<Trackpoint>
						<Time>2569-06-22T12:51:31Z</Time>
						<HeartRateBpm>
							<Value>145</Value>
						</HeartRateBpm>
					</Trackpoint>
					<Trackpoint>
						<Time>2569-06-22T12:51:32Z</Time>
						<HeartRateBpm>
							<Value>145</Value>
						</HeartRateBpm>
					</Trackpoint>
					<Trackpoint>
						<Time>2569-06-22T12:51:33Z</Time>
						<HeartRateBpm>
							<Value>147</Value>
						</HeartRateBpm>
					</Trackpoint>
					<Trackpoint>
						<Time>2569-06-22T12:51:34Z</Time>
						<HeartRateBpm>
							<Value>150</Value>
						</HeartRateBpm>
					</Trackpoint>
					<Trackpoint>
						<Time>2569-06-22T12:51:35Z</Time>
						<HeartRateBpm>
							<Value>151</Value>
						</HeartRateBpm>
					</Trackpoint>
					<Trackpoint>
						<Time>2569-06-22T12:51:36Z</Time>
						<HeartRateBpm>
							<Value>151</Value>
						</HeartRateBpm>
					</Trackpoint>
					<Trackpoint>
						<Time>2569-06-22T12:51:37Z</Time>
						<HeartRateBpm>
							<Value>149</Value>
						</HeartRateBpm>
					</Trackpoint>
					<Trackpoint>
						<Time>2569-06-22T12:51:38Z</Time>
						<HeartRateBpm>
							<Value>149</Value>
						</HeartRateBpm>
					</Trackpoint>
					<Trackpoint>
						<Time>2569-06-22T12:51:39Z</Time>
						<HeartRateBpm>
							<Value>150</Value>
						</HeartRateBpm>
					</Trackpoint>
					<Trackpoint>
						<Time>2569-06-22T12:51:40Z</Time>
						<HeartRateBpm>
							<Value>149</Value>
						</HeartRateBpm>
					</Trackpoint>
					<Trackpoint>
						<Time>2569-06-22T12:51:41Z</Time>
						<HeartRateBpm>
							<Value>150</Value>
						</HeartRateBpm>
					</Trackpoint>
					<Trackpoint>
						<Time>2569-06-22T12:51:42Z</Time>
						<HeartRateBpm>
							<Value>151</Value>
						</HeartRateBpm>
					</Trackpoint>
					<Trackpoint>
						<Time>2569-06-22T12:51:43Z</Time>
						<HeartRateBpm>
							<Value>152</Value>
						</HeartRateBpm>
					</Trackpoint>
					<Trackpoint>
						<Time>2569-06-22T12:51:44Z</Time>
						<HeartRateBpm>
							<Value>153</Value>
						</HeartRateBpm>
					</Trackpoint>
					<Trackpoint>
						<Time>2569-06-22T12:51:45Z</Time>
						<HeartRateBpm>
							<Value>154</Value>
						</HeartRateBpm>
					</Trackpoint>
					<Trackpoint>
						<Time>2569-06-22T12:51:46Z</Time>
						<HeartRateBpm>
							<Value>154</Value>
						</HeartRateBpm>
					</Trackpoint>
					<Trackpoint>
						<Time>2569-06-22T12:51:47Z</Time>
						<HeartRateBpm>
							<Value>155</Value>
						</HeartRateBpm>
					</Trackpoint>
					<Trackpoint>
						<Time>2569-06-22T12:51:48Z</Time>
						<HeartRateBpm>
							<Value>156</Value>
						</HeartRateBpm>
					</Trackpoint>
					<Trackpoint>
						<Time>2569-06-22T12:51:49Z</Time>
						<HeartRateBpm>
							<Value>156</Value>
						</HeartRateBpm>
					</Trackpoint>
					<Trackpoint>
						<Time>2569-06-22T12:51:50Z</Time>
						<HeartRateBpm>
							<Value>157</Value>
						</HeartRateBpm>
					</Trackpoint>
					<Trackpoint>
						<Time>2569-06-22T12:51:51Z</Time>
						<HeartRateBpm>
							<Value>158</Value>
						</HeartRateBpm>
					</Trackpoint>
					<Trackpoint>
						<Time>2569-06-22T12:51:52Z</Time>
						<HeartRateBpm>
							<Value>157</Value>
						</HeartRateBpm>
					</Trackpoint>
					<Trackpoint>
						<Time>2569-06-22T12:51:53Z</Time>
						<HeartRateBpm>
							<Value>156</Value>
						</HeartRateBpm>
					</Trackpoint>
					<Trackpoint>
						<Time>2569-06-22T12:51:54Z</Time>
						<HeartRateBpm>
							<Value>155</Value>
						</HeartRateBpm>
					</Trackpoint>
					<Trackpoint>
						<Time>2569-06-22T12:51:55Z</Time>
						<HeartRateBpm>
							<Value>155</Value>
						</HeartRateBpm>
					</Trackpoint>
					<Trackpoint>
						<Time>2569-06-22T12:51:56Z</Time>
						<HeartRateBpm>
							<Value>154</Value>
						</HeartRateBpm>
					</Trackpoint>
					<Trackpoint>
						<Time>2569-06-22T12:51:57Z</Time>
						<HeartRateBpm>
							<Value>153</Value>
						</HeartRateBpm>
					</Trackpoint>
					<Trackpoint>
						<Time>2569-06-22T12:51:58Z</Time>
						<HeartRateBpm>
							<Value>153</Value>
						</HeartRateBpm>
					</Trackpoint>
					<Trackpoint>
						<Time>2569-06-22T12:51:59Z</Time>
						<HeartRateBpm>
							<Value>153</Value>
						</HeartRateBpm>
					</Trackpoint>
					<Trackpoint>
						<Time>2569-06-22T12:52:00Z</Time>
						<HeartRateBpm>
							<Value>154</Value>
						</HeartRateBpm>
					</Trackpoint>
					<Trackpoint>
						<Time>2569-06-22T12:52:01Z</Time>
						<HeartRateBpm>
							<Value>153</Value>
						</HeartRateBpm>
					</Trackpoint>
					<Trackpoint>
						<Time>2569-06-22T12:52:02Z</Time>
						<HeartRateBpm>
							<Value>153</Value>
						</HeartRateBpm>
					</Trackpoint>
					<Trackpoint>
						<Time>2569-06-22T12:52:03Z</Time>
						<HeartRateBpm>
							<Value>153</Value>
						</HeartRateBpm>
					</Trackpoint>
					<Trackpoint>
						<Time>2569-06-22T12:52:04Z</Time>
						<HeartRateBpm>
							<Value>152</Value>
						</HeartRateBpm>
					</Trackpoint>
					<Trackpoint>
						<Time>2569-06-22T12:52:05Z</Time>
						<HeartRateBpm>
							<Value>152</Value>
						</HeartRateBpm>
					</Trackpoint>
					<Trackpoint>
						<Time>2569-06-22T12:52:06Z</Time>
						<HeartRateBpm>
							<Value>153</Value>
						</HeartRateBpm>
					</Trackpoint>
					<Trackpoint>
						<Time>2569-06-22T12:52:07Z</Time>
						<HeartRateBpm>
							<Value>153</Value>
						</HeartRateBpm>
					</Trackpoint>
					<Trackpoint>
						<Time>2569-06-22T12:52:08Z</Time>
						<HeartRateBpm>
							<Value>152</Value>
						</HeartRateBpm>
					</Trackpoint>
					<Trackpoint>
						<Time>2569-06-22T12:52:09Z</Time>
						<HeartRateBpm>
							<Value>153</Value>
						</HeartRateBpm>
					</Trackpoint>
					<Trackpoint>
						<Time>2569-06-22T12:52:11Z</Time>
						<HeartRateBpm>
							<Value>150</Value>
						</HeartRateBpm>
					</Trackpoint>
					<Trackpoint>
						<Time>2569-06-22T12:52:11Z</Time>
						<HeartRateBpm>
							<Value>150</Value>
						</HeartRateBpm>
					</Trackpoint>
					<Trackpoint>
						<Time>2569-06-22T12:52:12Z</Time>
						<HeartRateBpm>
							<Value>150</Value>
						</HeartRateBpm>
					</Trackpoint>
					<Trackpoint>
						<Time>2569-06-22T12:52:13Z</Time>
						<HeartRateBpm>
							<Value>150</Value>
						</HeartRateBpm>
					</Trackpoint>
					<Trackpoint>
						<Time>2569-06-22T12:52:14Z</Time>
						<HeartRateBpm>
							<Value>151</Value>
						</HeartRateBpm>
					</Trackpoint>
					<Trackpoint>
						<Time>2569-06-22T12:52:16Z</Time>
						<HeartRateBpm>
							<Value>150</Value>
						</HeartRateBpm>
					</Trackpoint>
					<Trackpoint>
						<Time>2569-06-22T12:52:17Z</Time>
						<HeartRateBpm>
							<Value>148</Value>
						</HeartRateBpm>
					</Trackpoint>
					<Trackpoint>
						<Time>2569-06-22T12:52:17Z</Time>
						<HeartRateBpm>
							<Value>148</Value>
						</HeartRateBpm>
					</Trackpoint>
					<Trackpoint>
						<Time>2569-06-22T12:52:19Z</Time>
						<HeartRateBpm>
							<Value>146</Value>
						</HeartRateBpm>
					</Trackpoint>
					<Trackpoint>
						<Time>2569-06-22T12:52:19Z</Time>
						<HeartRateBpm>
							<Value>146</Value>
						</HeartRateBpm>
					</Trackpoint>
					<Trackpoint>
						<Time>2569-06-22T12:52:20Z</Time>
						<HeartRateBpm>
							<Value>148</Value>
						</HeartRateBpm>
					</Trackpoint>
					<Trackpoint>
						<Time>2569-06-22T12:52:21Z</Time>
						<HeartRateBpm>
							<Value>148</Value>
						</HeartRateBpm>
					</Trackpoint>
					<Trackpoint>
						<Time>2569-06-22T12:52:22Z</Time>
						<HeartRateBpm>
							<Value>147</Value>
						</HeartRateBpm>
					</Trackpoint>
					<Trackpoint>
						<Time>2569-06-22T12:52:24Z</Time>
						<HeartRateBpm>
							<Value>147</Value>
						</HeartRateBpm>
					</Trackpoint>
					<Trackpoint>
						<Time>2569-06-22T12:52:25Z</Time>
						<HeartRateBpm>
							<Value>148</Value>
						</HeartRateBpm>
					</Trackpoint>
					<Trackpoint>
						<Time>2569-06-22T12:52:26Z</Time>
						<HeartRateBpm>
							<Value>147</Value>
						</HeartRateBpm>
					</Trackpoint>
					<Trackpoint>
						<Time>2569-06-22T12:52:27Z</Time>
						<HeartRateBpm>
							<Value>146</Value>
						</HeartRateBpm>
					</Trackpoint>
					<Trackpoint>
						<Time>2569-06-22T12:52:28Z</Time>
						<HeartRateBpm>
							<Value>145</Value>
						</HeartRateBpm>
					</Trackpoint>
					<Trackpoint>
						<Time>2569-06-22T12:52:29Z</Time>
						<HeartRateBpm>
							<Value>145</Value>
						</HeartRateBpm>
					</Trackpoint>
					<Trackpoint>
						<Time>2569-06-22T12:52:30Z</Time>
						<HeartRateBpm>
							<Value>145</Value>
						</HeartRateBpm>
					</Trackpoint>
					<Trackpoint>
						<Time>2569-06-22T12:52:31Z</Time>
						<HeartRateBpm>
							<Value>145</Value>
						</HeartRateBpm>
					</Trackpoint>
					<Trackpoint>
						<Time>2569-06-22T12:52:32Z</Time>
						<HeartRateBpm>
							<Value>144</Value>
						</HeartRateBpm>
					</Trackpoint>
					<Trackpoint>
						<Time>2569-06-22T12:52:33Z</Time>
						<HeartRateBpm>
							<Value>144</Value>
						</HeartRateBpm>
					</Trackpoint>
					<Trackpoint>
						<Time>2569-06-22T12:52:34Z</Time>
						<HeartRateBpm>
							<Value>144</Value>
						</HeartRateBpm>
					</Trackpoint>
					<Trackpoint>
						<Time>2569-06-22T12:52:35Z</Time>
						<HeartRateBpm>
							<Value>146</Value>
						</HeartRateBpm>
					</Trackpoint>
					<Trackpoint>
						<Time>2569-06-22T12:52:36Z</Time>
						<HeartRateBpm>
							<Value>149</Value>
						</HeartRateBpm>
					</Trackpoint>
					<Trackpoint>
						<Time>2569-06-22T12:52:37Z</Time>
						<HeartRateBpm>
							<Value>149</Value>
						</HeartRateBpm>
					</Trackpoint>
					<Trackpoint>
						<Time>2569-06-22T12:52:38Z</Time>
						<HeartRateBpm>
							<Value>149</Value>
						</HeartRateBpm>
					</Trackpoint>
					<Trackpoint>
						<Time>2569-06-22T12:52:39Z</Time>
						<HeartRateBpm>
							<Value>149</Value>
						</HeartRateBpm>
					</Trackpoint>
					<Trackpoint>
						<Time>2569-06-22T12:52:40Z</Time>
						<HeartRateBpm>
							<Value>151</Value>
						</HeartRateBpm>
					</Trackpoint>
					<Trackpoint>
						<Time>2569-06-22T12:52:41Z</Time>
						<HeartRateBpm>
							<Value>151</Value>
						</HeartRateBpm>
					</Trackpoint>
					<Trackpoint>
						<Time>2569-06-22T12:52:42Z</Time>
						<HeartRateBpm>
							<Value>151</Value>
						</HeartRateBpm>
					</Trackpoint>
					<Trackpoint>
						<Time>2569-06-22T12:52:43Z</Time>
						<HeartRateBpm>
							<Value>152</Value>
						</HeartRateBpm>
					</Trackpoint>
					<Trackpoint>
						<Time>2569-06-22T12:52:44Z</Time>
						<HeartRateBpm>
							<Value>152</Value>
						</HeartRateBpm>
					</Trackpoint>
					<Trackpoint>
						<Time>2569-06-22T12:52:44Z</Time>
						<HeartRateBpm>
							<Value>152</Value>
						</HeartRateBpm>
					</Trackpoint>
					<Trackpoint>
						<Time>2569-06-22T12:52:46Z</Time>
						<HeartRateBpm>
							<Value>151</Value>
						</HeartRateBpm>
					</Trackpoint>
					<Trackpoint>
						<Time>2569-06-22T12:52:46Z</Time>
						<HeartRateBpm>
							<Value>151</Value>
						</HeartRateBpm>
					</Trackpoint>
					<Trackpoint>
						<Time>2569-06-22T12:52:48Z</Time>
						<HeartRateBpm>
							<Value>150</Value>
						</HeartRateBpm>
					</Trackpoint>
					<Trackpoint>
						<Time>2569-06-22T12:52:49Z</Time>
						<HeartRateBpm>
							<Value>149</Value>
						</HeartRateBpm>
					</Trackpoint>
					<Trackpoint>
						<Time>2569-06-22T12:52:50Z</Time>
						<HeartRateBpm>
							<Value>148</Value>
						</HeartRateBpm>
					</Trackpoint>
					<Trackpoint>
						<Time>2569-06-22T12:52:51Z</Time>
						<HeartRateBpm>
							<Value>148</Value>
						</HeartRateBpm>
					</Trackpoint>
					<Trackpoint>
						<Time>2569-06-22T12:52:52Z</Time>
						<HeartRateBpm>
							<Value>149</Value>
						</HeartRateBpm>
					</Trackpoint>
					<Trackpoint>
						<Time>2569-06-22T12:52:53Z</Time>
						<HeartRateBpm>
							<Value>150</Value>
						</HeartRateBpm>
					</Trackpoint>
					<Trackpoint>
						<Time>2569-06-22T12:52:54Z</Time>
						<HeartRateBpm>
							<Value>150</Value>
						</HeartRateBpm>
					</Trackpoint>
					<Trackpoint>
						<Time>2569-06-22T12:52:55Z</Time>
						<HeartRateBpm>
							<Value>151</Value>
						</HeartRateBpm>
					</Trackpoint>
					<Trackpoint>
						<Time>2569-06-22T12:52:56Z</Time>
						<HeartRateBpm>
							<Value>151</Value>
						</HeartRateBpm>
					</Trackpoint>
					<Trackpoint>
						<Time>2569-06-22T12:52:57Z</Time>
						<HeartRateBpm>
							<Value>150</Value>
						</HeartRateBpm>
					</Trackpoint>
					<Trackpoint>
						<Time>2569-06-22T12:52:58Z</Time>
						<HeartRateBpm>
							<Value>150</Value>
						</HeartRateBpm>
					</Trackpoint>
					<Trackpoint>
						<Time>2569-06-22T12:52:59Z</Time>
						<HeartRateBpm>
							<Value>150</Value>
						</HeartRateBpm>
					</Trackpoint>
					<Trackpoint>
						<Time>2569-06-22T12:53:00Z</Time>
						<HeartRateBpm>
							<Value>150</Value>
						</HeartRateBpm>
					</Trackpoint>
					<Trackpoint>
						<Time>2569-06-22T12:53:01Z</Time>
						<HeartRateBpm>
							<Value>149</Value>
						</HeartRateBpm>
					</Trackpoint>
					<Trackpoint>
						<Time>2569-06-22T12:53:02Z</Time>
						<HeartRateBpm>
							<Value>149</Value>
						</HeartRateBpm>
					</Trackpoint>
					<Trackpoint>
						<Time>2569-06-22T12:53:03Z</Time>
						<HeartRateBpm>
							<Value>149</Value>
						</HeartRateBpm>
					</Trackpoint>
					<Trackpoint>
						<Time>2569-06-22T12:53:04Z</Time>
						<HeartRateBpm>
							<Value>149</Value>
						</HeartRateBpm>
					</Trackpoint>
					<Trackpoint>
						<Time>2569-06-22T12:53:05Z</Time>
						<HeartRateBpm>
							<Value>149</Value>
						</HeartRateBpm>
					</Trackpoint>
					<Trackpoint>
						<Time>2569-06-22T12:53:06Z</Time>
						<HeartRateBpm>
							<Value>147</Value>
						</HeartRateBpm>
					</Trackpoint>
					<Trackpoint>
						<Time>2569-06-22T12:53:07Z</Time>
						<HeartRateBpm>
							<Value>146</Value>
						</HeartRateBpm>
					</Trackpoint>
					<Trackpoint>
						<Time>2569-06-22T12:53:08Z</Time>
						<HeartRateBpm>
							<Value>145</Value>
						</HeartRateBpm>
					</Trackpoint>
					<Trackpoint>
						<Time>2569-06-22T12:53:09Z</Time>
						<HeartRateBpm>
							<Value>144</Value>
						</HeartRateBpm>
					</Trackpoint>
					<Trackpoint>
						<Time>2569-06-22T12:53:10Z</Time>
						<HeartRateBpm>
							<Value>143</Value>
						</HeartRateBpm>
					</Trackpoint>
					<Trackpoint>
						<Time>2569-06-22T12:53:11Z</Time>
						<HeartRateBpm>
							<Value>143</Value>
						</HeartRateBpm>
					</Trackpoint>
					<Trackpoint>
						<Time>2569-06-22T12:53:12Z</Time>
						<HeartRateBpm>
							<Value>141</Value>
						</HeartRateBpm>
					</Trackpoint>
					<Trackpoint>
						<Time>2569-06-22T12:53:13Z</Time>
						<HeartRateBpm>
							<Value>141</Value>
						</HeartRateBpm>
					</Trackpoint>
					<Trackpoint>
						<Time>2569-06-22T12:53:14Z</Time>
						<HeartRateBpm>
							<Value>141</Value>
						</HeartRateBpm>
					</Trackpoint>
					<Trackpoint>
						<Time>2569-06-22T12:53:15Z</Time>
						<HeartRateBpm>
							<Value>140</Value>
						</HeartRateBpm>
					</Trackpoint>
					<Trackpoint>
						<Time>2569-06-22T12:53:16Z</Time>
						<HeartRateBpm>
							<Value>140</Value>
						</HeartRateBpm>
					</Trackpoint>
					<Trackpoint>
						<Time>2569-06-22T12:53:17Z</Time>
						<HeartRateBpm>
							<Value>139</Value>
						</HeartRateBpm>
					</Trackpoint>
					<Trackpoint>
						<Time>2569-06-22T12:53:17Z</Time>
						<HeartRateBpm>
							<Value>139</Value>
						</HeartRateBpm>
					</Trackpoint>
					<Trackpoint>
						<Time>2569-06-22T12:53:18Z</Time>
						<HeartRateBpm>
							<Value>138</Value>
						</HeartRateBpm>
					</Trackpoint>
					<Trackpoint>
						<Time>2569-06-22T12:53:20Z</Time>
						<HeartRateBpm>
							<Value>136</Value>
						</HeartRateBpm>
					</Trackpoint>
					<Trackpoint>
						<Time>2569-06-22T12:53:20Z</Time>
						<HeartRateBpm>
							<Value>136</Value>
						</HeartRateBpm>
					</Trackpoint>
					<Trackpoint>
						<Time>2569-06-22T12:53:21Z</Time>
						<HeartRateBpm>
							<Value>135</Value>
						</HeartRateBpm>
					</Trackpoint>
					<Trackpoint>
						<Time>2569-06-22T12:53:22Z</Time>
						<HeartRateBpm>
							<Value>133</Value>
						</HeartRateBpm>
					</Trackpoint>
					<Trackpoint>
						<Time>2569-06-22T12:53:23Z</Time>
						<HeartRateBpm>
							<Value>132</Value>
						</HeartRateBpm>
					</Trackpoint>
					<Trackpoint>
						<Time>2569-06-22T12:53:24Z</Time>
						<HeartRateBpm>
							<Value>131</Value>
						</HeartRateBpm>
					</Trackpoint>
					<Trackpoint>
						<Time>2569-06-22T12:53:25Z</Time>
						<HeartRateBpm>
							<Value>129</Value>
						</HeartRateBpm>
					</Trackpoint>
				</Track>
			</Lap>
			<Creator xsi:type="Device_t">
				<Name>Amazfit Active 2 (Round)</Name>
			</Creator>
		</Activity>
	</Activities>
	<Author xsi:type="Application_t">
		<Name>Zepp</Name>
	</Author>
</TrainingCenterDatabase>