<?xml version="1.0" encoding="utf-8" standalone="no"?>
<TrainingCenterDatabase xmlns="http://www.garmin.com/xmlschemas/TrainingCenterDatabase/v2" xmlns:ns2="http://www.garmin.com/xmlschemas/UserProfile/v2" xmlns:ns3="http://www.garmin.com/xmlschemas/ActivityExtension/v2" xmlns:ns4="http://www.garmin.com/xmlschemas/ProfileExtension/v1" xmlns:ns5="http://www.garmin.com/xmlschemas/ActivityGoals/v1" xmlns:xsi="http://www.w3.org/2001/XMLSchema-instance" xsi:schemaLocation="http://www.garmin.com/xmlschemas/TrainingCenterDatabase/v2 http://www.garmin.com/xmlschemas/TrainingCenterDatabasev2.xsd">
	<Activities>
		<Activity Sport="Running">
			<Id>2569-03-03T11:33:01Z</Id>
			<Notes>การเดิน</Notes>
			<Lap StartTime="2569-03-03T11:33:01Z">
				<TotalTimeSeconds>2012</TotalTimeSeconds>
				<DistanceMeters>2084</DistanceMeters>
				<MaximumSpeed>0</MaximumSpeed>
				<Calories>168</Calories>
				<AverageHeartRateBpm>
					<Value>100</Value>
				</AverageHeartRateBpm>
				<MaximumHeartRateBpm>
					<Value>128</Value>
				</MaximumHeartRateBpm>
				<Intensity>Active</Intensity>
				<TriggerMethod>Manual</TriggerMethod>
				<Extensions>
					<ns3:LX>
						<ns3:AvgSpeed>0.965563</ns3:AvgSpeed>
						<ns3:maxRunCadence>141</ns3:maxRunCadence>
						<ns3:AvgRunCadence>66</ns3:AvgRunCadence>
					</ns3:LX>
				</Extensions>
				<Track>
					<Trackpoint>
						<Time>2569-03-03T11:33:01Z</Time>
						<Position>
							<LatitudeDegrees>12.583676</LatitudeDegrees>
							<LongitudeDegrees>101.418078</LongitudeDegrees>
						</Position>
						<AltitudeMeters>11.100000</AltitudeMeters>
						<HeartRateBpm>
							<Value>89</Value>
						</HeartRateBpm>
					</Trackpoint>
					<Trackpoint>
						<Time>2569-03-03T11:33:02Z</Time>
						<Position>
							<LatitudeDegrees>12.583675</LatitudeDegrees>
							<LongitudeDegrees>101.418083</LongitudeDegrees>
						</Position>
						<AltitudeMeters>11.100000</AltitudeMeters>
						<HeartRateBpm>
							<Value>89</Value>
						</HeartRateBpm>
					</Trackpoint>
					<Trackpoint>
						<Time>2569-03-03T11:33:03Z</Time>
						<Position>
							<LatitudeDegrees>12.583675</LatitudeDegrees>
							<LongitudeDegrees>101.418087</LongitudeDegrees>
						</Position>
						<AltitudeMeters>11.070000</AltitudeMeters>
						<HeartRateBpm>
							<Value>89</Value>
						</HeartRateBpm>
					</Trackpoint>
					<Trackpoint>
						<Time>2569-03-03T11:33:04Z</Time>
						<Position>
							<LatitudeDegrees>12.583676</LatitudeDegrees>
							<LongitudeDegrees>101.418088</LongitudeDegrees>
						</Position>
						<AltitudeMeters>11.060000</AltitudeMeters>
						<HeartRateBpm>
							<Value>89</Value>
						</HeartRateBpm>
					</Trackpoint>
					<Trackpoint>
						<Time>2569-03-03T11:33:05Z</Time>
						<Position>
							<LatitudeDegrees>12.583677</LatitudeDegrees>
							<LongitudeDegrees>101.418087</LongitudeDegrees>
						</Position>
						<AltitudeMeters>11.050000</AltitudeMeters>
						<HeartRateBpm>
							<Value>89</Value>
						</HeartRateBpm>
						<Extensions>
							<ns3:TPX>
								<ns3:Speed>0.152810</ns3:Speed>
							</ns3:TPX>
						</Extensions>
					</Trackpoint>
					<Trackpoint>
						<Time>2569-03-03T11:33:06Z</Time>
						<Position>
							<LatitudeDegrees>12.583678</LatitudeDegrees>
							<LongitudeDegrees>101.418088</LongitudeDegrees>
						</Position>
						<AltitudeMeters>11.030000</AltitudeMeters>
						<HeartRateBpm>
							<Value>89</Value>
						</HeartRateBpm>
					</Trackpoint>
					<Trackpoint>
						<Time>2569-03-03T11:33:07Z</Time>
						<Position>
							<LatitudeDegrees>12.583680</LatitudeDegrees>
							<LongitudeDegrees>101.418088</LongitudeDegrees>
						</Position>
						<AltitudeMeters>11.020000</AltitudeMeters>
						<HeartRateBpm>
							<Value>88</Value>
						</HeartRateBpm>
					</Trackpoint>
					<Trackpoint>
						<Time>2569-03-03T11:33:08Z</Time>
						<Position>
							<LatitudeDegrees>12.583682</LatitudeDegrees>
							<LongitudeDegrees>101.418087</LongitudeDegrees>
						</Position>
						<AltitudeMeters>11.010000</AltitudeMeters>
						<HeartRateBpm>
							<Value>88</Value>
						</HeartRateBpm>
					</Trackpoint>
					<Trackpoint>
						<Time>2569-03-03T11:33:09Z</Time>
						<Position>
							<LatitudeDegrees>12.583685</LatitudeDegrees>
							<LongitudeDegrees>101.418086</LongitudeDegrees>
						</Position>
						<AltitudeMeters>11.000000</AltitudeMeters>
						<HeartRateBpm>
							<Value>87</Value>
						</HeartRateBpm>
					</Trackpoint>
					<Trackpoint>
						<Time>2569-03-03T11:33:10Z</Time>
						<Position>
							<LatitudeDegrees>12.583688</LatitudeDegrees>
							<LongitudeDegrees>101.418086</LongitudeDegrees>
						</Position>
						<AltitudeMeters>11.000000</AltitudeMeters>
						<HeartRateBpm>
							<Value>87</Value>
						</HeartRateBpm>
					</Trackpoint>
					<Trackpoint>
						<Time>2569-03-03T11:33:11Z</Time>
						<Position>
							<LatitudeDegrees>12.583690</LatitudeDegrees>
							<LongitudeDegrees>101.418085</LongitudeDegrees>
						</Position>
						<AltitudeMeters>10.990000</AltitudeMeters>
						<HeartRateBpm>
							<Value>86</Value>
						</HeartRateBpm>
					</Trackpoint>
					<Trackpoint>
						<Time>2569-03-03T11:33:12Z</Time>
						<Position>
							<LatitudeDegrees>12.583691</LatitudeDegrees>
							<LongitudeDegrees>101.418084</LongitudeDegrees>
						</Position>
						<AltitudeMeters>10.970000</AltitudeMeters>
						<HeartRateBpm>
							<Value>86</Value>
						</HeartRateBpm>
					</Trackpoint>
					<Trackpoint>
						<Time>2569-03-03T11:33:13Z</Time>
						<Position>
							<LatitudeDegrees>12.583690</LatitudeDegrees>
							<LongitudeDegrees>101.418083</LongitudeDegrees>
						</Position>
						<AltitudeMeters>10.960000</AltitudeMeters>
						<HeartRateBpm>
							<Value>85</Value>
						</HeartRateBpm>
					</Trackpoint>
					<Trackpoint>
						<Time>2569-03-03T11:33:14Z</Time>
						<Position>
							<LatitudeDegrees>12.583691</LatitudeDegrees>
							<LongitudeDegrees>101.418083</LongitudeDegrees>
						</Position>
						<AltitudeMeters>10.950000</AltitudeMeters>
						<HeartRateBpm>
							<Value>85</Value>
						</HeartRateBpm>
					</Trackpoint>
					<Trackpoint>
						<Time>2569-03-03T11:33:15Z</Time>
						<Position>
							<LatitudeDegrees>12.583690</LatitudeDegrees>
							<LongitudeDegrees>101.418082</LongitudeDegrees>
						</Position>
						<AltitudeMeters>10.940000</AltitudeMeters>
						<HeartRateBpm>
							<Value>85</Value>
						</HeartRateBpm>
					</Trackpoint>
					<Trackpoint>
						<Time>2569-03-03T11:33:16Z</Time>
						<Position>
							<LatitudeDegrees>12.583691</LatitudeDegrees>
							<LongitudeDegrees>101.418082</LongitudeDegrees>
						</Position>
						<AltitudeMeters>10.920000</AltitudeMeters>
						<HeartRateBpm>
							<Value>86</Value>
						</HeartRateBpm>
					</Trackpoint>
					<Trackpoint>
						<Time>2569-03-03T11:33:17Z</Time>
						<Position>
							<LatitudeDegrees>12.583692</LatitudeDegrees>
							<LongitudeDegrees>101.418082</LongitudeDegrees>
						</Position>
						<AltitudeMeters>10.920000</AltitudeMeters>
						<HeartRateBpm>
							<Value>87</Value>
						</HeartRateBpm>
					</Trackpoint>
					<Trackpoint>
						<Time>2569-03-03T11:33:18Z</Time>
						<Position>
							<LatitudeDegrees>12.583692</LatitudeDegrees>
							<LongitudeDegrees>101.418083</LongitudeDegrees>
						</Position>
						<AltitudeMeters>10.910000</AltitudeMeters>
						<HeartRateBpm>
							<Value>88</Value>
						</HeartRateBpm>
					</Trackpoint>
					<Trackpoint>
						<Time>2569-03-03T11:33:19Z</Time>
						<Position>
							<LatitudeDegrees>12.583692</LatitudeDegrees>
							<LongitudeDegrees>101.418084</LongitudeDegrees>
						</Position>
						<AltitudeMeters>10.900000</AltitudeMeters>
						<HeartRateBpm>
							<Value>89</Value>
						</HeartRateBpm>
					</Trackpoint>
					<Trackpoint>
						<Time>2569-03-03T11:33:20Z</Time>
						<Position>
							<LatitudeDegrees>12.583691</LatitudeDegrees>
							<LongitudeDegrees>101.418087</LongitudeDegrees>
						</Position>
						<AltitudeMeters>10.880000</AltitudeMeters>
						<HeartRateBpm>
							<Value>87</Value>
						</HeartRateBpm>
					</Trackpoint>
					<Trackpoint>
						<Time>2569-03-03T11:33:21Z</Time>
						<Position>
							<LatitudeDegrees>12.583690</LatitudeDegrees>
							<LongitudeDegrees>101.418091</LongitudeDegrees>
						</Position>
						<AltitudeMeters>10.870000</AltitudeMeters>
						<HeartRateBpm>
							<Value>87</Value>
						</HeartRateBpm>
					</Trackpoint>
					<Trackpoint>
						<Time>2569-03-03T11:33:22Z</Time>
						<Position>
							<LatitudeDegrees>12.583688</LatitudeDegrees>
							<LongitudeDegrees>101.418094</LongitudeDegrees>
						</Position>
						<AltitudeMeters>10.840000</AltitudeMeters>
						<HeartRateBpm>
							<Value>87</Value>
						</HeartRateBpm>
					</Trackpoint>
					<Trackpoint>
						<Time>2569-03-03T11:33:23Z</Time>
						<Position>
							<LatitudeDegrees>12.583686</LatitudeDegrees>
							<LongitudeDegrees>101.418097</LongitudeDegrees>
						</Position>
						<AltitudeMeters>10.840000</AltitudeMeters>
						<HeartRateBpm>
							<Value>87</Value>
						</HeartRateBpm>
					</Trackpoint>
					<Trackpoint>
						<Time>2569-03-03T11:33:24Z</Time>
						<Position>
							<LatitudeDegrees>12.583684</LatitudeDegrees>
							<LongitudeDegrees>101.418099</LongitudeDegrees>
						</Position>
						<AltitudeMeters>10.820000</AltitudeMeters>
						<HeartRateBpm>
							<Value>89</Value>
						</HeartRateBpm>
					</Trackpoint>
					<Trackpoint>
						<Time>2569-03-03T11:33:25Z</Time>
						<Position>
							<LatitudeDegrees>12.583682</LatitudeDegrees>
							<LongitudeDegrees>101.418101</LongitudeDegrees>
						</Position>
						<AltitudeMeters>10.810000</AltitudeMeters>
						<HeartRateBpm>
							<Value>90</Value>
						</HeartRateBpm>
					</Trackpoint>
					<Trackpoint>
						<Time>2569-03-03T11:33:26Z</Time>
						<Position>
							<LatitudeDegrees>12.583678</LatitudeDegrees>
							<LongitudeDegrees>101.418102</LongitudeDegrees>
						</Position>
						<AltitudeMeters>10.790000</AltitudeMeters>
						<HeartRateBpm>
							<Value>90</Value>
						</HeartRateBpm>
					</Trackpoint>
					<Trackpoint>
						<Time>2569-03-03T11:33:27Z</Time>
						<Position>
							<LatitudeDegrees>12.583674</LatitudeDegrees>
							<LongitudeDegrees>101.418104</LongitudeDegrees>
						</Position>
						<AltitudeMeters>10.780000</AltitudeMeters>
						<HeartRateBpm>
							<Value>90</Value>
						</HeartRateBpm>
					</Trackpoint>
					<Trackpoint>
						<Time>2569-03-03T11:33:28Z</Time>
						<Position>
							<LatitudeDegrees>12.583667</LatitudeDegrees>
							<LongitudeDegrees>101.418105</LongitudeDegrees>
						</Position>
						<AltitudeMeters>10.760000</AltitudeMeters>
						<HeartRateBpm>
							<Value>90</Value>
						</HeartRateBpm>
					</Trackpoint>
					<Trackpoint>
						<Time>2569-03-03T11:33:29Z</Time>
						<Position>
							<LatitudeDegrees>12.583660</LatitudeDegrees>
							<LongitudeDegrees>101.418106</LongitudeDegrees>
						</Position>
						<AltitudeMeters>10.740000</AltitudeMeters>
						<HeartRateBpm>
							<Value>89</Value>
						</HeartRateBpm>
						<Cadence>47</Cadence>
					</Trackpoint>
					<Trackpoint>
						<Time>2569-03-03T11:33:30Z</Time>
						<Position>
							<LatitudeDegrees>12.583653</LatitudeDegrees>
							<LongitudeDegrees>101.418108</LongitudeDegrees>
						</Position>
						<AltitudeMeters>10.740000</AltitudeMeters>
						<HeartRateBpm>
							<Value>88</Value>
						</HeartRateBpm>
						<Cadence>47</Cadence>
						<Extensions>
							<ns3:TPX>
								<ns3:Speed>0.452280</ns3:Speed>
							</ns3:TPX>
						</Extensions>
					</Trackpoint>
					<Trackpoint>
						<Time>2569-03-03T11:33:31Z</Time>
						<Position>
							<LatitudeDegrees>12.583647</LatitudeDegrees>
							<LongitudeDegrees>101.418110</LongitudeDegrees>
						</Position>
						<AltitudeMeters>10.720000</AltitudeMeters>
						<HeartRateBpm>
							<Value>89</Value>
						</HeartRateBpm>
						<Cadence>48</Cadence>
						<Extensions>
							<ns3:TPX>
								<ns3:Speed>0.466640</ns3:Speed>
							</ns3:TPX>
						</Extensions>
					</Trackpoint>
					<Trackpoint>
						<Time>2569-03-03T11:33:32Z</Time>
						<Position>
							<LatitudeDegrees>12.583642</LatitudeDegrees>
							<LongitudeDegrees>101.418110</LongitudeDegrees>
						</Position>
						<AltitudeMeters>10.700000</AltitudeMeters>
						<HeartRateBpm>
							<Value>90</Value>
						</HeartRateBpm>
						<Cadence>48</Cadence>
						<Extensions>
							<ns3:TPX>
								<ns3:Speed>0.482160</ns3:Speed>
							</ns3:TPX>
						</Extensions>
					</Trackpoint>
					<Trackpoint>
						<Time>2569-03-03T11:33:33Z</Time>
						<Position>
							<LatitudeDegrees>12.583639</LatitudeDegrees>
							<LongitudeDegrees>101.418111</LongitudeDegrees>
						</Position>
						<AltitudeMeters>10.700000</AltitudeMeters>
						<HeartRateBpm>
							<Value>90</Value>
						</HeartRateBpm>
						<Cadence>45</Cadence>
						<Extensions>
							<ns3:TPX>
								<ns3:Speed>0.485910</ns3:Speed>
							</ns3:TPX>
						</Extensions>
					</Trackpoint>
					<Trackpoint>
						<Time>2569-03-03T11:33:35Z</Time>
						<Position>
							<LatitudeDegrees>12.583636</LatitudeDegrees>
							<LongitudeDegrees>101.418111</LongitudeDegrees>
						</Position>
						<AltitudeMeters>10.700000</AltitudeMeters>
						<HeartRateBpm>
							<Value>91</Value>
						</HeartRateBpm>
						<Cadence>43</Cadence>
						<Extensions>
							<ns3:TPX>
								<ns3:Speed>0.479390</ns3:Speed>
							</ns3:TPX>
						</Extensions>
					</Trackpoint>
					<Trackpoint>
						<Time>2569-03-03T11:33:36Z</Time>
						<Position>
							<LatitudeDegrees>12.583635</LatitudeDegrees>
							<LongitudeDegrees>101.418111</LongitudeDegrees>
						</Position>
						<AltitudeMeters>10.690000</AltitudeMeters>
						<HeartRateBpm>
							<Value>91</Value>
						</HeartRateBpm>
						<Cadence>41</Cadence>
						<Extensions>
							<ns3:TPX>
								<ns3:Speed>0.475740</ns3:Speed>
							</ns3:TPX>
						</Extensions>
					</Trackpoint>
					<Trackpoint>
						<Time>2569-03-03T11:33:37Z</Time>
						<Position>
							<LatitudeDegrees>12.583634</LatitudeDegrees>
							<LongitudeDegrees>101.418113</LongitudeDegrees>
						</Position>
						<AltitudeMeters>10.690000</AltitudeMeters>
						<HeartRateBpm>
							<Value>91</Value>
						</HeartRateBpm>
						<Cadence>41</Cadence>
						<Extensions>
							<ns3:TPX>
								<ns3:Speed>0.496770</ns3:Speed>
							</ns3:TPX>
						</Extensions>
					</Trackpoint>
					<Trackpoint>
						<Time>2569-03-03T11:33:38Z</Time>
						<Position>
							<LatitudeDegrees>12.583632</LatitudeDegrees>
							<LongitudeDegrees>101.418114</LongitudeDegrees>
						</Position>
						<AltitudeMeters>10.680000</AltitudeMeters>
						<HeartRateBpm>
							<Value>91</Value>
						</HeartRateBpm>
					</Trackpoint>
					<Trackpoint>
						<Time>2569-03-03T11:33:39Z</Time>
						<Position>
							<LatitudeDegrees>12.583631</LatitudeDegrees>
							<LongitudeDegrees>101.418115</LongitudeDegrees>
						</Position>
						<AltitudeMeters>10.680000</AltitudeMeters>
						<HeartRateBpm>
							<Value>90</Value>
						</HeartRateBpm>
					</Trackpoint>
					<Trackpoint>
						<Time>2569-03-03T11:33:40Z</Time>
						<Position>
							<LatitudeDegrees>12.583631</LatitudeDegrees>
							<LongitudeDegrees>101.418115</LongitudeDegrees>
						</Position>
						<AltitudeMeters>10.680000</AltitudeMeters>
						<HeartRateBpm>
							<Value>91</Value>
						</HeartRateBpm>
					</Trackpoint>
					<Trackpoint>
						<Time>2569-03-03T11:33:41Z</Time>
						<Position>
							<LatitudeDegrees>12.583631</LatitudeDegrees>
							<LongitudeDegrees>101.418116</LongitudeDegrees>
						</Position>
						<AltitudeMeters>10.670000</AltitudeMeters>
						<HeartRateBpm>
							<Value>90</Value>
						</HeartRateBpm>
					</Trackpoint>
					<Trackpoint>
						<Time>2569-03-03T11:33:42Z</Time>
						<Position>
							<LatitudeDegrees>12.583631</LatitudeDegrees>
							<LongitudeDegrees>101.418116</LongitudeDegrees>
						</Position>
						<AltitudeMeters>10.670000</AltitudeMeters>
						<HeartRateBpm>
							<Value>88</Value>
						</HeartRateBpm>
					</Trackpoint>
					<Trackpoint>
						<Time>2569-03-03T11:33:43Z</Time>
						<Position>
							<LatitudeDegrees>12.583631</LatitudeDegrees>
							<LongitudeDegrees>101.418116</LongitudeDegrees>
						</Position>
						<AltitudeMeters>10.670000</AltitudeMeters>
						<HeartRateBpm>
							<Value>88</Value>
						</HeartRateBpm>
					</Trackpoint>
					<Trackpoint>
						<Time>2569-03-03T11:33:44Z</Time>
						<Position>
							<LatitudeDegrees>12.583632</LatitudeDegrees>
							<LongitudeDegrees>101.418116</LongitudeDegrees>
						</Position>
						<AltitudeMeters>10.670000</AltitudeMeters>
						<HeartRateBpm>
							<Value>87</Value>
						</HeartRateBpm>
					</Trackpoint>
					<Trackpoint>
						<Time>2569-03-03T11:33:45Z</Time>
						<Position>
							<LatitudeDegrees>12.583632</LatitudeDegrees>
							<LongitudeDegrees>101.418116</LongitudeDegrees>
						</Position>
						<AltitudeMeters>10.670000</AltitudeMeters>
						<HeartRateBpm>
							<Value>87</Value>
						</HeartRateBpm>
					</Trackpoint>
					<Trackpoint>
						<Time>2569-03-03T11:33:46Z</Time>
						<Position>
							<LatitudeDegrees>12.583633</LatitudeDegrees>
							<LongitudeDegrees>101.418117</LongitudeDegrees>
						</Position>
						<AltitudeMeters>10.670000</AltitudeMeters>
						<HeartRateBpm>
							<Value>88</Value>
						</HeartRateBpm>
					</Trackpoint>
					<Trackpoint>
						<Time>2569-03-03T11:33:47Z</Time>
						<Position>
							<LatitudeDegrees>12.583635</LatitudeDegrees>
							<LongitudeDegrees>101.418118</LongitudeDegrees>
						</Position>
						<AltitudeMeters>10.670000</AltitudeMeters>
					</Trackpoint>
					<Trackpoint>
						<Time>2569-03-03T11:33:48Z</Time>
						<Position>
							<LatitudeDegrees>12.583636</LatitudeDegrees>
							<LongitudeDegrees>101.418119</LongitudeDegrees>
						</Position>
						<AltitudeMeters>10.660000</AltitudeMeters>
						<HeartRateBpm>
							<Value>88</Value>
						</HeartRateBpm>
					</Trackpoint>
					<Trackpoint>
						<Time>2569-03-03T11:33:49Z</Time>
						<Position>
							<LatitudeDegrees>12.583637</LatitudeDegrees>
							<LongitudeDegrees>101.418119</LongitudeDegrees>
						</Position>
						<AltitudeMeters>10.650000</AltitudeMeters>
						<HeartRateBpm>
							<Value>88</Value>
						</HeartRateBpm>
					</Trackpoint>
					<Trackpoint>
						<Time>2569-03-03T11:33:50Z</Time>
						<Position>
							<LatitudeDegrees>12.583639</LatitudeDegrees>
							<LongitudeDegrees>101.418119</LongitudeDegrees>
						</Position>
						<AltitudeMeters>10.660000</AltitudeMeters>
						<HeartRateBpm>
							<Value>87</Value>
						</HeartRateBpm>
					</Trackpoint>
					<Trackpoint>
						<Time>2569-03-03T11:33:51Z</Time>
						<Position>
							<LatitudeDegrees>12.583640</LatitudeDegrees>
							<LongitudeDegrees>101.418120</LongitudeDegrees>
						</Position>
						<AltitudeMeters>10.660000</AltitudeMeters>
						<HeartRateBpm>
							<Value>87</Value>
						</HeartRateBpm>
					</Trackpoint>
					<Trackpoint>
						<Time>2569-03-03T11:33:52Z</Time>
						<Position>
							<LatitudeDegrees>12.583641</LatitudeDegrees>
							<LongitudeDegrees>101.418120</LongitudeDegrees>
						</Position>
						<AltitudeMeters>10.660000</AltitudeMeters>
						<HeartRateBpm>
							<Value>87</Value>
						</HeartRateBpm>
					</Trackpoint>
					<Trackpoint>
						<Time>2569-03-03T11:33:53Z</Time>
						<Position>
							<LatitudeDegrees>12.583643</LatitudeDegrees>
							<LongitudeDegrees>101.418120</LongitudeDegrees>
						</Position>
						<AltitudeMeters>10.650000</AltitudeMeters>
						<HeartRateBpm>
							<Value>87</Value>
						</HeartRateBpm>
					</Trackpoint>
					<Trackpoint>
						<Time>2569-03-03T11:33:54Z</Time>
						<Position>
							<LatitudeDegrees>12.583644</LatitudeDegrees>
							<LongitudeDegrees>101.418120</LongitudeDegrees>
						</Position>
						<AltitudeMeters>10.650000</AltitudeMeters>
						<HeartRateBpm>
							<Value>86</Value>
						</HeartRateBpm>
					</Trackpoint>
					<Trackpoint>
						<Time>2569-03-03T11:33:55Z</Time>
						<Position>
							<LatitudeDegrees>12.583645</LatitudeDegrees>
							<LongitudeDegrees>101.418120</LongitudeDegrees>
						</Position>
						<AltitudeMeters>10.650000</AltitudeMeters>
						<HeartRateBpm>
							<Value>86</Value>
						</HeartRateBpm>
					</Trackpoint>
					<Trackpoint>
						<Time>2569-03-03T11:33:56Z</Time>
						<Position>
							<LatitudeDegrees>12.583645</LatitudeDegrees>
							<LongitudeDegrees>101.418120</LongitudeDegrees>
						</Position>
						<AltitudeMeters>10.650000</AltitudeMeters>
						<HeartRateBpm>
							<Value>86</Value>
						</HeartRateBpm>
					</Trackpoint>
					<Trackpoint>
						<Time>2569-03-03T11:33:57Z</Time>
						<Position>
							<LatitudeDegrees>12.583646</LatitudeDegrees>
							<LongitudeDegrees>101.418121</LongitudeDegrees>
						</Position>
						<AltitudeMeters>10.650000</AltitudeMeters>
						<HeartRateBpm>
							<Value>86</Value>
						</HeartRateBpm>
					</Trackpoint>
					<Trackpoint>
						<Time>2569-03-03T11:33:58Z</Time>
						<Position>
							<LatitudeDegrees>12.583646</LatitudeDegrees>
							<LongitudeDegrees>101.418120</LongitudeDegrees>
						</Position>
						<AltitudeMeters>10.640000</AltitudeMeters>
						<HeartRateBpm>
							<Value>86</Value>
						</HeartRateBpm>
					</Trackpoint>
					<Trackpoint>
						<Time>2569-03-03T11:33:59Z</Time>
						<Position>
							<LatitudeDegrees>12.583646</LatitudeDegrees>
							<LongitudeDegrees>101.418121</LongitudeDegrees>
						</Position>
						<AltitudeMeters>10.640000</AltitudeMeters>
						<HeartRateBpm>
							<Value>86</Value>
						</HeartRateBpm>
					</Trackpoint>
					<Trackpoint>
						<Time>2569-03-03T11:34:00Z</Time>
						<Position>
							<LatitudeDegrees>12.583646</LatitudeDegrees>
							<LongitudeDegrees>101.418121</LongitudeDegrees>
						</Position>
						<AltitudeMeters>10.640000</AltitudeMeters>
						<HeartRateBpm>
							<Value>87</Value>
						</HeartRateBpm>
					</Trackpoint>
					<Trackpoint>
						<Time>2569-03-03T11:34:01Z</Time>
						<Position>
							<LatitudeDegrees>12.583646</LatitudeDegrees>
							<LongitudeDegrees>101.418121</LongitudeDegrees>
						</Position>
						<AltitudeMeters>10.640000</AltitudeMeters>
						<HeartRateBpm>
							<Value>88</Value>
						</HeartRateBpm>
					</Trackpoint>
					<Trackpoint>
						<Time>2569-03-03T11:34:02Z</Time>
						<Position>
							<LatitudeDegrees>12.583646</LatitudeDegrees>
							<LongitudeDegrees>101.418121</LongitudeDegrees>
						</Position>
						<AltitudeMeters>10.630000</AltitudeMeters>
						<HeartRateBpm>
							<Value>87</Value>
						</HeartRateBpm>
					</Trackpoint>
					<Trackpoint>
						<Time>2569-03-03T11:34:03Z</Time>
						<Position>
							<LatitudeDegrees>12.583646</LatitudeDegrees>
							<LongitudeDegrees>101.418121</LongitudeDegrees>
						</Position>
						<AltitudeMeters>10.630000</AltitudeMeters>
						<HeartRateBpm>
							<Value>88</Value>
						</HeartRateBpm>
					</Trackpoint>
					<Trackpoint>
						<Time>2569-03-03T11:34:04Z</Time>
						<Position>
							<LatitudeDegrees>12.583646</LatitudeDegrees>
							<LongitudeDegrees>101.418121</LongitudeDegrees>
						</Position>
						<AltitudeMeters>10.630000</AltitudeMeters>
						<HeartRateBpm>
							<Value>89</Value>
						</HeartRateBpm>
					</Trackpoint>
					<Trackpoint>
						<Time>2569-03-03T11:34:05Z</Time>
						<Position>
							<LatitudeDegrees>12.583646</LatitudeDegrees>
							<LongitudeDegrees>101.418121</LongitudeDegrees>
						</Position>
						<AltitudeMeters>10.630000</AltitudeMeters>
						<HeartRateBpm>
							<Value>91</Value>
						</HeartRateBpm>
					</Trackpoint>
					<Trackpoint>
						<Time>2569-03-03T11:34:06Z</Time>
						<Position>
							<LatitudeDegrees>12.583645</LatitudeDegrees>
							<LongitudeDegrees>101.418121</LongitudeDegrees>
						</Position>
						<AltitudeMeters>10.630000</AltitudeMeters>
						<HeartRateBpm>
							<Value>92</Value>
						</HeartRateBpm>
					</Trackpoint>
					<Trackpoint>
						<Time>2569-03-03T11:34:07Z</Time>
						<Position>
							<LatitudeDegrees>12.583644</LatitudeDegrees>
							<LongitudeDegrees>101.418123</LongitudeDegrees>
						</Position>
						<AltitudeMeters>10.620000</AltitudeMeters>
						<HeartRateBpm>
							<Value>93</Value>
						</HeartRateBpm>
					</Trackpoint>
					<Trackpoint>
						<Time>2569-03-03T11:34:08Z</Time>
						<Position>
							<LatitudeDegrees>12.583642</LatitudeDegrees>
							<LongitudeDegrees>101.418125</LongitudeDegrees>
						</Position>
						<AltitudeMeters>10.610000</AltitudeMeters>
						<HeartRateBpm>
							<Value>93</Value>
						</HeartRateBpm>
					</Trackpoint>
					<Trackpoint>
						<Time>2569-03-03T11:34:09Z</Time>
						<Position>
							<LatitudeDegrees>12.583639</LatitudeDegrees>
							<LongitudeDegrees>101.418126</LongitudeDegrees>
						</Position>
						<AltitudeMeters>10.610000</AltitudeMeters>
						<HeartRateBpm>
							<Value>93</Value>
						</HeartRateBpm>
					</Trackpoint>
					<Trackpoint>
						<Time>2569-03-03T11:34:10Z</Time>
						<Position>
							<LatitudeDegrees>12.583635</LatitudeDegrees>
							<LongitudeDegrees>101.418128</LongitudeDegrees>
						</Position>
						<AltitudeMeters>10.610000</AltitudeMeters>
						<HeartRateBpm>
							<Value>94</Value>
						</HeartRateBpm>
					</Trackpoint>
					<Trackpoint>
						<Time>2569-03-03T11:34:11Z</Time>
						<Position>
							<LatitudeDegrees>12.583629</LatitudeDegrees>
							<LongitudeDegrees>101.418129</LongitudeDegrees>
						</Position>
						<AltitudeMeters>10.590000</AltitudeMeters>
						<HeartRateBpm>
							<Value>95</Value>
						</HeartRateBpm>
					</Trackpoint>
					<Trackpoint>
						<Time>2569-03-03T11:34:12Z</Time>
						<Position>
							<LatitudeDegrees>12.583624</LatitudeDegrees>
							<LongitudeDegrees>101.418131</LongitudeDegrees>
						</Position>
						<AltitudeMeters>10.590000</AltitudeMeters>
						<HeartRateBpm>
							<Value>96</Value>
						</HeartRateBpm>
					</Trackpoint>
					<Trackpoint>
						<Time>2569-03-03T11:34:13Z</Time>
						<Position>
							<LatitudeDegrees>12.583620</LatitudeDegrees>
							<LongitudeDegrees>101.418135</LongitudeDegrees>
						</Position>
						<AltitudeMeters>10.580000</AltitudeMeters>
						<HeartRateBpm>
							<Value>97</Value>
						</HeartRateBpm>
					</Trackpoint>
					<Trackpoint>
						<Time>2569-03-03T11:34:14Z</Time>
						<Position>
							<LatitudeDegrees>12.583615</LatitudeDegrees>
							<LongitudeDegrees>101.418140</LongitudeDegrees>
						</Position>
						<AltitudeMeters>10.560000</AltitudeMeters>
						<HeartRateBpm>
							<Value>97</Value>
						</HeartRateBpm>
					</Trackpoint>
					<Trackpoint>
						<Time>2569-03-03T11:34:15Z</Time>
						<Position>
							<LatitudeDegrees>12.583612</LatitudeDegrees>
							<LongitudeDegrees>101.418147</LongitudeDegrees>
						</Position>
						<AltitudeMeters>10.520000</AltitudeMeters>
						<HeartRateBpm>
							<Value>97</Value>
						</HeartRateBpm>
						<Cadence>51</Cadence>
					</Trackpoint>
					<Trackpoint>
						<Time>2569-03-03T11:34:16Z</Time>
						<Position>
							<LatitudeDegrees>12.583611</LatitudeDegrees>
							<LongitudeDegrees>101.418153</LongitudeDegrees>
						</Position>
						<AltitudeMeters>10.500000</AltitudeMeters>
						<HeartRateBpm>
							<Value>97</Value>
						</HeartRateBpm>
						<Cadence>49</Cadence>
						<Extensions>
							<ns3:TPX>
								<ns3:Speed>0.505050</ns3:Speed>
							</ns3:TPX>
						</Extensions>
					</Trackpoint>
					<Trackpoint>
						<Time>2569-03-03T11:34:17Z</Time>
						<Position>
							<LatitudeDegrees>12.583611</LatitudeDegrees>
							<LongitudeDegrees>101.418160</LongitudeDegrees>
						</Position>
						<AltitudeMeters>10.480000</AltitudeMeters>
						<HeartRateBpm>
							<Value>98</Value>
						</HeartRateBpm>
						<Cadence>47</Cadence>
						<Extensions>
							<ns3:TPX>
								<ns3:Speed>0.541710</ns3:Speed>
							</ns3:TPX>
						</Extensions>
					</Trackpoint>
					<Trackpoint>
						<Time>2569-03-03T11:34:18Z</Time>
						<Position>
							<LatitudeDegrees>12.583610</LatitudeDegrees>
							<LongitudeDegrees>101.418166</LongitudeDegrees>
						</Position>
						<AltitudeMeters>10.470000</AltitudeMeters>
						<HeartRateBpm>
							<Value>100</Value>
						</HeartRateBpm>
						<Cadence>47</Cadence>
						<Extensions>
							<ns3:TPX>
								<ns3:Speed>0.589620</ns3:Speed>
							</ns3:TPX>
						</Extensions>
					</Trackpoint>
					<Trackpoint>
						<Time>2569-03-03T11:34:19Z</Time>
						<Position>
							<LatitudeDegrees>12.583608</LatitudeDegrees>
							<LongitudeDegrees>101.418172</LongitudeDegrees>
						</Position>
						<AltitudeMeters>10.460000</AltitudeMeters>
						<HeartRateBpm>
							<Value>100</Value>
						</HeartRateBpm>
						<Cadence>47</Cadence>
						<Extensions>
							<ns3:TPX>
								<ns3:Speed>0.636130</ns3:Speed>
							</ns3:TPX>
						</Extensions>
					</Trackpoint>
					<Trackpoint>
						<Time>2569-03-03T11:34:20Z</Time>
						<Position>
							<LatitudeDegrees>12.583606</LatitudeDegrees>
							<LongitudeDegrees>101.418179</LongitudeDegrees>
						</Position>
						<AltitudeMeters>10.450000</AltitudeMeters>
						<HeartRateBpm>
							<Value>99</Value>
						</HeartRateBpm>
						<Cadence>46</Cadence>
						<Extensions>
							<ns3:TPX>
								<ns3:Speed>0.670690</ns3:Speed>
							</ns3:TPX>
						</Extensions>
					</Trackpoint>
					<Trackpoint>
						<Time>2569-03-03T11:34:21Z</Time>
						<Position>
							<LatitudeDegrees>12.583604</LatitudeDegrees>
							<LongitudeDegrees>101.418188</LongitudeDegrees>
						</Position>
						<AltitudeMeters>10.430000</AltitudeMeters>
						<HeartRateBpm>
							<Value>98</Value>
						</HeartRateBpm>
						<Cadence>46</Cadence>
						<Extensions>
							<ns3:TPX>
								<ns3:Speed>0.703230</ns3:Speed>
							</ns3:TPX>
						</Extensions>
					</Trackpoint>
					<Trackpoint>
						<Time>2569-03-03T11:34:22Z</Time>
						<Position>
							<LatitudeDegrees>12.583603</LatitudeDegrees>
							<LongitudeDegrees>101.418196</LongitudeDegrees>
						</Position>
						<AltitudeMeters>10.410000</AltitudeMeters>
						<HeartRateBpm>
							<Value>99</Value>
						</HeartRateBpm>
						<Cadence>47</Cadence>
						<Extensions>
							<ns3:TPX>
								<ns3:Speed>0.719940</ns3:Speed>
							</ns3:TPX>
						</Extensions>
					</Trackpoint>
					<Trackpoint>
						<Time>2569-03-03T11:34:23Z</Time>
						<Position>
							<LatitudeDegrees>12.583602</LatitudeDegrees>
							<LongitudeDegrees>101.418204</LongitudeDegrees>
						</Position>
						<AltitudeMeters>10.330000</AltitudeMeters>
						<HeartRateBpm>
							<Value>99</Value>
						</HeartRateBpm>
						<Cadence>47</Cadence>
						<Extensions>
							<ns3:TPX>
								<ns3:Speed>0.719940</ns3:Speed>
							</ns3:TPX>
						</Extensions>
					</Trackpoint>
					<Trackpoint>
						<Time>2569-03-03T11:34:24Z</Time>
						<Position>
							<LatitudeDegrees>12.583601</LatitudeDegrees>
							<LongitudeDegrees>101.418211</LongitudeDegrees>
						</Position>
						<AltitudeMeters>10.220000</AltitudeMeters>
						<HeartRateBpm>
							<Value>99</Value>
						</HeartRateBpm>
						<Cadence>48</Cadence>
						<Extensions>
							<ns3:TPX>
								<ns3:Speed>0.748500</ns3:Speed>
							</ns3:TPX>
						</Extensions>
					</Trackpoint>
					<Trackpoint>
						<Time>2569-03-03T11:34:25Z</Time>
						<Position>
							<LatitudeDegrees>12.583599</LatitudeDegrees>
							<LongitudeDegrees>101.418217</LongitudeDegrees>
						</Position>
						<AltitudeMeters>10.190000</AltitudeMeters>
						<HeartRateBpm>
							<Value>99</Value>
						</HeartRateBpm>
						<Cadence>50</Cadence>
						<Extensions>
							<ns3:TPX>
								<ns3:Speed>0.775190</ns3:Speed>
							</ns3:TPX>
						</Extensions>
					</Trackpoint>
					<Trackpoint>
						<Time>2569-03-03T11:34:26Z</Time>
						<Position>
							<LatitudeDegrees>12.583597</LatitudeDegrees>
							<LongitudeDegrees>101.418223</LongitudeDegrees>
						</Position>
						<AltitudeMeters>10.150000</AltitudeMeters>
						<HeartRateBpm>
							<Value>98</Value>
						</HeartRateBpm>
						<Cadence>50</Cadence>
						<Extensions>
							<ns3:TPX>
								<ns3:Speed>0.787400</ns3:Speed>
							</ns3:TPX>
						</Extensions>
					</Trackpoint>
					<Trackpoint>
						<Time>2569-03-03T11:34:27Z</Time>
						<Position>
							<LatitudeDegrees>12.583596</LatitudeDegrees>
							<LongitudeDegrees>101.418230</LongitudeDegrees>
						</Position>
						<AltitudeMeters>10.130000</AltitudeMeters>
						<HeartRateBpm>
							<Value>97</Value>
						</HeartRateBpm>
						<Cadence>50</Cadence>
						<Extensions>
							<ns3:TPX>
								<ns3:Speed>0.803860</ns3:Speed>
							</ns3:TPX>
						</Extensions>
					</Trackpoint>
					<Trackpoint>
						<Time>2569-03-03T11:34:28Z</Time>
						<Position>
							<LatitudeDegrees>12.583596</LatitudeDegrees>
							<LongitudeDegrees>101.418237</LongitudeDegrees>
						</Position>
						<AltitudeMeters>10.090000</AltitudeMeters>
						<HeartRateBpm>
							<Value>96</Value>
						</HeartRateBpm>
						<Cadence>55</Cadence>
						<Extensions>
							<ns3:TPX>
								<ns3:Speed>0.811690</ns3:Speed>
							</ns3:TPX>
						</Extensions>
					</Trackpoint>
					<Trackpoint>
						<Time>2569-03-03T11:34:29Z</Time>
						<Position>
							<LatitudeDegrees>12.583594</LatitudeDegrees>
							<LongitudeDegrees>101.418243</LongitudeDegrees>
						</Position>
						<AltitudeMeters>10.060000</AltitudeMeters>
						<HeartRateBpm>
							<Value>95</Value>
						</HeartRateBpm>
						<Cadence>56</Cadence>
						<Extensions>
							<ns3:TPX>
								<ns3:Speed>0.798080</ns3:Speed>
							</ns3:TPX>
						</Extensions>
					</Trackpoint>
					<Trackpoint>
						<Time>2569-03-03T11:34:30Z</Time>
						<Position>
							<LatitudeDegrees>12.583591</LatitudeDegrees>
							<LongitudeDegrees>101.418249</LongitudeDegrees>
						</Position>
						<AltitudeMeters>10.000000</AltitudeMeters>
						<HeartRateBpm>
							<Value>95</Value>
						</HeartRateBpm>
						<Cadence>56</Cadence>
						<Extensions>
							<ns3:TPX>
								<ns3:Speed>0.773990</ns3:Speed>
							</ns3:TPX>
						</Extensions>
					</Trackpoint>
					<Trackpoint>
						<Time>2569-03-03T11:34:31Z</Time>
						<Position>
							<LatitudeDegrees>12.583589</LatitudeDegrees>
							<LongitudeDegrees>101.418255</LongitudeDegrees>
						</Position>
						<AltitudeMeters>9.590000</AltitudeMeters>
						<HeartRateBpm>
							<Value>95</Value>
						</HeartRateBpm>
						<Cadence>55</Cadence>
						<Extensions>
							<ns3:TPX>
								<ns3:Speed>0.769820</ns3:Speed>
							</ns3:TPX>
						</Extensions>
					</Trackpoint>
					<Trackpoint>
						<Time>2569-03-03T11:34:32Z</Time>
						<Position>
							<LatitudeDegrees>12.583588</LatitudeDegrees>
							<LongitudeDegrees>101.418261</LongitudeDegrees>
						</Position>
						<AltitudeMeters>9.460000</AltitudeMeters>
						<HeartRateBpm>
							<Value>95</Value>
						</HeartRateBpm>
						<Cadence>54</Cadence>
						<Extensions>
							<ns3:TPX>
								<ns3:Speed>0.765110</ns3:Speed>
							</ns3:TPX>
						</Extensions>
					</Trackpoint>
					<Trackpoint>
						<Time>2569-03-03T11:34:33Z</Time>
						<Position>
							<LatitudeDegrees>12.583589</LatitudeDegrees>
							<LongitudeDegrees>101.418267</LongitudeDegrees>
						</Position>
						<AltitudeMeters>9.380000</AltitudeMeters>
						<HeartRateBpm>
							<Value>95</Value>
						</HeartRateBpm>
						<Cadence>53</Cadence>
						<Extensions>
							<ns3:TPX>
								<ns3:Speed>0.757000</ns3:Speed>
							</ns3:TPX>
						</Extensions>
					</Trackpoint>
					<Trackpoint>
						<Time>2569-03-03T11:34:34Z</Time>
						<Position>
							<LatitudeDegrees>12.583592</LatitudeDegrees>
							<LongitudeDegrees>101.418270</LongitudeDegrees>
						</Position>
						<AltitudeMeters>9.310000</AltitudeMeters>
						<HeartRateBpm>
							<Value>95</Value>
						</HeartRateBpm>
						<Cadence>52</Cadence>
						<Extensions>
							<ns3:TPX>
								<ns3:Speed>0.746830</ns3:Speed>
							</ns3:TPX>
						</Extensions>
					</Trackpoint>
					<Trackpoint>
						<Time>2569-03-03T11:34:35Z</Time>
						<Position>
							<LatitudeDegrees>12.583595</LatitudeDegrees>
							<LongitudeDegrees>101.418272</LongitudeDegrees>
						</Position>
						<AltitudeMeters>9.280000</AltitudeMeters>
						<HeartRateBpm>
							<Value>95</Value>
						</HeartRateBpm>
						<Cadence>51</Cadence>
						<Extensions>
							<ns3:TPX>
								<ns3:Speed>0.727270</ns3:Speed>
							</ns3:TPX>
						</Extensions>
					</Trackpoint>
					<Trackpoint>
						<Time>2569-03-03T11:34:36Z</Time>
						<Position>
							<LatitudeDegrees>12.583598</LatitudeDegrees>
							<LongitudeDegrees>101.418274</LongitudeDegrees>
						</Position>
						<AltitudeMeters>9.250000</AltitudeMeters>
						<HeartRateBpm>
							<Value>96</Value>
						</HeartRateBpm>
						<Cadence>51</Cadence>
						<Extensions>
							<ns3:TPX>
								<ns3:Speed>0.708720</ns3:Speed>
							</ns3:TPX>
						</Extensions>
					</Trackpoint>
					<Trackpoint>
						<Time>2569-03-03T11:34:37Z</Time>
						<Position>
							<LatitudeDegrees>12.583601</LatitudeDegrees>
							<LongitudeDegrees>101.418276</LongitudeDegrees>
						</Position>
						<AltitudeMeters>9.210000</AltitudeMeters>
						<HeartRateBpm>
							<Value>96</Value>
						</HeartRateBpm>
						<Cadence>53</Cadence>
						<Extensions>
							<ns3:TPX>
								<ns3:Speed>0.670690</ns3:Speed>
							</ns3:TPX>
						</Extensions>
					</Trackpoint>
					<Trackpoint>
						<Time>2569-03-03T11:34:38Z</Time>
						<Position>
							<LatitudeDegrees>12.583603</LatitudeDegrees>
							<LongitudeDegrees>101.418280</LongitudeDegrees>
						</Position>
						<AltitudeMeters>9.210000</AltitudeMeters>
						<HeartRateBpm>
							<Value>95</Value>
						</HeartRateBpm>
						<Cadence>54</Cadence>
						<Extensions>
							<ns3:TPX>
								<ns3:Speed>0.618810</ns3:Speed>
							</ns3:TPX>
						</Extensions>
					</Trackpoint>
					<Trackpoint>
						<Time>2569-03-03T11:34:39Z</Time>
						<Position>
							<LatitudeDegrees>12.583605</LatitudeDegrees>
							<LongitudeDegrees>101.418283</LongitudeDegrees>
						</Position>
						<AltitudeMeters>9.150000</AltitudeMeters>
						<HeartRateBpm>
							<Value>96</Value>
						</HeartRateBpm>
						<Cadence>54</Cadence>
						<Extensions>
							<ns3:TPX>
								<ns3:Speed>0.615760</ns3:Speed>
							</ns3:TPX>
						</Extensions>
					</Trackpoint>
					<Trackpoint>
						<Time>2569-03-03T11:34:40Z</Time>
						<Position>
							<LatitudeDegrees>12.583606</LatitudeDegrees>
							<LongitudeDegrees>101.418288</LongitudeDegrees>
						</Position>
						<AltitudeMeters>9.150000</AltitudeMeters>
						<HeartRateBpm>
							<Value>96</Value>
						</HeartRateBpm>
						<Cadence>53</Cadence>
						<Extensions>
							<ns3:TPX>
								<ns3:Speed>0.642260</ns3:Speed>
							</ns3:TPX>
						</Extensions>
					</Trackpoint>
					<Trackpoint>
						<Time>2569-03-03T11:34:41Z</Time>
						<Position>
							<LatitudeDegrees>12.583606</LatitudeDegrees>
							<LongitudeDegrees>101.418295</LongitudeDegrees>
						</Position>
						<AltitudeMeters>9.020000</AltitudeMeters>
						<HeartRateBpm>
							<Value>96</Value>
						</HeartRateBpm>
						<Cadence>51</Cadence>
						<Extensions>
							<ns3:TPX>
								<ns3:Speed>0.581730</ns3:Speed>
							</ns3:TPX>
						</Extensions>
					</Trackpoint>
					<Trackpoint>
						<Time>2569-03-03T11:34:42Z</Time>
						<Position>
							<LatitudeDegrees>12.583605</LatitudeDegrees>
							<LongitudeDegrees>101.418302</LongitudeDegrees>
						</Position>
						<AltitudeMeters>8.990000</AltitudeMeters>
						<HeartRateBpm>
							<Value>95</Value>
						</HeartRateBpm>
						<Cadence>50</Cadence>
						<Extensions>
							<ns3:TPX>
								<ns3:Speed>0.514400</ns3:Speed>
							</ns3:TPX>
						</Extensions>
					</Trackpoint>
					<Trackpoint>
						<Time>2569-03-03T11:34:43Z</Time>
						<Position>
							<LatitudeDegrees>12.583603</LatitudeDegrees>
							<LongitudeDegrees>101.418308</LongitudeDegrees>
						</Position>
						<AltitudeMeters>8.920000</AltitudeMeters>
						<HeartRateBpm>
							<Value>95</Value>
						</HeartRateBpm>
						<Cadence>50</Cadence>
						<Extensions>
							<ns3:TPX>
								<ns3:Speed>0.529380</ns3:Speed>
							</ns3:TPX>
						</Extensions>
					</Trackpoint>
					<Trackpoint>
						<Time>2569-03-03T11:34:44Z</Time>
						<Position>
							<LatitudeDegrees>12.583602</LatitudeDegrees>
							<LongitudeDegrees>101.418314</LongitudeDegrees>
						</Position>
						<AltitudeMeters>8.890000</AltitudeMeters>
						<HeartRateBpm>
							<Value>96</Value>
						</HeartRateBpm>
						<Cadence>49</Cadence>
						<Extensions>
							<ns3:TPX>
								<ns3:Speed>0.567860</ns3:Speed>
							</ns3:TPX>
						</Extensions>
					</Trackpoint>
					<Trackpoint>
						<Time>2569-03-03T11:34:45Z</Time>
						<Position>
							<LatitudeDegrees>12.583601</LatitudeDegrees>
							<LongitudeDegrees>101.418321</LongitudeDegrees>
						</Position>
						<AltitudeMeters>8.860000</AltitudeMeters>
						<HeartRateBpm>
							<Value>96</Value>
						</HeartRateBpm>
						<Cadence>47</Cadence>
						<Extensions>
							<ns3:TPX>
								<ns3:Speed>0.606430</ns3:Speed>
							</ns3:TPX>
						</Extensions>
					</Trackpoint>
					<Trackpoint>
						<Time>2569-03-03T11:34:46Z</Time>
						<Position>
							<LatitudeDegrees>12.583603</LatitudeDegrees>
							<LongitudeDegrees>101.418328</LongitudeDegrees>
						</Position>
						<AltitudeMeters>8.800000</AltitudeMeters>
						<HeartRateBpm>
							<Value>96</Value>
						</HeartRateBpm>
						<Cadence>46</Cadence>
						<Extensions>
							<ns3:TPX>
								<ns3:Speed>0.642670</ns3:Speed>
							</ns3:TPX>
						</Extensions>
					</Trackpoint>
					<Trackpoint>
						<Time>2569-03-03T11:34:47Z</Time>
						<Position>
							<LatitudeDegrees>12.583608</LatitudeDegrees>
							<LongitudeDegrees>101.418334</LongitudeDegrees>
						</Position>
						<AltitudeMeters>8.740000</AltitudeMeters>
						<HeartRateBpm>
							<Value>95</Value>
						</HeartRateBpm>
						<Cadence>45</Cadence>
						<Extensions>
							<ns3:TPX>
								<ns3:Speed>0.619960</ns3:Speed>
							</ns3:TPX>
						</Extensions>
					</Trackpoint>
					<Trackpoint>
						<Time>2569-03-03T11:34:48Z</Time>
						<Position>
							<LatitudeDegrees>12.583613</LatitudeDegrees>
							<LongitudeDegrees>101.418339</LongitudeDegrees>
						</Position>
						<AltitudeMeters>8.720000</AltitudeMeters>
						<HeartRateBpm>
							<Value>94</Value>
						</HeartRateBpm>
						<Cadence>45</Cadence>
						<Extensions>
							<ns3:TPX>
								<ns3:Speed>0.641850</ns3:Speed>
							</ns3:TPX>
						</Extensions>
					</Trackpoint>
					<Trackpoint>
						<Time>2569-03-03T11:34:49Z</Time>
						<Position>
							<LatitudeDegrees>12.583618</LatitudeDegrees>
							<LongitudeDegrees>101.418344</LongitudeDegrees>
						</Position>
						<AltitudeMeters>8.640000</AltitudeMeters>
						<HeartRateBpm>
							<Value>94</Value>
						</HeartRateBpm>
						<Cadence>44</Cadence>
						<Extensions>
							<ns3:TPX>
								<ns3:Speed>0.725160</ns3:Speed>
							</ns3:TPX>
						</Extensions>
					</Trackpoint>
					<Trackpoint>
						<Time>2569-03-03T11:34:50Z</Time>
						<Position>
							<LatitudeDegrees>12.583623</LatitudeDegrees>
							<LongitudeDegrees>101.418349</LongitudeDegrees>
						</Position>
						<AltitudeMeters>8.640000</AltitudeMeters>
						<HeartRateBpm>
							<Value>94</Value>
						</HeartRateBpm>
					</Trackpoint>
					<Trackpoint>
						<Time>2569-03-03T11:34:51Z</Time>
						<Position>
							<LatitudeDegrees>12.583628</LatitudeDegrees>
							<LongitudeDegrees>101.418354</LongitudeDegrees>
						</Position>
						<AltitudeMeters>8.560000</AltitudeMeters>
						<HeartRateBpm>
							<Value>94</Value>
						</HeartRateBpm>
						<Cadence>45</Cadence>
						<Extensions>
							<ns3:TPX>
								<ns3:Speed>0.744050</ns3:Speed>
							</ns3:TPX>
						</Extensions>
					</Trackpoint>
					<Trackpoint>
						<Time>2569-03-03T11:34:52Z</Time>
						<Position>
							<LatitudeDegrees>12.583632</LatitudeDegrees>
							<LongitudeDegrees>101.418358</LongitudeDegrees>
						</Position>
						<AltitudeMeters>8.500000</AltitudeMeters>
						<HeartRateBpm>
							<Value>94</Value>
						</HeartRateBpm>
						<Cadence>45</Cadence>
						<Extensions>
							<ns3:TPX>
								<ns3:Speed>0.750750</ns3:Speed>
							</ns3:TPX>
						</Extensions>
					</Trackpoint>
					<Trackpoint>
						<Time>2569-03-03T11:34:53Z</Time>
						<Position>
							<LatitudeDegrees>12.583635</LatitudeDegrees>
							<LongitudeDegrees>101.418363</LongitudeDegrees>
						</Position>
						<AltitudeMeters>8.450000</AltitudeMeters>
						<HeartRateBpm>
							<Value>94</Value>
						</HeartRateBpm>
						<Cadence>45</Cadence>
						<Extensions>
							<ns3:TPX>
								<ns3:Speed>0.754150</ns3:Speed>
							</ns3:TPX>
						</Extensions>
					</Trackpoint>
					<Trackpoint>
						<Time>2569-03-03T11:34:54Z</Time>
						<Position>
							<LatitudeDegrees>12.583638</LatitudeDegrees>
							<LongitudeDegrees>101.418368</LongitudeDegrees>
						</Position>
						<AltitudeMeters>8.400000</AltitudeMeters>
						<HeartRateBpm>
							<Value>95</Value>
						</HeartRateBpm>
						<Cadence>45</Cadence>
						<Extensions>
							<ns3:TPX>
								<ns3:Speed>0.740740</ns3:Speed>
							</ns3:TPX>
						</Extensions>
					</Trackpoint>
					<Trackpoint>
						<Time>2569-03-03T11:34:55Z</Time>
						<Position>
							<LatitudeDegrees>12.583642</LatitudeDegrees>
							<LongitudeDegrees>101.418373</LongitudeDegrees>
						</Position>
						<AltitudeMeters>8.350000</AltitudeMeters>
						<HeartRateBpm>
							<Value>95</Value>
						</HeartRateBpm>
						<Cadence>48</Cadence>
						<Extensions>
							<ns3:TPX>
								<ns3:Speed>0.717880</ns3:Speed>
							</ns3:TPX>
						</Extensions>
					</Trackpoint>
					<Trackpoint>
						<Time>2569-03-03T11:34:56Z</Time>
						<Position>
							<LatitudeDegrees>12.583647</LatitudeDegrees>
							<LongitudeDegrees>101.418376</LongitudeDegrees>
						</Position>
						<AltitudeMeters>8.280000</AltitudeMeters>
						<HeartRateBpm>
							<Value>94</Value>
						</HeartRateBpm>
						<Cadence>50</Cadence>
						<Extensions>
							<ns3:TPX>
								<ns3:Speed>0.693480</ns3:Speed>
							</ns3:TPX>
						</Extensions>
					</Trackpoint>
					<Trackpoint>
						<Time>2569-03-03T11:34:57Z</Time>
						<Position>
							<LatitudeDegrees>12.583653</LatitudeDegrees>
							<LongitudeDegrees>101.418380</LongitudeDegrees>
						</Position>
						<AltitudeMeters>8.240000</AltitudeMeters>
						<HeartRateBpm>
							<Value>94</Value>
						</HeartRateBpm>
						<Cadence>50</Cadence>
						<Extensions>
							<ns3:TPX>
								<ns3:Speed>0.680270</ns3:Speed>
							</ns3:TPX>
						</Extensions>
					</Trackpoint>
					<Trackpoint>
						<Time>2569-03-03T11:34:58Z</Time>
						<Position>
							<LatitudeDegrees>12.583659</LatitudeDegrees>
							<LongitudeDegrees>101.418383</LongitudeDegrees>
						</Position>
						<AltitudeMeters>8.240000</AltitudeMeters>
						<HeartRateBpm>
							<Value>94</Value>
						</HeartRateBpm>
					</Trackpoint>
					<Trackpoint>
						<Time>2569-03-03T11:34:59Z</Time>
						<Position>
							<LatitudeDegrees>12.583665</LatitudeDegrees>
							<LongitudeDegrees>101.418386</LongitudeDegrees>
						</Position>
						<AltitudeMeters>8.200000</AltitudeMeters>
						<HeartRateBpm>
							<Value>94</Value>
						</HeartRateBpm>
						<Cadence>51</Cadence>
						<Extensions>
							<ns3:TPX>
								<ns3:Speed>0.680270</ns3:Speed>
							</ns3:TPX>
						</Extensions>
					</Trackpoint>
					<Trackpoint>
						<Time>2569-03-03T11:35:00Z</Time>
						<Position>
							<LatitudeDegrees>12.583669</LatitudeDegrees>
							<LongitudeDegrees>101.418390</LongitudeDegrees>
						</Position>
						<AltitudeMeters>8.160000</AltitudeMeters>
						<HeartRateBpm>
							<Value>95</Value>
						</HeartRateBpm>
						<Cadence>51</Cadence>
						<Extensions>
							<ns3:TPX>
								<ns3:Speed>0.687760</ns3:Speed>
							</ns3:TPX>
						</Extensions>
					</Trackpoint>
					<Trackpoint>
						<Time>2569-03-03T11:35:01Z</Time>
						<Position>
							<LatitudeDegrees>12.583673</LatitudeDegrees>
							<LongitudeDegrees>101.418394</LongitudeDegrees>
						</Position>
						<AltitudeMeters>8.100000</AltitudeMeters>
						<HeartRateBpm>
							<Value>95</Value>
						</HeartRateBpm>
						<Cadence>50</Cadence>
						<Extensions>
							<ns3:TPX>
								<ns3:Speed>0.691560</ns3:Speed>
							</ns3:TPX>
						</Extensions>
					</Trackpoint>
					<Trackpoint>
						<Time>2569-03-03T11:35:02Z</Time>
						<Position>
							<LatitudeDegrees>12.583677</LatitudeDegrees>
							<LongitudeDegrees>101.418400</LongitudeDegrees>
						</Position>
						<AltitudeMeters>8.010000</AltitudeMeters>
						<HeartRateBpm>
							<Value>95</Value>
						</HeartRateBpm>
						<Cadence>45</Cadence>
						<Extensions>
							<ns3:TPX>
								<ns3:Speed>0.693480</ns3:Speed>
							</ns3:TPX>
						</Extensions>
					</Trackpoint>
					<Trackpoint>
						<Time>2569-03-03T11:35:03Z</Time>
						<Position>
							<LatitudeDegrees>12.583684</LatitudeDegrees>
							<LongitudeDegrees>101.418406</LongitudeDegrees>
						</Position>
						<AltitudeMeters>7.940000</AltitudeMeters>
						<HeartRateBpm>
							<Value>96</Value>
						</HeartRateBpm>
						<Cadence>41</Cadence>
						<Extensions>
							<ns3:TPX>
								<ns3:Speed>0.706710</ns3:Speed>
							</ns3:TPX>
						</Extensions>
					</Trackpoint>
					<Trackpoint>
						<Time>2569-03-03T11:35:04Z</Time>
						<Position>
							<LatitudeDegrees>12.583692</LatitudeDegrees>
							<LongitudeDegrees>101.418412</LongitudeDegrees>
						</Position>
						<AltitudeMeters>7.880000</AltitudeMeters>
						<HeartRateBpm>
							<Value>96</Value>
						</HeartRateBpm>
						<Cadence>40</Cadence>
						<Extensions>
							<ns3:TPX>
								<ns3:Speed>0.725690</ns3:Speed>
							</ns3:TPX>
						</Extensions>
					</Trackpoint>
					<Trackpoint>
						<Time>2569-03-03T11:35:05Z</Time>
						<Position>
							<LatitudeDegrees>12.583700</LatitudeDegrees>
							<LongitudeDegrees>101.418417</LongitudeDegrees>
						</Position>
						<AltitudeMeters>7.420000</AltitudeMeters>
						<HeartRateBpm>
							<Value>96</Value>
						</HeartRateBpm>
						<Cadence>39</Cadence>
						<Extensions>
							<ns3:TPX>
								<ns3:Speed>0.737460</ns3:Speed>
							</ns3:TPX>
						</Extensions>
					</Trackpoint>
					<Trackpoint>
						<Time>2569-03-03T11:35:06Z</Time>
						<Position>
							<LatitudeDegrees>12.583707</LatitudeDegrees>
							<LongitudeDegrees>101.418421</LongitudeDegrees>
						</Position>
						<AltitudeMeters>7.300000</AltitudeMeters>
						<HeartRateBpm>
							<Value>96</Value>
						</HeartRateBpm>
						<Cadence>39</Cadence>
						<Extensions>
							<ns3:TPX>
								<ns3:Speed>0.763940</ns3:Speed>
							</ns3:TPX>
						</Extensions>
					</Trackpoint>
					<Trackpoint>
						<Time>2569-03-03T11:35:07Z</Time>
						<Position>
							<LatitudeDegrees>12.583713</LatitudeDegrees>
							<LongitudeDegrees>101.418424</LongitudeDegrees>
						</Position>
						<AltitudeMeters>7.250000</AltitudeMeters>
						<HeartRateBpm>
							<Value>95</Value>
						</HeartRateBpm>
						<Cadence>44</Cadence>
						<Extensions>
							<ns3:TPX>
								<ns3:Speed>0.801920</ns3:Speed>
							</ns3:TPX>
						</Extensions>
					</Trackpoint>
					<Trackpoint>
						<Time>2569-03-03T11:35:08Z</Time>
						<Position>
							<LatitudeDegrees>12.583718</LatitudeDegrees>
							<LongitudeDegrees>101.418428</LongitudeDegrees>
						</Position>
						<AltitudeMeters>7.210000</AltitudeMeters>
						<HeartRateBpm>
							<Value>96</Value>
						</HeartRateBpm>
						<Cadence>47</Cadence>
						<Extensions>
							<ns3:TPX>
								<ns3:Speed>0.813670</ns3:Speed>
							</ns3:TPX>
						</Extensions>
					</Trackpoint>
					<Trackpoint>
						<Time>2569-03-03T11:35:09Z</Time>
						<Position>
							<LatitudeDegrees>12.583723</LatitudeDegrees>
							<LongitudeDegrees>101.418431</LongitudeDegrees>
						</Position>
						<AltitudeMeters>7.180000</AltitudeMeters>
						<HeartRateBpm>
							<Value>96</Value>
						</HeartRateBpm>
						<Cadence>47</Cadence>
						<Extensions>
							<ns3:TPX>
								<ns3:Speed>0.813670</ns3:Speed>
							</ns3:TPX>
						</Extensions>
					</Trackpoint>
					<Trackpoint>
						<Time>2569-03-03T11:35:10Z</Time>
						<Position>
							<LatitudeDegrees>12.583730</LatitudeDegrees>
							<LongitudeDegrees>101.418435</LongitudeDegrees>
						</Position>
						<AltitudeMeters>7.170000</AltitudeMeters>
						<HeartRateBpm>
							<Value>96</Value>
						</HeartRateBpm>
						<Cadence>48</Cadence>
						<Extensions>
							<ns3:TPX>
								<ns3:Speed>0.807750</ns3:Speed>
							</ns3:TPX>
						</Extensions>
					</Trackpoint>
					<Trackpoint>
						<Time>2569-03-03T11:35:11Z</Time>
						<Position>
							<LatitudeDegrees>12.583736</LatitudeDegrees>
							<LongitudeDegrees>101.418439</LongitudeDegrees>
						</Position>
						<AltitudeMeters>7.100000</AltitudeMeters>
						<HeartRateBpm>
							<Value>96</Value>
						</HeartRateBpm>
						<Cadence>48</Cadence>
						<Extensions>
							<ns3:TPX>
								<ns3:Speed>0.789270</ns3:Speed>
							</ns3:TPX>
						</Extensions>
					</Trackpoint>
					<Trackpoint>
						<Time>2569-03-03T11:35:12Z</Time>
						<Position>
							<LatitudeDegrees>12.583741</LatitudeDegrees>
							<LongitudeDegrees>101.418442</LongitudeDegrees>
						</Position>
						<AltitudeMeters>7.080000</AltitudeMeters>
						<HeartRateBpm>
							<Value>96</Value>
						</HeartRateBpm>
						<Cadence>49</Cadence>
						<Extensions>
							<ns3:TPX>
								<ns3:Speed>0.766280</ns3:Speed>
							</ns3:TPX>
						</Extensions>
					</Trackpoint>
					<Trackpoint>
						<Time>2569-03-03T11:35:13Z</Time>
						<Position>
							<LatitudeDegrees>12.583747</LatitudeDegrees>
							<LongitudeDegrees>101.418444</LongitudeDegrees>
						</Position>
						<AltitudeMeters>7.050000</AltitudeMeters>
						<HeartRateBpm>
							<Value>95</Value>
						</HeartRateBpm>
						<Cadence>49</Cadence>
						<Extensions>
							<ns3:TPX>
								<ns3:Speed>0.742940</ns3:Speed>
							</ns3:TPX>
						</Extensions>
					</Trackpoint>
					<Trackpoint>
						<Time>2569-03-03T11:35:14Z</Time>
						<Position>
							<LatitudeDegrees>12.583753</LatitudeDegrees>
							<LongitudeDegrees>101.418446</LongitudeDegrees>
						</Position>
						<AltitudeMeters>7.020000</AltitudeMeters>
						<HeartRateBpm>
							<Value>95</Value>
						</HeartRateBpm>
						<Cadence>49</Cadence>
						<Extensions>
							<ns3:TPX>
								<ns3:Speed>0.728330</ns3:Speed>
							</ns3:TPX>
						</Extensions>
					</Trackpoint>
					<Trackpoint>
						<Time>2569-03-03T11:35:15Z</Time>
						<Position>
							<LatitudeDegrees>12.583758</LatitudeDegrees>
							<LongitudeDegrees>101.418448</LongitudeDegrees>
						</Position>
						<AltitudeMeters>6.990000</AltitudeMeters>
						<HeartRateBpm>
							<Value>95</Value>
						</HeartRateBpm>
						<Cadence>48</Cadence>
						<Extensions>
							<ns3:TPX>
								<ns3:Speed>0.726220</ns3:Speed>
							</ns3:TPX>
						</Extensions>
					</Trackpoint>
					<Trackpoint>
						<Time>2569-03-03T11:35:16Z</Time>
						<Position>
							<LatitudeDegrees>12.583762</LatitudeDegrees>
							<LongitudeDegrees>101.418450</LongitudeDegrees>
						</Position>
						<AltitudeMeters>6.950000</AltitudeMeters>
						<HeartRateBpm>
							<Value>95</Value>
						</HeartRateBpm>
						<Cadence>45</Cadence>
						<Extensions>
							<ns3:TPX>
								<ns3:Speed>0.721500</ns3:Speed>
							</ns3:TPX>
						</Extensions>
					</Trackpoint>
					<Trackpoint>
						<Time>2569-03-03T11:35:17Z</Time>
						<Position>
							<LatitudeDegrees>12.583766</LatitudeDegrees>
							<LongitudeDegrees>101.418452</LongitudeDegrees>
						</Position>
						<AltitudeMeters>6.950000</AltitudeMeters>
						<HeartRateBpm>
							<Value>95</Value>
						</HeartRateBpm>
					</Trackpoint>
					<Trackpoint>
						<Time>2569-03-03T11:35:18Z</Time>
						<Position>
							<LatitudeDegrees>12.583770</LatitudeDegrees>
							<LongitudeDegrees>101.418456</LongitudeDegrees>
						</Position>
						<AltitudeMeters>6.930000</AltitudeMeters>
						<HeartRateBpm>
							<Value>94</Value>
						</HeartRateBpm>
						<Cadence>45</Cadence>
						<Extensions>
							<ns3:TPX>
								<ns3:Speed>0.718390</ns3:Speed>
							</ns3:TPX>
						</Extensions>
					</Trackpoint>
					<Trackpoint>
						<Time>2569-03-03T11:35:19Z</Time>
						<Position>
							<LatitudeDegrees>12.583773</LatitudeDegrees>
							<LongitudeDegrees>101.418462</LongitudeDegrees>
						</Position>
						<AltitudeMeters>6.900000</AltitudeMeters>
						<HeartRateBpm>
							<Value>94</Value>
						</HeartRateBpm>
						<Cadence>50</Cadence>
						<Extensions>
							<ns3:TPX>
								<ns3:Speed>0.714290</ns3:Speed>
							</ns3:TPX>
						</Extensions>
					</Trackpoint>
					<Trackpoint>
						<Time>2569-03-03T11:35:20Z</Time>
						<Position>
							<LatitudeDegrees>12.583775</LatitudeDegrees>
							<LongitudeDegrees>101.418469</LongitudeDegrees>
						</Position>
						<AltitudeMeters>6.870000</AltitudeMeters>
						<HeartRateBpm>
							<Value>94</Value>
						</HeartRateBpm>
						<Cadence>50</Cadence>
						<Extensions>
							<ns3:TPX>
								<ns3:Speed>0.710730</ns3:Speed>
							</ns3:TPX>
						</Extensions>
					</Trackpoint>
					<Trackpoint>
						<Time>2569-03-03T11:35:21Z</Time>
						<Position>
							<LatitudeDegrees>12.583775</LatitudeDegrees>
							<LongitudeDegrees>101.418476</LongitudeDegrees>
						</Position>
						<AltitudeMeters>6.830000</AltitudeMeters>
						<HeartRateBpm>
							<Value>94</Value>
						</HeartRateBpm>
						<Cadence>46</Cadence>
						<Extensions>
							<ns3:TPX>
								<ns3:Speed>0.707210</ns3:Speed>
							</ns3:TPX>
						</Extensions>
					</Trackpoint>
					<Trackpoint>
						<Time>2569-03-03T11:35:22Z</Time>
						<Position>
							<LatitudeDegrees>12.583776</LatitudeDegrees>
							<LongitudeDegrees>101.418482</LongitudeDegrees>
						</Position>
						<AltitudeMeters>6.800000</AltitudeMeters>
						<HeartRateBpm>
							<Value>94</Value>
						</HeartRateBpm>
						<Cadence>47</Cadence>
						<Extensions>
							<ns3:TPX>
								<ns3:Speed>0.704230</ns3:Speed>
							</ns3:TPX>
						</Extensions>
					</Trackpoint>
					<Trackpoint>
						<Time>2569-03-03T11:35:23Z</Time>
						<Position>
							<LatitudeDegrees>12.583777</LatitudeDegrees>
							<LongitudeDegrees>101.418490</LongitudeDegrees>
						</Position>
						<AltitudeMeters>6.790000</AltitudeMeters>
						<HeartRateBpm>
							<Value>94</Value>
						</HeartRateBpm>
						<Cadence>45</Cadence>
						<Extensions>
							<ns3:TPX>
								<ns3:Speed>0.701750</ns3:Speed>
							</ns3:TPX>
						</Extensions>
					</Trackpoint>
					<Trackpoint>
						<Time>2569-03-03T11:35:24Z</Time>
						<Position>
							<LatitudeDegrees>12.583777</LatitudeDegrees>
							<LongitudeDegrees>101.418498</LongitudeDegrees>
						</Position>
						<AltitudeMeters>6.750000</AltitudeMeters>
						<HeartRateBpm>
							<Value>95</Value>
						</HeartRateBpm>
						<Cadence>44</Cadence>
						<Extensions>
							<ns3:TPX>
								<ns3:Speed>0.699790</ns3:Speed>
							</ns3:TPX>
						</Extensions>
					</Trackpoint>
					<Trackpoint>
						<Time>2569-03-03T11:35:25Z</Time>
						<Position>
							<LatitudeDegrees>12.583776</LatitudeDegrees>
							<LongitudeDegrees>101.418504</LongitudeDegrees>
						</Position>
						<AltitudeMeters>6.750000</AltitudeMeters>
						<HeartRateBpm>
							<Value>95</Value>
						</HeartRateBpm>
					</Trackpoint>
					<Trackpoint>
						<Time>2569-03-03T11:35:26Z</Time>
						<Position>
							<LatitudeDegrees>12.583776</LatitudeDegrees>
							<LongitudeDegrees>101.418510</LongitudeDegrees>
						</Position>
						<AltitudeMeters>6.750000</AltitudeMeters>
						<HeartRateBpm>
							<Value>95</Value>
						</HeartRateBpm>
						<Cadence>44</Cadence>
						<Extensions>
							<ns3:TPX>
								<ns3:Speed>0.699790</ns3:Speed>
							</ns3:TPX>
						</Extensions>
					</Trackpoint>
					<Trackpoint>
						<Time>2569-03-03T11:35:27Z</Time>
						<Position>
							<LatitudeDegrees>12.583776</LatitudeDegrees>
							<LongitudeDegrees>101.418513</LongitudeDegrees>
						</Position>
						<AltitudeMeters>6.730000</AltitudeMeters>
						<HeartRateBpm>
							<Value>95</Value>
						</HeartRateBpm>
						<Cadence>44</Cadence>
						<Extensions>
							<ns3:TPX>
								<ns3:Speed>0.699790</ns3:Speed>
							</ns3:TPX>
						</Extensions>
					</Trackpoint>
					<Trackpoint>
						<Time>2569-03-03T11:35:28Z</Time>
						<Position>
							<LatitudeDegrees>12.583776</LatitudeDegrees>
							<LongitudeDegrees>101.418515</LongitudeDegrees>
						</Position>
						<AltitudeMeters>6.730000</AltitudeMeters>
						<HeartRateBpm>
							<Value>95</Value>
						</HeartRateBpm>
						<Cadence>47</Cadence>
						<Extensions>
							<ns3:TPX>
								<ns3:Speed>0.700280</ns3:Speed>
							</ns3:TPX>
						</Extensions>
					</Trackpoint>
					<Trackpoint>
						<Time>2569-03-03T11:35:29Z</Time>
						<Position>
							<LatitudeDegrees>12.583776</LatitudeDegrees>
							<LongitudeDegrees>101.418517</LongitudeDegrees>
						</Position>
						<AltitudeMeters>6.720000</AltitudeMeters>
						<HeartRateBpm>
							<Value>95</Value>
						</HeartRateBpm>
						<Cadence>50</Cadence>
						<Extensions>
							<ns3:TPX>
								<ns3:Speed>0.699790</ns3:Speed>
							</ns3:TPX>
						</Extensions>
					</Trackpoint>
					<Trackpoint>
						<Time>2569-03-03T11:35:30Z</Time>
						<Position>
							<LatitudeDegrees>12.583776</LatitudeDegrees>
							<LongitudeDegrees>101.418518</LongitudeDegrees>
						</Position>
						<AltitudeMeters>6.720000</AltitudeMeters>
						<HeartRateBpm>
							<Value>93</Value>
						</HeartRateBpm>
						<Cadence>52</Cadence>
						<Extensions>
							<ns3:TPX>
								<ns3:Speed>0.696860</ns3:Speed>
							</ns3:TPX>
						</Extensions>
					</Trackpoint>
					<Trackpoint>
						<Time>2569-03-03T11:35:31Z</Time>
						<Position>
							<LatitudeDegrees>12.583775</LatitudeDegrees>
							<LongitudeDegrees>101.418518</LongitudeDegrees>
						</Position>
						<AltitudeMeters>6.720000</AltitudeMeters>
						<HeartRateBpm>
							<Value>92</Value>
						</HeartRateBpm>
						<Cadence>55</Cadence>
						<Extensions>
							<ns3:TPX>
								<ns3:Speed>0.692520</ns3:Speed>
							</ns3:TPX>
						</Extensions>
					</Trackpoint>
					<Trackpoint>
						<Time>2569-03-03T11:35:32Z</Time>
						<Position>
							<LatitudeDegrees>12.583774</LatitudeDegrees>
							<LongitudeDegrees>101.418518</LongitudeDegrees>
						</Position>
						<AltitudeMeters>6.720000</AltitudeMeters>
						<HeartRateBpm>
							<Value>91</Value>
						</HeartRateBpm>
						<Cadence>56</Cadence>
					</Trackpoint>
					<Trackpoint>
						<Time>2569-03-03T11:35:33Z</Time>
						<Position>
							<LatitudeDegrees>12.583773</LatitudeDegrees>
							<LongitudeDegrees>101.418519</LongitudeDegrees>
						</Position>
						<AltitudeMeters>6.720000</AltitudeMeters>
						<HeartRateBpm>
							<Value>90</Value>
						</HeartRateBpm>
					</Trackpoint>
					<Trackpoint>
						<Time>2569-03-03T11:35:34Z</Time>
						<Position>
							<LatitudeDegrees>12.583771</LatitudeDegrees>
							<LongitudeDegrees>101.418519</LongitudeDegrees>
						</Position>
						<AltitudeMeters>6.730000</AltitudeMeters>
						<HeartRateBpm>
							<Value>90</Value>
						</HeartRateBpm>
					</Trackpoint>
					<Trackpoint>
						<Time>2569-03-03T11:35:35Z</Time>
						<Position>
							<LatitudeDegrees>12.583770</LatitudeDegrees>
							<LongitudeDegrees>101.418519</LongitudeDegrees>
						</Position>
						<AltitudeMeters>6.730000</AltitudeMeters>
						<HeartRateBpm>
							<Value>90</Value>
						</HeartRateBpm>
					</Trackpoint>
					<Trackpoint>
						<Time>2569-03-03T11:35:36Z</Time>
						<Position>
							<LatitudeDegrees>12.583770</LatitudeDegrees>
							<LongitudeDegrees>101.418518</LongitudeDegrees>
						</Position>
						<AltitudeMeters>6.730000</AltitudeMeters>
						<HeartRateBpm>
							<Value>91</Value>
						</HeartRateBpm>
					</Trackpoint>
					<Trackpoint>
						<Time>2569-03-03T11:35:37Z</Time>
						<Position>
							<LatitudeDegrees>12.583770</LatitudeDegrees>
							<LongitudeDegrees>101.418517</LongitudeDegrees>
						</Position>
						<AltitudeMeters>6.730000</AltitudeMeters>
						<HeartRateBpm>
							<Value>92</Value>
						</HeartRateBpm>
					</Trackpoint>
					<Trackpoint>
						<Time>2569-03-03T11:35:38Z</Time>
						<Position>
							<LatitudeDegrees>12.583771</LatitudeDegrees>
							<LongitudeDegrees>101.418517</LongitudeDegrees>
						</Position>
						<AltitudeMeters>6.730000</AltitudeMeters>
						<HeartRateBpm>
							<Value>92</Value>
						</HeartRateBpm>
					</Trackpoint>
					<Trackpoint>
						<Time>2569-03-03T11:35:39Z</Time>
						<Position>
							<LatitudeDegrees>12.583772</LatitudeDegrees>
							<LongitudeDegrees>101.418517</LongitudeDegrees>
						</Position>
						<AltitudeMeters>6.730000</AltitudeMeters>
						<HeartRateBpm>
							<Value>91</Value>
						</HeartRateBpm>
					</Trackpoint>
					<Trackpoint>
						<Time>2569-03-03T11:35:40Z</Time>
						<Position>
							<LatitudeDegrees>12.583772</LatitudeDegrees>
							<LongitudeDegrees>101.418516</LongitudeDegrees>
						</Position>
						<AltitudeMeters>6.740000</AltitudeMeters>
						<HeartRateBpm>
							<Value>90</Value>
						</HeartRateBpm>
					</Trackpoint>
					<Trackpoint>
						<Time>2569-03-03T11:35:41Z</Time>
						<Position>
							<LatitudeDegrees>12.583772</LatitudeDegrees>
							<LongitudeDegrees>101.418516</LongitudeDegrees>
						</Position>
						<AltitudeMeters>6.740000</AltitudeMeters>
						<HeartRateBpm>
							<Value>88</Value>
						</HeartRateBpm>
					</Trackpoint>
					<Trackpoint>
						<Time>2569-03-03T11:35:42Z</Time>
						<Position>
							<LatitudeDegrees>12.583772</LatitudeDegrees>
							<LongitudeDegrees>101.418516</LongitudeDegrees>
						</Position>
						<AltitudeMeters>6.740000</AltitudeMeters>
						<HeartRateBpm>
							<Value>88</Value>
						</HeartRateBpm>
					</Trackpoint>
					<Trackpoint>
						<Time>2569-03-03T11:35:43Z</Time>
						<Position>
							<LatitudeDegrees>12.583772</LatitudeDegrees>
							<LongitudeDegrees>101.418516</LongitudeDegrees>
						</Position>
						<AltitudeMeters>6.740000</AltitudeMeters>
						<HeartRateBpm>
							<Value>87</Value>
						</HeartRateBpm>
					</Trackpoint>
					<Trackpoint>
						<Time>2569-03-03T11:35:44Z</Time>
						<Position>
							<LatitudeDegrees>12.583772</LatitudeDegrees>
							<LongitudeDegrees>101.418516</LongitudeDegrees>
						</Position>
						<AltitudeMeters>6.740000</AltitudeMeters>
						<HeartRateBpm>
							<Value>87</Value>
						</HeartRateBpm>
					</Trackpoint>
					<Trackpoint>
						<Time>2569-03-03T11:35:45Z</Time>
						<Position>
							<LatitudeDegrees>12.583773</LatitudeDegrees>
							<LongitudeDegrees>101.418516</LongitudeDegrees>
						</Position>
						<AltitudeMeters>6.750000</AltitudeMeters>
						<HeartRateBpm>
							<Value>85</Value>
						</HeartRateBpm>
					</Trackpoint>
					<Trackpoint>
						<Time>2569-03-03T11:35:46Z</Time>
						<Position>
							<LatitudeDegrees>12.583777</LatitudeDegrees>
							<LongitudeDegrees>101.418516</LongitudeDegrees>
						</Position>
						<AltitudeMeters>6.750000</AltitudeMeters>
						<HeartRateBpm>
							<Value>84</Value>
						</HeartRateBpm>
					</Trackpoint>
					<Trackpoint>
						<Time>2569-03-03T11:35:47Z</Time>
						<Position>
							<LatitudeDegrees>12.583781</LatitudeDegrees>
							<LongitudeDegrees>101.418514</LongitudeDegrees>
						</Position>
						<AltitudeMeters>6.750000</AltitudeMeters>
						<HeartRateBpm>
							<Value>84</Value>
						</HeartRateBpm>
					</Trackpoint>
					<Trackpoint>
						<Time>2569-03-03T11:35:48Z</Time>
						<Position>
							<LatitudeDegrees>12.583786</LatitudeDegrees>
							<LongitudeDegrees>101.418513</LongitudeDegrees>
						</Position>
						<AltitudeMeters>6.750000</AltitudeMeters>
						<HeartRateBpm>
							<Value>82</Value>
						</HeartRateBpm>
					</Trackpoint>
					<Trackpoint>
						<Time>2569-03-03T11:35:49Z</Time>
						<Position>
							<LatitudeDegrees>12.583792</LatitudeDegrees>
							<LongitudeDegrees>101.418511</LongitudeDegrees>
						</Position>
						<AltitudeMeters>6.750000</AltitudeMeters>
						<HeartRateBpm>
							<Value>84</Value>
						</HeartRateBpm>
					</Trackpoint>
					<Trackpoint>
						<Time>2569-03-03T11:35:50Z</Time>
						<Position>
							<LatitudeDegrees>12.583798</LatitudeDegrees>
							<LongitudeDegrees>101.418509</LongitudeDegrees>
						</Position>
						<AltitudeMeters>6.750000</AltitudeMeters>
						<HeartRateBpm>
							<Value>85</Value>
						</HeartRateBpm>
					</Trackpoint>
					<Trackpoint>
						<Time>2569-03-03T11:35:51Z</Time>
						<Position>
							<LatitudeDegrees>12.583806</LatitudeDegrees>
							<LongitudeDegrees>101.418507</LongitudeDegrees>
						</Position>
						<AltitudeMeters>6.750000</AltitudeMeters>
						<HeartRateBpm>
							<Value>84</Value>
						</HeartRateBpm>
					</Trackpoint>
					<Trackpoint>
						<Time>2569-03-03T11:35:52Z</Time>
						<Position>
							<LatitudeDegrees>12.583812</LatitudeDegrees>
							<LongitudeDegrees>101.418506</LongitudeDegrees>
						</Position>
						<AltitudeMeters>6.740000</AltitudeMeters>
						<HeartRateBpm>
							<Value>84</Value>
						</HeartRateBpm>
					</Trackpoint>
					<Trackpoint>
						<Time>2569-03-03T11:35:53Z</Time>
						<Position>
							<LatitudeDegrees>12.583820</LatitudeDegrees>
							<LongitudeDegrees>101.418505</LongitudeDegrees>
						</Position>
						<AltitudeMeters>6.740000</AltitudeMeters>
						<HeartRateBpm>
							<Value>84</Value>
						</HeartRateBpm>
						<Extensions>
							<ns3:TPX>
								<ns3:Speed>0.639800</ns3:Speed>
							</ns3:TPX>
						</Extensions>
					</Trackpoint>
					<Trackpoint>
						<Time>2569-03-03T11:35:54Z</Time>
						<Position>
							<LatitudeDegrees>12.583827</LatitudeDegrees>
							<LongitudeDegrees>101.418503</LongitudeDegrees>
						</Position>
						<AltitudeMeters>6.740000</AltitudeMeters>
						<HeartRateBpm>
							<Value>84</Value>
						</HeartRateBpm>
						<Extensions>
							<ns3:TPX>
								<ns3:Speed>0.659200</ns3:Speed>
							</ns3:TPX>
						</Extensions>
					</Trackpoint>
					<Trackpoint>
						<Time>2569-03-03T11:35:55Z</Time>
						<Position>
							<LatitudeDegrees>12.583834</LatitudeDegrees>
							<LongitudeDegrees>101.418500</LongitudeDegrees>
						</Position>
						<AltitudeMeters>6.730000</AltitudeMeters>
						<HeartRateBpm>
							<Value>83</Value>
						</HeartRateBpm>
						<Cadence>44</Cadence>
						<Extensions>
							<ns3:TPX>
								<ns3:Speed>0.686810</ns3:Speed>
							</ns3:TPX>
						</Extensions>
					</Trackpoint>
					<Trackpoint>
						<Time>2569-03-03T11:35:56Z</Time>
						<Position>
							<LatitudeDegrees>12.583842</LatitudeDegrees>
							<LongitudeDegrees>101.418498</LongitudeDegrees>
						</Position>
						<AltitudeMeters>6.720000</AltitudeMeters>
						<HeartRateBpm>
							<Value>84</Value>
						</HeartRateBpm>
						<Cadence>43</Cadence>
						<Extensions>
							<ns3:TPX>
								<ns3:Speed>0.712760</ns3:Speed>
							</ns3:TPX>
						</Extensions>
					</Trackpoint>
					<Trackpoint>
						<Time>2569-03-03T11:35:57Z</Time>
						<Position>
							<LatitudeDegrees>12.583851</LatitudeDegrees>
							<LongitudeDegrees>101.418497</LongitudeDegrees>
						</Position>
						<AltitudeMeters>6.700000</AltitudeMeters>
						<HeartRateBpm>
							<Value>85</Value>
						</HeartRateBpm>
						<Cadence>42</Cadence>
						<Extensions>
							<ns3:TPX>
								<ns3:Speed>0.738550</ns3:Speed>
							</ns3:TPX>
						</Extensions>
					</Trackpoint>
					<Trackpoint>
						<Time>2569-03-03T11:35:58Z</Time>
						<Position>
							<LatitudeDegrees>12.583860</LatitudeDegrees>
							<LongitudeDegrees>101.418498</LongitudeDegrees>
						</Position>
						<AltitudeMeters>6.680000</AltitudeMeters>
						<HeartRateBpm>
							<Value>86</Value>
						</HeartRateBpm>
						<Cadence>41</Cadence>
						<Extensions>
							<ns3:TPX>
								<ns3:Speed>0.778820</ns3:Speed>
							</ns3:TPX>
						</Extensions>
					</Trackpoint>
					<Trackpoint>
						<Time>2569-03-03T11:35:59Z</Time>
						<Position>
							<LatitudeDegrees>12.583869</LatitudeDegrees>
							<LongitudeDegrees>101.418499</LongitudeDegrees>
						</Position>
						<AltitudeMeters>6.650000</AltitudeMeters>
						<HeartRateBpm>
							<Value>88</Value>
						</HeartRateBpm>
						<Cadence>41</Cadence>
						<Extensions>
							<ns3:TPX>
								<ns3:Speed>0.803860</ns3:Speed>
							</ns3:TPX>
						</Extensions>
					</Trackpoint>
					<Trackpoint>
						<Time>2569-03-03T11:36:00Z</Time>
						<Position>
							<LatitudeDegrees>12.583878</LatitudeDegrees>
							<LongitudeDegrees>101.418501</LongitudeDegrees>
						</Position>
						<AltitudeMeters>6.620000</AltitudeMeters>
						<HeartRateBpm>
							<Value>88</Value>
						</HeartRateBpm>
						<Cadence>40</Cadence>
						<Extensions>
							<ns3:TPX>
								<ns3:Speed>0.821690</ns3:Speed>
							</ns3:TPX>
						</Extensions>
					</Trackpoint>
					<Trackpoint>
						<Time>2569-03-03T11:36:01Z</Time>
						<Position>
							<LatitudeDegrees>12.583886</LatitudeDegrees>
							<LongitudeDegrees>101.418504</LongitudeDegrees>
						</Position>
						<AltitudeMeters>6.590000</AltitudeMeters>
						<HeartRateBpm>
							<Value>89</Value>
						</HeartRateBpm>
						<Cadence>45</Cadence>
						<Extensions>
							<ns3:TPX>
								<ns3:Speed>0.861330</ns3:Speed>
							</ns3:TPX>
						</Extensions>
					</Trackpoint>
					<Trackpoint>
						<Time>2569-03-03T11:36:02Z</Time>
						<Position>
							<LatitudeDegrees>12.583891</LatitudeDegrees>
							<LongitudeDegrees>101.418509</LongitudeDegrees>
						</Position>
						<AltitudeMeters>6.570000</AltitudeMeters>
						<HeartRateBpm>
							<Value>89</Value>
						</HeartRateBpm>
						<Cadence>50</Cadence>
						<Extensions>
							<ns3:TPX>
								<ns3:Speed>0.883390</ns3:Speed>
							</ns3:TPX>
						</Extensions>
					</Trackpoint>
					<Trackpoint>
						<Time>2569-03-03T11:36:03Z</Time>
						<Position>
							<LatitudeDegrees>12.583894</LatitudeDegrees>
							<LongitudeDegrees>101.418513</LongitudeDegrees>
						</Position>
						<AltitudeMeters>6.550000</AltitudeMeters>
						<HeartRateBpm>
							<Value>88</Value>
						</HeartRateBpm>
						<Cadence>51</Cadence>
						<Extensions>
							<ns3:TPX>
								<ns3:Speed>0.883390</ns3:Speed>
							</ns3:TPX>
						</Extensions>
					</Trackpoint>
					<Trackpoint>
						<Time>2569-03-03T11:36:04Z</Time>
						<Position>
							<LatitudeDegrees>12.583897</LatitudeDegrees>
							<LongitudeDegrees>101.418515</LongitudeDegrees>
						</Position>
						<AltitudeMeters>6.530000</AltitudeMeters>
						<HeartRateBpm>
							<Value>88</Value>
						</HeartRateBpm>
						<Cadence>52</Cadence>
						<Extensions>
							<ns3:TPX>
								<ns3:Speed>0.892060</ns3:Speed>
							</ns3:TPX>
						</Extensions>
					</Trackpoint>
					<Trackpoint>
						<Time>2569-03-03T11:36:05Z</Time>
						<Position>
							<LatitudeDegrees>12.583899</LatitudeDegrees>
							<LongitudeDegrees>101.418516</LongitudeDegrees>
						</Position>
						<AltitudeMeters>6.530000</AltitudeMeters>
						<HeartRateBpm>
							<Value>90</Value>
						</HeartRateBpm>
						<Cadence>52</Cadence>
						<Extensions>
							<ns3:TPX>
								<ns3:Speed>0.897670</ns3:Speed>
							</ns3:TPX>
						</Extensions>
					</Trackpoint>
					<Trackpoint>
						<Time>2569-03-03T11:36:06Z</Time>
						<Position>
							<LatitudeDegrees>12.583900</LatitudeDegrees>
							<LongitudeDegrees>101.418517</LongitudeDegrees>
						</Position>
						<AltitudeMeters>6.520000</AltitudeMeters>
						<HeartRateBpm>
							<Value>92</Value>
						</HeartRateBpm>
						<Cadence>53</Cadence>
						<Extensions>
							<ns3:TPX>
								<ns3:Speed>0.858370</ns3:Speed>
							</ns3:TPX>
						</Extensions>
					</Trackpoint>
					<Trackpoint>
						<Time>2569-03-03T11:36:07Z</Time>
						<Position>
							<LatitudeDegrees>12.583901</LatitudeDegrees>
							<LongitudeDegrees>101.418518</LongitudeDegrees>
						</Position>
						<AltitudeMeters>6.520000</AltitudeMeters>
						<HeartRateBpm>
							<Value>92</Value>
						</HeartRateBpm>
						<Cadence>53</Cadence>
						<Extensions>
							<ns3:TPX>
								<ns3:Speed>0.773400</ns3:Speed>
							</ns3:TPX>
						</Extensions>
					</Trackpoint>
					<Trackpoint>
						<Time>2569-03-03T11:36:08Z</Time>
						<Position>
							<LatitudeDegrees>12.583901</LatitudeDegrees>
							<LongitudeDegrees>101.418519</LongitudeDegrees>
						</Position>
						<AltitudeMeters>6.520000</AltitudeMeters>
						<HeartRateBpm>
							<Value>92</Value>
						</HeartRateBpm>
					</Trackpoint>
					<Trackpoint>
						<Time>2569-03-03T11:36:09Z</Time>
						<Position>
							<LatitudeDegrees>12.583901</LatitudeDegrees>
							<LongitudeDegrees>101.418520</LongitudeDegrees>
						</Position>
						<AltitudeMeters>6.510000</AltitudeMeters>
						<HeartRateBpm>
							<Value>93</Value>
						</HeartRateBpm>
					</Trackpoint>
					<Trackpoint>
						<Time>2569-03-03T11:36:10Z</Time>
						<Position>
							<LatitudeDegrees>12.583901</LatitudeDegrees>
							<LongitudeDegrees>101.418520</LongitudeDegrees>
						</Position>
						<AltitudeMeters>6.510000</AltitudeMeters>
						<HeartRateBpm>
							<Value>91</Value>
						</HeartRateBpm>
					</Trackpoint>
					<Trackpoint>
						<Time>2569-03-03T11:36:11Z</Time>
						<Position>
							<LatitudeDegrees>12.583903</LatitudeDegrees>
							<LongitudeDegrees>101.418522</LongitudeDegrees>
						</Position>
						<AltitudeMeters>6.510000</AltitudeMeters>
						<HeartRateBpm>
							<Value>91</Value>
						</HeartRateBpm>
					</Trackpoint>
					<Trackpoint>
						<Time>2569-03-03T11:36:12Z</Time>
						<Position>
							<LatitudeDegrees>12.583906</LatitudeDegrees>
							<LongitudeDegrees>101.418526</LongitudeDegrees>
						</Position>
						<AltitudeMeters>6.500000</AltitudeMeters>
						<HeartRateBpm>
							<Value>90</Value>
						</HeartRateBpm>
					</Trackpoint>
					<Trackpoint>
						<Time>2569-03-03T11:36:13Z</Time>
						<Position>
							<LatitudeDegrees>12.583912</LatitudeDegrees>
							<LongitudeDegrees>101.418530</LongitudeDegrees>
						</Position>
						<AltitudeMeters>6.480000</AltitudeMeters>
						<HeartRateBpm>
							<Value>89</Value>
						</HeartRateBpm>
						<Cadence>43</Cadence>
					</Trackpoint>
					<Trackpoint>
						<Time>2569-03-03T11:36:14Z</Time>
						<Position>
							<LatitudeDegrees>12.583918</LatitudeDegrees>
							<LongitudeDegrees>101.418534</LongitudeDegrees>
						</Position>
						<AltitudeMeters>6.340000</AltitudeMeters>
						<HeartRateBpm>
							<Value>89</Value>
						</HeartRateBpm>
						<Cadence>46</Cadence>
						<Extensions>
							<ns3:TPX>
								<ns3:Speed>0.330580</ns3:Speed>
							</ns3:TPX>
						</Extensions>
					</Trackpoint>
					<Trackpoint>
						<Time>2569-03-03T11:36:15Z</Time>
						<Position>
							<LatitudeDegrees>12.583926</LatitudeDegrees>
							<LongitudeDegrees>101.418537</LongitudeDegrees>
						</Position>
						<AltitudeMeters>6.320000</AltitudeMeters>
						<HeartRateBpm>
							<Value>89</Value>
						</HeartRateBpm>
						<Cadence>49</Cadence>
						<Extensions>
							<ns3:TPX>
								<ns3:Speed>0.452900</ns3:Speed>
							</ns3:TPX>
						</Extensions>
					</Trackpoint>
					<Trackpoint>
						<Time>2569-03-03T11:36:16Z</Time>
						<Position>
							<LatitudeDegrees>12.583935</LatitudeDegrees>
							<LongitudeDegrees>101.418538</LongitudeDegrees>
						</Position>
						<AltitudeMeters>6.290000</AltitudeMeters>
						<HeartRateBpm>
							<Value>89</Value>
						</HeartRateBpm>
						<Cadence>50</Cadence>
						<Extensions>
							<ns3:TPX>
								<ns3:Speed>0.590670</ns3:Speed>
							</ns3:TPX>
						</Extensions>
					</Trackpoint>
					<Trackpoint>
						<Time>2569-03-03T11:36:17Z</Time>
						<Position>
							<LatitudeDegrees>12.583943</LatitudeDegrees>
							<LongitudeDegrees>101.418539</LongitudeDegrees>
						</Position>
						<AltitudeMeters>6.260000</AltitudeMeters>
						<HeartRateBpm>
							<Value>89</Value>
						</HeartRateBpm>
						<Cadence>50</Cadence>
						<Extensions>
							<ns3:TPX>
								<ns3:Speed>0.720460</ns3:Speed>
							</ns3:TPX>
						</Extensions>
					</Trackpoint>
					<Trackpoint>
						<Time>2569-03-03T11:36:18Z</Time>
						<Position>
							<LatitudeDegrees>12.583951</LatitudeDegrees>
							<LongitudeDegrees>101.418541</LongitudeDegrees>
						</Position>
						<AltitudeMeters>6.240000</AltitudeMeters>
						<HeartRateBpm>
							<Value>90</Value>
						</HeartRateBpm>
						<Cadence>50</Cadence>
						<Extensions>
							<ns3:TPX>
								<ns3:Speed>0.830560</ns3:Speed>
							</ns3:TPX>
						</Extensions>
					</Trackpoint>
					<Trackpoint>
						<Time>2569-03-03T11:36:19Z</Time>
						<Position>
							<LatitudeDegrees>12.583958</LatitudeDegrees>
							<LongitudeDegrees>101.418543</LongitudeDegrees>
						</Position>
						<AltitudeMeters>6.220000</AltitudeMeters>
						<HeartRateBpm>
							<Value>90</Value>
						</HeartRateBpm>
						<Cadence>50</Cadence>
						<Extensions>
							<ns3:TPX>
								<ns3:Speed>0.883390</ns3:Speed>
							</ns3:TPX>
						</Extensions>
					</Trackpoint>
					<Trackpoint>
						<Time>2569-03-03T11:36:20Z</Time>
						<Position>
							<LatitudeDegrees>12.583964</LatitudeDegrees>
							<LongitudeDegrees>101.418544</LongitudeDegrees>
						</Position>
						<AltitudeMeters>6.200000</AltitudeMeters>
						<HeartRateBpm>
							<Value>90</Value>
						</HeartRateBpm>
						<Cadence>51</Cadence>
						<Extensions>
							<ns3:TPX>
								<ns3:Speed>0.859850</ns3:Speed>
							</ns3:TPX>
						</Extensions>
					</Trackpoint>
					<Trackpoint>
						<Time>2569-03-03T11:36:21Z</Time>
						<Position>
							<LatitudeDegrees>12.583970</LatitudeDegrees>
							<LongitudeDegrees>101.418546</LongitudeDegrees>
						</Position>
						<AltitudeMeters>6.180000</AltitudeMeters>
						<HeartRateBpm>
							<Value>90</Value>
						</HeartRateBpm>
						<Cadence>51</Cadence>
						<Extensions>
							<ns3:TPX>
								<ns3:Speed>0.836120</ns3:Speed>
							</ns3:TPX>
						</Extensions>
					</Trackpoint>
					<Trackpoint>
						<Time>2569-03-03T11:36:22Z</Time>
						<Position>
							<LatitudeDegrees>12.583976</LatitudeDegrees>
							<LongitudeDegrees>101.418547</LongitudeDegrees>
						</Position>
						<AltitudeMeters>6.170000</AltitudeMeters>
						<HeartRateBpm>
							<Value>90</Value>
						</HeartRateBpm>
						<Cadence>51</Cadence>
						<Extensions>
							<ns3:TPX>
								<ns3:Speed>0.862810</ns3:Speed>
							</ns3:TPX>
						</Extensions>
					</Trackpoint>
					<Trackpoint>
						<Time>2569-03-03T11:36:23Z</Time>
						<Position>
							<LatitudeDegrees>12.583981</LatitudeDegrees>
							<LongitudeDegrees>101.418547</LongitudeDegrees>
						</Position>
						<AltitudeMeters>6.160000</AltitudeMeters>
						<HeartRateBpm>
							<Value>91</Value>
						</HeartRateBpm>
						<Cadence>51</Cadence>
						<Extensions>
							<ns3:TPX>
								<ns3:Speed>0.864300</ns3:Speed>
							</ns3:TPX>
						</Extensions>
					</Trackpoint>
					<Trackpoint>
						<Time>2569-03-03T11:36:24Z</Time>
						<Position>
							<LatitudeDegrees>12.583984</LatitudeDegrees>
							<LongitudeDegrees>101.418547</LongitudeDegrees>
						</Position>
						<AltitudeMeters>6.150000</AltitudeMeters>
						<HeartRateBpm>
							<Value>92</Value>
						</HeartRateBpm>
						<Cadence>46</Cadence>
						<Extensions>
							<ns3:TPX>
								<ns3:Speed>0.805800</ns3:Speed>
							</ns3:TPX>
						</Extensions>
					</Trackpoint>
					<Trackpoint>
						<Time>2569-03-03T11:36:25Z</Time>
						<Position>
							<LatitudeDegrees>12.583988</LatitudeDegrees>
							<LongitudeDegrees>101.418547</LongitudeDegrees>
						</Position>
						<AltitudeMeters>6.140000</AltitudeMeters>
						<HeartRateBpm>
							<Value>94</Value>
						</HeartRateBpm>
						<Cadence>46</Cadence>
						<Extensions>
							<ns3:TPX>
								<ns3:Speed>0.715310</ns3:Speed>
							</ns3:TPX>
						</Extensions>
					</Trackpoint>
					<Trackpoint>
						<Time>2569-03-03T11:36:26Z</Time>
						<Position>
							<LatitudeDegrees>12.583992</LatitudeDegrees>
							<LongitudeDegrees>101.418547</LongitudeDegrees>
						</Position>
						<AltitudeMeters>6.140000</AltitudeMeters>
						<HeartRateBpm>
							<Value>95</Value>
						</HeartRateBpm>
						<Cadence>47</Cadence>
						<Extensions>
							<ns3:TPX>
								<ns3:Speed>0.632910</ns3:Speed>
							</ns3:TPX>
						</Extensions>
					</Trackpoint>
					<Trackpoint>
						<Time>2569-03-03T11:36:27Z</Time>
						<Position>
							<LatitudeDegrees>12.583997</LatitudeDegrees>
							<LongitudeDegrees>101.418547</LongitudeDegrees>
						</Position>
						<AltitudeMeters>6.140000</AltitudeMeters>
						<HeartRateBpm>
							<Value>95</Value>
						</HeartRateBpm>
						<Cadence>48</Cadence>
						<Extensions>
							<ns3:TPX>
								<ns3:Speed>0.538210</ns3:Speed>
							</ns3:TPX>
						</Extensions>
					</Trackpoint>
					<Trackpoint>
						<Time>2569-03-03T11:36:28Z</Time>
						<Position>
							<LatitudeDegrees>12.584004</LatitudeDegrees>
							<LongitudeDegrees>101.418547</LongitudeDegrees>
						</Position>
						<AltitudeMeters>6.140000</AltitudeMeters>
						<HeartRateBpm>
							<Value>95</Value>
						</HeartRateBpm>
						<Cadence>49</Cadence>
						<Extensions>
							<ns3:TPX>
								<ns3:Speed>0.492610</ns3:Speed>
							</ns3:TPX>
						</Extensions>
					</Trackpoint>
					<Trackpoint>
						<Time>2569-03-03T11:36:29Z</Time>
						<Position>
							<LatitudeDegrees>12.584011</LatitudeDegrees>
							<LongitudeDegrees>101.418546</LongitudeDegrees>
						</Position>
						<AltitudeMeters>6.130000</AltitudeMeters>
						<HeartRateBpm>
							<Value>93</Value>
						</HeartRateBpm>
						<Cadence>49</Cadence>
						<Extensions>
							<ns3:TPX>
								<ns3:Speed>0.492610</ns3:Speed>
							</ns3:TPX>
						</Extensions>
					</Trackpoint>
					<Trackpoint>
						<Time>2569-03-03T11:36:30Z</Time>
						<Position>
							<LatitudeDegrees>12.584018</LatitudeDegrees>
							<LongitudeDegrees>101.418545</LongitudeDegrees>
						</Position>
						<AltitudeMeters>6.120000</AltitudeMeters>
						<HeartRateBpm>
							<Value>92</Value>
						</HeartRateBpm>
						<Cadence>44</Cadence>
						<Extensions>
							<ns3:TPX>
								<ns3:Speed>0.466850</ns3:Speed>
							</ns3:TPX>
						</Extensions>
					</Trackpoint>
					<Trackpoint>
						<Time>2569-03-03T11:36:31Z</Time>
						<Position>
							<LatitudeDegrees>12.584024</LatitudeDegrees>
							<LongitudeDegrees>101.418544</LongitudeDegrees>
						</Position>
						<AltitudeMeters>6.110000</AltitudeMeters>
						<HeartRateBpm>
							<Value>92</Value>
						</HeartRateBpm>
						<Cadence>44</Cadence>
						<Extensions>
							<ns3:TPX>
								<ns3:Speed>0.466640</ns3:Speed>
							</ns3:TPX>
						</Extensions>
					</Trackpoint>
					<Trackpoint>
						<Time>2569-03-03T11:36:32Z</Time>
						<Position>
							<LatitudeDegrees>12.584030</LatitudeDegrees>
							<LongitudeDegrees>101.418544</LongitudeDegrees>
						</Position>
						<AltitudeMeters>6.090000</AltitudeMeters>
						<HeartRateBpm>
							<Value>93</Value>
						</HeartRateBpm>
						<Cadence>45</Cadence>
						<Extensions>
							<ns3:TPX>
								<ns3:Speed>0.565930</ns3:Speed>
							</ns3:TPX>
						</Extensions>
					</Trackpoint>
					<Trackpoint>
						<Time>2569-03-03T11:36:33Z</Time>
						<Position>
							<LatitudeDegrees>12.584036</LatitudeDegrees>
							<LongitudeDegrees>101.418544</LongitudeDegrees>
						</Position>
						<AltitudeMeters>6.020000</AltitudeMeters>
						<HeartRateBpm>
							<Value>94</Value>
						</HeartRateBpm>
						<Cadence>45</Cadence>
						<Extensions>
							<ns3:TPX>
								<ns3:Speed>0.651890</ns3:Speed>
							</ns3:TPX>
						</Extensions>
					</Trackpoint>
					<Trackpoint>
						<Time>2569-03-03T11:36:34Z</Time>
						<Position>
							<LatitudeDegrees>12.584044</LatitudeDegrees>
							<LongitudeDegrees>101.418544</LongitudeDegrees>
						</Position>
						<AltitudeMeters>6.010000</AltitudeMeters>
						<HeartRateBpm>
							<Value>93</Value>
						</HeartRateBpm>
						<Cadence>46</Cadence>
						<Extensions>
							<ns3:TPX>
								<ns3:Speed>0.595590</ns3:Speed>
							</ns3:TPX>
						</Extensions>
					</Trackpoint>
					<Trackpoint>
						<Time>2569-03-03T11:36:35Z</Time>
						<Position>
							<LatitudeDegrees>12.584052</LatitudeDegrees>
							<LongitudeDegrees>101.418545</LongitudeDegrees>
						</Position>
						<AltitudeMeters>6.010000</AltitudeMeters>
						<HeartRateBpm>
							<Value>92</Value>
						</HeartRateBpm>
					</Trackpoint>
					<Trackpoint>
						<Time>2569-03-03T11:36:36Z</Time>
						<Position>
							<LatitudeDegrees>12.584060</LatitudeDegrees>
							<LongitudeDegrees>101.418545</LongitudeDegrees>
						</Position>
						<AltitudeMeters>6.000000</AltitudeMeters>
						<HeartRateBpm>
							<Value>92</Value>
						</HeartRateBpm>
						<Cadence>46</Cadence>
						<Extensions>
							<ns3:TPX>
								<ns3:Speed>0.526590</ns3:Speed>
							</ns3:TPX>
						</Extensions>
					</Trackpoint>
					<Trackpoint>
						<Time>2569-03-03T11:36:37Z</Time>
						<Position>
							<LatitudeDegrees>12.584069</LatitudeDegrees>
							<LongitudeDegrees>101.418545</LongitudeDegrees>
						</Position>
						<AltitudeMeters>5.990000</AltitudeMeters>
						<HeartRateBpm>
							<Value>92</Value>
						</HeartRateBpm>
						<Cadence>45</Cadence>
						<Extensions>
							<ns3:TPX>
								<ns3:Speed>0.610870</ns3:Speed>
							</ns3:TPX>
						</Extensions>
					</Trackpoint>
					<Trackpoint>
						<Time>2569-03-03T11:36:38Z</Time>
						<Position>
							<LatitudeDegrees>12.584078</LatitudeDegrees>
							<LongitudeDegrees>101.418545</LongitudeDegrees>
						</Position>
						<AltitudeMeters>5.980000</AltitudeMeters>
						<HeartRateBpm>
							<Value>92</Value>
						</HeartRateBpm>
						<Cadence>45</Cadence>
						<Extensions>
							<ns3:TPX>
								<ns3:Speed>0.725160</ns3:Speed>
							</ns3:TPX>
						</Extensions>
					</Trackpoint>
					<Trackpoint>
						<Time>2569-03-03T11:36:39Z</Time>
						<Position>
							<LatitudeDegrees>12.584086</LatitudeDegrees>
							<LongitudeDegrees>101.418546</LongitudeDegrees>
						</Position>
						<AltitudeMeters>5.980000</AltitudeMeters>
						<HeartRateBpm>
							<Value>91</Value>
						</HeartRateBpm>
						<Cadence>45</Cadence>
						<Extensions>
							<ns3:TPX>
								<ns3:Speed>0.783700</ns3:Speed>
							</ns3:TPX>
						</Extensions>
					</Trackpoint>
					<Trackpoint>
						<Time>2569-03-03T11:36:40Z</Time>
						<Position>
							<LatitudeDegrees>12.584094</LatitudeDegrees>
							<LongitudeDegrees>101.418546</LongitudeDegrees>
						</Position>
						<AltitudeMeters>5.960000</AltitudeMeters>
						<HeartRateBpm>
							<Value>91</Value>
						</HeartRateBpm>
						<Cadence>45</Cadence>
						<Extensions>
							<ns3:TPX>
								<ns3:Speed>0.830560</ns3:Speed>
							</ns3:TPX>
						</Extensions>
					</Trackpoint>
					<Trackpoint>
						<Time>2569-03-03T11:36:41Z</Time>
						<Position>
							<LatitudeDegrees>12.584102</LatitudeDegrees>
							<LongitudeDegrees>101.418546</LongitudeDegrees>
						</Position>
						<AltitudeMeters>5.960000</AltitudeMeters>
						<HeartRateBpm>
							<Value>91</Value>
						</HeartRateBpm>
						<Cadence>45</Cadence>
						<Extensions>
							<ns3:TPX>
								<ns3:Speed>0.848180</ns3:Speed>
							</ns3:TPX>
						</Extensions>
					</Trackpoint>
					<Trackpoint>
						<Time>2569-03-03T11:36:42Z</Time>
						<Position>
							<LatitudeDegrees>12.584110</LatitudeDegrees>
							<LongitudeDegrees>101.418545</LongitudeDegrees>
						</Position>
						<AltitudeMeters>5.950000</AltitudeMeters>
						<HeartRateBpm>
							<Value>91</Value>
						</HeartRateBpm>
						<Cadence>44</Cadence>
						<Extensions>
							<ns3:TPX>
								<ns3:Speed>0.860590</ns3:Speed>
							</ns3:TPX>
						</Extensions>
					</Trackpoint>
					<Trackpoint>
						<Time>2569-03-03T11:36:43Z</Time>
						<Position>
							<LatitudeDegrees>12.584118</LatitudeDegrees>
							<LongitudeDegrees>101.418545</LongitudeDegrees>
						</Position>
						<AltitudeMeters>5.950000</AltitudeMeters>
						<HeartRateBpm>
							<Value>91</Value>
						</HeartRateBpm>
						<Cadence>45</Cadence>
						<Extensions>
							<ns3:TPX>
								<ns3:Speed>0.873360</ns3:Speed>
							</ns3:TPX>
						</Extensions>
					</Trackpoint>
					<Trackpoint>
						<Time>2569-03-03T11:36:44Z</Time>
						<Position>
							<LatitudeDegrees>12.584126</LatitudeDegrees>
							<LongitudeDegrees>101.418543</LongitudeDegrees>
						</Position>
						<AltitudeMeters>5.940000</AltitudeMeters>
						<HeartRateBpm>
							<Value>91</Value>
						</HeartRateBpm>
						<Cadence>45</Cadence>
						<Extensions>
							<ns3:TPX>
								<ns3:Speed>0.881060</ns3:Speed>
							</ns3:TPX>
						</Extensions>
					</Trackpoint>
					<Trackpoint>
						<Time>2569-03-03T11:36:45Z</Time>
						<Position>
							<LatitudeDegrees>12.584134</LatitudeDegrees>
							<LongitudeDegrees>101.418540</LongitudeDegrees>
						</Position>
						<AltitudeMeters>5.930000</AltitudeMeters>
						<HeartRateBpm>
							<Value>92</Value>
						</HeartRateBpm>
						<Cadence>45</Cadence>
						<Extensions>
							<ns3:TPX>
								<ns3:Speed>0.883390</ns3:Speed>
							</ns3:TPX>
						</Extensions>
					</Trackpoint>
					<Trackpoint>
						<Time>2569-03-03T11:36:46Z</Time>
						<Position>
							<LatitudeDegrees>12.584141</LatitudeDegrees>
							<LongitudeDegrees>101.418537</LongitudeDegrees>
						</Position>
						<AltitudeMeters>5.920000</AltitudeMeters>
						<HeartRateBpm>
							<Value>92</Value>
						</HeartRateBpm>
						<Cadence>45</Cadence>
						<Extensions>
							<ns3:TPX>
								<ns3:Speed>0.877190</ns3:Speed>
							</ns3:TPX>
						</Extensions>
					</Trackpoint>
					<Trackpoint>
						<Time>2569-03-03T11:36:47Z</Time>
						<Position>
							<LatitudeDegrees>12.584148</LatitudeDegrees>
							<LongitudeDegrees>101.418532</LongitudeDegrees>
						</Position>
						<AltitudeMeters>5.910000</AltitudeMeters>
						<HeartRateBpm>
							<Value>91</Value>
						</HeartRateBpm>
						<Cadence>45</Cadence>
						<Extensions>
							<ns3:TPX>
								<ns3:Speed>0.877190</ns3:Speed>
							</ns3:TPX>
						</Extensions>
					</Trackpoint>
					<Trackpoint>
						<Time>2569-03-03T11:36:48Z</Time>
						<Position>
							<LatitudeDegrees>12.584154</LatitudeDegrees>
							<LongitudeDegrees>101.418528</LongitudeDegrees>
						</Position>
						<AltitudeMeters>5.910000</AltitudeMeters>
						<HeartRateBpm>
							<Value>91</Value>
						</HeartRateBpm>
						<Cadence>44</Cadence>
						<Extensions>
							<ns3:TPX>
								<ns3:Speed>0.879510</ns3:Speed>
							</ns3:TPX>
						</Extensions>
					</Trackpoint>
					<Trackpoint>
						<Time>2569-03-03T11:36:49Z</Time>
						<Position>
							<LatitudeDegrees>12.584160</LatitudeDegrees>
							<LongitudeDegrees>101.418524</LongitudeDegrees>
						</Position>
						<AltitudeMeters>5.910000</AltitudeMeters>
						<HeartRateBpm>
							<Value>91</Value>
						</HeartRateBpm>
						<Cadence>44</Cadence>
						<Extensions>
							<ns3:TPX>
								<ns3:Speed>0.881060</ns3:Speed>
							</ns3:TPX>
						</Extensions>
					</Trackpoint>
					<Trackpoint>
						<Time>2569-03-03T11:36:50Z</Time>
						<Position>
							<LatitudeDegrees>12.584166</LatitudeDegrees>
							<LongitudeDegrees>101.418520</LongitudeDegrees>
						</Position>
						<AltitudeMeters>5.910000</AltitudeMeters>
						<HeartRateBpm>
							<Value>91</Value>
						</HeartRateBpm>
						<Cadence>44</Cadence>
						<Extensions>
							<ns3:TPX>
								<ns3:Speed>0.880280</ns3:Speed>
							</ns3:TPX>
						</Extensions>
					</Trackpoint>
					<Trackpoint>
						<Time>2569-03-03T11:36:51Z</Time>
						<Position>
							<LatitudeDegrees>12.584172</LatitudeDegrees>
							<LongitudeDegrees>101.418517</LongitudeDegrees>
						</Position>
						<AltitudeMeters>5.900000</AltitudeMeters>
						<HeartRateBpm>
							<Value>91</Value>
						</HeartRateBpm>
						<Cadence>44</Cadence>
						<Extensions>
							<ns3:TPX>
								<ns3:Speed>0.879510</ns3:Speed>
							</ns3:TPX>
						</Extensions>
					</Trackpoint>
					<Trackpoint>
						<Time>2569-03-03T11:36:52Z</Time>
						<Position>
							<LatitudeDegrees>12.584178</LatitudeDegrees>
							<LongitudeDegrees>101.418515</LongitudeDegrees>
						</Position>
						<AltitudeMeters>5.910000</AltitudeMeters>
						<HeartRateBpm>
							<Value>90</Value>
						</HeartRateBpm>
						<Cadence>43</Cadence>
						<Extensions>
							<ns3:TPX>
								<ns3:Speed>0.877190</ns3:Speed>
							</ns3:TPX>
						</Extensions>
					</Trackpoint>
					<Trackpoint>
						<Time>2569-03-03T11:36:53Z</Time>
						<Position>
							<LatitudeDegrees>12.584185</LatitudeDegrees>
							<LongitudeDegrees>101.418512</LongitudeDegrees>
						</Position>
						<AltitudeMeters>5.910000</AltitudeMeters>
						<HeartRateBpm>
							<Value>90</Value>
						</HeartRateBpm>
						<Cadence>42</Cadence>
						<Extensions>
							<ns3:TPX>
								<ns3:Speed>0.873360</ns3:Speed>
							</ns3:TPX>
						</Extensions>
					</Trackpoint>
					<Trackpoint>
						<Time>2569-03-03T11:36:54Z</Time>
						<Position>
							<LatitudeDegrees>12.584191</LatitudeDegrees>
							<LongitudeDegrees>101.418511</LongitudeDegrees>
						</Position>
						<AltitudeMeters>5.910000</AltitudeMeters>
						<HeartRateBpm>
							<Value>90</Value>
						</HeartRateBpm>
						<Cadence>41</Cadence>
						<Extensions>
							<ns3:TPX>
								<ns3:Speed>0.868060</ns3:Speed>
							</ns3:TPX>
						</Extensions>
					</Trackpoint>
					<Trackpoint>
						<Time>2569-03-03T11:36:55Z</Time>
						<Position>
							<LatitudeDegrees>12.584197</LatitudeDegrees>
							<LongitudeDegrees>101.418507</LongitudeDegrees>
						</Position>
						<AltitudeMeters>5.920000</AltitudeMeters>
						<HeartRateBpm>
							<Value>90</Value>
						</HeartRateBpm>
						<Cadence>41</Cadence>
						<Extensions>
							<ns3:TPX>
								<ns3:Speed>0.862070</ns3:Speed>
							</ns3:TPX>
						</Extensions>
					</Trackpoint>
					<Trackpoint>
						<Time>2569-03-03T11:36:56Z</Time>
						<Position>
							<LatitudeDegrees>12.584203</LatitudeDegrees>
							<LongitudeDegrees>101.418505</LongitudeDegrees>
						</Position>
						<AltitudeMeters>5.930000</AltitudeMeters>
						<HeartRateBpm>
							<Value>90</Value>
						</HeartRateBpm>
						<Cadence>42</Cadence>
						<Extensions>
							<ns3:TPX>
								<ns3:Speed>0.856160</ns3:Speed>
							</ns3:TPX>
						</Extensions>
					</Trackpoint>
					<Trackpoint>
						<Time>2569-03-03T11:36:57Z</Time>
						<Position>
							<LatitudeDegrees>12.584208</LatitudeDegrees>
							<LongitudeDegrees>101.418503</LongitudeDegrees>
						</Position>
						<AltitudeMeters>5.930000</AltitudeMeters>
						<HeartRateBpm>
							<Value>89</Value>
						</HeartRateBpm>
						<Cadence>44</Cadence>
						<Extensions>
							<ns3:TPX>
								<ns3:Speed>0.850340</ns3:Speed>
							</ns3:TPX>
						</Extensions>
					</Trackpoint>
					<Trackpoint>
						<Time>2569-03-03T11:36:58Z</Time>
						<Position>
							<LatitudeDegrees>12.584215</LatitudeDegrees>
							<LongitudeDegrees>101.418501</LongitudeDegrees>
						</Position>
						<AltitudeMeters>5.940000</AltitudeMeters>
						<HeartRateBpm>
							<Value>89</Value>
						</HeartRateBpm>
						<Cadence>45</Cadence>
						<Extensions>
							<ns3:TPX>
								<ns3:Speed>0.843880</ns3:Speed>
							</ns3:TPX>
						</Extensions>
					</Trackpoint>
					<Trackpoint>
						<Time>2569-03-03T11:36:59Z</Time>
						<Position>
							<LatitudeDegrees>12.584221</LatitudeDegrees>
							<LongitudeDegrees>101.418499</LongitudeDegrees>
						</Position>
						<AltitudeMeters>5.950000</AltitudeMeters>
						<HeartRateBpm>
							<Value>89</Value>
						</HeartRateBpm>
						<Cadence>46</Cadence>
						<Extensions>
							<ns3:TPX>
								<ns3:Speed>0.837520</ns3:Speed>
							</ns3:TPX>
						</Extensions>
					</Trackpoint>
					<Trackpoint>
						<Time>2569-03-03T11:37:00Z</Time>
						<Position>
							<LatitudeDegrees>12.584226</LatitudeDegrees>
							<LongitudeDegrees>101.418497</LongitudeDegrees>
						</Position>
						<AltitudeMeters>5.950000</AltitudeMeters>
						<HeartRateBpm>
							<Value>89</Value>
						</HeartRateBpm>
						<Cadence>47</Cadence>
						<Extensions>
							<ns3:TPX>
								<ns3:Speed>0.830560</ns3:Speed>
							</ns3:TPX>
						</Extensions>
					</Trackpoint>
					<Trackpoint>
						<Time>2569-03-03T11:37:01Z</Time>
						<Position>
							<LatitudeDegrees>12.584231</LatitudeDegrees>
							<LongitudeDegrees>101.418496</LongitudeDegrees>
						</Position>
						<AltitudeMeters>5.960000</AltitudeMeters>
						<HeartRateBpm>
							<Value>89</Value>
						</HeartRateBpm>
						<Cadence>47</Cadence>
						<Extensions>
							<ns3:TPX>
								<ns3:Speed>0.823720</ns3:Speed>
							</ns3:TPX>
						</Extensions>
					</Trackpoint>
					<Trackpoint>
						<Time>2569-03-03T11:37:02Z</Time>
						<Position>
							<LatitudeDegrees>12.584238</LatitudeDegrees>
							<LongitudeDegrees>101.418495</LongitudeDegrees>
						</Position>
						<AltitudeMeters>5.970000</AltitudeMeters>
						<HeartRateBpm>
							<Value>90</Value>
						</HeartRateBpm>
						<Cadence>47</Cadence>
						<Extensions>
							<ns3:TPX>
								<ns3:Speed>0.816990</ns3:Speed>
							</ns3:TPX>
						</Extensions>
					</Trackpoint>
					<Trackpoint>
						<Time>2569-03-03T11:37:03Z</Time>
						<Position>
							<LatitudeDegrees>12.584245</LatitudeDegrees>
							<LongitudeDegrees>101.418494</LongitudeDegrees>
						</Position>
						<AltitudeMeters>6.000000</AltitudeMeters>
						<HeartRateBpm>
							<Value>90</Value>
						</HeartRateBpm>
						<Cadence>43</Cadence>
						<Extensions>
							<ns3:TPX>
								<ns3:Speed>0.805150</ns3:Speed>
							</ns3:TPX>
						</Extensions>
					</Trackpoint>
					<Trackpoint>
						<Time>2569-03-03T11:37:04Z</Time>
						<Position>
							<LatitudeDegrees>12.584253</LatitudeDegrees>
							<LongitudeDegrees>101.418494</LongitudeDegrees>
						</Position>
						<AltitudeMeters>6.000000</AltitudeMeters>
						<HeartRateBpm>
							<Value>90</Value>
						</HeartRateBpm>
					</Trackpoint>
					<Trackpoint>
						<Time>2569-03-03T11:37:05Z</Time>
						<Position>
							<LatitudeDegrees>12.584262</LatitudeDegrees>
							<LongitudeDegrees>101.418494</LongitudeDegrees>
						</Position>
						<AltitudeMeters>6.010000</AltitudeMeters>
						<HeartRateBpm>
							<Value>91</Value>
						</HeartRateBpm>
						<Cadence>43</Cadence>
						<Extensions>
							<ns3:TPX>
								<ns3:Speed>0.800000</ns3:Speed>
							</ns3:TPX>
						</Extensions>
					</Trackpoint>
					<Trackpoint>
						<Time>2569-03-03T11:37:06Z</Time>
						<Position>
							<LatitudeDegrees>12.584270</LatitudeDegrees>
							<LongitudeDegrees>101.418496</LongitudeDegrees>
						</Position>
						<AltitudeMeters>6.020000</AltitudeMeters>
						<HeartRateBpm>
							<Value>90</Value>
						</HeartRateBpm>
						<Cadence>42</Cadence>
						<Extensions>
							<ns3:TPX>
								<ns3:Speed>0.794910</ns3:Speed>
							</ns3:TPX>
						</Extensions>
					</Trackpoint>
					<Trackpoint>
						<Time>2569-03-03T11:37:07Z</Time>
						<Position>
							<LatitudeDegrees>12.584278</LatitudeDegrees>
							<LongitudeDegrees>101.418498</LongitudeDegrees>
						</Position>
						<AltitudeMeters>6.030000</AltitudeMeters>
						<HeartRateBpm>
							<Value>90</Value>
						</HeartRateBpm>
						<Cadence>39</Cadence>
						<Extensions>
							<ns3:TPX>
								<ns3:Speed>0.791140</ns3:Speed>
							</ns3:TPX>
						</Extensions>
					</Trackpoint>
					<Trackpoint>
						<Time>2569-03-03T11:37:08Z</Time>
						<Position>
							<LatitudeDegrees>12.584286</LatitudeDegrees>
							<LongitudeDegrees>101.418502</LongitudeDegrees>
						</Position>
						<AltitudeMeters>6.050000</AltitudeMeters>
						<HeartRateBpm>
							<Value>92</Value>
						</HeartRateBpm>
						<Cadence>38</Cadence>
						<Extensions>
							<ns3:TPX>
								<ns3:Speed>0.788640</ns3:Speed>
							</ns3:TPX>
						</Extensions>
					</Trackpoint>
					<Trackpoint>
						<Time>2569-03-03T11:37:09Z</Time>
						<Position>
							<LatitudeDegrees>12.584294</LatitudeDegrees>
							<LongitudeDegrees>101.418505</LongitudeDegrees>
						</Position>
						<AltitudeMeters>6.070000</AltitudeMeters>
						<HeartRateBpm>
							<Value>94</Value>
						</HeartRateBpm>
						<Cadence>38</Cadence>
						<Extensions>
							<ns3:TPX>
								<ns3:Speed>0.785550</ns3:Speed>
							</ns3:TPX>
						</Extensions>
					</Trackpoint>
					<Trackpoint>
						<Time>2569-03-03T11:37:10Z</Time>
						<Position>
							<LatitudeDegrees>12.584303</LatitudeDegrees>
							<LongitudeDegrees>101.418508</LongitudeDegrees>
						</Position>
						<AltitudeMeters>6.100000</AltitudeMeters>
						<HeartRateBpm>
							<Value>96</Value>
						</HeartRateBpm>
						<Cadence>39</Cadence>
						<Extensions>
							<ns3:TPX>
								<ns3:Speed>0.781860</ns3:Speed>
							</ns3:TPX>
						</Extensions>
					</Trackpoint>
					<Trackpoint>
						<Time>2569-03-03T11:37:11Z</Time>
						<Position>
							<LatitudeDegrees>12.584311</LatitudeDegrees>
							<LongitudeDegrees>101.418511</LongitudeDegrees>
						</Position>
						<AltitudeMeters>6.130000</AltitudeMeters>
						<HeartRateBpm>
							<Value>98</Value>
						</HeartRateBpm>
						<Cadence>40</Cadence>
						<Extensions>
							<ns3:TPX>
								<ns3:Speed>0.778820</ns3:Speed>
							</ns3:TPX>
						</Extensions>
					</Trackpoint>
					<Trackpoint>
						<Time>2569-03-03T11:37:12Z</Time>
						<Position>
							<LatitudeDegrees>12.584321</LatitudeDegrees>
							<LongitudeDegrees>101.418514</LongitudeDegrees>
						</Position>
						<AltitudeMeters>6.150000</AltitudeMeters>
						<HeartRateBpm>
							<Value>99</Value>
						</HeartRateBpm>
						<Cadence>41</Cadence>
						<Extensions>
							<ns3:TPX>
								<ns3:Speed>0.779420</ns3:Speed>
							</ns3:TPX>
						</Extensions>
					</Trackpoint>
					<Trackpoint>
						<Time>2569-03-03T11:37:13Z</Time>
						<Position>
							<LatitudeDegrees>12.584330</LatitudeDegrees>
							<LongitudeDegrees>101.418518</LongitudeDegrees>
						</Position>
						<AltitudeMeters>6.190000</AltitudeMeters>
						<HeartRateBpm>
							<Value>98</Value>
						</HeartRateBpm>
						<Cadence>42</Cadence>
						<Extensions>
							<ns3:TPX>
								<ns3:Speed>0.783090</ns3:Speed>
							</ns3:TPX>
						</Extensions>
					</Trackpoint>
					<Trackpoint>
						<Time>2569-03-03T11:37:14Z</Time>
						<Position>
							<LatitudeDegrees>12.584338</LatitudeDegrees>
							<LongitudeDegrees>101.418522</LongitudeDegrees>
						</Position>
						<AltitudeMeters>6.210000</AltitudeMeters>
						<HeartRateBpm>
							<Value>98</Value>
						</HeartRateBpm>
						<Cadence>42</Cadence>
						<Extensions>
							<ns3:TPX>
								<ns3:Speed>0.784310</ns3:Speed>
							</ns3:TPX>
						</Extensions>
					</Trackpoint>
					<Trackpoint>
						<Time>2569-03-03T11:37:15Z</Time>
						<Position>
							<LatitudeDegrees>12.584347</LatitudeDegrees>
							<LongitudeDegrees>101.418525</LongitudeDegrees>
						</Position>
						<AltitudeMeters>6.250000</AltitudeMeters>
						<HeartRateBpm>
							<Value>98</Value>
						</HeartRateBpm>
						<Cadence>43</Cadence>
						<Extensions>
							<ns3:TPX>
								<ns3:Speed>0.786780</ns3:Speed>
							</ns3:TPX>
						</Extensions>
					</Trackpoint>
					<Trackpoint>
						<Time>2569-03-03T11:37:16Z</Time>
						<Position>
							<LatitudeDegrees>12.584356</LatitudeDegrees>
							<LongitudeDegrees>101.418529</LongitudeDegrees>
						</Position>
						<AltitudeMeters>6.280000</AltitudeMeters>
						<HeartRateBpm>
							<Value>98</Value>
						</HeartRateBpm>
						<Cadence>43</Cadence>
						<Extensions>
							<ns3:TPX>
								<ns3:Speed>0.791140</ns3:Speed>
							</ns3:TPX>
						</Extensions>
					</Trackpoint>
					<Trackpoint>
						<Time>2569-03-03T11:37:17Z</Time>
						<Position>
							<LatitudeDegrees>12.584364</LatitudeDegrees>
							<LongitudeDegrees>101.418532</LongitudeDegrees>
						</Position>
						<AltitudeMeters>6.310000</AltitudeMeters>
						<HeartRateBpm>
							<Value>99</Value>
						</HeartRateBpm>
						<Cadence>43</Cadence>
						<Extensions>
							<ns3:TPX>
								<ns3:Speed>0.796180</ns3:Speed>
							</ns3:TPX>
						</Extensions>
					</Trackpoint>
					<Trackpoint>
						<Time>2569-03-03T11:37:18Z</Time>
						<Position>
							<LatitudeDegrees>12.584372</LatitudeDegrees>
							<LongitudeDegrees>101.418536</LongitudeDegrees>
						</Position>
						<AltitudeMeters>6.350000</AltitudeMeters>
						<HeartRateBpm>
							<Value>99</Value>
						</HeartRateBpm>
						<Cadence>43</Cadence>
						<Extensions>
							<ns3:TPX>
								<ns3:Speed>0.801280</ns3:Speed>
							</ns3:TPX>
						</Extensions>
					</Trackpoint>
					<Trackpoint>
						<Time>2569-03-03T11:37:19Z</Time>
						<Position>
							<LatitudeDegrees>12.584381</LatitudeDegrees>
							<LongitudeDegrees>101.418540</LongitudeDegrees>
						</Position>
						<AltitudeMeters>6.370000</AltitudeMeters>
						<HeartRateBpm>
							<Value>99</Value>
						</HeartRateBpm>
						<Cadence>42</Cadence>
						<Extensions>
							<ns3:TPX>
								<ns3:Speed>0.806450</ns3:Speed>
							</ns3:TPX>
						</Extensions>
					</Trackpoint>
					<Trackpoint>
						<Time>2569-03-03T11:37:20Z</Time>
						<Position>
							<LatitudeDegrees>12.584389</LatitudeDegrees>
							<LongitudeDegrees>101.418544</LongitudeDegrees>
						</Position>
						<AltitudeMeters>6.410000</AltitudeMeters>
						<HeartRateBpm>
							<Value>100</Value>
						</HeartRateBpm>
						<Cadence>42</Cadence>
						<Extensions>
							<ns3:TPX>
								<ns3:Speed>0.811030</ns3:Speed>
							</ns3:TPX>
						</Extensions>
					</Trackpoint>
					<Trackpoint>
						<Time>2569-03-03T11:37:21Z</Time>
						<Position>
							<LatitudeDegrees>12.584397</LatitudeDegrees>
							<LongitudeDegrees>101.418548</LongitudeDegrees>
						</Position>
						<AltitudeMeters>6.450000</AltitudeMeters>
						<HeartRateBpm>
							<Value>101</Value>
						</HeartRateBpm>
						<Cadence>41</Cadence>
						<Extensions>
							<ns3:TPX>
								<ns3:Speed>0.815660</ns3:Speed>
							</ns3:TPX>
						</Extensions>
					</Trackpoint>
					<Trackpoint>
						<Time>2569-03-03T11:37:22Z</Time>
						<Position>
							<LatitudeDegrees>12.584405</LatitudeDegrees>
							<LongitudeDegrees>101.418551</LongitudeDegrees>
						</Position>
						<AltitudeMeters>6.480000</AltitudeMeters>
						<HeartRateBpm>
							<Value>101</Value>
						</HeartRateBpm>
						<Cadence>42</Cadence>
						<Extensions>
							<ns3:TPX>
								<ns3:Speed>0.819670</ns3:Speed>
							</ns3:TPX>
						</Extensions>
					</Trackpoint>
					<Trackpoint>
						<Time>2569-03-03T11:37:23Z</Time>
						<Position>
							<LatitudeDegrees>12.584413</LatitudeDegrees>
							<LongitudeDegrees>101.418552</LongitudeDegrees>
						</Position>
						<AltitudeMeters>6.510000</AltitudeMeters>
						<HeartRateBpm>
							<Value>101</Value>
						</HeartRateBpm>
						<Cadence>42</Cadence>
						<Extensions>
							<ns3:TPX>
								<ns3:Speed>0.823720</ns3:Speed>
							</ns3:TPX>
						</Extensions>
					</Trackpoint>
					<Trackpoint>
						<Time>2569-03-03T11:37:24Z</Time>
						<Position>
							<LatitudeDegrees>12.584420</LatitudeDegrees>
							<LongitudeDegrees>101.418554</LongitudeDegrees>
						</Position>
						<AltitudeMeters>6.540000</AltitudeMeters>
						<HeartRateBpm>
							<Value>101</Value>
						</HeartRateBpm>
						<Cadence>43</Cadence>
						<Extensions>
							<ns3:TPX>
								<ns3:Speed>0.827130</ns3:Speed>
							</ns3:TPX>
						</Extensions>
					</Trackpoint>
					<Trackpoint>
						<Time>2569-03-03T11:37:25Z</Time>
						<Position>
							<LatitudeDegrees>12.584427</LatitudeDegrees>
							<LongitudeDegrees>101.418554</LongitudeDegrees>
						</Position>
						<AltitudeMeters>6.550000</AltitudeMeters>
						<HeartRateBpm>
							<Value>102</Value>
						</HeartRateBpm>
						<Cadence>43</Cadence>
						<Extensions>
							<ns3:TPX>
								<ns3:Speed>0.829880</ns3:Speed>
							</ns3:TPX>
						</Extensions>
					</Trackpoint>
					<Trackpoint>
						<Time>2569-03-03T11:37:26Z</Time>
						<Position>
							<LatitudeDegrees>12.584435</LatitudeDegrees>
							<LongitudeDegrees>101.418554</LongitudeDegrees>
						</Position>
						<AltitudeMeters>6.620000</AltitudeMeters>
						<HeartRateBpm>
							<Value>102</Value>
						</HeartRateBpm>
						<Cadence>39</Cadence>
						<Extensions>
							<ns3:TPX>
								<ns3:Speed>0.832640</ns3:Speed>
							</ns3:TPX>
						</Extensions>
					</Trackpoint>
					<Trackpoint>
						<Time>2569-03-03T11:37:27Z</Time>
						<Position>
							<LatitudeDegrees>12.584442</LatitudeDegrees>
							<LongitudeDegrees>101.418553</LongitudeDegrees>
						</Position>
						<AltitudeMeters>6.640000</AltitudeMeters>
						<HeartRateBpm>
							<Value>103</Value>
						</HeartRateBpm>
						<Cadence>38</Cadence>
						<Extensions>
							<ns3:TPX>
								<ns3:Speed>0.832640</ns3:Speed>
							</ns3:TPX>
						</Extensions>
					</Trackpoint>
					<Trackpoint>
						<Time>2569-03-03T11:37:28Z</Time>
						<Position>
							<LatitudeDegrees>12.584449</LatitudeDegrees>
							<LongitudeDegrees>101.418553</LongitudeDegrees>
						</Position>
						<AltitudeMeters>6.660000</AltitudeMeters>
						<HeartRateBpm>
							<Value>102</Value>
						</HeartRateBpm>
						<Cadence>39</Cadence>
						<Extensions>
							<ns3:TPX>
								<ns3:Speed>0.831950</ns3:Speed>
							</ns3:TPX>
						</Extensions>
					</Trackpoint>
					<Trackpoint>
						<Time>2569-03-03T11:37:29Z</Time>
						<Position>
							<LatitudeDegrees>12.584457</LatitudeDegrees>
							<LongitudeDegrees>101.418552</LongitudeDegrees>
						</Position>
						<AltitudeMeters>6.680000</AltitudeMeters>
						<HeartRateBpm>
							<Value>101</Value>
						</HeartRateBpm>
						<Cadence>39</Cadence>
						<Extensions>
							<ns3:TPX>
								<ns3:Speed>0.830560</ns3:Speed>
							</ns3:TPX>
						</Extensions>
					</Trackpoint>
					<Trackpoint>
						<Time>2569-03-03T11:37:30Z</Time>
						<Position>
							<LatitudeDegrees>12.584464</LatitudeDegrees>
							<LongitudeDegrees>101.418550</LongitudeDegrees>
						</Position>
						<AltitudeMeters>6.710000</AltitudeMeters>
						<HeartRateBpm>
							<Value>101</Value>
						</HeartRateBpm>
						<Cadence>39</Cadence>
						<Extensions>
							<ns3:TPX>
								<ns3:Speed>0.829880</ns3:Speed>
							</ns3:TPX>
						</Extensions>
					</Trackpoint>
					<Trackpoint>
						<Time>2569-03-03T11:37:31Z</Time>
						<Position>
							<LatitudeDegrees>12.584472</LatitudeDegrees>
							<LongitudeDegrees>101.418548</LongitudeDegrees>
						</Position>
						<AltitudeMeters>6.730000</AltitudeMeters>
						<HeartRateBpm>
							<Value>100</Value>
						</HeartRateBpm>
						<Cadence>40</Cadence>
						<Extensions>
							<ns3:TPX>
								<ns3:Speed>0.829190</ns3:Speed>
							</ns3:TPX>
						</Extensions>
					</Trackpoint>
					<Trackpoint>
						<Time>2569-03-03T11:37:32Z</Time>
						<Position>
							<LatitudeDegrees>12.584480</LatitudeDegrees>
							<LongitudeDegrees>101.418547</LongitudeDegrees>
						</Position>
						<AltitudeMeters>6.740000</AltitudeMeters>
						<HeartRateBpm>
							<Value>101</Value>
						</HeartRateBpm>
						<Cadence>40</Cadence>
						<Extensions>
							<ns3:TPX>
								<ns3:Speed>0.827810</ns3:Speed>
							</ns3:TPX>
						</Extensions>
					</Trackpoint>
					<Trackpoint>
						<Time>2569-03-03T11:37:33Z</Time>
						<Position>
							<LatitudeDegrees>12.584488</LatitudeDegrees>
							<LongitudeDegrees>101.418546</LongitudeDegrees>
						</Position>
						<AltitudeMeters>6.770000</AltitudeMeters>
						<HeartRateBpm>
							<Value>101</Value>
						</HeartRateBpm>
						<Cadence>41</Cadence>
						<Extensions>
							<ns3:TPX>
								<ns3:Speed>0.827130</ns3:Speed>
							</ns3:TPX>
						</Extensions>
					</Trackpoint>
					<Trackpoint>
						<Time>2569-03-03T11:37:34Z</Time>
						<Position>
							<LatitudeDegrees>12.584494</LatitudeDegrees>
							<LongitudeDegrees>101.418545</LongitudeDegrees>
						</Position>
						<AltitudeMeters>6.790000</AltitudeMeters>
						<HeartRateBpm>
							<Value>102</Value>
						</HeartRateBpm>
						<Cadence>41</Cadence>
						<Extensions>
							<ns3:TPX>
								<ns3:Speed>0.826450</ns3:Speed>
							</ns3:TPX>
						</Extensions>
					</Trackpoint>
					<Trackpoint>
						<Time>2569-03-03T11:37:35Z</Time>
						<Position>
							<LatitudeDegrees>12.584501</LatitudeDegrees>
							<LongitudeDegrees>101.418546</LongitudeDegrees>
						</Position>
						<AltitudeMeters>6.790000</AltitudeMeters>
						<HeartRateBpm>
							<Value>101</Value>
						</HeartRateBpm>
						<Cadence>41</Cadence>
						<Extensions>
							<ns3:TPX>
								<ns3:Speed>0.825760</ns3:Speed>
							</ns3:TPX>
						</Extensions>
					</Trackpoint>
					<Trackpoint>
						<Time>2569-03-03T11:37:36Z</Time>
						<Position>
							<LatitudeDegrees>12.584508</LatitudeDegrees>
							<LongitudeDegrees>101.418548</LongitudeDegrees>
						</Position>
						<AltitudeMeters>6.850000</AltitudeMeters>
						<HeartRateBpm>
							<Value>101</Value>
						</HeartRateBpm>
						<Cadence>41</Cadence>
						<Extensions>
							<ns3:TPX>
								<ns3:Speed>0.825760</ns3:Speed>
							</ns3:TPX>
						</Extensions>
					</Trackpoint>
					<Trackpoint>
						<Time>2569-03-03T11:37:37Z</Time>
						<Position>
							<LatitudeDegrees>12.584516</LatitudeDegrees>
							<LongitudeDegrees>101.418551</LongitudeDegrees>
						</Position>
						<AltitudeMeters>6.850000</AltitudeMeters>
						<HeartRateBpm>
							<Value>100</Value>
						</HeartRateBpm>
					</Trackpoint>
					<Trackpoint>
						<Time>2569-03-03T11:37:38Z</Time>
						<Position>
							<LatitudeDegrees>12.584522</LatitudeDegrees>
							<LongitudeDegrees>101.418553</LongitudeDegrees>
						</Position>
						<AltitudeMeters>6.860000</AltitudeMeters>
						<HeartRateBpm>
							<Value>100</Value>
						</HeartRateBpm>
						<Cadence>41</Cadence>
						<Extensions>
							<ns3:TPX>
								<ns3:Speed>0.825080</ns3:Speed>
							</ns3:TPX>
						</Extensions>
					</Trackpoint>
					<Trackpoint>
						<Time>2569-03-03T11:37:39Z</Time>
						<Position>
							<LatitudeDegrees>12.584530</LatitudeDegrees>
							<LongitudeDegrees>101.418556</LongitudeDegrees>
						</Position>
						<AltitudeMeters>6.880000</AltitudeMeters>
						<HeartRateBpm>
							<Value>100</Value>
						</HeartRateBpm>
						<Cadence>41</Cadence>
						<Extensions>
							<ns3:TPX>
								<ns3:Speed>0.824400</ns3:Speed>
							</ns3:TPX>
						</Extensions>
					</Trackpoint>
					<Trackpoint>
						<Time>2569-03-03T11:37:40Z</Time>
						<Position>
							<LatitudeDegrees>12.584536</LatitudeDegrees>
							<LongitudeDegrees>101.418559</LongitudeDegrees>
						</Position>
						<AltitudeMeters>6.900000</AltitudeMeters>
						<HeartRateBpm>
							<Value>101</Value>
						</HeartRateBpm>
						<Cadence>41</Cadence>
						<Extensions>
							<ns3:TPX>
								<ns3:Speed>0.824400</ns3:Speed>
							</ns3:TPX>
						</Extensions>
					</Trackpoint>
					<Trackpoint>
						<Time>2569-03-03T11:37:41Z</Time>
						<Position>
							<LatitudeDegrees>12.584542</LatitudeDegrees>
							<LongitudeDegrees>101.418561</LongitudeDegrees>
						</Position>
						<AltitudeMeters>6.910000</AltitudeMeters>
						<HeartRateBpm>
							<Value>101</Value>
						</HeartRateBpm>
						<Cadence>41</Cadence>
						<Extensions>
							<ns3:TPX>
								<ns3:Speed>0.823720</ns3:Speed>
							</ns3:TPX>
						</Extensions>
					</Trackpoint>
					<Trackpoint>
						<Time>2569-03-03T11:37:42Z</Time>
						<Position>
							<LatitudeDegrees>12.584549</LatitudeDegrees>
							<LongitudeDegrees>101.418563</LongitudeDegrees>
						</Position>
						<AltitudeMeters>6.930000</AltitudeMeters>
						<HeartRateBpm>
							<Value>102</Value>
						</HeartRateBpm>
						<Cadence>40</Cadence>
						<Extensions>
							<ns3:TPX>
								<ns3:Speed>0.823050</ns3:Speed>
							</ns3:TPX>
						</Extensions>
					</Trackpoint>
					<Trackpoint>
						<Time>2569-03-03T11:37:43Z</Time>
						<Position>
							<LatitudeDegrees>12.584556</LatitudeDegrees>
							<LongitudeDegrees>101.418566</LongitudeDegrees>
						</Position>
						<AltitudeMeters>6.950000</AltitudeMeters>
						<HeartRateBpm>
							<Value>101</Value>
						</HeartRateBpm>
						<Cadence>40</Cadence>
						<Extensions>
							<ns3:TPX>
								<ns3:Speed>0.821690</ns3:Speed>
							</ns3:TPX>
						</Extensions>
					</Trackpoint>
					<Trackpoint>
						<Time>2569-03-03T11:37:44Z</Time>
						<Position>
							<LatitudeDegrees>12.584562</LatitudeDegrees>
							<LongitudeDegrees>101.418568</LongitudeDegrees>
						</Position>
						<AltitudeMeters>6.960000</AltitudeMeters>
						<HeartRateBpm>
							<Value>101</Value>
						</HeartRateBpm>
						<Cadence>40</Cadence>
						<Extensions>
							<ns3:TPX>
								<ns3:Speed>0.821020</ns3:Speed>
							</ns3:TPX>
						</Extensions>
					</Trackpoint>
					<Trackpoint>
						<Time>2569-03-03T11:37:45Z</Time>
						<Position>
							<LatitudeDegrees>12.584568</LatitudeDegrees>
							<LongitudeDegrees>101.418569</LongitudeDegrees>
						</Position>
						<AltitudeMeters>7.060000</AltitudeMeters>
						<HeartRateBpm>
							<Value>101</Value>
						</HeartRateBpm>
						<Cadence>40</Cadence>
						<Extensions>
							<ns3:TPX>
								<ns3:Speed>0.819670</ns3:Speed>
							</ns3:TPX>
						</Extensions>
					</Trackpoint>
					<Trackpoint>
						<Time>2569-03-03T11:37:46Z</Time>
						<Position>
							<LatitudeDegrees>12.584575</LatitudeDegrees>
							<LongitudeDegrees>101.418571</LongitudeDegrees>
						</Position>
						<AltitudeMeters>7.090000</AltitudeMeters>
						<HeartRateBpm>
							<Value>100</Value>
						</HeartRateBpm>
						<Cadence>41</Cadence>
						<Extensions>
							<ns3:TPX>
								<ns3:Speed>0.818330</ns3:Speed>
							</ns3:TPX>
						</Extensions>
					</Trackpoint>
					<Trackpoint>
						<Time>2569-03-03T11:37:47Z</Time>
						<Position>
							<LatitudeDegrees>12.584581</LatitudeDegrees>
							<LongitudeDegrees>101.418573</LongitudeDegrees>
						</Position>
						<AltitudeMeters>7.110000</AltitudeMeters>
						<HeartRateBpm>
							<Value>99</Value>
						</HeartRateBpm>
						<Cadence>42</Cadence>
						<Extensions>
							<ns3:TPX>
								<ns3:Speed>0.815660</ns3:Speed>
							</ns3:TPX>
						</Extensions>
					</Trackpoint>
					<Trackpoint>
						<Time>2569-03-03T11:37:48Z</Time>
						<Position>
							<LatitudeDegrees>12.584587</LatitudeDegrees>
							<LongitudeDegrees>101.418575</LongitudeDegrees>
						</Position>
						<AltitudeMeters>7.120000</AltitudeMeters>
						<HeartRateBpm>
							<Value>98</Value>
						</HeartRateBpm>
						<Cadence>42</Cadence>
						<Extensions>
							<ns3:TPX>
								<ns3:Speed>0.813670</ns3:Speed>
							</ns3:TPX>
						</Extensions>
					</Trackpoint>
					<Trackpoint>
						<Time>2569-03-03T11:37:49Z</Time>
						<Position>
							<LatitudeDegrees>12.584593</LatitudeDegrees>
							<LongitudeDegrees>101.418578</LongitudeDegrees>
						</Position>
						<AltitudeMeters>7.130000</AltitudeMeters>
						<HeartRateBpm>
							<Value>98</Value>
						</HeartRateBpm>
						<Cadence>41</Cadence>
						<Extensions>
							<ns3:TPX>
								<ns3:Speed>0.810370</ns3:Speed>
							</ns3:TPX>
						</Extensions>
					</Trackpoint>
					<Trackpoint>
						<Time>2569-03-03T11:37:50Z</Time>
						<Position>
							<LatitudeDegrees>12.584600</LatitudeDegrees>
							<LongitudeDegrees>101.418581</LongitudeDegrees>
						</Position>
						<AltitudeMeters>7.140000</AltitudeMeters>
						<HeartRateBpm>
							<Value>98</Value>
						</HeartRateBpm>
						<Cadence>40</Cadence>
						<Extensions>
							<ns3:TPX>
								<ns3:Speed>0.807750</ns3:Speed>
							</ns3:TPX>
						</Extensions>
					</Trackpoint>
					<Trackpoint>
						<Time>2569-03-03T11:37:51Z</Time>
						<Position>
							<LatitudeDegrees>12.584606</LatitudeDegrees>
							<LongitudeDegrees>101.418584</LongitudeDegrees>
						</Position>
						<AltitudeMeters>7.150000</AltitudeMeters>
						<HeartRateBpm>
							<Value>98</Value>
						</HeartRateBpm>
						<Cadence>40</Cadence>
						<Extensions>
							<ns3:TPX>
								<ns3:Speed>0.805150</ns3:Speed>
							</ns3:TPX>
						</Extensions>
					</Trackpoint>
					<Trackpoint>
						<Time>2569-03-03T11:37:52Z</Time>
						<Position>
							<LatitudeDegrees>12.584612</LatitudeDegrees>
							<LongitudeDegrees>101.418588</LongitudeDegrees>
						</Position>
						<AltitudeMeters>7.160000</AltitudeMeters>
						<HeartRateBpm>
							<Value>98</Value>
						</HeartRateBpm>
						<Cadence>39</Cadence>
						<Extensions>
							<ns3:TPX>
								<ns3:Speed>0.802570</ns3:Speed>
							</ns3:TPX>
						</Extensions>
					</Trackpoint>
					<Trackpoint>
						<Time>2569-03-03T11:37:53Z</Time>
						<Position>
							<LatitudeDegrees>12.584617</LatitudeDegrees>
							<LongitudeDegrees>101.418591</LongitudeDegrees>
						</Position>
						<AltitudeMeters>7.170000</AltitudeMeters>
						<HeartRateBpm>
							<Value>98</Value>
						</HeartRateBpm>
						<Cadence>39</Cadence>
						<Extensions>
							<ns3:TPX>
								<ns3:Speed>0.800640</ns3:Speed>
							</ns3:TPX>
						</Extensions>
					</Trackpoint>
					<Trackpoint>
						<Time>2569-03-03T11:37:54Z</Time>
						<Position>
							<LatitudeDegrees>12.584623</LatitudeDegrees>
							<LongitudeDegrees>101.418594</LongitudeDegrees>
						</Position>
						<AltitudeMeters>7.180000</AltitudeMeters>
						<HeartRateBpm>
							<Value>100</Value>
						</HeartRateBpm>
						<Cadence>39</Cadence>
						<Extensions>
							<ns3:TPX>
								<ns3:Speed>0.798720</ns3:Speed>
							</ns3:TPX>
						</Extensions>
					</Trackpoint>
					<Trackpoint>
						<Time>2569-03-03T11:37:55Z</Time>
						<Position>
							<LatitudeDegrees>12.584628</LatitudeDegrees>
							<LongitudeDegrees>101.418598</LongitudeDegrees>
						</Position>
						<AltitudeMeters>7.190000</AltitudeMeters>
						<HeartRateBpm>
							<Value>100</Value>
						</HeartRateBpm>
						<Cadence>40</Cadence>
						<Extensions>
							<ns3:TPX>
								<ns3:Speed>0.796810</ns3:Speed>
							</ns3:TPX>
						</Extensions>
					</Trackpoint>
					<Trackpoint>
						<Time>2569-03-03T11:37:56Z</Time>
						<Position>
							<LatitudeDegrees>12.584633</LatitudeDegrees>
							<LongitudeDegrees>101.418603</LongitudeDegrees>
						</Position>
						<AltitudeMeters>7.190000</AltitudeMeters>
						<HeartRateBpm>
							<Value>101</Value>
						</HeartRateBpm>
						<Cadence>40</Cadence>
						<Extensions>
							<ns3:TPX>
								<ns3:Speed>0.794910</ns3:Speed>
							</ns3:TPX>
						</Extensions>
					</Trackpoint>
					<Trackpoint>
						<Time>2569-03-03T11:37:57Z</Time>
						<Position>
							<LatitudeDegrees>12.584637</LatitudeDegrees>
							<LongitudeDegrees>101.418607</LongitudeDegrees>
						</Position>
						<AltitudeMeters>7.200000</AltitudeMeters>
						<HeartRateBpm>
							<Value>100</Value>
						</HeartRateBpm>
						<Cadence>40</Cadence>
						<Extensions>
							<ns3:TPX>
								<ns3:Speed>0.793020</ns3:Speed>
							</ns3:TPX>
						</Extensions>
					</Trackpoint>
					<Trackpoint>
						<Time>2569-03-03T11:37:58Z</Time>
						<Position>
							<LatitudeDegrees>12.584642</LatitudeDegrees>
							<LongitudeDegrees>101.418611</LongitudeDegrees>
						</Position>
						<AltitudeMeters>7.200000</AltitudeMeters>
						<HeartRateBpm>
							<Value>100</Value>
						</HeartRateBpm>
						<Cadence>39</Cadence>
						<Extensions>
							<ns3:TPX>
								<ns3:Speed>0.790510</ns3:Speed>
							</ns3:TPX>
						</Extensions>
					</Trackpoint>
					<Trackpoint>
						<Time>2569-03-03T11:37:59Z</Time>
						<Position>
							<LatitudeDegrees>12.584647</LatitudeDegrees>
							<LongitudeDegrees>101.418616</LongitudeDegrees>
						</Position>
						<AltitudeMeters>7.210000</AltitudeMeters>
						<HeartRateBpm>
							<Value>100</Value>
						</HeartRateBpm>
						<Cadence>39</Cadence>
						<Extensions>
							<ns3:TPX>
								<ns3:Speed>0.788020</ns3:Speed>
							</ns3:TPX>
						</Extensions>
					</Trackpoint>
					<Trackpoint>
						<Time>2569-03-03T11:38:00Z</Time>
						<Position>
							<LatitudeDegrees>12.584652</LatitudeDegrees>
							<LongitudeDegrees>101.418621</LongitudeDegrees>
						</Position>
						<AltitudeMeters>7.210000</AltitudeMeters>
						<HeartRateBpm>
							<Value>100</Value>
						</HeartRateBpm>
						<Cadence>39</Cadence>
						<Extensions>
							<ns3:TPX>
								<ns3:Speed>0.784930</ns3:Speed>
							</ns3:TPX>
						</Extensions>
					</Trackpoint>
					<Trackpoint>
						<Time>2569-03-03T11:38:01Z</Time>
						<Position>
							<LatitudeDegrees>12.584658</LatitudeDegrees>
							<LongitudeDegrees>101.418625</LongitudeDegrees>
						</Position>
						<AltitudeMeters>7.220000</AltitudeMeters>
						<HeartRateBpm>
							<Value>101</Value>
						</HeartRateBpm>
						<Cadence>39</Cadence>
						<Extensions>
							<ns3:TPX>
								<ns3:Speed>0.782470</ns3:Speed>
							</ns3:TPX>
						</Extensions>
					</Trackpoint>
					<Trackpoint>
						<Time>2569-03-03T11:38:02Z</Time>
						<Position>
							<LatitudeDegrees>12.584664</LatitudeDegrees>
							<LongitudeDegrees>101.418629</LongitudeDegrees>
						</Position>
						<AltitudeMeters>7.230000</AltitudeMeters>
						<HeartRateBpm>
							<Value>100</Value>
						</HeartRateBpm>
						<Cadence>39</Cadence>
						<Extensions>
							<ns3:TPX>
								<ns3:Speed>0.780030</ns3:Speed>
							</ns3:TPX>
						</Extensions>
					</Trackpoint>
					<Trackpoint>
						<Time>2569-03-03T11:38:03Z</Time>
						<Position>
							<LatitudeDegrees>12.584669</LatitudeDegrees>
							<LongitudeDegrees>101.418633</LongitudeDegrees>
						</Position>
						<AltitudeMeters>7.230000</AltitudeMeters>
						<HeartRateBpm>
							<Value>100</Value>
						</HeartRateBpm>
						<Cadence>40</Cadence>
						<Extensions>
							<ns3:TPX>
								<ns3:Speed>0.778210</ns3:Speed>
							</ns3:TPX>
						</Extensions>
					</Trackpoint>
					<Trackpoint>
						<Time>2569-03-03T11:38:04Z</Time>
						<Position>
							<LatitudeDegrees>12.584673</LatitudeDegrees>
							<LongitudeDegrees>101.418637</LongitudeDegrees>
						</Position>
						<AltitudeMeters>7.240000</AltitudeMeters>
						<HeartRateBpm>
							<Value>100</Value>
						</HeartRateBpm>
						<Cadence>41</Cadence>
						<Extensions>
							<ns3:TPX>
								<ns3:Speed>0.776400</ns3:Speed>
							</ns3:TPX>
						</Extensions>
					</Trackpoint>
					<Trackpoint>
						<Time>2569-03-03T11:38:05Z</Time>
						<Position>
							<LatitudeDegrees>12.584676</LatitudeDegrees>
							<LongitudeDegrees>101.418641</LongitudeDegrees>
						</Position>
						<AltitudeMeters>7.240000</AltitudeMeters>
						<HeartRateBpm>
							<Value>99</Value>
						</HeartRateBpm>
						<Cadence>41</Cadence>
						<Extensions>
							<ns3:TPX>
								<ns3:Speed>0.774590</ns3:Speed>
							</ns3:TPX>
						</Extensions>
					</Trackpoint>
					<Trackpoint>
						<Time>2569-03-03T11:38:06Z</Time>
						<Position>
							<LatitudeDegrees>12.584678</LatitudeDegrees>
							<LongitudeDegrees>101.418644</LongitudeDegrees>
						</Position>
						<AltitudeMeters>7.240000</AltitudeMeters>
						<HeartRateBpm>
							<Value>98</Value>
						</HeartRateBpm>
						<Cadence>42</Cadence>
						<Extensions>
							<ns3:TPX>
								<ns3:Speed>0.772800</ns3:Speed>
							</ns3:TPX>
						</Extensions>
					</Trackpoint>
					<Trackpoint>
						<Time>2569-03-03T11:38:07Z</Time>
						<Position>
							<LatitudeDegrees>12.584679</LatitudeDegrees>
							<LongitudeDegrees>101.418647</LongitudeDegrees>
						</Position>
						<AltitudeMeters>7.250000</AltitudeMeters>
						<HeartRateBpm>
							<Value>98</Value>
						</HeartRateBpm>
						<Cadence>42</Cadence>
						<Extensions>
							<ns3:TPX>
								<ns3:Speed>0.771600</ns3:Speed>
							</ns3:TPX>
						</Extensions>
					</Trackpoint>
					<Trackpoint>
						<Time>2569-03-03T11:38:08Z</Time>
						<Position>
							<LatitudeDegrees>12.584680</LatitudeDegrees>
							<LongitudeDegrees>101.418648</LongitudeDegrees>
						</Position>
						<AltitudeMeters>7.250000</AltitudeMeters>
						<HeartRateBpm>
							<Value>97</Value>
						</HeartRateBpm>
						<Cadence>42</Cadence>
						<Extensions>
							<ns3:TPX>
								<ns3:Speed>0.769230</ns3:Speed>
							</ns3:TPX>
						</Extensions>
					</Trackpoint>
					<Trackpoint>
						<Time>2569-03-03T11:38:09Z</Time>
						<Position>
							<LatitudeDegrees>12.584679</LatitudeDegrees>
							<LongitudeDegrees>101.418649</LongitudeDegrees>
						</Position>
						<AltitudeMeters>7.250000</AltitudeMeters>
						<HeartRateBpm>
							<Value>97</Value>
						</HeartRateBpm>
						<Cadence>42</Cadence>
						<Extensions>
							<ns3:TPX>
								<ns3:Speed>0.765700</ns3:Speed>
							</ns3:TPX>
						</Extensions>
					</Trackpoint>
					<Trackpoint>
						<Time>2569-03-03T11:38:10Z</Time>
						<Position>
							<LatitudeDegrees>12.584679</LatitudeDegrees>
							<LongitudeDegrees>101.418649</LongitudeDegrees>
						</Position>
						<AltitudeMeters>7.250000</AltitudeMeters>
						<HeartRateBpm>
							<Value>97</Value>
						</HeartRateBpm>
						<Cadence>41</Cadence>
						<Extensions>
							<ns3:TPX>
								<ns3:Speed>0.762200</ns3:Speed>
							</ns3:TPX>
						</Extensions>
					</Trackpoint>
					<Trackpoint>
						<Time>2569-03-03T11:38:11Z</Time>
						<Position>
							<LatitudeDegrees>12.584679</LatitudeDegrees>
							<LongitudeDegrees>101.418649</LongitudeDegrees>
						</Position>
						<AltitudeMeters>7.260000</AltitudeMeters>
						<HeartRateBpm>
							<Value>97</Value>
						</HeartRateBpm>
						<Cadence>41</Cadence>
						<Extensions>
							<ns3:TPX>
								<ns3:Speed>0.758730</ns3:Speed>
							</ns3:TPX>
						</Extensions>
					</Trackpoint>
					<Trackpoint>
						<Time>2569-03-03T11:38:12Z</Time>
						<Position>
							<LatitudeDegrees>12.584679</LatitudeDegrees>
							<LongitudeDegrees>101.418649</LongitudeDegrees>
						</Position>
						<AltitudeMeters>7.260000</AltitudeMeters>
						<HeartRateBpm>
							<Value>97</Value>
						</HeartRateBpm>
						<Cadence>42</Cadence>
						<Extensions>
							<ns3:TPX>
								<ns3:Speed>0.753580</ns3:Speed>
							</ns3:TPX>
						</Extensions>
					</Trackpoint>
					<Trackpoint>
						<Time>2569-03-03T11:38:13Z</Time>
						<Position>
							<LatitudeDegrees>12.584678</LatitudeDegrees>
							<LongitudeDegrees>101.418649</LongitudeDegrees>
						</Position>
						<AltitudeMeters>7.260000</AltitudeMeters>
						<HeartRateBpm>
							<Value>96</Value>
						</HeartRateBpm>
						<Cadence>44</Cadence>
						<Extensions>
							<ns3:TPX>
								<ns3:Speed>0.745710</ns3:Speed>
							</ns3:TPX>
						</Extensions>
					</Trackpoint>
					<Trackpoint>
						<Time>2569-03-03T11:38:14Z</Time>
						<Position>
							<LatitudeDegrees>12.584678</LatitudeDegrees>
							<LongitudeDegrees>101.418648</LongitudeDegrees>
						</Position>
						<AltitudeMeters>7.260000</AltitudeMeters>
						<HeartRateBpm>
							<Value>97</Value>
						</HeartRateBpm>
					</Trackpoint>
					<Trackpoint>
						<Time>2569-03-03T11:38:15Z</Time>
						<Position>
							<LatitudeDegrees>12.584677</LatitudeDegrees>
							<LongitudeDegrees>101.418646</LongitudeDegrees>
						</Position>
						<AltitudeMeters>7.260000</AltitudeMeters>
						<HeartRateBpm>
							<Value>96</Value>
						</HeartRateBpm>
						<Cadence>44</Cadence>
					</Trackpoint>
					<Trackpoint>
						<Time>2569-03-03T11:38:16Z</Time>
						<Position>
							<LatitudeDegrees>12.584677</LatitudeDegrees>
							<LongitudeDegrees>101.418646</LongitudeDegrees>
						</Position>
						<AltitudeMeters>7.260000</AltitudeMeters>
						<HeartRateBpm>
							<Value>96</Value>
						</HeartRateBpm>
						<Cadence>44</Cadence>
						<Extensions>
							<ns3:TPX>
								<ns3:Speed>0.148940</ns3:Speed>
							</ns3:TPX>
						</Extensions>
					</Trackpoint>
					<Trackpoint>
						<Time>2569-03-03T11:38:17Z</Time>
						<Position>
							<LatitudeDegrees>12.584676</LatitudeDegrees>
							<LongitudeDegrees>101.418645</LongitudeDegrees>
						</Position>
						<AltitudeMeters>7.260000</AltitudeMeters>
						<HeartRateBpm>
							<Value>95</Value>
						</HeartRateBpm>
					</Trackpoint>
					<Trackpoint>
						<Time>2569-03-03T11:38:18Z</Time>
						<Position>
							<LatitudeDegrees>12.584675</LatitudeDegrees>
							<LongitudeDegrees>101.418644</LongitudeDegrees>
						</Position>
						<AltitudeMeters>7.260000</AltitudeMeters>
						<HeartRateBpm>
							<Value>96</Value>
						</HeartRateBpm>
					</Trackpoint>
					<Trackpoint>
						<Time>2569-03-03T11:38:19Z</Time>
						<Position>
							<LatitudeDegrees>12.584674</LatitudeDegrees>
							<LongitudeDegrees>101.418643</LongitudeDegrees>
						</Position>
						<AltitudeMeters>7.260000</AltitudeMeters>
						<HeartRateBpm>
							<Value>95</Value>
						</HeartRateBpm>
					</Trackpoint>
					<Trackpoint>
						<Time>2569-03-03T11:38:20Z</Time>
						<Position>
							<LatitudeDegrees>12.584674</LatitudeDegrees>
							<LongitudeDegrees>101.418643</LongitudeDegrees>
						</Position>
						<AltitudeMeters>7.260000</AltitudeMeters>
						<HeartRateBpm>
							<Value>95</Value>
						</HeartRateBpm>
					</Trackpoint>
					<Trackpoint>
						<Time>2569-03-03T11:38:21Z</Time>
						<Position>
							<LatitudeDegrees>12.584674</LatitudeDegrees>
							<LongitudeDegrees>101.418643</LongitudeDegrees>
						</Position>
						<AltitudeMeters>7.260000</AltitudeMeters>
						<HeartRateBpm>
							<Value>95</Value>
						</HeartRateBpm>
					</Trackpoint>
					<Trackpoint>
						<Time>2569-03-03T11:38:22Z</Time>
						<Position>
							<LatitudeDegrees>12.584676</LatitudeDegrees>
							<LongitudeDegrees>101.418642</LongitudeDegrees>
						</Position>
						<AltitudeMeters>7.260000</AltitudeMeters>
						<HeartRateBpm>
							<Value>95</Value>
						</HeartRateBpm>
					</Trackpoint>
					<Trackpoint>
						<Time>2569-03-03T11:38:23Z</Time>
						<Position>
							<LatitudeDegrees>12.584677</LatitudeDegrees>
							<LongitudeDegrees>101.418640</LongitudeDegrees>
						</Position>
						<AltitudeMeters>7.260000</AltitudeMeters>
						<HeartRateBpm>
							<Value>95</Value>
						</HeartRateBpm>
					</Trackpoint>
					<Trackpoint>
						<Time>2569-03-03T11:38:24Z</Time>
						<Position>
							<LatitudeDegrees>12.584677</LatitudeDegrees>
							<LongitudeDegrees>101.418639</LongitudeDegrees>
						</Position>
						<AltitudeMeters>7.260000</AltitudeMeters>
						<HeartRateBpm>
							<Value>94</Value>
						</HeartRateBpm>
					</Trackpoint>
					<Trackpoint>
						<Time>2569-03-03T11:38:25Z</Time>
						<Position>
							<LatitudeDegrees>12.584678</LatitudeDegrees>
							<LongitudeDegrees>101.418638</LongitudeDegrees>
						</Position>
						<AltitudeMeters>7.260000</AltitudeMeters>
						<HeartRateBpm>
							<Value>93</Value>
						</HeartRateBpm>
					</Trackpoint>
					<Trackpoint>
						<Time>2569-03-03T11:38:26Z</Time>
						<Position>
							<LatitudeDegrees>12.584678</LatitudeDegrees>
							<LongitudeDegrees>101.418637</LongitudeDegrees>
						</Position>
						<AltitudeMeters>7.260000</AltitudeMeters>
						<HeartRateBpm>
							<Value>94</Value>
						</HeartRateBpm>
					</Trackpoint>
					<Trackpoint>
						<Time>2569-03-03T11:38:27Z</Time>
						<Position>
							<LatitudeDegrees>12.584678</LatitudeDegrees>
							<LongitudeDegrees>101.418637</LongitudeDegrees>
						</Position>
						<AltitudeMeters>7.260000</AltitudeMeters>
						<HeartRateBpm>
							<Value>94</Value>
						</HeartRateBpm>
					</Trackpoint>
					<Trackpoint>
						<Time>2569-03-03T11:38:28Z</Time>
						<Position>
							<LatitudeDegrees>12.584678</LatitudeDegrees>
							<LongitudeDegrees>101.418638</LongitudeDegrees>
						</Position>
						<AltitudeMeters>7.260000</AltitudeMeters>
						<HeartRateBpm>
							<Value>94</Value>
						</HeartRateBpm>
					</Trackpoint>
					<Trackpoint>
						<Time>2569-03-03T11:38:29Z</Time>
						<Position>
							<LatitudeDegrees>12.584677</LatitudeDegrees>
							<LongitudeDegrees>101.418637</LongitudeDegrees>
						</Position>
						<AltitudeMeters>7.260000</AltitudeMeters>
						<HeartRateBpm>
							<Value>94</Value>
						</HeartRateBpm>
					</Trackpoint>
					<Trackpoint>
						<Time>2569-03-03T11:38:30Z</Time>
						<Position>
							<LatitudeDegrees>12.584676</LatitudeDegrees>
							<LongitudeDegrees>101.418637</LongitudeDegrees>
						</Position>
						<AltitudeMeters>7.260000</AltitudeMeters>
						<HeartRateBpm>
							<Value>93</Value>
						</HeartRateBpm>
					</Trackpoint>
					<Trackpoint>
						<Time>2569-03-03T11:38:31Z</Time>
						<Position>
							<LatitudeDegrees>12.584675</LatitudeDegrees>
							<LongitudeDegrees>101.418636</LongitudeDegrees>
						</Position>
						<AltitudeMeters>7.260000</AltitudeMeters>
						<HeartRateBpm>
							<Value>93</Value>
						</HeartRateBpm>
					</Trackpoint>
					<Trackpoint>
						<Time>2569-03-03T11:38:32Z</Time>
						<Position>
							<LatitudeDegrees>12.584674</LatitudeDegrees>
							<LongitudeDegrees>101.418636</LongitudeDegrees>
						</Position>
						<AltitudeMeters>7.260000</AltitudeMeters>
						<HeartRateBpm>
							<Value>94</Value>
						</HeartRateBpm>
					</Trackpoint>
					<Trackpoint>
						<Time>2569-03-03T11:38:33Z</Time>
						<Position>
							<LatitudeDegrees>12.584673</LatitudeDegrees>
							<LongitudeDegrees>101.418636</LongitudeDegrees>
						</Position>
						<AltitudeMeters>7.250000</AltitudeMeters>
						<HeartRateBpm>
							<Value>93</Value>
						</HeartRateBpm>
					</Trackpoint>
					<Trackpoint>
						<Time>2569-03-03T11:38:34Z</Time>
						<Position>
							<LatitudeDegrees>12.584675</LatitudeDegrees>
							<LongitudeDegrees>101.418637</LongitudeDegrees>
						</Position>
						<AltitudeMeters>7.250000</AltitudeMeters>
						<HeartRateBpm>
							<Value>93</Value>
						</HeartRateBpm>
					</Trackpoint>
					<Trackpoint>
						<Time>2569-03-03T11:38:35Z</Time>
						<Position>
							<LatitudeDegrees>12.584679</LatitudeDegrees>
							<LongitudeDegrees>101.418637</LongitudeDegrees>
						</Position>
						<AltitudeMeters>7.250000</AltitudeMeters>
						<HeartRateBpm>
							<Value>93</Value>
						</HeartRateBpm>
					</Trackpoint>
					<Trackpoint>
						<Time>2569-03-03T11:38:36Z</Time>
						<Position>
							<LatitudeDegrees>12.584683</LatitudeDegrees>
							<LongitudeDegrees>101.418634</LongitudeDegrees>
						</Position>
						<AltitudeMeters>7.250000</AltitudeMeters>
						<HeartRateBpm>
							<Value>94</Value>
						</HeartRateBpm>
					</Trackpoint>
					<Trackpoint>
						<Time>2569-03-03T11:38:37Z</Time>
						<Position>
							<LatitudeDegrees>12.584687</LatitudeDegrees>
							<LongitudeDegrees>101.418632</LongitudeDegrees>
						</Position>
						<AltitudeMeters>7.260000</AltitudeMeters>
						<HeartRateBpm>
							<Value>94</Value>
						</HeartRateBpm>
					</Trackpoint>
					<Trackpoint>
						<Time>2569-03-03T11:38:38Z</Time>
						<Position>
							<LatitudeDegrees>12.584693</LatitudeDegrees>
							<LongitudeDegrees>101.418628</LongitudeDegrees>
						</Position>
						<AltitudeMeters>7.260000</AltitudeMeters>
						<HeartRateBpm>
							<Value>94</Value>
						</HeartRateBpm>
					</Trackpoint>
					<Trackpoint>
						<Time>2569-03-03T11:38:39Z</Time>
						<Position>
							<LatitudeDegrees>12.584698</LatitudeDegrees>
							<LongitudeDegrees>101.418626</LongitudeDegrees>
						</Position>
						<AltitudeMeters>7.260000</AltitudeMeters>
						<HeartRateBpm>
							<Value>94</Value>
						</HeartRateBpm>
					</Trackpoint>
					<Trackpoint>
						<Time>2569-03-03T11:38:40Z</Time>
						<Position>
							<LatitudeDegrees>12.584705</LatitudeDegrees>
							<LongitudeDegrees>101.418624</LongitudeDegrees>
						</Position>
						<AltitudeMeters>7.260000</AltitudeMeters>
						<HeartRateBpm>
							<Value>93</Value>
						</HeartRateBpm>
					</Trackpoint>
					<Trackpoint>
						<Time>2569-03-03T11:38:41Z</Time>
						<Position>
							<LatitudeDegrees>12.584712</LatitudeDegrees>
							<LongitudeDegrees>101.418624</LongitudeDegrees>
						</Position>
						<AltitudeMeters>7.260000</AltitudeMeters>
						<HeartRateBpm>
							<Value>93</Value>
						</HeartRateBpm>
					</Trackpoint>
					<Trackpoint>
						<Time>2569-03-03T11:38:42Z</Time>
						<Position>
							<LatitudeDegrees>12.584720</LatitudeDegrees>
							<LongitudeDegrees>101.418623</LongitudeDegrees>
						</Position>
						<AltitudeMeters>7.260000</AltitudeMeters>
						<HeartRateBpm>
							<Value>93</Value>
						</HeartRateBpm>
					</Trackpoint>
					<Trackpoint>
						<Time>2569-03-03T11:38:43Z</Time>
						<Position>
							<LatitudeDegrees>12.584728</LatitudeDegrees>
							<LongitudeDegrees>101.418621</LongitudeDegrees>
						</Position>
						<AltitudeMeters>7.260000</AltitudeMeters>
						<HeartRateBpm>
							<Value>92</Value>
						</HeartRateBpm>
					</Trackpoint>
					<Trackpoint>
						<Time>2569-03-03T11:38:44Z</Time>
						<Position>
							<LatitudeDegrees>12.584736</LatitudeDegrees>
							<LongitudeDegrees>101.418620</LongitudeDegrees>
						</Position>
						<AltitudeMeters>7.260000</AltitudeMeters>
						<HeartRateBpm>
							<Value>92</Value>
						</HeartRateBpm>
						<Cadence>40</Cadence>
					</Trackpoint>
					<Trackpoint>
						<Time>2569-03-03T11:38:45Z</Time>
						<Position>
							<LatitudeDegrees>12.584744</LatitudeDegrees>
							<LongitudeDegrees>101.418619</LongitudeDegrees>
						</Position>
						<AltitudeMeters>7.250000</AltitudeMeters>
						<HeartRateBpm>
							<Value>91</Value>
						</HeartRateBpm>
						<Cadence>40</Cadence>
						<Extensions>
							<ns3:TPX>
								<ns3:Speed>0.589620</ns3:Speed>
							</ns3:TPX>
						</Extensions>
					</Trackpoint>
					<Trackpoint>
						<Time>2569-03-03T11:38:46Z</Time>
						<Position>
							<LatitudeDegrees>12.584752</LatitudeDegrees>
							<LongitudeDegrees>101.418619</LongitudeDegrees>
						</Position>
						<AltitudeMeters>7.250000</AltitudeMeters>
						<HeartRateBpm>
							<Value>90</Value>
						</HeartRateBpm>
						<Cadence>41</Cadence>
						<Extensions>
							<ns3:TPX>
								<ns3:Speed>0.633310</ns3:Speed>
							</ns3:TPX>
						</Extensions>
					</Trackpoint>
					<Trackpoint>
						<Time>2569-03-03T11:38:47Z</Time>
						<Position>
							<LatitudeDegrees>12.584761</LatitudeDegrees>
							<LongitudeDegrees>101.418618</LongitudeDegrees>
						</Position>
						<AltitudeMeters>7.250000</AltitudeMeters>
						<HeartRateBpm>
							<Value>90</Value>
						</HeartRateBpm>
						<Cadence>41</Cadence>
						<Extensions>
							<ns3:TPX>
								<ns3:Speed>0.675220</ns3:Speed>
							</ns3:TPX>
						</Extensions>
					</Trackpoint>
					<Trackpoint>
						<Time>2569-03-03T11:38:48Z</Time>
						<Position>
							<LatitudeDegrees>12.584768</LatitudeDegrees>
							<LongitudeDegrees>101.418618</LongitudeDegrees>
						</Position>
						<AltitudeMeters>7.250000</AltitudeMeters>
						<HeartRateBpm>
							<Value>89</Value>
						</HeartRateBpm>
						<Cadence>42</Cadence>
						<Extensions>
							<ns3:TPX>
								<ns3:Speed>0.707210</ns3:Speed>
							</ns3:TPX>
						</Extensions>
					</Trackpoint>
					<Trackpoint>
						<Time>2569-03-03T11:38:49Z</Time>
						<Position>
							<LatitudeDegrees>12.584776</LatitudeDegrees>
							<LongitudeDegrees>101.418619</LongitudeDegrees>
						</Position>
						<AltitudeMeters>7.250000</AltitudeMeters>
						<HeartRateBpm>
							<Value>90</Value>
						</HeartRateBpm>
						<Cadence>42</Cadence>
						<Extensions>
							<ns3:TPX>
								<ns3:Speed>0.740190</ns3:Speed>
							</ns3:TPX>
						</Extensions>
					</Trackpoint>
					<Trackpoint>
						<Time>2569-03-03T11:38:50Z</Time>
						<Position>
							<LatitudeDegrees>12.584783</LatitudeDegrees>
							<LongitudeDegrees>101.418619</LongitudeDegrees>
						</Position>
						<AltitudeMeters>7.250000</AltitudeMeters>
						<HeartRateBpm>
							<Value>90</Value>
						</HeartRateBpm>
						<Cadence>43</Cadence>
						<Extensions>
							<ns3:TPX>
								<ns3:Speed>0.717880</ns3:Speed>
							</ns3:TPX>
						</Extensions>
					</Trackpoint>
					<Trackpoint>
						<Time>2569-03-03T11:38:51Z</Time>
						<Position>
							<LatitudeDegrees>12.584790</LatitudeDegrees>
							<LongitudeDegrees>101.418619</LongitudeDegrees>
						</Position>
						<AltitudeMeters>7.250000</AltitudeMeters>
						<HeartRateBpm>
							<Value>92</Value>
						</HeartRateBpm>
						<Cadence>44</Cadence>
						<Extensions>
							<ns3:TPX>
								<ns3:Speed>0.737460</ns3:Speed>
							</ns3:TPX>
						</Extensions>
					</Trackpoint>
					<Trackpoint>
						<Time>2569-03-03T11:38:52Z</Time>
						<Position>
							<LatitudeDegrees>12.584797</LatitudeDegrees>
							<LongitudeDegrees>101.418619</LongitudeDegrees>
						</Position>
						<AltitudeMeters>7.250000</AltitudeMeters>
						<HeartRateBpm>
							<Value>92</Value>
						</HeartRateBpm>
						<Cadence>44</Cadence>
						<Extensions>
							<ns3:TPX>
								<ns3:Speed>0.803860</ns3:Speed>
							</ns3:TPX>
						</Extensions>
					</Trackpoint>
					<Trackpoint>
						<Time>2569-03-03T11:38:53Z</Time>
						<Position>
							<LatitudeDegrees>12.584804</LatitudeDegrees>
							<LongitudeDegrees>101.418618</LongitudeDegrees>
						</Position>
						<AltitudeMeters>7.250000</AltitudeMeters>
						<HeartRateBpm>
							<Value>93</Value>
						</HeartRateBpm>
						<Cadence>44</Cadence>
						<Extensions>
							<ns3:TPX>
								<ns3:Speed>0.811030</ns3:Speed>
							</ns3:TPX>
						</Extensions>
					</Trackpoint>
					<Trackpoint>
						<Time>2569-03-03T11:38:54Z</Time>
						<Position>
							<LatitudeDegrees>12.584811</LatitudeDegrees>
							<LongitudeDegrees>101.418617</LongitudeDegrees>
						</Position>
						<AltitudeMeters>7.250000</AltitudeMeters>
						<HeartRateBpm>
							<Value>94</Value>
						</HeartRateBpm>
						<Cadence>44</Cadence>
						<Extensions>
							<ns3:TPX>
								<ns3:Speed>0.803210</ns3:Speed>
							</ns3:TPX>
						</Extensions>
					</Trackpoint>
					<Trackpoint>
						<Time>2569-03-03T11:38:55Z</Time>
						<Position>
							<LatitudeDegrees>12.584818</LatitudeDegrees>
							<LongitudeDegrees>101.418616</LongitudeDegrees>
						</Position>
						<AltitudeMeters>7.240000</AltitudeMeters>
						<HeartRateBpm>
							<Value>94</Value>
						</HeartRateBpm>
						<Cadence>44</Cadence>
						<Extensions>
							<ns3:TPX>
								<ns3:Speed>0.794280</ns3:Speed>
							</ns3:TPX>
						</Extensions>
					</Trackpoint>
					<Trackpoint>
						<Time>2569-03-03T11:38:56Z</Time>
						<Position>
							<LatitudeDegrees>12.584825</LatitudeDegrees>
							<LongitudeDegrees>101.418616</LongitudeDegrees>
						</Position>
						<AltitudeMeters>7.230000</AltitudeMeters>
						<HeartRateBpm>
							<Value>94</Value>
						</HeartRateBpm>
						<Cadence>44</Cadence>
						<Extensions>
							<ns3:TPX>
								<ns3:Speed>0.791140</ns3:Speed>
							</ns3:TPX>
						</Extensions>
					</Trackpoint>
					<Trackpoint>
						<Time>2569-03-03T11:38:57Z</Time>
						<Position>
							<LatitudeDegrees>12.584833</LatitudeDegrees>
							<LongitudeDegrees>101.418615</LongitudeDegrees>
						</Position>
						<AltitudeMeters>7.230000</AltitudeMeters>
						<HeartRateBpm>
							<Value>94</Value>
						</HeartRateBpm>
						<Cadence>44</Cadence>
						<Extensions>
							<ns3:TPX>
								<ns3:Speed>0.785550</ns3:Speed>
							</ns3:TPX>
						</Extensions>
					</Trackpoint>
					<Trackpoint>
						<Time>2569-03-03T11:38:58Z</Time>
						<Position>
							<LatitudeDegrees>12.584840</LatitudeDegrees>
							<LongitudeDegrees>101.418615</LongitudeDegrees>
						</Position>
						<AltitudeMeters>7.220000</AltitudeMeters>
						<HeartRateBpm>
							<Value>94</Value>
						</HeartRateBpm>
						<Cadence>44</Cadence>
						<Extensions>
							<ns3:TPX>
								<ns3:Speed>0.781860</ns3:Speed>
							</ns3:TPX>
						</Extensions>
					</Trackpoint>
					<Trackpoint>
						<Time>2569-03-03T11:38:59Z</Time>
						<Position>
							<LatitudeDegrees>12.584848</LatitudeDegrees>
							<LongitudeDegrees>101.418614</LongitudeDegrees>
						</Position>
						<AltitudeMeters>7.220000</AltitudeMeters>
						<HeartRateBpm>
							<Value>94</Value>
						</HeartRateBpm>
						<Cadence>44</Cadence>
						<Extensions>
							<ns3:TPX>
								<ns3:Speed>0.777600</ns3:Speed>
							</ns3:TPX>
						</Extensions>
					</Trackpoint>
					<Trackpoint>
						<Time>2569-03-03T11:39:00Z</Time>
						<Position>
							<LatitudeDegrees>12.584856</LatitudeDegrees>
							<LongitudeDegrees>101.418614</LongitudeDegrees>
						</Position>
						<AltitudeMeters>7.210000</AltitudeMeters>
						<HeartRateBpm>
							<Value>94</Value>
						</HeartRateBpm>
						<Cadence>44</Cadence>
						<Extensions>
							<ns3:TPX>
								<ns3:Speed>0.777600</ns3:Speed>
							</ns3:TPX>
						</Extensions>
					</Trackpoint>
					<Trackpoint>
						<Time>2569-03-03T11:39:01Z</Time>
						<Position>
							<LatitudeDegrees>12.584863</LatitudeDegrees>
							<LongitudeDegrees>101.418613</LongitudeDegrees>
						</Position>
						<AltitudeMeters>7.210000</AltitudeMeters>
						<HeartRateBpm>
							<Value>94</Value>
						</HeartRateBpm>
						<Cadence>44</Cadence>
						<Extensions>
							<ns3:TPX>
								<ns3:Speed>0.788020</ns3:Speed>
							</ns3:TPX>
						</Extensions>
					</Trackpoint>
					<Trackpoint>
						<Time>2569-03-03T11:39:02Z</Time>
						<Position>
							<LatitudeDegrees>12.584871</LatitudeDegrees>
							<LongitudeDegrees>101.418613</LongitudeDegrees>
						</Position>
						<AltitudeMeters>7.200000</AltitudeMeters>
						<HeartRateBpm>
							<Value>94</Value>
						</HeartRateBpm>
						<Cadence>44</Cadence>
						<Extensions>
							<ns3:TPX>
								<ns3:Speed>0.795540</ns3:Speed>
							</ns3:TPX>
						</Extensions>
					</Trackpoint>
					<Trackpoint>
						<Time>2569-03-03T11:39:03Z</Time>
						<Position>
							<LatitudeDegrees>12.584878</LatitudeDegrees>
							<LongitudeDegrees>101.418614</LongitudeDegrees>
						</Position>
						<AltitudeMeters>7.200000</AltitudeMeters>
						<HeartRateBpm>
							<Value>93</Value>
						</HeartRateBpm>
						<Cadence>43</Cadence>
						<Extensions>
							<ns3:TPX>
								<ns3:Speed>0.798720</ns3:Speed>
							</ns3:TPX>
						</Extensions>
					</Trackpoint>
					<Trackpoint>
						<Time>2569-03-03T11:39:04Z</Time>
						<Position>
							<LatitudeDegrees>12.584886</LatitudeDegrees>
							<LongitudeDegrees>101.418613</LongitudeDegrees>
						</Position>
						<AltitudeMeters>7.200000</AltitudeMeters>
						<HeartRateBpm>
							<Value>92</Value>
						</HeartRateBpm>
						<Cadence>43</Cadence>
						<Extensions>
							<ns3:TPX>
								<ns3:Speed>0.801280</ns3:Speed>
							</ns3:TPX>
						</Extensions>
					</Trackpoint>
					<Trackpoint>
						<Time>2569-03-03T11:39:05Z</Time>
						<Position>
							<LatitudeDegrees>12.584894</LatitudeDegrees>
							<LongitudeDegrees>101.418613</LongitudeDegrees>
						</Position>
						<AltitudeMeters>7.190000</AltitudeMeters>
						<HeartRateBpm>
							<Value>92</Value>
						</HeartRateBpm>
						<Cadence>44</Cadence>
						<Extensions>
							<ns3:TPX>
								<ns3:Speed>0.802570</ns3:Speed>
							</ns3:TPX>
						</Extensions>
					</Trackpoint>
					<Trackpoint>
						<Time>2569-03-03T11:39:06Z</Time>
						<Position>
							<LatitudeDegrees>12.584902</LatitudeDegrees>
							<LongitudeDegrees>101.418613</LongitudeDegrees>
						</Position>
						<AltitudeMeters>7.190000</AltitudeMeters>
						<HeartRateBpm>
							<Value>91</Value>
						</HeartRateBpm>
						<Cadence>44</Cadence>
						<Extensions>
							<ns3:TPX>
								<ns3:Speed>0.806450</ns3:Speed>
							</ns3:TPX>
						</Extensions>
					</Trackpoint>
					<Trackpoint>
						<Time>2569-03-03T11:39:07Z</Time>
						<Position>
							<LatitudeDegrees>12.584909</LatitudeDegrees>
							<LongitudeDegrees>101.418614</LongitudeDegrees>
						</Position>
						<AltitudeMeters>7.190000</AltitudeMeters>
						<HeartRateBpm>
							<Value>91</Value>
						</HeartRateBpm>
						<Cadence>44</Cadence>
						<Extensions>
							<ns3:TPX>
								<ns3:Speed>0.815660</ns3:Speed>
							</ns3:TPX>
						</Extensions>
					</Trackpoint>
					<Trackpoint>
						<Time>2569-03-03T11:39:08Z</Time>
						<Position>
							<LatitudeDegrees>12.584917</LatitudeDegrees>
							<LongitudeDegrees>101.418614</LongitudeDegrees>
						</Position>
						<AltitudeMeters>7.190000</AltitudeMeters>
						<HeartRateBpm>
							<Value>92</Value>
						</HeartRateBpm>
						<Cadence>44</Cadence>
						<Extensions>
							<ns3:TPX>
								<ns3:Speed>0.816330</ns3:Speed>
							</ns3:TPX>
						</Extensions>
					</Trackpoint>
					<Trackpoint>
						<Time>2569-03-03T11:39:09Z</Time>
						<Position>
							<LatitudeDegrees>12.584925</LatitudeDegrees>
							<LongitudeDegrees>101.418614</LongitudeDegrees>
						</Position>
						<AltitudeMeters>7.180000</AltitudeMeters>
						<HeartRateBpm>
							<Value>92</Value>
						</HeartRateBpm>
						<Cadence>45</Cadence>
						<Extensions>
							<ns3:TPX>
								<ns3:Speed>0.819670</ns3:Speed>
							</ns3:TPX>
						</Extensions>
					</Trackpoint>
					<Trackpoint>
						<Time>2569-03-03T11:39:10Z</Time>
						<Position>
							<LatitudeDegrees>12.584934</LatitudeDegrees>
							<LongitudeDegrees>101.418614</LongitudeDegrees>
						</Position>
						<AltitudeMeters>7.180000</AltitudeMeters>
						<HeartRateBpm>
							<Value>93</Value>
						</HeartRateBpm>
						<Cadence>45</Cadence>
						<Extensions>
							<ns3:TPX>
								<ns3:Speed>0.836120</ns3:Speed>
							</ns3:TPX>
						</Extensions>
					</Trackpoint>
					<Trackpoint>
						<Time>2569-03-03T11:39:11Z</Time>
						<Position>
							<LatitudeDegrees>12.584942</LatitudeDegrees>
							<LongitudeDegrees>101.418613</LongitudeDegrees>
						</Position>
						<AltitudeMeters>7.180000</AltitudeMeters>
						<HeartRateBpm>
							<Value>94</Value>
						</HeartRateBpm>
						<Cadence>46</Cadence>
						<Extensions>
							<ns3:TPX>
								<ns3:Speed>0.843170</ns3:Speed>
							</ns3:TPX>
						</Extensions>
					</Trackpoint>
					<Trackpoint>
						<Time>2569-03-03T11:39:12Z</Time>
						<Position>
							<LatitudeDegrees>12.584949</LatitudeDegrees>
							<LongitudeDegrees>101.418614</LongitudeDegrees>
						</Position>
						<AltitudeMeters>7.180000</AltitudeMeters>
						<HeartRateBpm>
							<Value>95</Value>
						</HeartRateBpm>
						<Cadence>46</Cadence>
						<Extensions>
							<ns3:TPX>
								<ns3:Speed>0.845310</ns3:Speed>
							</ns3:TPX>
						</Extensions>
					</Trackpoint>
					<Trackpoint>
						<Time>2569-03-03T11:39:13Z</Time>
						<Position>
							<LatitudeDegrees>12.584956</LatitudeDegrees>
							<LongitudeDegrees>101.418614</LongitudeDegrees>
						</Position>
						<AltitudeMeters>7.180000</AltitudeMeters>
						<HeartRateBpm>
							<Value>95</Value>
						</HeartRateBpm>
						<Cadence>46</Cadence>
						<Extensions>
							<ns3:TPX>
								<ns3:Speed>0.851790</ns3:Speed>
							</ns3:TPX>
						</Extensions>
					</Trackpoint>
					<Trackpoint>
						<Time>2569-03-03T11:39:14Z</Time>
						<Position>
							<LatitudeDegrees>12.584963</LatitudeDegrees>
							<LongitudeDegrees>101.418616</LongitudeDegrees>
						</Position>
						<AltitudeMeters>7.180000</AltitudeMeters>
						<HeartRateBpm>
							<Value>94</Value>
						</HeartRateBpm>
						<Cadence>46</Cadence>
						<Extensions>
							<ns3:TPX>
								<ns3:Speed>0.847460</ns3:Speed>
							</ns3:TPX>
						</Extensions>
					</Trackpoint>
					<Trackpoint>
						<Time>2569-03-03T11:39:15Z</Time>
						<Position>
							<LatitudeDegrees>12.584970</LatitudeDegrees>
							<LongitudeDegrees>101.418616</LongitudeDegrees>
						</Position>
						<AltitudeMeters>7.180000</AltitudeMeters>
						<HeartRateBpm>
							<Value>93</Value>
						</HeartRateBpm>
						<Cadence>46</Cadence>
						<Extensions>
							<ns3:TPX>
								<ns3:Speed>0.842460</ns3:Speed>
							</ns3:TPX>
						</Extensions>
					</Trackpoint>
					<Trackpoint>
						<Time>2569-03-03T11:39:16Z</Time>
						<Position>
							<LatitudeDegrees>12.584977</LatitudeDegrees>
							<LongitudeDegrees>101.418618</LongitudeDegrees>
						</Position>
						<AltitudeMeters>7.190000</AltitudeMeters>
						<HeartRateBpm>
							<Value>93</Value>
						</HeartRateBpm>
						<Cadence>46</Cadence>
						<Extensions>
							<ns3:TPX>
								<ns3:Speed>0.836120</ns3:Speed>
							</ns3:TPX>
						</Extensions>
					</Trackpoint>
					<Trackpoint>
						<Time>2569-03-03T11:39:17Z</Time>
						<Position>
							<LatitudeDegrees>12.584984</LatitudeDegrees>
							<LongitudeDegrees>101.418620</LongitudeDegrees>
						</Position>
						<AltitudeMeters>7.190000</AltitudeMeters>
						<HeartRateBpm>
							<Value>93</Value>
						</HeartRateBpm>
						<Cadence>45</Cadence>
						<Extensions>
							<ns3:TPX>
								<ns3:Speed>0.819670</ns3:Speed>
							</ns3:TPX>
						</Extensions>
					</Trackpoint>
					<Trackpoint>
						<Time>2569-03-03T11:39:18Z</Time>
						<Position>
							<LatitudeDegrees>12.584991</LatitudeDegrees>
							<LongitudeDegrees>101.418622</LongitudeDegrees>
						</Position>
						<AltitudeMeters>7.190000</AltitudeMeters>
						<HeartRateBpm>
							<Value>93</Value>
						</HeartRateBpm>
						<Cadence>45</Cadence>
						<Extensions>
							<ns3:TPX>
								<ns3:Speed>0.809720</ns3:Speed>
							</ns3:TPX>
						</Extensions>
					</Trackpoint>
					<Trackpoint>
						<Time>2569-03-03T11:39:19Z</Time>
						<Position>
							<LatitudeDegrees>12.584999</LatitudeDegrees>
							<LongitudeDegrees>101.418623</LongitudeDegrees>
						</Position>
						<AltitudeMeters>7.200000</AltitudeMeters>
						<HeartRateBpm>
							<Value>92</Value>
						</HeartRateBpm>
						<Cadence>45</Cadence>
						<Extensions>
							<ns3:TPX>
								<ns3:Speed>0.807100</ns3:Speed>
							</ns3:TPX>
						</Extensions>
					</Trackpoint>
					<Trackpoint>
						<Time>2569-03-03T11:39:20Z</Time>
						<Position>
							<LatitudeDegrees>12.585004</LatitudeDegrees>
							<LongitudeDegrees>101.418624</LongitudeDegrees>
						</Position>
						<AltitudeMeters>7.200000</AltitudeMeters>
						<HeartRateBpm>
							<Value>91</Value>
						</HeartRateBpm>
						<Cadence>45</Cadence>
						<Extensions>
							<ns3:TPX>
								<ns3:Speed>0.807100</ns3:Speed>
							</ns3:TPX>
						</Extensions>
					</Trackpoint>
					<Trackpoint>
						<Time>2569-03-03T11:39:21Z</Time>
						<Position>
							<LatitudeDegrees>12.585010</LatitudeDegrees>
							<LongitudeDegrees>101.418625</LongitudeDegrees>
						</Position>
						<AltitudeMeters>7.210000</AltitudeMeters>
						<HeartRateBpm>
							<Value>93</Value>
						</HeartRateBpm>
						<Cadence>45</Cadence>
						<Extensions>
							<ns3:TPX>
								<ns3:Speed>0.807100</ns3:Speed>
							</ns3:TPX>
						</Extensions>
					</Trackpoint>
					<Trackpoint>
						<Time>2569-03-03T11:39:22Z</Time>
						<Position>
							<LatitudeDegrees>12.585017</LatitudeDegrees>
							<LongitudeDegrees>101.418626</LongitudeDegrees>
						</Position>
						<AltitudeMeters>7.220000</AltitudeMeters>
						<HeartRateBpm>
							<Value>93</Value>
						</HeartRateBpm>
						<Cadence>45</Cadence>
						<Extensions>
							<ns3:TPX>
								<ns3:Speed>0.807100</ns3:Speed>
							</ns3:TPX>
						</Extensions>
					</Trackpoint>
					<Trackpoint>
						<Time>2569-03-03T11:39:23Z</Time>
						<Position>
							<LatitudeDegrees>12.585025</LatitudeDegrees>
							<LongitudeDegrees>101.418627</LongitudeDegrees>
						</Position>
						<AltitudeMeters>7.230000</AltitudeMeters>
						<HeartRateBpm>
							<Value>93</Value>
						</HeartRateBpm>
						<Cadence>45</Cadence>
						<Extensions>
							<ns3:TPX>
								<ns3:Speed>0.805800</ns3:Speed>
							</ns3:TPX>
						</Extensions>
					</Trackpoint>
					<Trackpoint>
						<Time>2569-03-03T11:39:24Z</Time>
						<Position>
							<LatitudeDegrees>12.585032</LatitudeDegrees>
							<LongitudeDegrees>101.418628</LongitudeDegrees>
						</Position>
						<AltitudeMeters>7.240000</AltitudeMeters>
						<HeartRateBpm>
							<Value>93</Value>
						</HeartRateBpm>
						<Cadence>45</Cadence>
						<Extensions>
							<ns3:TPX>
								<ns3:Speed>0.805150</ns3:Speed>
							</ns3:TPX>
						</Extensions>
					</Trackpoint>
					<Trackpoint>
						<Time>2569-03-03T11:39:25Z</Time>
						<Position>
							<LatitudeDegrees>12.585039</LatitudeDegrees>
							<LongitudeDegrees>101.418630</LongitudeDegrees>
						</Position>
						<AltitudeMeters>7.250000</AltitudeMeters>
						<HeartRateBpm>
							<Value>93</Value>
						</HeartRateBpm>
						<Cadence>44</Cadence>
						<Extensions>
							<ns3:TPX>
								<ns3:Speed>0.803860</ns3:Speed>
							</ns3:TPX>
						</Extensions>
					</Trackpoint>
					<Trackpoint>
						<Time>2569-03-03T11:39:26Z</Time>
						<Position>
							<LatitudeDegrees>12.585046</LatitudeDegrees>
							<LongitudeDegrees>101.418632</LongitudeDegrees>
						</Position>
						<AltitudeMeters>7.250000</AltitudeMeters>
						<HeartRateBpm>
							<Value>94</Value>
						</HeartRateBpm>
						<Cadence>44</Cadence>
						<Extensions>
							<ns3:TPX>
								<ns3:Speed>0.802570</ns3:Speed>
							</ns3:TPX>
						</Extensions>
					</Trackpoint>
					<Trackpoint>
						<Time>2569-03-03T11:39:27Z</Time>
						<Position>
							<LatitudeDegrees>12.585054</LatitudeDegrees>
							<LongitudeDegrees>101.418633</LongitudeDegrees>
						</Position>
						<AltitudeMeters>7.280000</AltitudeMeters>
						<HeartRateBpm>
							<Value>94</Value>
						</HeartRateBpm>
						<Cadence>43</Cadence>
						<Extensions>
							<ns3:TPX>
								<ns3:Speed>0.801280</ns3:Speed>
							</ns3:TPX>
						</Extensions>
					</Trackpoint>
					<Trackpoint>
						<Time>2569-03-03T11:39:28Z</Time>
						<Position>
							<LatitudeDegrees>12.585061</LatitudeDegrees>
							<LongitudeDegrees>101.418635</LongitudeDegrees>
						</Position>
						<AltitudeMeters>7.290000</AltitudeMeters>
						<HeartRateBpm>
							<Value>94</Value>
						</HeartRateBpm>
						<Cadence>44</Cadence>
						<Extensions>
							<ns3:TPX>
								<ns3:Speed>0.800000</ns3:Speed>
							</ns3:TPX>
						</Extensions>
					</Trackpoint>
					<Trackpoint>
						<Time>2569-03-03T11:39:29Z</Time>
						<Position>
							<LatitudeDegrees>12.585069</LatitudeDegrees>
							<LongitudeDegrees>101.418637</LongitudeDegrees>
						</Position>
						<AltitudeMeters>7.310000</AltitudeMeters>
						<HeartRateBpm>
							<Value>96</Value>
						</HeartRateBpm>
						<Cadence>44</Cadence>
						<Extensions>
							<ns3:TPX>
								<ns3:Speed>0.800000</ns3:Speed>
							</ns3:TPX>
						</Extensions>
					</Trackpoint>
					<Trackpoint>
						<Time>2569-03-03T11:39:30Z</Time>
						<Position>
							<LatitudeDegrees>12.585078</LatitudeDegrees>
							<LongitudeDegrees>101.418638</LongitudeDegrees>
						</Position>
						<AltitudeMeters>7.320000</AltitudeMeters>
						<HeartRateBpm>
							<Value>97</Value>
						</HeartRateBpm>
						<Cadence>44</Cadence>
						<Extensions>
							<ns3:TPX>
								<ns3:Speed>0.800000</ns3:Speed>
							</ns3:TPX>
						</Extensions>
					</Trackpoint>
					<Trackpoint>
						<Time>2569-03-03T11:39:31Z</Time>
						<Position>
							<LatitudeDegrees>12.585086</LatitudeDegrees>
							<LongitudeDegrees>101.418639</LongitudeDegrees>
						</Position>
						<AltitudeMeters>7.340000</AltitudeMeters>
						<HeartRateBpm>
							<Value>97</Value>
						</HeartRateBpm>
						<Cadence>45</Cadence>
						<Extensions>
							<ns3:TPX>
								<ns3:Speed>0.801280</ns3:Speed>
							</ns3:TPX>
						</Extensions>
					</Trackpoint>
					<Trackpoint>
						<Time>2569-03-03T11:39:32Z</Time>
						<Position>
							<LatitudeDegrees>12.585094</LatitudeDegrees>
							<LongitudeDegrees>101.418640</LongitudeDegrees>
						</Position>
						<AltitudeMeters>7.360000</AltitudeMeters>
						<HeartRateBpm>
							<Value>97</Value>
						</HeartRateBpm>
						<Cadence>45</Cadence>
						<Extensions>
							<ns3:TPX>
								<ns3:Speed>0.802570</ns3:Speed>
							</ns3:TPX>
						</Extensions>
					</Trackpoint>
					<Trackpoint>
						<Time>2569-03-03T11:39:33Z</Time>
						<Position>
							<LatitudeDegrees>12.585102</LatitudeDegrees>
							<LongitudeDegrees>101.418640</LongitudeDegrees>
						</Position>
						<AltitudeMeters>7.380000</AltitudeMeters>
						<HeartRateBpm>
							<Value>97</Value>
						</HeartRateBpm>
						<Cadence>45</Cadence>
						<Extensions>
							<ns3:TPX>
								<ns3:Speed>0.803860</ns3:Speed>
							</ns3:TPX>
						</Extensions>
					</Trackpoint>
					<Trackpoint>
						<Time>2569-03-03T11:39:34Z</Time>
						<Position>
							<LatitudeDegrees>12.585110</LatitudeDegrees>
							<LongitudeDegrees>101.418641</LongitudeDegrees>
						</Position>
						<AltitudeMeters>7.410000</AltitudeMeters>
						<HeartRateBpm>
							<Value>97</Value>
						</HeartRateBpm>
						<Cadence>44</Cadence>
						<Extensions>
							<ns3:TPX>
								<ns3:Speed>0.805800</ns3:Speed>
							</ns3:TPX>
						</Extensions>
					</Trackpoint>
					<Trackpoint>
						<Time>2569-03-03T11:39:35Z</Time>
						<Position>
							<LatitudeDegrees>12.585118</LatitudeDegrees>
							<LongitudeDegrees>101.418642</LongitudeDegrees>
						</Position>
						<AltitudeMeters>7.430000</AltitudeMeters>
						<HeartRateBpm>
							<Value>97</Value>
						</HeartRateBpm>
						<Cadence>44</Cadence>
						<Extensions>
							<ns3:TPX>
								<ns3:Speed>0.807750</ns3:Speed>
							</ns3:TPX>
						</Extensions>
					</Trackpoint>
					<Trackpoint>
						<Time>2569-03-03T11:39:36Z</Time>
						<Position>
							<LatitudeDegrees>12.585126</LatitudeDegrees>
							<LongitudeDegrees>101.418642</LongitudeDegrees>
						</Position>
						<AltitudeMeters>7.460000</AltitudeMeters>
						<HeartRateBpm>
							<Value>96</Value>
						</HeartRateBpm>
						<Cadence>44</Cadence>
						<Extensions>
							<ns3:TPX>
								<ns3:Speed>0.810370</ns3:Speed>
							</ns3:TPX>
						</Extensions>
					</Trackpoint>
					<Trackpoint>
						<Time>2569-03-03T11:39:37Z</Time>
						<Position>
							<LatitudeDegrees>12.585134</LatitudeDegrees>
							<LongitudeDegrees>101.418642</LongitudeDegrees>
						</Position>
						<AltitudeMeters>7.480000</AltitudeMeters>
						<HeartRateBpm>
							<Value>96</Value>
						</HeartRateBpm>
						<Cadence>44</Cadence>
						<Extensions>
							<ns3:TPX>
								<ns3:Speed>0.812350</ns3:Speed>
							</ns3:TPX>
						</Extensions>
					</Trackpoint>
					<Trackpoint>
						<Time>2569-03-03T11:39:38Z</Time>
						<Position>
							<LatitudeDegrees>12.585142</LatitudeDegrees>
							<LongitudeDegrees>101.418643</LongitudeDegrees>
						</Position>
						<AltitudeMeters>7.500000</AltitudeMeters>
						<HeartRateBpm>
							<Value>97</Value>
						</HeartRateBpm>
						<Cadence>43</Cadence>
						<Extensions>
							<ns3:TPX>
								<ns3:Speed>0.814330</ns3:Speed>
							</ns3:TPX>
						</Extensions>
					</Trackpoint>
					<Trackpoint>
						<Time>2569-03-03T11:39:39Z</Time>
						<Position>
							<LatitudeDegrees>12.585150</LatitudeDegrees>
							<LongitudeDegrees>101.418644</LongitudeDegrees>
						</Position>
						<AltitudeMeters>7.520000</AltitudeMeters>
						<HeartRateBpm>
							<Value>98</Value>
						</HeartRateBpm>
						<Cadence>43</Cadence>
						<Extensions>
							<ns3:TPX>
								<ns3:Speed>0.816330</ns3:Speed>
							</ns3:TPX>
						</Extensions>
					</Trackpoint>
					<Trackpoint>
						<Time>2569-03-03T11:39:40Z</Time>
						<Position>
							<LatitudeDegrees>12.585158</LatitudeDegrees>
							<LongitudeDegrees>101.418646</LongitudeDegrees>
						</Position>
						<AltitudeMeters>7.540000</AltitudeMeters>
						<HeartRateBpm>
							<Value>98</Value>
						</HeartRateBpm>
						<Cadence>44</Cadence>
						<Extensions>
							<ns3:TPX>
								<ns3:Speed>0.817660</ns3:Speed>
							</ns3:TPX>
						</Extensions>
					</Trackpoint>
					<Trackpoint>
						<Time>2569-03-03T11:39:41Z</Time>
						<Position>
							<LatitudeDegrees>12.585165</LatitudeDegrees>
							<LongitudeDegrees>101.418648</LongitudeDegrees>
						</Position>
						<AltitudeMeters>7.560000</AltitudeMeters>
						<HeartRateBpm>
							<Value>98</Value>
						</HeartRateBpm>
						<Cadence>44</Cadence>
						<Extensions>
							<ns3:TPX>
								<ns3:Speed>0.819670</ns3:Speed>
							</ns3:TPX>
						</Extensions>
					</Trackpoint>
					<Trackpoint>
						<Time>2569-03-03T11:39:42Z</Time>
						<Position>
							<LatitudeDegrees>12.585173</LatitudeDegrees>
							<LongitudeDegrees>101.418650</LongitudeDegrees>
						</Position>
						<AltitudeMeters>7.570000</AltitudeMeters>
						<HeartRateBpm>
							<Value>97</Value>
						</HeartRateBpm>
						<Cadence>43</Cadence>
						<Extensions>
							<ns3:TPX>
								<ns3:Speed>0.821020</ns3:Speed>
							</ns3:TPX>
						</Extensions>
					</Trackpoint>
					<Trackpoint>
						<Time>2569-03-03T11:39:43Z</Time>
						<Position>
							<LatitudeDegrees>12.585179</LatitudeDegrees>
							<LongitudeDegrees>101.418653</LongitudeDegrees>
						</Position>
						<AltitudeMeters>7.600000</AltitudeMeters>
						<HeartRateBpm>
							<Value>97</Value>
						</HeartRateBpm>
						<Cadence>43</Cadence>
						<Extensions>
							<ns3:TPX>
								<ns3:Speed>0.822370</ns3:Speed>
							</ns3:TPX>
						</Extensions>
					</Trackpoint>
					<Trackpoint>
						<Time>2569-03-03T11:39:44Z</Time>
						<Position>
							<LatitudeDegrees>12.585186</LatitudeDegrees>
							<LongitudeDegrees>101.418658</LongitudeDegrees>
						</Position>
						<AltitudeMeters>7.600000</AltitudeMeters>
						<HeartRateBpm>
							<Value>96</Value>
						</HeartRateBpm>
						<Cadence>43</Cadence>
						<Extensions>
							<ns3:TPX>
								<ns3:Speed>0.823720</ns3:Speed>
							</ns3:TPX>
						</Extensions>
					</Trackpoint>
					<Trackpoint>
						<Time>2569-03-03T11:39:45Z</Time>
						<Position>
							<LatitudeDegrees>12.585193</LatitudeDegrees>
							<LongitudeDegrees>101.418662</LongitudeDegrees>
						</Position>
						<AltitudeMeters>7.610000</AltitudeMeters>
						<HeartRateBpm>
							<Value>95</Value>
						</HeartRateBpm>
						<Cadence>43</Cadence>
						<Extensions>
							<ns3:TPX>
								<ns3:Speed>0.824400</ns3:Speed>
							</ns3:TPX>
						</Extensions>
					</Trackpoint>
					<Trackpoint>
						<Time>2569-03-03T11:39:46Z</Time>
						<Position>
							<LatitudeDegrees>12.585199</LatitudeDegrees>
							<LongitudeDegrees>101.418668</LongitudeDegrees>
						</Position>
						<AltitudeMeters>7.620000</AltitudeMeters>
						<HeartRateBpm>
							<Value>94</Value>
						</HeartRateBpm>
						<Cadence>44</Cadence>
						<Extensions>
							<ns3:TPX>
								<ns3:Speed>0.825080</ns3:Speed>
							</ns3:TPX>
						</Extensions>
					</Trackpoint>
					<Trackpoint>
						<Time>2569-03-03T11:39:47Z</Time>
						<Position>
							<LatitudeDegrees>12.585205</LatitudeDegrees>
							<LongitudeDegrees>101.418673</LongitudeDegrees>
						</Position>
						<AltitudeMeters>7.630000</AltitudeMeters>
						<HeartRateBpm>
							<Value>94</Value>
						</HeartRateBpm>
						<Cadence>44</Cadence>
						<Extensions>
							<ns3:TPX>
								<ns3:Speed>0.825760</ns3:Speed>
							</ns3:TPX>
						</Extensions>
					</Trackpoint>
					<Trackpoint>
						<Time>2569-03-03T11:39:48Z</Time>
						<Position>
							<LatitudeDegrees>12.585212</LatitudeDegrees>
							<LongitudeDegrees>101.418678</LongitudeDegrees>
						</Position>
						<AltitudeMeters>7.630000</AltitudeMeters>
						<HeartRateBpm>
							<Value>94</Value>
						</HeartRateBpm>
						<Cadence>44</Cadence>
						<Extensions>
							<ns3:TPX>
								<ns3:Speed>0.825760</ns3:Speed>
							</ns3:TPX>
						</Extensions>
					</Trackpoint>
					<Trackpoint>
						<Time>2569-03-03T11:39:49Z</Time>
						<Position>
							<LatitudeDegrees>12.585219</LatitudeDegrees>
							<LongitudeDegrees>101.418682</LongitudeDegrees>
						</Position>
						<AltitudeMeters>7.630000</AltitudeMeters>
						<HeartRateBpm>
							<Value>94</Value>
						</HeartRateBpm>
						<Cadence>45</Cadence>
						<Extensions>
							<ns3:TPX>
								<ns3:Speed>0.826450</ns3:Speed>
							</ns3:TPX>
						</Extensions>
					</Trackpoint>
					<Trackpoint>
						<Time>2569-03-03T11:39:50Z</Time>
						<Position>
							<LatitudeDegrees>12.585226</LatitudeDegrees>
							<LongitudeDegrees>101.418687</LongitudeDegrees>
						</Position>
						<AltitudeMeters>7.630000</AltitudeMeters>
						<HeartRateBpm>
							<Value>95</Value>
						</HeartRateBpm>
						<Cadence>45</Cadence>
						<Extensions>
							<ns3:TPX>
								<ns3:Speed>0.827810</ns3:Speed>
							</ns3:TPX>
						</Extensions>
					</Trackpoint>
					<Trackpoint>
						<Time>2569-03-03T11:39:51Z</Time>
						<Position>
							<LatitudeDegrees>12.585232</LatitudeDegrees>
							<LongitudeDegrees>101.418691</LongitudeDegrees>
						</Position>
						<AltitudeMeters>7.630000</AltitudeMeters>
						<HeartRateBpm>
							<Value>96</Value>
						</HeartRateBpm>
						<Cadence>44</Cadence>
						<Extensions>
							<ns3:TPX>
								<ns3:Speed>0.828500</ns3:Speed>
							</ns3:TPX>
						</Extensions>
					</Trackpoint>
					<Trackpoint>
						<Time>2569-03-03T11:39:52Z</Time>
						<Position>
							<LatitudeDegrees>12.585240</LatitudeDegrees>
							<LongitudeDegrees>101.418696</LongitudeDegrees>
						</Position>
						<AltitudeMeters>7.620000</AltitudeMeters>
						<HeartRateBpm>
							<Value>96</Value>
						</HeartRateBpm>
						<Cadence>44</Cadence>
						<Extensions>
							<ns3:TPX>
								<ns3:Speed>0.829190</ns3:Speed>
							</ns3:TPX>
						</Extensions>
					</Trackpoint>
					<Trackpoint>
						<Time>2569-03-03T11:39:53Z</Time>
						<Position>
							<LatitudeDegrees>12.585248</LatitudeDegrees>
							<LongitudeDegrees>101.418700</LongitudeDegrees>
						</Position>
						<AltitudeMeters>7.610000</AltitudeMeters>
						<HeartRateBpm>
							<Value>96</Value>
						</HeartRateBpm>
						<Cadence>45</Cadence>
						<Extensions>
							<ns3:TPX>
								<ns3:Speed>0.829880</ns3:Speed>
							</ns3:TPX>
						</Extensions>
					</Trackpoint>
					<Trackpoint>
						<Time>2569-03-03T11:39:54Z</Time>
						<Position>
							<LatitudeDegrees>12.585255</LatitudeDegrees>
							<LongitudeDegrees>101.418704</LongitudeDegrees>
						</Position>
						<AltitudeMeters>7.600000</AltitudeMeters>
						<HeartRateBpm>
							<Value>97</Value>
						</HeartRateBpm>
						<Cadence>46</Cadence>
						<Extensions>
							<ns3:TPX>
								<ns3:Speed>0.831260</ns3:Speed>
							</ns3:TPX>
						</Extensions>
					</Trackpoint>
					<Trackpoint>
						<Time>2569-03-03T11:39:55Z</Time>
						<Position>
							<LatitudeDegrees>12.585262</LatitudeDegrees>
							<LongitudeDegrees>101.418707</LongitudeDegrees>
						</Position>
						<AltitudeMeters>7.590000</AltitudeMeters>
						<HeartRateBpm>
							<Value>97</Value>
						</HeartRateBpm>
						<Cadence>48</Cadence>
						<Extensions>
							<ns3:TPX>
								<ns3:Speed>0.832640</ns3:Speed>
							</ns3:TPX>
						</Extensions>
					</Trackpoint>
					<Trackpoint>
						<Time>2569-03-03T11:39:56Z</Time>
						<Position>
							<LatitudeDegrees>12.585269</LatitudeDegrees>
							<LongitudeDegrees>101.418711</LongitudeDegrees>
						</Position>
						<AltitudeMeters>7.580000</AltitudeMeters>
						<HeartRateBpm>
							<Value>97</Value>
						</HeartRateBpm>
						<Cadence>49</Cadence>
						<Extensions>
							<ns3:TPX>
								<ns3:Speed>0.834030</ns3:Speed>
							</ns3:TPX>
						</Extensions>
					</Trackpoint>
					<Trackpoint>
						<Time>2569-03-03T11:39:57Z</Time>
						<Position>
							<LatitudeDegrees>12.585277</LatitudeDegrees>
							<LongitudeDegrees>101.418714</LongitudeDegrees>
						</Position>
						<AltitudeMeters>7.560000</AltitudeMeters>
						<HeartRateBpm>
							<Value>98</Value>
						</HeartRateBpm>
						<Cadence>50</Cadence>
						<Extensions>
							<ns3:TPX>
								<ns3:Speed>0.835420</ns3:Speed>
							</ns3:TPX>
						</Extensions>
					</Trackpoint>
					<Trackpoint>
						<Time>2569-03-03T11:39:58Z</Time>
						<Position>
							<LatitudeDegrees>12.585285</LatitudeDegrees>
							<LongitudeDegrees>101.418717</LongitudeDegrees>
						</Position>
						<AltitudeMeters>7.540000</AltitudeMeters>
						<HeartRateBpm>
							<Value>99</Value>
						</HeartRateBpm>
						<Cadence>50</Cadence>
						<Extensions>
							<ns3:TPX>
								<ns3:Speed>0.838930</ns3:Speed>
							</ns3:TPX>
						</Extensions>
					</Trackpoint>
					<Trackpoint>
						<Time>2569-03-03T11:39:59Z</Time>
						<Position>
							<LatitudeDegrees>12.585294</LatitudeDegrees>
							<LongitudeDegrees>101.418719</LongitudeDegrees>
						</Position>
						<AltitudeMeters>7.530000</AltitudeMeters>
						<HeartRateBpm>
							<Value>99</Value>
						</HeartRateBpm>
						<Cadence>50</Cadence>
						<Extensions>
							<ns3:TPX>
								<ns3:Speed>0.838930</ns3:Speed>
							</ns3:TPX>
						</Extensions>
					</Trackpoint>
					<Trackpoint>
						<Time>2569-03-03T11:40:00Z</Time>
						<Position>
							<LatitudeDegrees>12.585309</LatitudeDegrees>
							<LongitudeDegrees>101.418724</LongitudeDegrees>
						</Position>
						<AltitudeMeters>7.510000</AltitudeMeters>
						<HeartRateBpm>
							<Value>100</Value>
						</HeartRateBpm>
						<Cadence>49</Cadence>
						<Extensions>
							<ns3:TPX>
								<ns3:Speed>0.841750</ns3:Speed>
							</ns3:TPX>
						</Extensions>
					</Trackpoint>
					<Trackpoint>
						<Time>2569-03-03T11:40:00Z</Time>
						<Position>
							<LatitudeDegrees>12.585309</LatitudeDegrees>
							<LongitudeDegrees>101.418724</LongitudeDegrees>
						</Position>
						<AltitudeMeters>7.510000</AltitudeMeters>
						<HeartRateBpm>
							<Value>100</Value>
						</HeartRateBpm>
						<Cadence>49</Cadence>
						<Extensions>
							<ns3:TPX>
								<ns3:Speed>0.841750</ns3:Speed>
							</ns3:TPX>
						</Extensions>
					</Trackpoint>
					<Trackpoint>
						<Time>2569-03-03T11:40:02Z</Time>
						<Position>
							<LatitudeDegrees>12.585324</LatitudeDegrees>
							<LongitudeDegrees>101.418729</LongitudeDegrees>
						</Position>
						<AltitudeMeters>7.460000</AltitudeMeters>
						<HeartRateBpm>
							<Value>100</Value>
						</HeartRateBpm>
						<Cadence>49</Cadence>
						<Extensions>
							<ns3:TPX>
								<ns3:Speed>0.846020</ns3:Speed>
							</ns3:TPX>
						</Extensions>
					</Trackpoint>
					<Trackpoint>
						<Time>2569-03-03T11:40:02Z</Time>
						<Position>
							<LatitudeDegrees>12.585324</LatitudeDegrees>
							<LongitudeDegrees>101.418729</LongitudeDegrees>
						</Position>
						<AltitudeMeters>7.460000</AltitudeMeters>
						<HeartRateBpm>
							<Value>100</Value>
						</HeartRateBpm>
						<Cadence>49</Cadence>
						<Extensions>
							<ns3:TPX>
								<ns3:Speed>0.846020</ns3:Speed>
							</ns3:TPX>
						</Extensions>
					</Trackpoint>
					<Trackpoint>
						<Time>2569-03-03T11:40:03Z</Time>
						<Position>
							<LatitudeDegrees>12.585331</LatitudeDegrees>
							<LongitudeDegrees>101.418732</LongitudeDegrees>
						</Position>
						<AltitudeMeters>7.440000</AltitudeMeters>
						<HeartRateBpm>
							<Value>100</Value>
						</HeartRateBpm>
						<Cadence>49</Cadence>
						<Extensions>
							<ns3:TPX>
								<ns3:Speed>0.850340</ns3:Speed>
							</ns3:TPX>
						</Extensions>
					</Trackpoint>
					<Trackpoint>
						<Time>2569-03-03T11:40:04Z</Time>
						<Position>
							<LatitudeDegrees>12.585339</LatitudeDegrees>
							<LongitudeDegrees>101.418736</LongitudeDegrees>
						</Position>
						<AltitudeMeters>7.420000</AltitudeMeters>
						<HeartRateBpm>
							<Value>100</Value>
						</HeartRateBpm>
						<Cadence>49</Cadence>
						<Extensions>
							<ns3:TPX>
								<ns3:Speed>0.852510</ns3:Speed>
							</ns3:TPX>
						</Extensions>
					</Trackpoint>
					<Trackpoint>
						<Time>2569-03-03T11:40:05Z</Time>
						<Position>
							<LatitudeDegrees>12.585345</LatitudeDegrees>
							<LongitudeDegrees>101.418741</LongitudeDegrees>
						</Position>
						<AltitudeMeters>7.400000</AltitudeMeters>
						<HeartRateBpm>
							<Value>100</Value>
						</HeartRateBpm>
						<Cadence>49</Cadence>
						<Extensions>
							<ns3:TPX>
								<ns3:Speed>0.854700</ns3:Speed>
							</ns3:TPX>
						</Extensions>
					</Trackpoint>
					<Trackpoint>
						<Time>2569-03-03T11:40:06Z</Time>
						<Position>
							<LatitudeDegrees>12.585351</LatitudeDegrees>
							<LongitudeDegrees>101.418747</LongitudeDegrees>
						</Position>
						<AltitudeMeters>7.390000</AltitudeMeters>
						<HeartRateBpm>
							<Value>101</Value>
						</HeartRateBpm>
						<Cadence>49</Cadence>
						<Extensions>
							<ns3:TPX>
								<ns3:Speed>0.856900</ns3:Speed>
							</ns3:TPX>
						</Extensions>
					</Trackpoint>
					<Trackpoint>
						<Time>2569-03-03T11:40:07Z</Time>
						<Position>
							<LatitudeDegrees>12.585358</LatitudeDegrees>
							<LongitudeDegrees>101.418753</LongitudeDegrees>
						</Position>
						<AltitudeMeters>7.380000</AltitudeMeters>
						<HeartRateBpm>
							<Value>101</Value>
						</HeartRateBpm>
						<Cadence>49</Cadence>
						<Extensions>
							<ns3:TPX>
								<ns3:Speed>0.858370</ns3:Speed>
							</ns3:TPX>
						</Extensions>
					</Trackpoint>
					<Trackpoint>
						<Time>2569-03-03T11:40:09Z</Time>
						<Position>
							<LatitudeDegrees>12.585370</LatitudeDegrees>
							<LongitudeDegrees>101.418768</LongitudeDegrees>
						</Position>
						<AltitudeMeters>7.370000</AltitudeMeters>
						<HeartRateBpm>
							<Value>103</Value>
						</HeartRateBpm>
						<Cadence>49</Cadence>
						<Extensions>
							<ns3:TPX>
								<ns3:Speed>0.860590</ns3:Speed>
							</ns3:TPX>
						</Extensions>
					</Trackpoint>
					<Trackpoint>
						<Time>2569-03-03T11:40:09Z</Time>
						<Position>
							<LatitudeDegrees>12.585370</LatitudeDegrees>
							<LongitudeDegrees>101.418768</LongitudeDegrees>
						</Position>
						<AltitudeMeters>7.370000</AltitudeMeters>
						<HeartRateBpm>
							<Value>103</Value>
						</HeartRateBpm>
						<Cadence>49</Cadence>
						<Extensions>
							<ns3:TPX>
								<ns3:Speed>0.860590</ns3:Speed>
							</ns3:TPX>
						</Extensions>
					</Trackpoint>
					<Trackpoint>
						<Time>2569-03-03T11:40:11Z</Time>
						<Position>
							<LatitudeDegrees>12.585380</LatitudeDegrees>
							<LongitudeDegrees>101.418782</LongitudeDegrees>
						</Position>
						<AltitudeMeters>7.380000</AltitudeMeters>
						<HeartRateBpm>
							<Value>103</Value>
						</HeartRateBpm>
						<Cadence>48</Cadence>
						<Extensions>
							<ns3:TPX>
								<ns3:Speed>0.866550</ns3:Speed>
							</ns3:TPX>
						</Extensions>
					</Trackpoint>
					<Trackpoint>
						<Time>2569-03-03T11:40:11Z</Time>
						<Position>
							<LatitudeDegrees>12.585380</LatitudeDegrees>
							<LongitudeDegrees>101.418782</LongitudeDegrees>
						</Position>
						<AltitudeMeters>7.380000</AltitudeMeters>
						<HeartRateBpm>
							<Value>103</Value>
						</HeartRateBpm>
						<Cadence>48</Cadence>
						<Extensions>
							<ns3:TPX>
								<ns3:Speed>0.866550</ns3:Speed>
							</ns3:TPX>
						</Extensions>
					</Trackpoint>
					<Trackpoint>
						<Time>2569-03-03T11:40:13Z</Time>
						<Position>
							<LatitudeDegrees>12.585385</LatitudeDegrees>
							<LongitudeDegrees>101.418789</LongitudeDegrees>
						</Position>
						<AltitudeMeters>7.380000</AltitudeMeters>
						<HeartRateBpm>
							<Value>103</Value>
						</HeartRateBpm>
						<Cadence>48</Cadence>
						<Extensions>
							<ns3:TPX>
								<ns3:Speed>0.871080</ns3:Speed>
							</ns3:TPX>
						</Extensions>
					</Trackpoint>
					<Trackpoint>
						<Time>2569-03-03T11:40:14Z</Time>
						<Position>
							<LatitudeDegrees>12.585395</LatitudeDegrees>
							<LongitudeDegrees>101.418800</LongitudeDegrees>
						</Position>
						<AltitudeMeters>7.390000</AltitudeMeters>
						<HeartRateBpm>
							<Value>102</Value>
						</HeartRateBpm>
						<Cadence>47</Cadence>
						<Extensions>
							<ns3:TPX>
								<ns3:Speed>0.873360</ns3:Speed>
							</ns3:TPX>
						</Extensions>
					</Trackpoint>
					<Trackpoint>
						<Time>2569-03-03T11:40:14Z</Time>
						<Position>
							<LatitudeDegrees>12.585395</LatitudeDegrees>
							<LongitudeDegrees>101.418800</LongitudeDegrees>
						</Position>
						<AltitudeMeters>7.390000</AltitudeMeters>
						<HeartRateBpm>
							<Value>102</Value>
						</HeartRateBpm>
						<Cadence>47</Cadence>
						<Extensions>
							<ns3:TPX>
								<ns3:Speed>0.873360</ns3:Speed>
							</ns3:TPX>
						</Extensions>
					</Trackpoint>
					<Trackpoint>
						<Time>2569-03-03T11:40:15Z</Time>
						<Position>
							<LatitudeDegrees>12.585399</LatitudeDegrees>
							<LongitudeDegrees>101.418804</LongitudeDegrees>
						</Position>
						<AltitudeMeters>7.390000</AltitudeMeters>
						<HeartRateBpm>
							<Value>101</Value>
						</HeartRateBpm>
						<Cadence>48</Cadence>
						<Extensions>
							<ns3:TPX>
								<ns3:Speed>0.874890</ns3:Speed>
							</ns3:TPX>
						</Extensions>
					</Trackpoint>
					<Trackpoint>
						<Time>2569-03-03T11:40:17Z</Time>
						<Position>
							<LatitudeDegrees>12.585402</LatitudeDegrees>
							<LongitudeDegrees>101.418814</LongitudeDegrees>
						</Position>
						<AltitudeMeters>7.400000</AltitudeMeters>
						<HeartRateBpm>
							<Value>102</Value>
						</HeartRateBpm>
						<Cadence>48</Cadence>
						<Extensions>
							<ns3:TPX>
								<ns3:Speed>0.877190</ns3:Speed>
							</ns3:TPX>
						</Extensions>
					</Trackpoint>
					<Trackpoint>
						<Time>2569-03-03T11:40:17Z</Time>
						<Position>
							<LatitudeDegrees>12.585402</LatitudeDegrees>
							<LongitudeDegrees>101.418814</LongitudeDegrees>
						</Position>
						<AltitudeMeters>7.400000</AltitudeMeters>
						<HeartRateBpm>
							<Value>102</Value>
						</HeartRateBpm>
						<Cadence>48</Cadence>
						<Extensions>
							<ns3:TPX>
								<ns3:Speed>0.877190</ns3:Speed>
							</ns3:TPX>
						</Extensions>
					</Trackpoint>
					<Trackpoint>
						<Time>2569-03-03T11:40:18Z</Time>
						<Position>
							<LatitudeDegrees>12.585403</LatitudeDegrees>
							<LongitudeDegrees>101.418820</LongitudeDegrees>
						</Position>
						<AltitudeMeters>7.400000</AltitudeMeters>
						<HeartRateBpm>
							<Value>104</Value>
						</HeartRateBpm>
						<Cadence>48</Cadence>
						<Extensions>
							<ns3:TPX>
								<ns3:Speed>0.876420</ns3:Speed>
							</ns3:TPX>
						</Extensions>
					</Trackpoint>
					<Trackpoint>
						<Time>2569-03-03T11:40:20Z</Time>
						<Position>
							<LatitudeDegrees>12.585405</LatitudeDegrees>
							<LongitudeDegrees>101.418832</LongitudeDegrees>
						</Position>
						<AltitudeMeters>7.420000</AltitudeMeters>
						<HeartRateBpm>
							<Value>103</Value>
						</HeartRateBpm>
						<Cadence>47</Cadence>
						<Extensions>
							<ns3:TPX>
								<ns3:Speed>0.868810</ns3:Speed>
							</ns3:TPX>
						</Extensions>
					</Trackpoint>
					<Trackpoint>
						<Time>2569-03-03T11:40:20Z</Time>
						<Position>
							<LatitudeDegrees>12.585405</LatitudeDegrees>
							<LongitudeDegrees>101.418832</LongitudeDegrees>
						</Position>
						<AltitudeMeters>7.420000</AltitudeMeters>
						<HeartRateBpm>
							<Value>103</Value>
						</HeartRateBpm>
						<Cadence>47</Cadence>
						<Extensions>
							<ns3:TPX>
								<ns3:Speed>0.868810</ns3:Speed>
							</ns3:TPX>
						</Extensions>
					</Trackpoint>
					<Trackpoint>
						<Time>2569-03-03T11:40:21Z</Time>
						<Position>
							<LatitudeDegrees>12.585407</LatitudeDegrees>
							<LongitudeDegrees>101.418838</LongitudeDegrees>
						</Position>
						<AltitudeMeters>7.430000</AltitudeMeters>
						<HeartRateBpm>
							<Value>103</Value>
						</HeartRateBpm>
						<Cadence>46</Cadence>
						<Extensions>
							<ns3:TPX>
								<ns3:Speed>0.863560</ns3:Speed>
							</ns3:TPX>
						</Extensions>
					</Trackpoint>
					<Trackpoint>
						<Time>2569-03-03T11:40:22Z</Time>
						<Position>
							<LatitudeDegrees>12.585410</LatitudeDegrees>
							<LongitudeDegrees>101.418845</LongitudeDegrees>
						</Position>
						<AltitudeMeters>7.440000</AltitudeMeters>
						<HeartRateBpm>
							<Value>103</Value>
						</HeartRateBpm>
						<Cadence>41</Cadence>
						<Extensions>
							<ns3:TPX>
								<ns3:Speed>0.857630</ns3:Speed>
							</ns3:TPX>
						</Extensions>
					</Trackpoint>
					<Trackpoint>
						<Time>2569-03-03T11:40:24Z</Time>
						<Position>
							<LatitudeDegrees>12.585414</LatitudeDegrees>
							<LongitudeDegrees>101.418858</LongitudeDegrees>
						</Position>
						<AltitudeMeters>7.460000</AltitudeMeters>
						<HeartRateBpm>
							<Value>101</Value>
						</HeartRateBpm>
						<Cadence>40</Cadence>
						<Extensions>
							<ns3:TPX>
								<ns3:Speed>0.846740</ns3:Speed>
							</ns3:TPX>
						</Extensions>
					</Trackpoint>
					<Trackpoint>
						<Time>2569-03-03T11:40:24Z</Time>
						<Position>
							<LatitudeDegrees>12.585414</LatitudeDegrees>
							<LongitudeDegrees>101.418858</LongitudeDegrees>
						</Position>
						<AltitudeMeters>7.460000</AltitudeMeters>
						<HeartRateBpm>
							<Value>101</Value>
						</HeartRateBpm>
						<Cadence>40</Cadence>
						<Extensions>
							<ns3:TPX>
								<ns3:Speed>0.846740</ns3:Speed>
							</ns3:TPX>
						</Extensions>
					</Trackpoint>
					<Trackpoint>
						<Time>2569-03-03T11:40:26Z</Time>
						<Position>
							<LatitudeDegrees>12.585417</LatitudeDegrees>
							<LongitudeDegrees>101.418871</LongitudeDegrees>
						</Position>
						<AltitudeMeters>7.500000</AltitudeMeters>
						<HeartRateBpm>
							<Value>101</Value>
						</HeartRateBpm>
						<Cadence>39</Cadence>
						<Extensions>
							<ns3:TPX>
								<ns3:Speed>0.838220</ns3:Speed>
							</ns3:TPX>
						</Extensions>
					</Trackpoint>
					<Trackpoint>
						<Time>2569-03-03T11:40:26Z</Time>
						<Position>
							<LatitudeDegrees>12.585417</LatitudeDegrees>
							<LongitudeDegrees>101.418871</LongitudeDegrees>
						</Position>
						<AltitudeMeters>7.500000</AltitudeMeters>
						<HeartRateBpm>
							<Value>101</Value>
						</HeartRateBpm>
						<Cadence>39</Cadence>
						<Extensions>
							<ns3:TPX>
								<ns3:Speed>0.838220</ns3:Speed>
							</ns3:TPX>
						</Extensions>
					</Trackpoint>
					<Trackpoint>
						<Time>2569-03-03T11:40:27Z</Time>
						<Position>
							<LatitudeDegrees>12.585418</LatitudeDegrees>
							<LongitudeDegrees>101.418876</LongitudeDegrees>
						</Position>
						<AltitudeMeters>7.510000</AltitudeMeters>
						<HeartRateBpm>
							<Value>99</Value>
						</HeartRateBpm>
						<Cadence>38</Cadence>
						<Extensions>
							<ns3:TPX>
								<ns3:Speed>0.834030</ns3:Speed>
							</ns3:TPX>
						</Extensions>
					</Trackpoint>
					<Trackpoint>
						<Time>2569-03-03T11:40:28Z</Time>
						<Position>
							<LatitudeDegrees>12.585419</LatitudeDegrees>
							<LongitudeDegrees>101.418880</LongitudeDegrees>
						</Position>
						<AltitudeMeters>7.530000</AltitudeMeters>
						<HeartRateBpm>
							<Value>99</Value>
						</HeartRateBpm>
						<Cadence>38</Cadence>
						<Extensions>
							<ns3:TPX>
								<ns3:Speed>0.830560</ns3:Speed>
							</ns3:TPX>
						</Extensions>
					</Trackpoint>
					<Trackpoint>
						<Time>2569-03-03T11:40:30Z</Time>
						<Position>
							<LatitudeDegrees>12.585421</LatitudeDegrees>
							<LongitudeDegrees>101.418884</LongitudeDegrees>
						</Position>
						<AltitudeMeters>7.560000</AltitudeMeters>
						<HeartRateBpm>
							<Value>97</Value>
						</HeartRateBpm>
						<Cadence>40</Cadence>
						<Extensions>
							<ns3:TPX>
								<ns3:Speed>0.823050</ns3:Speed>
							</ns3:TPX>
						</Extensions>
					</Trackpoint>
					<Trackpoint>
						<Time>2569-03-03T11:40:31Z</Time>
						<Position>
							<LatitudeDegrees>12.585422</LatitudeDegrees>
							<LongitudeDegrees>101.418890</LongitudeDegrees>
						</Position>
						<AltitudeMeters>7.560000</AltitudeMeters>
						<HeartRateBpm>
							<Value>96</Value>
						</HeartRateBpm>
						<Cadence>45</Cadence>
						<Extensions>
							<ns3:TPX>
								<ns3:Speed>0.817660</ns3:Speed>
							</ns3:TPX>
						</Extensions>
					</Trackpoint>
					<Trackpoint>
						<Time>2569-03-03T11:40:31Z</Time>
						<Position>
							<LatitudeDegrees>12.585422</LatitudeDegrees>
							<LongitudeDegrees>101.418890</LongitudeDegrees>
						</Position>
						<AltitudeMeters>7.560000</AltitudeMeters>
						<HeartRateBpm>
							<Value>96</Value>
						</HeartRateBpm>
						<Cadence>45</Cadence>
						<Extensions>
							<ns3:TPX>
								<ns3:Speed>0.817660</ns3:Speed>
							</ns3:TPX>
						</Extensions>
					</Trackpoint>
					<Trackpoint>
						<Time>2569-03-03T11:40:32Z</Time>
						<Position>
							<LatitudeDegrees>12.585422</LatitudeDegrees>
							<LongitudeDegrees>101.418894</LongitudeDegrees>
						</Position>
						<AltitudeMeters>7.590000</AltitudeMeters>
						<HeartRateBpm>
							<Value>95</Value>
						</HeartRateBpm>
						<Cadence>44</Cadence>
						<Extensions>
							<ns3:TPX>
								<ns3:Speed>0.811030</ns3:Speed>
							</ns3:TPX>
						</Extensions>
					</Trackpoint>
					<Trackpoint>
						<Time>2569-03-03T11:40:33Z</Time>
						<Position>
							<LatitudeDegrees>12.585423</LatitudeDegrees>
							<LongitudeDegrees>101.418898</LongitudeDegrees>
						</Position>
						<AltitudeMeters>7.590000</AltitudeMeters>
						<HeartRateBpm>
							<Value>94</Value>
						</HeartRateBpm>
						<Cadence>44</Cadence>
						<Extensions>
							<ns3:TPX>
								<ns3:Speed>0.802570</ns3:Speed>
							</ns3:TPX>
						</Extensions>
					</Trackpoint>
					<Trackpoint>
						<Time>2569-03-03T11:40:34Z</Time>
						<Position>
							<LatitudeDegrees>12.585424</LatitudeDegrees>
							<LongitudeDegrees>101.418902</LongitudeDegrees>
						</Position>
						<AltitudeMeters>7.620000</AltitudeMeters>
						<HeartRateBpm>
							<Value>94</Value>
						</HeartRateBpm>
						<Cadence>44</Cadence>
						<Extensions>
							<ns3:TPX>
								<ns3:Speed>0.792390</ns3:Speed>
							</ns3:TPX>
						</Extensions>
					</Trackpoint>
					<Trackpoint>
						<Time>2569-03-03T11:40:35Z</Time>
						<Position>
							<LatitudeDegrees>12.585426</LatitudeDegrees>
							<LongitudeDegrees>101.418905</LongitudeDegrees>
						</Position>
						<AltitudeMeters>7.620000</AltitudeMeters>
						<HeartRateBpm>
							<Value>94</Value>
						</HeartRateBpm>
						<Cadence>45</Cadence>
						<Extensions>
							<ns3:TPX>
								<ns3:Speed>0.781860</ns3:Speed>
							</ns3:TPX>
						</Extensions>
					</Trackpoint>
					<Trackpoint>
						<Time>2569-03-03T11:40:37Z</Time>
						<Position>
							<LatitudeDegrees>12.585429</LatitudeDegrees>
							<LongitudeDegrees>101.418912</LongitudeDegrees>
						</Position>
						<AltitudeMeters>7.650000</AltitudeMeters>
						<HeartRateBpm>
							<Value>94</Value>
						</HeartRateBpm>
						<Cadence>45</Cadence>
						<Extensions>
							<ns3:TPX>
								<ns3:Speed>0.761610</ns3:Speed>
							</ns3:TPX>
						</Extensions>
					</Trackpoint>
					<Trackpoint>
						<Time>2569-03-03T11:40:37Z</Time>
						<Position>
							<LatitudeDegrees>12.585429</LatitudeDegrees>
							<LongitudeDegrees>101.418912</LongitudeDegrees>
						</Position>
						<AltitudeMeters>7.650000</AltitudeMeters>
						<HeartRateBpm>
							<Value>94</Value>
						</HeartRateBpm>
						<Cadence>45</Cadence>
						<Extensions>
							<ns3:TPX>
								<ns3:Speed>0.761610</ns3:Speed>
							</ns3:TPX>
						</Extensions>
					</Trackpoint>
					<Trackpoint>
						<Time>2569-03-03T11:40:39Z</Time>
						<Position>
							<LatitudeDegrees>12.585432</LatitudeDegrees>
							<LongitudeDegrees>101.418922</LongitudeDegrees>
						</Position>
						<AltitudeMeters>7.690000</AltitudeMeters>
						<HeartRateBpm>
							<Value>95</Value>
						</HeartRateBpm>
						<Cadence>44</Cadence>
						<Extensions>
							<ns3:TPX>
								<ns3:Speed>0.741840</ns3:Speed>
							</ns3:TPX>
						</Extensions>
					</Trackpoint>
					<Trackpoint>
						<Time>2569-03-03T11:40:39Z</Time>
						<Position>
							<LatitudeDegrees>12.585432</LatitudeDegrees>
							<LongitudeDegrees>101.418922</LongitudeDegrees>
						</Position>
						<AltitudeMeters>7.690000</AltitudeMeters>
						<HeartRateBpm>
							<Value>95</Value>
						</HeartRateBpm>
						<Cadence>44</Cadence>
						<Extensions>
							<ns3:TPX>
								<ns3:Speed>0.741840</ns3:Speed>
							</ns3:TPX>
						</Extensions>
					</Trackpoint>
					<Trackpoint>
						<Time>2569-03-03T11:40:40Z</Time>
						<Position>
							<LatitudeDegrees>12.585434</LatitudeDegrees>
							<LongitudeDegrees>101.418928</LongitudeDegrees>
						</Position>
						<AltitudeMeters>7.720000</AltitudeMeters>
						<HeartRateBpm>
							<Value>95</Value>
						</HeartRateBpm>
						<Cadence>39</Cadence>
						<Extensions>
							<ns3:TPX>
								<ns3:Speed>0.732600</ns3:Speed>
							</ns3:TPX>
						</Extensions>
					</Trackpoint>
					<Trackpoint>
						<Time>2569-03-03T11:40:41Z</Time>
						<Position>
							<LatitudeDegrees>12.585438</LatitudeDegrees>
							<LongitudeDegrees>101.418934</LongitudeDegrees>
						</Position>
						<AltitudeMeters>7.750000</AltitudeMeters>
						<HeartRateBpm>
							<Value>95</Value>
						</HeartRateBpm>
						<Cadence>42</Cadence>
						<Extensions>
							<ns3:TPX>
								<ns3:Speed>0.723590</ns3:Speed>
							</ns3:TPX>
						</Extensions>
					</Trackpoint>
					<Trackpoint>
						<Time>2569-03-03T11:40:42Z</Time>
						<Position>
							<LatitudeDegrees>12.585442</LatitudeDegrees>
							<LongitudeDegrees>101.418940</LongitudeDegrees>
						</Position>
						<AltitudeMeters>7.790000</AltitudeMeters>
						<HeartRateBpm>
							<Value>96</Value>
						</HeartRateBpm>
						<Cadence>43</Cadence>
						<Extensions>
							<ns3:TPX>
								<ns3:Speed>0.715820</ns3:Speed>
							</ns3:TPX>
						</Extensions>
					</Trackpoint>
					<Trackpoint>
						<Time>2569-03-03T11:40:44Z</Time>
						<Position>
							<LatitudeDegrees>12.585448</LatitudeDegrees>
							<LongitudeDegrees>101.418954</LongitudeDegrees>
						</Position>
						<AltitudeMeters>7.880000</AltitudeMeters>
						<HeartRateBpm>
							<Value>94</Value>
						</HeartRateBpm>
						<Cadence>50</Cadence>
						<Extensions>
							<ns3:TPX>
								<ns3:Speed>0.703730</ns3:Speed>
							</ns3:TPX>
						</Extensions>
					</Trackpoint>
					<Trackpoint>
						<Time>2569-03-03T11:40:44Z</Time>
						<Position>
							<LatitudeDegrees>12.585448</LatitudeDegrees>
							<LongitudeDegrees>101.418954</LongitudeDegrees>
						</Position>
						<AltitudeMeters>7.880000</AltitudeMeters>
						<HeartRateBpm>
							<Value>94</Value>
						</HeartRateBpm>
						<Cadence>50</Cadence>
						<Extensions>
							<ns3:TPX>
								<ns3:Speed>0.703730</ns3:Speed>
							</ns3:TPX>
						</Extensions>
					</Trackpoint>
					<Trackpoint>
						<Time>2569-03-03T11:40:45Z</Time>
						<Position>
							<LatitudeDegrees>12.585453</LatitudeDegrees>
							<LongitudeDegrees>101.418960</LongitudeDegrees>
						</Position>
						<AltitudeMeters>8.140000</AltitudeMeters>
						<HeartRateBpm>
							<Value>94</Value>
						</HeartRateBpm>
						<Cadence>50</Cadence>
						<Extensions>
							<ns3:TPX>
								<ns3:Speed>0.698810</ns3:Speed>
							</ns3:TPX>
						</Extensions>
					</Trackpoint>
					<Trackpoint>
						<Time>2569-03-03T11:40:46Z</Time>
						<Position>
							<LatitudeDegrees>12.585458</LatitudeDegrees>
							<LongitudeDegrees>101.418966</LongitudeDegrees>
						</Position>
						<AltitudeMeters>8.480000</AltitudeMeters>
						<HeartRateBpm>
							<Value>93</Value>
						</HeartRateBpm>
						<Cadence>55</Cadence>
						<Extensions>
							<ns3:TPX>
								<ns3:Speed>0.696860</ns3:Speed>
							</ns3:TPX>
						</Extensions>
					</Trackpoint>
					<Trackpoint>
						<Time>2569-03-03T11:40:48Z</Time>
						<Position>
							<LatitudeDegrees>12.585469</LatitudeDegrees>
							<LongitudeDegrees>101.418979</LongitudeDegrees>
						</Position>
						<AltitudeMeters>8.570000</AltitudeMeters>
						<HeartRateBpm>
							<Value>95</Value>
						</HeartRateBpm>
						<Cadence>55</Cadence>
						<Extensions>
							<ns3:TPX>
								<ns3:Speed>0.700280</ns3:Speed>
							</ns3:TPX>
						</Extensions>
					</Trackpoint>
					<Trackpoint>
						<Time>2569-03-03T11:40:48Z</Time>
						<Position>
							<LatitudeDegrees>12.585469</LatitudeDegrees>
							<LongitudeDegrees>101.418979</LongitudeDegrees>
						</Position>
						<AltitudeMeters>8.570000</AltitudeMeters>
						<HeartRateBpm>
							<Value>95</Value>
						</HeartRateBpm>
						<Cadence>55</Cadence>
						<Extensions>
							<ns3:TPX>
								<ns3:Speed>0.700280</ns3:Speed>
							</ns3:TPX>
						</Extensions>
					</Trackpoint>
					<Trackpoint>
						<Time>2569-03-03T11:40:49Z</Time>
						<Position>
							<LatitudeDegrees>12.585473</LatitudeDegrees>
							<LongitudeDegrees>101.418984</LongitudeDegrees>
						</Position>
						<AltitudeMeters>8.590000</AltitudeMeters>
						<HeartRateBpm>
							<Value>94</Value>
						</HeartRateBpm>
						<Cadence>54</Cadence>
						<Extensions>
							<ns3:TPX>
								<ns3:Speed>0.702740</ns3:Speed>
							</ns3:TPX>
						</Extensions>
					</Trackpoint>
					<Trackpoint>
						<Time>2569-03-03T11:40:50Z</Time>
						<Position>
							<LatitudeDegrees>12.585479</LatitudeDegrees>
							<LongitudeDegrees>101.418990</LongitudeDegrees>
						</Position>
						<AltitudeMeters>8.620000</AltitudeMeters>
						<HeartRateBpm>
							<Value>94</Value>
						</HeartRateBpm>
						<Cadence>52</Cadence>
						<Extensions>
							<ns3:TPX>
								<ns3:Speed>0.705720</ns3:Speed>
							</ns3:TPX>
						</Extensions>
					</Trackpoint>
					<Trackpoint>
						<Time>2569-03-03T11:40:51Z</Time>
						<Position>
							<LatitudeDegrees>12.585484</LatitudeDegrees>
							<LongitudeDegrees>101.418996</LongitudeDegrees>
						</Position>
						<AltitudeMeters>8.640000</AltitudeMeters>
						<HeartRateBpm>
							<Value>94</Value>
						</HeartRateBpm>
						<Cadence>51</Cadence>
						<Extensions>
							<ns3:TPX>
								<ns3:Speed>0.708720</ns3:Speed>
							</ns3:TPX>
						</Extensions>
					</Trackpoint>
					<Trackpoint>
						<Time>2569-03-03T11:40:52Z</Time>
						<Position>
							<LatitudeDegrees>12.585489</LatitudeDegrees>
							<LongitudeDegrees>101.419000</LongitudeDegrees>
						</Position>
						<AltitudeMeters>8.660000</AltitudeMeters>
						<HeartRateBpm>
							<Value>94</Value>
						</HeartRateBpm>
						<Cadence>52</Cadence>
						<Extensions>
							<ns3:TPX>
								<ns3:Speed>0.712760</ns3:Speed>
							</ns3:TPX>
						</Extensions>
					</Trackpoint>
					<Trackpoint>
						<Time>2569-03-03T11:40:54Z</Time>
						<Position>
							<LatitudeDegrees>12.585501</LatitudeDegrees>
							<LongitudeDegrees>101.419008</LongitudeDegrees>
						</Position>
						<AltitudeMeters>8.730000</AltitudeMeters>
						<HeartRateBpm>
							<Value>93</Value>
						</HeartRateBpm>
						<Cadence>53</Cadence>
						<Extensions>
							<ns3:TPX>
								<ns3:Speed>0.719940</ns3:Speed>
							</ns3:TPX>
						</Extensions>
					</Trackpoint>
					<Trackpoint>
						<Time>2569-03-03T11:40:54Z</Time>
						<Position>
							<LatitudeDegrees>12.585501</LatitudeDegrees>
							<LongitudeDegrees>101.419008</LongitudeDegrees>
						</Position>
						<AltitudeMeters>8.730000</AltitudeMeters>
						<HeartRateBpm>
							<Value>93</Value>
						</HeartRateBpm>
						<Cadence>53</Cadence>
						<Extensions>
							<ns3:TPX>
								<ns3:Speed>0.719940</ns3:Speed>
							</ns3:TPX>
						</Extensions>
					</Trackpoint>
					<Trackpoint>
						<Time>2569-03-03T11:40:55Z</Time>
						<Position>
							<LatitudeDegrees>12.585508</LatitudeDegrees>
							<LongitudeDegrees>101.419013</LongitudeDegrees>
						</Position>
						<AltitudeMeters>8.770000</AltitudeMeters>
						<HeartRateBpm>
							<Value>94</Value>
						</HeartRateBpm>
						<Cadence>53</Cadence>
						<Extensions>
							<ns3:TPX>
								<ns3:Speed>0.723070</ns3:Speed>
							</ns3:TPX>
						</Extensions>
					</Trackpoint>
					<Trackpoint>
						<Time>2569-03-03T11:40:56Z</Time>
						<Position>
							<LatitudeDegrees>12.585515</LatitudeDegrees>
							<LongitudeDegrees>101.419017</LongitudeDegrees>
						</Position>
						<AltitudeMeters>8.800000</AltitudeMeters>
						<HeartRateBpm>
							<Value>94</Value>
						</HeartRateBpm>
						<Cadence>53</Cadence>
						<Extensions>
							<ns3:TPX>
								<ns3:Speed>0.725160</ns3:Speed>
							</ns3:TPX>
						</Extensions>
					</Trackpoint>
					<Trackpoint>
						<Time>2569-03-03T11:40:57Z</Time>
						<Position>
							<LatitudeDegrees>12.585523</LatitudeDegrees>
							<LongitudeDegrees>101.419020</LongitudeDegrees>
						</Position>
						<AltitudeMeters>8.830000</AltitudeMeters>
						<HeartRateBpm>
							<Value>95</Value>
						</HeartRateBpm>
						<Cadence>52</Cadence>
						<Extensions>
							<ns3:TPX>
								<ns3:Speed>0.727800</ns3:Speed>
							</ns3:TPX>
						</Extensions>
					</Trackpoint>
					<Trackpoint>
						<Time>2569-03-03T11:40:58Z</Time>
						<Position>
							<LatitudeDegrees>12.585531</LatitudeDegrees>
							<LongitudeDegrees>101.419023</LongitudeDegrees>
						</Position>
						<AltitudeMeters>8.860000</AltitudeMeters>
						<HeartRateBpm>
							<Value>95</Value>
						</HeartRateBpm>
						<Cadence>51</Cadence>
						<Extensions>
							<ns3:TPX>
								<ns3:Speed>0.730460</ns3:Speed>
							</ns3:TPX>
						</Extensions>
					</Trackpoint>
					<Trackpoint>
						<Time>2569-03-03T11:40:59Z</Time>
						<Position>
							<LatitudeDegrees>12.585538</LatitudeDegrees>
							<LongitudeDegrees>101.419025</LongitudeDegrees>
						</Position>
						<AltitudeMeters>8.870000</AltitudeMeters>
						<HeartRateBpm>
							<Value>96</Value>
						</HeartRateBpm>
						<Cadence>41</Cadence>
						<Extensions>
							<ns3:TPX>
								<ns3:Speed>0.733140</ns3:Speed>
							</ns3:TPX>
						</Extensions>
					</Trackpoint>
					<Trackpoint>
						<Time>2569-03-03T11:41:00Z</Time>
						<Position>
							<LatitudeDegrees>12.585543</LatitudeDegrees>
							<LongitudeDegrees>101.419029</LongitudeDegrees>
						</Position>
						<AltitudeMeters>8.880000</AltitudeMeters>
						<HeartRateBpm>
							<Value>97</Value>
						</HeartRateBpm>
						<Cadence>41</Cadence>
						<Extensions>
							<ns3:TPX>
								<ns3:Speed>0.736380</ns3:Speed>
							</ns3:TPX>
						</Extensions>
					</Trackpoint>
					<Trackpoint>
						<Time>2569-03-03T11:41:01Z</Time>
						<Position>
							<LatitudeDegrees>12.585548</LatitudeDegrees>
							<LongitudeDegrees>101.419035</LongitudeDegrees>
						</Position>
						<AltitudeMeters>8.890000</AltitudeMeters>
						<HeartRateBpm>
							<Value>97</Value>
						</HeartRateBpm>
						<Cadence>42</Cadence>
						<Extensions>
							<ns3:TPX>
								<ns3:Speed>0.739100</ns3:Speed>
							</ns3:TPX>
						</Extensions>
					</Trackpoint>
					<Trackpoint>
						<Time>2569-03-03T11:41:02Z</Time>
						<Position>
							<LatitudeDegrees>12.585552</LatitudeDegrees>
							<LongitudeDegrees>101.419040</LongitudeDegrees>
						</Position>
						<AltitudeMeters>8.900000</AltitudeMeters>
						<HeartRateBpm>
							<Value>96</Value>
						</HeartRateBpm>
						<Cadence>43</Cadence>
						<Extensions>
							<ns3:TPX>
								<ns3:Speed>0.741290</ns3:Speed>
							</ns3:TPX>
						</Extensions>
					</Trackpoint>
					<Trackpoint>
						<Time>2569-03-03T11:41:03Z</Time>
						<Position>
							<LatitudeDegrees>12.585556</LatitudeDegrees>
							<LongitudeDegrees>101.419046</LongitudeDegrees>
						</Position>
						<AltitudeMeters>8.910000</AltitudeMeters>
						<HeartRateBpm>
							<Value>96</Value>
						</HeartRateBpm>
						<Cadence>44</Cadence>
						<Extensions>
							<ns3:TPX>
								<ns3:Speed>0.743490</ns3:Speed>
							</ns3:TPX>
						</Extensions>
					</Trackpoint>
					<Trackpoint>
						<Time>2569-03-03T11:41:05Z</Time>
						<Position>
							<LatitudeDegrees>12.585557</LatitudeDegrees>
							<LongitudeDegrees>101.419049</LongitudeDegrees>
						</Position>
						<AltitudeMeters>8.910000</AltitudeMeters>
						<HeartRateBpm>
							<Value>96</Value>
						</HeartRateBpm>
						<Cadence>42</Cadence>
						<Extensions>
							<ns3:TPX>
								<ns3:Speed>0.745710</ns3:Speed>
							</ns3:TPX>
						</Extensions>
					</Trackpoint>
					<Trackpoint>
						<Time>2569-03-03T11:41:05Z</Time>
						<Position>
							<LatitudeDegrees>12.585557</LatitudeDegrees>
							<LongitudeDegrees>101.419049</LongitudeDegrees>
						</Position>
						<AltitudeMeters>8.910000</AltitudeMeters>
						<HeartRateBpm>
							<Value>96</Value>
						</HeartRateBpm>
						<Cadence>42</Cadence>
						<Extensions>
							<ns3:TPX>
								<ns3:Speed>0.745710</ns3:Speed>
							</ns3:TPX>
						</Extensions>
					</Trackpoint>
					<Trackpoint>
						<Time>2569-03-03T11:41:06Z</Time>
						<Position>
							<LatitudeDegrees>12.585558</LatitudeDegrees>
							<LongitudeDegrees>101.419049</LongitudeDegrees>
						</Position>
						<AltitudeMeters>8.910000</AltitudeMeters>
						<HeartRateBpm>
							<Value>96</Value>
						</HeartRateBpm>
						<Cadence>41</Cadence>
						<Extensions>
							<ns3:TPX>
								<ns3:Speed>0.745710</ns3:Speed>
							</ns3:TPX>
						</Extensions>
					</Trackpoint>
					<Trackpoint>
						<Time>2569-03-03T11:41:07Z</Time>
						<Position>
							<LatitudeDegrees>12.585558</LatitudeDegrees>
							<LongitudeDegrees>101.419048</LongitudeDegrees>
						</Position>
						<AltitudeMeters>8.910000</AltitudeMeters>
						<HeartRateBpm>
							<Value>96</Value>
						</HeartRateBpm>
						<Cadence>41</Cadence>
						<Extensions>
							<ns3:TPX>
								<ns3:Speed>0.744050</ns3:Speed>
							</ns3:TPX>
						</Extensions>
					</Trackpoint>
					<Trackpoint>
						<Time>2569-03-03T11:41:09Z</Time>
						<Position>
							<LatitudeDegrees>12.585558</LatitudeDegrees>
							<LongitudeDegrees>101.419048</LongitudeDegrees>
						</Position>
						<AltitudeMeters>8.900000</AltitudeMeters>
						<HeartRateBpm>
							<Value>96</Value>
						</HeartRateBpm>
					</Trackpoint>
					<Trackpoint>
						<Time>2569-03-03T11:41:09Z</Time>
						<Position>
							<LatitudeDegrees>12.585558</LatitudeDegrees>
							<LongitudeDegrees>101.419048</LongitudeDegrees>
						</Position>
						<AltitudeMeters>8.900000</AltitudeMeters>
						<HeartRateBpm>
							<Value>96</Value>
						</HeartRateBpm>
					</Trackpoint>
					<Trackpoint>
						<Time>2569-03-03T11:41:10Z</Time>
						<Position>
							<LatitudeDegrees>12.585558</LatitudeDegrees>
							<LongitudeDegrees>101.419047</LongitudeDegrees>
						</Position>
						<AltitudeMeters>8.900000</AltitudeMeters>
						<HeartRateBpm>
							<Value>97</Value>
						</HeartRateBpm>
					</Trackpoint>
					<Trackpoint>
						<Time>2569-03-03T11:41:12Z</Time>
						<Position>
							<LatitudeDegrees>12.585558</LatitudeDegrees>
							<LongitudeDegrees>101.419046</LongitudeDegrees>
						</Position>
						<AltitudeMeters>8.890000</AltitudeMeters>
						<HeartRateBpm>
							<Value>99</Value>
						</HeartRateBpm>
					</Trackpoint>
					<Trackpoint>
						<Time>2569-03-03T11:41:13Z</Time>
						<Position>
							<LatitudeDegrees>12.585558</LatitudeDegrees>
							<LongitudeDegrees>101.419046</LongitudeDegrees>
						</Position>
						<AltitudeMeters>8.890000</AltitudeMeters>
						<HeartRateBpm>
							<Value>100</Value>
						</HeartRateBpm>
					</Trackpoint>
					<Trackpoint>
						<Time>2569-03-03T11:41:14Z</Time>
						<Position>
							<LatitudeDegrees>12.585558</LatitudeDegrees>
							<LongitudeDegrees>101.419046</LongitudeDegrees>
						</Position>
						<AltitudeMeters>8.890000</AltitudeMeters>
						<HeartRateBpm>
							<Value>101</Value>
						</HeartRateBpm>
					</Trackpoint>
					<Trackpoint>
						<Time>2569-03-03T11:41:15Z</Time>
						<Position>
							<LatitudeDegrees>12.585558</LatitudeDegrees>
							<LongitudeDegrees>101.419046</LongitudeDegrees>
						</Position>
						<AltitudeMeters>8.880000</AltitudeMeters>
						<HeartRateBpm>
							<Value>101</Value>
						</HeartRateBpm>
					</Trackpoint>
					<Trackpoint>
						<Time>2569-03-03T11:41:15Z</Time>
						<Position>
							<LatitudeDegrees>12.585558</LatitudeDegrees>
							<LongitudeDegrees>101.419046</LongitudeDegrees>
						</Position>
						<AltitudeMeters>8.880000</AltitudeMeters>
						<HeartRateBpm>
							<Value>101</Value>
						</HeartRateBpm>
					</Trackpoint>
					<Trackpoint>
						<Time>2569-03-03T11:41:17Z</Time>
						<Position>
							<LatitudeDegrees>12.585559</LatitudeDegrees>
							<LongitudeDegrees>101.419045</LongitudeDegrees>
						</Position>
						<AltitudeMeters>8.880000</AltitudeMeters>
						<HeartRateBpm>
							<Value>100</Value>
						</HeartRateBpm>
					</Trackpoint>
					<Trackpoint>
						<Time>2569-03-03T11:41:18Z</Time>
						<Position>
							<LatitudeDegrees>12.585560</LatitudeDegrees>
							<LongitudeDegrees>101.419045</LongitudeDegrees>
						</Position>
						<AltitudeMeters>8.880000</AltitudeMeters>
						<HeartRateBpm>
							<Value>99</Value>
						</HeartRateBpm>
					</Trackpoint>
					<Trackpoint>
						<Time>2569-03-03T11:41:19Z</Time>
						<Position>
							<LatitudeDegrees>12.585560</LatitudeDegrees>
							<LongitudeDegrees>101.419044</LongitudeDegrees>
						</Position>
						<AltitudeMeters>8.880000</AltitudeMeters>
						<HeartRateBpm>
							<Value>98</Value>
						</HeartRateBpm>
					</Trackpoint>
					<Trackpoint>
						<Time>2569-03-03T11:41:20Z</Time>
						<Position>
							<LatitudeDegrees>12.585560</LatitudeDegrees>
							<LongitudeDegrees>101.419043</LongitudeDegrees>
						</Position>
						<AltitudeMeters>8.880000</AltitudeMeters>
						<HeartRateBpm>
							<Value>97</Value>
						</HeartRateBpm>
					</Trackpoint>
					<Trackpoint>
						<Time>2569-03-03T11:41:21Z</Time>
						<Position>
							<LatitudeDegrees>12.585560</LatitudeDegrees>
							<LongitudeDegrees>101.419042</LongitudeDegrees>
						</Position>
						<AltitudeMeters>8.880000</AltitudeMeters>
						<HeartRateBpm>
							<Value>98</Value>
						</HeartRateBpm>
					</Trackpoint>
					<Trackpoint>
						<Time>2569-03-03T11:41:22Z</Time>
						<Position>
							<LatitudeDegrees>12.585561</LatitudeDegrees>
							<LongitudeDegrees>101.419040</LongitudeDegrees>
						</Position>
						<AltitudeMeters>8.880000</AltitudeMeters>
						<HeartRateBpm>
							<Value>98</Value>
						</HeartRateBpm>
					</Trackpoint>
					<Trackpoint>
						<Time>2569-03-03T11:41:23Z</Time>
						<Position>
							<LatitudeDegrees>12.585562</LatitudeDegrees>
							<LongitudeDegrees>101.419038</LongitudeDegrees>
						</Position>
						<AltitudeMeters>8.880000</AltitudeMeters>
						<HeartRateBpm>
							<Value>99</Value>
						</HeartRateBpm>
					</Trackpoint>
					<Trackpoint>
						<Time>2569-03-03T11:41:24Z</Time>
						<Position>
							<LatitudeDegrees>12.585562</LatitudeDegrees>
							<LongitudeDegrees>101.419037</LongitudeDegrees>
						</Position>
						<AltitudeMeters>8.870000</AltitudeMeters>
						<HeartRateBpm>
							<Value>99</Value>
						</HeartRateBpm>
					</Trackpoint>
					<Trackpoint>
						<Time>2569-03-03T11:41:25Z</Time>
						<Position>
							<LatitudeDegrees>12.585562</LatitudeDegrees>
							<LongitudeDegrees>101.419034</LongitudeDegrees>
						</Position>
						<AltitudeMeters>8.870000</AltitudeMeters>
						<HeartRateBpm>
							<Value>99</Value>
						</HeartRateBpm>
					</Trackpoint>
					<Trackpoint>
						<Time>2569-03-03T11:41:26Z</Time>
						<Position>
							<LatitudeDegrees>12.585563</LatitudeDegrees>
							<LongitudeDegrees>101.419032</LongitudeDegrees>
						</Position>
						<AltitudeMeters>8.870000</AltitudeMeters>
						<HeartRateBpm>
							<Value>99</Value>
						</HeartRateBpm>
					</Trackpoint>
					<Trackpoint>
						<Time>2569-03-03T11:41:27Z</Time>
						<Position>
							<LatitudeDegrees>12.585563</LatitudeDegrees>
							<LongitudeDegrees>101.419030</LongitudeDegrees>
						</Position>
						<AltitudeMeters>8.870000</AltitudeMeters>
						<HeartRateBpm>
							<Value>100</Value>
						</HeartRateBpm>
					</Trackpoint>
					<Trackpoint>
						<Time>2569-03-03T11:41:27Z</Time>
						<Position>
							<LatitudeDegrees>12.585563</LatitudeDegrees>
							<LongitudeDegrees>101.419030</LongitudeDegrees>
						</Position>
						<AltitudeMeters>8.870000</AltitudeMeters>
						<HeartRateBpm>
							<Value>100</Value>
						</HeartRateBpm>
					</Trackpoint>
					<Trackpoint>
						<Time>2569-03-03T11:41:29Z</Time>
						<Position>
							<LatitudeDegrees>12.585564</LatitudeDegrees>
							<LongitudeDegrees>101.419030</LongitudeDegrees>
						</Position>
						<AltitudeMeters>8.860000</AltitudeMeters>
						<HeartRateBpm>
							<Value>100</Value>
						</HeartRateBpm>
					</Trackpoint>
					<Trackpoint>
						<Time>2569-03-03T11:41:30Z</Time>
						<Position>
							<LatitudeDegrees>12.585563</LatitudeDegrees>
							<LongitudeDegrees>101.419029</LongitudeDegrees>
						</Position>
						<AltitudeMeters>8.860000</AltitudeMeters>
						<HeartRateBpm>
							<Value>101</Value>
						</HeartRateBpm>
					</Trackpoint>
					<Trackpoint>
						<Time>2569-03-03T11:41:31Z</Time>
						<Position>
							<LatitudeDegrees>12.585562</LatitudeDegrees>
							<LongitudeDegrees>101.419029</LongitudeDegrees>
						</Position>
						<AltitudeMeters>8.860000</AltitudeMeters>
						<HeartRateBpm>
							<Value>101</Value>
						</HeartRateBpm>
					</Trackpoint>
					<Trackpoint>
						<Time>2569-03-03T11:41:32Z</Time>
						<Position>
							<LatitudeDegrees>12.585561</LatitudeDegrees>
							<LongitudeDegrees>101.419029</LongitudeDegrees>
						</Position>
						<AltitudeMeters>8.850000</AltitudeMeters>
						<HeartRateBpm>
							<Value>101</Value>
						</HeartRateBpm>
					</Trackpoint>
					<Trackpoint>
						<Time>2569-03-03T11:41:33Z</Time>
						<Position>
							<LatitudeDegrees>12.585561</LatitudeDegrees>
							<LongitudeDegrees>101.419029</LongitudeDegrees>
						</Position>
						<AltitudeMeters>8.850000</AltitudeMeters>
						<HeartRateBpm>
							<Value>101</Value>
						</HeartRateBpm>
					</Trackpoint>
					<Trackpoint>
						<Time>2569-03-03T11:41:34Z</Time>
						<Position>
							<LatitudeDegrees>12.585561</LatitudeDegrees>
							<LongitudeDegrees>101.419029</LongitudeDegrees>
						</Position>
						<AltitudeMeters>8.850000</AltitudeMeters>
						<HeartRateBpm>
							<Value>101</Value>
						</HeartRateBpm>
					</Trackpoint>
					<Trackpoint>
						<Time>2569-03-03T11:41:35Z</Time>
						<Position>
							<LatitudeDegrees>12.585561</LatitudeDegrees>
							<LongitudeDegrees>101.419029</LongitudeDegrees>
						</Position>
						<AltitudeMeters>8.840000</AltitudeMeters>
						<HeartRateBpm>
							<Value>102</Value>
						</HeartRateBpm>
					</Trackpoint>
					<Trackpoint>
						<Time>2569-03-03T11:41:36Z</Time>
						<Position>
							<LatitudeDegrees>12.585561</LatitudeDegrees>
							<LongitudeDegrees>101.419029</LongitudeDegrees>
						</Position>
						<AltitudeMeters>8.840000</AltitudeMeters>
						<HeartRateBpm>
							<Value>100</Value>
						</HeartRateBpm>
					</Trackpoint>
					<Trackpoint>
						<Time>2569-03-03T11:41:37Z</Time>
						<Position>
							<LatitudeDegrees>12.585561</LatitudeDegrees>
							<LongitudeDegrees>101.419029</LongitudeDegrees>
						</Position>
						<AltitudeMeters>8.840000</AltitudeMeters>
						<HeartRateBpm>
							<Value>99</Value>
						</HeartRateBpm>
					</Trackpoint>
					<Trackpoint>
						<Time>2569-03-03T11:41:37Z</Time>
						<Position>
							<LatitudeDegrees>12.585561</LatitudeDegrees>
							<LongitudeDegrees>101.419029</LongitudeDegrees>
						</Position>
						<AltitudeMeters>8.840000</AltitudeMeters>
						<HeartRateBpm>
							<Value>99</Value>
						</HeartRateBpm>
					</Trackpoint>
					<Trackpoint>
						<Time>2569-03-03T11:41:38Z</Time>
						<Position>
							<LatitudeDegrees>12.585561</LatitudeDegrees>
							<LongitudeDegrees>101.419029</LongitudeDegrees>
						</Position>
						<AltitudeMeters>8.830000</AltitudeMeters>
						<HeartRateBpm>
							<Value>99</Value>
						</HeartRateBpm>
					</Trackpoint>
					<Trackpoint>
						<Time>2569-03-03T11:41:39Z</Time>
						<Position>
							<LatitudeDegrees>12.585561</LatitudeDegrees>
							<LongitudeDegrees>101.419029</LongitudeDegrees>
						</Position>
						<AltitudeMeters>8.830000</AltitudeMeters>
						<HeartRateBpm>
							<Value>98</Value>
						</HeartRateBpm>
					</Trackpoint>
					<Trackpoint>
						<Time>2569-03-03T11:41:40Z</Time>
						<Position>
							<LatitudeDegrees>12.585561</LatitudeDegrees>
							<LongitudeDegrees>101.419029</LongitudeDegrees>
						</Position>
						<AltitudeMeters>8.830000</AltitudeMeters>
						<HeartRateBpm>
							<Value>97</Value>
						</HeartRateBpm>
					</Trackpoint>
					<Trackpoint>
						<Time>2569-03-03T11:41:41Z</Time>
						<Position>
							<LatitudeDegrees>12.585562</LatitudeDegrees>
							<LongitudeDegrees>101.419029</LongitudeDegrees>
						</Position>
						<AltitudeMeters>8.820000</AltitudeMeters>
						<HeartRateBpm>
							<Value>97</Value>
						</HeartRateBpm>
					</Trackpoint>
					<Trackpoint>
						<Time>2569-03-03T11:41:42Z</Time>
						<Position>
							<LatitudeDegrees>12.585562</LatitudeDegrees>
							<LongitudeDegrees>101.419029</LongitudeDegrees>
						</Position>
						<AltitudeMeters>8.830000</AltitudeMeters>
						<HeartRateBpm>
							<Value>96</Value>
						</HeartRateBpm>
					</Trackpoint>
					<Trackpoint>
						<Time>2569-03-03T11:41:44Z</Time>
						<Position>
							<LatitudeDegrees>12.585562</LatitudeDegrees>
							<LongitudeDegrees>101.419029</LongitudeDegrees>
						</Position>
						<AltitudeMeters>8.820000</AltitudeMeters>
						<HeartRateBpm>
							<Value>96</Value>
						</HeartRateBpm>
					</Trackpoint>
					<Trackpoint>
						<Time>2569-03-03T11:41:45Z</Time>
						<Position>
							<LatitudeDegrees>12.585563</LatitudeDegrees>
							<LongitudeDegrees>101.419032</LongitudeDegrees>
						</Position>
						<AltitudeMeters>8.810000</AltitudeMeters>
						<HeartRateBpm>
							<Value>97</Value>
						</HeartRateBpm>
					</Trackpoint>
					<Trackpoint>
						<Time>2569-03-03T11:41:46Z</Time>
						<Position>
							<LatitudeDegrees>12.585565</LatitudeDegrees>
							<LongitudeDegrees>101.419037</LongitudeDegrees>
						</Position>
						<AltitudeMeters>8.810000</AltitudeMeters>
						<HeartRateBpm>
							<Value>97</Value>
						</HeartRateBpm>
					</Trackpoint>
					<Trackpoint>
						<Time>2569-03-03T11:41:47Z</Time>
						<Position>
							<LatitudeDegrees>12.585568</LatitudeDegrees>
							<LongitudeDegrees>101.419042</LongitudeDegrees>
						</Position>
						<AltitudeMeters>8.810000</AltitudeMeters>
						<HeartRateBpm>
							<Value>98</Value>
						</HeartRateBpm>
					</Trackpoint>
					<Trackpoint>
						<Time>2569-03-03T11:41:48Z</Time>
						<Position>
							<LatitudeDegrees>12.585573</LatitudeDegrees>
							<LongitudeDegrees>101.419048</LongitudeDegrees>
						</Position>
						<AltitudeMeters>8.800000</AltitudeMeters>
						<HeartRateBpm>
							<Value>97</Value>
						</HeartRateBpm>
					</Trackpoint>
					<Trackpoint>
						<Time>2569-03-03T11:41:49Z</Time>
						<Position>
							<LatitudeDegrees>12.585579</LatitudeDegrees>
							<LongitudeDegrees>101.419055</LongitudeDegrees>
						</Position>
						<AltitudeMeters>8.790000</AltitudeMeters>
						<HeartRateBpm>
							<Value>97</Value>
						</HeartRateBpm>
					</Trackpoint>
					<Trackpoint>
						<Time>2569-03-03T11:41:50Z</Time>
						<Position>
							<LatitudeDegrees>12.585593</LatitudeDegrees>
							<LongitudeDegrees>101.419062</LongitudeDegrees>
						</Position>
						<AltitudeMeters>8.780000</AltitudeMeters>
						<HeartRateBpm>
							<Value>97</Value>
						</HeartRateBpm>
					</Trackpoint>
					<Trackpoint>
						<Time>2569-03-03T11:41:50Z</Time>
						<Position>
							<LatitudeDegrees>12.585593</LatitudeDegrees>
							<LongitudeDegrees>101.419062</LongitudeDegrees>
						</Position>
						<AltitudeMeters>8.780000</AltitudeMeters>
						<HeartRateBpm>
							<Value>97</Value>
						</HeartRateBpm>
					</Trackpoint>
					<Trackpoint>
						<Time>2569-03-03T11:41:51Z</Time>
						<Position>
							<LatitudeDegrees>12.585601</LatitudeDegrees>
							<LongitudeDegrees>101.419066</LongitudeDegrees>
						</Position>
						<AltitudeMeters>8.770000</AltitudeMeters>
						<HeartRateBpm>
							<Value>97</Value>
						</HeartRateBpm>
						<Cadence>47</Cadence>
						<Extensions>
							<ns3:TPX>
								<ns3:Speed>0.675220</ns3:Speed>
							</ns3:TPX>
						</Extensions>
					</Trackpoint>
					<Trackpoint>
						<Time>2569-03-03T11:41:52Z</Time>
						<Position>
							<LatitudeDegrees>12.585608</LatitudeDegrees>
							<LongitudeDegrees>101.419068</LongitudeDegrees>
						</Position>
						<AltitudeMeters>8.770000</AltitudeMeters>
						<HeartRateBpm>
							<Value>96</Value>
						</HeartRateBpm>
						<Cadence>49</Cadence>
						<Extensions>
							<ns3:TPX>
								<ns3:Speed>0.730460</ns3:Speed>
							</ns3:TPX>
						</Extensions>
					</Trackpoint>
					<Trackpoint>
						<Time>2569-03-03T11:41:53Z</Time>
						<Position>
							<LatitudeDegrees>12.585616</LatitudeDegrees>
							<LongitudeDegrees>101.419071</LongitudeDegrees>
						</Position>
						<AltitudeMeters>8.760000</AltitudeMeters>
						<HeartRateBpm>
							<Value>96</Value>
						</HeartRateBpm>
						<Cadence>50</Cadence>
						<Extensions>
							<ns3:TPX>
								<ns3:Speed>0.751880</ns3:Speed>
							</ns3:TPX>
						</Extensions>
					</Trackpoint>
					<Trackpoint>
						<Time>2569-03-03T11:41:54Z</Time>
						<Position>
							<LatitudeDegrees>12.585625</LatitudeDegrees>
							<LongitudeDegrees>101.419072</LongitudeDegrees>
						</Position>
						<AltitudeMeters>8.750000</AltitudeMeters>
						<HeartRateBpm>
							<Value>96</Value>
						</HeartRateBpm>
						<Cadence>51</Cadence>
						<Extensions>
							<ns3:TPX>
								<ns3:Speed>0.754150</ns3:Speed>
							</ns3:TPX>
						</Extensions>
					</Trackpoint>
					<Trackpoint>
						<Time>2569-03-03T11:41:55Z</Time>
						<Position>
							<LatitudeDegrees>12.585634</LatitudeDegrees>
							<LongitudeDegrees>101.419073</LongitudeDegrees>
						</Position>
						<AltitudeMeters>8.740000</AltitudeMeters>
						<HeartRateBpm>
							<Value>95</Value>
						</HeartRateBpm>
						<Cadence>52</Cadence>
						<Extensions>
							<ns3:TPX>
								<ns3:Speed>0.754150</ns3:Speed>
							</ns3:TPX>
						</Extensions>
					</Trackpoint>
					<Trackpoint>
						<Time>2569-03-03T11:41:56Z</Time>
						<Position>
							<LatitudeDegrees>12.585642</LatitudeDegrees>
							<LongitudeDegrees>101.419075</LongitudeDegrees>
						</Position>
						<AltitudeMeters>8.730000</AltitudeMeters>
						<HeartRateBpm>
							<Value>96</Value>
						</HeartRateBpm>
						<Cadence>52</Cadence>
						<Extensions>
							<ns3:TPX>
								<ns3:Speed>0.802570</ns3:Speed>
							</ns3:TPX>
						</Extensions>
					</Trackpoint>
					<Trackpoint>
						<Time>2569-03-03T11:41:57Z</Time>
						<Position>
							<LatitudeDegrees>12.585649</LatitudeDegrees>
							<LongitudeDegrees>101.419078</LongitudeDegrees>
						</Position>
						<AltitudeMeters>8.720000</AltitudeMeters>
						<HeartRateBpm>
							<Value>96</Value>
						</HeartRateBpm>
						<Cadence>53</Cadence>
						<Extensions>
							<ns3:TPX>
								<ns3:Speed>0.847460</ns3:Speed>
							</ns3:TPX>
						</Extensions>
					</Trackpoint>
					<Trackpoint>
						<Time>2569-03-03T11:41:58Z</Time>
						<Position>
							<LatitudeDegrees>12.585657</LatitudeDegrees>
							<LongitudeDegrees>101.419081</LongitudeDegrees>
						</Position>
						<AltitudeMeters>8.710000</AltitudeMeters>
						<HeartRateBpm>
							<Value>96</Value>
						</HeartRateBpm>
						<Cadence>53</Cadence>
						<Extensions>
							<ns3:TPX>
								<ns3:Speed>0.846740</ns3:Speed>
							</ns3:TPX>
						</Extensions>
					</Trackpoint>
					<Trackpoint>
						<Time>2569-03-03T11:41:59Z</Time>
						<Position>
							<LatitudeDegrees>12.585664</LatitudeDegrees>
							<LongitudeDegrees>101.419084</LongitudeDegrees>
						</Position>
						<AltitudeMeters>8.700000</AltitudeMeters>
						<HeartRateBpm>
							<Value>97</Value>
						</HeartRateBpm>
						<Cadence>52</Cadence>
						<Extensions>
							<ns3:TPX>
								<ns3:Speed>0.855430</ns3:Speed>
							</ns3:TPX>
						</Extensions>
					</Trackpoint>
					<Trackpoint>
						<Time>2569-03-03T11:42:00Z</Time>
						<Position>
							<LatitudeDegrees>12.585670</LatitudeDegrees>
							<LongitudeDegrees>101.419088</LongitudeDegrees>
						</Position>
						<AltitudeMeters>8.690000</AltitudeMeters>
						<HeartRateBpm>
							<Value>97</Value>
						</HeartRateBpm>
						<Cadence>52</Cadence>
						<Extensions>
							<ns3:TPX>
								<ns3:Speed>0.863560</ns3:Speed>
							</ns3:TPX>
						</Extensions>
					</Trackpoint>
					<Trackpoint>
						<Time>2569-03-03T11:42:01Z</Time>
						<Position>
							<LatitudeDegrees>12.585675</LatitudeDegrees>
							<LongitudeDegrees>101.419092</LongitudeDegrees>
						</Position>
						<AltitudeMeters>8.700000</AltitudeMeters>
						<HeartRateBpm>
							<Value>97</Value>
						</HeartRateBpm>
						<Cadence>50</Cadence>
						<Extensions>
							<ns3:TPX>
								<ns3:Speed>0.864300</ns3:Speed>
							</ns3:TPX>
						</Extensions>
					</Trackpoint>
					<Trackpoint>
						<Time>2569-03-03T11:42:02Z</Time>
						<Position>
							<LatitudeDegrees>12.585681</LatitudeDegrees>
							<LongitudeDegrees>101.419096</LongitudeDegrees>
						</Position>
						<AltitudeMeters>8.690000</AltitudeMeters>
						<HeartRateBpm>
							<Value>98</Value>
						</HeartRateBpm>
						<Cadence>48</Cadence>
						<Extensions>
							<ns3:TPX>
								<ns3:Speed>0.854700</ns3:Speed>
							</ns3:TPX>
						</Extensions>
					</Trackpoint>
					<Trackpoint>
						<Time>2569-03-03T11:42:03Z</Time>
						<Position>
							<LatitudeDegrees>12.585686</LatitudeDegrees>
							<LongitudeDegrees>101.419101</LongitudeDegrees>
						</Position>
						<AltitudeMeters>8.640000</AltitudeMeters>
						<HeartRateBpm>
							<Value>99</Value>
						</HeartRateBpm>
						<Cadence>46</Cadence>
						<Extensions>
							<ns3:TPX>
								<ns3:Speed>0.838220</ns3:Speed>
							</ns3:TPX>
						</Extensions>
					</Trackpoint>
					<Trackpoint>
						<Time>2569-03-03T11:42:04Z</Time>
						<Position>
							<LatitudeDegrees>12.585691</LatitudeDegrees>
							<LongitudeDegrees>101.419106</LongitudeDegrees>
						</Position>
						<AltitudeMeters>8.430000</AltitudeMeters>
						<HeartRateBpm>
							<Value>99</Value>
						</HeartRateBpm>
						<Cadence>46</Cadence>
						<Extensions>
							<ns3:TPX>
								<ns3:Speed>0.823050</ns3:Speed>
							</ns3:TPX>
						</Extensions>
					</Trackpoint>
					<Trackpoint>
						<Time>2569-03-03T11:42:05Z</Time>
						<Position>
							<LatitudeDegrees>12.585697</LatitudeDegrees>
							<LongitudeDegrees>101.419112</LongitudeDegrees>
						</Position>
						<AltitudeMeters>8.400000</AltitudeMeters>
						<HeartRateBpm>
							<Value>99</Value>
						</HeartRateBpm>
						<Cadence>46</Cadence>
						<Extensions>
							<ns3:TPX>
								<ns3:Speed>0.808410</ns3:Speed>
							</ns3:TPX>
						</Extensions>
					</Trackpoint>
					<Trackpoint>
						<Time>2569-03-03T11:42:06Z</Time>
						<Position>
							<LatitudeDegrees>12.585705</LatitudeDegrees>
							<LongitudeDegrees>101.419118</LongitudeDegrees>
						</Position>
						<AltitudeMeters>8.380000</AltitudeMeters>
						<HeartRateBpm>
							<Value>98</Value>
						</HeartRateBpm>
						<Cadence>47</Cadence>
						<Extensions>
							<ns3:TPX>
								<ns3:Speed>0.803210</ns3:Speed>
							</ns3:TPX>
						</Extensions>
					</Trackpoint>
					<Trackpoint>
						<Time>2569-03-03T11:42:07Z</Time>
						<Position>
							<LatitudeDegrees>12.585711</LatitudeDegrees>
							<LongitudeDegrees>101.419124</LongitudeDegrees>
						</Position>
						<AltitudeMeters>8.350000</AltitudeMeters>
						<HeartRateBpm>
							<Value>98</Value>
						</HeartRateBpm>
						<Cadence>48</Cadence>
						<Extensions>
							<ns3:TPX>
								<ns3:Speed>0.803210</ns3:Speed>
							</ns3:TPX>
						</Extensions>
					</Trackpoint>
					<Trackpoint>
						<Time>2569-03-03T11:42:08Z</Time>
						<Position>
							<LatitudeDegrees>12.585717</LatitudeDegrees>
							<LongitudeDegrees>101.419130</LongitudeDegrees>
						</Position>
						<AltitudeMeters>8.330000</AltitudeMeters>
						<HeartRateBpm>
							<Value>99</Value>
						</HeartRateBpm>
						<Cadence>49</Cadence>
						<Extensions>
							<ns3:TPX>
								<ns3:Speed>0.813670</ns3:Speed>
							</ns3:TPX>
						</Extensions>
					</Trackpoint>
					<Trackpoint>
						<Time>2569-03-03T11:42:09Z</Time>
						<Position>
							<LatitudeDegrees>12.585724</LatitudeDegrees>
							<LongitudeDegrees>101.419136</LongitudeDegrees>
						</Position>
						<AltitudeMeters>8.300000</AltitudeMeters>
						<HeartRateBpm>
							<Value>99</Value>
						</HeartRateBpm>
						<Cadence>50</Cadence>
						<Extensions>
							<ns3:TPX>
								<ns3:Speed>0.836820</ns3:Speed>
							</ns3:TPX>
						</Extensions>
					</Trackpoint>
					<Trackpoint>
						<Time>2569-03-03T11:42:10Z</Time>
						<Position>
							<LatitudeDegrees>12.585730</LatitudeDegrees>
							<LongitudeDegrees>101.419142</LongitudeDegrees>
						</Position>
						<AltitudeMeters>8.280000</AltitudeMeters>
						<HeartRateBpm>
							<Value>99</Value>
						</HeartRateBpm>
						<Cadence>50</Cadence>
						<Extensions>
							<ns3:TPX>
								<ns3:Speed>0.866550</ns3:Speed>
							</ns3:TPX>
						</Extensions>
					</Trackpoint>
					<Trackpoint>
						<Time>2569-03-03T11:42:11Z</Time>
						<Position>
							<LatitudeDegrees>12.585736</LatitudeDegrees>
							<LongitudeDegrees>101.419148</LongitudeDegrees>
						</Position>
						<AltitudeMeters>8.250000</AltitudeMeters>
						<HeartRateBpm>
							<Value>100</Value>
						</HeartRateBpm>
						<Cadence>51</Cadence>
						<Extensions>
							<ns3:TPX>
								<ns3:Speed>0.883390</ns3:Speed>
							</ns3:TPX>
						</Extensions>
					</Trackpoint>
					<Trackpoint>
						<Time>2569-03-03T11:42:12Z</Time>
						<Position>
							<LatitudeDegrees>12.585742</LatitudeDegrees>
							<LongitudeDegrees>101.419154</LongitudeDegrees>
						</Position>
						<AltitudeMeters>8.230000</AltitudeMeters>
						<HeartRateBpm>
							<Value>100</Value>
						</HeartRateBpm>
						<Cadence>50</Cadence>
						<Extensions>
							<ns3:TPX>
								<ns3:Speed>0.891270</ns3:Speed>
							</ns3:TPX>
						</Extensions>
					</Trackpoint>
					<Trackpoint>
						<Time>2569-03-03T11:42:13Z</Time>
						<Position>
							<LatitudeDegrees>12.585750</LatitudeDegrees>
							<LongitudeDegrees>101.419160</LongitudeDegrees>
						</Position>
						<AltitudeMeters>8.200000</AltitudeMeters>
						<HeartRateBpm>
							<Value>100</Value>
						</HeartRateBpm>
						<Cadence>50</Cadence>
						<Extensions>
							<ns3:TPX>
								<ns3:Speed>0.902530</ns3:Speed>
							</ns3:TPX>
						</Extensions>
					</Trackpoint>
					<Trackpoint>
						<Time>2569-03-03T11:42:14Z</Time>
						<Position>
							<LatitudeDegrees>12.585757</LatitudeDegrees>
							<LongitudeDegrees>101.419167</LongitudeDegrees>
						</Position>
						<AltitudeMeters>8.160000</AltitudeMeters>
						<HeartRateBpm>
							<Value>100</Value>
						</HeartRateBpm>
						<Cadence>50</Cadence>
						<Extensions>
							<ns3:TPX>
								<ns3:Speed>0.905800</ns3:Speed>
							</ns3:TPX>
						</Extensions>
					</Trackpoint>
					<Trackpoint>
						<Time>2569-03-03T11:42:15Z</Time>
						<Position>
							<LatitudeDegrees>12.585764</LatitudeDegrees>
							<LongitudeDegrees>101.419173</LongitudeDegrees>
						</Position>
						<AltitudeMeters>8.130000</AltitudeMeters>
						<HeartRateBpm>
							<Value>101</Value>
						</HeartRateBpm>
						<Cadence>50</Cadence>
						<Extensions>
							<ns3:TPX>
								<ns3:Speed>0.908270</ns3:Speed>
							</ns3:TPX>
						</Extensions>
					</Trackpoint>
					<Trackpoint>
						<Time>2569-03-03T11:42:16Z</Time>
						<Position>
							<LatitudeDegrees>12.585772</LatitudeDegrees>
							<LongitudeDegrees>101.419180</LongitudeDegrees>
						</Position>
						<AltitudeMeters>8.100000</AltitudeMeters>
						<HeartRateBpm>
							<Value>102</Value>
						</HeartRateBpm>
						<Cadence>50</Cadence>
						<Extensions>
							<ns3:TPX>
								<ns3:Speed>0.923360</ns3:Speed>
							</ns3:TPX>
						</Extensions>
					</Trackpoint>
					<Trackpoint>
						<Time>2569-03-03T11:42:17Z</Time>
						<Position>
							<LatitudeDegrees>12.585780</LatitudeDegrees>
							<LongitudeDegrees>101.419187</LongitudeDegrees>
						</Position>
						<AltitudeMeters>8.050000</AltitudeMeters>
						<HeartRateBpm>
							<Value>103</Value>
						</HeartRateBpm>
						<Cadence>51</Cadence>
						<Extensions>
							<ns3:TPX>
								<ns3:Speed>0.948770</ns3:Speed>
							</ns3:TPX>
						</Extensions>
					</Trackpoint>
					<Trackpoint>
						<Time>2569-03-03T11:42:18Z</Time>
						<Position>
							<LatitudeDegrees>12.585787</LatitudeDegrees>
							<LongitudeDegrees>101.419194</LongitudeDegrees>
						</Position>
						<AltitudeMeters>8.010000</AltitudeMeters>
						<HeartRateBpm>
							<Value>103</Value>
						</HeartRateBpm>
						<Cadence>51</Cadence>
						<Extensions>
							<ns3:TPX>
								<ns3:Speed>0.967120</ns3:Speed>
							</ns3:TPX>
						</Extensions>
					</Trackpoint>
					<Trackpoint>
						<Time>2569-03-03T11:42:19Z</Time>
						<Position>
							<LatitudeDegrees>12.585795</LatitudeDegrees>
							<LongitudeDegrees>101.419201</LongitudeDegrees>
						</Position>
						<AltitudeMeters>7.970000</AltitudeMeters>
						<HeartRateBpm>
							<Value>103</Value>
						</HeartRateBpm>
						<Cadence>51</Cadence>
						<Extensions>
							<ns3:TPX>
								<ns3:Speed>0.985220</ns3:Speed>
							</ns3:TPX>
						</Extensions>
					</Trackpoint>
					<Trackpoint>
						<Time>2569-03-03T11:42:20Z</Time>
						<Position>
							<LatitudeDegrees>12.585801</LatitudeDegrees>
							<LongitudeDegrees>101.419208</LongitudeDegrees>
						</Position>
						<AltitudeMeters>7.960000</AltitudeMeters>
						<HeartRateBpm>
							<Value>102</Value>
						</HeartRateBpm>
						<Cadence>50</Cadence>
						<Extensions>
							<ns3:TPX>
								<ns3:Speed>1.009080</ns3:Speed>
							</ns3:TPX>
						</Extensions>
					</Trackpoint>
					<Trackpoint>
						<Time>2569-03-03T11:42:21Z</Time>
						<Position>
							<LatitudeDegrees>12.585808</LatitudeDegrees>
							<LongitudeDegrees>101.419217</LongitudeDegrees>
						</Position>
						<AltitudeMeters>7.940000</AltitudeMeters>
						<HeartRateBpm>
							<Value>102</Value>
						</HeartRateBpm>
						<Cadence>49</Cadence>
						<Extensions>
							<ns3:TPX>
								<ns3:Speed>1.028810</ns3:Speed>
							</ns3:TPX>
						</Extensions>
					</Trackpoint>
					<Trackpoint>
						<Time>2569-03-03T11:42:23Z</Time>
						<Position>
							<LatitudeDegrees>12.585819</LatitudeDegrees>
							<LongitudeDegrees>101.419227</LongitudeDegrees>
						</Position>
						<AltitudeMeters>7.900000</AltitudeMeters>
						<HeartRateBpm>
							<Value>100</Value>
						</HeartRateBpm>
						<Cadence>48</Cadence>
						<Extensions>
							<ns3:TPX>
								<ns3:Speed>1.049320</ns3:Speed>
							</ns3:TPX>
						</Extensions>
					</Trackpoint>
					<Trackpoint>
						<Time>2569-03-03T11:42:23Z</Time>
						<Position>
							<LatitudeDegrees>12.585819</LatitudeDegrees>
							<LongitudeDegrees>101.419227</LongitudeDegrees>
						</Position>
						<AltitudeMeters>7.900000</AltitudeMeters>
						<HeartRateBpm>
							<Value>100</Value>
						</HeartRateBpm>
						<Cadence>48</Cadence>
						<Extensions>
							<ns3:TPX>
								<ns3:Speed>1.049320</ns3:Speed>
							</ns3:TPX>
						</Extensions>
					</Trackpoint>
					<Trackpoint>
						<Time>2569-03-03T11:42:24Z</Time>
						<Position>
							<LatitudeDegrees>12.585826</LatitudeDegrees>
							<LongitudeDegrees>101.419232</LongitudeDegrees>
						</Position>
						<AltitudeMeters>7.890000</AltitudeMeters>
						<HeartRateBpm>
							<Value>99</Value>
						</HeartRateBpm>
						<Cadence>47</Cadence>
						<Extensions>
							<ns3:TPX>
								<ns3:Speed>1.042750</ns3:Speed>
							</ns3:TPX>
						</Extensions>
					</Trackpoint>
					<Trackpoint>
						<Time>2569-03-03T11:42:25Z</Time>
						<Position>
							<LatitudeDegrees>12.585833</LatitudeDegrees>
							<LongitudeDegrees>101.419237</LongitudeDegrees>
						</Position>
						<AltitudeMeters>7.870000</AltitudeMeters>
						<HeartRateBpm>
							<Value>99</Value>
						</HeartRateBpm>
						<Cadence>47</Cadence>
						<Extensions>
							<ns3:TPX>
								<ns3:Speed>1.016260</ns3:Speed>
							</ns3:TPX>
						</Extensions>
					</Trackpoint>
					<Trackpoint>
						<Time>2569-03-03T11:42:26Z</Time>
						<Position>
							<LatitudeDegrees>12.585840</LatitudeDegrees>
							<LongitudeDegrees>101.419242</LongitudeDegrees>
						</Position>
						<AltitudeMeters>7.860000</AltitudeMeters>
						<HeartRateBpm>
							<Value>99</Value>
						</HeartRateBpm>
						<Cadence>47</Cadence>
						<Extensions>
							<ns3:TPX>
								<ns3:Speed>0.994040</ns3:Speed>
							</ns3:TPX>
						</Extensions>
					</Trackpoint>
					<Trackpoint>
						<Time>2569-03-03T11:42:27Z</Time>
						<Position>
							<LatitudeDegrees>12.585847</LatitudeDegrees>
							<LongitudeDegrees>101.419248</LongitudeDegrees>
						</Position>
						<AltitudeMeters>7.850000</AltitudeMeters>
						<HeartRateBpm>
							<Value>99</Value>
						</HeartRateBpm>
						<Cadence>47</Cadence>
						<Extensions>
							<ns3:TPX>
								<ns3:Speed>0.989120</ns3:Speed>
							</ns3:TPX>
						</Extensions>
					</Trackpoint>
					<Trackpoint>
						<Time>2569-03-03T11:42:28Z</Time>
						<Position>
							<LatitudeDegrees>12.585854</LatitudeDegrees>
							<LongitudeDegrees>101.419254</LongitudeDegrees>
						</Position>
						<AltitudeMeters>7.830000</AltitudeMeters>
						<HeartRateBpm>
							<Value>99</Value>
						</HeartRateBpm>
						<Cadence>48</Cadence>
						<Extensions>
							<ns3:TPX>
								<ns3:Speed>0.982320</ns3:Speed>
							</ns3:TPX>
						</Extensions>
					</Trackpoint>
					<Trackpoint>
						<Time>2569-03-03T11:42:29Z</Time>
						<Position>
							<LatitudeDegrees>12.585860</LatitudeDegrees>
							<LongitudeDegrees>101.419259</LongitudeDegrees>
						</Position>
						<AltitudeMeters>7.820000</AltitudeMeters>
						<HeartRateBpm>
							<Value>98</Value>
						</HeartRateBpm>
						<Cadence>48</Cadence>
						<Extensions>
							<ns3:TPX>
								<ns3:Speed>0.975610</ns3:Speed>
							</ns3:TPX>
						</Extensions>
					</Trackpoint>
					<Trackpoint>
						<Time>2569-03-03T11:42:30Z</Time>
						<Position>
							<LatitudeDegrees>12.585867</LatitudeDegrees>
							<LongitudeDegrees>101.419264</LongitudeDegrees>
						</Position>
						<AltitudeMeters>7.810000</AltitudeMeters>
						<HeartRateBpm>
							<Value>98</Value>
						</HeartRateBpm>
						<Cadence>49</Cadence>
						<Extensions>
							<ns3:TPX>
								<ns3:Speed>0.970870</ns3:Speed>
							</ns3:TPX>
						</Extensions>
					</Trackpoint>
					<Trackpoint>
						<Time>2569-03-03T11:42:31Z</Time>
						<Position>
							<LatitudeDegrees>12.585874</LatitudeDegrees>
							<LongitudeDegrees>101.419271</LongitudeDegrees>
						</Position>
						<AltitudeMeters>7.810000</AltitudeMeters>
						<HeartRateBpm>
							<Value>98</Value>
						</HeartRateBpm>
						<Cadence>50</Cadence>
						<Extensions>
							<ns3:TPX>
								<ns3:Speed>0.966180</ns3:Speed>
							</ns3:TPX>
						</Extensions>
					</Trackpoint>
					<Trackpoint>
						<Time>2569-03-03T11:42:32Z</Time>
						<Position>
							<LatitudeDegrees>12.585880</LatitudeDegrees>
							<LongitudeDegrees>101.419278</LongitudeDegrees>
						</Position>
						<AltitudeMeters>7.800000</AltitudeMeters>
						<HeartRateBpm>
							<Value>97</Value>
						</HeartRateBpm>
						<Cadence>49</Cadence>
						<Extensions>
							<ns3:TPX>
								<ns3:Speed>0.963390</ns3:Speed>
							</ns3:TPX>
						</Extensions>
					</Trackpoint>
					<Trackpoint>
						<Time>2569-03-03T11:42:33Z</Time>
						<Position>
							<LatitudeDegrees>12.585887</LatitudeDegrees>
							<LongitudeDegrees>101.419284</LongitudeDegrees>
						</Position>
						<AltitudeMeters>7.800000</AltitudeMeters>
						<HeartRateBpm>
							<Value>98</Value>
						</HeartRateBpm>
						<Cadence>47</Cadence>
						<Extensions>
							<ns3:TPX>
								<ns3:Speed>0.959690</ns3:Speed>
							</ns3:TPX>
						</Extensions>
					</Trackpoint>
					<Trackpoint>
						<Time>2569-03-03T11:42:34Z</Time>
						<Position>
							<LatitudeDegrees>12.585894</LatitudeDegrees>
							<LongitudeDegrees>101.419291</LongitudeDegrees>
						</Position>
						<AltitudeMeters>7.800000</AltitudeMeters>
						<HeartRateBpm>
							<Value>97</Value>
						</HeartRateBpm>
						<Cadence>47</Cadence>
						<Extensions>
							<ns3:TPX>
								<ns3:Speed>0.958770</ns3:Speed>
							</ns3:TPX>
						</Extensions>
					</Trackpoint>
					<Trackpoint>
						<Time>2569-03-03T11:42:35Z</Time>
						<Position>
							<LatitudeDegrees>12.585900</LatitudeDegrees>
							<LongitudeDegrees>101.419298</LongitudeDegrees>
						</Position>
						<AltitudeMeters>7.800000</AltitudeMeters>
						<HeartRateBpm>
							<Value>97</Value>
						</HeartRateBpm>
						<Cadence>47</Cadence>
						<Extensions>
							<ns3:TPX>
								<ns3:Speed>0.957850</ns3:Speed>
							</ns3:TPX>
						</Extensions>
					</Trackpoint>
					<Trackpoint>
						<Time>2569-03-03T11:42:36Z</Time>
						<Position>
							<LatitudeDegrees>12.585906</LatitudeDegrees>
							<LongitudeDegrees>101.419305</LongitudeDegrees>
						</Position>
						<AltitudeMeters>7.810000</AltitudeMeters>
						<HeartRateBpm>
							<Value>98</Value>
						</HeartRateBpm>
						<Cadence>48</Cadence>
						<Extensions>
							<ns3:TPX>
								<ns3:Speed>0.958770</ns3:Speed>
							</ns3:TPX>
						</Extensions>
					</Trackpoint>
					<Trackpoint>
						<Time>2569-03-03T11:42:37Z</Time>
						<Position>
							<LatitudeDegrees>12.585912</LatitudeDegrees>
							<LongitudeDegrees>101.419312</LongitudeDegrees>
						</Position>
						<AltitudeMeters>7.820000</AltitudeMeters>
						<HeartRateBpm>
							<Value>98</Value>
						</HeartRateBpm>
						<Cadence>51</Cadence>
						<Extensions>
							<ns3:TPX>
								<ns3:Speed>0.960610</ns3:Speed>
							</ns3:TPX>
						</Extensions>
					</Trackpoint>
					<Trackpoint>
						<Time>2569-03-03T11:42:38Z</Time>
						<Position>
							<LatitudeDegrees>12.585917</LatitudeDegrees>
							<LongitudeDegrees>101.419318</LongitudeDegrees>
						</Position>
						<AltitudeMeters>7.820000</AltitudeMeters>
						<HeartRateBpm>
							<Value>96</Value>
						</HeartRateBpm>
						<Cadence>51</Cadence>
						<Extensions>
							<ns3:TPX>
								<ns3:Speed>0.961540</ns3:Speed>
							</ns3:TPX>
						</Extensions>
					</Trackpoint>
					<Trackpoint>
						<Time>2569-03-03T11:42:39Z</Time>
						<Position>
							<LatitudeDegrees>12.585923</LatitudeDegrees>
							<LongitudeDegrees>101.419325</LongitudeDegrees>
						</Position>
						<AltitudeMeters>7.830000</AltitudeMeters>
						<HeartRateBpm>
							<Value>94</Value>
						</HeartRateBpm>
						<Cadence>51</Cadence>
						<Extensions>
							<ns3:TPX>
								<ns3:Speed>0.963390</ns3:Speed>
							</ns3:TPX>
						</Extensions>
					</Trackpoint>
					<Trackpoint>
						<Time>2569-03-03T11:42:40Z</Time>
						<Position>
							<LatitudeDegrees>12.585927</LatitudeDegrees>
							<LongitudeDegrees>101.419332</LongitudeDegrees>
						</Position>
						<AltitudeMeters>7.840000</AltitudeMeters>
						<HeartRateBpm>
							<Value>93</Value>
						</HeartRateBpm>
						<Cadence>51</Cadence>
						<Extensions>
							<ns3:TPX>
								<ns3:Speed>0.964320</ns3:Speed>
							</ns3:TPX>
						</Extensions>
					</Trackpoint>
					<Trackpoint>
						<Time>2569-03-03T11:42:41Z</Time>
						<Position>
							<LatitudeDegrees>12.585932</LatitudeDegrees>
							<LongitudeDegrees>101.419338</LongitudeDegrees>
						</Position>
						<AltitudeMeters>7.840000</AltitudeMeters>
						<HeartRateBpm>
							<Value>93</Value>
						</HeartRateBpm>
						<Cadence>51</Cadence>
						<Extensions>
							<ns3:TPX>
								<ns3:Speed>0.964320</ns3:Speed>
							</ns3:TPX>
						</Extensions>
					</Trackpoint>
					<Trackpoint>
						<Time>2569-03-03T11:42:42Z</Time>
						<Position>
							<LatitudeDegrees>12.585938</LatitudeDegrees>
							<LongitudeDegrees>101.419345</LongitudeDegrees>
						</Position>
						<AltitudeMeters>7.850000</AltitudeMeters>
						<HeartRateBpm>
							<Value>92</Value>
						</HeartRateBpm>
						<Cadence>50</Cadence>
						<Extensions>
							<ns3:TPX>
								<ns3:Speed>0.964320</ns3:Speed>
							</ns3:TPX>
						</Extensions>
					</Trackpoint>
					<Trackpoint>
						<Time>2569-03-03T11:42:43Z</Time>
						<Position>
							<LatitudeDegrees>12.585941</LatitudeDegrees>
							<LongitudeDegrees>101.419352</LongitudeDegrees>
						</Position>
						<AltitudeMeters>7.860000</AltitudeMeters>
						<HeartRateBpm>
							<Value>92</Value>
						</HeartRateBpm>
						<Cadence>50</Cadence>
						<Extensions>
							<ns3:TPX>
								<ns3:Speed>0.963390</ns3:Speed>
							</ns3:TPX>
						</Extensions>
					</Trackpoint>
					<Trackpoint>
						<Time>2569-03-03T11:42:44Z</Time>
						<Position>
							<LatitudeDegrees>12.585944</LatitudeDegrees>
							<LongitudeDegrees>101.419359</LongitudeDegrees>
						</Position>
						<AltitudeMeters>7.860000</AltitudeMeters>
						<HeartRateBpm>
							<Value>91</Value>
						</HeartRateBpm>
						<Cadence>50</Cadence>
						<Extensions>
							<ns3:TPX>
								<ns3:Speed>0.961540</ns3:Speed>
							</ns3:TPX>
						</Extensions>
					</Trackpoint>
					<Trackpoint>
						<Time>2569-03-03T11:42:45Z</Time>
						<Position>
							<LatitudeDegrees>12.585945</LatitudeDegrees>
							<LongitudeDegrees>101.419366</LongitudeDegrees>
						</Position>
						<AltitudeMeters>7.870000</AltitudeMeters>
						<HeartRateBpm>
							<Value>90</Value>
						</HeartRateBpm>
						<Cadence>50</Cadence>
						<Extensions>
							<ns3:TPX>
								<ns3:Speed>0.959690</ns3:Speed>
							</ns3:TPX>
						</Extensions>
					</Trackpoint>
					<Trackpoint>
						<Time>2569-03-03T11:42:46Z</Time>
						<Position>
							<LatitudeDegrees>12.585945</LatitudeDegrees>
							<LongitudeDegrees>101.419374</LongitudeDegrees>
						</Position>
						<AltitudeMeters>7.870000</AltitudeMeters>
						<HeartRateBpm>
							<Value>90</Value>
						</HeartRateBpm>
						<Cadence>50</Cadence>
						<Extensions>
							<ns3:TPX>
								<ns3:Speed>0.957850</ns3:Speed>
							</ns3:TPX>
						</Extensions>
					</Trackpoint>
					<Trackpoint>
						<Time>2569-03-03T11:42:47Z</Time>
						<Position>
							<LatitudeDegrees>12.585945</LatitudeDegrees>
							<LongitudeDegrees>101.419382</LongitudeDegrees>
						</Position>
						<AltitudeMeters>7.880000</AltitudeMeters>
						<HeartRateBpm>
							<Value>90</Value>
						</HeartRateBpm>
						<Cadence>50</Cadence>
						<Extensions>
							<ns3:TPX>
								<ns3:Speed>0.954200</ns3:Speed>
							</ns3:TPX>
						</Extensions>
					</Trackpoint>
					<Trackpoint>
						<Time>2569-03-03T11:42:49Z</Time>
						<Position>
							<LatitudeDegrees>12.585951</LatitudeDegrees>
							<LongitudeDegrees>101.419396</LongitudeDegrees>
						</Position>
						<AltitudeMeters>7.900000</AltitudeMeters>
						<HeartRateBpm>
							<Value>91</Value>
						</HeartRateBpm>
						<Cadence>50</Cadence>
						<Extensions>
							<ns3:TPX>
								<ns3:Speed>0.945180</ns3:Speed>
							</ns3:TPX>
						</Extensions>
					</Trackpoint>
					<Trackpoint>
						<Time>2569-03-03T11:42:49Z</Time>
						<Position>
							<LatitudeDegrees>12.585951</LatitudeDegrees>
							<LongitudeDegrees>101.419396</LongitudeDegrees>
						</Position>
						<AltitudeMeters>7.900000</AltitudeMeters>
						<HeartRateBpm>
							<Value>91</Value>
						</HeartRateBpm>
						<Cadence>50</Cadence>
						<Extensions>
							<ns3:TPX>
								<ns3:Speed>0.945180</ns3:Speed>
							</ns3:TPX>
						</Extensions>
					</Trackpoint>
					<Trackpoint>
						<Time>2569-03-03T11:42:50Z</Time>
						<Position>
							<LatitudeDegrees>12.585954</LatitudeDegrees>
							<LongitudeDegrees>101.419400</LongitudeDegrees>
						</Position>
						<AltitudeMeters>7.910000</AltitudeMeters>
						<HeartRateBpm>
							<Value>91</Value>
						</HeartRateBpm>
						<Cadence>50</Cadence>
						<Extensions>
							<ns3:TPX>
								<ns3:Speed>0.939850</ns3:Speed>
							</ns3:TPX>
						</Extensions>
					</Trackpoint>
					<Trackpoint>
						<Time>2569-03-03T11:42:51Z</Time>
						<Position>
							<LatitudeDegrees>12.585958</LatitudeDegrees>
							<LongitudeDegrees>101.419403</LongitudeDegrees>
						</Position>
						<AltitudeMeters>7.920000</AltitudeMeters>
						<HeartRateBpm>
							<Value>92</Value>
						</HeartRateBpm>
						<Cadence>49</Cadence>
						<Extensions>
							<ns3:TPX>
								<ns3:Speed>0.935450</ns3:Speed>
							</ns3:TPX>
						</Extensions>
					</Trackpoint>
					<Trackpoint>
						<Time>2569-03-03T11:42:52Z</Time>
						<Position>
							<LatitudeDegrees>12.585963</LatitudeDegrees>
							<LongitudeDegrees>101.419404</LongitudeDegrees>
						</Position>
						<AltitudeMeters>7.920000</AltitudeMeters>
						<HeartRateBpm>
							<Value>92</Value>
						</HeartRateBpm>
						<Cadence>46</Cadence>
						<Extensions>
							<ns3:TPX>
								<ns3:Speed>0.930230</ns3:Speed>
							</ns3:TPX>
						</Extensions>
					</Trackpoint>
					<Trackpoint>
						<Time>2569-03-03T11:42:53Z</Time>
						<Position>
							<LatitudeDegrees>12.585969</LatitudeDegrees>
							<LongitudeDegrees>101.419404</LongitudeDegrees>
						</Position>
						<AltitudeMeters>7.920000</AltitudeMeters>
						<HeartRateBpm>
							<Value>92</Value>
						</HeartRateBpm>
						<Cadence>45</Cadence>
						<Extensions>
							<ns3:TPX>
								<ns3:Speed>0.925070</ns3:Speed>
							</ns3:TPX>
						</Extensions>
					</Trackpoint>
					<Trackpoint>
						<Time>2569-03-03T11:42:54Z</Time>
						<Position>
							<LatitudeDegrees>12.585976</LatitudeDegrees>
							<LongitudeDegrees>101.419403</LongitudeDegrees>
						</Position>
						<AltitudeMeters>7.930000</AltitudeMeters>
						<HeartRateBpm>
							<Value>93</Value>
						</HeartRateBpm>
						<Cadence>44</Cadence>
						<Extensions>
							<ns3:TPX>
								<ns3:Speed>0.919120</ns3:Speed>
							</ns3:TPX>
						</Extensions>
					</Trackpoint>
					<Trackpoint>
						<Time>2569-03-03T11:42:56Z</Time>
						<Position>
							<LatitudeDegrees>12.585983</LatitudeDegrees>
							<LongitudeDegrees>101.419402</LongitudeDegrees>
						</Position>
						<AltitudeMeters>7.940000</AltitudeMeters>
						<HeartRateBpm>
							<Value>91</Value>
						</HeartRateBpm>
						<Cadence>44</Cadence>
						<Extensions>
							<ns3:TPX>
								<ns3:Speed>0.905800</ns3:Speed>
							</ns3:TPX>
						</Extensions>
					</Trackpoint>
					<Trackpoint>
						<Time>2569-03-03T11:42:57Z</Time>
						<Position>
							<LatitudeDegrees>12.585990</LatitudeDegrees>
							<LongitudeDegrees>101.419402</LongitudeDegrees>
						</Position>
						<AltitudeMeters>7.940000</AltitudeMeters>
						<Cadence>44</Cadence>
						<Extensions>
							<ns3:TPX>
								<ns3:Speed>0.899280</ns3:Speed>
							</ns3:TPX>
						</Extensions>
					</Trackpoint>
					<Trackpoint>
						<Time>2569-03-03T11:42:58Z</Time>
						<Position>
							<LatitudeDegrees>12.585998</LatitudeDegrees>
							<LongitudeDegrees>101.419402</LongitudeDegrees>
						</Position>
						<AltitudeMeters>7.940000</AltitudeMeters>
						<HeartRateBpm>
							<Value>91</Value>
						</HeartRateBpm>
						<Cadence>44</Cadence>
						<Extensions>
							<ns3:TPX>
								<ns3:Speed>0.893660</ns3:Speed>
							</ns3:TPX>
						</Extensions>
					</Trackpoint>
					<Trackpoint>
						<Time>2569-03-03T11:42:59Z</Time>
						<Position>
							<LatitudeDegrees>12.586007</LatitudeDegrees>
							<LongitudeDegrees>101.419403</LongitudeDegrees>
						</Position>
						<AltitudeMeters>7.950000</AltitudeMeters>
						<HeartRateBpm>
							<Value>92</Value>
						</HeartRateBpm>
						<Cadence>45</Cadence>
						<Extensions>
							<ns3:TPX>
								<ns3:Speed>0.888890</ns3:Speed>
							</ns3:TPX>
						</Extensions>
					</Trackpoint>
					<Trackpoint>
						<Time>2569-03-03T11:43:00Z</Time>
						<Position>
							<LatitudeDegrees>12.586016</LatitudeDegrees>
							<LongitudeDegrees>101.419405</LongitudeDegrees>
						</Position>
						<AltitudeMeters>7.950000</AltitudeMeters>
						<HeartRateBpm>
							<Value>92</Value>
						</HeartRateBpm>
						<Cadence>45</Cadence>
						<Extensions>
							<ns3:TPX>
								<ns3:Speed>0.886520</ns3:Speed>
							</ns3:TPX>
						</Extensions>
					</Trackpoint>
					<Trackpoint>
						<Time>2569-03-03T11:43:01Z</Time>
						<Position>
							<LatitudeDegrees>12.586026</LatitudeDegrees>
							<LongitudeDegrees>101.419406</LongitudeDegrees>
						</Position>
						<AltitudeMeters>7.960000</AltitudeMeters>
						<HeartRateBpm>
							<Value>94</Value>
						</HeartRateBpm>
						<Cadence>46</Cadence>
						<Extensions>
							<ns3:TPX>
								<ns3:Speed>0.884960</ns3:Speed>
							</ns3:TPX>
						</Extensions>
					</Trackpoint>
					<Trackpoint>
						<Time>2569-03-03T11:43:02Z</Time>
						<Position>
							<LatitudeDegrees>12.586037</LatitudeDegrees>
							<LongitudeDegrees>101.419407</LongitudeDegrees>
						</Position>
						<AltitudeMeters>7.960000</AltitudeMeters>
						<HeartRateBpm>
							<Value>94</Value>
						</HeartRateBpm>
						<Cadence>47</Cadence>
						<Extensions>
							<ns3:TPX>
								<ns3:Speed>0.884170</ns3:Speed>
							</ns3:TPX>
						</Extensions>
					</Trackpoint>
					<Trackpoint>
						<Time>2569-03-03T11:43:03Z</Time>
						<Position>
							<LatitudeDegrees>12.586046</LatitudeDegrees>
							<LongitudeDegrees>101.419409</LongitudeDegrees>
						</Position>
						<AltitudeMeters>7.970000</AltitudeMeters>
						<HeartRateBpm>
							<Value>96</Value>
						</HeartRateBpm>
						<Cadence>48</Cadence>
						<Extensions>
							<ns3:TPX>
								<ns3:Speed>0.885740</ns3:Speed>
							</ns3:TPX>
						</Extensions>
					</Trackpoint>
					<Trackpoint>
						<Time>2569-03-03T11:43:04Z</Time>
						<Position>
							<LatitudeDegrees>12.586056</LatitudeDegrees>
							<LongitudeDegrees>101.419412</LongitudeDegrees>
						</Position>
						<AltitudeMeters>7.970000</AltitudeMeters>
						<HeartRateBpm>
							<Value>95</Value>
						</HeartRateBpm>
						<Cadence>48</Cadence>
						<Extensions>
							<ns3:TPX>
								<ns3:Speed>0.888890</ns3:Speed>
							</ns3:TPX>
						</Extensions>
					</Trackpoint>
					<Trackpoint>
						<Time>2569-03-03T11:43:05Z</Time>
						<Position>
							<LatitudeDegrees>12.586064</LatitudeDegrees>
							<LongitudeDegrees>101.419414</LongitudeDegrees>
						</Position>
						<AltitudeMeters>7.970000</AltitudeMeters>
						<HeartRateBpm>
							<Value>95</Value>
						</HeartRateBpm>
						<Cadence>49</Cadence>
						<Extensions>
							<ns3:TPX>
								<ns3:Speed>0.892860</ns3:Speed>
							</ns3:TPX>
						</Extensions>
					</Trackpoint>
					<Trackpoint>
						<Time>2569-03-03T11:43:06Z</Time>
						<Position>
							<LatitudeDegrees>12.586071</LatitudeDegrees>
							<LongitudeDegrees>101.419416</LongitudeDegrees>
						</Position>
						<AltitudeMeters>7.980000</AltitudeMeters>
						<HeartRateBpm>
							<Value>95</Value>
						</HeartRateBpm>
						<Cadence>49</Cadence>
						<Extensions>
							<ns3:TPX>
								<ns3:Speed>0.896060</ns3:Speed>
							</ns3:TPX>
						</Extensions>
					</Trackpoint>
					<Trackpoint>
						<Time>2569-03-03T11:43:07Z</Time>
						<Position>
							<LatitudeDegrees>12.586079</LatitudeDegrees>
							<LongitudeDegrees>101.419419</LongitudeDegrees>
						</Position>
						<AltitudeMeters>7.990000</AltitudeMeters>
						<HeartRateBpm>
							<Value>95</Value>
						</HeartRateBpm>
						<Cadence>49</Cadence>
						<Extensions>
							<ns3:TPX>
								<ns3:Speed>0.899280</ns3:Speed>
							</ns3:TPX>
						</Extensions>
					</Trackpoint>
					<Trackpoint>
						<Time>2569-03-03T11:43:08Z</Time>
						<Position>
							<LatitudeDegrees>12.586088</LatitudeDegrees>
							<LongitudeDegrees>101.419421</LongitudeDegrees>
						</Position>
						<AltitudeMeters>8.000000</AltitudeMeters>
						<HeartRateBpm>
							<Value>94</Value>
						</HeartRateBpm>
						<Cadence>49</Cadence>
						<Extensions>
							<ns3:TPX>
								<ns3:Speed>0.902530</ns3:Speed>
							</ns3:TPX>
						</Extensions>
					</Trackpoint>
					<Trackpoint>
						<Time>2569-03-03T11:43:09Z</Time>
						<Position>
							<LatitudeDegrees>12.586097</LatitudeDegrees>
							<LongitudeDegrees>101.419424</LongitudeDegrees>
						</Position>
						<AltitudeMeters>8.010000</AltitudeMeters>
						<HeartRateBpm>
							<Value>94</Value>
						</HeartRateBpm>
						<Cadence>50</Cadence>
						<Extensions>
							<ns3:TPX>
								<ns3:Speed>0.904980</ns3:Speed>
							</ns3:TPX>
						</Extensions>
					</Trackpoint>
					<Trackpoint>
						<Time>2569-03-03T11:43:10Z</Time>
						<Position>
							<LatitudeDegrees>12.586108</LatitudeDegrees>
							<LongitudeDegrees>101.419426</LongitudeDegrees>
						</Position>
						<AltitudeMeters>8.010000</AltitudeMeters>
						<HeartRateBpm>
							<Value>94</Value>
						</HeartRateBpm>
						<Cadence>50</Cadence>
						<Extensions>
							<ns3:TPX>
								<ns3:Speed>0.906620</ns3:Speed>
							</ns3:TPX>
						</Extensions>
					</Trackpoint>
					<Trackpoint>
						<Time>2569-03-03T11:43:11Z</Time>
						<Position>
							<LatitudeDegrees>12.586119</LatitudeDegrees>
							<LongitudeDegrees>101.419426</LongitudeDegrees>
						</Position>
						<AltitudeMeters>8.020000</AltitudeMeters>
						<HeartRateBpm>
							<Value>94</Value>
						</HeartRateBpm>
						<Cadence>50</Cadence>
						<Extensions>
							<ns3:TPX>
								<ns3:Speed>0.908270</ns3:Speed>
							</ns3:TPX>
						</Extensions>
					</Trackpoint>
					<Trackpoint>
						<Time>2569-03-03T11:43:12Z</Time>
						<Position>
							<LatitudeDegrees>12.586129</LatitudeDegrees>
							<LongitudeDegrees>101.419427</LongitudeDegrees>
						</Position>
						<AltitudeMeters>8.020000</AltitudeMeters>
						<HeartRateBpm>
							<Value>94</Value>
						</HeartRateBpm>
						<Cadence>50</Cadence>
						<Extensions>
							<ns3:TPX>
								<ns3:Speed>0.910750</ns3:Speed>
							</ns3:TPX>
						</Extensions>
					</Trackpoint>
					<Trackpoint>
						<Time>2569-03-03T11:43:13Z</Time>
						<Position>
							<LatitudeDegrees>12.586140</LatitudeDegrees>
							<LongitudeDegrees>101.419428</LongitudeDegrees>
						</Position>
						<AltitudeMeters>8.020000</AltitudeMeters>
						<HeartRateBpm>
							<Value>95</Value>
						</HeartRateBpm>
						<Cadence>50</Cadence>
						<Extensions>
							<ns3:TPX>
								<ns3:Speed>0.914080</ns3:Speed>
							</ns3:TPX>
						</Extensions>
					</Trackpoint>
					<Trackpoint>
						<Time>2569-03-03T11:43:14Z</Time>
						<Position>
							<LatitudeDegrees>12.586149</LatitudeDegrees>
							<LongitudeDegrees>101.419428</LongitudeDegrees>
						</Position>
						<AltitudeMeters>8.010000</AltitudeMeters>
						<HeartRateBpm>
							<Value>97</Value>
						</HeartRateBpm>
						<Cadence>50</Cadence>
						<Extensions>
							<ns3:TPX>
								<ns3:Speed>0.918270</ns3:Speed>
							</ns3:TPX>
						</Extensions>
					</Trackpoint>
					<Trackpoint>
						<Time>2569-03-03T11:43:15Z</Time>
						<Position>
							<LatitudeDegrees>12.586160</LatitudeDegrees>
							<LongitudeDegrees>101.419427</LongitudeDegrees>
						</Position>
						<AltitudeMeters>8.010000</AltitudeMeters>
						<HeartRateBpm>
							<Value>98</Value>
						</HeartRateBpm>
						<Cadence>50</Cadence>
						<Extensions>
							<ns3:TPX>
								<ns3:Speed>0.923360</ns3:Speed>
							</ns3:TPX>
						</Extensions>
					</Trackpoint>
					<Trackpoint>
						<Time>2569-03-03T11:43:16Z</Time>
						<Position>
							<LatitudeDegrees>12.586170</LatitudeDegrees>
							<LongitudeDegrees>101.419425</LongitudeDegrees>
						</Position>
						<AltitudeMeters>8.000000</AltitudeMeters>
						<HeartRateBpm>
							<Value>97</Value>
						</HeartRateBpm>
						<Cadence>50</Cadence>
						<Extensions>
							<ns3:TPX>
								<ns3:Speed>0.928510</ns3:Speed>
							</ns3:TPX>
						</Extensions>
					</Trackpoint>
					<Trackpoint>
						<Time>2569-03-03T11:43:17Z</Time>
						<Position>
							<LatitudeDegrees>12.586180</LatitudeDegrees>
							<LongitudeDegrees>101.419424</LongitudeDegrees>
						</Position>
						<AltitudeMeters>8.000000</AltitudeMeters>
						<HeartRateBpm>
							<Value>97</Value>
						</HeartRateBpm>
						<Cadence>50</Cadence>
						<Extensions>
							<ns3:TPX>
								<ns3:Speed>0.933710</ns3:Speed>
							</ns3:TPX>
						</Extensions>
					</Trackpoint>
					<Trackpoint>
						<Time>2569-03-03T11:43:18Z</Time>
						<Position>
							<LatitudeDegrees>12.586190</LatitudeDegrees>
							<LongitudeDegrees>101.419423</LongitudeDegrees>
						</Position>
						<AltitudeMeters>7.990000</AltitudeMeters>
						<HeartRateBpm>
							<Value>98</Value>
						</HeartRateBpm>
						<Cadence>49</Cadence>
						<Extensions>
							<ns3:TPX>
								<ns3:Speed>0.938970</ns3:Speed>
							</ns3:TPX>
						</Extensions>
					</Trackpoint>
					<Trackpoint>
						<Time>2569-03-03T11:43:19Z</Time>
						<Position>
							<LatitudeDegrees>12.586200</LatitudeDegrees>
							<LongitudeDegrees>101.419421</LongitudeDegrees>
						</Position>
						<AltitudeMeters>7.980000</AltitudeMeters>
						<HeartRateBpm>
							<Value>98</Value>
						</HeartRateBpm>
						<Cadence>50</Cadence>
						<Extensions>
							<ns3:TPX>
								<ns3:Speed>0.943400</ns3:Speed>
							</ns3:TPX>
						</Extensions>
					</Trackpoint>
					<Trackpoint>
						<Time>2569-03-03T11:43:20Z</Time>
						<Position>
							<LatitudeDegrees>12.586209</LatitudeDegrees>
							<LongitudeDegrees>101.419419</LongitudeDegrees>
						</Position>
						<AltitudeMeters>7.960000</AltitudeMeters>
						<HeartRateBpm>
							<Value>98</Value>
						</HeartRateBpm>
						<Cadence>50</Cadence>
						<Extensions>
							<ns3:TPX>
								<ns3:Speed>0.946970</ns3:Speed>
							</ns3:TPX>
						</Extensions>
					</Trackpoint>
					<Trackpoint>
						<Time>2569-03-03T11:43:21Z</Time>
						<Position>
							<LatitudeDegrees>12.586219</LatitudeDegrees>
							<LongitudeDegrees>101.419416</LongitudeDegrees>
						</Position>
						<AltitudeMeters>7.950000</AltitudeMeters>
						<HeartRateBpm>
							<Value>98</Value>
						</HeartRateBpm>
						<Cadence>50</Cadence>
						<Extensions>
							<ns3:TPX>
								<ns3:Speed>0.951470</ns3:Speed>
							</ns3:TPX>
						</Extensions>
					</Trackpoint>
					<Trackpoint>
						<Time>2569-03-03T11:43:22Z</Time>
						<Position>
							<LatitudeDegrees>12.586229</LatitudeDegrees>
							<LongitudeDegrees>101.419413</LongitudeDegrees>
						</Position>
						<AltitudeMeters>7.930000</AltitudeMeters>
						<HeartRateBpm>
							<Value>98</Value>
						</HeartRateBpm>
						<Cadence>50</Cadence>
						<Extensions>
							<ns3:TPX>
								<ns3:Speed>0.955110</ns3:Speed>
							</ns3:TPX>
						</Extensions>
					</Trackpoint>
					<Trackpoint>
						<Time>2569-03-03T11:43:23Z</Time>
						<Position>
							<LatitudeDegrees>12.586240</LatitudeDegrees>
							<LongitudeDegrees>101.419410</LongitudeDegrees>
						</Position>
						<AltitudeMeters>7.900000</AltitudeMeters>
						<HeartRateBpm>
							<Value>98</Value>
						</HeartRateBpm>
						<Cadence>51</Cadence>
						<Extensions>
							<ns3:TPX>
								<ns3:Speed>0.958770</ns3:Speed>
							</ns3:TPX>
						</Extensions>
					</Trackpoint>
					<Trackpoint>
						<Time>2569-03-03T11:43:24Z</Time>
						<Position>
							<LatitudeDegrees>12.586250</LatitudeDegrees>
							<LongitudeDegrees>101.419408</LongitudeDegrees>
						</Position>
						<AltitudeMeters>7.870000</AltitudeMeters>
						<HeartRateBpm>
							<Value>98</Value>
						</HeartRateBpm>
						<Cadence>51</Cadence>
						<Extensions>
							<ns3:TPX>
								<ns3:Speed>0.962460</ns3:Speed>
							</ns3:TPX>
						</Extensions>
					</Trackpoint>
					<Trackpoint>
						<Time>2569-03-03T11:43:25Z</Time>
						<Position>
							<LatitudeDegrees>12.586260</LatitudeDegrees>
							<LongitudeDegrees>101.419405</LongitudeDegrees>
						</Position>
						<AltitudeMeters>7.840000</AltitudeMeters>
						<HeartRateBpm>
							<Value>98</Value>
						</HeartRateBpm>
						<Cadence>51</Cadence>
						<Extensions>
							<ns3:TPX>
								<ns3:Speed>0.966180</ns3:Speed>
							</ns3:TPX>
						</Extensions>
					</Trackpoint>
					<Trackpoint>
						<Time>2569-03-03T11:43:26Z</Time>
						<Position>
							<LatitudeDegrees>12.586270</LatitudeDegrees>
							<LongitudeDegrees>101.419402</LongitudeDegrees>
						</Position>
						<AltitudeMeters>7.810000</AltitudeMeters>
						<HeartRateBpm>
							<Value>99</Value>
						</HeartRateBpm>
						<Cadence>51</Cadence>
						<Extensions>
							<ns3:TPX>
								<ns3:Speed>0.969930</ns3:Speed>
							</ns3:TPX>
						</Extensions>
					</Trackpoint>
					<Trackpoint>
						<Time>2569-03-03T11:43:27Z</Time>
						<Position>
							<LatitudeDegrees>12.586280</LatitudeDegrees>
							<LongitudeDegrees>101.419398</LongitudeDegrees>
						</Position>
						<AltitudeMeters>7.770000</AltitudeMeters>
						<HeartRateBpm>
							<Value>98</Value>
						</HeartRateBpm>
						<Cadence>51</Cadence>
						<Extensions>
							<ns3:TPX>
								<ns3:Speed>0.973710</ns3:Speed>
							</ns3:TPX>
						</Extensions>
					</Trackpoint>
					<Trackpoint>
						<Time>2569-03-03T11:43:28Z</Time>
						<Position>
							<LatitudeDegrees>12.586289</LatitudeDegrees>
							<LongitudeDegrees>101.419395</LongitudeDegrees>
						</Position>
						<AltitudeMeters>7.740000</AltitudeMeters>
						<HeartRateBpm>
							<Value>99</Value>
						</HeartRateBpm>
						<Cadence>51</Cadence>
						<Extensions>
							<ns3:TPX>
								<ns3:Speed>0.977520</ns3:Speed>
							</ns3:TPX>
						</Extensions>
					</Trackpoint>
					<Trackpoint>
						<Time>2569-03-03T11:43:29Z</Time>
						<Position>
							<LatitudeDegrees>12.586299</LatitudeDegrees>
							<LongitudeDegrees>101.419392</LongitudeDegrees>
						</Position>
						<AltitudeMeters>7.710000</AltitudeMeters>
						<HeartRateBpm>
							<Value>100</Value>
						</HeartRateBpm>
						<Cadence>51</Cadence>
						<Extensions>
							<ns3:TPX>
								<ns3:Speed>0.981350</ns3:Speed>
							</ns3:TPX>
						</Extensions>
					</Trackpoint>
					<Trackpoint>
						<Time>2569-03-03T11:43:30Z</Time>
						<Position>
							<LatitudeDegrees>12.586309</LatitudeDegrees>
							<LongitudeDegrees>101.419389</LongitudeDegrees>
						</Position>
						<AltitudeMeters>7.660000</AltitudeMeters>
						<HeartRateBpm>
							<Value>100</Value>
						</HeartRateBpm>
						<Cadence>51</Cadence>
						<Extensions>
							<ns3:TPX>
								<ns3:Speed>0.984250</ns3:Speed>
							</ns3:TPX>
						</Extensions>
					</Trackpoint>
					<Trackpoint>
						<Time>2569-03-03T11:43:31Z</Time>
						<Position>
							<LatitudeDegrees>12.586318</LatitudeDegrees>
							<LongitudeDegrees>101.419385</LongitudeDegrees>
						</Position>
						<AltitudeMeters>7.620000</AltitudeMeters>
						<HeartRateBpm>
							<Value>100</Value>
						</HeartRateBpm>
						<Cadence>52</Cadence>
						<Extensions>
							<ns3:TPX>
								<ns3:Speed>0.987170</ns3:Speed>
							</ns3:TPX>
						</Extensions>
					</Trackpoint>
					<Trackpoint>
						<Time>2569-03-03T11:43:32Z</Time>
						<Position>
							<LatitudeDegrees>12.586326</LatitudeDegrees>
							<LongitudeDegrees>101.419383</LongitudeDegrees>
						</Position>
						<AltitudeMeters>7.580000</AltitudeMeters>
						<HeartRateBpm>
							<Value>99</Value>
						</HeartRateBpm>
						<Cadence>52</Cadence>
						<Extensions>
							<ns3:TPX>
								<ns3:Speed>0.990100</ns3:Speed>
							</ns3:TPX>
						</Extensions>
					</Trackpoint>
					<Trackpoint>
						<Time>2569-03-03T11:43:33Z</Time>
						<Position>
							<LatitudeDegrees>12.586334</LatitudeDegrees>
							<LongitudeDegrees>101.419381</LongitudeDegrees>
						</Position>
						<AltitudeMeters>7.550000</AltitudeMeters>
						<HeartRateBpm>
							<Value>99</Value>
						</HeartRateBpm>
						<Cadence>51</Cadence>
						<Extensions>
							<ns3:TPX>
								<ns3:Speed>0.992060</ns3:Speed>
							</ns3:TPX>
						</Extensions>
					</Trackpoint>
					<Trackpoint>
						<Time>2569-03-03T11:43:34Z</Time>
						<Position>
							<LatitudeDegrees>12.586343</LatitudeDegrees>
							<LongitudeDegrees>101.419378</LongitudeDegrees>
						</Position>
						<AltitudeMeters>7.510000</AltitudeMeters>
						<HeartRateBpm>
							<Value>98</Value>
						</HeartRateBpm>
						<Cadence>51</Cadence>
						<Extensions>
							<ns3:TPX>
								<ns3:Speed>0.994040</ns3:Speed>
							</ns3:TPX>
						</Extensions>
					</Trackpoint>
					<Trackpoint>
						<Time>2569-03-03T11:43:35Z</Time>
						<Position>
							<LatitudeDegrees>12.586351</LatitudeDegrees>
							<LongitudeDegrees>101.419375</LongitudeDegrees>
						</Position>
						<AltitudeMeters>7.490000</AltitudeMeters>
						<HeartRateBpm>
							<Value>98</Value>
						</HeartRateBpm>
						<Cadence>51</Cadence>
						<Extensions>
							<ns3:TPX>
								<ns3:Speed>0.995020</ns3:Speed>
							</ns3:TPX>
						</Extensions>
					</Trackpoint>
					<Trackpoint>
						<Time>2569-03-03T11:43:36Z</Time>
						<Position>
							<LatitudeDegrees>12.586359</LatitudeDegrees>
							<LongitudeDegrees>101.419373</LongitudeDegrees>
						</Position>
						<AltitudeMeters>7.450000</AltitudeMeters>
						<HeartRateBpm>
							<Value>98</Value>
						</HeartRateBpm>
						<Cadence>51</Cadence>
						<Extensions>
							<ns3:TPX>
								<ns3:Speed>0.995020</ns3:Speed>
							</ns3:TPX>
						</Extensions>
					</Trackpoint>
					<Trackpoint>
						<Time>2569-03-03T11:43:37Z</Time>
						<Position>
							<LatitudeDegrees>12.586366</LatitudeDegrees>
							<LongitudeDegrees>101.419371</LongitudeDegrees>
						</Position>
						<AltitudeMeters>7.420000</AltitudeMeters>
						<HeartRateBpm>
							<Value>98</Value>
						</HeartRateBpm>
						<Cadence>51</Cadence>
						<Extensions>
							<ns3:TPX>
								<ns3:Speed>0.994040</ns3:Speed>
							</ns3:TPX>
						</Extensions>
					</Trackpoint>
					<Trackpoint>
						<Time>2569-03-03T11:43:38Z</Time>
						<Position>
							<LatitudeDegrees>12.586373</LatitudeDegrees>
							<LongitudeDegrees>101.419369</LongitudeDegrees>
						</Position>
						<AltitudeMeters>7.380000</AltitudeMeters>
						<HeartRateBpm>
							<Value>98</Value>
						</HeartRateBpm>
						<Cadence>50</Cadence>
						<Extensions>
							<ns3:TPX>
								<ns3:Speed>0.992060</ns3:Speed>
							</ns3:TPX>
						</Extensions>
					</Trackpoint>
					<Trackpoint>
						<Time>2569-03-03T11:43:39Z</Time>
						<Position>
							<LatitudeDegrees>12.586381</LatitudeDegrees>
							<LongitudeDegrees>101.419368</LongitudeDegrees>
						</Position>
						<AltitudeMeters>7.360000</AltitudeMeters>
						<HeartRateBpm>
							<Value>99</Value>
						</HeartRateBpm>
						<Cadence>49</Cadence>
						<Extensions>
							<ns3:TPX>
								<ns3:Speed>0.990100</ns3:Speed>
							</ns3:TPX>
						</Extensions>
					</Trackpoint>
					<Trackpoint>
						<Time>2569-03-03T11:43:40Z</Time>
						<Position>
							<LatitudeDegrees>12.586388</LatitudeDegrees>
							<LongitudeDegrees>101.419368</LongitudeDegrees>
						</Position>
						<AltitudeMeters>7.340000</AltitudeMeters>
						<HeartRateBpm>
							<Value>99</Value>
						</HeartRateBpm>
						<Cadence>49</Cadence>
						<Extensions>
							<ns3:TPX>
								<ns3:Speed>0.986190</ns3:Speed>
							</ns3:TPX>
						</Extensions>
					</Trackpoint>
					<Trackpoint>
						<Time>2569-03-03T11:43:41Z</Time>
						<Position>
							<LatitudeDegrees>12.586395</LatitudeDegrees>
							<LongitudeDegrees>101.419367</LongitudeDegrees>
						</Position>
						<AltitudeMeters>7.310000</AltitudeMeters>
						<HeartRateBpm>
							<Value>99</Value>
						</HeartRateBpm>
						<Cadence>49</Cadence>
						<Extensions>
							<ns3:TPX>
								<ns3:Speed>0.982320</ns3:Speed>
							</ns3:TPX>
						</Extensions>
					</Trackpoint>
					<Trackpoint>
						<Time>2569-03-03T11:43:42Z</Time>
						<Position>
							<LatitudeDegrees>12.586402</LatitudeDegrees>
							<LongitudeDegrees>101.419367</LongitudeDegrees>
						</Position>
						<AltitudeMeters>7.270000</AltitudeMeters>
						<HeartRateBpm>
							<Value>98</Value>
						</HeartRateBpm>
						<Cadence>49</Cadence>
						<Extensions>
							<ns3:TPX>
								<ns3:Speed>0.977520</ns3:Speed>
							</ns3:TPX>
						</Extensions>
					</Trackpoint>
					<Trackpoint>
						<Time>2569-03-03T11:43:43Z</Time>
						<Position>
							<LatitudeDegrees>12.586410</LatitudeDegrees>
							<LongitudeDegrees>101.419368</LongitudeDegrees>
						</Position>
						<AltitudeMeters>7.260000</AltitudeMeters>
						<HeartRateBpm>
							<Value>98</Value>
						</HeartRateBpm>
						<Cadence>49</Cadence>
						<Extensions>
							<ns3:TPX>
								<ns3:Speed>0.972760</ns3:Speed>
							</ns3:TPX>
						</Extensions>
					</Trackpoint>
					<Trackpoint>
						<Time>2569-03-03T11:43:44Z</Time>
						<Position>
							<LatitudeDegrees>12.586418</LatitudeDegrees>
							<LongitudeDegrees>101.419368</LongitudeDegrees>
						</Position>
						<AltitudeMeters>7.220000</AltitudeMeters>
						<HeartRateBpm>
							<Value>98</Value>
						</HeartRateBpm>
						<Cadence>50</Cadence>
						<Extensions>
							<ns3:TPX>
								<ns3:Speed>0.968050</ns3:Speed>
							</ns3:TPX>
						</Extensions>
					</Trackpoint>
					<Trackpoint>
						<Time>2569-03-03T11:43:45Z</Time>
						<Position>
							<LatitudeDegrees>12.586426</LatitudeDegrees>
							<LongitudeDegrees>101.419367</LongitudeDegrees>
						</Position>
						<AltitudeMeters>7.190000</AltitudeMeters>
						<HeartRateBpm>
							<Value>98</Value>
						</HeartRateBpm>
						<Cadence>51</Cadence>
						<Extensions>
							<ns3:TPX>
								<ns3:Speed>0.963390</ns3:Speed>
							</ns3:TPX>
						</Extensions>
					</Trackpoint>
					<Trackpoint>
						<Time>2569-03-03T11:43:46Z</Time>
						<Position>
							<LatitudeDegrees>12.586434</LatitudeDegrees>
							<LongitudeDegrees>101.419369</LongitudeDegrees>
						</Position>
						<AltitudeMeters>7.160000</AltitudeMeters>
						<HeartRateBpm>
							<Value>99</Value>
						</HeartRateBpm>
						<Cadence>51</Cadence>
						<Extensions>
							<ns3:TPX>
								<ns3:Speed>0.959690</ns3:Speed>
							</ns3:TPX>
						</Extensions>
					</Trackpoint>
					<Trackpoint>
						<Time>2569-03-03T11:43:47Z</Time>
						<Position>
							<LatitudeDegrees>12.586442</LatitudeDegrees>
							<LongitudeDegrees>101.419371</LongitudeDegrees>
						</Position>
						<AltitudeMeters>7.150000</AltitudeMeters>
						<HeartRateBpm>
							<Value>99</Value>
						</HeartRateBpm>
						<Cadence>51</Cadence>
						<Extensions>
							<ns3:TPX>
								<ns3:Speed>0.955110</ns3:Speed>
							</ns3:TPX>
						</Extensions>
					</Trackpoint>
					<Trackpoint>
						<Time>2569-03-03T11:43:48Z</Time>
						<Position>
							<LatitudeDegrees>12.586450</LatitudeDegrees>
							<LongitudeDegrees>101.419374</LongitudeDegrees>
						</Position>
						<AltitudeMeters>7.130000</AltitudeMeters>
						<HeartRateBpm>
							<Value>99</Value>
						</HeartRateBpm>
						<Cadence>51</Cadence>
						<Extensions>
							<ns3:TPX>
								<ns3:Speed>0.951470</ns3:Speed>
							</ns3:TPX>
						</Extensions>
					</Trackpoint>
					<Trackpoint>
						<Time>2569-03-03T11:43:49Z</Time>
						<Position>
							<LatitudeDegrees>12.586459</LatitudeDegrees>
							<LongitudeDegrees>101.419377</LongitudeDegrees>
						</Position>
						<AltitudeMeters>7.110000</AltitudeMeters>
						<HeartRateBpm>
							<Value>99</Value>
						</HeartRateBpm>
						<Cadence>51</Cadence>
						<Extensions>
							<ns3:TPX>
								<ns3:Speed>0.948770</ns3:Speed>
							</ns3:TPX>
						</Extensions>
					</Trackpoint>
					<Trackpoint>
						<Time>2569-03-03T11:43:50Z</Time>
						<Position>
							<LatitudeDegrees>12.586467</LatitudeDegrees>
							<LongitudeDegrees>101.419378</LongitudeDegrees>
						</Position>
						<AltitudeMeters>7.080000</AltitudeMeters>
						<HeartRateBpm>
							<Value>99</Value>
						</HeartRateBpm>
						<Cadence>50</Cadence>
						<Extensions>
							<ns3:TPX>
								<ns3:Speed>0.946070</ns3:Speed>
							</ns3:TPX>
						</Extensions>
					</Trackpoint>
					<Trackpoint>
						<Time>2569-03-03T11:43:51Z</Time>
						<Position>
							<LatitudeDegrees>12.586476</LatitudeDegrees>
							<LongitudeDegrees>101.419379</LongitudeDegrees>
						</Position>
						<AltitudeMeters>7.060000</AltitudeMeters>
						<HeartRateBpm>
							<Value>100</Value>
						</HeartRateBpm>
						<Cadence>50</Cadence>
						<Extensions>
							<ns3:TPX>
								<ns3:Speed>0.944290</ns3:Speed>
							</ns3:TPX>
						</Extensions>
					</Trackpoint>
					<Trackpoint>
						<Time>2569-03-03T11:43:52Z</Time>
						<Position>
							<LatitudeDegrees>12.586487</LatitudeDegrees>
							<LongitudeDegrees>101.419380</LongitudeDegrees>
						</Position>
						<AltitudeMeters>7.020000</AltitudeMeters>
						<HeartRateBpm>
							<Value>100</Value>
						</HeartRateBpm>
						<Cadence>49</Cadence>
						<Extensions>
							<ns3:TPX>
								<ns3:Speed>0.943400</ns3:Speed>
							</ns3:TPX>
						</Extensions>
					</Trackpoint>
					<Trackpoint>
						<Time>2569-03-03T11:43:53Z</Time>
						<Position>
							<LatitudeDegrees>12.586497</LatitudeDegrees>
							<LongitudeDegrees>101.419381</LongitudeDegrees>
						</Position>
						<AltitudeMeters>7.000000</AltitudeMeters>
						<HeartRateBpm>
							<Value>99</Value>
						</HeartRateBpm>
						<Cadence>49</Cadence>
						<Extensions>
							<ns3:TPX>
								<ns3:Speed>0.942510</ns3:Speed>
							</ns3:TPX>
						</Extensions>
					</Trackpoint>
					<Trackpoint>
						<Time>2569-03-03T11:43:54Z</Time>
						<Position>
							<LatitudeDegrees>12.586507</LatitudeDegrees>
							<LongitudeDegrees>101.419381</LongitudeDegrees>
						</Position>
						<AltitudeMeters>6.990000</AltitudeMeters>
						<HeartRateBpm>
							<Value>99</Value>
						</HeartRateBpm>
						<Cadence>48</Cadence>
						<Extensions>
							<ns3:TPX>
								<ns3:Speed>0.942510</ns3:Speed>
							</ns3:TPX>
						</Extensions>
					</Trackpoint>
					<Trackpoint>
						<Time>2569-03-03T11:43:55Z</Time>
						<Position>
							<LatitudeDegrees>12.586516</LatitudeDegrees>
							<LongitudeDegrees>101.419382</LongitudeDegrees>
						</Position>
						<AltitudeMeters>6.960000</AltitudeMeters>
						<HeartRateBpm>
							<Value>99</Value>
						</HeartRateBpm>
						<Cadence>48</Cadence>
						<Extensions>
							<ns3:TPX>
								<ns3:Speed>0.944290</ns3:Speed>
							</ns3:TPX>
						</Extensions>
					</Trackpoint>
					<Trackpoint>
						<Time>2569-03-03T11:43:56Z</Time>
						<Position>
							<LatitudeDegrees>12.586525</LatitudeDegrees>
							<LongitudeDegrees>101.419384</LongitudeDegrees>
						</Position>
						<AltitudeMeters>6.940000</AltitudeMeters>
						<HeartRateBpm>
							<Value>99</Value>
						</HeartRateBpm>
						<Cadence>49</Cadence>
						<Extensions>
							<ns3:TPX>
								<ns3:Speed>0.946070</ns3:Speed>
							</ns3:TPX>
						</Extensions>
					</Trackpoint>
					<Trackpoint>
						<Time>2569-03-03T11:43:57Z</Time>
						<Position>
							<LatitudeDegrees>12.586534</LatitudeDegrees>
							<LongitudeDegrees>101.419385</LongitudeDegrees>
						</Position>
						<AltitudeMeters>6.930000</AltitudeMeters>
						<HeartRateBpm>
							<Value>98</Value>
						</HeartRateBpm>
						<Cadence>49</Cadence>
						<Extensions>
							<ns3:TPX>
								<ns3:Speed>0.947870</ns3:Speed>
							</ns3:TPX>
						</Extensions>
					</Trackpoint>
					<Trackpoint>
						<Time>2569-03-03T11:43:58Z</Time>
						<Position>
							<LatitudeDegrees>12.586542</LatitudeDegrees>
							<LongitudeDegrees>101.419387</LongitudeDegrees>
						</Position>
						<AltitudeMeters>6.920000</AltitudeMeters>
						<HeartRateBpm>
							<Value>98</Value>
						</HeartRateBpm>
						<Cadence>49</Cadence>
						<Extensions>
							<ns3:TPX>
								<ns3:Speed>0.949670</ns3:Speed>
							</ns3:TPX>
						</Extensions>
					</Trackpoint>
					<Trackpoint>
						<Time>2569-03-03T11:43:59Z</Time>
						<Position>
							<LatitudeDegrees>12.586551</LatitudeDegrees>
							<LongitudeDegrees>101.419387</LongitudeDegrees>
						</Position>
						<AltitudeMeters>6.910000</AltitudeMeters>
						<HeartRateBpm>
							<Value>99</Value>
						</HeartRateBpm>
						<Cadence>49</Cadence>
						<Extensions>
							<ns3:TPX>
								<ns3:Speed>0.951470</ns3:Speed>
							</ns3:TPX>
						</Extensions>
					</Trackpoint>
					<Trackpoint>
						<Time>2569-03-03T11:44:00Z</Time>
						<Position>
							<LatitudeDegrees>12.586559</LatitudeDegrees>
							<LongitudeDegrees>101.419387</LongitudeDegrees>
						</Position>
						<AltitudeMeters>6.900000</AltitudeMeters>
						<HeartRateBpm>
							<Value>100</Value>
						</HeartRateBpm>
						<Cadence>49</Cadence>
						<Extensions>
							<ns3:TPX>
								<ns3:Speed>0.952380</ns3:Speed>
							</ns3:TPX>
						</Extensions>
					</Trackpoint>
					<Trackpoint>
						<Time>2569-03-03T11:44:01Z</Time>
						<Position>
							<LatitudeDegrees>12.586567</LatitudeDegrees>
							<LongitudeDegrees>101.419387</LongitudeDegrees>
						</Position>
						<AltitudeMeters>6.890000</AltitudeMeters>
						<HeartRateBpm>
							<Value>99</Value>
						</HeartRateBpm>
						<Cadence>49</Cadence>
						<Extensions>
							<ns3:TPX>
								<ns3:Speed>0.953290</ns3:Speed>
							</ns3:TPX>
						</Extensions>
					</Trackpoint>
					<Trackpoint>
						<Time>2569-03-03T11:44:02Z</Time>
						<Position>
							<LatitudeDegrees>12.586575</LatitudeDegrees>
							<LongitudeDegrees>101.419388</LongitudeDegrees>
						</Position>
						<AltitudeMeters>6.880000</AltitudeMeters>
						<HeartRateBpm>
							<Value>99</Value>
						</HeartRateBpm>
						<Cadence>49</Cadence>
						<Extensions>
							<ns3:TPX>
								<ns3:Speed>0.953290</ns3:Speed>
							</ns3:TPX>
						</Extensions>
					</Trackpoint>
					<Trackpoint>
						<Time>2569-03-03T11:44:03Z</Time>
						<Position>
							<LatitudeDegrees>12.586584</LatitudeDegrees>
							<LongitudeDegrees>101.419390</LongitudeDegrees>
						</Position>
						<AltitudeMeters>6.870000</AltitudeMeters>
						<HeartRateBpm>
							<Value>99</Value>
						</HeartRateBpm>
						<Cadence>50</Cadence>
						<Extensions>
							<ns3:TPX>
								<ns3:Speed>0.954200</ns3:Speed>
							</ns3:TPX>
						</Extensions>
					</Trackpoint>
					<Trackpoint>
						<Time>2569-03-03T11:44:04Z</Time>
						<Position>
							<LatitudeDegrees>12.586593</LatitudeDegrees>
							<LongitudeDegrees>101.419391</LongitudeDegrees>
						</Position>
						<AltitudeMeters>6.860000</AltitudeMeters>
						<HeartRateBpm>
							<Value>98</Value>
						</HeartRateBpm>
						<Cadence>50</Cadence>
						<Extensions>
							<ns3:TPX>
								<ns3:Speed>0.954200</ns3:Speed>
							</ns3:TPX>
						</Extensions>
					</Trackpoint>
					<Trackpoint>
						<Time>2569-03-03T11:44:05Z</Time>
						<Position>
							<LatitudeDegrees>12.586601</LatitudeDegrees>
							<LongitudeDegrees>101.419393</LongitudeDegrees>
						</Position>
						<AltitudeMeters>6.870000</AltitudeMeters>
						<HeartRateBpm>
							<Value>98</Value>
						</HeartRateBpm>
						<Cadence>50</Cadence>
						<Extensions>
							<ns3:TPX>
								<ns3:Speed>0.954200</ns3:Speed>
							</ns3:TPX>
						</Extensions>
					</Trackpoint>
					<Trackpoint>
						<Time>2569-03-03T11:44:06Z</Time>
						<Position>
							<LatitudeDegrees>12.586610</LatitudeDegrees>
							<LongitudeDegrees>101.419395</LongitudeDegrees>
						</Position>
						<AltitudeMeters>6.870000</AltitudeMeters>
						<HeartRateBpm>
							<Value>97</Value>
						</HeartRateBpm>
						<Cadence>50</Cadence>
						<Extensions>
							<ns3:TPX>
								<ns3:Speed>0.953290</ns3:Speed>
							</ns3:TPX>
						</Extensions>
					</Trackpoint>
					<Trackpoint>
						<Time>2569-03-03T11:44:07Z</Time>
						<Position>
							<LatitudeDegrees>12.586617</LatitudeDegrees>
							<LongitudeDegrees>101.419397</LongitudeDegrees>
						</Position>
						<AltitudeMeters>6.870000</AltitudeMeters>
						<HeartRateBpm>
							<Value>97</Value>
						</HeartRateBpm>
						<Cadence>49</Cadence>
						<Extensions>
							<ns3:TPX>
								<ns3:Speed>0.953290</ns3:Speed>
							</ns3:TPX>
						</Extensions>
					</Trackpoint>
					<Trackpoint>
						<Time>2569-03-03T11:44:08Z</Time>
						<Position>
							<LatitudeDegrees>12.586626</LatitudeDegrees>
							<LongitudeDegrees>101.419399</LongitudeDegrees>
						</Position>
						<AltitudeMeters>6.870000</AltitudeMeters>
						<HeartRateBpm>
							<Value>97</Value>
						</HeartRateBpm>
						<Cadence>49</Cadence>
						<Extensions>
							<ns3:TPX>
								<ns3:Speed>0.953290</ns3:Speed>
							</ns3:TPX>
						</Extensions>
					</Trackpoint>
					<Trackpoint>
						<Time>2569-03-03T11:44:09Z</Time>
						<Position>
							<LatitudeDegrees>12.586634</LatitudeDegrees>
							<LongitudeDegrees>101.419401</LongitudeDegrees>
						</Position>
						<AltitudeMeters>6.870000</AltitudeMeters>
						<HeartRateBpm>
							<Value>96</Value>
						</HeartRateBpm>
						<Cadence>48</Cadence>
						<Extensions>
							<ns3:TPX>
								<ns3:Speed>0.953290</ns3:Speed>
							</ns3:TPX>
						</Extensions>
					</Trackpoint>
					<Trackpoint>
						<Time>2569-03-03T11:44:10Z</Time>
						<Position>
							<LatitudeDegrees>12.586643</LatitudeDegrees>
							<LongitudeDegrees>101.419403</LongitudeDegrees>
						</Position>
						<AltitudeMeters>6.870000</AltitudeMeters>
						<HeartRateBpm>
							<Value>96</Value>
						</HeartRateBpm>
						<Cadence>48</Cadence>
						<Extensions>
							<ns3:TPX>
								<ns3:Speed>0.952380</ns3:Speed>
							</ns3:TPX>
						</Extensions>
					</Trackpoint>
					<Trackpoint>
						<Time>2569-03-03T11:44:11Z</Time>
						<Position>
							<LatitudeDegrees>12.586652</LatitudeDegrees>
							<LongitudeDegrees>101.419405</LongitudeDegrees>
						</Position>
						<AltitudeMeters>6.870000</AltitudeMeters>
						<HeartRateBpm>
							<Value>96</Value>
						</HeartRateBpm>
						<Cadence>47</Cadence>
						<Extensions>
							<ns3:TPX>
								<ns3:Speed>0.952380</ns3:Speed>
							</ns3:TPX>
						</Extensions>
					</Trackpoint>
					<Trackpoint>
						<Time>2569-03-03T11:44:12Z</Time>
						<Position>
							<LatitudeDegrees>12.586661</LatitudeDegrees>
							<LongitudeDegrees>101.419407</LongitudeDegrees>
						</Position>
						<AltitudeMeters>6.870000</AltitudeMeters>
						<HeartRateBpm>
							<Value>97</Value>
						</HeartRateBpm>
						<Cadence>47</Cadence>
						<Extensions>
							<ns3:TPX>
								<ns3:Speed>0.952380</ns3:Speed>
							</ns3:TPX>
						</Extensions>
					</Trackpoint>
					<Trackpoint>
						<Time>2569-03-03T11:44:13Z</Time>
						<Position>
							<LatitudeDegrees>12.586670</LatitudeDegrees>
							<LongitudeDegrees>101.419408</LongitudeDegrees>
						</Position>
						<AltitudeMeters>6.870000</AltitudeMeters>
						<HeartRateBpm>
							<Value>98</Value>
						</HeartRateBpm>
						<Cadence>47</Cadence>
						<Extensions>
							<ns3:TPX>
								<ns3:Speed>0.952380</ns3:Speed>
							</ns3:TPX>
						</Extensions>
					</Trackpoint>
					<Trackpoint>
						<Time>2569-03-03T11:44:14Z</Time>
						<Position>
							<LatitudeDegrees>12.586679</LatitudeDegrees>
							<LongitudeDegrees>101.419410</LongitudeDegrees>
						</Position>
						<AltitudeMeters>6.870000</AltitudeMeters>
						<HeartRateBpm>
							<Value>98</Value>
						</HeartRateBpm>
						<Cadence>48</Cadence>
						<Extensions>
							<ns3:TPX>
								<ns3:Speed>0.952380</ns3:Speed>
							</ns3:TPX>
						</Extensions>
					</Trackpoint>
					<Trackpoint>
						<Time>2569-03-03T11:44:15Z</Time>
						<Position>
							<LatitudeDegrees>12.586689</LatitudeDegrees>
							<LongitudeDegrees>101.419411</LongitudeDegrees>
						</Position>
						<AltitudeMeters>6.880000</AltitudeMeters>
						<HeartRateBpm>
							<Value>98</Value>
						</HeartRateBpm>
						<Cadence>48</Cadence>
						<Extensions>
							<ns3:TPX>
								<ns3:Speed>0.953290</ns3:Speed>
							</ns3:TPX>
						</Extensions>
					</Trackpoint>
					<Trackpoint>
						<Time>2569-03-03T11:44:16Z</Time>
						<Position>
							<LatitudeDegrees>12.586699</LatitudeDegrees>
							<LongitudeDegrees>101.419411</LongitudeDegrees>
						</Position>
						<AltitudeMeters>6.870000</AltitudeMeters>
						<HeartRateBpm>
							<Value>99</Value>
						</HeartRateBpm>
						<Cadence>49</Cadence>
						<Extensions>
							<ns3:TPX>
								<ns3:Speed>0.954200</ns3:Speed>
							</ns3:TPX>
						</Extensions>
					</Trackpoint>
					<Trackpoint>
						<Time>2569-03-03T11:44:17Z</Time>
						<Position>
							<LatitudeDegrees>12.586708</LatitudeDegrees>
							<LongitudeDegrees>101.419411</LongitudeDegrees>
						</Position>
						<AltitudeMeters>6.870000</AltitudeMeters>
						<HeartRateBpm>
							<Value>99</Value>
						</HeartRateBpm>
						<Cadence>49</Cadence>
						<Extensions>
							<ns3:TPX>
								<ns3:Speed>0.955110</ns3:Speed>
							</ns3:TPX>
						</Extensions>
					</Trackpoint>
					<Trackpoint>
						<Time>2569-03-03T11:44:18Z</Time>
						<Position>
							<LatitudeDegrees>12.586717</LatitudeDegrees>
							<LongitudeDegrees>101.419412</LongitudeDegrees>
						</Position>
						<AltitudeMeters>6.870000</AltitudeMeters>
						<HeartRateBpm>
							<Value>99</Value>
						</HeartRateBpm>
						<Cadence>49</Cadence>
						<Extensions>
							<ns3:TPX>
								<ns3:Speed>0.956020</ns3:Speed>
							</ns3:TPX>
						</Extensions>
					</Trackpoint>
					<Trackpoint>
						<Time>2569-03-03T11:44:19Z</Time>
						<Position>
							<LatitudeDegrees>12.586726</LatitudeDegrees>
							<LongitudeDegrees>101.419414</LongitudeDegrees>
						</Position>
						<AltitudeMeters>6.870000</AltitudeMeters>
						<HeartRateBpm>
							<Value>98</Value>
						</HeartRateBpm>
						<Cadence>49</Cadence>
						<Extensions>
							<ns3:TPX>
								<ns3:Speed>0.956940</ns3:Speed>
							</ns3:TPX>
						</Extensions>
					</Trackpoint>
					<Trackpoint>
						<Time>2569-03-03T11:44:20Z</Time>
						<Position>
							<LatitudeDegrees>12.586735</LatitudeDegrees>
							<LongitudeDegrees>101.419416</LongitudeDegrees>
						</Position>
						<AltitudeMeters>6.860000</AltitudeMeters>
						<HeartRateBpm>
							<Value>98</Value>
						</HeartRateBpm>
						<Cadence>49</Cadence>
						<Extensions>
							<ns3:TPX>
								<ns3:Speed>0.957850</ns3:Speed>
							</ns3:TPX>
						</Extensions>
					</Trackpoint>
					<Trackpoint>
						<Time>2569-03-03T11:44:21Z</Time>
						<Position>
							<LatitudeDegrees>12.586744</LatitudeDegrees>
							<LongitudeDegrees>101.419419</LongitudeDegrees>
						</Position>
						<AltitudeMeters>6.860000</AltitudeMeters>
						<HeartRateBpm>
							<Value>99</Value>
						</HeartRateBpm>
						<Cadence>49</Cadence>
						<Extensions>
							<ns3:TPX>
								<ns3:Speed>0.958770</ns3:Speed>
							</ns3:TPX>
						</Extensions>
					</Trackpoint>
					<Trackpoint>
						<Time>2569-03-03T11:44:22Z</Time>
						<Position>
							<LatitudeDegrees>12.586754</LatitudeDegrees>
							<LongitudeDegrees>101.419423</LongitudeDegrees>
						</Position>
						<AltitudeMeters>6.850000</AltitudeMeters>
						<HeartRateBpm>
							<Value>99</Value>
						</HeartRateBpm>
						<Cadence>49</Cadence>
						<Extensions>
							<ns3:TPX>
								<ns3:Speed>0.959690</ns3:Speed>
							</ns3:TPX>
						</Extensions>
					</Trackpoint>
					<Trackpoint>
						<Time>2569-03-03T11:44:23Z</Time>
						<Position>
							<LatitudeDegrees>12.586764</LatitudeDegrees>
							<LongitudeDegrees>101.419427</LongitudeDegrees>
						</Position>
						<AltitudeMeters>6.840000</AltitudeMeters>
						<HeartRateBpm>
							<Value>99</Value>
						</HeartRateBpm>
						<Cadence>49</Cadence>
						<Extensions>
							<ns3:TPX>
								<ns3:Speed>0.960610</ns3:Speed>
							</ns3:TPX>
						</Extensions>
					</Trackpoint>
					<Trackpoint>
						<Time>2569-03-03T11:44:24Z</Time>
						<Position>
							<LatitudeDegrees>12.586774</LatitudeDegrees>
							<LongitudeDegrees>101.419430</LongitudeDegrees>
						</Position>
						<AltitudeMeters>6.840000</AltitudeMeters>
						<HeartRateBpm>
							<Value>100</Value>
						</HeartRateBpm>
						<Cadence>49</Cadence>
						<Extensions>
							<ns3:TPX>
								<ns3:Speed>0.962460</ns3:Speed>
							</ns3:TPX>
						</Extensions>
					</Trackpoint>
					<Trackpoint>
						<Time>2569-03-03T11:44:25Z</Time>
						<Position>
							<LatitudeDegrees>12.586784</LatitudeDegrees>
							<LongitudeDegrees>101.419434</LongitudeDegrees>
						</Position>
						<AltitudeMeters>6.830000</AltitudeMeters>
						<HeartRateBpm>
							<Value>101</Value>
						</HeartRateBpm>
						<Cadence>49</Cadence>
						<Extensions>
							<ns3:TPX>
								<ns3:Speed>0.964320</ns3:Speed>
							</ns3:TPX>
						</Extensions>
					</Trackpoint>
					<Trackpoint>
						<Time>2569-03-03T11:44:26Z</Time>
						<Position>
							<LatitudeDegrees>12.586793</LatitudeDegrees>
							<LongitudeDegrees>101.419438</LongitudeDegrees>
						</Position>
						<AltitudeMeters>6.820000</AltitudeMeters>
						<HeartRateBpm>
							<Value>101</Value>
						</HeartRateBpm>
						<Cadence>49</Cadence>
						<Extensions>
							<ns3:TPX>
								<ns3:Speed>0.966180</ns3:Speed>
							</ns3:TPX>
						</Extensions>
					</Trackpoint>
					<Trackpoint>
						<Time>2569-03-03T11:44:27Z</Time>
						<Position>
							<LatitudeDegrees>12.586802</LatitudeDegrees>
							<LongitudeDegrees>101.419444</LongitudeDegrees>
						</Position>
						<AltitudeMeters>6.810000</AltitudeMeters>
						<HeartRateBpm>
							<Value>101</Value>
						</HeartRateBpm>
						<Cadence>49</Cadence>
						<Extensions>
							<ns3:TPX>
								<ns3:Speed>0.968050</ns3:Speed>
							</ns3:TPX>
						</Extensions>
					</Trackpoint>
					<Trackpoint>
						<Time>2569-03-03T11:44:28Z</Time>
						<Position>
							<LatitudeDegrees>12.586810</LatitudeDegrees>
							<LongitudeDegrees>101.419450</LongitudeDegrees>
						</Position>
						<AltitudeMeters>6.790000</AltitudeMeters>
						<HeartRateBpm>
							<Value>101</Value>
						</HeartRateBpm>
						<Cadence>49</Cadence>
						<Extensions>
							<ns3:TPX>
								<ns3:Speed>0.970870</ns3:Speed>
							</ns3:TPX>
						</Extensions>
					</Trackpoint>
					<Trackpoint>
						<Time>2569-03-03T11:44:29Z</Time>
						<Position>
							<LatitudeDegrees>12.586819</LatitudeDegrees>
							<LongitudeDegrees>101.419456</LongitudeDegrees>
						</Position>
						<AltitudeMeters>6.780000</AltitudeMeters>
						<HeartRateBpm>
							<Value>101</Value>
						</HeartRateBpm>
						<Cadence>50</Cadence>
						<Extensions>
							<ns3:TPX>
								<ns3:Speed>0.973710</ns3:Speed>
							</ns3:TPX>
						</Extensions>
					</Trackpoint>
					<Trackpoint>
						<Time>2569-03-03T11:44:30Z</Time>
						<Position>
							<LatitudeDegrees>12.586827</LatitudeDegrees>
							<LongitudeDegrees>101.419462</LongitudeDegrees>
						</Position>
						<AltitudeMeters>6.770000</AltitudeMeters>
						<HeartRateBpm>
							<Value>101</Value>
						</HeartRateBpm>
						<Cadence>50</Cadence>
						<Extensions>
							<ns3:TPX>
								<ns3:Speed>0.976560</ns3:Speed>
							</ns3:TPX>
						</Extensions>
					</Trackpoint>
					<Trackpoint>
						<Time>2569-03-03T11:44:31Z</Time>
						<Position>
							<LatitudeDegrees>12.586834</LatitudeDegrees>
							<LongitudeDegrees>101.419467</LongitudeDegrees>
						</Position>
						<AltitudeMeters>6.760000</AltitudeMeters>
						<HeartRateBpm>
							<Value>101</Value>
						</HeartRateBpm>
						<Cadence>50</Cadence>
						<Extensions>
							<ns3:TPX>
								<ns3:Speed>0.979430</ns3:Speed>
							</ns3:TPX>
						</Extensions>
					</Trackpoint>
					<Trackpoint>
						<Time>2569-03-03T11:44:32Z</Time>
						<Position>
							<LatitudeDegrees>12.586841</LatitudeDegrees>
							<LongitudeDegrees>101.419471</LongitudeDegrees>
						</Position>
						<AltitudeMeters>6.750000</AltitudeMeters>
						<HeartRateBpm>
							<Value>101</Value>
						</HeartRateBpm>
						<Cadence>50</Cadence>
						<Extensions>
							<ns3:TPX>
								<ns3:Speed>0.981350</ns3:Speed>
							</ns3:TPX>
						</Extensions>
					</Trackpoint>
					<Trackpoint>
						<Time>2569-03-03T11:44:33Z</Time>
						<Position>
							<LatitudeDegrees>12.586849</LatitudeDegrees>
							<LongitudeDegrees>101.419476</LongitudeDegrees>
						</Position>
						<AltitudeMeters>6.740000</AltitudeMeters>
						<HeartRateBpm>
							<Value>101</Value>
						</HeartRateBpm>
						<Cadence>50</Cadence>
						<Extensions>
							<ns3:TPX>
								<ns3:Speed>0.982320</ns3:Speed>
							</ns3:TPX>
						</Extensions>
					</Trackpoint>
					<Trackpoint>
						<Time>2569-03-03T11:44:34Z</Time>
						<Position>
							<LatitudeDegrees>12.586857</LatitudeDegrees>
							<LongitudeDegrees>101.419482</LongitudeDegrees>
						</Position>
						<AltitudeMeters>6.730000</AltitudeMeters>
						<HeartRateBpm>
							<Value>102</Value>
						</HeartRateBpm>
						<Cadence>50</Cadence>
						<Extensions>
							<ns3:TPX>
								<ns3:Speed>0.984250</ns3:Speed>
							</ns3:TPX>
						</Extensions>
					</Trackpoint>
					<Trackpoint>
						<Time>2569-03-03T11:44:35Z</Time>
						<Position>
							<LatitudeDegrees>12.586864</LatitudeDegrees>
							<LongitudeDegrees>101.419489</LongitudeDegrees>
						</Position>
						<AltitudeMeters>6.730000</AltitudeMeters>
						<HeartRateBpm>
							<Value>102</Value>
						</HeartRateBpm>
						<Cadence>50</Cadence>
						<Extensions>
							<ns3:TPX>
								<ns3:Speed>0.985220</ns3:Speed>
							</ns3:TPX>
						</Extensions>
					</Trackpoint>
					<Trackpoint>
						<Time>2569-03-03T11:44:36Z</Time>
						<Position>
							<LatitudeDegrees>12.586872</LatitudeDegrees>
							<LongitudeDegrees>101.419496</LongitudeDegrees>
						</Position>
						<AltitudeMeters>6.720000</AltitudeMeters>
						<HeartRateBpm>
							<Value>101</Value>
						</HeartRateBpm>
						<Cadence>50</Cadence>
						<Extensions>
							<ns3:TPX>
								<ns3:Speed>0.986190</ns3:Speed>
							</ns3:TPX>
						</Extensions>
					</Trackpoint>
					<Trackpoint>
						<Time>2569-03-03T11:44:37Z</Time>
						<Position>
							<LatitudeDegrees>12.586881</LatitudeDegrees>
							<LongitudeDegrees>101.419502</LongitudeDegrees>
						</Position>
						<AltitudeMeters>6.720000</AltitudeMeters>
						<HeartRateBpm>
							<Value>101</Value>
						</HeartRateBpm>
						<Cadence>51</Cadence>
						<Extensions>
							<ns3:TPX>
								<ns3:Speed>0.987170</ns3:Speed>
							</ns3:TPX>
						</Extensions>
					</Trackpoint>
					<Trackpoint>
						<Time>2569-03-03T11:44:38Z</Time>
						<Position>
							<LatitudeDegrees>12.586888</LatitudeDegrees>
							<LongitudeDegrees>101.419509</LongitudeDegrees>
						</Position>
						<AltitudeMeters>6.720000</AltitudeMeters>
						<HeartRateBpm>
							<Value>101</Value>
						</HeartRateBpm>
						<Cadence>52</Cadence>
						<Extensions>
							<ns3:TPX>
								<ns3:Speed>0.988140</ns3:Speed>
							</ns3:TPX>
						</Extensions>
					</Trackpoint>
					<Trackpoint>
						<Time>2569-03-03T11:44:39Z</Time>
						<Position>
							<LatitudeDegrees>12.586896</LatitudeDegrees>
							<LongitudeDegrees>101.419516</LongitudeDegrees>
						</Position>
						<AltitudeMeters>6.720000</AltitudeMeters>
						<HeartRateBpm>
							<Value>101</Value>
						</HeartRateBpm>
						<Cadence>52</Cadence>
						<Extensions>
							<ns3:TPX>
								<ns3:Speed>0.990100</ns3:Speed>
							</ns3:TPX>
						</Extensions>
					</Trackpoint>
					<Trackpoint>
						<Time>2569-03-03T11:44:40Z</Time>
						<Position>
							<LatitudeDegrees>12.586902</LatitudeDegrees>
							<LongitudeDegrees>101.419522</LongitudeDegrees>
						</Position>
						<AltitudeMeters>6.730000</AltitudeMeters>
						<HeartRateBpm>
							<Value>102</Value>
						</HeartRateBpm>
						<Cadence>51</Cadence>
						<Extensions>
							<ns3:TPX>
								<ns3:Speed>0.992060</ns3:Speed>
							</ns3:TPX>
						</Extensions>
					</Trackpoint>
					<Trackpoint>
						<Time>2569-03-03T11:44:41Z</Time>
						<Position>
							<LatitudeDegrees>12.586909</LatitudeDegrees>
							<LongitudeDegrees>101.419530</LongitudeDegrees>
						</Position>
						<AltitudeMeters>6.740000</AltitudeMeters>
						<HeartRateBpm>
							<Value>102</Value>
						</HeartRateBpm>
						<Cadence>51</Cadence>
						<Extensions>
							<ns3:TPX>
								<ns3:Speed>0.994040</ns3:Speed>
							</ns3:TPX>
						</Extensions>
					</Trackpoint>
					<Trackpoint>
						<Time>2569-03-03T11:44:42Z</Time>
						<Position>
							<LatitudeDegrees>12.586915</LatitudeDegrees>
							<LongitudeDegrees>101.419537</LongitudeDegrees>
						</Position>
						<AltitudeMeters>6.750000</AltitudeMeters>
						<HeartRateBpm>
							<Value>101</Value>
						</HeartRateBpm>
						<Cadence>51</Cadence>
						<Extensions>
							<ns3:TPX>
								<ns3:Speed>0.996020</ns3:Speed>
							</ns3:TPX>
						</Extensions>
					</Trackpoint>
					<Trackpoint>
						<Time>2569-03-03T11:44:43Z</Time>
						<Position>
							<LatitudeDegrees>12.586919</LatitudeDegrees>
							<LongitudeDegrees>101.419545</LongitudeDegrees>
						</Position>
						<AltitudeMeters>6.760000</AltitudeMeters>
						<HeartRateBpm>
							<Value>101</Value>
						</HeartRateBpm>
						<Cadence>51</Cadence>
						<Extensions>
							<ns3:TPX>
								<ns3:Speed>0.998000</ns3:Speed>
							</ns3:TPX>
						</Extensions>
					</Trackpoint>
					<Trackpoint>
						<Time>2569-03-03T11:44:44Z</Time>
						<Position>
							<LatitudeDegrees>12.586922</LatitudeDegrees>
							<LongitudeDegrees>101.419553</LongitudeDegrees>
						</Position>
						<AltitudeMeters>6.760000</AltitudeMeters>
						<HeartRateBpm>
							<Value>101</Value>
						</HeartRateBpm>
						<Cadence>51</Cadence>
						<Extensions>
							<ns3:TPX>
								<ns3:Speed>1.000000</ns3:Speed>
							</ns3:TPX>
						</Extensions>
					</Trackpoint>
					<Trackpoint>
						<Time>2569-03-03T11:44:45Z</Time>
						<Position>
							<LatitudeDegrees>12.586925</LatitudeDegrees>
							<LongitudeDegrees>101.419561</LongitudeDegrees>
						</Position>
						<AltitudeMeters>6.770000</AltitudeMeters>
						<HeartRateBpm>
							<Value>100</Value>
						</HeartRateBpm>
						<Cadence>50</Cadence>
						<Extensions>
							<ns3:TPX>
								<ns3:Speed>1.001000</ns3:Speed>
							</ns3:TPX>
						</Extensions>
					</Trackpoint>
					<Trackpoint>
						<Time>2569-03-03T11:44:46Z</Time>
						<Position>
							<LatitudeDegrees>12.586928</LatitudeDegrees>
							<LongitudeDegrees>101.419571</LongitudeDegrees>
						</Position>
						<AltitudeMeters>6.790000</AltitudeMeters>
						<HeartRateBpm>
							<Value>101</Value>
						</HeartRateBpm>
						<Cadence>50</Cadence>
						<Extensions>
							<ns3:TPX>
								<ns3:Speed>1.002000</ns3:Speed>
							</ns3:TPX>
						</Extensions>
					</Trackpoint>
					<Trackpoint>
						<Time>2569-03-03T11:44:47Z</Time>
						<Position>
							<LatitudeDegrees>12.586930</LatitudeDegrees>
							<LongitudeDegrees>101.419581</LongitudeDegrees>
						</Position>
						<AltitudeMeters>6.810000</AltitudeMeters>
						<HeartRateBpm>
							<Value>100</Value>
						</HeartRateBpm>
						<Cadence>49</Cadence>
						<Extensions>
							<ns3:TPX>
								<ns3:Speed>1.002000</ns3:Speed>
							</ns3:TPX>
						</Extensions>
					</Trackpoint>
					<Trackpoint>
						<Time>2569-03-03T11:44:48Z</Time>
						<Position>
							<LatitudeDegrees>12.586934</LatitudeDegrees>
							<LongitudeDegrees>101.419590</LongitudeDegrees>
						</Position>
						<AltitudeMeters>6.820000</AltitudeMeters>
						<HeartRateBpm>
							<Value>100</Value>
						</HeartRateBpm>
						<Cadence>48</Cadence>
						<Extensions>
							<ns3:TPX>
								<ns3:Speed>1.003010</ns3:Speed>
							</ns3:TPX>
						</Extensions>
					</Trackpoint>
					<Trackpoint>
						<Time>2569-03-03T11:44:49Z</Time>
						<Position>
							<LatitudeDegrees>12.586937</LatitudeDegrees>
							<LongitudeDegrees>101.419599</LongitudeDegrees>
						</Position>
						<AltitudeMeters>6.830000</AltitudeMeters>
						<HeartRateBpm>
							<Value>100</Value>
						</HeartRateBpm>
						<Cadence>48</Cadence>
						<Extensions>
							<ns3:TPX>
								<ns3:Speed>1.004020</ns3:Speed>
							</ns3:TPX>
						</Extensions>
					</Trackpoint>
					<Trackpoint>
						<Time>2569-03-03T11:44:50Z</Time>
						<Position>
							<LatitudeDegrees>12.586944</LatitudeDegrees>
							<LongitudeDegrees>101.419608</LongitudeDegrees>
						</Position>
						<AltitudeMeters>6.840000</AltitudeMeters>
						<HeartRateBpm>
							<Value>100</Value>
						</HeartRateBpm>
						<Cadence>48</Cadence>
						<Extensions>
							<ns3:TPX>
								<ns3:Speed>1.005030</ns3:Speed>
							</ns3:TPX>
						</Extensions>
					</Trackpoint>
					<Trackpoint>
						<Time>2569-03-03T11:44:51Z</Time>
						<Position>
							<LatitudeDegrees>12.586954</LatitudeDegrees>
							<LongitudeDegrees>101.419614</LongitudeDegrees>
						</Position>
						<AltitudeMeters>6.860000</AltitudeMeters>
						<HeartRateBpm>
							<Value>100</Value>
						</HeartRateBpm>
						<Cadence>48</Cadence>
						<Extensions>
							<ns3:TPX>
								<ns3:Speed>1.006040</ns3:Speed>
							</ns3:TPX>
						</Extensions>
					</Trackpoint>
					<Trackpoint>
						<Time>2569-03-03T11:44:52Z</Time>
						<Position>
							<LatitudeDegrees>12.586965</LatitudeDegrees>
							<LongitudeDegrees>101.419618</LongitudeDegrees>
						</Position>
						<AltitudeMeters>6.860000</AltitudeMeters>
						<HeartRateBpm>
							<Value>99</Value>
						</HeartRateBpm>
						<Cadence>48</Cadence>
						<Extensions>
							<ns3:TPX>
								<ns3:Speed>1.008060</ns3:Speed>
							</ns3:TPX>
						</Extensions>
					</Trackpoint>
					<Trackpoint>
						<Time>2569-03-03T11:44:53Z</Time>
						<Position>
							<LatitudeDegrees>12.586977</LatitudeDegrees>
							<LongitudeDegrees>101.419622</LongitudeDegrees>
						</Position>
						<AltitudeMeters>6.870000</AltitudeMeters>
						<HeartRateBpm>
							<Value>99</Value>
						</HeartRateBpm>
						<Cadence>48</Cadence>
						<Extensions>
							<ns3:TPX>
								<ns3:Speed>1.010100</ns3:Speed>
							</ns3:TPX>
						</Extensions>
					</Trackpoint>
					<Trackpoint>
						<Time>2569-03-03T11:44:54Z</Time>
						<Position>
							<LatitudeDegrees>12.586989</LatitudeDegrees>
							<LongitudeDegrees>101.419625</LongitudeDegrees>
						</Position>
						<AltitudeMeters>6.870000</AltitudeMeters>
						<HeartRateBpm>
							<Value>100</Value>
						</HeartRateBpm>
						<Cadence>48</Cadence>
						<Extensions>
							<ns3:TPX>
								<ns3:Speed>1.014200</ns3:Speed>
							</ns3:TPX>
						</Extensions>
					</Trackpoint>
					<Trackpoint>
						<Time>2569-03-03T11:44:55Z</Time>
						<Position>
							<LatitudeDegrees>12.587000</LatitudeDegrees>
							<LongitudeDegrees>101.419628</LongitudeDegrees>
						</Position>
						<AltitudeMeters>6.870000</AltitudeMeters>
						<HeartRateBpm>
							<Value>100</Value>
						</HeartRateBpm>
						<Cadence>47</Cadence>
						<Extensions>
							<ns3:TPX>
								<ns3:Speed>1.018330</ns3:Speed>
							</ns3:TPX>
						</Extensions>
					</Trackpoint>
					<Trackpoint>
						<Time>2569-03-03T11:44:56Z</Time>
						<Position>
							<LatitudeDegrees>12.587010</LatitudeDegrees>
							<LongitudeDegrees>101.419631</LongitudeDegrees>
						</Position>
						<AltitudeMeters>6.860000</AltitudeMeters>
						<HeartRateBpm>
							<Value>100</Value>
						</HeartRateBpm>
						<Cadence>47</Cadence>
						<Extensions>
							<ns3:TPX>
								<ns3:Speed>1.022490</ns3:Speed>
							</ns3:TPX>
						</Extensions>
					</Trackpoint>
					<Trackpoint>
						<Time>2569-03-03T11:44:57Z</Time>
						<Position>
							<LatitudeDegrees>12.587020</LatitudeDegrees>
							<LongitudeDegrees>101.419634</LongitudeDegrees>
						</Position>
						<AltitudeMeters>6.850000</AltitudeMeters>
						<HeartRateBpm>
							<Value>101</Value>
						</HeartRateBpm>
						<Cadence>46</Cadence>
						<Extensions>
							<ns3:TPX>
								<ns3:Speed>1.026690</ns3:Speed>
							</ns3:TPX>
						</Extensions>
					</Trackpoint>
					<Trackpoint>
						<Time>2569-03-03T11:44:58Z</Time>
						<Position>
							<LatitudeDegrees>12.587029</LatitudeDegrees>
							<LongitudeDegrees>101.419638</LongitudeDegrees>
						</Position>
						<AltitudeMeters>6.830000</AltitudeMeters>
						<HeartRateBpm>
							<Value>101</Value>
						</HeartRateBpm>
						<Cadence>46</Cadence>
						<Extensions>
							<ns3:TPX>
								<ns3:Speed>1.030930</ns3:Speed>
							</ns3:TPX>
						</Extensions>
					</Trackpoint>
					<Trackpoint>
						<Time>2569-03-03T11:44:59Z</Time>
						<Position>
							<LatitudeDegrees>12.587038</LatitudeDegrees>
							<LongitudeDegrees>101.419642</LongitudeDegrees>
						</Position>
						<AltitudeMeters>6.800000</AltitudeMeters>
						<HeartRateBpm>
							<Value>101</Value>
						</HeartRateBpm>
						<Cadence>46</Cadence>
						<Extensions>
							<ns3:TPX>
								<ns3:Speed>1.034130</ns3:Speed>
							</ns3:TPX>
						</Extensions>
					</Trackpoint>
					<Trackpoint>
						<Time>2569-03-03T11:45:00Z</Time>
						<Position>
							<LatitudeDegrees>12.587047</LatitudeDegrees>
							<LongitudeDegrees>101.419646</LongitudeDegrees>
						</Position>
						<AltitudeMeters>6.760000</AltitudeMeters>
						<HeartRateBpm>
							<Value>101</Value>
						</HeartRateBpm>
						<Cadence>47</Cadence>
						<Extensions>
							<ns3:TPX>
								<ns3:Speed>1.035200</ns3:Speed>
							</ns3:TPX>
						</Extensions>
					</Trackpoint>
					<Trackpoint>
						<Time>2569-03-03T11:45:01Z</Time>
						<Position>
							<LatitudeDegrees>12.587055</LatitudeDegrees>
							<LongitudeDegrees>101.419650</LongitudeDegrees>
						</Position>
						<AltitudeMeters>6.620000</AltitudeMeters>
						<HeartRateBpm>
							<Value>101</Value>
						</HeartRateBpm>
						<Cadence>48</Cadence>
						<Extensions>
							<ns3:TPX>
								<ns3:Speed>1.036270</ns3:Speed>
							</ns3:TPX>
						</Extensions>
					</Trackpoint>
					<Trackpoint>
						<Time>2569-03-03T11:45:02Z</Time>
						<Position>
							<LatitudeDegrees>12.587063</LatitudeDegrees>
							<LongitudeDegrees>101.419654</LongitudeDegrees>
						</Position>
						<AltitudeMeters>6.600000</AltitudeMeters>
						<HeartRateBpm>
							<Value>100</Value>
						</HeartRateBpm>
						<Cadence>50</Cadence>
						<Extensions>
							<ns3:TPX>
								<ns3:Speed>1.037340</ns3:Speed>
							</ns3:TPX>
						</Extensions>
					</Trackpoint>
					<Trackpoint>
						<Time>2569-03-03T11:45:03Z</Time>
						<Position>
							<LatitudeDegrees>12.587072</LatitudeDegrees>
							<LongitudeDegrees>101.419659</LongitudeDegrees>
						</Position>
						<AltitudeMeters>6.580000</AltitudeMeters>
						<HeartRateBpm>
							<Value>99</Value>
						</HeartRateBpm>
						<Cadence>51</Cadence>
						<Extensions>
							<ns3:TPX>
								<ns3:Speed>1.036270</ns3:Speed>
							</ns3:TPX>
						</Extensions>
					</Trackpoint>
					<Trackpoint>
						<Time>2569-03-03T11:45:04Z</Time>
						<Position>
							<LatitudeDegrees>12.587080</LatitudeDegrees>
							<LongitudeDegrees>101.419663</LongitudeDegrees>
						</Position>
						<AltitudeMeters>6.570000</AltitudeMeters>
						<HeartRateBpm>
							<Value>98</Value>
						</HeartRateBpm>
						<Cadence>52</Cadence>
						<Extensions>
							<ns3:TPX>
								<ns3:Speed>1.036270</ns3:Speed>
							</ns3:TPX>
						</Extensions>
					</Trackpoint>
					<Trackpoint>
						<Time>2569-03-03T11:45:05Z</Time>
						<Position>
							<LatitudeDegrees>12.587089</LatitudeDegrees>
							<LongitudeDegrees>101.419669</LongitudeDegrees>
						</Position>
						<AltitudeMeters>6.560000</AltitudeMeters>
						<HeartRateBpm>
							<Value>98</Value>
						</HeartRateBpm>
						<Cadence>52</Cadence>
						<Extensions>
							<ns3:TPX>
								<ns3:Speed>1.036270</ns3:Speed>
							</ns3:TPX>
						</Extensions>
					</Trackpoint>
					<Trackpoint>
						<Time>2569-03-03T11:45:06Z</Time>
						<Position>
							<LatitudeDegrees>12.587096</LatitudeDegrees>
							<LongitudeDegrees>101.419675</LongitudeDegrees>
						</Position>
						<AltitudeMeters>6.540000</AltitudeMeters>
						<HeartRateBpm>
							<Value>97</Value>
						</HeartRateBpm>
						<Cadence>52</Cadence>
						<Extensions>
							<ns3:TPX>
								<ns3:Speed>1.036270</ns3:Speed>
							</ns3:TPX>
						</Extensions>
					</Trackpoint>
					<Trackpoint>
						<Time>2569-03-03T11:45:07Z</Time>
						<Position>
							<LatitudeDegrees>12.587104</LatitudeDegrees>
							<LongitudeDegrees>101.419681</LongitudeDegrees>
						</Position>
						<AltitudeMeters>6.530000</AltitudeMeters>
						<HeartRateBpm>
							<Value>98</Value>
						</HeartRateBpm>
						<Cadence>52</Cadence>
						<Extensions>
							<ns3:TPX>
								<ns3:Speed>1.036270</ns3:Speed>
							</ns3:TPX>
						</Extensions>
					</Trackpoint>
					<Trackpoint>
						<Time>2569-03-03T11:45:08Z</Time>
						<Position>
							<LatitudeDegrees>12.587113</LatitudeDegrees>
							<LongitudeDegrees>101.419688</LongitudeDegrees>
						</Position>
						<AltitudeMeters>6.510000</AltitudeMeters>
						<HeartRateBpm>
							<Value>98</Value>
						</HeartRateBpm>
						<Cadence>51</Cadence>
						<Extensions>
							<ns3:TPX>
								<ns3:Speed>1.037340</ns3:Speed>
							</ns3:TPX>
						</Extensions>
					</Trackpoint>
					<Trackpoint>
						<Time>2569-03-03T11:45:09Z</Time>
						<Position>
							<LatitudeDegrees>12.587120</LatitudeDegrees>
							<LongitudeDegrees>101.419694</LongitudeDegrees>
						</Position>
						<AltitudeMeters>6.500000</AltitudeMeters>
						<HeartRateBpm>
							<Value>98</Value>
						</HeartRateBpm>
						<Cadence>51</Cadence>
						<Extensions>
							<ns3:TPX>
								<ns3:Speed>1.038420</ns3:Speed>
							</ns3:TPX>
						</Extensions>
					</Trackpoint>
					<Trackpoint>
						<Time>2569-03-03T11:45:10Z</Time>
						<Position>
							<LatitudeDegrees>12.587126</LatitudeDegrees>
							<LongitudeDegrees>101.419702</LongitudeDegrees>
						</Position>
						<AltitudeMeters>6.490000</AltitudeMeters>
						<HeartRateBpm>
							<Value>97</Value>
						</HeartRateBpm>
						<Cadence>51</Cadence>
						<Extensions>
							<ns3:TPX>
								<ns3:Speed>1.039500</ns3:Speed>
							</ns3:TPX>
						</Extensions>
					</Trackpoint>
					<Trackpoint>
						<Time>2569-03-03T11:45:11Z</Time>
						<Position>
							<LatitudeDegrees>12.587130</LatitudeDegrees>
							<LongitudeDegrees>101.419709</LongitudeDegrees>
						</Position>
						<AltitudeMeters>6.480000</AltitudeMeters>
						<HeartRateBpm>
							<Value>97</Value>
						</HeartRateBpm>
						<Cadence>52</Cadence>
						<Extensions>
							<ns3:TPX>
								<ns3:Speed>1.039500</ns3:Speed>
							</ns3:TPX>
						</Extensions>
					</Trackpoint>
					<Trackpoint>
						<Time>2569-03-03T11:45:12Z</Time>
						<Position>
							<LatitudeDegrees>12.587131</LatitudeDegrees>
							<LongitudeDegrees>101.419716</LongitudeDegrees>
						</Position>
						<AltitudeMeters>6.470000</AltitudeMeters>
						<HeartRateBpm>
							<Value>97</Value>
						</HeartRateBpm>
						<Cadence>52</Cadence>
						<Extensions>
							<ns3:TPX>
								<ns3:Speed>1.040580</ns3:Speed>
							</ns3:TPX>
						</Extensions>
					</Trackpoint>
					<Trackpoint>
						<Time>2569-03-03T11:45:13Z</Time>
						<Position>
							<LatitudeDegrees>12.587131</LatitudeDegrees>
							<LongitudeDegrees>101.419723</LongitudeDegrees>
						</Position>
						<AltitudeMeters>6.470000</AltitudeMeters>
						<HeartRateBpm>
							<Value>98</Value>
						</HeartRateBpm>
						<Cadence>52</Cadence>
						<Extensions>
							<ns3:TPX>
								<ns3:Speed>1.040580</ns3:Speed>
							</ns3:TPX>
						</Extensions>
					</Trackpoint>
					<Trackpoint>
						<Time>2569-03-03T11:45:14Z</Time>
						<Position>
							<LatitudeDegrees>12.587131</LatitudeDegrees>
							<LongitudeDegrees>101.419731</LongitudeDegrees>
						</Position>
						<AltitudeMeters>6.460000</AltitudeMeters>
						<HeartRateBpm>
							<Value>98</Value>
						</HeartRateBpm>
						<Cadence>53</Cadence>
						<Extensions>
							<ns3:TPX>
								<ns3:Speed>1.039500</ns3:Speed>
							</ns3:TPX>
						</Extensions>
					</Trackpoint>
					<Trackpoint>
						<Time>2569-03-03T11:45:15Z</Time>
						<Position>
							<LatitudeDegrees>12.587132</LatitudeDegrees>
							<LongitudeDegrees>101.419737</LongitudeDegrees>
						</Position>
						<AltitudeMeters>6.460000</AltitudeMeters>
						<HeartRateBpm>
							<Value>98</Value>
						</HeartRateBpm>
						<Cadence>52</Cadence>
						<Extensions>
							<ns3:TPX>
								<ns3:Speed>1.036270</ns3:Speed>
							</ns3:TPX>
						</Extensions>
					</Trackpoint>
					<Trackpoint>
						<Time>2569-03-03T11:45:16Z</Time>
						<Position>
							<LatitudeDegrees>12.587135</LatitudeDegrees>
							<LongitudeDegrees>101.419742</LongitudeDegrees>
						</Position>
						<AltitudeMeters>6.450000</AltitudeMeters>
						<HeartRateBpm>
							<Value>97</Value>
						</HeartRateBpm>
						<Cadence>52</Cadence>
						<Extensions>
							<ns3:TPX>
								<ns3:Speed>1.031990</ns3:Speed>
							</ns3:TPX>
						</Extensions>
					</Trackpoint>
					<Trackpoint>
						<Time>2569-03-03T11:45:17Z</Time>
						<Position>
							<LatitudeDegrees>12.587136</LatitudeDegrees>
							<LongitudeDegrees>101.419744</LongitudeDegrees>
						</Position>
						<AltitudeMeters>6.450000</AltitudeMeters>
						<HeartRateBpm>
							<Value>97</Value>
						</HeartRateBpm>
						<Cadence>50</Cadence>
						<Extensions>
							<ns3:TPX>
								<ns3:Speed>1.026690</ns3:Speed>
							</ns3:TPX>
						</Extensions>
					</Trackpoint>
					<Trackpoint>
						<Time>2569-03-03T11:45:18Z</Time>
						<Position>
							<LatitudeDegrees>12.587137</LatitudeDegrees>
							<LongitudeDegrees>101.419746</LongitudeDegrees>
						</Position>
						<AltitudeMeters>6.450000</AltitudeMeters>
						<HeartRateBpm>
							<Value>96</Value>
						</HeartRateBpm>
						<Cadence>49</Cadence>
						<Extensions>
							<ns3:TPX>
								<ns3:Speed>1.020410</ns3:Speed>
							</ns3:TPX>
						</Extensions>
					</Trackpoint>
					<Trackpoint>
						<Time>2569-03-03T11:45:19Z</Time>
						<Position>
							<LatitudeDegrees>12.587139</LatitudeDegrees>
							<LongitudeDegrees>101.419746</LongitudeDegrees>
						</Position>
						<AltitudeMeters>6.440000</AltitudeMeters>
						<HeartRateBpm>
							<Value>97</Value>
						</HeartRateBpm>
						<Cadence>48</Cadence>
						<Extensions>
							<ns3:TPX>
								<ns3:Speed>1.013170</ns3:Speed>
							</ns3:TPX>
						</Extensions>
					</Trackpoint>
					<Trackpoint>
						<Time>2569-03-03T11:45:20Z</Time>
						<Position>
							<LatitudeDegrees>12.587140</LatitudeDegrees>
							<LongitudeDegrees>101.419746</LongitudeDegrees>
						</Position>
						<AltitudeMeters>6.440000</AltitudeMeters>
						<HeartRateBpm>
							<Value>97</Value>
						</HeartRateBpm>
						<Cadence>46</Cadence>
					</Trackpoint>
					<Trackpoint>
						<Time>2569-03-03T11:45:21Z</Time>
						<Position>
							<LatitudeDegrees>12.587141</LatitudeDegrees>
							<LongitudeDegrees>101.419746</LongitudeDegrees>
						</Position>
						<AltitudeMeters>6.440000</AltitudeMeters>
						<HeartRateBpm>
							<Value>98</Value>
						</HeartRateBpm>
					</Trackpoint>
					<Trackpoint>
						<Time>2569-03-03T11:45:22Z</Time>
						<Position>
							<LatitudeDegrees>12.587141</LatitudeDegrees>
							<LongitudeDegrees>101.419746</LongitudeDegrees>
						</Position>
						<AltitudeMeters>6.440000</AltitudeMeters>
						<HeartRateBpm>
							<Value>97</Value>
						</HeartRateBpm>
					</Trackpoint>
					<Trackpoint>
						<Time>2569-03-03T11:45:23Z</Time>
						<Position>
							<LatitudeDegrees>12.587142</LatitudeDegrees>
							<LongitudeDegrees>101.419746</LongitudeDegrees>
						</Position>
						<AltitudeMeters>6.440000</AltitudeMeters>
						<HeartRateBpm>
							<Value>97</Value>
						</HeartRateBpm>
					</Trackpoint>
					<Trackpoint>
						<Time>2569-03-03T11:45:24Z</Time>
						<Position>
							<LatitudeDegrees>12.587142</LatitudeDegrees>
							<LongitudeDegrees>101.419746</LongitudeDegrees>
						</Position>
						<AltitudeMeters>6.440000</AltitudeMeters>
						<HeartRateBpm>
							<Value>98</Value>
						</HeartRateBpm>
					</Trackpoint>
					<Trackpoint>
						<Time>2569-03-03T11:45:25Z</Time>
						<Position>
							<LatitudeDegrees>12.587142</LatitudeDegrees>
							<LongitudeDegrees>101.419746</LongitudeDegrees>
						</Position>
						<AltitudeMeters>6.440000</AltitudeMeters>
						<HeartRateBpm>
							<Value>98</Value>
						</HeartRateBpm>
					</Trackpoint>
					<Trackpoint>
						<Time>2569-03-03T11:45:26Z</Time>
						<Position>
							<LatitudeDegrees>12.587143</LatitudeDegrees>
							<LongitudeDegrees>101.419747</LongitudeDegrees>
						</Position>
						<AltitudeMeters>6.440000</AltitudeMeters>
						<HeartRateBpm>
							<Value>97</Value>
						</HeartRateBpm>
					</Trackpoint>
					<Trackpoint>
						<Time>2569-03-03T11:45:27Z</Time>
						<Position>
							<LatitudeDegrees>12.587143</LatitudeDegrees>
							<LongitudeDegrees>101.419747</LongitudeDegrees>
						</Position>
						<AltitudeMeters>6.440000</AltitudeMeters>
						<HeartRateBpm>
							<Value>97</Value>
						</HeartRateBpm>
					</Trackpoint>
					<Trackpoint>
						<Time>2569-03-03T11:45:28Z</Time>
						<Position>
							<LatitudeDegrees>12.587143</LatitudeDegrees>
							<LongitudeDegrees>101.419747</LongitudeDegrees>
						</Position>
						<AltitudeMeters>6.440000</AltitudeMeters>
						<HeartRateBpm>
							<Value>98</Value>
						</HeartRateBpm>
					</Trackpoint>
					<Trackpoint>
						<Time>2569-03-03T11:45:29Z</Time>
						<Position>
							<LatitudeDegrees>12.587143</LatitudeDegrees>
							<LongitudeDegrees>101.419747</LongitudeDegrees>
						</Position>
						<AltitudeMeters>6.440000</AltitudeMeters>
						<HeartRateBpm>
							<Value>99</Value>
						</HeartRateBpm>
					</Trackpoint>
					<Trackpoint>
						<Time>2569-03-03T11:45:30Z</Time>
						<Position>
							<LatitudeDegrees>12.587143</LatitudeDegrees>
							<LongitudeDegrees>101.419747</LongitudeDegrees>
						</Position>
						<AltitudeMeters>6.440000</AltitudeMeters>
						<HeartRateBpm>
							<Value>99</Value>
						</HeartRateBpm>
					</Trackpoint>
					<Trackpoint>
						<Time>2569-03-03T11:45:31Z</Time>
						<Position>
							<LatitudeDegrees>12.587143</LatitudeDegrees>
							<LongitudeDegrees>101.419747</LongitudeDegrees>
						</Position>
						<AltitudeMeters>6.440000</AltitudeMeters>
						<HeartRateBpm>
							<Value>98</Value>
						</HeartRateBpm>
					</Trackpoint>
					<Trackpoint>
						<Time>2569-03-03T11:45:32Z</Time>
						<Position>
							<LatitudeDegrees>12.587143</LatitudeDegrees>
							<LongitudeDegrees>101.419747</LongitudeDegrees>
						</Position>
						<AltitudeMeters>6.440000</AltitudeMeters>
						<HeartRateBpm>
							<Value>100</Value>
						</HeartRateBpm>
					</Trackpoint>
					<Trackpoint>
						<Time>2569-03-03T11:45:32Z</Time>
						<Position>
							<LatitudeDegrees>12.587143</LatitudeDegrees>
							<LongitudeDegrees>101.419747</LongitudeDegrees>
						</Position>
						<AltitudeMeters>6.440000</AltitudeMeters>
						<HeartRateBpm>
							<Value>100</Value>
						</HeartRateBpm>
					</Trackpoint>
					<Trackpoint>
						<Time>2569-03-03T11:45:33Z</Time>
						<Position>
							<LatitudeDegrees>12.587143</LatitudeDegrees>
							<LongitudeDegrees>101.419747</LongitudeDegrees>
						</Position>
						<AltitudeMeters>6.440000</AltitudeMeters>
						<HeartRateBpm>
							<Value>100</Value>
						</HeartRateBpm>
					</Trackpoint>
					<Trackpoint>
						<Time>2569-03-03T11:45:34Z</Time>
						<Position>
							<LatitudeDegrees>12.587143</LatitudeDegrees>
							<LongitudeDegrees>101.419747</LongitudeDegrees>
						</Position>
						<AltitudeMeters>6.440000</AltitudeMeters>
						<HeartRateBpm>
							<Value>101</Value>
						</HeartRateBpm>
					</Trackpoint>
					<Trackpoint>
						<Time>2569-03-03T11:45:35Z</Time>
						<Position>
							<LatitudeDegrees>12.587143</LatitudeDegrees>
							<LongitudeDegrees>101.419747</LongitudeDegrees>
						</Position>
						<AltitudeMeters>6.440000</AltitudeMeters>
						<HeartRateBpm>
							<Value>100</Value>
						</HeartRateBpm>
					</Trackpoint>
					<Trackpoint>
						<Time>2569-03-03T11:45:36Z</Time>
						<Position>
							<LatitudeDegrees>12.587142</LatitudeDegrees>
							<LongitudeDegrees>101.419747</LongitudeDegrees>
						</Position>
						<AltitudeMeters>6.440000</AltitudeMeters>
						<HeartRateBpm>
							<Value>101</Value>
						</HeartRateBpm>
					</Trackpoint>
					<Trackpoint>
						<Time>2569-03-03T11:45:38Z</Time>
						<Position>
							<LatitudeDegrees>12.587143</LatitudeDegrees>
							<LongitudeDegrees>101.419746</LongitudeDegrees>
						</Position>
						<AltitudeMeters>6.440000</AltitudeMeters>
						<HeartRateBpm>
							<Value>100</Value>
						</HeartRateBpm>
					</Trackpoint>
					<Trackpoint>
						<Time>2569-03-03T11:45:39Z</Time>
						<Position>
							<LatitudeDegrees>12.587149</LatitudeDegrees>
							<LongitudeDegrees>101.419742</LongitudeDegrees>
						</Position>
						<AltitudeMeters>6.440000</AltitudeMeters>
						<HeartRateBpm>
							<Value>101</Value>
						</HeartRateBpm>
					</Trackpoint>
					<Trackpoint>
						<Time>2569-03-03T11:45:39Z</Time>
						<Position>
							<LatitudeDegrees>12.587149</LatitudeDegrees>
							<LongitudeDegrees>101.419742</LongitudeDegrees>
						</Position>
						<AltitudeMeters>6.440000</AltitudeMeters>
						<HeartRateBpm>
							<Value>101</Value>
						</HeartRateBpm>
					</Trackpoint>
					<Trackpoint>
						<Time>2569-03-03T11:45:41Z</Time>
						<Position>
							<LatitudeDegrees>12.587160</LatitudeDegrees>
							<LongitudeDegrees>101.419745</LongitudeDegrees>
						</Position>
						<AltitudeMeters>6.440000</AltitudeMeters>
						<HeartRateBpm>
							<Value>101</Value>
						</HeartRateBpm>
					</Trackpoint>
					<Trackpoint>
						<Time>2569-03-03T11:45:41Z</Time>
						<Position>
							<LatitudeDegrees>12.587160</LatitudeDegrees>
							<LongitudeDegrees>101.419745</LongitudeDegrees>
						</Position>
						<AltitudeMeters>6.440000</AltitudeMeters>
						<HeartRateBpm>
							<Value>101</Value>
						</HeartRateBpm>
					</Trackpoint>
					<Trackpoint>
						<Time>2569-03-03T11:45:43Z</Time>
						<Position>
							<LatitudeDegrees>12.587166</LatitudeDegrees>
							<LongitudeDegrees>101.419750</LongitudeDegrees>
						</Position>
						<AltitudeMeters>6.950000</AltitudeMeters>
						<HeartRateBpm>
							<Value>99</Value>
						</HeartRateBpm>
					</Trackpoint>
					<Trackpoint>
						<Time>2569-03-03T11:45:44Z</Time>
						<Position>
							<LatitudeDegrees>12.587172</LatitudeDegrees>
							<LongitudeDegrees>101.419757</LongitudeDegrees>
						</Position>
						<AltitudeMeters>7.470000</AltitudeMeters>
						<HeartRateBpm>
							<Value>99</Value>
						</HeartRateBpm>
					</Trackpoint>
					<Trackpoint>
						<Time>2569-03-03T11:45:45Z</Time>
						<Position>
							<LatitudeDegrees>12.587178</LatitudeDegrees>
							<LongitudeDegrees>101.419765</LongitudeDegrees>
						</Position>
						<AltitudeMeters>7.700000</AltitudeMeters>
						<HeartRateBpm>
							<Value>98</Value>
						</HeartRateBpm>
					</Trackpoint>
					<Trackpoint>
						<Time>2569-03-03T11:45:46Z</Time>
						<Position>
							<LatitudeDegrees>12.587191</LatitudeDegrees>
							<LongitudeDegrees>101.419781</LongitudeDegrees>
						</Position>
						<AltitudeMeters>7.700000</AltitudeMeters>
						<HeartRateBpm>
							<Value>98</Value>
						</HeartRateBpm>
						<Cadence>47</Cadence>
						<Extensions>
							<ns3:TPX>
								<ns3:Speed>0.768050</ns3:Speed>
							</ns3:TPX>
						</Extensions>
					</Trackpoint>
					<Trackpoint>
						<Time>2569-03-03T11:45:46Z</Time>
						<Position>
							<LatitudeDegrees>12.587191</LatitudeDegrees>
							<LongitudeDegrees>101.419781</LongitudeDegrees>
						</Position>
						<AltitudeMeters>7.700000</AltitudeMeters>
						<HeartRateBpm>
							<Value>98</Value>
						</HeartRateBpm>
						<Cadence>47</Cadence>
						<Extensions>
							<ns3:TPX>
								<ns3:Speed>0.768050</ns3:Speed>
							</ns3:TPX>
						</Extensions>
					</Trackpoint>
					<Trackpoint>
						<Time>2569-03-03T11:45:48Z</Time>
						<Position>
							<LatitudeDegrees>12.587203</LatitudeDegrees>
							<LongitudeDegrees>101.419798</LongitudeDegrees>
						</Position>
						<AltitudeMeters>7.700000</AltitudeMeters>
						<HeartRateBpm>
							<Value>97</Value>
						</HeartRateBpm>
						<Cadence>47</Cadence>
						<Extensions>
							<ns3:TPX>
								<ns3:Speed>0.890470</ns3:Speed>
							</ns3:TPX>
						</Extensions>
					</Trackpoint>
					<Trackpoint>
						<Time>2569-03-03T11:45:48Z</Time>
						<Position>
							<LatitudeDegrees>12.587203</LatitudeDegrees>
							<LongitudeDegrees>101.419798</LongitudeDegrees>
						</Position>
						<AltitudeMeters>7.700000</AltitudeMeters>
						<HeartRateBpm>
							<Value>97</Value>
						</HeartRateBpm>
						<Cadence>47</Cadence>
						<Extensions>
							<ns3:TPX>
								<ns3:Speed>0.890470</ns3:Speed>
							</ns3:TPX>
						</Extensions>
					</Trackpoint>
					<Trackpoint>
						<Time>2569-03-03T11:45:50Z</Time>
						<Position>
							<LatitudeDegrees>12.587209</LatitudeDegrees>
							<LongitudeDegrees>101.419806</LongitudeDegrees>
						</Position>
						<AltitudeMeters>7.700000</AltitudeMeters>
						<HeartRateBpm>
							<Value>96</Value>
						</HeartRateBpm>
						<Cadence>48</Cadence>
						<Extensions>
							<ns3:TPX>
								<ns3:Speed>0.984250</ns3:Speed>
							</ns3:TPX>
						</Extensions>
					</Trackpoint>
					<Trackpoint>
						<Time>2569-03-03T11:45:51Z</Time>
						<Position>
							<LatitudeDegrees>12.587225</LatitudeDegrees>
							<LongitudeDegrees>101.419820</LongitudeDegrees>
						</Position>
						<AltitudeMeters>7.690000</AltitudeMeters>
						<HeartRateBpm>
							<Value>95</Value>
						</HeartRateBpm>
						<Cadence>49</Cadence>
						<Extensions>
							<ns3:TPX>
								<ns3:Speed>0.934580</ns3:Speed>
							</ns3:TPX>
						</Extensions>
					</Trackpoint>
					<Trackpoint>
						<Time>2569-03-03T11:45:51Z</Time>
						<Position>
							<LatitudeDegrees>12.587225</LatitudeDegrees>
							<LongitudeDegrees>101.419820</LongitudeDegrees>
						</Position>
						<AltitudeMeters>7.690000</AltitudeMeters>
						<HeartRateBpm>
							<Value>95</Value>
						</HeartRateBpm>
						<Cadence>49</Cadence>
						<Extensions>
							<ns3:TPX>
								<ns3:Speed>0.934580</ns3:Speed>
							</ns3:TPX>
						</Extensions>
					</Trackpoint>
					<Trackpoint>
						<Time>2569-03-03T11:45:52Z</Time>
						<Position>
							<LatitudeDegrees>12.587232</LatitudeDegrees>
							<LongitudeDegrees>101.419827</LongitudeDegrees>
						</Position>
						<AltitudeMeters>7.710000</AltitudeMeters>
						<HeartRateBpm>
							<Value>96</Value>
						</HeartRateBpm>
						<Cadence>49</Cadence>
						<Extensions>
							<ns3:TPX>
								<ns3:Speed>0.938090</ns3:Speed>
							</ns3:TPX>
						</Extensions>
					</Trackpoint>
					<Trackpoint>
						<Time>2569-03-03T11:45:54Z</Time>
						<Position>
							<LatitudeDegrees>12.587242</LatitudeDegrees>
							<LongitudeDegrees>101.419841</LongitudeDegrees>
						</Position>
						<AltitudeMeters>7.610000</AltitudeMeters>
						<HeartRateBpm>
							<Value>96</Value>
						</HeartRateBpm>
						<Cadence>50</Cadence>
						<Extensions>
							<ns3:TPX>
								<ns3:Speed>1.038420</ns3:Speed>
							</ns3:TPX>
						</Extensions>
					</Trackpoint>
					<Trackpoint>
						<Time>2569-03-03T11:45:54Z</Time>
						<Position>
							<LatitudeDegrees>12.587242</LatitudeDegrees>
							<LongitudeDegrees>101.419841</LongitudeDegrees>
						</Position>
						<AltitudeMeters>7.610000</AltitudeMeters>
						<HeartRateBpm>
							<Value>96</Value>
						</HeartRateBpm>
						<Cadence>50</Cadence>
						<Extensions>
							<ns3:TPX>
								<ns3:Speed>1.038420</ns3:Speed>
							</ns3:TPX>
						</Extensions>
					</Trackpoint>
					<Trackpoint>
						<Time>2569-03-03T11:45:56Z</Time>
						<Position>
							<LatitudeDegrees>12.587253</LatitudeDegrees>
							<LongitudeDegrees>101.419855</LongitudeDegrees>
						</Position>
						<AltitudeMeters>7.790000</AltitudeMeters>
						<HeartRateBpm>
							<Value>95</Value>
						</HeartRateBpm>
						<Cadence>49</Cadence>
						<Extensions>
							<ns3:TPX>
								<ns3:Speed>1.027750</ns3:Speed>
							</ns3:TPX>
						</Extensions>
					</Trackpoint>
					<Trackpoint>
						<Time>2569-03-03T11:45:56Z</Time>
						<Position>
							<LatitudeDegrees>12.587253</LatitudeDegrees>
							<LongitudeDegrees>101.419855</LongitudeDegrees>
						</Position>
						<AltitudeMeters>7.790000</AltitudeMeters>
						<HeartRateBpm>
							<Value>95</Value>
						</HeartRateBpm>
						<Cadence>49</Cadence>
						<Extensions>
							<ns3:TPX>
								<ns3:Speed>1.027750</ns3:Speed>
							</ns3:TPX>
						</Extensions>
					</Trackpoint>
					<Trackpoint>
						<Time>2569-03-03T11:45:57Z</Time>
						<Position>
							<LatitudeDegrees>12.587258</LatitudeDegrees>
							<LongitudeDegrees>101.419863</LongitudeDegrees>
						</Position>
						<AltitudeMeters>7.800000</AltitudeMeters>
						<HeartRateBpm>
							<Value>95</Value>
						</HeartRateBpm>
						<Cadence>49</Cadence>
						<Extensions>
							<ns3:TPX>
								<ns3:Speed>1.012150</ns3:Speed>
							</ns3:TPX>
						</Extensions>
					</Trackpoint>
					<Trackpoint>
						<Time>2569-03-03T11:45:59Z</Time>
						<Position>
							<LatitudeDegrees>12.587262</LatitudeDegrees>
							<LongitudeDegrees>101.419871</LongitudeDegrees>
						</Position>
						<AltitudeMeters>7.780000</AltitudeMeters>
						<HeartRateBpm>
							<Value>95</Value>
						</HeartRateBpm>
						<Cadence>48</Cadence>
						<Extensions>
							<ns3:TPX>
								<ns3:Speed>0.982320</ns3:Speed>
							</ns3:TPX>
						</Extensions>
					</Trackpoint>
					<Trackpoint>
						<Time>2569-03-03T11:46:00Z</Time>
						<Position>
							<LatitudeDegrees>12.587267</LatitudeDegrees>
							<LongitudeDegrees>101.419877</LongitudeDegrees>
						</Position>
						<AltitudeMeters>7.770000</AltitudeMeters>
						<HeartRateBpm>
							<Value>95</Value>
						</HeartRateBpm>
						<Cadence>48</Cadence>
						<Extensions>
							<ns3:TPX>
								<ns3:Speed>0.969930</ns3:Speed>
							</ns3:TPX>
						</Extensions>
					</Trackpoint>
					<Trackpoint>
						<Time>2569-03-03T11:46:01Z</Time>
						<Position>
							<LatitudeDegrees>12.587273</LatitudeDegrees>
							<LongitudeDegrees>101.419884</LongitudeDegrees>
						</Position>
						<AltitudeMeters>7.630000</AltitudeMeters>
						<HeartRateBpm>
							<Value>96</Value>
						</HeartRateBpm>
						<Cadence>48</Cadence>
						<Extensions>
							<ns3:TPX>
								<ns3:Speed>0.955110</ns3:Speed>
							</ns3:TPX>
						</Extensions>
					</Trackpoint>
					<Trackpoint>
						<Time>2569-03-03T11:46:02Z</Time>
						<Position>
							<LatitudeDegrees>12.587278</LatitudeDegrees>
							<LongitudeDegrees>101.419889</LongitudeDegrees>
						</Position>
						<AltitudeMeters>7.500000</AltitudeMeters>
						<HeartRateBpm>
							<Value>96</Value>
						</HeartRateBpm>
						<Cadence>49</Cadence>
						<Extensions>
							<ns3:TPX>
								<ns3:Speed>0.943400</ns3:Speed>
							</ns3:TPX>
						</Extensions>
					</Trackpoint>
					<Trackpoint>
						<Time>2569-03-03T11:46:03Z</Time>
						<Position>
							<LatitudeDegrees>12.587283</LatitudeDegrees>
							<LongitudeDegrees>101.419895</LongitudeDegrees>
						</Position>
						<AltitudeMeters>7.410000</AltitudeMeters>
						<HeartRateBpm>
							<Value>96</Value>
						</HeartRateBpm>
						<Cadence>44</Cadence>
						<Extensions>
							<ns3:TPX>
								<ns3:Speed>0.919960</ns3:Speed>
							</ns3:TPX>
						</Extensions>
					</Trackpoint>
					<Trackpoint>
						<Time>2569-03-03T11:46:04Z</Time>
						<Position>
							<LatitudeDegrees>12.587287</LatitudeDegrees>
							<LongitudeDegrees>101.419900</LongitudeDegrees>
						</Position>
						<AltitudeMeters>7.340000</AltitudeMeters>
						<HeartRateBpm>
							<Value>95</Value>
						</HeartRateBpm>
						<Cadence>43</Cadence>
						<Extensions>
							<ns3:TPX>
								<ns3:Speed>0.888100</ns3:Speed>
							</ns3:TPX>
						</Extensions>
					</Trackpoint>
					<Trackpoint>
						<Time>2569-03-03T11:46:05Z</Time>
						<Position>
							<LatitudeDegrees>12.587292</LatitudeDegrees>
							<LongitudeDegrees>101.419905</LongitudeDegrees>
						</Position>
						<AltitudeMeters>7.280000</AltitudeMeters>
						<HeartRateBpm>
							<Value>96</Value>
						</HeartRateBpm>
						<Cadence>43</Cadence>
						<Extensions>
							<ns3:TPX>
								<ns3:Speed>0.850340</ns3:Speed>
							</ns3:TPX>
						</Extensions>
					</Trackpoint>
					<Trackpoint>
						<Time>2569-03-03T11:46:06Z</Time>
						<Position>
							<LatitudeDegrees>12.587297</LatitudeDegrees>
							<LongitudeDegrees>101.419910</LongitudeDegrees>
						</Position>
						<AltitudeMeters>7.190000</AltitudeMeters>
						<HeartRateBpm>
							<Value>96</Value>
						</HeartRateBpm>
						<Cadence>45</Cadence>
						<Extensions>
							<ns3:TPX>
								<ns3:Speed>0.811030</ns3:Speed>
							</ns3:TPX>
						</Extensions>
					</Trackpoint>
					<Trackpoint>
						<Time>2569-03-03T11:46:07Z</Time>
						<Position>
							<LatitudeDegrees>12.587302</LatitudeDegrees>
							<LongitudeDegrees>101.419915</LongitudeDegrees>
						</Position>
						<AltitudeMeters>7.110000</AltitudeMeters>
						<HeartRateBpm>
							<Value>95</Value>
						</HeartRateBpm>
						<Cadence>45</Cadence>
						<Extensions>
							<ns3:TPX>
								<ns3:Speed>0.783700</ns3:Speed>
							</ns3:TPX>
						</Extensions>
					</Trackpoint>
					<Trackpoint>
						<Time>2569-03-03T11:46:08Z</Time>
						<Position>
							<LatitudeDegrees>12.587306</LatitudeDegrees>
							<LongitudeDegrees>101.419919</LongitudeDegrees>
						</Position>
						<AltitudeMeters>7.100000</AltitudeMeters>
						<HeartRateBpm>
							<Value>94</Value>
						</HeartRateBpm>
						<Cadence>46</Cadence>
						<Extensions>
							<ns3:TPX>
								<ns3:Speed>0.768640</ns3:Speed>
							</ns3:TPX>
						</Extensions>
					</Trackpoint>
					<Trackpoint>
						<Time>2569-03-03T11:46:09Z</Time>
						<Position>
							<LatitudeDegrees>12.587315</LatitudeDegrees>
							<LongitudeDegrees>101.419923</LongitudeDegrees>
						</Position>
						<AltitudeMeters>7.100000</AltitudeMeters>
						<HeartRateBpm>
							<Value>94</Value>
						</HeartRateBpm>
						<Cadence>46</Cadence>
						<Extensions>
							<ns3:TPX>
								<ns3:Speed>0.751880</ns3:Speed>
							</ns3:TPX>
						</Extensions>
					</Trackpoint>
					<Trackpoint>
						<Time>2569-03-03T11:46:09Z</Time>
						<Position>
							<LatitudeDegrees>12.587315</LatitudeDegrees>
							<LongitudeDegrees>101.419923</LongitudeDegrees>
						</Position>
						<AltitudeMeters>7.100000</AltitudeMeters>
						<HeartRateBpm>
							<Value>94</Value>
						</HeartRateBpm>
						<Cadence>46</Cadence>
						<Extensions>
							<ns3:TPX>
								<ns3:Speed>0.751880</ns3:Speed>
							</ns3:TPX>
						</Extensions>
					</Trackpoint>
					<Trackpoint>
						<Time>2569-03-03T11:46:11Z</Time>
						<Position>
							<LatitudeDegrees>12.587317</LatitudeDegrees>
							<LongitudeDegrees>101.419924</LongitudeDegrees>
						</Position>
						<AltitudeMeters>7.110000</AltitudeMeters>
						<HeartRateBpm>
							<Value>94</Value>
						</HeartRateBpm>
						<Cadence>48</Cadence>
						<Extensions>
							<ns3:TPX>
								<ns3:Speed>0.686340</ns3:Speed>
							</ns3:TPX>
						</Extensions>
					</Trackpoint>
					<Trackpoint>
						<Time>2569-03-03T11:46:12Z</Time>
						<Position>
							<LatitudeDegrees>12.587318</LatitudeDegrees>
							<LongitudeDegrees>101.419922</LongitudeDegrees>
						</Position>
						<AltitudeMeters>7.120000</AltitudeMeters>
						<HeartRateBpm>
							<Value>94</Value>
						</HeartRateBpm>
						<Cadence>49</Cadence>
						<Extensions>
							<ns3:TPX>
								<ns3:Speed>0.628930</ns3:Speed>
							</ns3:TPX>
						</Extensions>
					</Trackpoint>
					<Trackpoint>
						<Time>2569-03-03T11:46:13Z</Time>
						<Position>
							<LatitudeDegrees>12.587320</LatitudeDegrees>
							<LongitudeDegrees>101.419919</LongitudeDegrees>
						</Position>
						<AltitudeMeters>7.150000</AltitudeMeters>
						<HeartRateBpm>
							<Value>92</Value>
						</HeartRateBpm>
					</Trackpoint>
					<Trackpoint>
						<Time>2569-03-03T11:46:14Z</Time>
						<Position>
							<LatitudeDegrees>12.587323</LatitudeDegrees>
							<LongitudeDegrees>101.419916</LongitudeDegrees>
						</Position>
						<AltitudeMeters>7.160000</AltitudeMeters>
						<HeartRateBpm>
							<Value>92</Value>
						</HeartRateBpm>
					</Trackpoint>
					<Trackpoint>
						<Time>2569-03-03T11:46:14Z</Time>
						<Position>
							<LatitudeDegrees>12.587323</LatitudeDegrees>
							<LongitudeDegrees>101.419916</LongitudeDegrees>
						</Position>
						<AltitudeMeters>7.160000</AltitudeMeters>
						<HeartRateBpm>
							<Value>92</Value>
						</HeartRateBpm>
					</Trackpoint>
					<Trackpoint>
						<Time>2569-03-03T11:46:15Z</Time>
						<Position>
							<LatitudeDegrees>12.587323</LatitudeDegrees>
							<LongitudeDegrees>101.419915</LongitudeDegrees>
						</Position>
						<AltitudeMeters>7.190000</AltitudeMeters>
						<HeartRateBpm>
							<Value>92</Value>
						</HeartRateBpm>
					</Trackpoint>
					<Trackpoint>
						<Time>2569-03-03T11:46:16Z</Time>
						<Position>
							<LatitudeDegrees>12.587324</LatitudeDegrees>
							<LongitudeDegrees>101.419915</LongitudeDegrees>
						</Position>
						<AltitudeMeters>7.190000</AltitudeMeters>
						<HeartRateBpm>
							<Value>91</Value>
						</HeartRateBpm>
					</Trackpoint>
					<Trackpoint>
						<Time>2569-03-03T11:46:17Z</Time>
						<Position>
							<LatitudeDegrees>12.587324</LatitudeDegrees>
							<LongitudeDegrees>101.419915</LongitudeDegrees>
						</Position>
						<AltitudeMeters>7.200000</AltitudeMeters>
						<HeartRateBpm>
							<Value>91</Value>
						</HeartRateBpm>
					</Trackpoint>
					<Trackpoint>
						<Time>2569-03-03T11:46:19Z</Time>
						<Position>
							<LatitudeDegrees>12.587324</LatitudeDegrees>
							<LongitudeDegrees>101.419916</LongitudeDegrees>
						</Position>
						<AltitudeMeters>7.220000</AltitudeMeters>
						<HeartRateBpm>
							<Value>91</Value>
						</HeartRateBpm>
					</Trackpoint>
					<Trackpoint>
						<Time>2569-03-03T11:46:19Z</Time>
						<Position>
							<LatitudeDegrees>12.587324</LatitudeDegrees>
							<LongitudeDegrees>101.419916</LongitudeDegrees>
						</Position>
						<AltitudeMeters>7.220000</AltitudeMeters>
						<HeartRateBpm>
							<Value>91</Value>
						</HeartRateBpm>
					</Trackpoint>
					<Trackpoint>
						<Time>2569-03-03T11:46:21Z</Time>
						<Position>
							<LatitudeDegrees>12.587329</LatitudeDegrees>
							<LongitudeDegrees>101.419921</LongitudeDegrees>
						</Position>
						<AltitudeMeters>7.230000</AltitudeMeters>
						<HeartRateBpm>
							<Value>90</Value>
						</HeartRateBpm>
					</Trackpoint>
					<Trackpoint>
						<Time>2569-03-03T11:46:21Z</Time>
						<Position>
							<LatitudeDegrees>12.587329</LatitudeDegrees>
							<LongitudeDegrees>101.419921</LongitudeDegrees>
						</Position>
						<AltitudeMeters>7.230000</AltitudeMeters>
						<HeartRateBpm>
							<Value>90</Value>
						</HeartRateBpm>
					</Trackpoint>
					<Trackpoint>
						<Time>2569-03-03T11:46:23Z</Time>
						<Position>
							<LatitudeDegrees>12.587333</LatitudeDegrees>
							<LongitudeDegrees>101.419921</LongitudeDegrees>
						</Position>
						<AltitudeMeters>7.210000</AltitudeMeters>
						<HeartRateBpm>
							<Value>89</Value>
						</HeartRateBpm>
						<Cadence>41</Cadence>
					</Trackpoint>
					<Trackpoint>
						<Time>2569-03-03T11:46:24Z</Time>
						<Position>
							<LatitudeDegrees>12.587339</LatitudeDegrees>
							<LongitudeDegrees>101.419919</LongitudeDegrees>
						</Position>
						<AltitudeMeters>7.240000</AltitudeMeters>
						<HeartRateBpm>
							<Value>89</Value>
						</HeartRateBpm>
						<Cadence>42</Cadence>
						<Extensions>
							<ns3:TPX>
								<ns3:Speed>0.383580</ns3:Speed>
							</ns3:TPX>
						</Extensions>
					</Trackpoint>
					<Trackpoint>
						<Time>2569-03-03T11:46:25Z</Time>
						<Position>
							<LatitudeDegrees>12.587345</LatitudeDegrees>
							<LongitudeDegrees>101.419913</LongitudeDegrees>
						</Position>
						<AltitudeMeters>7.250000</AltitudeMeters>
						<HeartRateBpm>
							<Value>88</Value>
						</HeartRateBpm>
						<Extensions>
							<ns3:TPX>
								<ns3:Speed>0.481230</ns3:Speed>
							</ns3:TPX>
						</Extensions>
					</Trackpoint>
					<Trackpoint>
						<Time>2569-03-03T11:46:26Z</Time>
						<Position>
							<LatitudeDegrees>12.587350</LatitudeDegrees>
							<LongitudeDegrees>101.419907</LongitudeDegrees>
						</Position>
						<AltitudeMeters>7.290000</AltitudeMeters>
						<HeartRateBpm>
							<Value>88</Value>
						</HeartRateBpm>
						<Cadence>43</Cadence>
						<Extensions>
							<ns3:TPX>
								<ns3:Speed>0.593470</ns3:Speed>
							</ns3:TPX>
						</Extensions>
					</Trackpoint>
					<Trackpoint>
						<Time>2569-03-03T11:46:27Z</Time>
						<Position>
							<LatitudeDegrees>12.587356</LatitudeDegrees>
							<LongitudeDegrees>101.419894</LongitudeDegrees>
						</Position>
						<AltitudeMeters>7.340000</AltitudeMeters>
						<HeartRateBpm>
							<Value>88</Value>
						</HeartRateBpm>
						<Cadence>43</Cadence>
						<Extensions>
							<ns3:TPX>
								<ns3:Speed>0.688230</ns3:Speed>
							</ns3:TPX>
						</Extensions>
					</Trackpoint>
					<Trackpoint>
						<Time>2569-03-03T11:46:27Z</Time>
						<Position>
							<LatitudeDegrees>12.587356</LatitudeDegrees>
							<LongitudeDegrees>101.419894</LongitudeDegrees>
						</Position>
						<AltitudeMeters>7.340000</AltitudeMeters>
						<HeartRateBpm>
							<Value>88</Value>
						</HeartRateBpm>
						<Cadence>43</Cadence>
						<Extensions>
							<ns3:TPX>
								<ns3:Speed>0.688230</ns3:Speed>
							</ns3:TPX>
						</Extensions>
					</Trackpoint>
					<Trackpoint>
						<Time>2569-03-03T11:46:29Z</Time>
						<Position>
							<LatitudeDegrees>12.587356</LatitudeDegrees>
							<LongitudeDegrees>101.419886</LongitudeDegrees>
						</Position>
						<AltitudeMeters>7.620000</AltitudeMeters>
						<HeartRateBpm>
							<Value>88</Value>
						</HeartRateBpm>
						<Cadence>44</Cadence>
						<Extensions>
							<ns3:TPX>
								<ns3:Speed>0.722540</ns3:Speed>
							</ns3:TPX>
						</Extensions>
					</Trackpoint>
					<Trackpoint>
						<Time>2569-03-03T11:46:30Z</Time>
						<Position>
							<LatitudeDegrees>12.587355</LatitudeDegrees>
							<LongitudeDegrees>101.419877</LongitudeDegrees>
						</Position>
						<AltitudeMeters>7.980000</AltitudeMeters>
						<HeartRateBpm>
							<Value>89</Value>
						</HeartRateBpm>
						<Cadence>45</Cadence>
						<Extensions>
							<ns3:TPX>
								<ns3:Speed>0.672490</ns3:Speed>
							</ns3:TPX>
						</Extensions>
					</Trackpoint>
					<Trackpoint>
						<Time>2569-03-03T11:46:31Z</Time>
						<Position>
							<LatitudeDegrees>12.587354</LatitudeDegrees>
							<LongitudeDegrees>101.419868</LongitudeDegrees>
						</Position>
						<AltitudeMeters>8.110000</AltitudeMeters>
						<HeartRateBpm>
							<Value>89</Value>
						</HeartRateBpm>
						<Cadence>47</Cadence>
						<Extensions>
							<ns3:TPX>
								<ns3:Speed>0.740740</ns3:Speed>
							</ns3:TPX>
						</Extensions>
					</Trackpoint>
					<Trackpoint>
						<Time>2569-03-03T11:46:32Z</Time>
						<Position>
							<LatitudeDegrees>12.587353</LatitudeDegrees>
							<LongitudeDegrees>101.419860</LongitudeDegrees>
						</Position>
						<AltitudeMeters>8.130000</AltitudeMeters>
						<HeartRateBpm>
							<Value>90</Value>
						</HeartRateBpm>
					</Trackpoint>
					<Trackpoint>
						<Time>2569-03-03T11:46:33Z</Time>
						<Position>
							<LatitudeDegrees>12.587352</LatitudeDegrees>
							<LongitudeDegrees>101.419851</LongitudeDegrees>
						</Position>
						<AltitudeMeters>8.140000</AltitudeMeters>
						<HeartRateBpm>
							<Value>92</Value>
						</HeartRateBpm>
					</Trackpoint>
					<Trackpoint>
						<Time>2569-03-03T11:46:34Z</Time>
						<Position>
							<LatitudeDegrees>12.587349</LatitudeDegrees>
							<LongitudeDegrees>101.419834</LongitudeDegrees>
						</Position>
						<AltitudeMeters>8.150000</AltitudeMeters>
						<HeartRateBpm>
							<Value>93</Value>
						</HeartRateBpm>
						<Cadence>49</Cadence>
					</Trackpoint>
					<Trackpoint>
						<Time>2569-03-03T11:46:34Z</Time>
						<Position>
							<LatitudeDegrees>12.587349</LatitudeDegrees>
							<LongitudeDegrees>101.419834</LongitudeDegrees>
						</Position>
						<AltitudeMeters>8.150000</AltitudeMeters>
						<HeartRateBpm>
							<Value>93</Value>
						</HeartRateBpm>
						<Cadence>49</Cadence>
					</Trackpoint>
					<Trackpoint>
						<Time>2569-03-03T11:46:35Z</Time>
						<Position>
							<LatitudeDegrees>12.587347</LatitudeDegrees>
							<LongitudeDegrees>101.419824</LongitudeDegrees>
						</Position>
						<AltitudeMeters>8.170000</AltitudeMeters>
						<HeartRateBpm>
							<Value>95</Value>
						</HeartRateBpm>
						<Cadence>50</Cadence>
						<Extensions>
							<ns3:TPX>
								<ns3:Speed>0.880280</ns3:Speed>
							</ns3:TPX>
						</Extensions>
					</Trackpoint>
					<Trackpoint>
						<Time>2569-03-03T11:46:36Z</Time>
						<Position>
							<LatitudeDegrees>12.587346</LatitudeDegrees>
							<LongitudeDegrees>101.419815</LongitudeDegrees>
						</Position>
						<AltitudeMeters>8.180000</AltitudeMeters>
						<HeartRateBpm>
							<Value>96</Value>
						</HeartRateBpm>
						<Cadence>50</Cadence>
						<Extensions>
							<ns3:TPX>
								<ns3:Speed>0.892060</ns3:Speed>
							</ns3:TPX>
						</Extensions>
					</Trackpoint>
					<Trackpoint>
						<Time>2569-03-03T11:46:38Z</Time>
						<Position>
							<LatitudeDegrees>12.587346</LatitudeDegrees>
							<LongitudeDegrees>101.419807</LongitudeDegrees>
						</Position>
						<AltitudeMeters>8.210000</AltitudeMeters>
						<HeartRateBpm>
							<Value>97</Value>
						</HeartRateBpm>
						<Cadence>50</Cadence>
						<Extensions>
							<ns3:TPX>
								<ns3:Speed>0.896860</ns3:Speed>
							</ns3:TPX>
						</Extensions>
					</Trackpoint>
					<Trackpoint>
						<Time>2569-03-03T11:46:39Z</Time>
						<Position>
							<LatitudeDegrees>12.587346</LatitudeDegrees>
							<LongitudeDegrees>101.419792</LongitudeDegrees>
						</Position>
						<AltitudeMeters>8.220000</AltitudeMeters>
						<HeartRateBpm>
							<Value>97</Value>
						</HeartRateBpm>
						<Cadence>49</Cadence>
						<Extensions>
							<ns3:TPX>
								<ns3:Speed>0.874890</ns3:Speed>
							</ns3:TPX>
						</Extensions>
					</Trackpoint>
					<Trackpoint>
						<Time>2569-03-03T11:46:39Z</Time>
						<Position>
							<LatitudeDegrees>12.587346</LatitudeDegrees>
							<LongitudeDegrees>101.419792</LongitudeDegrees>
						</Position>
						<AltitudeMeters>8.220000</AltitudeMeters>
						<HeartRateBpm>
							<Value>97</Value>
						</HeartRateBpm>
						<Cadence>49</Cadence>
						<Extensions>
							<ns3:TPX>
								<ns3:Speed>0.874890</ns3:Speed>
							</ns3:TPX>
						</Extensions>
					</Trackpoint>
					<Trackpoint>
						<Time>2569-03-03T11:46:40Z</Time>
						<Position>
							<LatitudeDegrees>12.587347</LatitudeDegrees>
							<LongitudeDegrees>101.419784</LongitudeDegrees>
						</Position>
						<AltitudeMeters>8.240000</AltitudeMeters>
						<HeartRateBpm>
							<Value>96</Value>
						</HeartRateBpm>
						<Cadence>48</Cadence>
						<Extensions>
							<ns3:TPX>
								<ns3:Speed>0.894450</ns3:Speed>
							</ns3:TPX>
						</Extensions>
					</Trackpoint>
					<Trackpoint>
						<Time>2569-03-03T11:46:41Z</Time>
						<Position>
							<LatitudeDegrees>12.587347</LatitudeDegrees>
							<LongitudeDegrees>101.419777</LongitudeDegrees>
						</Position>
						<AltitudeMeters>8.330000</AltitudeMeters>
						<HeartRateBpm>
							<Value>96</Value>
						</HeartRateBpm>
						<Cadence>46</Cadence>
						<Extensions>
							<ns3:TPX>
								<ns3:Speed>0.910750</ns3:Speed>
							</ns3:TPX>
						</Extensions>
					</Trackpoint>
					<Trackpoint>
						<Time>2569-03-03T11:46:43Z</Time>
						<Position>
							<LatitudeDegrees>12.587348</LatitudeDegrees>
							<LongitudeDegrees>101.419772</LongitudeDegrees>
						</Position>
						<AltitudeMeters>8.500000</AltitudeMeters>
						<HeartRateBpm>
							<Value>95</Value>
						</HeartRateBpm>
						<Cadence>43</Cadence>
						<Extensions>
							<ns3:TPX>
								<ns3:Speed>0.854700</ns3:Speed>
							</ns3:TPX>
						</Extensions>
					</Trackpoint>
					<Trackpoint>
						<Time>2569-03-03T11:46:44Z</Time>
						<Position>
							<LatitudeDegrees>12.587352</LatitudeDegrees>
							<LongitudeDegrees>101.419766</LongitudeDegrees>
						</Position>
						<AltitudeMeters>8.530000</AltitudeMeters>
						<HeartRateBpm>
							<Value>94</Value>
						</HeartRateBpm>
						<Cadence>42</Cadence>
						<Extensions>
							<ns3:TPX>
								<ns3:Speed>0.833330</ns3:Speed>
							</ns3:TPX>
						</Extensions>
					</Trackpoint>
					<Trackpoint>
						<Time>2569-03-03T11:46:44Z</Time>
						<Position>
							<LatitudeDegrees>12.587352</LatitudeDegrees>
							<LongitudeDegrees>101.419766</LongitudeDegrees>
						</Position>
						<AltitudeMeters>8.530000</AltitudeMeters>
						<HeartRateBpm>
							<Value>94</Value>
						</HeartRateBpm>
						<Cadence>42</Cadence>
						<Extensions>
							<ns3:TPX>
								<ns3:Speed>0.833330</ns3:Speed>
							</ns3:TPX>
						</Extensions>
					</Trackpoint>
					<Trackpoint>
						<Time>2569-03-03T11:46:45Z</Time>
						<Position>
							<LatitudeDegrees>12.587356</LatitudeDegrees>
							<LongitudeDegrees>101.419765</LongitudeDegrees>
						</Position>
						<AltitudeMeters>8.570000</AltitudeMeters>
						<HeartRateBpm>
							<Value>94</Value>
						</HeartRateBpm>
						<Cadence>41</Cadence>
						<Extensions>
							<ns3:TPX>
								<ns3:Speed>0.793020</ns3:Speed>
							</ns3:TPX>
						</Extensions>
					</Trackpoint>
					<Trackpoint>
						<Time>2569-03-03T11:46:47Z</Time>
						<Position>
							<LatitudeDegrees>12.587358</LatitudeDegrees>
							<LongitudeDegrees>101.419761</LongitudeDegrees>
						</Position>
						<AltitudeMeters>8.640000</AltitudeMeters>
						<HeartRateBpm>
							<Value>94</Value>
						</HeartRateBpm>
						<Cadence>40</Cadence>
						<Extensions>
							<ns3:TPX>
								<ns3:Speed>0.630120</ns3:Speed>
							</ns3:TPX>
						</Extensions>
					</Trackpoint>
					<Trackpoint>
						<Time>2569-03-03T11:46:48Z</Time>
						<Position>
							<LatitudeDegrees>12.587361</LatitudeDegrees>
							<LongitudeDegrees>101.419758</LongitudeDegrees>
						</Position>
						<AltitudeMeters>8.660000</AltitudeMeters>
						<HeartRateBpm>
							<Value>94</Value>
						</HeartRateBpm>
						<Cadence>40</Cadence>
						<Extensions>
							<ns3:TPX>
								<ns3:Speed>0.564020</ns3:Speed>
							</ns3:TPX>
						</Extensions>
					</Trackpoint>
					<Trackpoint>
						<Time>2569-03-03T11:46:49Z</Time>
						<Position>
							<LatitudeDegrees>12.587362</LatitudeDegrees>
							<LongitudeDegrees>101.419753</LongitudeDegrees>
						</Position>
						<AltitudeMeters>8.700000</AltitudeMeters>
						<HeartRateBpm>
							<Value>93</Value>
						</HeartRateBpm>
						<Cadence>40</Cadence>
						<Extensions>
							<ns3:TPX>
								<ns3:Speed>0.537060</ns3:Speed>
							</ns3:TPX>
						</Extensions>
					</Trackpoint>
					<Trackpoint>
						<Time>2569-03-03T11:46:50Z</Time>
						<Position>
							<LatitudeDegrees>12.587360</LatitudeDegrees>
							<LongitudeDegrees>101.419748</LongitudeDegrees>
						</Position>
						<AltitudeMeters>8.730000</AltitudeMeters>
						<HeartRateBpm>
							<Value>93</Value>
						</HeartRateBpm>
						<Cadence>40</Cadence>
						<Extensions>
							<ns3:TPX>
								<ns3:Speed>0.537060</ns3:Speed>
							</ns3:TPX>
						</Extensions>
					</Trackpoint>
					<Trackpoint>
						<Time>2569-03-03T11:46:51Z</Time>
						<Position>
							<LatitudeDegrees>12.587358</LatitudeDegrees>
							<LongitudeDegrees>101.419742</LongitudeDegrees>
						</Position>
						<AltitudeMeters>8.730000</AltitudeMeters>
						<HeartRateBpm>
							<Value>92</Value>
						</HeartRateBpm>
						<Cadence>41</Cadence>
						<Extensions>
							<ns3:TPX>
								<ns3:Speed>0.547650</ns3:Speed>
							</ns3:TPX>
						</Extensions>
					</Trackpoint>
					<Trackpoint>
						<Time>2569-03-03T11:46:52Z</Time>
						<Position>
							<LatitudeDegrees>12.587354</LatitudeDegrees>
							<LongitudeDegrees>101.419737</LongitudeDegrees>
						</Position>
						<AltitudeMeters>8.760000</AltitudeMeters>
						<HeartRateBpm>
							<Value>93</Value>
						</HeartRateBpm>
						<Cadence>46</Cadence>
						<Extensions>
							<ns3:TPX>
								<ns3:Speed>0.567540</ns3:Speed>
							</ns3:TPX>
						</Extensions>
					</Trackpoint>
					<Trackpoint>
						<Time>2569-03-03T11:46:53Z</Time>
						<Position>
							<LatitudeDegrees>12.587352</LatitudeDegrees>
							<LongitudeDegrees>101.419733</LongitudeDegrees>
						</Position>
						<AltitudeMeters>8.760000</AltitudeMeters>
						<HeartRateBpm>
							<Value>92</Value>
						</HeartRateBpm>
						<Cadence>47</Cadence>
						<Extensions>
							<ns3:TPX>
								<ns3:Speed>0.575710</ns3:Speed>
							</ns3:TPX>
						</Extensions>
					</Trackpoint>
					<Trackpoint>
						<Time>2569-03-03T11:46:54Z</Time>
						<Position>
							<LatitudeDegrees>12.587351</LatitudeDegrees>
							<LongitudeDegrees>101.419731</LongitudeDegrees>
						</Position>
						<AltitudeMeters>8.780000</AltitudeMeters>
						<HeartRateBpm>
							<Value>92</Value>
						</HeartRateBpm>
						<Cadence>48</Cadence>
						<Extensions>
							<ns3:TPX>
								<ns3:Speed>0.574380</ns3:Speed>
							</ns3:TPX>
						</Extensions>
					</Trackpoint>
					<Trackpoint>
						<Time>2569-03-03T11:46:55Z</Time>
						<Position>
							<LatitudeDegrees>12.587351</LatitudeDegrees>
							<LongitudeDegrees>101.419731</LongitudeDegrees>
						</Position>
						<AltitudeMeters>8.790000</AltitudeMeters>
						<HeartRateBpm>
							<Value>92</Value>
						</HeartRateBpm>
						<Cadence>51</Cadence>
						<Extensions>
							<ns3:TPX>
								<ns3:Speed>0.574380</ns3:Speed>
							</ns3:TPX>
						</Extensions>
					</Trackpoint>
					<Trackpoint>
						<Time>2569-03-03T11:46:56Z</Time>
						<Position>
							<LatitudeDegrees>12.587350</LatitudeDegrees>
							<LongitudeDegrees>101.419732</LongitudeDegrees>
						</Position>
						<AltitudeMeters>8.760000</AltitudeMeters>
						<HeartRateBpm>
							<Value>92</Value>
						</HeartRateBpm>
						<Cadence>51</Cadence>
						<Extensions>
							<ns3:TPX>
								<ns3:Speed>0.547350</ns3:Speed>
							</ns3:TPX>
						</Extensions>
					</Trackpoint>
					<Trackpoint>
						<Time>2569-03-03T11:46:57Z</Time>
						<Position>
							<LatitudeDegrees>12.587346</LatitudeDegrees>
							<LongitudeDegrees>101.419736</LongitudeDegrees>
						</Position>
						<AltitudeMeters>8.760000</AltitudeMeters>
						<HeartRateBpm>
							<Value>92</Value>
						</HeartRateBpm>
						<Cadence>51</Cadence>
						<Extensions>
							<ns3:TPX>
								<ns3:Speed>0.512300</ns3:Speed>
							</ns3:TPX>
						</Extensions>
					</Trackpoint>
					<Trackpoint>
						<Time>2569-03-03T11:46:57Z</Time>
						<Position>
							<LatitudeDegrees>12.587346</LatitudeDegrees>
							<LongitudeDegrees>101.419736</LongitudeDegrees>
						</Position>
						<AltitudeMeters>8.760000</AltitudeMeters>
						<HeartRateBpm>
							<Value>92</Value>
						</HeartRateBpm>
						<Cadence>51</Cadence>
						<Extensions>
							<ns3:TPX>
								<ns3:Speed>0.512300</ns3:Speed>
							</ns3:TPX>
						</Extensions>
					</Trackpoint>
					<Trackpoint>
						<Time>2569-03-03T11:46:59Z</Time>
						<Position>
							<LatitudeDegrees>12.587343</LatitudeDegrees>
							<LongitudeDegrees>101.419738</LongitudeDegrees>
						</Position>
						<AltitudeMeters>8.740000</AltitudeMeters>
						<HeartRateBpm>
							<Value>93</Value>
						</HeartRateBpm>
						<Cadence>50</Cadence>
						<Extensions>
							<ns3:TPX>
								<ns3:Speed>0.346980</ns3:Speed>
							</ns3:TPX>
						</Extensions>
					</Trackpoint>
					<Trackpoint>
						<Time>2569-03-03T11:47:00Z</Time>
						<Position>
							<LatitudeDegrees>12.587342</LatitudeDegrees>
							<LongitudeDegrees>101.419738</LongitudeDegrees>
						</Position>
						<AltitudeMeters>8.740000</AltitudeMeters>
						<HeartRateBpm>
							<Value>93</Value>
						</HeartRateBpm>
						<Cadence>48</Cadence>
						<Extensions>
							<ns3:TPX>
								<ns3:Speed>0.395100</ns3:Speed>
							</ns3:TPX>
						</Extensions>
					</Trackpoint>
					<Trackpoint>
						<Time>2569-03-03T11:47:01Z</Time>
						<Position>
							<LatitudeDegrees>12.587340</LatitudeDegrees>
							<LongitudeDegrees>101.419739</LongitudeDegrees>
						</Position>
						<AltitudeMeters>8.730000</AltitudeMeters>
						<HeartRateBpm>
							<Value>93</Value>
						</HeartRateBpm>
						<Cadence>47</Cadence>
						<Extensions>
							<ns3:TPX>
								<ns3:Speed>0.382410</ns3:Speed>
							</ns3:TPX>
						</Extensions>
					</Trackpoint>
					<Trackpoint>
						<Time>2569-03-03T11:47:02Z</Time>
						<Position>
							<LatitudeDegrees>12.587338</LatitudeDegrees>
							<LongitudeDegrees>101.419740</LongitudeDegrees>
						</Position>
						<AltitudeMeters>8.730000</AltitudeMeters>
						<HeartRateBpm>
							<Value>93</Value>
						</HeartRateBpm>
						<Cadence>47</Cadence>
						<Extensions>
							<ns3:TPX>
								<ns3:Speed>0.313870</ns3:Speed>
							</ns3:TPX>
						</Extensions>
					</Trackpoint>
					<Trackpoint>
						<Time>2569-03-03T11:47:02Z</Time>
						<Position>
							<LatitudeDegrees>12.587338</LatitudeDegrees>
							<LongitudeDegrees>101.419740</LongitudeDegrees>
						</Position>
						<AltitudeMeters>8.730000</AltitudeMeters>
						<HeartRateBpm>
							<Value>93</Value>
						</HeartRateBpm>
						<Cadence>47</Cadence>
						<Extensions>
							<ns3:TPX>
								<ns3:Speed>0.313870</ns3:Speed>
							</ns3:TPX>
						</Extensions>
					</Trackpoint>
					<Trackpoint>
						<Time>2569-03-03T11:47:04Z</Time>
						<Position>
							<LatitudeDegrees>12.587337</LatitudeDegrees>
							<LongitudeDegrees>101.419742</LongitudeDegrees>
						</Position>
						<AltitudeMeters>8.670000</AltitudeMeters>
						<HeartRateBpm>
							<Value>91</Value>
						</HeartRateBpm>
					</Trackpoint>
					<Trackpoint>
						<Time>2569-03-03T11:47:05Z</Time>
						<Position>
							<LatitudeDegrees>12.587337</LatitudeDegrees>
							<LongitudeDegrees>101.419742</LongitudeDegrees>
						</Position>
						<AltitudeMeters>8.650000</AltitudeMeters>
						<HeartRateBpm>
							<Value>90</Value>
						</HeartRateBpm>
					</Trackpoint>
					<Trackpoint>
						<Time>2569-03-03T11:47:06Z</Time>
						<Position>
							<LatitudeDegrees>12.587337</LatitudeDegrees>
							<LongitudeDegrees>101.419743</LongitudeDegrees>
						</Position>
						<AltitudeMeters>8.650000</AltitudeMeters>
						<HeartRateBpm>
							<Value>90</Value>
						</HeartRateBpm>
					</Trackpoint>
					<Trackpoint>
						<Time>2569-03-03T11:47:07Z</Time>
						<Position>
							<LatitudeDegrees>12.587336</LatitudeDegrees>
							<LongitudeDegrees>101.419743</LongitudeDegrees>
						</Position>
						<AltitudeMeters>8.640000</AltitudeMeters>
						<HeartRateBpm>
							<Value>90</Value>
						</HeartRateBpm>
					</Trackpoint>
					<Trackpoint>
						<Time>2569-03-03T11:47:08Z</Time>
						<Position>
							<LatitudeDegrees>12.587336</LatitudeDegrees>
							<LongitudeDegrees>101.419744</LongitudeDegrees>
						</Position>
						<AltitudeMeters>8.630000</AltitudeMeters>
						<HeartRateBpm>
							<Value>91</Value>
						</HeartRateBpm>
					</Trackpoint>
					<Trackpoint>
						<Time>2569-03-03T11:47:09Z</Time>
						<Position>
							<LatitudeDegrees>12.587334</LatitudeDegrees>
							<LongitudeDegrees>101.419746</LongitudeDegrees>
						</Position>
						<AltitudeMeters>8.610000</AltitudeMeters>
						<HeartRateBpm>
							<Value>91</Value>
						</HeartRateBpm>
					</Trackpoint>
					<Trackpoint>
						<Time>2569-03-03T11:47:10Z</Time>
						<Position>
							<LatitudeDegrees>12.587329</LatitudeDegrees>
							<LongitudeDegrees>101.419749</LongitudeDegrees>
						</Position>
						<AltitudeMeters>8.560000</AltitudeMeters>
						<HeartRateBpm>
							<Value>92</Value>
						</HeartRateBpm>
						<Cadence>58</Cadence>
					</Trackpoint>
					<Trackpoint>
						<Time>2569-03-03T11:47:11Z</Time>
						<Position>
							<LatitudeDegrees>12.587321</LatitudeDegrees>
							<LongitudeDegrees>101.419752</LongitudeDegrees>
						</Position>
						<AltitudeMeters>8.530000</AltitudeMeters>
						<HeartRateBpm>
							<Value>92</Value>
						</HeartRateBpm>
						<Cadence>58</Cadence>
						<Extensions>
							<ns3:TPX>
								<ns3:Speed>0.189570</ns3:Speed>
							</ns3:TPX>
						</Extensions>
					</Trackpoint>
					<Trackpoint>
						<Time>2569-03-03T11:47:12Z</Time>
						<Position>
							<LatitudeDegrees>12.587313</LatitudeDegrees>
							<LongitudeDegrees>101.419755</LongitudeDegrees>
						</Position>
						<AltitudeMeters>8.480000</AltitudeMeters>
						<HeartRateBpm>
							<Value>92</Value>
						</HeartRateBpm>
						<Cadence>57</Cadence>
						<Extensions>
							<ns3:TPX>
								<ns3:Speed>0.257800</ns3:Speed>
							</ns3:TPX>
						</Extensions>
					</Trackpoint>
					<Trackpoint>
						<Time>2569-03-03T11:47:13Z</Time>
						<Position>
							<LatitudeDegrees>12.587306</LatitudeDegrees>
							<LongitudeDegrees>101.419759</LongitudeDegrees>
						</Position>
						<AltitudeMeters>8.450000</AltitudeMeters>
						<HeartRateBpm>
							<Value>93</Value>
						</HeartRateBpm>
						<Cadence>55</Cadence>
						<Extensions>
							<ns3:TPX>
								<ns3:Speed>0.336810</ns3:Speed>
							</ns3:TPX>
						</Extensions>
					</Trackpoint>
					<Trackpoint>
						<Time>2569-03-03T11:47:14Z</Time>
						<Position>
							<LatitudeDegrees>12.587298</LatitudeDegrees>
							<LongitudeDegrees>101.419764</LongitudeDegrees>
						</Position>
						<AltitudeMeters>8.410000</AltitudeMeters>
						<HeartRateBpm>
							<Value>95</Value>
						</HeartRateBpm>
						<Cadence>54</Cadence>
						<Extensions>
							<ns3:TPX>
								<ns3:Speed>0.421230</ns3:Speed>
							</ns3:TPX>
						</Extensions>
					</Trackpoint>
					<Trackpoint>
						<Time>2569-03-03T11:47:15Z</Time>
						<Position>
							<LatitudeDegrees>12.587290</LatitudeDegrees>
							<LongitudeDegrees>101.419770</LongitudeDegrees>
						</Position>
						<AltitudeMeters>8.380000</AltitudeMeters>
						<HeartRateBpm>
							<Value>98</Value>
						</HeartRateBpm>
						<Cadence>53</Cadence>
						<Extensions>
							<ns3:TPX>
								<ns3:Speed>0.508390</ns3:Speed>
							</ns3:TPX>
						</Extensions>
					</Trackpoint>
					<Trackpoint>
						<Time>2569-03-03T11:47:16Z</Time>
						<Position>
							<LatitudeDegrees>12.587291</LatitudeDegrees>
							<LongitudeDegrees>101.419771</LongitudeDegrees>
						</Position>
						<AltitudeMeters>8.380000</AltitudeMeters>
						<HeartRateBpm>
							<Value>101</Value>
						</HeartRateBpm>
						<Extensions>
							<ns3:TPX>
								<ns3:Speed>0.469920</ns3:Speed>
							</ns3:TPX>
						</Extensions>
					</Trackpoint>
					<Trackpoint>
						<Time>2569-03-03T11:47:17Z</Time>
						<Position>
							<LatitudeDegrees>12.587290</LatitudeDegrees>
							<LongitudeDegrees>101.419773</LongitudeDegrees>
						</Position>
						<AltitudeMeters>8.360000</AltitudeMeters>
						<HeartRateBpm>
							<Value>102</Value>
						</HeartRateBpm>
						<Extensions>
							<ns3:TPX>
								<ns3:Speed>0.346500</ns3:Speed>
							</ns3:TPX>
						</Extensions>
					</Trackpoint>
					<Trackpoint>
						<Time>2569-03-03T11:47:18Z</Time>
						<Position>
							<LatitudeDegrees>12.587290</LatitudeDegrees>
							<LongitudeDegrees>101.419774</LongitudeDegrees>
						</Position>
						<AltitudeMeters>8.350000</AltitudeMeters>
						<HeartRateBpm>
							<Value>103</Value>
						</HeartRateBpm>
						<Extensions>
							<ns3:TPX>
								<ns3:Speed>0.366170</ns3:Speed>
							</ns3:TPX>
						</Extensions>
					</Trackpoint>
					<Trackpoint>
						<Time>2569-03-03T11:47:19Z</Time>
						<Position>
							<LatitudeDegrees>12.587293</LatitudeDegrees>
							<LongitudeDegrees>101.419771</LongitudeDegrees>
						</Position>
						<AltitudeMeters>8.370000</AltitudeMeters>
						<HeartRateBpm>
							<Value>103</Value>
						</HeartRateBpm>
						<Extensions>
							<ns3:TPX>
								<ns3:Speed>0.465980</ns3:Speed>
							</ns3:TPX>
						</Extensions>
					</Trackpoint>
					<Trackpoint>
						<Time>2569-03-03T11:47:20Z</Time>
						<Position>
							<LatitudeDegrees>12.587299</LatitudeDegrees>
							<LongitudeDegrees>101.419761</LongitudeDegrees>
						</Position>
						<AltitudeMeters>8.370000</AltitudeMeters>
						<HeartRateBpm>
							<Value>104</Value>
						</HeartRateBpm>
						<Extensions>
							<ns3:TPX>
								<ns3:Speed>0.489720</ns3:Speed>
							</ns3:TPX>
						</Extensions>
					</Trackpoint>
					<Trackpoint>
						<Time>2569-03-03T11:47:20Z</Time>
						<Position>
							<LatitudeDegrees>12.587299</LatitudeDegrees>
							<LongitudeDegrees>101.419761</LongitudeDegrees>
						</Position>
						<AltitudeMeters>8.370000</AltitudeMeters>
						<HeartRateBpm>
							<Value>104</Value>
						</HeartRateBpm>
						<Extensions>
							<ns3:TPX>
								<ns3:Speed>0.489720</ns3:Speed>
							</ns3:TPX>
						</Extensions>
					</Trackpoint>
					<Trackpoint>
						<Time>2569-03-03T11:47:21Z</Time>
						<Position>
							<LatitudeDegrees>12.587299</LatitudeDegrees>
							<LongitudeDegrees>101.419759</LongitudeDegrees>
						</Position>
						<AltitudeMeters>8.390000</AltitudeMeters>
						<HeartRateBpm>
							<Value>103</Value>
						</HeartRateBpm>
						<Extensions>
							<ns3:TPX>
								<ns3:Speed>0.449030</ns3:Speed>
							</ns3:TPX>
						</Extensions>
					</Trackpoint>
					<Trackpoint>
						<Time>2569-03-03T11:47:22Z</Time>
						<Position>
							<LatitudeDegrees>12.587300</LatitudeDegrees>
							<LongitudeDegrees>101.419757</LongitudeDegrees>
						</Position>
						<AltitudeMeters>8.380000</AltitudeMeters>
						<HeartRateBpm>
							<Value>102</Value>
						</HeartRateBpm>
						<Extensions>
							<ns3:TPX>
								<ns3:Speed>0.398880</ns3:Speed>
							</ns3:TPX>
						</Extensions>
					</Trackpoint>
					<Trackpoint>
						<Time>2569-03-03T11:47:24Z</Time>
						<Position>
							<LatitudeDegrees>12.587301</LatitudeDegrees>
							<LongitudeDegrees>101.419755</LongitudeDegrees>
						</Position>
						<AltitudeMeters>8.380000</AltitudeMeters>
						<HeartRateBpm>
							<Value>102</Value>
						</HeartRateBpm>
					</Trackpoint>
					<Trackpoint>
						<Time>2569-03-03T11:47:24Z</Time>
						<Position>
							<LatitudeDegrees>12.587301</LatitudeDegrees>
							<LongitudeDegrees>101.419755</LongitudeDegrees>
						</Position>
						<AltitudeMeters>8.380000</AltitudeMeters>
						<HeartRateBpm>
							<Value>102</Value>
						</HeartRateBpm>
					</Trackpoint>
					<Trackpoint>
						<Time>2569-03-03T11:47:25Z</Time>
						<Position>
							<LatitudeDegrees>12.587301</LatitudeDegrees>
							<LongitudeDegrees>101.419754</LongitudeDegrees>
						</Position>
						<AltitudeMeters>8.380000</AltitudeMeters>
						<HeartRateBpm>
							<Value>103</Value>
						</HeartRateBpm>
					</Trackpoint>
					<Trackpoint>
						<Time>2569-03-03T11:47:26Z</Time>
						<Position>
							<LatitudeDegrees>12.587301</LatitudeDegrees>
							<LongitudeDegrees>101.419753</LongitudeDegrees>
						</Position>
						<AltitudeMeters>8.380000</AltitudeMeters>
						<HeartRateBpm>
							<Value>102</Value>
						</HeartRateBpm>
					</Trackpoint>
					<Trackpoint>
						<Time>2569-03-03T11:47:27Z</Time>
						<Position>
							<LatitudeDegrees>12.587301</LatitudeDegrees>
							<LongitudeDegrees>101.419752</LongitudeDegrees>
						</Position>
						<AltitudeMeters>8.390000</AltitudeMeters>
						<HeartRateBpm>
							<Value>102</Value>
						</HeartRateBpm>
					</Trackpoint>
					<Trackpoint>
						<Time>2569-03-03T11:47:28Z</Time>
						<Position>
							<LatitudeDegrees>12.587302</LatitudeDegrees>
							<LongitudeDegrees>101.419752</LongitudeDegrees>
						</Position>
						<AltitudeMeters>8.370000</AltitudeMeters>
						<HeartRateBpm>
							<Value>102</Value>
						</HeartRateBpm>
					</Trackpoint>
					<Trackpoint>
						<Time>2569-03-03T11:47:29Z</Time>
						<Position>
							<LatitudeDegrees>12.587302</LatitudeDegrees>
							<LongitudeDegrees>101.419752</LongitudeDegrees>
						</Position>
						<AltitudeMeters>8.370000</AltitudeMeters>
						<HeartRateBpm>
							<Value>102</Value>
						</HeartRateBpm>
					</Trackpoint>
					<Trackpoint>
						<Time>2569-03-03T11:47:30Z</Time>
						<Position>
							<LatitudeDegrees>12.587303</LatitudeDegrees>
							<LongitudeDegrees>101.419752</LongitudeDegrees>
						</Position>
						<AltitudeMeters>8.360000</AltitudeMeters>
						<HeartRateBpm>
							<Value>102</Value>
						</HeartRateBpm>
					</Trackpoint>
					<Trackpoint>
						<Time>2569-03-03T11:47:31Z</Time>
						<Position>
							<LatitudeDegrees>12.587305</LatitudeDegrees>
							<LongitudeDegrees>101.419752</LongitudeDegrees>
						</Position>
						<AltitudeMeters>8.360000</AltitudeMeters>
						<HeartRateBpm>
							<Value>102</Value>
						</HeartRateBpm>
					</Trackpoint>
					<Trackpoint>
						<Time>2569-03-03T11:47:32Z</Time>
						<Position>
							<LatitudeDegrees>12.587308</LatitudeDegrees>
							<LongitudeDegrees>101.419750</LongitudeDegrees>
						</Position>
						<AltitudeMeters>8.350000</AltitudeMeters>
						<HeartRateBpm>
							<Value>102</Value>
						</HeartRateBpm>
					</Trackpoint>
					<Trackpoint>
						<Time>2569-03-03T11:47:33Z</Time>
						<Position>
							<LatitudeDegrees>12.587309</LatitudeDegrees>
							<LongitudeDegrees>101.419748</LongitudeDegrees>
						</Position>
						<AltitudeMeters>8.350000</AltitudeMeters>
						<HeartRateBpm>
							<Value>102</Value>
						</HeartRateBpm>
					</Trackpoint>
					<Trackpoint>
						<Time>2569-03-03T11:47:34Z</Time>
						<Position>
							<LatitudeDegrees>12.587309</LatitudeDegrees>
							<LongitudeDegrees>101.419747</LongitudeDegrees>
						</Position>
						<AltitudeMeters>8.340000</AltitudeMeters>
						<HeartRateBpm>
							<Value>102</Value>
						</HeartRateBpm>
					</Trackpoint>
					<Trackpoint>
						<Time>2569-03-03T11:47:35Z</Time>
						<Position>
							<LatitudeDegrees>12.587307</LatitudeDegrees>
							<LongitudeDegrees>101.419746</LongitudeDegrees>
						</Position>
						<AltitudeMeters>8.340000</AltitudeMeters>
						<HeartRateBpm>
							<Value>102</Value>
						</HeartRateBpm>
					</Trackpoint>
					<Trackpoint>
						<Time>2569-03-03T11:47:36Z</Time>
						<Position>
							<LatitudeDegrees>12.587308</LatitudeDegrees>
							<LongitudeDegrees>101.419745</LongitudeDegrees>
						</Position>
						<AltitudeMeters>8.330000</AltitudeMeters>
						<HeartRateBpm>
							<Value>103</Value>
						</HeartRateBpm>
					</Trackpoint>
					<Trackpoint>
						<Time>2569-03-03T11:47:37Z</Time>
						<Position>
							<LatitudeDegrees>12.587308</LatitudeDegrees>
							<LongitudeDegrees>101.419745</LongitudeDegrees>
						</Position>
						<AltitudeMeters>8.340000</AltitudeMeters>
						<HeartRateBpm>
							<Value>102</Value>
						</HeartRateBpm>
					</Trackpoint>
					<Trackpoint>
						<Time>2569-03-03T11:47:38Z</Time>
						<Position>
							<LatitudeDegrees>12.587308</LatitudeDegrees>
							<LongitudeDegrees>101.419746</LongitudeDegrees>
						</Position>
						<AltitudeMeters>8.330000</AltitudeMeters>
						<HeartRateBpm>
							<Value>102</Value>
						</HeartRateBpm>
					</Trackpoint>
					<Trackpoint>
						<Time>2569-03-03T11:47:39Z</Time>
						<Position>
							<LatitudeDegrees>12.587309</LatitudeDegrees>
							<LongitudeDegrees>101.419747</LongitudeDegrees>
						</Position>
						<AltitudeMeters>8.310000</AltitudeMeters>
						<HeartRateBpm>
							<Value>103</Value>
						</HeartRateBpm>
					</Trackpoint>
					<Trackpoint>
						<Time>2569-03-03T11:47:40Z</Time>
						<Position>
							<LatitudeDegrees>12.587309</LatitudeDegrees>
							<LongitudeDegrees>101.419747</LongitudeDegrees>
						</Position>
						<AltitudeMeters>8.300000</AltitudeMeters>
						<HeartRateBpm>
							<Value>102</Value>
						</HeartRateBpm>
					</Trackpoint>
					<Trackpoint>
						<Time>2569-03-03T11:47:41Z</Time>
						<Position>
							<LatitudeDegrees>12.587309</LatitudeDegrees>
							<LongitudeDegrees>101.419747</LongitudeDegrees>
						</Position>
						<AltitudeMeters>8.290000</AltitudeMeters>
						<HeartRateBpm>
							<Value>102</Value>
						</HeartRateBpm>
					</Trackpoint>
					<Trackpoint>
						<Time>2569-03-03T11:47:42Z</Time>
						<Position>
							<LatitudeDegrees>12.587310</LatitudeDegrees>
							<LongitudeDegrees>101.419749</LongitudeDegrees>
						</Position>
						<AltitudeMeters>8.280000</AltitudeMeters>
						<HeartRateBpm>
							<Value>102</Value>
						</HeartRateBpm>
					</Trackpoint>
					<Trackpoint>
						<Time>2569-03-03T11:47:44Z</Time>
						<Position>
							<LatitudeDegrees>12.587310</LatitudeDegrees>
							<LongitudeDegrees>101.419750</LongitudeDegrees>
						</Position>
						<AltitudeMeters>8.260000</AltitudeMeters>
						<HeartRateBpm>
							<Value>102</Value>
						</HeartRateBpm>
					</Trackpoint>
					<Trackpoint>
						<Time>2569-03-03T11:47:44Z</Time>
						<Position>
							<LatitudeDegrees>12.587310</LatitudeDegrees>
							<LongitudeDegrees>101.419750</LongitudeDegrees>
						</Position>
						<AltitudeMeters>8.260000</AltitudeMeters>
						<HeartRateBpm>
							<Value>102</Value>
						</HeartRateBpm>
					</Trackpoint>
					<Trackpoint>
						<Time>2569-03-03T11:47:45Z</Time>
						<Position>
							<LatitudeDegrees>12.587311</LatitudeDegrees>
							<LongitudeDegrees>101.419752</LongitudeDegrees>
						</Position>
						<AltitudeMeters>8.260000</AltitudeMeters>
						<HeartRateBpm>
							<Value>102</Value>
						</HeartRateBpm>
					</Trackpoint>
					<Trackpoint>
						<Time>2569-03-03T11:47:46Z</Time>
						<Position>
							<LatitudeDegrees>12.587310</LatitudeDegrees>
							<LongitudeDegrees>101.419754</LongitudeDegrees>
						</Position>
						<AltitudeMeters>8.250000</AltitudeMeters>
						<HeartRateBpm>
							<Value>101</Value>
						</HeartRateBpm>
					</Trackpoint>
					<Trackpoint>
						<Time>2569-03-03T11:47:48Z</Time>
						<Position>
							<LatitudeDegrees>12.587309</LatitudeDegrees>
							<LongitudeDegrees>101.419756</LongitudeDegrees>
						</Position>
						<AltitudeMeters>8.220000</AltitudeMeters>
						<HeartRateBpm>
							<Value>101</Value>
						</HeartRateBpm>
					</Trackpoint>
					<Trackpoint>
						<Time>2569-03-03T11:47:49Z</Time>
						<Position>
							<LatitudeDegrees>12.587306</LatitudeDegrees>
							<LongitudeDegrees>101.419759</LongitudeDegrees>
						</Position>
						<AltitudeMeters>8.200000</AltitudeMeters>
						<HeartRateBpm>
							<Value>101</Value>
						</HeartRateBpm>
					</Trackpoint>
					<Trackpoint>
						<Time>2569-03-03T11:47:50Z</Time>
						<Position>
							<LatitudeDegrees>12.587302</LatitudeDegrees>
							<LongitudeDegrees>101.419765</LongitudeDegrees>
						</Position>
						<AltitudeMeters>8.190000</AltitudeMeters>
						<HeartRateBpm>
							<Value>101</Value>
						</HeartRateBpm>
					</Trackpoint>
					<Trackpoint>
						<Time>2569-03-03T11:47:50Z</Time>
						<Position>
							<LatitudeDegrees>12.587302</LatitudeDegrees>
							<LongitudeDegrees>101.419765</LongitudeDegrees>
						</Position>
						<AltitudeMeters>8.190000</AltitudeMeters>
						<HeartRateBpm>
							<Value>101</Value>
						</HeartRateBpm>
					</Trackpoint>
					<Trackpoint>
						<Time>2569-03-03T11:47:51Z</Time>
						<Position>
							<LatitudeDegrees>12.587301</LatitudeDegrees>
							<LongitudeDegrees>101.419767</LongitudeDegrees>
						</Position>
						<AltitudeMeters>8.160000</AltitudeMeters>
						<HeartRateBpm>
							<Value>101</Value>
						</HeartRateBpm>
					</Trackpoint>
					<Trackpoint>
						<Time>2569-03-03T11:47:53Z</Time>
						<Position>
							<LatitudeDegrees>12.587300</LatitudeDegrees>
							<LongitudeDegrees>101.419771</LongitudeDegrees>
						</Position>
						<AltitudeMeters>8.140000</AltitudeMeters>
						<HeartRateBpm>
							<Value>101</Value>
						</HeartRateBpm>
					</Trackpoint>
					<Trackpoint>
						<Time>2569-03-03T11:47:54Z</Time>
						<Position>
							<LatitudeDegrees>12.587299</LatitudeDegrees>
							<LongitudeDegrees>101.419775</LongitudeDegrees>
						</Position>
						<AltitudeMeters>8.110000</AltitudeMeters>
						<HeartRateBpm>
							<Value>101</Value>
						</HeartRateBpm>
					</Trackpoint>
					<Trackpoint>
						<Time>2569-03-03T11:47:55Z</Time>
						<Position>
							<LatitudeDegrees>12.587298</LatitudeDegrees>
							<LongitudeDegrees>101.419781</LongitudeDegrees>
						</Position>
						<AltitudeMeters>8.110000</AltitudeMeters>
						<HeartRateBpm>
							<Value>102</Value>
						</HeartRateBpm>
					</Trackpoint>
					<Trackpoint>
						<Time>2569-03-03T11:47:55Z</Time>
						<Position>
							<LatitudeDegrees>12.587298</LatitudeDegrees>
							<LongitudeDegrees>101.419781</LongitudeDegrees>
						</Position>
						<AltitudeMeters>8.110000</AltitudeMeters>
						<HeartRateBpm>
							<Value>102</Value>
						</HeartRateBpm>
					</Trackpoint>
					<Trackpoint>
						<Time>2569-03-03T11:47:56Z</Time>
						<Position>
							<LatitudeDegrees>12.587298</LatitudeDegrees>
							<LongitudeDegrees>101.419784</LongitudeDegrees>
						</Position>
						<AltitudeMeters>8.060000</AltitudeMeters>
						<HeartRateBpm>
							<Value>102</Value>
						</HeartRateBpm>
					</Trackpoint>
					<Trackpoint>
						<Time>2569-03-03T11:47:57Z</Time>
						<Position>
							<LatitudeDegrees>12.587298</LatitudeDegrees>
							<LongitudeDegrees>101.419788</LongitudeDegrees>
						</Position>
						<AltitudeMeters>8.030000</AltitudeMeters>
						<HeartRateBpm>
							<Value>101</Value>
						</HeartRateBpm>
					</Trackpoint>
					<Trackpoint>
						<Time>2569-03-03T11:47:58Z</Time>
						<Position>
							<LatitudeDegrees>12.587298</LatitudeDegrees>
							<LongitudeDegrees>101.419791</LongitudeDegrees>
						</Position>
						<AltitudeMeters>7.980000</AltitudeMeters>
						<HeartRateBpm>
							<Value>101</Value>
						</HeartRateBpm>
					</Trackpoint>
					<Trackpoint>
						<Time>2569-03-03T11:47:59Z</Time>
						<Position>
							<LatitudeDegrees>12.587298</LatitudeDegrees>
							<LongitudeDegrees>101.419793</LongitudeDegrees>
						</Position>
						<AltitudeMeters>7.970000</AltitudeMeters>
						<HeartRateBpm>
							<Value>101</Value>
						</HeartRateBpm>
					</Trackpoint>
					<Trackpoint>
						<Time>2569-03-03T11:48:00Z</Time>
						<Position>
							<LatitudeDegrees>12.587298</LatitudeDegrees>
							<LongitudeDegrees>101.419797</LongitudeDegrees>
						</Position>
						<AltitudeMeters>7.970000</AltitudeMeters>
						<HeartRateBpm>
							<Value>101</Value>
						</HeartRateBpm>
					</Trackpoint>
					<Trackpoint>
						<Time>2569-03-03T11:48:01Z</Time>
						<Position>
							<LatitudeDegrees>12.587298</LatitudeDegrees>
							<LongitudeDegrees>101.419800</LongitudeDegrees>
						</Position>
						<AltitudeMeters>7.960000</AltitudeMeters>
						<HeartRateBpm>
							<Value>102</Value>
						</HeartRateBpm>
					</Trackpoint>
					<Trackpoint>
						<Time>2569-03-03T11:48:03Z</Time>
						<Position>
							<LatitudeDegrees>12.587299</LatitudeDegrees>
							<LongitudeDegrees>101.419810</LongitudeDegrees>
						</Position>
						<AltitudeMeters>7.950000</AltitudeMeters>
						<HeartRateBpm>
							<Value>101</Value>
						</HeartRateBpm>
						<Cadence>43</Cadence>
					</Trackpoint>
					<Trackpoint>
						<Time>2569-03-03T11:48:03Z</Time>
						<Position>
							<LatitudeDegrees>12.587299</LatitudeDegrees>
							<LongitudeDegrees>101.419810</LongitudeDegrees>
						</Position>
						<AltitudeMeters>7.950000</AltitudeMeters>
						<HeartRateBpm>
							<Value>101</Value>
						</HeartRateBpm>
						<Cadence>43</Cadence>
					</Trackpoint>
					<Trackpoint>
						<Time>2569-03-03T11:48:04Z</Time>
						<Position>
							<LatitudeDegrees>12.587300</LatitudeDegrees>
							<LongitudeDegrees>101.419815</LongitudeDegrees>
						</Position>
						<AltitudeMeters>7.960000</AltitudeMeters>
						<HeartRateBpm>
							<Value>100</Value>
						</HeartRateBpm>
						<Cadence>42</Cadence>
						<Extensions>
							<ns3:TPX>
								<ns3:Speed>0.419110</ns3:Speed>
							</ns3:TPX>
						</Extensions>
					</Trackpoint>
					<Trackpoint>
						<Time>2569-03-03T11:48:05Z</Time>
						<Position>
							<LatitudeDegrees>12.587301</LatitudeDegrees>
							<LongitudeDegrees>101.419821</LongitudeDegrees>
						</Position>
						<AltitudeMeters>7.950000</AltitudeMeters>
						<HeartRateBpm>
							<Value>99</Value>
						</HeartRateBpm>
						<Cadence>42</Cadence>
						<Extensions>
							<ns3:TPX>
								<ns3:Speed>0.426260</ns3:Speed>
							</ns3:TPX>
						</Extensions>
					</Trackpoint>
					<Trackpoint>
						<Time>2569-03-03T11:48:06Z</Time>
						<Position>
							<LatitudeDegrees>12.587303</LatitudeDegrees>
							<LongitudeDegrees>101.419827</LongitudeDegrees>
						</Position>
						<AltitudeMeters>7.960000</AltitudeMeters>
						<HeartRateBpm>
							<Value>99</Value>
						</HeartRateBpm>
						<Cadence>42</Cadence>
						<Extensions>
							<ns3:TPX>
								<ns3:Speed>0.440920</ns3:Speed>
							</ns3:TPX>
						</Extensions>
					</Trackpoint>
					<Trackpoint>
						<Time>2569-03-03T11:48:07Z</Time>
						<Position>
							<LatitudeDegrees>12.587303</LatitudeDegrees>
							<LongitudeDegrees>101.419833</LongitudeDegrees>
						</Position>
						<AltitudeMeters>7.950000</AltitudeMeters>
						<HeartRateBpm>
							<Value>99</Value>
						</HeartRateBpm>
						<Cadence>43</Cadence>
						<Extensions>
							<ns3:TPX>
								<ns3:Speed>0.456410</ns3:Speed>
							</ns3:TPX>
						</Extensions>
					</Trackpoint>
					<Trackpoint>
						<Time>2569-03-03T11:48:08Z</Time>
						<Position>
							<LatitudeDegrees>12.587305</LatitudeDegrees>
							<LongitudeDegrees>101.419840</LongitudeDegrees>
						</Position>
						<AltitudeMeters>7.960000</AltitudeMeters>
						<HeartRateBpm>
							<Value>98</Value>
						</HeartRateBpm>
						<Cadence>44</Cadence>
						<Extensions>
							<ns3:TPX>
								<ns3:Speed>0.471920</ns3:Speed>
							</ns3:TPX>
						</Extensions>
					</Trackpoint>
					<Trackpoint>
						<Time>2569-03-03T11:48:09Z</Time>
						<Position>
							<LatitudeDegrees>12.587306</LatitudeDegrees>
							<LongitudeDegrees>101.419847</LongitudeDegrees>
						</Position>
						<AltitudeMeters>7.960000</AltitudeMeters>
						<HeartRateBpm>
							<Value>98</Value>
						</HeartRateBpm>
						<Cadence>44</Cadence>
						<Extensions>
							<ns3:TPX>
								<ns3:Speed>0.467290</ns3:Speed>
							</ns3:TPX>
						</Extensions>
					</Trackpoint>
					<Trackpoint>
						<Time>2569-03-03T11:48:10Z</Time>
						<Position>
							<LatitudeDegrees>12.587307</LatitudeDegrees>
							<LongitudeDegrees>101.419854</LongitudeDegrees>
						</Position>
						<AltitudeMeters>7.960000</AltitudeMeters>
						<HeartRateBpm>
							<Value>98</Value>
						</HeartRateBpm>
						<Cadence>44</Cadence>
						<Extensions>
							<ns3:TPX>
								<ns3:Speed>0.452900</ns3:Speed>
							</ns3:TPX>
						</Extensions>
					</Trackpoint>
					<Trackpoint>
						<Time>2569-03-03T11:48:11Z</Time>
						<Position>
							<LatitudeDegrees>12.587308</LatitudeDegrees>
							<LongitudeDegrees>101.419861</LongitudeDegrees>
						</Position>
						<AltitudeMeters>7.960000</AltitudeMeters>
						<HeartRateBpm>
							<Value>98</Value>
						</HeartRateBpm>
						<Cadence>43</Cadence>
						<Extensions>
							<ns3:TPX>
								<ns3:Speed>0.466640</ns3:Speed>
							</ns3:TPX>
						</Extensions>
					</Trackpoint>
					<Trackpoint>
						<Time>2569-03-03T11:48:12Z</Time>
						<Position>
							<LatitudeDegrees>12.587308</LatitudeDegrees>
							<LongitudeDegrees>101.419868</LongitudeDegrees>
						</Position>
						<AltitudeMeters>7.950000</AltitudeMeters>
						<HeartRateBpm>
							<Value>98</Value>
						</HeartRateBpm>
						<Cadence>43</Cadence>
						<Extensions>
							<ns3:TPX>
								<ns3:Speed>0.497510</ns3:Speed>
							</ns3:TPX>
						</Extensions>
					</Trackpoint>
					<Trackpoint>
						<Time>2569-03-03T11:48:13Z</Time>
						<Position>
							<LatitudeDegrees>12.587309</LatitudeDegrees>
							<LongitudeDegrees>101.419876</LongitudeDegrees>
						</Position>
						<AltitudeMeters>7.930000</AltitudeMeters>
						<HeartRateBpm>
							<Value>99</Value>
						</HeartRateBpm>
						<Cadence>43</Cadence>
						<Extensions>
							<ns3:TPX>
								<ns3:Speed>0.532480</ns3:Speed>
							</ns3:TPX>
						</Extensions>
					</Trackpoint>
					<Trackpoint>
						<Time>2569-03-03T11:48:14Z</Time>
						<Position>
							<LatitudeDegrees>12.587310</LatitudeDegrees>
							<LongitudeDegrees>101.419883</LongitudeDegrees>
						</Position>
						<AltitudeMeters>7.890000</AltitudeMeters>
						<HeartRateBpm>
							<Value>99</Value>
						</HeartRateBpm>
						<Cadence>43</Cadence>
						<Extensions>
							<ns3:TPX>
								<ns3:Speed>0.562750</ns3:Speed>
							</ns3:TPX>
						</Extensions>
					</Trackpoint>
					<Trackpoint>
						<Time>2569-03-03T11:48:15Z</Time>
						<Position>
							<LatitudeDegrees>12.587313</LatitudeDegrees>
							<LongitudeDegrees>101.419891</LongitudeDegrees>
						</Position>
						<AltitudeMeters>7.840000</AltitudeMeters>
						<HeartRateBpm>
							<Value>99</Value>
						</HeartRateBpm>
						<Cadence>42</Cadence>
						<Extensions>
							<ns3:TPX>
								<ns3:Speed>0.584800</ns3:Speed>
							</ns3:TPX>
						</Extensions>
					</Trackpoint>
					<Trackpoint>
						<Time>2569-03-03T11:48:16Z</Time>
						<Position>
							<LatitudeDegrees>12.587317</LatitudeDegrees>
							<LongitudeDegrees>101.419900</LongitudeDegrees>
						</Position>
						<AltitudeMeters>7.750000</AltitudeMeters>
						<HeartRateBpm>
							<Value>98</Value>
						</HeartRateBpm>
						<Cadence>41</Cadence>
						<Extensions>
							<ns3:TPX>
								<ns3:Speed>0.585820</ns3:Speed>
							</ns3:TPX>
						</Extensions>
					</Trackpoint>
					<Trackpoint>
						<Time>2569-03-03T11:48:17Z</Time>
						<Position>
							<LatitudeDegrees>12.587323</LatitudeDegrees>
							<LongitudeDegrees>101.419909</LongitudeDegrees>
						</Position>
						<AltitudeMeters>7.660000</AltitudeMeters>
						<HeartRateBpm>
							<Value>97</Value>
						</HeartRateBpm>
						<Cadence>41</Cadence>
						<Extensions>
							<ns3:TPX>
								<ns3:Speed>0.593470</ns3:Speed>
							</ns3:TPX>
						</Extensions>
					</Trackpoint>
					<Trackpoint>
						<Time>2569-03-03T11:48:18Z</Time>
						<Position>
							<LatitudeDegrees>12.587331</LatitudeDegrees>
							<LongitudeDegrees>101.419917</LongitudeDegrees>
						</Position>
						<AltitudeMeters>7.560000</AltitudeMeters>
						<HeartRateBpm>
							<Value>97</Value>
						</HeartRateBpm>
						<Cadence>41</Cadence>
						<Extensions>
							<ns3:TPX>
								<ns3:Speed>0.624220</ns3:Speed>
							</ns3:TPX>
						</Extensions>
					</Trackpoint>
					<Trackpoint>
						<Time>2569-03-03T11:48:19Z</Time>
						<Position>
							<LatitudeDegrees>12.587338</LatitudeDegrees>
							<LongitudeDegrees>101.419926</LongitudeDegrees>
						</Position>
						<AltitudeMeters>7.520000</AltitudeMeters>
						<HeartRateBpm>
							<Value>96</Value>
						</HeartRateBpm>
						<Cadence>42</Cadence>
						<Extensions>
							<ns3:TPX>
								<ns3:Speed>0.650200</ns3:Speed>
							</ns3:TPX>
						</Extensions>
					</Trackpoint>
					<Trackpoint>
						<Time>2569-03-03T11:48:20Z</Time>
						<Position>
							<LatitudeDegrees>12.587345</LatitudeDegrees>
							<LongitudeDegrees>101.419933</LongitudeDegrees>
						</Position>
						<AltitudeMeters>7.500000</AltitudeMeters>
						<HeartRateBpm>
							<Value>96</Value>
						</HeartRateBpm>
						<Cadence>43</Cadence>
						<Extensions>
							<ns3:TPX>
								<ns3:Speed>0.676590</ns3:Speed>
							</ns3:TPX>
						</Extensions>
					</Trackpoint>
					<Trackpoint>
						<Time>2569-03-03T11:48:21Z</Time>
						<Position>
							<LatitudeDegrees>12.587352</LatitudeDegrees>
							<LongitudeDegrees>101.419941</LongitudeDegrees>
						</Position>
						<AltitudeMeters>7.480000</AltitudeMeters>
						<HeartRateBpm>
							<Value>96</Value>
						</HeartRateBpm>
						<Cadence>44</Cadence>
						<Extensions>
							<ns3:TPX>
								<ns3:Speed>0.718910</ns3:Speed>
							</ns3:TPX>
						</Extensions>
					</Trackpoint>
					<Trackpoint>
						<Time>2569-03-03T11:48:22Z</Time>
						<Position>
							<LatitudeDegrees>12.587359</LatitudeDegrees>
							<LongitudeDegrees>101.419950</LongitudeDegrees>
						</Position>
						<AltitudeMeters>7.450000</AltitudeMeters>
						<HeartRateBpm>
							<Value>96</Value>
						</HeartRateBpm>
						<Cadence>44</Cadence>
						<Extensions>
							<ns3:TPX>
								<ns3:Speed>0.772800</ns3:Speed>
							</ns3:TPX>
						</Extensions>
					</Trackpoint>
					<Trackpoint>
						<Time>2569-03-03T11:48:24Z</Time>
						<Position>
							<LatitudeDegrees>12.587373</LatitudeDegrees>
							<LongitudeDegrees>101.419967</LongitudeDegrees>
						</Position>
						<AltitudeMeters>7.400000</AltitudeMeters>
						<HeartRateBpm>
							<Value>96</Value>
						</HeartRateBpm>
						<Cadence>46</Cadence>
						<Extensions>
							<ns3:TPX>
								<ns3:Speed>0.818330</ns3:Speed>
							</ns3:TPX>
						</Extensions>
					</Trackpoint>
					<Trackpoint>
						<Time>2569-03-03T11:48:24Z</Time>
						<Position>
							<LatitudeDegrees>12.587373</LatitudeDegrees>
							<LongitudeDegrees>101.419967</LongitudeDegrees>
						</Position>
						<AltitudeMeters>7.400000</AltitudeMeters>
						<HeartRateBpm>
							<Value>96</Value>
						</HeartRateBpm>
						<Cadence>46</Cadence>
						<Extensions>
							<ns3:TPX>
								<ns3:Speed>0.818330</ns3:Speed>
							</ns3:TPX>
						</Extensions>
					</Trackpoint>
					<Trackpoint>
						<Time>2569-03-03T11:48:26Z</Time>
						<Position>
							<LatitudeDegrees>12.587379</LatitudeDegrees>
							<LongitudeDegrees>101.419975</LongitudeDegrees>
						</Position>
						<AltitudeMeters>7.340000</AltitudeMeters>
						<HeartRateBpm>
							<Value>96</Value>
						</HeartRateBpm>
						<Cadence>46</Cadence>
						<Extensions>
							<ns3:TPX>
								<ns3:Speed>0.857630</ns3:Speed>
							</ns3:TPX>
						</Extensions>
					</Trackpoint>
					<Trackpoint>
						<Time>2569-03-03T11:48:27Z</Time>
						<Position>
							<LatitudeDegrees>12.587388</LatitudeDegrees>
							<LongitudeDegrees>101.419992</LongitudeDegrees>
						</Position>
						<AltitudeMeters>7.310000</AltitudeMeters>
						<HeartRateBpm>
							<Value>96</Value>
						</HeartRateBpm>
						<Cadence>46</Cadence>
						<Extensions>
							<ns3:TPX>
								<ns3:Speed>0.883390</ns3:Speed>
							</ns3:TPX>
						</Extensions>
					</Trackpoint>
					<Trackpoint>
						<Time>2569-03-03T11:48:27Z</Time>
						<Position>
							<LatitudeDegrees>12.587388</LatitudeDegrees>
							<LongitudeDegrees>101.419992</LongitudeDegrees>
						</Position>
						<AltitudeMeters>7.310000</AltitudeMeters>
						<HeartRateBpm>
							<Value>96</Value>
						</HeartRateBpm>
						<Cadence>46</Cadence>
						<Extensions>
							<ns3:TPX>
								<ns3:Speed>0.883390</ns3:Speed>
							</ns3:TPX>
						</Extensions>
					</Trackpoint>
					<Trackpoint>
						<Time>2569-03-03T11:48:28Z</Time>
						<Position>
							<LatitudeDegrees>12.587389</LatitudeDegrees>
							<LongitudeDegrees>101.420002</LongitudeDegrees>
						</Position>
						<AltitudeMeters>7.290000</AltitudeMeters>
						<HeartRateBpm>
							<Value>95</Value>
						</HeartRateBpm>
						<Cadence>45</Cadence>
						<Extensions>
							<ns3:TPX>
								<ns3:Speed>0.880280</ns3:Speed>
							</ns3:TPX>
						</Extensions>
					</Trackpoint>
					<Trackpoint>
						<Time>2569-03-03T11:48:29Z</Time>
						<Position>
							<LatitudeDegrees>12.587391</LatitudeDegrees>
							<LongitudeDegrees>101.420009</LongitudeDegrees>
						</Position>
						<AltitudeMeters>7.270000</AltitudeMeters>
						<HeartRateBpm>
							<Value>95</Value>
						</HeartRateBpm>
						<Cadence>45</Cadence>
						<Extensions>
							<ns3:TPX>
								<ns3:Speed>0.945180</ns3:Speed>
							</ns3:TPX>
						</Extensions>
					</Trackpoint>
					<Trackpoint>
						<Time>2569-03-03T11:48:30Z</Time>
						<Position>
							<LatitudeDegrees>12.587391</LatitudeDegrees>
							<LongitudeDegrees>101.420015</LongitudeDegrees>
						</Position>
						<AltitudeMeters>7.250000</AltitudeMeters>
						<HeartRateBpm>
							<Value>95</Value>
						</HeartRateBpm>
						<Cadence>45</Cadence>
						<Extensions>
							<ns3:TPX>
								<ns3:Speed>1.000000</ns3:Speed>
							</ns3:TPX>
						</Extensions>
					</Trackpoint>
					<Trackpoint>
						<Time>2569-03-03T11:48:32Z</Time>
						<Position>
							<LatitudeDegrees>12.587393</LatitudeDegrees>
							<LongitudeDegrees>101.420021</LongitudeDegrees>
						</Position>
						<AltitudeMeters>7.230000</AltitudeMeters>
						<HeartRateBpm>
							<Value>95</Value>
						</HeartRateBpm>
						<Cadence>45</Cadence>
						<Extensions>
							<ns3:TPX>
								<ns3:Speed>0.933710</ns3:Speed>
							</ns3:TPX>
						</Extensions>
					</Trackpoint>
					<Trackpoint>
						<Time>2569-03-03T11:48:32Z</Time>
						<Position>
							<LatitudeDegrees>12.587393</LatitudeDegrees>
							<LongitudeDegrees>101.420021</LongitudeDegrees>
						</Position>
						<AltitudeMeters>7.230000</AltitudeMeters>
						<HeartRateBpm>
							<Value>95</Value>
						</HeartRateBpm>
						<Cadence>45</Cadence>
						<Extensions>
							<ns3:TPX>
								<ns3:Speed>0.933710</ns3:Speed>
							</ns3:TPX>
						</Extensions>
					</Trackpoint>
					<Trackpoint>
						<Time>2569-03-03T11:48:33Z</Time>
						<Position>
							<LatitudeDegrees>12.587394</LatitudeDegrees>
							<LongitudeDegrees>101.420023</LongitudeDegrees>
						</Position>
						<AltitudeMeters>7.230000</AltitudeMeters>
						<HeartRateBpm>
							<Value>95</Value>
						</HeartRateBpm>
						<Cadence>45</Cadence>
						<Extensions>
							<ns3:TPX>
								<ns3:Speed>0.848900</ns3:Speed>
							</ns3:TPX>
						</Extensions>
					</Trackpoint>
					<Trackpoint>
						<Time>2569-03-03T11:48:34Z</Time>
						<Position>
							<LatitudeDegrees>12.587394</LatitudeDegrees>
							<LongitudeDegrees>101.420025</LongitudeDegrees>
						</Position>
						<AltitudeMeters>7.230000</AltitudeMeters>
						<HeartRateBpm>
							<Value>95</Value>
						</HeartRateBpm>
						<Cadence>47</Cadence>
					</Trackpoint>
					<Trackpoint>
						<Time>2569-03-03T11:48:36Z</Time>
						<Position>
							<LatitudeDegrees>12.587395</LatitudeDegrees>
							<LongitudeDegrees>101.420027</LongitudeDegrees>
						</Position>
						<AltitudeMeters>7.220000</AltitudeMeters>
						<HeartRateBpm>
							<Value>95</Value>
						</HeartRateBpm>
					</Trackpoint>
					<Trackpoint>
						<Time>2569-03-03T11:48:37Z</Time>
						<Position>
							<LatitudeDegrees>12.587400</LatitudeDegrees>
							<LongitudeDegrees>101.420030</LongitudeDegrees>
						</Position>
						<AltitudeMeters>7.230000</AltitudeMeters>
						<HeartRateBpm>
							<Value>95</Value>
						</HeartRateBpm>
					</Trackpoint>
					<Trackpoint>
						<Time>2569-03-03T11:48:38Z</Time>
						<Position>
							<LatitudeDegrees>12.587407</LatitudeDegrees>
							<LongitudeDegrees>101.420032</LongitudeDegrees>
						</Position>
						<AltitudeMeters>7.230000</AltitudeMeters>
						<HeartRateBpm>
							<Value>94</Value>
						</HeartRateBpm>
						<Cadence>49</Cadence>
						<Extensions>
							<ns3:TPX>
								<ns3:Speed>1.109880</ns3:Speed>
							</ns3:TPX>
						</Extensions>
					</Trackpoint>
					<Trackpoint>
						<Time>2569-03-03T11:48:39Z</Time>
						<Position>
							<LatitudeDegrees>12.587416</LatitudeDegrees>
							<LongitudeDegrees>101.420032</LongitudeDegrees>
						</Position>
						<AltitudeMeters>7.220000</AltitudeMeters>
						<HeartRateBpm>
							<Value>93</Value>
						</HeartRateBpm>
						<Cadence>49</Cadence>
						<Extensions>
							<ns3:TPX>
								<ns3:Speed>1.064960</ns3:Speed>
							</ns3:TPX>
						</Extensions>
					</Trackpoint>
					<Trackpoint>
						<Time>2569-03-03T11:48:40Z</Time>
						<Position>
							<LatitudeDegrees>12.587425</LatitudeDegrees>
							<LongitudeDegrees>101.420033</LongitudeDegrees>
						</Position>
						<AltitudeMeters>7.210000</AltitudeMeters>
						<HeartRateBpm>
							<Value>94</Value>
						</HeartRateBpm>
						<Cadence>49</Cadence>
						<Extensions>
							<ns3:TPX>
								<ns3:Speed>1.043840</ns3:Speed>
							</ns3:TPX>
						</Extensions>
					</Trackpoint>
					<Trackpoint>
						<Time>2569-03-03T11:48:41Z</Time>
						<Position>
							<LatitudeDegrees>12.587446</LatitudeDegrees>
							<LongitudeDegrees>101.420032</LongitudeDegrees>
						</Position>
						<AltitudeMeters>7.210000</AltitudeMeters>
						<HeartRateBpm>
							<Value>94</Value>
						</HeartRateBpm>
						<Cadence>49</Cadence>
						<Extensions>
							<ns3:TPX>
								<ns3:Speed>1.055970</ns3:Speed>
							</ns3:TPX>
						</Extensions>
					</Trackpoint>
					<Trackpoint>
						<Time>2569-03-03T11:48:41Z</Time>
						<Position>
							<LatitudeDegrees>12.587446</LatitudeDegrees>
							<LongitudeDegrees>101.420032</LongitudeDegrees>
						</Position>
						<AltitudeMeters>7.210000</AltitudeMeters>
						<HeartRateBpm>
							<Value>94</Value>
						</HeartRateBpm>
						<Cadence>49</Cadence>
						<Extensions>
							<ns3:TPX>
								<ns3:Speed>1.055970</ns3:Speed>
							</ns3:TPX>
						</Extensions>
					</Trackpoint>
					<Trackpoint>
						<Time>2569-03-03T11:48:42Z</Time>
						<Position>
							<LatitudeDegrees>12.587457</LatitudeDegrees>
							<LongitudeDegrees>101.420031</LongitudeDegrees>
						</Position>
						<AltitudeMeters>7.200000</AltitudeMeters>
						<HeartRateBpm>
							<Value>94</Value>
						</HeartRateBpm>
						<Cadence>49</Cadence>
						<Extensions>
							<ns3:TPX>
								<ns3:Speed>1.103750</ns3:Speed>
							</ns3:TPX>
						</Extensions>
					</Trackpoint>
					<Trackpoint>
						<Time>2569-03-03T11:48:44Z</Time>
						<Position>
							<LatitudeDegrees>12.587479</LatitudeDegrees>
							<LongitudeDegrees>101.420031</LongitudeDegrees>
						</Position>
						<AltitudeMeters>7.200000</AltitudeMeters>
						<HeartRateBpm>
							<Value>95</Value>
						</HeartRateBpm>
						<Cadence>48</Cadence>
						<Extensions>
							<ns3:TPX>
								<ns3:Speed>1.104970</ns3:Speed>
							</ns3:TPX>
						</Extensions>
					</Trackpoint>
					<Trackpoint>
						<Time>2569-03-03T11:48:44Z</Time>
						<Position>
							<LatitudeDegrees>12.587479</LatitudeDegrees>
							<LongitudeDegrees>101.420031</LongitudeDegrees>
						</Position>
						<AltitudeMeters>7.200000</AltitudeMeters>
						<HeartRateBpm>
							<Value>95</Value>
						</HeartRateBpm>
						<Cadence>48</Cadence>
						<Extensions>
							<ns3:TPX>
								<ns3:Speed>1.104970</ns3:Speed>
							</ns3:TPX>
						</Extensions>
					</Trackpoint>
					<Trackpoint>
						<Time>2569-03-03T11:48:45Z</Time>
						<Position>
							<LatitudeDegrees>12.587491</LatitudeDegrees>
							<LongitudeDegrees>101.420031</LongitudeDegrees>
						</Position>
						<AltitudeMeters>7.190000</AltitudeMeters>
						<HeartRateBpm>
							<Value>95</Value>
						</HeartRateBpm>
						<Cadence>49</Cadence>
						<Extensions>
							<ns3:TPX>
								<ns3:Speed>1.123600</ns3:Speed>
							</ns3:TPX>
						</Extensions>
					</Trackpoint>
					<Trackpoint>
						<Time>2569-03-03T11:48:46Z</Time>
						<Position>
							<LatitudeDegrees>12.587501</LatitudeDegrees>
							<LongitudeDegrees>101.420031</LongitudeDegrees>
						</Position>
						<AltitudeMeters>7.190000</AltitudeMeters>
						<HeartRateBpm>
							<Value>95</Value>
						</HeartRateBpm>
						<Cadence>49</Cadence>
						<Extensions>
							<ns3:TPX>
								<ns3:Speed>1.152070</ns3:Speed>
							</ns3:TPX>
						</Extensions>
					</Trackpoint>
					<Trackpoint>
						<Time>2569-03-03T11:48:47Z</Time>
						<Position>
							<LatitudeDegrees>12.587512</LatitudeDegrees>
							<LongitudeDegrees>101.420031</LongitudeDegrees>
						</Position>
						<AltitudeMeters>7.190000</AltitudeMeters>
						<HeartRateBpm>
							<Value>95</Value>
						</HeartRateBpm>
						<Cadence>50</Cadence>
						<Extensions>
							<ns3:TPX>
								<ns3:Speed>1.162790</ns3:Speed>
							</ns3:TPX>
						</Extensions>
					</Trackpoint>
					<Trackpoint>
						<Time>2569-03-03T11:48:48Z</Time>
						<Position>
							<LatitudeDegrees>12.587522</LatitudeDegrees>
							<LongitudeDegrees>101.420031</LongitudeDegrees>
						</Position>
						<AltitudeMeters>7.180000</AltitudeMeters>
						<HeartRateBpm>
							<Value>96</Value>
						</HeartRateBpm>
						<Cadence>51</Cadence>
						<Extensions>
							<ns3:TPX>
								<ns3:Speed>1.164140</ns3:Speed>
							</ns3:TPX>
						</Extensions>
					</Trackpoint>
					<Trackpoint>
						<Time>2569-03-03T11:48:50Z</Time>
						<Position>
							<LatitudeDegrees>12.587542</LatitudeDegrees>
							<LongitudeDegrees>101.420034</LongitudeDegrees>
						</Position>
						<AltitudeMeters>7.170000</AltitudeMeters>
						<HeartRateBpm>
							<Value>97</Value>
						</HeartRateBpm>
						<Cadence>52</Cadence>
						<Extensions>
							<ns3:TPX>
								<ns3:Speed>1.164140</ns3:Speed>
							</ns3:TPX>
						</Extensions>
					</Trackpoint>
					<Trackpoint>
						<Time>2569-03-03T11:48:50Z</Time>
						<Position>
							<LatitudeDegrees>12.587542</LatitudeDegrees>
							<LongitudeDegrees>101.420034</LongitudeDegrees>
						</Position>
						<AltitudeMeters>7.170000</AltitudeMeters>
						<HeartRateBpm>
							<Value>97</Value>
						</HeartRateBpm>
						<Cadence>52</Cadence>
						<Extensions>
							<ns3:TPX>
								<ns3:Speed>1.164140</ns3:Speed>
							</ns3:TPX>
						</Extensions>
					</Trackpoint>
					<Trackpoint>
						<Time>2569-03-03T11:48:51Z</Time>
						<Position>
							<LatitudeDegrees>12.587552</LatitudeDegrees>
							<LongitudeDegrees>101.420036</LongitudeDegrees>
						</Position>
						<AltitudeMeters>7.170000</AltitudeMeters>
						<HeartRateBpm>
							<Value>97</Value>
						</HeartRateBpm>
						<Cadence>51</Cadence>
						<Extensions>
							<ns3:TPX>
								<ns3:Speed>1.160090</ns3:Speed>
							</ns3:TPX>
						</Extensions>
					</Trackpoint>
					<Trackpoint>
						<Time>2569-03-03T11:48:52Z</Time>
						<Position>
							<LatitudeDegrees>12.587561</LatitudeDegrees>
							<LongitudeDegrees>101.420039</LongitudeDegrees>
						</Position>
						<AltitudeMeters>7.170000</AltitudeMeters>
						<HeartRateBpm>
							<Value>97</Value>
						</HeartRateBpm>
						<Cadence>51</Cadence>
						<Extensions>
							<ns3:TPX>
								<ns3:Speed>1.153400</ns3:Speed>
							</ns3:TPX>
						</Extensions>
					</Trackpoint>
					<Trackpoint>
						<Time>2569-03-03T11:48:54Z</Time>
						<Position>
							<LatitudeDegrees>12.587580</LatitudeDegrees>
							<LongitudeDegrees>101.420045</LongitudeDegrees>
						</Position>
						<AltitudeMeters>7.170000</AltitudeMeters>
						<HeartRateBpm>
							<Value>98</Value>
						</HeartRateBpm>
						<Cadence>50</Cadence>
						<Extensions>
							<ns3:TPX>
								<ns3:Speed>1.131220</ns3:Speed>
							</ns3:TPX>
						</Extensions>
					</Trackpoint>
					<Trackpoint>
						<Time>2569-03-03T11:48:54Z</Time>
						<Position>
							<LatitudeDegrees>12.587580</LatitudeDegrees>
							<LongitudeDegrees>101.420045</LongitudeDegrees>
						</Position>
						<AltitudeMeters>7.170000</AltitudeMeters>
						<HeartRateBpm>
							<Value>98</Value>
						</HeartRateBpm>
						<Cadence>50</Cadence>
						<Extensions>
							<ns3:TPX>
								<ns3:Speed>1.131220</ns3:Speed>
							</ns3:TPX>
						</Extensions>
					</Trackpoint>
					<Trackpoint>
						<Time>2569-03-03T11:48:55Z</Time>
						<Position>
							<LatitudeDegrees>12.587590</LatitudeDegrees>
							<LongitudeDegrees>101.420046</LongitudeDegrees>
						</Position>
						<AltitudeMeters>7.170000</AltitudeMeters>
						<HeartRateBpm>
							<Value>99</Value>
						</HeartRateBpm>
						<Cadence>50</Cadence>
						<Extensions>
							<ns3:TPX>
								<ns3:Speed>1.116070</ns3:Speed>
							</ns3:TPX>
						</Extensions>
					</Trackpoint>
					<Trackpoint>
						<Time>2569-03-03T11:48:56Z</Time>
						<Position>
							<LatitudeDegrees>12.587600</LatitudeDegrees>
							<LongitudeDegrees>101.420048</LongitudeDegrees>
						</Position>
						<AltitudeMeters>7.170000</AltitudeMeters>
						<HeartRateBpm>
							<Value>99</Value>
						</HeartRateBpm>
						<Cadence>49</Cadence>
						<Extensions>
							<ns3:TPX>
								<ns3:Speed>1.104970</ns3:Speed>
							</ns3:TPX>
						</Extensions>
					</Trackpoint>
					<Trackpoint>
						<Time>2569-03-03T11:48:57Z</Time>
						<Position>
							<LatitudeDegrees>12.587609</LatitudeDegrees>
							<LongitudeDegrees>101.420052</LongitudeDegrees>
						</Position>
						<AltitudeMeters>7.170000</AltitudeMeters>
						<HeartRateBpm>
							<Value>99</Value>
						</HeartRateBpm>
						<Cadence>49</Cadence>
						<Extensions>
							<ns3:TPX>
								<ns3:Speed>1.102540</ns3:Speed>
							</ns3:TPX>
						</Extensions>
					</Trackpoint>
					<Trackpoint>
						<Time>2569-03-03T11:48:59Z</Time>
						<Position>
							<LatitudeDegrees>12.587619</LatitudeDegrees>
							<LongitudeDegrees>101.420055</LongitudeDegrees>
						</Position>
						<AltitudeMeters>7.170000</AltitudeMeters>
						<HeartRateBpm>
							<Value>99</Value>
						</HeartRateBpm>
						<Cadence>49</Cadence>
						<Extensions>
							<ns3:TPX>
								<ns3:Speed>1.111110</ns3:Speed>
							</ns3:TPX>
						</Extensions>
					</Trackpoint>
					<Trackpoint>
						<Time>2569-03-03T11:49:00Z</Time>
						<Position>
							<LatitudeDegrees>12.587629</LatitudeDegrees>
							<LongitudeDegrees>101.420059</LongitudeDegrees>
						</Position>
						<AltitudeMeters>7.170000</AltitudeMeters>
						<HeartRateBpm>
							<Value>100</Value>
						</HeartRateBpm>
						<Cadence>49</Cadence>
						<Extensions>
							<ns3:TPX>
								<ns3:Speed>1.112350</ns3:Speed>
							</ns3:TPX>
						</Extensions>
					</Trackpoint>
					<Trackpoint>
						<Time>2569-03-03T11:49:01Z</Time>
						<Position>
							<LatitudeDegrees>12.587639</LatitudeDegrees>
							<LongitudeDegrees>101.420062</LongitudeDegrees>
						</Position>
						<AltitudeMeters>7.170000</AltitudeMeters>
						<HeartRateBpm>
							<Value>101</Value>
						</HeartRateBpm>
						<Cadence>50</Cadence>
						<Extensions>
							<ns3:TPX>
								<ns3:Speed>1.112350</ns3:Speed>
							</ns3:TPX>
						</Extensions>
					</Trackpoint>
					<Trackpoint>
						<Time>2569-03-03T11:49:02Z</Time>
						<Position>
							<LatitudeDegrees>12.587659</LatitudeDegrees>
							<LongitudeDegrees>101.420068</LongitudeDegrees>
						</Position>
						<AltitudeMeters>7.170000</AltitudeMeters>
						<HeartRateBpm>
							<Value>101</Value>
						</HeartRateBpm>
						<Cadence>50</Cadence>
						<Extensions>
							<ns3:TPX>
								<ns3:Speed>1.116070</ns3:Speed>
							</ns3:TPX>
						</Extensions>
					</Trackpoint>
					<Trackpoint>
						<Time>2569-03-03T11:49:02Z</Time>
						<Position>
							<LatitudeDegrees>12.587659</LatitudeDegrees>
							<LongitudeDegrees>101.420068</LongitudeDegrees>
						</Position>
						<AltitudeMeters>7.170000</AltitudeMeters>
						<HeartRateBpm>
							<Value>101</Value>
						</HeartRateBpm>
						<Cadence>50</Cadence>
						<Extensions>
							<ns3:TPX>
								<ns3:Speed>1.116070</ns3:Speed>
							</ns3:TPX>
						</Extensions>
					</Trackpoint>
					<Trackpoint>
						<Time>2569-03-03T11:49:03Z</Time>
						<Position>
							<LatitudeDegrees>12.587668</LatitudeDegrees>
							<LongitudeDegrees>101.420070</LongitudeDegrees>
						</Position>
						<AltitudeMeters>7.170000</AltitudeMeters>
						<HeartRateBpm>
							<Value>102</Value>
						</HeartRateBpm>
						<Cadence>51</Cadence>
						<Extensions>
							<ns3:TPX>
								<ns3:Speed>1.121080</ns3:Speed>
							</ns3:TPX>
						</Extensions>
					</Trackpoint>
					<Trackpoint>
						<Time>2569-03-03T11:49:05Z</Time>
						<Position>
							<LatitudeDegrees>12.587677</LatitudeDegrees>
							<LongitudeDegrees>101.420073</LongitudeDegrees>
						</Position>
						<AltitudeMeters>7.160000</AltitudeMeters>
						<HeartRateBpm>
							<Value>102</Value>
						</HeartRateBpm>
						<Cadence>51</Cadence>
						<Extensions>
							<ns3:TPX>
								<ns3:Speed>1.117320</ns3:Speed>
							</ns3:TPX>
						</Extensions>
					</Trackpoint>
					<Trackpoint>
						<Time>2569-03-03T11:49:06Z</Time>
						<Position>
							<LatitudeDegrees>12.587697</LatitudeDegrees>
							<LongitudeDegrees>101.420080</LongitudeDegrees>
						</Position>
						<AltitudeMeters>7.160000</AltitudeMeters>
						<HeartRateBpm>
							<Value>102</Value>
						</HeartRateBpm>
						<Cadence>50</Cadence>
						<Extensions>
							<ns3:TPX>
								<ns3:Speed>1.106190</ns3:Speed>
							</ns3:TPX>
						</Extensions>
					</Trackpoint>
					<Trackpoint>
						<Time>2569-03-03T11:49:06Z</Time>
						<Position>
							<LatitudeDegrees>12.587697</LatitudeDegrees>
							<LongitudeDegrees>101.420080</LongitudeDegrees>
						</Position>
						<AltitudeMeters>7.160000</AltitudeMeters>
						<HeartRateBpm>
							<Value>102</Value>
						</HeartRateBpm>
						<Cadence>50</Cadence>
						<Extensions>
							<ns3:TPX>
								<ns3:Speed>1.106190</ns3:Speed>
							</ns3:TPX>
						</Extensions>
					</Trackpoint>
					<Trackpoint>
						<Time>2569-03-03T11:49:08Z</Time>
						<Position>
							<LatitudeDegrees>12.587707</LatitudeDegrees>
							<LongitudeDegrees>101.420083</LongitudeDegrees>
						</Position>
						<AltitudeMeters>7.150000</AltitudeMeters>
						<HeartRateBpm>
							<Value>102</Value>
						</HeartRateBpm>
						<Cadence>50</Cadence>
						<Extensions>
							<ns3:TPX>
								<ns3:Speed>1.106190</ns3:Speed>
							</ns3:TPX>
						</Extensions>
					</Trackpoint>
					<Trackpoint>
						<Time>2569-03-03T11:49:09Z</Time>
						<Position>
							<LatitudeDegrees>12.587729</LatitudeDegrees>
							<LongitudeDegrees>101.420091</LongitudeDegrees>
						</Position>
						<AltitudeMeters>7.140000</AltitudeMeters>
						<HeartRateBpm>
							<Value>102</Value>
						</HeartRateBpm>
						<Cadence>50</Cadence>
						<Extensions>
							<ns3:TPX>
								<ns3:Speed>1.112350</ns3:Speed>
							</ns3:TPX>
						</Extensions>
					</Trackpoint>
					<Trackpoint>
						<Time>2569-03-03T11:49:09Z</Time>
						<Position>
							<LatitudeDegrees>12.587729</LatitudeDegrees>
							<LongitudeDegrees>101.420091</LongitudeDegrees>
						</Position>
						<AltitudeMeters>7.140000</AltitudeMeters>
						<HeartRateBpm>
							<Value>102</Value>
						</HeartRateBpm>
						<Cadence>50</Cadence>
						<Extensions>
							<ns3:TPX>
								<ns3:Speed>1.112350</ns3:Speed>
							</ns3:TPX>
						</Extensions>
					</Trackpoint>
					<Trackpoint>
						<Time>2569-03-03T11:49:11Z</Time>
						<Position>
							<LatitudeDegrees>12.587740</LatitudeDegrees>
							<LongitudeDegrees>101.420093</LongitudeDegrees>
						</Position>
						<AltitudeMeters>7.130000</AltitudeMeters>
						<HeartRateBpm>
							<Value>102</Value>
						</HeartRateBpm>
						<Cadence>51</Cadence>
						<Extensions>
							<ns3:TPX>
								<ns3:Speed>1.142860</ns3:Speed>
							</ns3:TPX>
						</Extensions>
					</Trackpoint>
					<Trackpoint>
						<Time>2569-03-03T11:49:12Z</Time>
						<Position>
							<LatitudeDegrees>12.587751</LatitudeDegrees>
							<LongitudeDegrees>101.420094</LongitudeDegrees>
						</Position>
						<AltitudeMeters>7.120000</AltitudeMeters>
						<HeartRateBpm>
							<Value>102</Value>
						</HeartRateBpm>
						<Cadence>52</Cadence>
						<Extensions>
							<ns3:TPX>
								<ns3:Speed>1.170960</ns3:Speed>
							</ns3:TPX>
						</Extensions>
					</Trackpoint>
					<Trackpoint>
						<Time>2569-03-03T11:49:13Z</Time>
						<Position>
							<LatitudeDegrees>12.587762</LatitudeDegrees>
							<LongitudeDegrees>101.420093</LongitudeDegrees>
						</Position>
						<AltitudeMeters>7.110000</AltitudeMeters>
						<HeartRateBpm>
							<Value>101</Value>
						</HeartRateBpm>
						<Cadence>53</Cadence>
						<Extensions>
							<ns3:TPX>
								<ns3:Speed>1.183430</ns3:Speed>
							</ns3:TPX>
						</Extensions>
					</Trackpoint>
					<Trackpoint>
						<Time>2569-03-03T11:49:14Z</Time>
						<Position>
							<LatitudeDegrees>12.587773</LatitudeDegrees>
							<LongitudeDegrees>101.420092</LongitudeDegrees>
						</Position>
						<AltitudeMeters>7.110000</AltitudeMeters>
						<HeartRateBpm>
							<Value>101</Value>
						</HeartRateBpm>
						<Cadence>53</Cadence>
						<Extensions>
							<ns3:TPX>
								<ns3:Speed>1.183430</ns3:Speed>
							</ns3:TPX>
						</Extensions>
					</Trackpoint>
					<Trackpoint>
						<Time>2569-03-03T11:49:15Z</Time>
						<Position>
							<LatitudeDegrees>12.587794</LatitudeDegrees>
							<LongitudeDegrees>101.420092</LongitudeDegrees>
						</Position>
						<AltitudeMeters>7.100000</AltitudeMeters>
						<HeartRateBpm>
							<Value>100</Value>
						</HeartRateBpm>
						<Cadence>52</Cadence>
						<Extensions>
							<ns3:TPX>
								<ns3:Speed>1.183430</ns3:Speed>
							</ns3:TPX>
						</Extensions>
					</Trackpoint>
					<Trackpoint>
						<Time>2569-03-03T11:49:15Z</Time>
						<Position>
							<LatitudeDegrees>12.587794</LatitudeDegrees>
							<LongitudeDegrees>101.420092</LongitudeDegrees>
						</Position>
						<AltitudeMeters>7.100000</AltitudeMeters>
						<HeartRateBpm>
							<Value>100</Value>
						</HeartRateBpm>
						<Cadence>52</Cadence>
						<Extensions>
							<ns3:TPX>
								<ns3:Speed>1.183430</ns3:Speed>
							</ns3:TPX>
						</Extensions>
					</Trackpoint>
					<Trackpoint>
						<Time>2569-03-03T11:49:17Z</Time>
						<Position>
							<LatitudeDegrees>12.587804</LatitudeDegrees>
							<LongitudeDegrees>101.420093</LongitudeDegrees>
						</Position>
						<AltitudeMeters>7.080000</AltitudeMeters>
						<HeartRateBpm>
							<Value>101</Value>
						</HeartRateBpm>
						<Cadence>52</Cadence>
						<Extensions>
							<ns3:TPX>
								<ns3:Speed>1.183430</ns3:Speed>
							</ns3:TPX>
						</Extensions>
					</Trackpoint>
					<Trackpoint>
						<Time>2569-03-03T11:49:18Z</Time>
						<Position>
							<LatitudeDegrees>12.587814</LatitudeDegrees>
							<LongitudeDegrees>101.420093</LongitudeDegrees>
						</Position>
						<AltitudeMeters>7.080000</AltitudeMeters>
						<HeartRateBpm>
							<Value>100</Value>
						</HeartRateBpm>
						<Cadence>52</Cadence>
						<Extensions>
							<ns3:TPX>
								<ns3:Speed>1.184830</ns3:Speed>
							</ns3:TPX>
						</Extensions>
					</Trackpoint>
					<Trackpoint>
						<Time>2569-03-03T11:49:19Z</Time>
						<Position>
							<LatitudeDegrees>12.587825</LatitudeDegrees>
							<LongitudeDegrees>101.420093</LongitudeDegrees>
						</Position>
						<AltitudeMeters>7.070000</AltitudeMeters>
						<HeartRateBpm>
							<Value>100</Value>
						</HeartRateBpm>
						<Cadence>53</Cadence>
						<Extensions>
							<ns3:TPX>
								<ns3:Speed>1.184830</ns3:Speed>
							</ns3:TPX>
						</Extensions>
					</Trackpoint>
					<Trackpoint>
						<Time>2569-03-03T11:49:20Z</Time>
						<Position>
							<LatitudeDegrees>12.587835</LatitudeDegrees>
							<LongitudeDegrees>101.420093</LongitudeDegrees>
						</Position>
						<AltitudeMeters>7.060000</AltitudeMeters>
						<HeartRateBpm>
							<Value>100</Value>
						</HeartRateBpm>
						<Cadence>53</Cadence>
						<Extensions>
							<ns3:TPX>
								<ns3:Speed>1.183430</ns3:Speed>
							</ns3:TPX>
						</Extensions>
					</Trackpoint>
					<Trackpoint>
						<Time>2569-03-03T11:49:21Z</Time>
						<Position>
							<LatitudeDegrees>12.587855</LatitudeDegrees>
							<LongitudeDegrees>101.420094</LongitudeDegrees>
						</Position>
						<AltitudeMeters>7.060000</AltitudeMeters>
						<HeartRateBpm>
							<Value>101</Value>
						</HeartRateBpm>
						<Cadence>52</Cadence>
						<Extensions>
							<ns3:TPX>
								<ns3:Speed>1.180640</ns3:Speed>
							</ns3:TPX>
						</Extensions>
					</Trackpoint>
					<Trackpoint>
						<Time>2569-03-03T11:49:21Z</Time>
						<Position>
							<LatitudeDegrees>12.587855</LatitudeDegrees>
							<LongitudeDegrees>101.420094</LongitudeDegrees>
						</Position>
						<AltitudeMeters>7.060000</AltitudeMeters>
						<HeartRateBpm>
							<Value>101</Value>
						</HeartRateBpm>
						<Cadence>52</Cadence>
						<Extensions>
							<ns3:TPX>
								<ns3:Speed>1.180640</ns3:Speed>
							</ns3:TPX>
						</Extensions>
					</Trackpoint>
					<Trackpoint>
						<Time>2569-03-03T11:49:23Z</Time>
						<Position>
							<LatitudeDegrees>12.587864</LatitudeDegrees>
							<LongitudeDegrees>101.420095</LongitudeDegrees>
						</Position>
						<AltitudeMeters>7.060000</AltitudeMeters>
						<HeartRateBpm>
							<Value>103</Value>
						</HeartRateBpm>
						<Cadence>51</Cadence>
						<Extensions>
							<ns3:TPX>
								<ns3:Speed>1.175090</ns3:Speed>
							</ns3:TPX>
						</Extensions>
					</Trackpoint>
					<Trackpoint>
						<Time>2569-03-03T11:49:24Z</Time>
						<Position>
							<LatitudeDegrees>12.587874</LatitudeDegrees>
							<LongitudeDegrees>101.420097</LongitudeDegrees>
						</Position>
						<AltitudeMeters>7.050000</AltitudeMeters>
						<HeartRateBpm>
							<Value>103</Value>
						</HeartRateBpm>
						<Cadence>51</Cadence>
						<Extensions>
							<ns3:TPX>
								<ns3:Speed>1.172330</ns3:Speed>
							</ns3:TPX>
						</Extensions>
					</Trackpoint>
					<Trackpoint>
						<Time>2569-03-03T11:49:25Z</Time>
						<Position>
							<LatitudeDegrees>12.587883</LatitudeDegrees>
							<LongitudeDegrees>101.420100</LongitudeDegrees>
						</Position>
						<AltitudeMeters>7.050000</AltitudeMeters>
						<HeartRateBpm>
							<Value>103</Value>
						</HeartRateBpm>
						<Cadence>51</Cadence>
						<Extensions>
							<ns3:TPX>
								<ns3:Speed>1.166860</ns3:Speed>
							</ns3:TPX>
						</Extensions>
					</Trackpoint>
					<Trackpoint>
						<Time>2569-03-03T11:49:26Z</Time>
						<Position>
							<LatitudeDegrees>12.587893</LatitudeDegrees>
							<LongitudeDegrees>101.420102</LongitudeDegrees>
						</Position>
						<AltitudeMeters>7.050000</AltitudeMeters>
						<HeartRateBpm>
							<Value>102</Value>
						</HeartRateBpm>
						<Cadence>51</Cadence>
						<Extensions>
							<ns3:TPX>
								<ns3:Speed>1.161440</ns3:Speed>
							</ns3:TPX>
						</Extensions>
					</Trackpoint>
					<Trackpoint>
						<Time>2569-03-03T11:49:27Z</Time>
						<Position>
							<LatitudeDegrees>12.587913</LatitudeDegrees>
							<LongitudeDegrees>101.420105</LongitudeDegrees>
						</Position>
						<AltitudeMeters>7.050000</AltitudeMeters>
						<HeartRateBpm>
							<Value>102</Value>
						</HeartRateBpm>
						<Cadence>51</Cadence>
						<Extensions>
							<ns3:TPX>
								<ns3:Speed>1.156070</ns3:Speed>
							</ns3:TPX>
						</Extensions>
					</Trackpoint>
					<Trackpoint>
						<Time>2569-03-03T11:49:27Z</Time>
						<Position>
							<LatitudeDegrees>12.587913</LatitudeDegrees>
							<LongitudeDegrees>101.420105</LongitudeDegrees>
						</Position>
						<AltitudeMeters>7.050000</AltitudeMeters>
						<HeartRateBpm>
							<Value>102</Value>
						</HeartRateBpm>
						<Cadence>51</Cadence>
						<Extensions>
							<ns3:TPX>
								<ns3:Speed>1.156070</ns3:Speed>
							</ns3:TPX>
						</Extensions>
					</Trackpoint>
					<Trackpoint>
						<Time>2569-03-03T11:49:29Z</Time>
						<Position>
							<LatitudeDegrees>12.587921</LatitudeDegrees>
							<LongitudeDegrees>101.420105</LongitudeDegrees>
						</Position>
						<AltitudeMeters>7.050000</AltitudeMeters>
						<HeartRateBpm>
							<Value>102</Value>
						</HeartRateBpm>
						<Cadence>51</Cadence>
						<Extensions>
							<ns3:TPX>
								<ns3:Speed>1.146790</ns3:Speed>
							</ns3:TPX>
						</Extensions>
					</Trackpoint>
					<Trackpoint>
						<Time>2569-03-03T11:49:30Z</Time>
						<Position>
							<LatitudeDegrees>12.587940</LatitudeDegrees>
							<LongitudeDegrees>101.420105</LongitudeDegrees>
						</Position>
						<AltitudeMeters>7.060000</AltitudeMeters>
						<HeartRateBpm>
							<Value>100</Value>
						</HeartRateBpm>
						<Cadence>51</Cadence>
						<Extensions>
							<ns3:TPX>
								<ns3:Speed>1.142860</ns3:Speed>
							</ns3:TPX>
						</Extensions>
					</Trackpoint>
					<Trackpoint>
						<Time>2569-03-03T11:49:30Z</Time>
						<Position>
							<LatitudeDegrees>12.587940</LatitudeDegrees>
							<LongitudeDegrees>101.420105</LongitudeDegrees>
						</Position>
						<AltitudeMeters>7.060000</AltitudeMeters>
						<HeartRateBpm>
							<Value>100</Value>
						</HeartRateBpm>
						<Cadence>51</Cadence>
						<Extensions>
							<ns3:TPX>
								<ns3:Speed>1.142860</ns3:Speed>
							</ns3:TPX>
						</Extensions>
					</Trackpoint>
					<Trackpoint>
						<Time>2569-03-03T11:49:32Z</Time>
						<Position>
							<LatitudeDegrees>12.587951</LatitudeDegrees>
							<LongitudeDegrees>101.420106</LongitudeDegrees>
						</Position>
						<AltitudeMeters>7.070000</AltitudeMeters>
						<HeartRateBpm>
							<Value>101</Value>
						</HeartRateBpm>
						<Cadence>51</Cadence>
						<Extensions>
							<ns3:TPX>
								<ns3:Speed>1.135070</ns3:Speed>
							</ns3:TPX>
						</Extensions>
					</Trackpoint>
					<Trackpoint>
						<Time>2569-03-03T11:49:33Z</Time>
						<Position>
							<LatitudeDegrees>12.587962</LatitudeDegrees>
							<LongitudeDegrees>101.420107</LongitudeDegrees>
						</Position>
						<AltitudeMeters>7.070000</AltitudeMeters>
						<HeartRateBpm>
							<Value>101</Value>
						</HeartRateBpm>
						<Cadence>51</Cadence>
						<Extensions>
							<ns3:TPX>
								<ns3:Speed>1.131220</ns3:Speed>
							</ns3:TPX>
						</Extensions>
					</Trackpoint>
					<Trackpoint>
						<Time>2569-03-03T11:49:34Z</Time>
						<Position>
							<LatitudeDegrees>12.587984</LatitudeDegrees>
							<LongitudeDegrees>101.420109</LongitudeDegrees>
						</Position>
						<AltitudeMeters>7.080000</AltitudeMeters>
						<HeartRateBpm>
							<Value>100</Value>
						</HeartRateBpm>
						<Cadence>50</Cadence>
						<Extensions>
							<ns3:TPX>
								<ns3:Speed>1.128670</ns3:Speed>
							</ns3:TPX>
						</Extensions>
					</Trackpoint>
					<Trackpoint>
						<Time>2569-03-03T11:49:34Z</Time>
						<Position>
							<LatitudeDegrees>12.587984</LatitudeDegrees>
							<LongitudeDegrees>101.420109</LongitudeDegrees>
						</Position>
						<AltitudeMeters>7.080000</AltitudeMeters>
						<HeartRateBpm>
							<Value>100</Value>
						</HeartRateBpm>
						<Cadence>50</Cadence>
						<Extensions>
							<ns3:TPX>
								<ns3:Speed>1.128670</ns3:Speed>
							</ns3:TPX>
						</Extensions>
					</Trackpoint>
					<Trackpoint>
						<Time>2569-03-03T11:49:35Z</Time>
						<Position>
							<LatitudeDegrees>12.587994</LatitudeDegrees>
							<LongitudeDegrees>101.420110</LongitudeDegrees>
						</Position>
						<AltitudeMeters>7.090000</AltitudeMeters>
						<HeartRateBpm>
							<Value>101</Value>
						</HeartRateBpm>
						<Cadence>50</Cadence>
						<Extensions>
							<ns3:TPX>
								<ns3:Speed>1.127400</ns3:Speed>
							</ns3:TPX>
						</Extensions>
					</Trackpoint>
					<Trackpoint>
						<Time>2569-03-03T11:49:37Z</Time>
						<Position>
							<LatitudeDegrees>12.588014</LatitudeDegrees>
							<LongitudeDegrees>101.420110</LongitudeDegrees>
						</Position>
						<AltitudeMeters>7.170000</AltitudeMeters>
						<HeartRateBpm>
							<Value>101</Value>
						</HeartRateBpm>
						<Cadence>50</Cadence>
						<Extensions>
							<ns3:TPX>
								<ns3:Speed>1.124860</ns3:Speed>
							</ns3:TPX>
						</Extensions>
					</Trackpoint>
					<Trackpoint>
						<Time>2569-03-03T11:49:37Z</Time>
						<Position>
							<LatitudeDegrees>12.588014</LatitudeDegrees>
							<LongitudeDegrees>101.420110</LongitudeDegrees>
						</Position>
						<AltitudeMeters>7.170000</AltitudeMeters>
						<HeartRateBpm>
							<Value>101</Value>
						</HeartRateBpm>
						<Cadence>50</Cadence>
						<Extensions>
							<ns3:TPX>
								<ns3:Speed>1.124860</ns3:Speed>
							</ns3:TPX>
						</Extensions>
					</Trackpoint>
					<Trackpoint>
						<Time>2569-03-03T11:49:39Z</Time>
						<Position>
							<LatitudeDegrees>12.588033</LatitudeDegrees>
							<LongitudeDegrees>101.420108</LongitudeDegrees>
						</Position>
						<AltitudeMeters>7.210000</AltitudeMeters>
						<HeartRateBpm>
							<Value>101</Value>
						</HeartRateBpm>
						<Cadence>50</Cadence>
						<Extensions>
							<ns3:TPX>
								<ns3:Speed>1.123600</ns3:Speed>
							</ns3:TPX>
						</Extensions>
					</Trackpoint>
					<Trackpoint>
						<Time>2569-03-03T11:49:39Z</Time>
						<Position>
							<LatitudeDegrees>12.588033</LatitudeDegrees>
							<LongitudeDegrees>101.420108</LongitudeDegrees>
						</Position>
						<AltitudeMeters>7.210000</AltitudeMeters>
						<HeartRateBpm>
							<Value>101</Value>
						</HeartRateBpm>
						<Cadence>50</Cadence>
						<Extensions>
							<ns3:TPX>
								<ns3:Speed>1.123600</ns3:Speed>
							</ns3:TPX>
						</Extensions>
					</Trackpoint>
					<Trackpoint>
						<Time>2569-03-03T11:49:40Z</Time>
						<Position>
							<LatitudeDegrees>12.588043</LatitudeDegrees>
							<LongitudeDegrees>101.420106</LongitudeDegrees>
						</Position>
						<AltitudeMeters>7.220000</AltitudeMeters>
						<HeartRateBpm>
							<Value>101</Value>
						</HeartRateBpm>
						<Cadence>50</Cadence>
						<Extensions>
							<ns3:TPX>
								<ns3:Speed>1.123600</ns3:Speed>
							</ns3:TPX>
						</Extensions>
					</Trackpoint>
					<Trackpoint>
						<Time>2569-03-03T11:49:41Z</Time>
						<Position>
							<LatitudeDegrees>12.588053</LatitudeDegrees>
							<LongitudeDegrees>101.420103</LongitudeDegrees>
						</Position>
						<AltitudeMeters>7.230000</AltitudeMeters>
						<HeartRateBpm>
							<Value>101</Value>
						</HeartRateBpm>
						<Cadence>49</Cadence>
						<Extensions>
							<ns3:TPX>
								<ns3:Speed>1.122330</ns3:Speed>
							</ns3:TPX>
						</Extensions>
					</Trackpoint>
					<Trackpoint>
						<Time>2569-03-03T11:49:42Z</Time>
						<Position>
							<LatitudeDegrees>12.588063</LatitudeDegrees>
							<LongitudeDegrees>101.420100</LongitudeDegrees>
						</Position>
						<AltitudeMeters>7.240000</AltitudeMeters>
						<HeartRateBpm>
							<Value>101</Value>
						</HeartRateBpm>
						<Cadence>49</Cadence>
						<Extensions>
							<ns3:TPX>
								<ns3:Speed>1.121080</ns3:Speed>
							</ns3:TPX>
						</Extensions>
					</Trackpoint>
					<Trackpoint>
						<Time>2569-03-03T11:49:43Z</Time>
						<Position>
							<LatitudeDegrees>12.588073</LatitudeDegrees>
							<LongitudeDegrees>101.420097</LongitudeDegrees>
						</Position>
						<AltitudeMeters>7.250000</AltitudeMeters>
						<HeartRateBpm>
							<Value>102</Value>
						</HeartRateBpm>
						<Cadence>49</Cadence>
						<Extensions>
							<ns3:TPX>
								<ns3:Speed>1.121080</ns3:Speed>
							</ns3:TPX>
						</Extensions>
					</Trackpoint>
					<Trackpoint>
						<Time>2569-03-03T11:49:44Z</Time>
						<Position>
							<LatitudeDegrees>12.588083</LatitudeDegrees>
							<LongitudeDegrees>101.420094</LongitudeDegrees>
						</Position>
						<AltitudeMeters>7.260000</AltitudeMeters>
						<HeartRateBpm>
							<Value>101</Value>
						</HeartRateBpm>
						<Cadence>48</Cadence>
						<Extensions>
							<ns3:TPX>
								<ns3:Speed>1.119820</ns3:Speed>
							</ns3:TPX>
						</Extensions>
					</Trackpoint>
					<Trackpoint>
						<Time>2569-03-03T11:49:45Z</Time>
						<Position>
							<LatitudeDegrees>12.588092</LatitudeDegrees>
							<LongitudeDegrees>101.420093</LongitudeDegrees>
						</Position>
						<AltitudeMeters>7.270000</AltitudeMeters>
						<HeartRateBpm>
							<Value>101</Value>
						</HeartRateBpm>
						<Cadence>48</Cadence>
						<Extensions>
							<ns3:TPX>
								<ns3:Speed>1.118570</ns3:Speed>
							</ns3:TPX>
						</Extensions>
					</Trackpoint>
					<Trackpoint>
						<Time>2569-03-03T11:49:46Z</Time>
						<Position>
							<LatitudeDegrees>12.588102</LatitudeDegrees>
							<LongitudeDegrees>101.420093</LongitudeDegrees>
						</Position>
						<AltitudeMeters>7.280000</AltitudeMeters>
						<HeartRateBpm>
							<Value>100</Value>
						</HeartRateBpm>
						<Cadence>48</Cadence>
						<Extensions>
							<ns3:TPX>
								<ns3:Speed>1.117320</ns3:Speed>
							</ns3:TPX>
						</Extensions>
					</Trackpoint>
					<Trackpoint>
						<Time>2569-03-03T11:49:47Z</Time>
						<Position>
							<LatitudeDegrees>12.588112</LatitudeDegrees>
							<LongitudeDegrees>101.420092</LongitudeDegrees>
						</Position>
						<AltitudeMeters>7.290000</AltitudeMeters>
						<HeartRateBpm>
							<Value>100</Value>
						</HeartRateBpm>
						<Cadence>48</Cadence>
						<Extensions>
							<ns3:TPX>
								<ns3:Speed>1.114830</ns3:Speed>
							</ns3:TPX>
						</Extensions>
					</Trackpoint>
					<Trackpoint>
						<Time>2569-03-03T11:49:48Z</Time>
						<Position>
							<LatitudeDegrees>12.588119</LatitudeDegrees>
							<LongitudeDegrees>101.420090</LongitudeDegrees>
						</Position>
						<AltitudeMeters>7.300000</AltitudeMeters>
						<HeartRateBpm>
							<Value>100</Value>
						</HeartRateBpm>
						<Cadence>48</Cadence>
						<Extensions>
							<ns3:TPX>
								<ns3:Speed>1.113590</ns3:Speed>
							</ns3:TPX>
						</Extensions>
					</Trackpoint>
					<Trackpoint>
						<Time>2569-03-03T11:49:49Z</Time>
						<Position>
							<LatitudeDegrees>12.588125</LatitudeDegrees>
							<LongitudeDegrees>101.420089</LongitudeDegrees>
						</Position>
						<AltitudeMeters>7.310000</AltitudeMeters>
						<HeartRateBpm>
							<Value>99</Value>
						</HeartRateBpm>
						<Cadence>49</Cadence>
						<Extensions>
							<ns3:TPX>
								<ns3:Speed>1.111110</ns3:Speed>
							</ns3:TPX>
						</Extensions>
					</Trackpoint>
					<Trackpoint>
						<Time>2569-03-03T11:49:50Z</Time>
						<Position>
							<LatitudeDegrees>12.588128</LatitudeDegrees>
							<LongitudeDegrees>101.420089</LongitudeDegrees>
						</Position>
						<AltitudeMeters>7.310000</AltitudeMeters>
						<HeartRateBpm>
							<Value>99</Value>
						</HeartRateBpm>
						<Cadence>49</Cadence>
						<Extensions>
							<ns3:TPX>
								<ns3:Speed>1.107420</ns3:Speed>
							</ns3:TPX>
						</Extensions>
					</Trackpoint>
					<Trackpoint>
						<Time>2569-03-03T11:49:51Z</Time>
						<Position>
							<LatitudeDegrees>12.588131</LatitudeDegrees>
							<LongitudeDegrees>101.420090</LongitudeDegrees>
						</Position>
						<AltitudeMeters>7.320000</AltitudeMeters>
						<HeartRateBpm>
							<Value>99</Value>
						</HeartRateBpm>
						<Cadence>49</Cadence>
						<Extensions>
							<ns3:TPX>
								<ns3:Speed>1.103750</ns3:Speed>
							</ns3:TPX>
						</Extensions>
					</Trackpoint>
					<Trackpoint>
						<Time>2569-03-03T11:49:52Z</Time>
						<Position>
							<LatitudeDegrees>12.588133</LatitudeDegrees>
							<LongitudeDegrees>101.420091</LongitudeDegrees>
						</Position>
						<AltitudeMeters>7.320000</AltitudeMeters>
						<HeartRateBpm>
							<Value>99</Value>
						</HeartRateBpm>
						<Cadence>49</Cadence>
						<Extensions>
							<ns3:TPX>
								<ns3:Speed>1.097690</ns3:Speed>
							</ns3:TPX>
						</Extensions>
					</Trackpoint>
					<Trackpoint>
						<Time>2569-03-03T11:49:54Z</Time>
						<Position>
							<LatitudeDegrees>12.588135</LatitudeDegrees>
							<LongitudeDegrees>101.420091</LongitudeDegrees>
						</Position>
						<AltitudeMeters>7.330000</AltitudeMeters>
						<HeartRateBpm>
							<Value>99</Value>
						</HeartRateBpm>
						<Cadence>49</Cadence>
					</Trackpoint>
					<Trackpoint>
						<Time>2569-03-03T11:49:55Z</Time>
						<Position>
							<LatitudeDegrees>12.588136</LatitudeDegrees>
							<LongitudeDegrees>101.420092</LongitudeDegrees>
						</Position>
						<AltitudeMeters>7.330000</AltitudeMeters>
						<HeartRateBpm>
							<Value>99</Value>
						</HeartRateBpm>
					</Trackpoint>
					<Trackpoint>
						<Time>2569-03-03T11:49:56Z</Time>
						<Position>
							<LatitudeDegrees>12.588137</LatitudeDegrees>
							<LongitudeDegrees>101.420092</LongitudeDegrees>
						</Position>
						<AltitudeMeters>7.340000</AltitudeMeters>
						<HeartRateBpm>
							<Value>100</Value>
						</HeartRateBpm>
					</Trackpoint>
					<Trackpoint>
						<Time>2569-03-03T11:49:56Z</Time>
						<Position>
							<LatitudeDegrees>12.588137</LatitudeDegrees>
							<LongitudeDegrees>101.420092</LongitudeDegrees>
						</Position>
						<AltitudeMeters>7.340000</AltitudeMeters>
						<HeartRateBpm>
							<Value>100</Value>
						</HeartRateBpm>
					</Trackpoint>
					<Trackpoint>
						<Time>2569-03-03T11:49:58Z</Time>
						<Position>
							<LatitudeDegrees>12.588137</LatitudeDegrees>
							<LongitudeDegrees>101.420092</LongitudeDegrees>
						</Position>
						<AltitudeMeters>7.340000</AltitudeMeters>
						<HeartRateBpm>
							<Value>101</Value>
						</HeartRateBpm>
					</Trackpoint>
					<Trackpoint>
						<Time>2569-03-03T11:49:58Z</Time>
						<Position>
							<LatitudeDegrees>12.588137</LatitudeDegrees>
							<LongitudeDegrees>101.420092</LongitudeDegrees>
						</Position>
						<AltitudeMeters>7.340000</AltitudeMeters>
						<HeartRateBpm>
							<Value>101</Value>
						</HeartRateBpm>
					</Trackpoint>
					<Trackpoint>
						<Time>2569-03-03T11:49:59Z</Time>
						<Position>
							<LatitudeDegrees>12.588137</LatitudeDegrees>
							<LongitudeDegrees>101.420092</LongitudeDegrees>
						</Position>
						<AltitudeMeters>7.340000</AltitudeMeters>
						<HeartRateBpm>
							<Value>101</Value>
						</HeartRateBpm>
					</Trackpoint>
					<Trackpoint>
						<Time>2569-03-03T11:50:00Z</Time>
						<Position>
							<LatitudeDegrees>12.588137</LatitudeDegrees>
							<LongitudeDegrees>101.420092</LongitudeDegrees>
						</Position>
						<AltitudeMeters>7.340000</AltitudeMeters>
						<HeartRateBpm>
							<Value>100</Value>
						</HeartRateBpm>
					</Trackpoint>
					<Trackpoint>
						<Time>2569-03-03T11:50:01Z</Time>
						<Position>
							<LatitudeDegrees>12.588137</LatitudeDegrees>
							<LongitudeDegrees>101.420093</LongitudeDegrees>
						</Position>
						<AltitudeMeters>7.340000</AltitudeMeters>
						<HeartRateBpm>
							<Value>98</Value>
						</HeartRateBpm>
					</Trackpoint>
					<Trackpoint>
						<Time>2569-03-03T11:50:02Z</Time>
						<Position>
							<LatitudeDegrees>12.588137</LatitudeDegrees>
							<LongitudeDegrees>101.420093</LongitudeDegrees>
						</Position>
						<AltitudeMeters>7.340000</AltitudeMeters>
						<HeartRateBpm>
							<Value>96</Value>
						</HeartRateBpm>
					</Trackpoint>
					<Trackpoint>
						<Time>2569-03-03T11:50:04Z</Time>
						<Position>
							<LatitudeDegrees>12.588137</LatitudeDegrees>
							<LongitudeDegrees>101.420093</LongitudeDegrees>
						</Position>
						<AltitudeMeters>7.330000</AltitudeMeters>
						<HeartRateBpm>
							<Value>94</Value>
						</HeartRateBpm>
					</Trackpoint>
					<Trackpoint>
						<Time>2569-03-03T11:50:05Z</Time>
						<Position>
							<LatitudeDegrees>12.588142</LatitudeDegrees>
							<LongitudeDegrees>101.420092</LongitudeDegrees>
						</Position>
						<AltitudeMeters>7.330000</AltitudeMeters>
						<HeartRateBpm>
							<Value>93</Value>
						</HeartRateBpm>
					</Trackpoint>
					<Trackpoint>
						<Time>2569-03-03T11:50:05Z</Time>
						<Position>
							<LatitudeDegrees>12.588142</LatitudeDegrees>
							<LongitudeDegrees>101.420092</LongitudeDegrees>
						</Position>
						<AltitudeMeters>7.330000</AltitudeMeters>
						<HeartRateBpm>
							<Value>93</Value>
						</HeartRateBpm>
					</Trackpoint>
					<Trackpoint>
						<Time>2569-03-03T11:50:06Z</Time>
						<Position>
							<LatitudeDegrees>12.588148</LatitudeDegrees>
							<LongitudeDegrees>101.420090</LongitudeDegrees>
						</Position>
						<AltitudeMeters>7.330000</AltitudeMeters>
						<HeartRateBpm>
							<Value>93</Value>
						</HeartRateBpm>
					</Trackpoint>
					<Trackpoint>
						<Time>2569-03-03T11:50:08Z</Time>
						<Position>
							<LatitudeDegrees>12.588154</LatitudeDegrees>
							<LongitudeDegrees>101.420087</LongitudeDegrees>
						</Position>
						<AltitudeMeters>7.330000</AltitudeMeters>
						<HeartRateBpm>
							<Value>94</Value>
						</HeartRateBpm>
						<Extensions>
							<ns3:TPX>
								<ns3:Speed>0.387450</ns3:Speed>
							</ns3:TPX>
						</Extensions>
					</Trackpoint>
					<Trackpoint>
						<Time>2569-03-03T11:50:09Z</Time>
						<Position>
							<LatitudeDegrees>12.588170</LatitudeDegrees>
							<LongitudeDegrees>101.420081</LongitudeDegrees>
						</Position>
						<AltitudeMeters>7.340000</AltitudeMeters>
						<HeartRateBpm>
							<Value>94</Value>
						</HeartRateBpm>
						<Extensions>
							<ns3:TPX>
								<ns3:Speed>0.505310</ns3:Speed>
							</ns3:TPX>
						</Extensions>
					</Trackpoint>
					<Trackpoint>
						<Time>2569-03-03T11:50:09Z</Time>
						<Position>
							<LatitudeDegrees>12.588170</LatitudeDegrees>
							<LongitudeDegrees>101.420081</LongitudeDegrees>
						</Position>
						<AltitudeMeters>7.340000</AltitudeMeters>
						<HeartRateBpm>
							<Value>94</Value>
						</HeartRateBpm>
						<Extensions>
							<ns3:TPX>
								<ns3:Speed>0.505310</ns3:Speed>
							</ns3:TPX>
						</Extensions>
					</Trackpoint>
					<Trackpoint>
						<Time>2569-03-03T11:50:11Z</Time>
						<Position>
							<LatitudeDegrees>12.588188</LatitudeDegrees>
							<LongitudeDegrees>101.420075</LongitudeDegrees>
						</Position>
						<AltitudeMeters>7.360000</AltitudeMeters>
						<HeartRateBpm>
							<Value>95</Value>
						</HeartRateBpm>
						<Cadence>50</Cadence>
						<Extensions>
							<ns3:TPX>
								<ns3:Speed>0.739640</ns3:Speed>
							</ns3:TPX>
						</Extensions>
					</Trackpoint>
					<Trackpoint>
						<Time>2569-03-03T11:50:11Z</Time>
						<Position>
							<LatitudeDegrees>12.588188</LatitudeDegrees>
							<LongitudeDegrees>101.420075</LongitudeDegrees>
						</Position>
						<AltitudeMeters>7.360000</AltitudeMeters>
						<HeartRateBpm>
							<Value>95</Value>
						</HeartRateBpm>
						<Cadence>50</Cadence>
						<Extensions>
							<ns3:TPX>
								<ns3:Speed>0.739640</ns3:Speed>
							</ns3:TPX>
						</Extensions>
					</Trackpoint>
					<Trackpoint>
						<Time>2569-03-03T11:50:12Z</Time>
						<Position>
							<LatitudeDegrees>12.588196</LatitudeDegrees>
							<LongitudeDegrees>101.420072</LongitudeDegrees>
						</Position>
						<AltitudeMeters>7.370000</AltitudeMeters>
						<HeartRateBpm>
							<Value>95</Value>
						</HeartRateBpm>
						<Cadence>50</Cadence>
						<Extensions>
							<ns3:TPX>
								<ns3:Speed>0.746830</ns3:Speed>
							</ns3:TPX>
						</Extensions>
					</Trackpoint>
					<Trackpoint>
						<Time>2569-03-03T11:50:13Z</Time>
						<Position>
							<LatitudeDegrees>12.588205</LatitudeDegrees>
							<LongitudeDegrees>101.420068</LongitudeDegrees>
						</Position>
						<AltitudeMeters>7.380000</AltitudeMeters>
						<HeartRateBpm>
							<Value>96</Value>
						</HeartRateBpm>
						<Cadence>51</Cadence>
						<Extensions>
							<ns3:TPX>
								<ns3:Speed>0.693000</ns3:Speed>
							</ns3:TPX>
						</Extensions>
					</Trackpoint>
					<Trackpoint>
						<Time>2569-03-03T11:50:14Z</Time>
						<Position>
							<LatitudeDegrees>12.588213</LatitudeDegrees>
							<LongitudeDegrees>101.420066</LongitudeDegrees>
						</Position>
						<AltitudeMeters>7.390000</AltitudeMeters>
						<HeartRateBpm>
							<Value>97</Value>
						</HeartRateBpm>
						<Cadence>51</Cadence>
						<Extensions>
							<ns3:TPX>
								<ns3:Speed>0.800000</ns3:Speed>
							</ns3:TPX>
						</Extensions>
					</Trackpoint>
					<Trackpoint>
						<Time>2569-03-03T11:50:15Z</Time>
						<Position>
							<LatitudeDegrees>12.588222</LatitudeDegrees>
							<LongitudeDegrees>101.420064</LongitudeDegrees>
						</Position>
						<AltitudeMeters>7.400000</AltitudeMeters>
						<HeartRateBpm>
							<Value>97</Value>
						</HeartRateBpm>
						<Cadence>51</Cadence>
						<Extensions>
							<ns3:TPX>
								<ns3:Speed>0.906620</ns3:Speed>
							</ns3:TPX>
						</Extensions>
					</Trackpoint>
					<Trackpoint>
						<Time>2569-03-03T11:50:16Z</Time>
						<Position>
							<LatitudeDegrees>12.588231</LatitudeDegrees>
							<LongitudeDegrees>101.420062</LongitudeDegrees>
						</Position>
						<AltitudeMeters>7.430000</AltitudeMeters>
						<HeartRateBpm>
							<Value>96</Value>
						</HeartRateBpm>
						<Cadence>51</Cadence>
						<Extensions>
							<ns3:TPX>
								<ns3:Speed>0.931100</ns3:Speed>
							</ns3:TPX>
						</Extensions>
					</Trackpoint>
					<Trackpoint>
						<Time>2569-03-03T11:50:17Z</Time>
						<Position>
							<LatitudeDegrees>12.588239</LatitudeDegrees>
							<LongitudeDegrees>101.420060</LongitudeDegrees>
						</Position>
						<AltitudeMeters>7.450000</AltitudeMeters>
						<HeartRateBpm>
							<Value>95</Value>
						</HeartRateBpm>
						<Cadence>50</Cadence>
						<Extensions>
							<ns3:TPX>
								<ns3:Speed>0.959690</ns3:Speed>
							</ns3:TPX>
						</Extensions>
					</Trackpoint>
					<Trackpoint>
						<Time>2569-03-03T11:50:19Z</Time>
						<Position>
							<LatitudeDegrees>12.588256</LatitudeDegrees>
							<LongitudeDegrees>101.420059</LongitudeDegrees>
						</Position>
						<AltitudeMeters>7.500000</AltitudeMeters>
						<HeartRateBpm>
							<Value>98</Value>
						</HeartRateBpm>
						<Cadence>48</Cadence>
						<Extensions>
							<ns3:TPX>
								<ns3:Speed>0.980390</ns3:Speed>
							</ns3:TPX>
						</Extensions>
					</Trackpoint>
					<Trackpoint>
						<Time>2569-03-03T11:50:19Z</Time>
						<Position>
							<LatitudeDegrees>12.588256</LatitudeDegrees>
							<LongitudeDegrees>101.420059</LongitudeDegrees>
						</Position>
						<AltitudeMeters>7.500000</AltitudeMeters>
						<HeartRateBpm>
							<Value>98</Value>
						</HeartRateBpm>
						<Cadence>48</Cadence>
						<Extensions>
							<ns3:TPX>
								<ns3:Speed>0.980390</ns3:Speed>
							</ns3:TPX>
						</Extensions>
					</Trackpoint>
					<Trackpoint>
						<Time>2569-03-03T11:50:20Z</Time>
						<Position>
							<LatitudeDegrees>12.588265</LatitudeDegrees>
							<LongitudeDegrees>101.420058</LongitudeDegrees>
						</Position>
						<AltitudeMeters>7.510000</AltitudeMeters>
						<HeartRateBpm>
							<Value>98</Value>
						</HeartRateBpm>
						<Cadence>47</Cadence>
						<Extensions>
							<ns3:TPX>
								<ns3:Speed>0.968990</ns3:Speed>
							</ns3:TPX>
						</Extensions>
					</Trackpoint>
					<Trackpoint>
						<Time>2569-03-03T11:50:21Z</Time>
						<Position>
							<LatitudeDegrees>12.588275</LatitudeDegrees>
							<LongitudeDegrees>101.420057</LongitudeDegrees>
						</Position>
						<AltitudeMeters>7.550000</AltitudeMeters>
						<HeartRateBpm>
							<Value>98</Value>
						</HeartRateBpm>
						<Cadence>47</Cadence>
						<Extensions>
							<ns3:TPX>
								<ns3:Speed>0.963390</ns3:Speed>
							</ns3:TPX>
						</Extensions>
					</Trackpoint>
					<Trackpoint>
						<Time>2569-03-03T11:50:22Z</Time>
						<Position>
							<LatitudeDegrees>12.588285</LatitudeDegrees>
							<LongitudeDegrees>101.420056</LongitudeDegrees>
						</Position>
						<AltitudeMeters>7.670000</AltitudeMeters>
						<HeartRateBpm>
							<Value>99</Value>
						</HeartRateBpm>
						<Cadence>47</Cadence>
						<Extensions>
							<ns3:TPX>
								<ns3:Speed>0.966180</ns3:Speed>
							</ns3:TPX>
						</Extensions>
					</Trackpoint>
					<Trackpoint>
						<Time>2569-03-03T11:50:23Z</Time>
						<Position>
							<LatitudeDegrees>12.588294</LatitudeDegrees>
							<LongitudeDegrees>101.420054</LongitudeDegrees>
						</Position>
						<AltitudeMeters>7.710000</AltitudeMeters>
						<HeartRateBpm>
							<Value>99</Value>
						</HeartRateBpm>
						<Cadence>48</Cadence>
						<Extensions>
							<ns3:TPX>
								<ns3:Speed>0.971820</ns3:Speed>
							</ns3:TPX>
						</Extensions>
					</Trackpoint>
					<Trackpoint>
						<Time>2569-03-03T11:50:24Z</Time>
						<Position>
							<LatitudeDegrees>12.588302</LatitudeDegrees>
							<LongitudeDegrees>101.420051</LongitudeDegrees>
						</Position>
						<AltitudeMeters>7.770000</AltitudeMeters>
						<HeartRateBpm>
							<Value>100</Value>
						</HeartRateBpm>
						<Cadence>48</Cadence>
						<Extensions>
							<ns3:TPX>
								<ns3:Speed>0.970870</ns3:Speed>
							</ns3:TPX>
						</Extensions>
					</Trackpoint>
					<Trackpoint>
						<Time>2569-03-03T11:50:25Z</Time>
						<Position>
							<LatitudeDegrees>12.588310</LatitudeDegrees>
							<LongitudeDegrees>101.420048</LongitudeDegrees>
						</Position>
						<AltitudeMeters>7.780000</AltitudeMeters>
						<HeartRateBpm>
							<Value>100</Value>
						</HeartRateBpm>
						<Cadence>48</Cadence>
						<Extensions>
							<ns3:TPX>
								<ns3:Speed>0.968990</ns3:Speed>
							</ns3:TPX>
						</Extensions>
					</Trackpoint>
					<Trackpoint>
						<Time>2569-03-03T11:50:26Z</Time>
						<Position>
							<LatitudeDegrees>12.588317</LatitudeDegrees>
							<LongitudeDegrees>101.420043</LongitudeDegrees>
						</Position>
						<AltitudeMeters>7.840000</AltitudeMeters>
						<HeartRateBpm>
							<Value>101</Value>
						</HeartRateBpm>
						<Cadence>49</Cadence>
						<Extensions>
							<ns3:TPX>
								<ns3:Speed>0.968990</ns3:Speed>
							</ns3:TPX>
						</Extensions>
					</Trackpoint>
					<Trackpoint>
						<Time>2569-03-03T11:50:27Z</Time>
						<Position>
							<LatitudeDegrees>12.588324</LatitudeDegrees>
							<LongitudeDegrees>101.420037</LongitudeDegrees>
						</Position>
						<AltitudeMeters>7.900000</AltitudeMeters>
						<HeartRateBpm>
							<Value>102</Value>
						</HeartRateBpm>
						<Cadence>50</Cadence>
						<Extensions>
							<ns3:TPX>
								<ns3:Speed>0.968990</ns3:Speed>
							</ns3:TPX>
						</Extensions>
					</Trackpoint>
					<Trackpoint>
						<Time>2569-03-03T11:50:28Z</Time>
						<Position>
							<LatitudeDegrees>12.588329</LatitudeDegrees>
							<LongitudeDegrees>101.420029</LongitudeDegrees>
						</Position>
						<AltitudeMeters>7.970000</AltitudeMeters>
						<HeartRateBpm>
							<Value>102</Value>
						</HeartRateBpm>
						<Cadence>50</Cadence>
						<Extensions>
							<ns3:TPX>
								<ns3:Speed>0.968050</ns3:Speed>
							</ns3:TPX>
						</Extensions>
					</Trackpoint>
					<Trackpoint>
						<Time>2569-03-03T11:50:29Z</Time>
						<Position>
							<LatitudeDegrees>12.588335</LatitudeDegrees>
							<LongitudeDegrees>101.420021</LongitudeDegrees>
						</Position>
						<AltitudeMeters>8.040000</AltitudeMeters>
						<HeartRateBpm>
							<Value>102</Value>
						</HeartRateBpm>
						<Cadence>50</Cadence>
						<Extensions>
							<ns3:TPX>
								<ns3:Speed>0.967120</ns3:Speed>
							</ns3:TPX>
						</Extensions>
					</Trackpoint>
					<Trackpoint>
						<Time>2569-03-03T11:50:31Z</Time>
						<Position>
							<LatitudeDegrees>12.588342</LatitudeDegrees>
							<LongitudeDegrees>101.420004</LongitudeDegrees>
						</Position>
						<AltitudeMeters>8.210000</AltitudeMeters>
						<HeartRateBpm>
							<Value>101</Value>
						</HeartRateBpm>
						<Cadence>49</Cadence>
						<Extensions>
							<ns3:TPX>
								<ns3:Speed>0.960610</ns3:Speed>
							</ns3:TPX>
						</Extensions>
					</Trackpoint>
					<Trackpoint>
						<Time>2569-03-03T11:50:31Z</Time>
						<Position>
							<LatitudeDegrees>12.588342</LatitudeDegrees>
							<LongitudeDegrees>101.420004</LongitudeDegrees>
						</Position>
						<AltitudeMeters>8.210000</AltitudeMeters>
						<HeartRateBpm>
							<Value>101</Value>
						</HeartRateBpm>
						<Cadence>49</Cadence>
						<Extensions>
							<ns3:TPX>
								<ns3:Speed>0.960610</ns3:Speed>
							</ns3:TPX>
						</Extensions>
					</Trackpoint>
					<Trackpoint>
						<Time>2569-03-03T11:50:32Z</Time>
						<Position>
							<LatitudeDegrees>12.588343</LatitudeDegrees>
							<LongitudeDegrees>101.419994</LongitudeDegrees>
						</Position>
						<AltitudeMeters>8.270000</AltitudeMeters>
						<HeartRateBpm>
							<Value>101</Value>
						</HeartRateBpm>
						<Cadence>48</Cadence>
						<Extensions>
							<ns3:TPX>
								<ns3:Speed>0.958770</ns3:Speed>
							</ns3:TPX>
						</Extensions>
					</Trackpoint>
					<Trackpoint>
						<Time>2569-03-03T11:50:33Z</Time>
						<Position>
							<LatitudeDegrees>12.588345</LatitudeDegrees>
							<LongitudeDegrees>101.419984</LongitudeDegrees>
						</Position>
						<AltitudeMeters>8.420000</AltitudeMeters>
						<HeartRateBpm>
							<Value>101</Value>
						</HeartRateBpm>
						<Cadence>47</Cadence>
						<Extensions>
							<ns3:TPX>
								<ns3:Speed>0.966180</ns3:Speed>
							</ns3:TPX>
						</Extensions>
					</Trackpoint>
					<Trackpoint>
						<Time>2569-03-03T11:50:35Z</Time>
						<Position>
							<LatitudeDegrees>12.588346</LatitudeDegrees>
							<LongitudeDegrees>101.419975</LongitudeDegrees>
						</Position>
						<AltitudeMeters>8.690000</AltitudeMeters>
						<HeartRateBpm>
							<Value>102</Value>
						</HeartRateBpm>
						<Cadence>47</Cadence>
						<Extensions>
							<ns3:TPX>
								<ns3:Speed>0.977520</ns3:Speed>
							</ns3:TPX>
						</Extensions>
					</Trackpoint>
					<Trackpoint>
						<Time>2569-03-03T11:50:36Z</Time>
						<Position>
							<LatitudeDegrees>12.588347</LatitudeDegrees>
							<LongitudeDegrees>101.419956</LongitudeDegrees>
						</Position>
						<AltitudeMeters>8.770000</AltitudeMeters>
						<HeartRateBpm>
							<Value>102</Value>
						</HeartRateBpm>
						<Cadence>48</Cadence>
						<Extensions>
							<ns3:TPX>
								<ns3:Speed>0.979430</ns3:Speed>
							</ns3:TPX>
						</Extensions>
					</Trackpoint>
					<Trackpoint>
						<Time>2569-03-03T11:50:36Z</Time>
						<Position>
							<LatitudeDegrees>12.588347</LatitudeDegrees>
							<LongitudeDegrees>101.419956</LongitudeDegrees>
						</Position>
						<AltitudeMeters>8.770000</AltitudeMeters>
						<HeartRateBpm>
							<Value>102</Value>
						</HeartRateBpm>
						<Cadence>48</Cadence>
						<Extensions>
							<ns3:TPX>
								<ns3:Speed>0.979430</ns3:Speed>
							</ns3:TPX>
						</Extensions>
					</Trackpoint>
					<Trackpoint>
						<Time>2569-03-03T11:50:38Z</Time>
						<Position>
							<LatitudeDegrees>12.588347</LatitudeDegrees>
							<LongitudeDegrees>101.419946</LongitudeDegrees>
						</Position>
						<AltitudeMeters>9.110000</AltitudeMeters>
						<HeartRateBpm>
							<Value>101</Value>
						</HeartRateBpm>
						<Cadence>50</Cadence>
						<Extensions>
							<ns3:TPX>
								<ns3:Speed>0.981350</ns3:Speed>
							</ns3:TPX>
						</Extensions>
					</Trackpoint>
					<Trackpoint>
						<Time>2569-03-03T11:50:39Z</Time>
						<Position>
							<LatitudeDegrees>12.588346</LatitudeDegrees>
							<LongitudeDegrees>101.419937</LongitudeDegrees>
						</Position>
						<AltitudeMeters>9.230000</AltitudeMeters>
						<HeartRateBpm>
							<Value>101</Value>
						</HeartRateBpm>
						<Cadence>50</Cadence>
						<Extensions>
							<ns3:TPX>
								<ns3:Speed>0.988140</ns3:Speed>
							</ns3:TPX>
						</Extensions>
					</Trackpoint>
					<Trackpoint>
						<Time>2569-03-03T11:50:40Z</Time>
						<Position>
							<LatitudeDegrees>12.588344</LatitudeDegrees>
							<LongitudeDegrees>101.419929</LongitudeDegrees>
						</Position>
						<AltitudeMeters>9.360000</AltitudeMeters>
						<HeartRateBpm>
							<Value>101</Value>
						</HeartRateBpm>
						<Cadence>50</Cadence>
						<Extensions>
							<ns3:TPX>
								<ns3:Speed>0.991080</ns3:Speed>
							</ns3:TPX>
						</Extensions>
					</Trackpoint>
					<Trackpoint>
						<Time>2569-03-03T11:50:41Z</Time>
						<Position>
							<LatitudeDegrees>12.588342</LatitudeDegrees>
							<LongitudeDegrees>101.419920</LongitudeDegrees>
						</Position>
						<AltitudeMeters>9.540000</AltitudeMeters>
						<HeartRateBpm>
							<Value>102</Value>
						</HeartRateBpm>
						<Cadence>49</Cadence>
						<Extensions>
							<ns3:TPX>
								<ns3:Speed>0.994040</ns3:Speed>
							</ns3:TPX>
						</Extensions>
					</Trackpoint>
					<Trackpoint>
						<Time>2569-03-03T11:50:42Z</Time>
						<Position>
							<LatitudeDegrees>12.588340</LatitudeDegrees>
							<LongitudeDegrees>101.419911</LongitudeDegrees>
						</Position>
						<AltitudeMeters>9.680000</AltitudeMeters>
						<HeartRateBpm>
							<Value>103</Value>
						</HeartRateBpm>
						<Cadence>49</Cadence>
						<Extensions>
							<ns3:TPX>
								<ns3:Speed>0.992060</ns3:Speed>
							</ns3:TPX>
						</Extensions>
					</Trackpoint>
					<Trackpoint>
						<Time>2569-03-03T11:50:43Z</Time>
						<Position>
							<LatitudeDegrees>12.588336</LatitudeDegrees>
							<LongitudeDegrees>101.419903</LongitudeDegrees>
						</Position>
						<AltitudeMeters>9.810000</AltitudeMeters>
						<HeartRateBpm>
							<Value>103</Value>
						</HeartRateBpm>
						<Cadence>49</Cadence>
						<Extensions>
							<ns3:TPX>
								<ns3:Speed>0.993050</ns3:Speed>
							</ns3:TPX>
						</Extensions>
					</Trackpoint>
					<Trackpoint>
						<Time>2569-03-03T11:50:44Z</Time>
						<Position>
							<LatitudeDegrees>12.588332</LatitudeDegrees>
							<LongitudeDegrees>101.419894</LongitudeDegrees>
						</Position>
						<AltitudeMeters>9.950000</AltitudeMeters>
						<HeartRateBpm>
							<Value>103</Value>
						</HeartRateBpm>
						<Cadence>48</Cadence>
						<Extensions>
							<ns3:TPX>
								<ns3:Speed>0.994040</ns3:Speed>
							</ns3:TPX>
						</Extensions>
					</Trackpoint>
					<Trackpoint>
						<Time>2569-03-03T11:50:45Z</Time>
						<Position>
							<LatitudeDegrees>12.588325</LatitudeDegrees>
							<LongitudeDegrees>101.419880</LongitudeDegrees>
						</Position>
						<AltitudeMeters>10.090000</AltitudeMeters>
						<HeartRateBpm>
							<Value>103</Value>
						</HeartRateBpm>
						<Cadence>48</Cadence>
						<Extensions>
							<ns3:TPX>
								<ns3:Speed>0.994040</ns3:Speed>
							</ns3:TPX>
						</Extensions>
					</Trackpoint>
					<Trackpoint>
						<Time>2569-03-03T11:50:45Z</Time>
						<Position>
							<LatitudeDegrees>12.588325</LatitudeDegrees>
							<LongitudeDegrees>101.419880</LongitudeDegrees>
						</Position>
						<AltitudeMeters>10.090000</AltitudeMeters>
						<HeartRateBpm>
							<Value>103</Value>
						</HeartRateBpm>
						<Cadence>48</Cadence>
						<Extensions>
							<ns3:TPX>
								<ns3:Speed>0.994040</ns3:Speed>
							</ns3:TPX>
						</Extensions>
					</Trackpoint>
					<Trackpoint>
						<Time>2569-03-03T11:50:47Z</Time>
						<Position>
							<LatitudeDegrees>12.588320</LatitudeDegrees>
							<LongitudeDegrees>101.419874</LongitudeDegrees>
						</Position>
						<AltitudeMeters>10.370000</AltitudeMeters>
						<HeartRateBpm>
							<Value>103</Value>
						</HeartRateBpm>
						<Cadence>47</Cadence>
						<Extensions>
							<ns3:TPX>
								<ns3:Speed>0.993050</ns3:Speed>
							</ns3:TPX>
						</Extensions>
					</Trackpoint>
					<Trackpoint>
						<Time>2569-03-03T11:50:48Z</Time>
						<Position>
							<LatitudeDegrees>12.588311</LatitudeDegrees>
							<LongitudeDegrees>101.419861</LongitudeDegrees>
						</Position>
						<AltitudeMeters>10.520000</AltitudeMeters>
						<HeartRateBpm>
							<Value>103</Value>
						</HeartRateBpm>
						<Cadence>46</Cadence>
						<Extensions>
							<ns3:TPX>
								<ns3:Speed>0.991080</ns3:Speed>
							</ns3:TPX>
						</Extensions>
					</Trackpoint>
					<Trackpoint>
						<Time>2569-03-03T11:50:48Z</Time>
						<Position>
							<LatitudeDegrees>12.588311</LatitudeDegrees>
							<LongitudeDegrees>101.419861</LongitudeDegrees>
						</Position>
						<AltitudeMeters>10.520000</AltitudeMeters>
						<HeartRateBpm>
							<Value>103</Value>
						</HeartRateBpm>
						<Cadence>46</Cadence>
						<Extensions>
							<ns3:TPX>
								<ns3:Speed>0.991080</ns3:Speed>
							</ns3:TPX>
						</Extensions>
					</Trackpoint>
					<Trackpoint>
						<Time>2569-03-03T11:50:49Z</Time>
						<Position>
							<LatitudeDegrees>12.588306</LatitudeDegrees>
							<LongitudeDegrees>101.419857</LongitudeDegrees>
						</Position>
						<AltitudeMeters>10.600000</AltitudeMeters>
						<HeartRateBpm>
							<Value>104</Value>
						</HeartRateBpm>
						<Cadence>46</Cadence>
						<Extensions>
							<ns3:TPX>
								<ns3:Speed>0.986190</ns3:Speed>
							</ns3:TPX>
						</Extensions>
					</Trackpoint>
					<Trackpoint>
						<Time>2569-03-03T11:50:50Z</Time>
						<Position>
							<LatitudeDegrees>12.588300</LatitudeDegrees>
							<LongitudeDegrees>101.419853</LongitudeDegrees>
						</Position>
						<AltitudeMeters>10.670000</AltitudeMeters>
						<HeartRateBpm>
							<Value>105</Value>
						</HeartRateBpm>
						<Cadence>46</Cadence>
						<Extensions>
							<ns3:TPX>
								<ns3:Speed>0.980390</ns3:Speed>
							</ns3:TPX>
						</Extensions>
					</Trackpoint>
					<Trackpoint>
						<Time>2569-03-03T11:50:52Z</Time>
						<Position>
							<LatitudeDegrees>12.588289</LatitudeDegrees>
							<LongitudeDegrees>101.419847</LongitudeDegrees>
						</Position>
						<AltitudeMeters>10.890000</AltitudeMeters>
						<HeartRateBpm>
							<Value>108</Value>
						</HeartRateBpm>
						<Cadence>46</Cadence>
						<Extensions>
							<ns3:TPX>
								<ns3:Speed>0.968990</ns3:Speed>
							</ns3:TPX>
						</Extensions>
					</Trackpoint>
					<Trackpoint>
						<Time>2569-03-03T11:50:52Z</Time>
						<Position>
							<LatitudeDegrees>12.588289</LatitudeDegrees>
							<LongitudeDegrees>101.419847</LongitudeDegrees>
						</Position>
						<AltitudeMeters>10.890000</AltitudeMeters>
						<HeartRateBpm>
							<Value>108</Value>
						</HeartRateBpm>
						<Cadence>46</Cadence>
						<Extensions>
							<ns3:TPX>
								<ns3:Speed>0.968990</ns3:Speed>
							</ns3:TPX>
						</Extensions>
					</Trackpoint>
					<Trackpoint>
						<Time>2569-03-03T11:50:54Z</Time>
						<Position>
							<LatitudeDegrees>12.588278</LatitudeDegrees>
							<LongitudeDegrees>101.419839</LongitudeDegrees>
						</Position>
						<AltitudeMeters>11.100000</AltitudeMeters>
						<HeartRateBpm>
							<Value>110</Value>
						</HeartRateBpm>
						<Cadence>46</Cadence>
						<Extensions>
							<ns3:TPX>
								<ns3:Speed>0.954200</ns3:Speed>
							</ns3:TPX>
						</Extensions>
					</Trackpoint>
					<Trackpoint>
						<Time>2569-03-03T11:50:54Z</Time>
						<Position>
							<LatitudeDegrees>12.588278</LatitudeDegrees>
							<LongitudeDegrees>101.419839</LongitudeDegrees>
						</Position>
						<AltitudeMeters>11.100000</AltitudeMeters>
						<HeartRateBpm>
							<Value>110</Value>
						</HeartRateBpm>
						<Cadence>46</Cadence>
						<Extensions>
							<ns3:TPX>
								<ns3:Speed>0.954200</ns3:Speed>
							</ns3:TPX>
						</Extensions>
					</Trackpoint>
					<Trackpoint>
						<Time>2569-03-03T11:50:55Z</Time>
						<Position>
							<LatitudeDegrees>12.588272</LatitudeDegrees>
							<LongitudeDegrees>101.419835</LongitudeDegrees>
						</Position>
						<AltitudeMeters>11.180000</AltitudeMeters>
						<HeartRateBpm>
							<Value>112</Value>
						</HeartRateBpm>
						<Cadence>46</Cadence>
						<Extensions>
							<ns3:TPX>
								<ns3:Speed>0.946070</ns3:Speed>
							</ns3:TPX>
						</Extensions>
					</Trackpoint>
					<Trackpoint>
						<Time>2569-03-03T11:50:56Z</Time>
						<Position>
							<LatitudeDegrees>12.588266</LatitudeDegrees>
							<LongitudeDegrees>101.419831</LongitudeDegrees>
						</Position>
						<AltitudeMeters>11.320000</AltitudeMeters>
						<HeartRateBpm>
							<Value>113</Value>
						</HeartRateBpm>
						<Cadence>46</Cadence>
						<Extensions>
							<ns3:TPX>
								<ns3:Speed>0.938090</ns3:Speed>
							</ns3:TPX>
						</Extensions>
					</Trackpoint>
					<Trackpoint>
						<Time>2569-03-03T11:50:58Z</Time>
						<Position>
							<LatitudeDegrees>12.588261</LatitudeDegrees>
							<LongitudeDegrees>101.419828</LongitudeDegrees>
						</Position>
						<AltitudeMeters>11.520000</AltitudeMeters>
						<HeartRateBpm>
							<Value>115</Value>
						</HeartRateBpm>
						<Cadence>45</Cadence>
						<Extensions>
							<ns3:TPX>
								<ns3:Speed>0.922510</ns3:Speed>
							</ns3:TPX>
						</Extensions>
					</Trackpoint>
					<Trackpoint>
						<Time>2569-03-03T11:50:59Z</Time>
						<Position>
							<LatitudeDegrees>12.588247</LatitudeDegrees>
							<LongitudeDegrees>101.419817</LongitudeDegrees>
						</Position>
						<AltitudeMeters>11.650000</AltitudeMeters>
						<HeartRateBpm>
							<Value>116</Value>
						</HeartRateBpm>
						<Cadence>45</Cadence>
						<Extensions>
							<ns3:TPX>
								<ns3:Speed>0.914910</ns3:Speed>
							</ns3:TPX>
						</Extensions>
					</Trackpoint>
					<Trackpoint>
						<Time>2569-03-03T11:50:59Z</Time>
						<Position>
							<LatitudeDegrees>12.588247</LatitudeDegrees>
							<LongitudeDegrees>101.419817</LongitudeDegrees>
						</Position>
						<AltitudeMeters>11.650000</AltitudeMeters>
						<HeartRateBpm>
							<Value>116</Value>
						</HeartRateBpm>
						<Cadence>45</Cadence>
						<Extensions>
							<ns3:TPX>
								<ns3:Speed>0.914910</ns3:Speed>
							</ns3:TPX>
						</Extensions>
					</Trackpoint>
					<Trackpoint>
						<Time>2569-03-03T11:51:01Z</Time>
						<Position>
							<LatitudeDegrees>12.588240</LatitudeDegrees>
							<LongitudeDegrees>101.419812</LongitudeDegrees>
						</Position>
						<AltitudeMeters>11.920000</AltitudeMeters>
						<HeartRateBpm>
							<Value>114</Value>
						</HeartRateBpm>
						<Cadence>45</Cadence>
						<Extensions>
							<ns3:TPX>
								<ns3:Speed>0.903340</ns3:Speed>
							</ns3:TPX>
						</Extensions>
					</Trackpoint>
					<Trackpoint>
						<Time>2569-03-03T11:51:02Z</Time>
						<Position>
							<LatitudeDegrees>12.588228</LatitudeDegrees>
							<LongitudeDegrees>101.419803</LongitudeDegrees>
						</Position>
						<AltitudeMeters>12.050000</AltitudeMeters>
						<HeartRateBpm>
							<Value>113</Value>
						</HeartRateBpm>
						<Cadence>46</Cadence>
						<Extensions>
							<ns3:TPX>
								<ns3:Speed>0.899280</ns3:Speed>
							</ns3:TPX>
						</Extensions>
					</Trackpoint>
					<Trackpoint>
						<Time>2569-03-03T11:51:02Z</Time>
						<Position>
							<LatitudeDegrees>12.588228</LatitudeDegrees>
							<LongitudeDegrees>101.419803</LongitudeDegrees>
						</Position>
						<AltitudeMeters>12.050000</AltitudeMeters>
						<HeartRateBpm>
							<Value>113</Value>
						</HeartRateBpm>
						<Cadence>46</Cadence>
						<Extensions>
							<ns3:TPX>
								<ns3:Speed>0.899280</ns3:Speed>
							</ns3:TPX>
						</Extensions>
					</Trackpoint>
					<Trackpoint>
						<Time>2569-03-03T11:51:03Z</Time>
						<Position>
							<LatitudeDegrees>12.588222</LatitudeDegrees>
							<LongitudeDegrees>101.419799</LongitudeDegrees>
						</Position>
						<AltitudeMeters>12.190000</AltitudeMeters>
						<HeartRateBpm>
							<Value>112</Value>
						</HeartRateBpm>
						<Cadence>46</Cadence>
						<Extensions>
							<ns3:TPX>
								<ns3:Speed>0.896060</ns3:Speed>
							</ns3:TPX>
						</Extensions>
					</Trackpoint>
					<Trackpoint>
						<Time>2569-03-03T11:51:04Z</Time>
						<Position>
							<LatitudeDegrees>12.588215</LatitudeDegrees>
							<LongitudeDegrees>101.419795</LongitudeDegrees>
						</Position>
						<AltitudeMeters>12.250000</AltitudeMeters>
						<HeartRateBpm>
							<Value>112</Value>
						</HeartRateBpm>
						<Cadence>46</Cadence>
						<Extensions>
							<ns3:TPX>
								<ns3:Speed>0.892860</ns3:Speed>
							</ns3:TPX>
						</Extensions>
					</Trackpoint>
					<Trackpoint>
						<Time>2569-03-03T11:51:06Z</Time>
						<Position>
							<LatitudeDegrees>12.588208</LatitudeDegrees>
							<LongitudeDegrees>101.419791</LongitudeDegrees>
						</Position>
						<AltitudeMeters>12.500000</AltitudeMeters>
						<HeartRateBpm>
							<Value>113</Value>
						</HeartRateBpm>
						<Cadence>46</Cadence>
						<Extensions>
							<ns3:TPX>
								<ns3:Speed>0.886520</ns3:Speed>
							</ns3:TPX>
						</Extensions>
					</Trackpoint>
					<Trackpoint>
						<Time>2569-03-03T11:51:07Z</Time>
						<Position>
							<LatitudeDegrees>12.588190</LatitudeDegrees>
							<LongitudeDegrees>101.419781</LongitudeDegrees>
						</Position>
						<AltitudeMeters>12.630000</AltitudeMeters>
						<HeartRateBpm>
							<Value>114</Value>
						</HeartRateBpm>
						<Cadence>45</Cadence>
						<Extensions>
							<ns3:TPX>
								<ns3:Speed>0.883390</ns3:Speed>
							</ns3:TPX>
						</Extensions>
					</Trackpoint>
					<Trackpoint>
						<Time>2569-03-03T11:51:07Z</Time>
						<Position>
							<LatitudeDegrees>12.588190</LatitudeDegrees>
							<LongitudeDegrees>101.419781</LongitudeDegrees>
						</Position>
						<AltitudeMeters>12.630000</AltitudeMeters>
						<HeartRateBpm>
							<Value>114</Value>
						</HeartRateBpm>
						<Cadence>45</Cadence>
						<Extensions>
							<ns3:TPX>
								<ns3:Speed>0.883390</ns3:Speed>
							</ns3:TPX>
						</Extensions>
					</Trackpoint>
					<Trackpoint>
						<Time>2569-03-03T11:51:09Z</Time>
						<Position>
							<LatitudeDegrees>12.588181</LatitudeDegrees>
							<LongitudeDegrees>101.419776</LongitudeDegrees>
						</Position>
						<AltitudeMeters>13.020000</AltitudeMeters>
						<HeartRateBpm>
							<Value>116</Value>
						</HeartRateBpm>
						<Cadence>46</Cadence>
						<Extensions>
							<ns3:TPX>
								<ns3:Speed>0.876420</ns3:Speed>
							</ns3:TPX>
						</Extensions>
					</Trackpoint>
					<Trackpoint>
						<Time>2569-03-03T11:51:10Z</Time>
						<Position>
							<LatitudeDegrees>12.588172</LatitudeDegrees>
							<LongitudeDegrees>101.419772</LongitudeDegrees>
						</Position>
						<AltitudeMeters>13.230000</AltitudeMeters>
						<HeartRateBpm>
							<Value>116</Value>
						</HeartRateBpm>
						<Cadence>46</Cadence>
						<Extensions>
							<ns3:TPX>
								<ns3:Speed>0.871080</ns3:Speed>
							</ns3:TPX>
						</Extensions>
					</Trackpoint>
					<Trackpoint>
						<Time>2569-03-03T11:51:11Z</Time>
						<Position>
							<LatitudeDegrees>12.588157</LatitudeDegrees>
							<LongitudeDegrees>101.419765</LongitudeDegrees>
						</Position>
						<AltitudeMeters>13.360000</AltitudeMeters>
						<HeartRateBpm>
							<Value>116</Value>
						</HeartRateBpm>
						<Cadence>46</Cadence>
						<Extensions>
							<ns3:TPX>
								<ns3:Speed>0.865800</ns3:Speed>
							</ns3:TPX>
						</Extensions>
					</Trackpoint>
					<Trackpoint>
						<Time>2569-03-03T11:51:11Z</Time>
						<Position>
							<LatitudeDegrees>12.588157</LatitudeDegrees>
							<LongitudeDegrees>101.419765</LongitudeDegrees>
						</Position>
						<AltitudeMeters>13.360000</AltitudeMeters>
						<HeartRateBpm>
							<Value>116</Value>
						</HeartRateBpm>
						<Cadence>46</Cadence>
						<Extensions>
							<ns3:TPX>
								<ns3:Speed>0.865800</ns3:Speed>
							</ns3:TPX>
						</Extensions>
					</Trackpoint>
					<Trackpoint>
						<Time>2569-03-03T11:51:13Z</Time>
						<Position>
							<LatitudeDegrees>12.588148</LatitudeDegrees>
							<LongitudeDegrees>101.419761</LongitudeDegrees>
						</Position>
						<AltitudeMeters>13.780000</AltitudeMeters>
						<HeartRateBpm>
							<Value>116</Value>
						</HeartRateBpm>
						<Cadence>47</Cadence>
						<Extensions>
							<ns3:TPX>
								<ns3:Speed>0.856160</ns3:Speed>
							</ns3:TPX>
						</Extensions>
					</Trackpoint>
					<Trackpoint>
						<Time>2569-03-03T11:51:14Z</Time>
						<Position>
							<LatitudeDegrees>12.588140</LatitudeDegrees>
							<LongitudeDegrees>101.419759</LongitudeDegrees>
						</Position>
						<AltitudeMeters>15.220000</AltitudeMeters>
						<HeartRateBpm>
							<Value>116</Value>
						</HeartRateBpm>
						<Cadence>47</Cadence>
						<Extensions>
							<ns3:TPX>
								<ns3:Speed>0.852510</ns3:Speed>
							</ns3:TPX>
						</Extensions>
					</Trackpoint>
					<Trackpoint>
						<Time>2569-03-03T11:51:15Z</Time>
						<Position>
							<LatitudeDegrees>12.588131</LatitudeDegrees>
							<LongitudeDegrees>101.419758</LongitudeDegrees>
						</Position>
						<AltitudeMeters>15.930000</AltitudeMeters>
						<HeartRateBpm>
							<Value>117</Value>
						</HeartRateBpm>
						<Cadence>47</Cadence>
						<Extensions>
							<ns3:TPX>
								<ns3:Speed>0.851790</ns3:Speed>
							</ns3:TPX>
						</Extensions>
					</Trackpoint>
					<Trackpoint>
						<Time>2569-03-03T11:51:16Z</Time>
						<Position>
							<LatitudeDegrees>12.588121</LatitudeDegrees>
							<LongitudeDegrees>101.419758</LongitudeDegrees>
						</Position>
						<AltitudeMeters>15.990000</AltitudeMeters>
						<HeartRateBpm>
							<Value>117</Value>
						</HeartRateBpm>
						<Cadence>48</Cadence>
						<Extensions>
							<ns3:TPX>
								<ns3:Speed>0.853240</ns3:Speed>
							</ns3:TPX>
						</Extensions>
					</Trackpoint>
					<Trackpoint>
						<Time>2569-03-03T11:51:17Z</Time>
						<Position>
							<LatitudeDegrees>12.588110</LatitudeDegrees>
							<LongitudeDegrees>101.419758</LongitudeDegrees>
						</Position>
						<AltitudeMeters>16.140000</AltitudeMeters>
						<HeartRateBpm>
							<Value>117</Value>
						</HeartRateBpm>
						<Cadence>48</Cadence>
						<Extensions>
							<ns3:TPX>
								<ns3:Speed>0.854700</ns3:Speed>
							</ns3:TPX>
						</Extensions>
					</Trackpoint>
					<Trackpoint>
						<Time>2569-03-03T11:51:18Z</Time>
						<Position>
							<LatitudeDegrees>12.588090</LatitudeDegrees>
							<LongitudeDegrees>101.419759</LongitudeDegrees>
						</Position>
						<AltitudeMeters>16.380000</AltitudeMeters>
						<HeartRateBpm>
							<Value>118</Value>
						</HeartRateBpm>
						<Cadence>47</Cadence>
						<Extensions>
							<ns3:TPX>
								<ns3:Speed>0.853970</ns3:Speed>
							</ns3:TPX>
						</Extensions>
					</Trackpoint>
					<Trackpoint>
						<Time>2569-03-03T11:51:18Z</Time>
						<Position>
							<LatitudeDegrees>12.588090</LatitudeDegrees>
							<LongitudeDegrees>101.419759</LongitudeDegrees>
						</Position>
						<AltitudeMeters>16.380000</AltitudeMeters>
						<HeartRateBpm>
							<Value>118</Value>
						</HeartRateBpm>
						<Cadence>47</Cadence>
						<Extensions>
							<ns3:TPX>
								<ns3:Speed>0.853970</ns3:Speed>
							</ns3:TPX>
						</Extensions>
					</Trackpoint>
					<Trackpoint>
						<Time>2569-03-03T11:51:20Z</Time>
						<Position>
							<LatitudeDegrees>12.588072</LatitudeDegrees>
							<LongitudeDegrees>101.419762</LongitudeDegrees>
						</Position>
						<AltitudeMeters>16.780000</AltitudeMeters>
						<HeartRateBpm>
							<Value>118</Value>
						</HeartRateBpm>
						<Cadence>46</Cadence>
						<Extensions>
							<ns3:TPX>
								<ns3:Speed>0.851060</ns3:Speed>
							</ns3:TPX>
						</Extensions>
					</Trackpoint>
					<Trackpoint>
						<Time>2569-03-03T11:51:20Z</Time>
						<Position>
							<LatitudeDegrees>12.588072</LatitudeDegrees>
							<LongitudeDegrees>101.419762</LongitudeDegrees>
						</Position>
						<AltitudeMeters>16.780000</AltitudeMeters>
						<HeartRateBpm>
							<Value>118</Value>
						</HeartRateBpm>
						<Cadence>46</Cadence>
						<Extensions>
							<ns3:TPX>
								<ns3:Speed>0.851060</ns3:Speed>
							</ns3:TPX>
						</Extensions>
					</Trackpoint>
					<Trackpoint>
						<Time>2569-03-03T11:51:21Z</Time>
						<Position>
							<LatitudeDegrees>12.588064</LatitudeDegrees>
							<LongitudeDegrees>101.419764</LongitudeDegrees>
						</Position>
						<AltitudeMeters>16.930000</AltitudeMeters>
						<HeartRateBpm>
							<Value>118</Value>
						</HeartRateBpm>
						<Cadence>46</Cadence>
						<Extensions>
							<ns3:TPX>
								<ns3:Speed>0.849620</ns3:Speed>
							</ns3:TPX>
						</Extensions>
					</Trackpoint>
					<Trackpoint>
						<Time>2569-03-03T11:51:23Z</Time>
						<Position>
							<LatitudeDegrees>12.588056</LatitudeDegrees>
							<LongitudeDegrees>101.419765</LongitudeDegrees>
						</Position>
						<AltitudeMeters>17.140000</AltitudeMeters>
						<HeartRateBpm>
							<Value>118</Value>
						</HeartRateBpm>
						<Cadence>46</Cadence>
						<Extensions>
							<ns3:TPX>
								<ns3:Speed>0.849620</ns3:Speed>
							</ns3:TPX>
						</Extensions>
					</Trackpoint>
					<Trackpoint>
						<Time>2569-03-03T11:51:24Z</Time>
						<Position>
							<LatitudeDegrees>12.588041</LatitudeDegrees>
							<LongitudeDegrees>101.419767</LongitudeDegrees>
						</Position>
						<AltitudeMeters>17.280000</AltitudeMeters>
						<HeartRateBpm>
							<Value>118</Value>
						</HeartRateBpm>
						<Cadence>46</Cadence>
						<Extensions>
							<ns3:TPX>
								<ns3:Speed>0.852510</ns3:Speed>
							</ns3:TPX>
						</Extensions>
					</Trackpoint>
					<Trackpoint>
						<Time>2569-03-03T11:51:24Z</Time>
						<Position>
							<LatitudeDegrees>12.588041</LatitudeDegrees>
							<LongitudeDegrees>101.419767</LongitudeDegrees>
						</Position>
						<AltitudeMeters>17.280000</AltitudeMeters>
						<HeartRateBpm>
							<Value>118</Value>
						</HeartRateBpm>
						<Cadence>46</Cadence>
						<Extensions>
							<ns3:TPX>
								<ns3:Speed>0.852510</ns3:Speed>
							</ns3:TPX>
						</Extensions>
					</Trackpoint>
					<Trackpoint>
						<Time>2569-03-03T11:51:26Z</Time>
						<Position>
							<LatitudeDegrees>12.588028</LatitudeDegrees>
							<LongitudeDegrees>101.419769</LongitudeDegrees>
						</Position>
						<AltitudeMeters>17.570000</AltitudeMeters>
						<HeartRateBpm>
							<Value>118</Value>
						</HeartRateBpm>
						<Cadence>45</Cadence>
						<Extensions>
							<ns3:TPX>
								<ns3:Speed>0.854700</ns3:Speed>
							</ns3:TPX>
						</Extensions>
					</Trackpoint>
					<Trackpoint>
						<Time>2569-03-03T11:51:26Z</Time>
						<Position>
							<LatitudeDegrees>12.588028</LatitudeDegrees>
							<LongitudeDegrees>101.419769</LongitudeDegrees>
						</Position>
						<AltitudeMeters>17.570000</AltitudeMeters>
						<HeartRateBpm>
							<Value>118</Value>
						</HeartRateBpm>
						<Cadence>45</Cadence>
						<Extensions>
							<ns3:TPX>
								<ns3:Speed>0.854700</ns3:Speed>
							</ns3:TPX>
						</Extensions>
					</Trackpoint>
					<Trackpoint>
						<Time>2569-03-03T11:51:28Z</Time>
						<Position>
							<LatitudeDegrees>12.588017</LatitudeDegrees>
							<LongitudeDegrees>101.419772</LongitudeDegrees>
						</Position>
						<AltitudeMeters>17.760000</AltitudeMeters>
						<HeartRateBpm>
							<Value>119</Value>
						</HeartRateBpm>
						<Cadence>45</Cadence>
						<Extensions>
							<ns3:TPX>
								<ns3:Speed>0.853240</ns3:Speed>
							</ns3:TPX>
						</Extensions>
					</Trackpoint>
					<Trackpoint>
						<Time>2569-03-03T11:51:28Z</Time>
						<Position>
							<LatitudeDegrees>12.588017</LatitudeDegrees>
							<LongitudeDegrees>101.419772</LongitudeDegrees>
						</Position>
						<AltitudeMeters>17.760000</AltitudeMeters>
						<HeartRateBpm>
							<Value>119</Value>
						</HeartRateBpm>
						<Cadence>45</Cadence>
						<Extensions>
							<ns3:TPX>
								<ns3:Speed>0.853240</ns3:Speed>
							</ns3:TPX>
						</Extensions>
					</Trackpoint>
					<Trackpoint>
						<Time>2569-03-03T11:51:30Z</Time>
						<Position>
							<LatitudeDegrees>12.588011</LatitudeDegrees>
							<LongitudeDegrees>101.419774</LongitudeDegrees>
						</Position>
						<AltitudeMeters>17.940000</AltitudeMeters>
						<HeartRateBpm>
							<Value>118</Value>
						</HeartRateBpm>
						<Cadence>45</Cadence>
						<Extensions>
							<ns3:TPX>
								<ns3:Speed>0.847460</ns3:Speed>
							</ns3:TPX>
						</Extensions>
					</Trackpoint>
					<Trackpoint>
						<Time>2569-03-03T11:51:31Z</Time>
						<Position>
							<LatitudeDegrees>12.588005</LatitudeDegrees>
							<LongitudeDegrees>101.419776</LongitudeDegrees>
						</Position>
						<AltitudeMeters>17.990000</AltitudeMeters>
						<HeartRateBpm>
							<Value>117</Value>
						</HeartRateBpm>
						<Cadence>45</Cadence>
						<Extensions>
							<ns3:TPX>
								<ns3:Speed>0.843170</ns3:Speed>
							</ns3:TPX>
						</Extensions>
					</Trackpoint>
					<Trackpoint>
						<Time>2569-03-03T11:51:32Z</Time>
						<Position>
							<LatitudeDegrees>12.587999</LatitudeDegrees>
							<LongitudeDegrees>101.419778</LongitudeDegrees>
						</Position>
						<AltitudeMeters>17.990000</AltitudeMeters>
						<HeartRateBpm>
							<Value>117</Value>
						</HeartRateBpm>
						<Cadence>46</Cadence>
						<Extensions>
							<ns3:TPX>
								<ns3:Speed>0.838220</ns3:Speed>
							</ns3:TPX>
						</Extensions>
					</Trackpoint>
					<Trackpoint>
						<Time>2569-03-03T11:51:33Z</Time>
						<Position>
							<LatitudeDegrees>12.587988</LatitudeDegrees>
							<LongitudeDegrees>101.419779</LongitudeDegrees>
						</Position>
						<AltitudeMeters>18.050000</AltitudeMeters>
						<HeartRateBpm>
							<Value>119</Value>
						</HeartRateBpm>
						<Cadence>47</Cadence>
						<Extensions>
							<ns3:TPX>
								<ns3:Speed>0.832640</ns3:Speed>
							</ns3:TPX>
						</Extensions>
					</Trackpoint>
					<Trackpoint>
						<Time>2569-03-03T11:51:33Z</Time>
						<Position>
							<LatitudeDegrees>12.587988</LatitudeDegrees>
							<LongitudeDegrees>101.419779</LongitudeDegrees>
						</Position>
						<AltitudeMeters>18.050000</AltitudeMeters>
						<HeartRateBpm>
							<Value>119</Value>
						</HeartRateBpm>
						<Cadence>47</Cadence>
						<Extensions>
							<ns3:TPX>
								<ns3:Speed>0.832640</ns3:Speed>
							</ns3:TPX>
						</Extensions>
					</Trackpoint>
					<Trackpoint>
						<Time>2569-03-03T11:51:35Z</Time>
						<Position>
							<LatitudeDegrees>12.587982</LatitudeDegrees>
							<LongitudeDegrees>101.419778</LongitudeDegrees>
						</Position>
						<AltitudeMeters>18.240000</AltitudeMeters>
						<HeartRateBpm>
							<Value>121</Value>
						</HeartRateBpm>
						<Cadence>47</Cadence>
						<Extensions>
							<ns3:TPX>
								<ns3:Speed>0.822370</ns3:Speed>
							</ns3:TPX>
						</Extensions>
					</Trackpoint>
					<Trackpoint>
						<Time>2569-03-03T11:51:36Z</Time>
						<Position>
							<LatitudeDegrees>12.587975</LatitudeDegrees>
							<LongitudeDegrees>101.419777</LongitudeDegrees>
						</Position>
						<AltitudeMeters>18.290000</AltitudeMeters>
						<HeartRateBpm>
							<Value>122</Value>
						</HeartRateBpm>
						<Cadence>47</Cadence>
						<Extensions>
							<ns3:TPX>
								<ns3:Speed>0.816990</ns3:Speed>
							</ns3:TPX>
						</Extensions>
					</Trackpoint>
					<Trackpoint>
						<Time>2569-03-03T11:51:37Z</Time>
						<Position>
							<LatitudeDegrees>12.587967</LatitudeDegrees>
							<LongitudeDegrees>101.419776</LongitudeDegrees>
						</Position>
						<AltitudeMeters>18.350000</AltitudeMeters>
						<HeartRateBpm>
							<Value>123</Value>
						</HeartRateBpm>
						<Cadence>47</Cadence>
						<Extensions>
							<ns3:TPX>
								<ns3:Speed>0.812350</ns3:Speed>
							</ns3:TPX>
						</Extensions>
					</Trackpoint>
					<Trackpoint>
						<Time>2569-03-03T11:51:38Z</Time>
						<Position>
							<LatitudeDegrees>12.587960</LatitudeDegrees>
							<LongitudeDegrees>101.419776</LongitudeDegrees>
						</Position>
						<AltitudeMeters>18.410000</AltitudeMeters>
						<HeartRateBpm>
							<Value>123</Value>
						</HeartRateBpm>
						<Cadence>47</Cadence>
						<Extensions>
							<ns3:TPX>
								<ns3:Speed>0.807100</ns3:Speed>
							</ns3:TPX>
						</Extensions>
					</Trackpoint>
					<Trackpoint>
						<Time>2569-03-03T11:51:39Z</Time>
						<Position>
							<LatitudeDegrees>12.587954</LatitudeDegrees>
							<LongitudeDegrees>101.419775</LongitudeDegrees>
						</Position>
						<AltitudeMeters>18.520000</AltitudeMeters>
						<HeartRateBpm>
							<Value>123</Value>
						</HeartRateBpm>
						<Cadence>47</Cadence>
						<Extensions>
							<ns3:TPX>
								<ns3:Speed>0.803210</ns3:Speed>
							</ns3:TPX>
						</Extensions>
					</Trackpoint>
					<Trackpoint>
						<Time>2569-03-03T11:51:40Z</Time>
						<Position>
							<LatitudeDegrees>12.587942</LatitudeDegrees>
							<LongitudeDegrees>101.419774</LongitudeDegrees>
						</Position>
						<AltitudeMeters>18.530000</AltitudeMeters>
						<HeartRateBpm>
							<Value>125</Value>
						</HeartRateBpm>
						<Cadence>47</Cadence>
						<Extensions>
							<ns3:TPX>
								<ns3:Speed>0.799360</ns3:Speed>
							</ns3:TPX>
						</Extensions>
					</Trackpoint>
					<Trackpoint>
						<Time>2569-03-03T11:51:40Z</Time>
						<Position>
							<LatitudeDegrees>12.587942</LatitudeDegrees>
							<LongitudeDegrees>101.419774</LongitudeDegrees>
						</Position>
						<AltitudeMeters>18.530000</AltitudeMeters>
						<HeartRateBpm>
							<Value>125</Value>
						</HeartRateBpm>
						<Cadence>47</Cadence>
						<Extensions>
							<ns3:TPX>
								<ns3:Speed>0.799360</ns3:Speed>
							</ns3:TPX>
						</Extensions>
					</Trackpoint>
					<Trackpoint>
						<Time>2569-03-03T11:51:42Z</Time>
						<Position>
							<LatitudeDegrees>12.587935</LatitudeDegrees>
							<LongitudeDegrees>101.419774</LongitudeDegrees>
						</Position>
						<AltitudeMeters>18.760000</AltitudeMeters>
						<HeartRateBpm>
							<Value>125</Value>
						</HeartRateBpm>
						<Cadence>47</Cadence>
						<Extensions>
							<ns3:TPX>
								<ns3:Speed>0.793020</ns3:Speed>
							</ns3:TPX>
						</Extensions>
					</Trackpoint>
					<Trackpoint>
						<Time>2569-03-03T11:51:43Z</Time>
						<Position>
							<LatitudeDegrees>12.587927</LatitudeDegrees>
							<LongitudeDegrees>101.419773</LongitudeDegrees>
						</Position>
						<AltitudeMeters>18.870000</AltitudeMeters>
						<HeartRateBpm>
							<Value>125</Value>
						</HeartRateBpm>
						<Cadence>46</Cadence>
						<Extensions>
							<ns3:TPX>
								<ns3:Speed>0.790510</ns3:Speed>
							</ns3:TPX>
						</Extensions>
					</Trackpoint>
					<Trackpoint>
						<Time>2569-03-03T11:51:44Z</Time>
						<Position>
							<LatitudeDegrees>12.587909</LatitudeDegrees>
							<LongitudeDegrees>101.419773</LongitudeDegrees>
						</Position>
						<AltitudeMeters>18.970000</AltitudeMeters>
						<HeartRateBpm>
							<Value>125</Value>
						</HeartRateBpm>
						<Cadence>46</Cadence>
						<Extensions>
							<ns3:TPX>
								<ns3:Speed>0.789270</ns3:Speed>
							</ns3:TPX>
						</Extensions>
					</Trackpoint>
					<Trackpoint>
						<Time>2569-03-03T11:51:44Z</Time>
						<Position>
							<LatitudeDegrees>12.587909</LatitudeDegrees>
							<LongitudeDegrees>101.419773</LongitudeDegrees>
						</Position>
						<AltitudeMeters>18.970000</AltitudeMeters>
						<HeartRateBpm>
							<Value>125</Value>
						</HeartRateBpm>
						<Cadence>46</Cadence>
						<Extensions>
							<ns3:TPX>
								<ns3:Speed>0.789270</ns3:Speed>
							</ns3:TPX>
						</Extensions>
					</Trackpoint>
					<Trackpoint>
						<Time>2569-03-03T11:51:46Z</Time>
						<Position>
							<LatitudeDegrees>12.587895</LatitudeDegrees>
							<LongitudeDegrees>101.419772</LongitudeDegrees>
						</Position>
						<AltitudeMeters>18.980000</AltitudeMeters>
						<HeartRateBpm>
							<Value>125</Value>
						</HeartRateBpm>
						<Cadence>47</Cadence>
						<Extensions>
							<ns3:TPX>
								<ns3:Speed>0.787400</ns3:Speed>
							</ns3:TPX>
						</Extensions>
					</Trackpoint>
					<Trackpoint>
						<Time>2569-03-03T11:51:46Z</Time>
						<Position>
							<LatitudeDegrees>12.587895</LatitudeDegrees>
							<LongitudeDegrees>101.419772</LongitudeDegrees>
						</Position>
						<AltitudeMeters>18.980000</AltitudeMeters>
						<HeartRateBpm>
							<Value>125</Value>
						</HeartRateBpm>
						<Cadence>47</Cadence>
						<Extensions>
							<ns3:TPX>
								<ns3:Speed>0.787400</ns3:Speed>
							</ns3:TPX>
						</Extensions>
					</Trackpoint>
					<Trackpoint>
						<Time>2569-03-03T11:51:47Z</Time>
						<Position>
							<LatitudeDegrees>12.587887</LatitudeDegrees>
							<LongitudeDegrees>101.419770</LongitudeDegrees>
						</Position>
						<AltitudeMeters>19.030000</AltitudeMeters>
						<HeartRateBpm>
							<Value>125</Value>
						</HeartRateBpm>
						<Cadence>47</Cadence>
						<Extensions>
							<ns3:TPX>
								<ns3:Speed>0.787400</ns3:Speed>
							</ns3:TPX>
						</Extensions>
					</Trackpoint>
					<Trackpoint>
						<Time>2569-03-03T11:51:48Z</Time>
						<Position>
							<LatitudeDegrees>12.587878</LatitudeDegrees>
							<LongitudeDegrees>101.419768</LongitudeDegrees>
						</Position>
						<AltitudeMeters>19.140000</AltitudeMeters>
						<HeartRateBpm>
							<Value>125</Value>
						</HeartRateBpm>
						<Cadence>47</Cadence>
						<Extensions>
							<ns3:TPX>
								<ns3:Speed>0.787400</ns3:Speed>
							</ns3:TPX>
						</Extensions>
					</Trackpoint>
					<Trackpoint>
						<Time>2569-03-03T11:51:50Z</Time>
						<Position>
							<LatitudeDegrees>12.587861</LatitudeDegrees>
							<LongitudeDegrees>101.419759</LongitudeDegrees>
						</Position>
						<AltitudeMeters>19.300000</AltitudeMeters>
						<HeartRateBpm>
							<Value>126</Value>
						</HeartRateBpm>
						<Cadence>47</Cadence>
						<Extensions>
							<ns3:TPX>
								<ns3:Speed>0.790510</ns3:Speed>
							</ns3:TPX>
						</Extensions>
					</Trackpoint>
					<Trackpoint>
						<Time>2569-03-03T11:51:50Z</Time>
						<Position>
							<LatitudeDegrees>12.587861</LatitudeDegrees>
							<LongitudeDegrees>101.419759</LongitudeDegrees>
						</Position>
						<AltitudeMeters>19.300000</AltitudeMeters>
						<HeartRateBpm>
							<Value>126</Value>
						</HeartRateBpm>
						<Cadence>47</Cadence>
						<Extensions>
							<ns3:TPX>
								<ns3:Speed>0.790510</ns3:Speed>
							</ns3:TPX>
						</Extensions>
					</Trackpoint>
					<Trackpoint>
						<Time>2569-03-03T11:51:51Z</Time>
						<Position>
							<LatitudeDegrees>12.587854</LatitudeDegrees>
							<LongitudeDegrees>101.419754</LongitudeDegrees>
						</Position>
						<AltitudeMeters>19.370000</AltitudeMeters>
						<HeartRateBpm>
							<Value>126</Value>
						</HeartRateBpm>
						<Cadence>46</Cadence>
						<Extensions>
							<ns3:TPX>
								<ns3:Speed>0.793020</ns3:Speed>
							</ns3:TPX>
						</Extensions>
					</Trackpoint>
					<Trackpoint>
						<Time>2569-03-03T11:51:52Z</Time>
						<Position>
							<LatitudeDegrees>12.587847</LatitudeDegrees>
							<LongitudeDegrees>101.419748</LongitudeDegrees>
						</Position>
						<AltitudeMeters>19.490000</AltitudeMeters>
						<HeartRateBpm>
							<Value>126</Value>
						</HeartRateBpm>
						<Cadence>46</Cadence>
						<Extensions>
							<ns3:TPX>
								<ns3:Speed>0.796180</ns3:Speed>
							</ns3:TPX>
						</Extensions>
					</Trackpoint>
					<Trackpoint>
						<Time>2569-03-03T11:51:54Z</Time>
						<Position>
							<LatitudeDegrees>12.587832</LatitudeDegrees>
							<LongitudeDegrees>101.419735</LongitudeDegrees>
						</Position>
						<AltitudeMeters>19.650000</AltitudeMeters>
						<HeartRateBpm>
							<Value>126</Value>
						</HeartRateBpm>
						<Cadence>46</Cadence>
						<Extensions>
							<ns3:TPX>
								<ns3:Speed>0.804510</ns3:Speed>
							</ns3:TPX>
						</Extensions>
					</Trackpoint>
					<Trackpoint>
						<Time>2569-03-03T11:51:54Z</Time>
						<Position>
							<LatitudeDegrees>12.587832</LatitudeDegrees>
							<LongitudeDegrees>101.419735</LongitudeDegrees>
						</Position>
						<AltitudeMeters>19.650000</AltitudeMeters>
						<HeartRateBpm>
							<Value>126</Value>
						</HeartRateBpm>
						<Cadence>46</Cadence>
						<Extensions>
							<ns3:TPX>
								<ns3:Speed>0.804510</ns3:Speed>
							</ns3:TPX>
						</Extensions>
					</Trackpoint>
					<Trackpoint>
						<Time>2569-03-03T11:51:56Z</Time>
						<Position>
							<LatitudeDegrees>12.587825</LatitudeDegrees>
							<LongitudeDegrees>101.419731</LongitudeDegrees>
						</Position>
						<AltitudeMeters>19.740000</AltitudeMeters>
						<HeartRateBpm>
							<Value>127</Value>
						</HeartRateBpm>
						<Cadence>46</Cadence>
						<Extensions>
							<ns3:TPX>
								<ns3:Speed>0.813670</ns3:Speed>
							</ns3:TPX>
						</Extensions>
					</Trackpoint>
					<Trackpoint>
						<Time>2569-03-03T11:51:57Z</Time>
						<Position>
							<LatitudeDegrees>12.587819</LatitudeDegrees>
							<LongitudeDegrees>101.419716</LongitudeDegrees>
						</Position>
						<AltitudeMeters>19.790000</AltitudeMeters>
						<HeartRateBpm>
							<Value>128</Value>
						</HeartRateBpm>
						<Cadence>46</Cadence>
						<Extensions>
							<ns3:TPX>
								<ns3:Speed>0.817660</ns3:Speed>
							</ns3:TPX>
						</Extensions>
					</Trackpoint>
					<Trackpoint>
						<Time>2569-03-03T11:51:57Z</Time>
						<Position>
							<LatitudeDegrees>12.587819</LatitudeDegrees>
							<LongitudeDegrees>101.419716</LongitudeDegrees>
						</Position>
						<AltitudeMeters>19.790000</AltitudeMeters>
						<HeartRateBpm>
							<Value>128</Value>
						</HeartRateBpm>
						<Cadence>46</Cadence>
						<Extensions>
							<ns3:TPX>
								<ns3:Speed>0.817660</ns3:Speed>
							</ns3:TPX>
						</Extensions>
					</Trackpoint>
					<Trackpoint>
						<Time>2569-03-03T11:51:58Z</Time>
						<Position>
							<LatitudeDegrees>12.587821</LatitudeDegrees>
							<LongitudeDegrees>101.419705</LongitudeDegrees>
						</Position>
						<AltitudeMeters>19.820000</AltitudeMeters>
						<HeartRateBpm>
							<Value>128</Value>
						</HeartRateBpm>
						<Cadence>45</Cadence>
						<Extensions>
							<ns3:TPX>
								<ns3:Speed>0.821690</ns3:Speed>
							</ns3:TPX>
						</Extensions>
					</Trackpoint>
					<Trackpoint>
						<Time>2569-03-03T11:51:59Z</Time>
						<Position>
							<LatitudeDegrees>12.587824</LatitudeDegrees>
							<LongitudeDegrees>101.419696</LongitudeDegrees>
						</Position>
						<AltitudeMeters>19.840000</AltitudeMeters>
						<HeartRateBpm>
							<Value>128</Value>
						</HeartRateBpm>
						<Cadence>45</Cadence>
						<Extensions>
							<ns3:TPX>
								<ns3:Speed>0.825760</ns3:Speed>
							</ns3:TPX>
						</Extensions>
					</Trackpoint>
					<Trackpoint>
						<Time>2569-03-03T11:52:00Z</Time>
						<Position>
							<LatitudeDegrees>12.587828</LatitudeDegrees>
							<LongitudeDegrees>101.419687</LongitudeDegrees>
						</Position>
						<AltitudeMeters>19.850000</AltitudeMeters>
						<HeartRateBpm>
							<Value>127</Value>
						</HeartRateBpm>
						<Cadence>44</Cadence>
						<Extensions>
							<ns3:TPX>
								<ns3:Speed>0.829190</ns3:Speed>
							</ns3:TPX>
						</Extensions>
					</Trackpoint>
					<Trackpoint>
						<Time>2569-03-03T11:52:01Z</Time>
						<Position>
							<LatitudeDegrees>12.587832</LatitudeDegrees>
							<LongitudeDegrees>101.419678</LongitudeDegrees>
						</Position>
						<AltitudeMeters>19.890000</AltitudeMeters>
						<HeartRateBpm>
							<Value>128</Value>
						</HeartRateBpm>
						<Cadence>44</Cadence>
						<Extensions>
							<ns3:TPX>
								<ns3:Speed>0.833330</ns3:Speed>
							</ns3:TPX>
						</Extensions>
					</Trackpoint>
					<Trackpoint>
						<Time>2569-03-03T11:52:02Z</Time>
						<Position>
							<LatitudeDegrees>12.587836</LatitudeDegrees>
							<LongitudeDegrees>101.419672</LongitudeDegrees>
						</Position>
						<AltitudeMeters>19.900000</AltitudeMeters>
						<HeartRateBpm>
							<Value>128</Value>
						</HeartRateBpm>
						<Cadence>44</Cadence>
						<Extensions>
							<ns3:TPX>
								<ns3:Speed>0.836120</ns3:Speed>
							</ns3:TPX>
						</Extensions>
					</Trackpoint>
					<Trackpoint>
						<Time>2569-03-03T11:52:03Z</Time>
						<Position>
							<LatitudeDegrees>12.587840</LatitudeDegrees>
							<LongitudeDegrees>101.419666</LongitudeDegrees>
						</Position>
						<AltitudeMeters>19.900000</AltitudeMeters>
						<HeartRateBpm>
							<Value>127</Value>
						</HeartRateBpm>
						<Cadence>45</Cadence>
						<Extensions>
							<ns3:TPX>
								<ns3:Speed>0.838930</ns3:Speed>
							</ns3:TPX>
						</Extensions>
					</Trackpoint>
					<Trackpoint>
						<Time>2569-03-03T11:52:04Z</Time>
						<Position>
							<LatitudeDegrees>12.587844</LatitudeDegrees>
							<LongitudeDegrees>101.419661</LongitudeDegrees>
						</Position>
						<AltitudeMeters>19.930000</AltitudeMeters>
						<HeartRateBpm>
							<Value>127</Value>
						</HeartRateBpm>
						<Cadence>46</Cadence>
						<Extensions>
							<ns3:TPX>
								<ns3:Speed>0.841750</ns3:Speed>
							</ns3:TPX>
						</Extensions>
					</Trackpoint>
					<Trackpoint>
						<Time>2569-03-03T11:52:05Z</Time>
						<Position>
							<LatitudeDegrees>12.587850</LatitudeDegrees>
							<LongitudeDegrees>101.419655</LongitudeDegrees>
						</Position>
						<AltitudeMeters>19.930000</AltitudeMeters>
						<HeartRateBpm>
							<Value>126</Value>
						</HeartRateBpm>
						<Cadence>47</Cadence>
						<Extensions>
							<ns3:TPX>
								<ns3:Speed>0.843170</ns3:Speed>
							</ns3:TPX>
						</Extensions>
					</Trackpoint>
					<Trackpoint>
						<Time>2569-03-03T11:52:06Z</Time>
						<Position>
							<LatitudeDegrees>12.587856</LatitudeDegrees>
							<LongitudeDegrees>101.419649</LongitudeDegrees>
						</Position>
						<AltitudeMeters>19.930000</AltitudeMeters>
						<HeartRateBpm>
							<Value>126</Value>
						</HeartRateBpm>
						<Cadence>48</Cadence>
						<Extensions>
							<ns3:TPX>
								<ns3:Speed>0.844590</ns3:Speed>
							</ns3:TPX>
						</Extensions>
					</Trackpoint>
					<Trackpoint>
						<Time>2569-03-03T11:52:07Z</Time>
						<Position>
							<LatitudeDegrees>12.587861</LatitudeDegrees>
							<LongitudeDegrees>101.419642</LongitudeDegrees>
						</Position>
						<AltitudeMeters>19.950000</AltitudeMeters>
						<HeartRateBpm>
							<Value>125</Value>
						</HeartRateBpm>
						<Cadence>48</Cadence>
						<Extensions>
							<ns3:TPX>
								<ns3:Speed>0.846020</ns3:Speed>
							</ns3:TPX>
						</Extensions>
					</Trackpoint>
					<Trackpoint>
						<Time>2569-03-03T11:52:09Z</Time>
						<Position>
							<LatitudeDegrees>12.587870</LatitudeDegrees>
							<LongitudeDegrees>101.419631</LongitudeDegrees>
						</Position>
						<AltitudeMeters>20.020000</AltitudeMeters>
						<HeartRateBpm>
							<Value>125</Value>
						</HeartRateBpm>
						<Cadence>49</Cadence>
						<Extensions>
							<ns3:TPX>
								<ns3:Speed>0.847460</ns3:Speed>
							</ns3:TPX>
						</Extensions>
					</Trackpoint>
					<Trackpoint>
						<Time>2569-03-03T11:52:09Z</Time>
						<Position>
							<LatitudeDegrees>12.587870</LatitudeDegrees>
							<LongitudeDegrees>101.419631</LongitudeDegrees>
						</Position>
						<AltitudeMeters>20.020000</AltitudeMeters>
						<HeartRateBpm>
							<Value>125</Value>
						</HeartRateBpm>
						<Cadence>49</Cadence>
						<Extensions>
							<ns3:TPX>
								<ns3:Speed>0.847460</ns3:Speed>
							</ns3:TPX>
						</Extensions>
					</Trackpoint>
					<Trackpoint>
						<Time>2569-03-03T11:52:10Z</Time>
						<Position>
							<LatitudeDegrees>12.587876</LatitudeDegrees>
							<LongitudeDegrees>101.419627</LongitudeDegrees>
						</Position>
						<AltitudeMeters>20.060000</AltitudeMeters>
						<HeartRateBpm>
							<Value>124</Value>
						</HeartRateBpm>
						<Cadence>49</Cadence>
						<Extensions>
							<ns3:TPX>
								<ns3:Speed>0.847460</ns3:Speed>
							</ns3:TPX>
						</Extensions>
					</Trackpoint>
					<Trackpoint>
						<Time>2569-03-03T11:52:11Z</Time>
						<Position>
							<LatitudeDegrees>12.587881</LatitudeDegrees>
							<LongitudeDegrees>101.419624</LongitudeDegrees>
						</Position>
						<AltitudeMeters>20.070000</AltitudeMeters>
						<HeartRateBpm>
							<Value>122</Value>
						</HeartRateBpm>
						<Cadence>49</Cadence>
						<Extensions>
							<ns3:TPX>
								<ns3:Speed>0.847460</ns3:Speed>
							</ns3:TPX>
						</Extensions>
					</Trackpoint>
					<Trackpoint>
						<Time>2569-03-03T11:52:12Z</Time>
						<Position>
							<LatitudeDegrees>12.587887</LatitudeDegrees>
							<LongitudeDegrees>101.419623</LongitudeDegrees>
						</Position>
						<AltitudeMeters>20.080000</AltitudeMeters>
						<HeartRateBpm>
							<Value>121</Value>
						</HeartRateBpm>
						<Cadence>49</Cadence>
						<Extensions>
							<ns3:TPX>
								<ns3:Speed>0.848180</ns3:Speed>
							</ns3:TPX>
						</Extensions>
					</Trackpoint>
					<Trackpoint>
						<Time>2569-03-03T11:52:14Z</Time>
						<Position>
							<LatitudeDegrees>12.587898</LatitudeDegrees>
							<LongitudeDegrees>101.419623</LongitudeDegrees>
						</Position>
						<AltitudeMeters>20.100000</AltitudeMeters>
						<HeartRateBpm>
							<Value>120</Value>
						</HeartRateBpm>
						<Cadence>47</Cadence>
						<Extensions>
							<ns3:TPX>
								<ns3:Speed>0.847460</ns3:Speed>
							</ns3:TPX>
						</Extensions>
					</Trackpoint>
					<Trackpoint>
						<Time>2569-03-03T11:52:14Z</Time>
						<Position>
							<LatitudeDegrees>12.587898</LatitudeDegrees>
							<LongitudeDegrees>101.419623</LongitudeDegrees>
						</Position>
						<AltitudeMeters>20.100000</AltitudeMeters>
						<HeartRateBpm>
							<Value>120</Value>
						</HeartRateBpm>
						<Cadence>47</Cadence>
						<Extensions>
							<ns3:TPX>
								<ns3:Speed>0.847460</ns3:Speed>
							</ns3:TPX>
						</Extensions>
					</Trackpoint>
					<Trackpoint>
						<Time>2569-03-03T11:52:16Z</Time>
						<Position>
							<LatitudeDegrees>12.587903</LatitudeDegrees>
							<LongitudeDegrees>101.419624</LongitudeDegrees>
						</Position>
						<AltitudeMeters>20.110000</AltitudeMeters>
						<HeartRateBpm>
							<Value>121</Value>
						</HeartRateBpm>
						<Cadence>46</Cadence>
						<Extensions>
							<ns3:TPX>
								<ns3:Speed>0.844590</ns3:Speed>
							</ns3:TPX>
						</Extensions>
					</Trackpoint>
					<Trackpoint>
						<Time>2569-03-03T11:52:17Z</Time>
						<Position>
							<LatitudeDegrees>12.587908</LatitudeDegrees>
							<LongitudeDegrees>101.419627</LongitudeDegrees>
						</Position>
						<AltitudeMeters>20.110000</AltitudeMeters>
						<HeartRateBpm>
							<Value>120</Value>
						</HeartRateBpm>
						<Cadence>45</Cadence>
						<Extensions>
							<ns3:TPX>
								<ns3:Speed>0.840340</ns3:Speed>
							</ns3:TPX>
						</Extensions>
					</Trackpoint>
					<Trackpoint>
						<Time>2569-03-03T11:52:18Z</Time>
						<Position>
							<LatitudeDegrees>12.587914</LatitudeDegrees>
							<LongitudeDegrees>101.419629</LongitudeDegrees>
						</Position>
						<AltitudeMeters>20.110000</AltitudeMeters>
						<HeartRateBpm>
							<Value>120</Value>
						</HeartRateBpm>
						<Cadence>44</Cadence>
						<Extensions>
							<ns3:TPX>
								<ns3:Speed>0.836120</ns3:Speed>
							</ns3:TPX>
						</Extensions>
					</Trackpoint>
					<Trackpoint>
						<Time>2569-03-03T11:52:19Z</Time>
						<Position>
							<LatitudeDegrees>12.587921</LatitudeDegrees>
							<LongitudeDegrees>101.419632</LongitudeDegrees>
						</Position>
						<AltitudeMeters>20.120000</AltitudeMeters>
						<HeartRateBpm>
							<Value>120</Value>
						</HeartRateBpm>
						<Cadence>43</Cadence>
						<Extensions>
							<ns3:TPX>
								<ns3:Speed>0.831950</ns3:Speed>
							</ns3:TPX>
						</Extensions>
					</Trackpoint>
					<Trackpoint>
						<Time>2569-03-03T11:52:20Z</Time>
						<Position>
							<LatitudeDegrees>12.587927</LatitudeDegrees>
							<LongitudeDegrees>101.419635</LongitudeDegrees>
						</Position>
						<AltitudeMeters>20.160000</AltitudeMeters>
						<HeartRateBpm>
							<Value>120</Value>
						</HeartRateBpm>
						<Cadence>42</Cadence>
						<Extensions>
							<ns3:TPX>
								<ns3:Speed>0.827130</ns3:Speed>
							</ns3:TPX>
						</Extensions>
					</Trackpoint>
					<Trackpoint>
						<Time>2569-03-03T11:52:21Z</Time>
						<Position>
							<LatitudeDegrees>12.587935</LatitudeDegrees>
							<LongitudeDegrees>101.419637</LongitudeDegrees>
						</Position>
						<AltitudeMeters>20.070000</AltitudeMeters>
						<HeartRateBpm>
							<Value>120</Value>
						</HeartRateBpm>
						<Cadence>42</Cadence>
						<Extensions>
							<ns3:TPX>
								<ns3:Speed>0.822370</ns3:Speed>
							</ns3:TPX>
						</Extensions>
					</Trackpoint>
					<Trackpoint>
						<Time>2569-03-03T11:52:22Z</Time>
						<Position>
							<LatitudeDegrees>12.587943</LatitudeDegrees>
							<LongitudeDegrees>101.419639</LongitudeDegrees>
						</Position>
						<AltitudeMeters>19.980000</AltitudeMeters>
						<HeartRateBpm>
							<Value>119</Value>
						</HeartRateBpm>
						<Cadence>47</Cadence>
						<Extensions>
							<ns3:TPX>
								<ns3:Speed>0.818330</ns3:Speed>
							</ns3:TPX>
						</Extensions>
					</Trackpoint>
					<Trackpoint>
						<Time>2569-03-03T11:52:23Z</Time>
						<Position>
							<LatitudeDegrees>12.587950</LatitudeDegrees>
							<LongitudeDegrees>101.419641</LongitudeDegrees>
						</Position>
						<AltitudeMeters>19.920000</AltitudeMeters>
						<HeartRateBpm>
							<Value>119</Value>
						</HeartRateBpm>
						<Cadence>47</Cadence>
						<Extensions>
							<ns3:TPX>
								<ns3:Speed>0.816330</ns3:Speed>
							</ns3:TPX>
						</Extensions>
					</Trackpoint>
					<Trackpoint>
						<Time>2569-03-03T11:52:24Z</Time>
						<Position>
							<LatitudeDegrees>12.587957</LatitudeDegrees>
							<LongitudeDegrees>101.419642</LongitudeDegrees>
						</Position>
						<AltitudeMeters>19.850000</AltitudeMeters>
						<HeartRateBpm>
							<Value>119</Value>
						</HeartRateBpm>
						<Cadence>47</Cadence>
						<Extensions>
							<ns3:TPX>
								<ns3:Speed>0.815000</ns3:Speed>
							</ns3:TPX>
						</Extensions>
					</Trackpoint>
					<Trackpoint>
						<Time>2569-03-03T11:52:25Z</Time>
						<Position>
							<LatitudeDegrees>12.587965</LatitudeDegrees>
							<LongitudeDegrees>101.419643</LongitudeDegrees>
						</Position>
						<AltitudeMeters>19.830000</AltitudeMeters>
						<HeartRateBpm>
							<Value>118</Value>
						</HeartRateBpm>
						<Cadence>47</Cadence>
						<Extensions>
							<ns3:TPX>
								<ns3:Speed>0.814330</ns3:Speed>
							</ns3:TPX>
						</Extensions>
					</Trackpoint>
					<Trackpoint>
						<Time>2569-03-03T11:52:26Z</Time>
						<Position>
							<LatitudeDegrees>12.587972</LatitudeDegrees>
							<LongitudeDegrees>101.419643</LongitudeDegrees>
						</Position>
						<AltitudeMeters>19.600000</AltitudeMeters>
						<HeartRateBpm>
							<Value>117</Value>
						</HeartRateBpm>
						<Cadence>47</Cadence>
						<Extensions>
							<ns3:TPX>
								<ns3:Speed>0.815000</ns3:Speed>
							</ns3:TPX>
						</Extensions>
					</Trackpoint>
					<Trackpoint>
						<Time>2569-03-03T11:52:27Z</Time>
						<Position>
							<LatitudeDegrees>12.587979</LatitudeDegrees>
							<LongitudeDegrees>101.419643</LongitudeDegrees>
						</Position>
						<AltitudeMeters>19.560000</AltitudeMeters>
						<HeartRateBpm>
							<Value>117</Value>
						</HeartRateBpm>
						<Cadence>47</Cadence>
						<Extensions>
							<ns3:TPX>
								<ns3:Speed>0.815000</ns3:Speed>
							</ns3:TPX>
						</Extensions>
					</Trackpoint>
					<Trackpoint>
						<Time>2569-03-03T11:52:28Z</Time>
						<Position>
							<LatitudeDegrees>12.587986</LatitudeDegrees>
							<LongitudeDegrees>101.419643</LongitudeDegrees>
						</Position>
						<AltitudeMeters>19.510000</AltitudeMeters>
						<HeartRateBpm>
							<Value>117</Value>
						</HeartRateBpm>
						<Cadence>46</Cadence>
						<Extensions>
							<ns3:TPX>
								<ns3:Speed>0.815000</ns3:Speed>
							</ns3:TPX>
						</Extensions>
					</Trackpoint>
					<Trackpoint>
						<Time>2569-03-03T11:52:29Z</Time>
						<Position>
							<LatitudeDegrees>12.587993</LatitudeDegrees>
							<LongitudeDegrees>101.419643</LongitudeDegrees>
						</Position>
						<AltitudeMeters>19.480000</AltitudeMeters>
						<HeartRateBpm>
							<Value>117</Value>
						</HeartRateBpm>
						<Cadence>46</Cadence>
						<Extensions>
							<ns3:TPX>
								<ns3:Speed>0.815660</ns3:Speed>
							</ns3:TPX>
						</Extensions>
					</Trackpoint>
					<Trackpoint>
						<Time>2569-03-03T11:52:30Z</Time>
						<Position>
							<LatitudeDegrees>12.588001</LatitudeDegrees>
							<LongitudeDegrees>101.419643</LongitudeDegrees>
						</Position>
						<AltitudeMeters>19.450000</AltitudeMeters>
						<HeartRateBpm>
							<Value>117</Value>
						</HeartRateBpm>
						<Cadence>46</Cadence>
						<Extensions>
							<ns3:TPX>
								<ns3:Speed>0.815660</ns3:Speed>
							</ns3:TPX>
						</Extensions>
					</Trackpoint>
					<Trackpoint>
						<Time>2569-03-03T11:52:31Z</Time>
						<Position>
							<LatitudeDegrees>12.588009</LatitudeDegrees>
							<LongitudeDegrees>101.419644</LongitudeDegrees>
						</Position>
						<AltitudeMeters>19.400000</AltitudeMeters>
						<HeartRateBpm>
							<Value>118</Value>
						</HeartRateBpm>
						<Cadence>47</Cadence>
						<Extensions>
							<ns3:TPX>
								<ns3:Speed>0.816330</ns3:Speed>
							</ns3:TPX>
						</Extensions>
					</Trackpoint>
					<Trackpoint>
						<Time>2569-03-03T11:52:32Z</Time>
						<Position>
							<LatitudeDegrees>12.588017</LatitudeDegrees>
							<LongitudeDegrees>101.419645</LongitudeDegrees>
						</Position>
						<AltitudeMeters>19.290000</AltitudeMeters>
						<HeartRateBpm>
							<Value>118</Value>
						</HeartRateBpm>
						<Cadence>48</Cadence>
						<Extensions>
							<ns3:TPX>
								<ns3:Speed>0.817660</ns3:Speed>
							</ns3:TPX>
						</Extensions>
					</Trackpoint>
					<Trackpoint>
						<Time>2569-03-03T11:52:33Z</Time>
						<Position>
							<LatitudeDegrees>12.588025</LatitudeDegrees>
							<LongitudeDegrees>101.419646</LongitudeDegrees>
						</Position>
						<AltitudeMeters>19.260000</AltitudeMeters>
						<HeartRateBpm>
							<Value>118</Value>
						</HeartRateBpm>
						<Cadence>48</Cadence>
						<Extensions>
							<ns3:TPX>
								<ns3:Speed>0.818330</ns3:Speed>
							</ns3:TPX>
						</Extensions>
					</Trackpoint>
					<Trackpoint>
						<Time>2569-03-03T11:52:34Z</Time>
						<Position>
							<LatitudeDegrees>12.588033</LatitudeDegrees>
							<LongitudeDegrees>101.419645</LongitudeDegrees>
						</Position>
						<AltitudeMeters>19.250000</AltitudeMeters>
						<HeartRateBpm>
							<Value>118</Value>
						</HeartRateBpm>
						<Cadence>49</Cadence>
						<Extensions>
							<ns3:TPX>
								<ns3:Speed>0.819670</ns3:Speed>
							</ns3:TPX>
						</Extensions>
					</Trackpoint>
					<Trackpoint>
						<Time>2569-03-03T11:52:35Z</Time>
						<Position>
							<LatitudeDegrees>12.588041</LatitudeDegrees>
							<LongitudeDegrees>101.419645</LongitudeDegrees>
						</Position>
						<AltitudeMeters>19.180000</AltitudeMeters>
						<HeartRateBpm>
							<Value>118</Value>
						</HeartRateBpm>
						<Cadence>49</Cadence>
						<Extensions>
							<ns3:TPX>
								<ns3:Speed>0.821020</ns3:Speed>
							</ns3:TPX>
						</Extensions>
					</Trackpoint>
					<Trackpoint>
						<Time>2569-03-03T11:52:36Z</Time>
						<Position>
							<LatitudeDegrees>12.588048</LatitudeDegrees>
							<LongitudeDegrees>101.419645</LongitudeDegrees>
						</Position>
						<AltitudeMeters>19.120000</AltitudeMeters>
						<HeartRateBpm>
							<Value>118</Value>
						</HeartRateBpm>
						<Cadence>50</Cadence>
						<Extensions>
							<ns3:TPX>
								<ns3:Speed>0.822370</ns3:Speed>
							</ns3:TPX>
						</Extensions>
					</Trackpoint>
					<Trackpoint>
						<Time>2569-03-03T11:52:37Z</Time>
						<Position>
							<LatitudeDegrees>12.588056</LatitudeDegrees>
							<LongitudeDegrees>101.419643</LongitudeDegrees>
						</Position>
						<AltitudeMeters>19.060000</AltitudeMeters>
						<HeartRateBpm>
							<Value>118</Value>
						</HeartRateBpm>
						<Cadence>49</Cadence>
						<Extensions>
							<ns3:TPX>
								<ns3:Speed>0.823720</ns3:Speed>
							</ns3:TPX>
						</Extensions>
					</Trackpoint>
					<Trackpoint>
						<Time>2569-03-03T11:52:38Z</Time>
						<Position>
							<LatitudeDegrees>12.588064</LatitudeDegrees>
							<LongitudeDegrees>101.419641</LongitudeDegrees>
						</Position>
						<AltitudeMeters>19.040000</AltitudeMeters>
						<HeartRateBpm>
							<Value>118</Value>
						</HeartRateBpm>
						<Cadence>49</Cadence>
						<Extensions>
							<ns3:TPX>
								<ns3:Speed>0.825080</ns3:Speed>
							</ns3:TPX>
						</Extensions>
					</Trackpoint>
					<Trackpoint>
						<Time>2569-03-03T11:52:39Z</Time>
						<Position>
							<LatitudeDegrees>12.588071</LatitudeDegrees>
							<LongitudeDegrees>101.419638</LongitudeDegrees>
						</Position>
						<AltitudeMeters>19.010000</AltitudeMeters>
						<HeartRateBpm>
							<Value>118</Value>
						</HeartRateBpm>
						<Cadence>49</Cadence>
						<Extensions>
							<ns3:TPX>
								<ns3:Speed>0.825760</ns3:Speed>
							</ns3:TPX>
						</Extensions>
					</Trackpoint>
					<Trackpoint>
						<Time>2569-03-03T11:52:40Z</Time>
						<Position>
							<LatitudeDegrees>12.588078</LatitudeDegrees>
							<LongitudeDegrees>101.419635</LongitudeDegrees>
						</Position>
						<AltitudeMeters>19.050000</AltitudeMeters>
						<HeartRateBpm>
							<Value>118</Value>
						</HeartRateBpm>
						<Cadence>49</Cadence>
						<Extensions>
							<ns3:TPX>
								<ns3:Speed>0.827130</ns3:Speed>
							</ns3:TPX>
						</Extensions>
					</Trackpoint>
					<Trackpoint>
						<Time>2569-03-03T11:52:41Z</Time>
						<Position>
							<LatitudeDegrees>12.588085</LatitudeDegrees>
							<LongitudeDegrees>101.419632</LongitudeDegrees>
						</Position>
						<AltitudeMeters>19.120000</AltitudeMeters>
						<HeartRateBpm>
							<Value>118</Value>
						</HeartRateBpm>
						<Cadence>49</Cadence>
						<Extensions>
							<ns3:TPX>
								<ns3:Speed>0.827810</ns3:Speed>
							</ns3:TPX>
						</Extensions>
					</Trackpoint>
					<Trackpoint>
						<Time>2569-03-03T11:52:42Z</Time>
						<Position>
							<LatitudeDegrees>12.588092</LatitudeDegrees>
							<LongitudeDegrees>101.419629</LongitudeDegrees>
						</Position>
						<AltitudeMeters>19.170000</AltitudeMeters>
						<HeartRateBpm>
							<Value>118</Value>
						</HeartRateBpm>
						<Cadence>49</Cadence>
						<Extensions>
							<ns3:TPX>
								<ns3:Speed>0.829190</ns3:Speed>
							</ns3:TPX>
						</Extensions>
					</Trackpoint>
					<Trackpoint>
						<Time>2569-03-03T11:52:43Z</Time>
						<Position>
							<LatitudeDegrees>12.588099</LatitudeDegrees>
							<LongitudeDegrees>101.419628</LongitudeDegrees>
						</Position>
						<AltitudeMeters>19.070000</AltitudeMeters>
						<HeartRateBpm>
							<Value>118</Value>
						</HeartRateBpm>
						<Cadence>50</Cadence>
						<Extensions>
							<ns3:TPX>
								<ns3:Speed>0.829880</ns3:Speed>
							</ns3:TPX>
						</Extensions>
					</Trackpoint>
					<Trackpoint>
						<Time>2569-03-03T11:52:44Z</Time>
						<Position>
							<LatitudeDegrees>12.588106</LatitudeDegrees>
							<LongitudeDegrees>101.419625</LongitudeDegrees>
						</Position>
						<AltitudeMeters>19.060000</AltitudeMeters>
						<HeartRateBpm>
							<Value>118</Value>
						</HeartRateBpm>
						<Cadence>50</Cadence>
						<Extensions>
							<ns3:TPX>
								<ns3:Speed>0.830560</ns3:Speed>
							</ns3:TPX>
						</Extensions>
					</Trackpoint>
					<Trackpoint>
						<Time>2569-03-03T11:52:45Z</Time>
						<Position>
							<LatitudeDegrees>12.588115</LatitudeDegrees>
							<LongitudeDegrees>101.419624</LongitudeDegrees>
						</Position>
						<AltitudeMeters>19.180000</AltitudeMeters>
						<HeartRateBpm>
							<Value>118</Value>
						</HeartRateBpm>
						<Cadence>50</Cadence>
						<Extensions>
							<ns3:TPX>
								<ns3:Speed>0.831260</ns3:Speed>
							</ns3:TPX>
						</Extensions>
					</Trackpoint>
					<Trackpoint>
						<Time>2569-03-03T11:52:46Z</Time>
						<Position>
							<LatitudeDegrees>12.588124</LatitudeDegrees>
							<LongitudeDegrees>101.419623</LongitudeDegrees>
						</Position>
						<AltitudeMeters>19.220000</AltitudeMeters>
						<HeartRateBpm>
							<Value>117</Value>
						</HeartRateBpm>
						<Cadence>50</Cadence>
						<Extensions>
							<ns3:TPX>
								<ns3:Speed>0.831950</ns3:Speed>
							</ns3:TPX>
						</Extensions>
					</Trackpoint>
					<Trackpoint>
						<Time>2569-03-03T11:52:47Z</Time>
						<Position>
							<LatitudeDegrees>12.588133</LatitudeDegrees>
							<LongitudeDegrees>101.419623</LongitudeDegrees>
						</Position>
						<AltitudeMeters>19.310000</AltitudeMeters>
						<HeartRateBpm>
							<Value>117</Value>
						</HeartRateBpm>
						<Cadence>50</Cadence>
						<Extensions>
							<ns3:TPX>
								<ns3:Speed>0.833330</ns3:Speed>
							</ns3:TPX>
						</Extensions>
					</Trackpoint>
					<Trackpoint>
						<Time>2569-03-03T11:52:48Z</Time>
						<Position>
							<LatitudeDegrees>12.588144</LatitudeDegrees>
							<LongitudeDegrees>101.419622</LongitudeDegrees>
						</Position>
						<AltitudeMeters>19.420000</AltitudeMeters>
						<HeartRateBpm>
							<Value>117</Value>
						</HeartRateBpm>
						<Cadence>50</Cadence>
						<Extensions>
							<ns3:TPX>
								<ns3:Speed>0.835420</ns3:Speed>
							</ns3:TPX>
						</Extensions>
					</Trackpoint>
					<Trackpoint>
						<Time>2569-03-03T11:52:49Z</Time>
						<Position>
							<LatitudeDegrees>12.588155</LatitudeDegrees>
							<LongitudeDegrees>101.419623</LongitudeDegrees>
						</Position>
						<AltitudeMeters>19.420000</AltitudeMeters>
						<Cadence>50</Cadence>
						<Extensions>
							<ns3:TPX>
								<ns3:Speed>0.838930</ns3:Speed>
							</ns3:TPX>
						</Extensions>
					</Trackpoint>
					<Trackpoint>
						<Time>2569-03-03T11:52:50Z</Time>
						<Position>
							<LatitudeDegrees>12.588166</LatitudeDegrees>
							<LongitudeDegrees>101.419624</LongitudeDegrees>
						</Position>
						<AltitudeMeters>19.550000</AltitudeMeters>
						<HeartRateBpm>
							<Value>117</Value>
						</HeartRateBpm>
						<Cadence>50</Cadence>
						<Extensions>
							<ns3:TPX>
								<ns3:Speed>0.843880</ns3:Speed>
							</ns3:TPX>
						</Extensions>
					</Trackpoint>
					<Trackpoint>
						<Time>2569-03-03T11:52:51Z</Time>
						<Position>
							<LatitudeDegrees>12.588176</LatitudeDegrees>
							<LongitudeDegrees>101.419625</LongitudeDegrees>
						</Position>
						<AltitudeMeters>19.770000</AltitudeMeters>
						<HeartRateBpm>
							<Value>117</Value>
						</HeartRateBpm>
						<Cadence>50</Cadence>
						<Extensions>
							<ns3:TPX>
								<ns3:Speed>0.849620</ns3:Speed>
							</ns3:TPX>
						</Extensions>
					</Trackpoint>
					<Trackpoint>
						<Time>2569-03-03T11:52:52Z</Time>
						<Position>
							<LatitudeDegrees>12.588188</LatitudeDegrees>
							<LongitudeDegrees>101.419626</LongitudeDegrees>
						</Position>
						<AltitudeMeters>19.800000</AltitudeMeters>
						<HeartRateBpm>
							<Value>117</Value>
						</HeartRateBpm>
						<Cadence>50</Cadence>
						<Extensions>
							<ns3:TPX>
								<ns3:Speed>0.856900</ns3:Speed>
							</ns3:TPX>
						</Extensions>
					</Trackpoint>
					<Trackpoint>
						<Time>2569-03-03T11:52:53Z</Time>
						<Position>
							<LatitudeDegrees>12.588198</LatitudeDegrees>
							<LongitudeDegrees>101.419627</LongitudeDegrees>
						</Position>
						<AltitudeMeters>19.830000</AltitudeMeters>
						<HeartRateBpm>
							<Value>117</Value>
						</HeartRateBpm>
						<Cadence>50</Cadence>
						<Extensions>
							<ns3:TPX>
								<ns3:Speed>0.864300</ns3:Speed>
							</ns3:TPX>
						</Extensions>
					</Trackpoint>
					<Trackpoint>
						<Time>2569-03-03T11:52:54Z</Time>
						<Position>
							<LatitudeDegrees>12.588209</LatitudeDegrees>
							<LongitudeDegrees>101.419627</LongitudeDegrees>
						</Position>
						<AltitudeMeters>19.890000</AltitudeMeters>
						<HeartRateBpm>
							<Value>116</Value>
						</HeartRateBpm>
						<Cadence>50</Cadence>
						<Extensions>
							<ns3:TPX>
								<ns3:Speed>0.871840</ns3:Speed>
							</ns3:TPX>
						</Extensions>
					</Trackpoint>
					<Trackpoint>
						<Time>2569-03-03T11:52:55Z</Time>
						<Position>
							<LatitudeDegrees>12.588220</LatitudeDegrees>
							<LongitudeDegrees>101.419627</LongitudeDegrees>
						</Position>
						<AltitudeMeters>19.920000</AltitudeMeters>
						<HeartRateBpm>
							<Value>115</Value>
						</HeartRateBpm>
						<Cadence>51</Cadence>
						<Extensions>
							<ns3:TPX>
								<ns3:Speed>0.879510</ns3:Speed>
							</ns3:TPX>
						</Extensions>
					</Trackpoint>
					<Trackpoint>
						<Time>2569-03-03T11:52:56Z</Time>
						<Position>
							<LatitudeDegrees>12.588233</LatitudeDegrees>
							<LongitudeDegrees>101.419630</LongitudeDegrees>
						</Position>
						<AltitudeMeters>19.990000</AltitudeMeters>
						<HeartRateBpm>
							<Value>115</Value>
						</HeartRateBpm>
						<Cadence>51</Cadence>
						<Extensions>
							<ns3:TPX>
								<ns3:Speed>0.886520</ns3:Speed>
							</ns3:TPX>
						</Extensions>
					</Trackpoint>
					<Trackpoint>
						<Time>2569-03-03T11:52:57Z</Time>
						<Position>
							<LatitudeDegrees>12.588247</LatitudeDegrees>
							<LongitudeDegrees>101.419633</LongitudeDegrees>
						</Position>
						<AltitudeMeters>20.090000</AltitudeMeters>
						<HeartRateBpm>
							<Value>114</Value>
						</HeartRateBpm>
						<Cadence>51</Cadence>
						<Extensions>
							<ns3:TPX>
								<ns3:Speed>0.894450</ns3:Speed>
							</ns3:TPX>
						</Extensions>
					</Trackpoint>
					<Trackpoint>
						<Time>2569-03-03T11:52:58Z</Time>
						<Position>
							<LatitudeDegrees>12.588259</LatitudeDegrees>
							<LongitudeDegrees>101.419637</LongitudeDegrees>
						</Position>
						<AltitudeMeters>20.160000</AltitudeMeters>
						<HeartRateBpm>
							<Value>114</Value>
						</HeartRateBpm>
						<Cadence>51</Cadence>
						<Extensions>
							<ns3:TPX>
								<ns3:Speed>0.903340</ns3:Speed>
							</ns3:TPX>
						</Extensions>
					</Trackpoint>
					<Trackpoint>
						<Time>2569-03-03T11:52:59Z</Time>
						<Position>
							<LatitudeDegrees>12.588270</LatitudeDegrees>
							<LongitudeDegrees>101.419640</LongitudeDegrees>
						</Position>
						<AltitudeMeters>20.200000</AltitudeMeters>
						<HeartRateBpm>
							<Value>114</Value>
						</HeartRateBpm>
						<Cadence>52</Cadence>
						<Extensions>
							<ns3:TPX>
								<ns3:Speed>0.913240</ns3:Speed>
							</ns3:TPX>
						</Extensions>
					</Trackpoint>
					<Trackpoint>
						<Time>2569-03-03T11:53:00Z</Time>
						<Position>
							<LatitudeDegrees>12.588281</LatitudeDegrees>
							<LongitudeDegrees>101.419645</LongitudeDegrees>
						</Position>
						<AltitudeMeters>20.240000</AltitudeMeters>
						<HeartRateBpm>
							<Value>114</Value>
						</HeartRateBpm>
						<Cadence>52</Cadence>
						<Extensions>
							<ns3:TPX>
								<ns3:Speed>0.923360</ns3:Speed>
							</ns3:TPX>
						</Extensions>
					</Trackpoint>
					<Trackpoint>
						<Time>2569-03-03T11:53:01Z</Time>
						<Position>
							<LatitudeDegrees>12.588291</LatitudeDegrees>
							<LongitudeDegrees>101.419649</LongitudeDegrees>
						</Position>
						<AltitudeMeters>20.280000</AltitudeMeters>
						<HeartRateBpm>
							<Value>114</Value>
						</HeartRateBpm>
						<Cadence>52</Cadence>
						<Extensions>
							<ns3:TPX>
								<ns3:Speed>0.932840</ns3:Speed>
							</ns3:TPX>
						</Extensions>
					</Trackpoint>
					<Trackpoint>
						<Time>2569-03-03T11:53:02Z</Time>
						<Position>
							<LatitudeDegrees>12.588300</LatitudeDegrees>
							<LongitudeDegrees>101.419651</LongitudeDegrees>
						</Position>
						<AltitudeMeters>20.320000</AltitudeMeters>
						<HeartRateBpm>
							<Value>115</Value>
						</HeartRateBpm>
						<Cadence>52</Cadence>
						<Extensions>
							<ns3:TPX>
								<ns3:Speed>0.942510</ns3:Speed>
							</ns3:TPX>
						</Extensions>
					</Trackpoint>
					<Trackpoint>
						<Time>2569-03-03T11:53:03Z</Time>
						<Position>
							<LatitudeDegrees>12.588307</LatitudeDegrees>
							<LongitudeDegrees>101.419655</LongitudeDegrees>
						</Position>
						<AltitudeMeters>20.330000</AltitudeMeters>
						<HeartRateBpm>
							<Value>115</Value>
						</HeartRateBpm>
						<Cadence>53</Cadence>
						<Extensions>
							<ns3:TPX>
								<ns3:Speed>0.951470</ns3:Speed>
							</ns3:TPX>
						</Extensions>
					</Trackpoint>
					<Trackpoint>
						<Time>2569-03-03T11:53:04Z</Time>
						<Position>
							<LatitudeDegrees>12.588315</LatitudeDegrees>
							<LongitudeDegrees>101.419658</LongitudeDegrees>
						</Position>
						<AltitudeMeters>20.370000</AltitudeMeters>
						<HeartRateBpm>
							<Value>115</Value>
						</HeartRateBpm>
						<Cadence>53</Cadence>
						<Extensions>
							<ns3:TPX>
								<ns3:Speed>0.957850</ns3:Speed>
							</ns3:TPX>
						</Extensions>
					</Trackpoint>
					<Trackpoint>
						<Time>2569-03-03T11:53:05Z</Time>
						<Position>
							<LatitudeDegrees>12.588324</LatitudeDegrees>
							<LongitudeDegrees>101.419663</LongitudeDegrees>
						</Position>
						<AltitudeMeters>20.410000</AltitudeMeters>
						<HeartRateBpm>
							<Value>114</Value>
						</HeartRateBpm>
						<Cadence>53</Cadence>
						<Extensions>
							<ns3:TPX>
								<ns3:Speed>0.963390</ns3:Speed>
							</ns3:TPX>
						</Extensions>
					</Trackpoint>
					<Trackpoint>
						<Time>2569-03-03T11:53:06Z</Time>
						<Position>
							<LatitudeDegrees>12.588333</LatitudeDegrees>
							<LongitudeDegrees>101.419668</LongitudeDegrees>
						</Position>
						<AltitudeMeters>20.440000</AltitudeMeters>
						<HeartRateBpm>
							<Value>114</Value>
						</HeartRateBpm>
						<Cadence>52</Cadence>
						<Extensions>
							<ns3:TPX>
								<ns3:Speed>0.968050</ns3:Speed>
							</ns3:TPX>
						</Extensions>
					</Trackpoint>
					<Trackpoint>
						<Time>2569-03-03T11:53:07Z</Time>
						<Position>
							<LatitudeDegrees>12.588342</LatitudeDegrees>
							<LongitudeDegrees>101.419674</LongitudeDegrees>
						</Position>
						<AltitudeMeters>20.470000</AltitudeMeters>
						<HeartRateBpm>
							<Value>114</Value>
						</HeartRateBpm>
						<Cadence>52</Cadence>
						<Extensions>
							<ns3:TPX>
								<ns3:Speed>0.971820</ns3:Speed>
							</ns3:TPX>
						</Extensions>
					</Trackpoint>
					<Trackpoint>
						<Time>2569-03-03T11:53:08Z</Time>
						<Position>
							<LatitudeDegrees>12.588351</LatitudeDegrees>
							<LongitudeDegrees>101.419680</LongitudeDegrees>
						</Position>
						<AltitudeMeters>20.510000</AltitudeMeters>
						<HeartRateBpm>
							<Value>114</Value>
						</HeartRateBpm>
						<Cadence>52</Cadence>
						<Extensions>
							<ns3:TPX>
								<ns3:Speed>0.975610</ns3:Speed>
							</ns3:TPX>
						</Extensions>
					</Trackpoint>
					<Trackpoint>
						<Time>2569-03-03T11:53:09Z</Time>
						<Position>
							<LatitudeDegrees>12.588360</LatitudeDegrees>
							<LongitudeDegrees>101.419685</LongitudeDegrees>
						</Position>
						<AltitudeMeters>20.540000</AltitudeMeters>
						<HeartRateBpm>
							<Value>114</Value>
						</HeartRateBpm>
						<Cadence>52</Cadence>
						<Extensions>
							<ns3:TPX>
								<ns3:Speed>0.979430</ns3:Speed>
							</ns3:TPX>
						</Extensions>
					</Trackpoint>
					<Trackpoint>
						<Time>2569-03-03T11:53:10Z</Time>
						<Position>
							<LatitudeDegrees>12.588368</LatitudeDegrees>
							<LongitudeDegrees>101.419692</LongitudeDegrees>
						</Position>
						<AltitudeMeters>20.560000</AltitudeMeters>
						<HeartRateBpm>
							<Value>114</Value>
						</HeartRateBpm>
						<Cadence>51</Cadence>
						<Extensions>
							<ns3:TPX>
								<ns3:Speed>0.984250</ns3:Speed>
							</ns3:TPX>
						</Extensions>
					</Trackpoint>
					<Trackpoint>
						<Time>2569-03-03T11:53:11Z</Time>
						<Position>
							<LatitudeDegrees>12.588377</LatitudeDegrees>
							<LongitudeDegrees>101.419698</LongitudeDegrees>
						</Position>
						<AltitudeMeters>20.600000</AltitudeMeters>
						<HeartRateBpm>
							<Value>113</Value>
						</HeartRateBpm>
						<Cadence>51</Cadence>
						<Extensions>
							<ns3:TPX>
								<ns3:Speed>0.988140</ns3:Speed>
							</ns3:TPX>
						</Extensions>
					</Trackpoint>
					<Trackpoint>
						<Time>2569-03-03T11:53:12Z</Time>
						<Position>
							<LatitudeDegrees>12.588386</LatitudeDegrees>
							<LongitudeDegrees>101.419703</LongitudeDegrees>
						</Position>
						<AltitudeMeters>20.630000</AltitudeMeters>
						<HeartRateBpm>
							<Value>113</Value>
						</HeartRateBpm>
						<Cadence>51</Cadence>
						<Extensions>
							<ns3:TPX>
								<ns3:Speed>0.993050</ns3:Speed>
							</ns3:TPX>
						</Extensions>
					</Trackpoint>
					<Trackpoint>
						<Time>2569-03-03T11:53:13Z</Time>
						<Position>
							<LatitudeDegrees>12.588394</LatitudeDegrees>
							<LongitudeDegrees>101.419709</LongitudeDegrees>
						</Position>
						<AltitudeMeters>20.670000</AltitudeMeters>
						<HeartRateBpm>
							<Value>113</Value>
						</HeartRateBpm>
						<Cadence>51</Cadence>
						<Extensions>
							<ns3:TPX>
								<ns3:Speed>0.998000</ns3:Speed>
							</ns3:TPX>
						</Extensions>
					</Trackpoint>
					<Trackpoint>
						<Time>2569-03-03T11:53:14Z</Time>
						<Position>
							<LatitudeDegrees>12.588402</LatitudeDegrees>
							<LongitudeDegrees>101.419713</LongitudeDegrees>
						</Position>
						<AltitudeMeters>20.710000</AltitudeMeters>
						<HeartRateBpm>
							<Value>112</Value>
						</HeartRateBpm>
						<Cadence>51</Cadence>
						<Extensions>
							<ns3:TPX>
								<ns3:Speed>1.002000</ns3:Speed>
							</ns3:TPX>
						</Extensions>
					</Trackpoint>
					<Trackpoint>
						<Time>2569-03-03T11:53:15Z</Time>
						<Position>
							<LatitudeDegrees>12.588410</LatitudeDegrees>
							<LongitudeDegrees>101.419717</LongitudeDegrees>
						</Position>
						<AltitudeMeters>20.750000</AltitudeMeters>
						<HeartRateBpm>
							<Value>112</Value>
						</HeartRateBpm>
						<Cadence>51</Cadence>
						<Extensions>
							<ns3:TPX>
								<ns3:Speed>1.006040</ns3:Speed>
							</ns3:TPX>
						</Extensions>
					</Trackpoint>
					<Trackpoint>
						<Time>2569-03-03T11:53:16Z</Time>
						<Position>
							<LatitudeDegrees>12.588418</LatitudeDegrees>
							<LongitudeDegrees>101.419720</LongitudeDegrees>
						</Position>
						<AltitudeMeters>20.790000</AltitudeMeters>
						<HeartRateBpm>
							<Value>112</Value>
						</HeartRateBpm>
						<Cadence>51</Cadence>
						<Extensions>
							<ns3:TPX>
								<ns3:Speed>1.009080</ns3:Speed>
							</ns3:TPX>
						</Extensions>
					</Trackpoint>
					<Trackpoint>
						<Time>2569-03-03T11:53:17Z</Time>
						<Position>
							<LatitudeDegrees>12.588426</LatitudeDegrees>
							<LongitudeDegrees>101.419723</LongitudeDegrees>
						</Position>
						<AltitudeMeters>20.810000</AltitudeMeters>
						<HeartRateBpm>
							<Value>112</Value>
						</HeartRateBpm>
						<Cadence>51</Cadence>
						<Extensions>
							<ns3:TPX>
								<ns3:Speed>1.012150</ns3:Speed>
							</ns3:TPX>
						</Extensions>
					</Trackpoint>
					<Trackpoint>
						<Time>2569-03-03T11:53:18Z</Time>
						<Position>
							<LatitudeDegrees>12.588434</LatitudeDegrees>
							<LongitudeDegrees>101.419725</LongitudeDegrees>
						</Position>
						<AltitudeMeters>20.840000</AltitudeMeters>
						<HeartRateBpm>
							<Value>112</Value>
						</HeartRateBpm>
						<Cadence>50</Cadence>
						<Extensions>
							<ns3:TPX>
								<ns3:Speed>1.013170</ns3:Speed>
							</ns3:TPX>
						</Extensions>
					</Trackpoint>
					<Trackpoint>
						<Time>2569-03-03T11:53:19Z</Time>
						<Position>
							<LatitudeDegrees>12.588442</LatitudeDegrees>
							<LongitudeDegrees>101.419728</LongitudeDegrees>
						</Position>
						<AltitudeMeters>20.880000</AltitudeMeters>
						<HeartRateBpm>
							<Value>112</Value>
						</HeartRateBpm>
						<Cadence>50</Cadence>
						<Extensions>
							<ns3:TPX>
								<ns3:Speed>1.014200</ns3:Speed>
							</ns3:TPX>
						</Extensions>
					</Trackpoint>
					<Trackpoint>
						<Time>2569-03-03T11:53:20Z</Time>
						<Position>
							<LatitudeDegrees>12.588450</LatitudeDegrees>
							<LongitudeDegrees>101.419731</LongitudeDegrees>
						</Position>
						<AltitudeMeters>20.930000</AltitudeMeters>
						<HeartRateBpm>
							<Value>112</Value>
						</HeartRateBpm>
						<Cadence>50</Cadence>
						<Extensions>
							<ns3:TPX>
								<ns3:Speed>1.014200</ns3:Speed>
							</ns3:TPX>
						</Extensions>
					</Trackpoint>
					<Trackpoint>
						<Time>2569-03-03T11:53:21Z</Time>
						<Position>
							<LatitudeDegrees>12.588458</LatitudeDegrees>
							<LongitudeDegrees>101.419734</LongitudeDegrees>
						</Position>
						<AltitudeMeters>20.980000</AltitudeMeters>
						<HeartRateBpm>
							<Value>112</Value>
						</HeartRateBpm>
						<Cadence>50</Cadence>
						<Extensions>
							<ns3:TPX>
								<ns3:Speed>1.014200</ns3:Speed>
							</ns3:TPX>
						</Extensions>
					</Trackpoint>
					<Trackpoint>
						<Time>2569-03-03T11:53:22Z</Time>
						<Position>
							<LatitudeDegrees>12.588466</LatitudeDegrees>
							<LongitudeDegrees>101.419737</LongitudeDegrees>
						</Position>
						<AltitudeMeters>21.040000</AltitudeMeters>
						<HeartRateBpm>
							<Value>112</Value>
						</HeartRateBpm>
						<Cadence>49</Cadence>
						<Extensions>
							<ns3:TPX>
								<ns3:Speed>1.014200</ns3:Speed>
							</ns3:TPX>
						</Extensions>
					</Trackpoint>
					<Trackpoint>
						<Time>2569-03-03T11:53:23Z</Time>
						<Position>
							<LatitudeDegrees>12.588475</LatitudeDegrees>
							<LongitudeDegrees>101.419740</LongitudeDegrees>
						</Position>
						<AltitudeMeters>21.060000</AltitudeMeters>
						<HeartRateBpm>
							<Value>112</Value>
						</HeartRateBpm>
						<Cadence>49</Cadence>
						<Extensions>
							<ns3:TPX>
								<ns3:Speed>1.014200</ns3:Speed>
							</ns3:TPX>
						</Extensions>
					</Trackpoint>
					<Trackpoint>
						<Time>2569-03-03T11:53:24Z</Time>
						<Position>
							<LatitudeDegrees>12.588484</LatitudeDegrees>
							<LongitudeDegrees>101.419744</LongitudeDegrees>
						</Position>
						<AltitudeMeters>21.120000</AltitudeMeters>
						<HeartRateBpm>
							<Value>112</Value>
						</HeartRateBpm>
						<Cadence>49</Cadence>
						<Extensions>
							<ns3:TPX>
								<ns3:Speed>1.014200</ns3:Speed>
							</ns3:TPX>
						</Extensions>
					</Trackpoint>
					<Trackpoint>
						<Time>2569-03-03T11:53:25Z</Time>
						<Position>
							<LatitudeDegrees>12.588493</LatitudeDegrees>
							<LongitudeDegrees>101.419748</LongitudeDegrees>
						</Position>
						<AltitudeMeters>21.180000</AltitudeMeters>
						<HeartRateBpm>
							<Value>111</Value>
						</HeartRateBpm>
						<Cadence>48</Cadence>
						<Extensions>
							<ns3:TPX>
								<ns3:Speed>1.014200</ns3:Speed>
							</ns3:TPX>
						</Extensions>
					</Trackpoint>
					<Trackpoint>
						<Time>2569-03-03T11:53:26Z</Time>
						<Position>
							<LatitudeDegrees>12.588503</LatitudeDegrees>
							<LongitudeDegrees>101.419751</LongitudeDegrees>
						</Position>
						<AltitudeMeters>21.240000</AltitudeMeters>
						<HeartRateBpm>
							<Value>111</Value>
						</HeartRateBpm>
						<Cadence>48</Cadence>
						<Extensions>
							<ns3:TPX>
								<ns3:Speed>1.014200</ns3:Speed>
							</ns3:TPX>
						</Extensions>
					</Trackpoint>
					<Trackpoint>
						<Time>2569-03-03T11:53:27Z</Time>
						<Position>
							<LatitudeDegrees>12.588513</LatitudeDegrees>
							<LongitudeDegrees>101.419755</LongitudeDegrees>
						</Position>
						<AltitudeMeters>21.310000</AltitudeMeters>
						<HeartRateBpm>
							<Value>111</Value>
						</HeartRateBpm>
						<Cadence>48</Cadence>
						<Extensions>
							<ns3:TPX>
								<ns3:Speed>1.015230</ns3:Speed>
							</ns3:TPX>
						</Extensions>
					</Trackpoint>
					<Trackpoint>
						<Time>2569-03-03T11:53:28Z</Time>
						<Position>
							<LatitudeDegrees>12.588525</LatitudeDegrees>
							<LongitudeDegrees>101.419756</LongitudeDegrees>
						</Position>
						<AltitudeMeters>21.420000</AltitudeMeters>
						<HeartRateBpm>
							<Value>111</Value>
						</HeartRateBpm>
						<Cadence>48</Cadence>
						<Extensions>
							<ns3:TPX>
								<ns3:Speed>1.016260</ns3:Speed>
							</ns3:TPX>
						</Extensions>
					</Trackpoint>
					<Trackpoint>
						<Time>2569-03-03T11:53:29Z</Time>
						<Position>
							<LatitudeDegrees>12.588536</LatitudeDegrees>
							<LongitudeDegrees>101.419756</LongitudeDegrees>
						</Position>
						<AltitudeMeters>21.500000</AltitudeMeters>
						<HeartRateBpm>
							<Value>111</Value>
						</HeartRateBpm>
						<Cadence>48</Cadence>
						<Extensions>
							<ns3:TPX>
								<ns3:Speed>1.017290</ns3:Speed>
							</ns3:TPX>
						</Extensions>
					</Trackpoint>
					<Trackpoint>
						<Time>2569-03-03T11:53:30Z</Time>
						<Position>
							<LatitudeDegrees>12.588548</LatitudeDegrees>
							<LongitudeDegrees>101.419755</LongitudeDegrees>
						</Position>
						<AltitudeMeters>21.580000</AltitudeMeters>
						<HeartRateBpm>
							<Value>111</Value>
						</HeartRateBpm>
						<Cadence>48</Cadence>
						<Extensions>
							<ns3:TPX>
								<ns3:Speed>1.019370</ns3:Speed>
							</ns3:TPX>
						</Extensions>
					</Trackpoint>
					<Trackpoint>
						<Time>2569-03-03T11:53:31Z</Time>
						<Position>
							<LatitudeDegrees>12.588560</LatitudeDegrees>
							<LongitudeDegrees>101.419754</LongitudeDegrees>
						</Position>
						<AltitudeMeters>21.700000</AltitudeMeters>
						<HeartRateBpm>
							<Value>111</Value>
						</HeartRateBpm>
						<Cadence>48</Cadence>
						<Extensions>
							<ns3:TPX>
								<ns3:Speed>1.021450</ns3:Speed>
							</ns3:TPX>
						</Extensions>
					</Trackpoint>
					<Trackpoint>
						<Time>2569-03-03T11:53:32Z</Time>
						<Position>
							<LatitudeDegrees>12.588571</LatitudeDegrees>
							<LongitudeDegrees>101.419752</LongitudeDegrees>
						</Position>
						<AltitudeMeters>21.840000</AltitudeMeters>
						<HeartRateBpm>
							<Value>111</Value>
						</HeartRateBpm>
						<Cadence>47</Cadence>
						<Extensions>
							<ns3:TPX>
								<ns3:Speed>1.021450</ns3:Speed>
							</ns3:TPX>
						</Extensions>
					</Trackpoint>
					<Trackpoint>
						<Time>2569-03-03T11:53:33Z</Time>
						<Position>
							<LatitudeDegrees>12.588581</LatitudeDegrees>
							<LongitudeDegrees>101.419749</LongitudeDegrees>
						</Position>
						<AltitudeMeters>21.940000</AltitudeMeters>
						<HeartRateBpm>
							<Value>111</Value>
						</HeartRateBpm>
						<Cadence>47</Cadence>
						<Extensions>
							<ns3:TPX>
								<ns3:Speed>1.020410</ns3:Speed>
							</ns3:TPX>
						</Extensions>
					</Trackpoint>
					<Trackpoint>
						<Time>2569-03-03T11:53:34Z</Time>
						<Position>
							<LatitudeDegrees>12.588591</LatitudeDegrees>
							<LongitudeDegrees>101.419747</LongitudeDegrees>
						</Position>
						<AltitudeMeters>22.040000</AltitudeMeters>
						<HeartRateBpm>
							<Value>111</Value>
						</HeartRateBpm>
						<Cadence>47</Cadence>
						<Extensions>
							<ns3:TPX>
								<ns3:Speed>1.018330</ns3:Speed>
							</ns3:TPX>
						</Extensions>
					</Trackpoint>
					<Trackpoint>
						<Time>2569-03-03T11:53:35Z</Time>
						<Position>
							<LatitudeDegrees>12.588601</LatitudeDegrees>
							<LongitudeDegrees>101.419746</LongitudeDegrees>
						</Position>
						<AltitudeMeters>22.140000</AltitudeMeters>
						<HeartRateBpm>
							<Value>111</Value>
						</HeartRateBpm>
						<Cadence>47</Cadence>
						<Extensions>
							<ns3:TPX>
								<ns3:Speed>1.019370</ns3:Speed>
							</ns3:TPX>
						</Extensions>
					</Trackpoint>
					<Trackpoint>
						<Time>2569-03-03T11:53:36Z</Time>
						<Position>
							<LatitudeDegrees>12.588612</LatitudeDegrees>
							<LongitudeDegrees>101.419744</LongitudeDegrees>
						</Position>
						<AltitudeMeters>22.350000</AltitudeMeters>
						<HeartRateBpm>
							<Value>111</Value>
						</HeartRateBpm>
						<Cadence>47</Cadence>
						<Extensions>
							<ns3:TPX>
								<ns3:Speed>1.021450</ns3:Speed>
							</ns3:TPX>
						</Extensions>
					</Trackpoint>
					<Trackpoint>
						<Time>2569-03-03T11:53:37Z</Time>
						<Position>
							<LatitudeDegrees>12.588621</LatitudeDegrees>
							<LongitudeDegrees>101.419742</LongitudeDegrees>
						</Position>
						<AltitudeMeters>22.470000</AltitudeMeters>
						<HeartRateBpm>
							<Value>111</Value>
						</HeartRateBpm>
						<Cadence>47</Cadence>
						<Extensions>
							<ns3:TPX>
								<ns3:Speed>1.023540</ns3:Speed>
							</ns3:TPX>
						</Extensions>
					</Trackpoint>
					<Trackpoint>
						<Time>2569-03-03T11:53:38Z</Time>
						<Position>
							<LatitudeDegrees>12.588631</LatitudeDegrees>
							<LongitudeDegrees>101.419741</LongitudeDegrees>
						</Position>
						<AltitudeMeters>22.590000</AltitudeMeters>
						<HeartRateBpm>
							<Value>111</Value>
						</HeartRateBpm>
						<Cadence>47</Cadence>
						<Extensions>
							<ns3:TPX>
								<ns3:Speed>1.024590</ns3:Speed>
							</ns3:TPX>
						</Extensions>
					</Trackpoint>
					<Trackpoint>
						<Time>2569-03-03T11:53:39Z</Time>
						<Position>
							<LatitudeDegrees>12.588640</LatitudeDegrees>
							<LongitudeDegrees>101.419739</LongitudeDegrees>
						</Position>
						<AltitudeMeters>22.710000</AltitudeMeters>
						<HeartRateBpm>
							<Value>111</Value>
						</HeartRateBpm>
						<Cadence>47</Cadence>
						<Extensions>
							<ns3:TPX>
								<ns3:Speed>1.025640</ns3:Speed>
							</ns3:TPX>
						</Extensions>
					</Trackpoint>
					<Trackpoint>
						<Time>2569-03-03T11:53:40Z</Time>
						<Position>
							<LatitudeDegrees>12.588649</LatitudeDegrees>
							<LongitudeDegrees>101.419736</LongitudeDegrees>
						</Position>
						<AltitudeMeters>22.840000</AltitudeMeters>
						<HeartRateBpm>
							<Value>111</Value>
						</HeartRateBpm>
						<Cadence>46</Cadence>
						<Extensions>
							<ns3:TPX>
								<ns3:Speed>1.025640</ns3:Speed>
							</ns3:TPX>
						</Extensions>
					</Trackpoint>
					<Trackpoint>
						<Time>2569-03-03T11:53:41Z</Time>
						<Position>
							<LatitudeDegrees>12.588657</LatitudeDegrees>
							<LongitudeDegrees>101.419732</LongitudeDegrees>
						</Position>
						<AltitudeMeters>22.910000</AltitudeMeters>
						<HeartRateBpm>
							<Value>111</Value>
						</HeartRateBpm>
						<Cadence>46</Cadence>
						<Extensions>
							<ns3:TPX>
								<ns3:Speed>1.025640</ns3:Speed>
							</ns3:TPX>
						</Extensions>
					</Trackpoint>
					<Trackpoint>
						<Time>2569-03-03T11:53:42Z</Time>
						<Position>
							<LatitudeDegrees>12.588665</LatitudeDegrees>
							<LongitudeDegrees>101.419728</LongitudeDegrees>
						</Position>
						<AltitudeMeters>23.040000</AltitudeMeters>
						<HeartRateBpm>
							<Value>111</Value>
						</HeartRateBpm>
						<Cadence>46</Cadence>
						<Extensions>
							<ns3:TPX>
								<ns3:Speed>1.024590</ns3:Speed>
							</ns3:TPX>
						</Extensions>
					</Trackpoint>
					<Trackpoint>
						<Time>2569-03-03T11:53:43Z</Time>
						<Position>
							<LatitudeDegrees>12.588674</LatitudeDegrees>
							<LongitudeDegrees>101.419724</LongitudeDegrees>
						</Position>
						<AltitudeMeters>23.170000</AltitudeMeters>
						<HeartRateBpm>
							<Value>111</Value>
						</HeartRateBpm>
						<Cadence>46</Cadence>
						<Extensions>
							<ns3:TPX>
								<ns3:Speed>1.023540</ns3:Speed>
							</ns3:TPX>
						</Extensions>
					</Trackpoint>
					<Trackpoint>
						<Time>2569-03-03T11:53:44Z</Time>
						<Position>
							<LatitudeDegrees>12.588682</LatitudeDegrees>
							<LongitudeDegrees>101.419720</LongitudeDegrees>
						</Position>
						<AltitudeMeters>23.370000</AltitudeMeters>
						<HeartRateBpm>
							<Value>112</Value>
						</HeartRateBpm>
						<Cadence>46</Cadence>
						<Extensions>
							<ns3:TPX>
								<ns3:Speed>1.022490</ns3:Speed>
							</ns3:TPX>
						</Extensions>
					</Trackpoint>
					<Trackpoint>
						<Time>2569-03-03T11:53:45Z</Time>
						<Position>
							<LatitudeDegrees>12.588690</LatitudeDegrees>
							<LongitudeDegrees>101.419717</LongitudeDegrees>
						</Position>
						<AltitudeMeters>23.500000</AltitudeMeters>
						<HeartRateBpm>
							<Value>112</Value>
						</HeartRateBpm>
						<Cadence>46</Cadence>
						<Extensions>
							<ns3:TPX>
								<ns3:Speed>1.020410</ns3:Speed>
							</ns3:TPX>
						</Extensions>
					</Trackpoint>
					<Trackpoint>
						<Time>2569-03-03T11:53:46Z</Time>
						<Position>
							<LatitudeDegrees>12.588699</LatitudeDegrees>
							<LongitudeDegrees>101.419714</LongitudeDegrees>
						</Position>
						<AltitudeMeters>23.580000</AltitudeMeters>
						<HeartRateBpm>
							<Value>112</Value>
						</HeartRateBpm>
						<Cadence>46</Cadence>
						<Extensions>
							<ns3:TPX>
								<ns3:Speed>1.019370</ns3:Speed>
							</ns3:TPX>
						</Extensions>
					</Trackpoint>
					<Trackpoint>
						<Time>2569-03-03T11:53:47Z</Time>
						<Position>
							<LatitudeDegrees>12.588707</LatitudeDegrees>
							<LongitudeDegrees>101.419710</LongitudeDegrees>
						</Position>
						<AltitudeMeters>23.710000</AltitudeMeters>
						<HeartRateBpm>
							<Value>113</Value>
						</HeartRateBpm>
						<Cadence>46</Cadence>
						<Extensions>
							<ns3:TPX>
								<ns3:Speed>1.017290</ns3:Speed>
							</ns3:TPX>
						</Extensions>
					</Trackpoint>
					<Trackpoint>
						<Time>2569-03-03T11:53:48Z</Time>
						<Position>
							<LatitudeDegrees>12.588715</LatitudeDegrees>
							<LongitudeDegrees>101.419705</LongitudeDegrees>
						</Position>
						<AltitudeMeters>23.850000</AltitudeMeters>
						<HeartRateBpm>
							<Value>113</Value>
						</HeartRateBpm>
						<Cadence>46</Cadence>
						<Extensions>
							<ns3:TPX>
								<ns3:Speed>1.014200</ns3:Speed>
							</ns3:TPX>
						</Extensions>
					</Trackpoint>
					<Trackpoint>
						<Time>2569-03-03T11:53:49Z</Time>
						<Position>
							<LatitudeDegrees>12.588723</LatitudeDegrees>
							<LongitudeDegrees>101.419700</LongitudeDegrees>
						</Position>
						<AltitudeMeters>23.990000</AltitudeMeters>
						<HeartRateBpm>
							<Value>113</Value>
						</HeartRateBpm>
						<Cadence>46</Cadence>
						<Extensions>
							<ns3:TPX>
								<ns3:Speed>1.012150</ns3:Speed>
							</ns3:TPX>
						</Extensions>
					</Trackpoint>
					<Trackpoint>
						<Time>2569-03-03T11:53:50Z</Time>
						<Position>
							<LatitudeDegrees>12.588730</LatitudeDegrees>
							<LongitudeDegrees>101.419695</LongitudeDegrees>
						</Position>
						<AltitudeMeters>24.130000</AltitudeMeters>
						<HeartRateBpm>
							<Value>113</Value>
						</HeartRateBpm>
						<Cadence>46</Cadence>
						<Extensions>
							<ns3:TPX>
								<ns3:Speed>1.010100</ns3:Speed>
							</ns3:TPX>
						</Extensions>
					</Trackpoint>
					<Trackpoint>
						<Time>2569-03-03T11:53:51Z</Time>
						<Position>
							<LatitudeDegrees>12.588737</LatitudeDegrees>
							<LongitudeDegrees>101.419691</LongitudeDegrees>
						</Position>
						<AltitudeMeters>24.210000</AltitudeMeters>
						<HeartRateBpm>
							<Value>114</Value>
						</HeartRateBpm>
						<Cadence>47</Cadence>
						<Extensions>
							<ns3:TPX>
								<ns3:Speed>1.008060</ns3:Speed>
							</ns3:TPX>
						</Extensions>
					</Trackpoint>
					<Trackpoint>
						<Time>2569-03-03T11:53:52Z</Time>
						<Position>
							<LatitudeDegrees>12.588743</LatitudeDegrees>
							<LongitudeDegrees>101.419686</LongitudeDegrees>
						</Position>
						<AltitudeMeters>24.350000</AltitudeMeters>
						<HeartRateBpm>
							<Value>115</Value>
						</HeartRateBpm>
						<Cadence>47</Cadence>
						<Extensions>
							<ns3:TPX>
								<ns3:Speed>1.005030</ns3:Speed>
							</ns3:TPX>
						</Extensions>
					</Trackpoint>
					<Trackpoint>
						<Time>2569-03-03T11:53:53Z</Time>
						<Position>
							<LatitudeDegrees>12.588750</LatitudeDegrees>
							<LongitudeDegrees>101.419681</LongitudeDegrees>
						</Position>
						<AltitudeMeters>24.490000</AltitudeMeters>
						<HeartRateBpm>
							<Value>115</Value>
						</HeartRateBpm>
						<Cadence>47</Cadence>
						<Extensions>
							<ns3:TPX>
								<ns3:Speed>1.003010</ns3:Speed>
							</ns3:TPX>
						</Extensions>
					</Trackpoint>
					<Trackpoint>
						<Time>2569-03-03T11:53:54Z</Time>
						<Position>
							<LatitudeDegrees>12.588756</LatitudeDegrees>
							<LongitudeDegrees>101.419675</LongitudeDegrees>
						</Position>
						<AltitudeMeters>24.630000</AltitudeMeters>
						<HeartRateBpm>
							<Value>116</Value>
						</HeartRateBpm>
						<Cadence>47</Cadence>
						<Extensions>
							<ns3:TPX>
								<ns3:Speed>1.000000</ns3:Speed>
							</ns3:TPX>
						</Extensions>
					</Trackpoint>
					<Trackpoint>
						<Time>2569-03-03T11:53:55Z</Time>
						<Position>
							<LatitudeDegrees>12.588763</LatitudeDegrees>
							<LongitudeDegrees>101.419669</LongitudeDegrees>
						</Position>
						<AltitudeMeters>24.770000</AltitudeMeters>
						<HeartRateBpm>
							<Value>116</Value>
						</HeartRateBpm>
						<Cadence>46</Cadence>
						<Extensions>
							<ns3:TPX>
								<ns3:Speed>0.997010</ns3:Speed>
							</ns3:TPX>
						</Extensions>
					</Trackpoint>
					<Trackpoint>
						<Time>2569-03-03T11:53:56Z</Time>
						<Position>
							<LatitudeDegrees>12.588769</LatitudeDegrees>
							<LongitudeDegrees>101.419664</LongitudeDegrees>
						</Position>
						<AltitudeMeters>24.910000</AltitudeMeters>
						<HeartRateBpm>
							<Value>116</Value>
						</HeartRateBpm>
						<Cadence>46</Cadence>
						<Extensions>
							<ns3:TPX>
								<ns3:Speed>0.994040</ns3:Speed>
							</ns3:TPX>
						</Extensions>
					</Trackpoint>
					<Trackpoint>
						<Time>2569-03-03T11:53:57Z</Time>
						<Position>
							<LatitudeDegrees>12.588776</LatitudeDegrees>
							<LongitudeDegrees>101.419658</LongitudeDegrees>
						</Position>
						<AltitudeMeters>25.060000</AltitudeMeters>
						<HeartRateBpm>
							<Value>116</Value>
						</HeartRateBpm>
						<Cadence>46</Cadence>
						<Extensions>
							<ns3:TPX>
								<ns3:Speed>0.991080</ns3:Speed>
							</ns3:TPX>
						</Extensions>
					</Trackpoint>
					<Trackpoint>
						<Time>2569-03-03T11:53:58Z</Time>
						<Position>
							<LatitudeDegrees>12.588782</LatitudeDegrees>
							<LongitudeDegrees>101.419654</LongitudeDegrees>
						</Position>
						<AltitudeMeters>25.270000</AltitudeMeters>
						<Cadence>46</Cadence>
						<Extensions>
							<ns3:TPX>
								<ns3:Speed>0.988140</ns3:Speed>
							</ns3:TPX>
						</Extensions>
					</Trackpoint>
					<Trackpoint>
						<Time>2569-03-03T11:53:59Z</Time>
						<Position>
							<LatitudeDegrees>12.588789</LatitudeDegrees>
							<LongitudeDegrees>101.419650</LongitudeDegrees>
						</Position>
						<AltitudeMeters>25.410000</AltitudeMeters>
						<HeartRateBpm>
							<Value>116</Value>
						</HeartRateBpm>
						<Cadence>46</Cadence>
						<Extensions>
							<ns3:TPX>
								<ns3:Speed>0.985220</ns3:Speed>
							</ns3:TPX>
						</Extensions>
					</Trackpoint>
					<Trackpoint>
						<Time>2569-03-03T11:54:00Z</Time>
						<Position>
							<LatitudeDegrees>12.588797</LatitudeDegrees>
							<LongitudeDegrees>101.419646</LongitudeDegrees>
						</Position>
						<AltitudeMeters>25.490000</AltitudeMeters>
						<HeartRateBpm>
							<Value>116</Value>
						</HeartRateBpm>
						<Cadence>46</Cadence>
						<Extensions>
							<ns3:TPX>
								<ns3:Speed>0.982320</ns3:Speed>
							</ns3:TPX>
						</Extensions>
					</Trackpoint>
					<Trackpoint>
						<Time>2569-03-03T11:54:01Z</Time>
						<Position>
							<LatitudeDegrees>12.588804</LatitudeDegrees>
							<LongitudeDegrees>101.419642</LongitudeDegrees>
						</Position>
						<AltitudeMeters>25.630000</AltitudeMeters>
						<HeartRateBpm>
							<Value>117</Value>
						</HeartRateBpm>
						<Cadence>46</Cadence>
						<Extensions>
							<ns3:TPX>
								<ns3:Speed>0.979430</ns3:Speed>
							</ns3:TPX>
						</Extensions>
					</Trackpoint>
					<Trackpoint>
						<Time>2569-03-03T11:54:02Z</Time>
						<Position>
							<LatitudeDegrees>12.588811</LatitudeDegrees>
							<LongitudeDegrees>101.419638</LongitudeDegrees>
						</Position>
						<AltitudeMeters>25.770000</AltitudeMeters>
						<HeartRateBpm>
							<Value>118</Value>
						</HeartRateBpm>
						<Cadence>46</Cadence>
						<Extensions>
							<ns3:TPX>
								<ns3:Speed>0.976560</ns3:Speed>
							</ns3:TPX>
						</Extensions>
					</Trackpoint>
					<Trackpoint>
						<Time>2569-03-03T11:54:03Z</Time>
						<Position>
							<LatitudeDegrees>12.588819</LatitudeDegrees>
							<LongitudeDegrees>101.419633</LongitudeDegrees>
						</Position>
						<AltitudeMeters>25.920000</AltitudeMeters>
						<HeartRateBpm>
							<Value>118</Value>
						</HeartRateBpm>
						<Cadence>46</Cadence>
						<Extensions>
							<ns3:TPX>
								<ns3:Speed>0.974660</ns3:Speed>
							</ns3:TPX>
						</Extensions>
					</Trackpoint>
					<Trackpoint>
						<Time>2569-03-03T11:54:04Z</Time>
						<Position>
							<LatitudeDegrees>12.588826</LatitudeDegrees>
							<LongitudeDegrees>101.419629</LongitudeDegrees>
						</Position>
						<AltitudeMeters>26.060000</AltitudeMeters>
						<HeartRateBpm>
							<Value>119</Value>
						</HeartRateBpm>
						<Cadence>46</Cadence>
						<Extensions>
							<ns3:TPX>
								<ns3:Speed>0.971820</ns3:Speed>
							</ns3:TPX>
						</Extensions>
					</Trackpoint>
					<Trackpoint>
						<Time>2569-03-03T11:54:05Z</Time>
						<Position>
							<LatitudeDegrees>12.588833</LatitudeDegrees>
							<LongitudeDegrees>101.419626</LongitudeDegrees>
						</Position>
						<AltitudeMeters>26.200000</AltitudeMeters>
						<HeartRateBpm>
							<Value>120</Value>
						</HeartRateBpm>
						<Cadence>46</Cadence>
						<Extensions>
							<ns3:TPX>
								<ns3:Speed>0.968990</ns3:Speed>
							</ns3:TPX>
						</Extensions>
					</Trackpoint>
					<Trackpoint>
						<Time>2569-03-03T11:54:06Z</Time>
						<Position>
							<LatitudeDegrees>12.588840</LatitudeDegrees>
							<LongitudeDegrees>101.419622</LongitudeDegrees>
						</Position>
						<AltitudeMeters>26.350000</AltitudeMeters>
						<HeartRateBpm>
							<Value>120</Value>
						</HeartRateBpm>
						<Cadence>46</Cadence>
						<Extensions>
							<ns3:TPX>
								<ns3:Speed>0.966180</ns3:Speed>
							</ns3:TPX>
						</Extensions>
					</Trackpoint>
					<Trackpoint>
						<Time>2569-03-03T11:54:07Z</Time>
						<Position>
							<LatitudeDegrees>12.588847</LatitudeDegrees>
							<LongitudeDegrees>101.419619</LongitudeDegrees>
						</Position>
						<AltitudeMeters>26.490000</AltitudeMeters>
						<HeartRateBpm>
							<Value>119</Value>
						</HeartRateBpm>
						<Cadence>46</Cadence>
						<Extensions>
							<ns3:TPX>
								<ns3:Speed>0.963390</ns3:Speed>
							</ns3:TPX>
						</Extensions>
					</Trackpoint>
					<Trackpoint>
						<Time>2569-03-03T11:54:08Z</Time>
						<Position>
							<LatitudeDegrees>12.588854</LatitudeDegrees>
							<LongitudeDegrees>101.419616</LongitudeDegrees>
						</Position>
						<AltitudeMeters>26.630000</AltitudeMeters>
						<HeartRateBpm>
							<Value>120</Value>
						</HeartRateBpm>
						<Cadence>46</Cadence>
						<Extensions>
							<ns3:TPX>
								<ns3:Speed>0.960610</ns3:Speed>
							</ns3:TPX>
						</Extensions>
					</Trackpoint>
					<Trackpoint>
						<Time>2569-03-03T11:54:09Z</Time>
						<Position>
							<LatitudeDegrees>12.588862</LatitudeDegrees>
							<LongitudeDegrees>101.419613</LongitudeDegrees>
						</Position>
						<AltitudeMeters>26.770000</AltitudeMeters>
						<HeartRateBpm>
							<Value>121</Value>
						</HeartRateBpm>
						<Cadence>46</Cadence>
						<Extensions>
							<ns3:TPX>
								<ns3:Speed>0.957850</ns3:Speed>
							</ns3:TPX>
						</Extensions>
					</Trackpoint>
					<Trackpoint>
						<Time>2569-03-03T11:54:10Z</Time>
						<Position>
							<LatitudeDegrees>12.588869</LatitudeDegrees>
							<LongitudeDegrees>101.419609</LongitudeDegrees>
						</Position>
						<AltitudeMeters>26.920000</AltitudeMeters>
						<HeartRateBpm>
							<Value>122</Value>
						</HeartRateBpm>
						<Cadence>46</Cadence>
						<Extensions>
							<ns3:TPX>
								<ns3:Speed>0.955110</ns3:Speed>
							</ns3:TPX>
						</Extensions>
					</Trackpoint>
					<Trackpoint>
						<Time>2569-03-03T11:54:11Z</Time>
						<Position>
							<LatitudeDegrees>12.588875</LatitudeDegrees>
							<LongitudeDegrees>101.419606</LongitudeDegrees>
						</Position>
						<AltitudeMeters>27.060000</AltitudeMeters>
						<HeartRateBpm>
							<Value>122</Value>
						</HeartRateBpm>
						<Cadence>47</Cadence>
						<Extensions>
							<ns3:TPX>
								<ns3:Speed>0.952380</ns3:Speed>
							</ns3:TPX>
						</Extensions>
					</Trackpoint>
					<Trackpoint>
						<Time>2569-03-03T11:54:12Z</Time>
						<Position>
							<LatitudeDegrees>12.588881</LatitudeDegrees>
							<LongitudeDegrees>101.419601</LongitudeDegrees>
						</Position>
						<AltitudeMeters>27.200000</AltitudeMeters>
						<HeartRateBpm>
							<Value>122</Value>
						</HeartRateBpm>
						<Cadence>47</Cadence>
						<Extensions>
							<ns3:TPX>
								<ns3:Speed>0.949670</ns3:Speed>
							</ns3:TPX>
						</Extensions>
					</Trackpoint>
					<Trackpoint>
						<Time>2569-03-03T11:54:13Z</Time>
						<Position>
							<LatitudeDegrees>12.588888</LatitudeDegrees>
							<LongitudeDegrees>101.419596</LongitudeDegrees>
						</Position>
						<AltitudeMeters>27.340000</AltitudeMeters>
						<HeartRateBpm>
							<Value>122</Value>
						</HeartRateBpm>
						<Cadence>47</Cadence>
						<Extensions>
							<ns3:TPX>
								<ns3:Speed>0.946970</ns3:Speed>
							</ns3:TPX>
						</Extensions>
					</Trackpoint>
					<Trackpoint>
						<Time>2569-03-03T11:54:14Z</Time>
						<Position>
							<LatitudeDegrees>12.588893</LatitudeDegrees>
							<LongitudeDegrees>101.419591</LongitudeDegrees>
						</Position>
						<AltitudeMeters>27.480000</AltitudeMeters>
						<HeartRateBpm>
							<Value>122</Value>
						</HeartRateBpm>
						<Cadence>47</Cadence>
						<Extensions>
							<ns3:TPX>
								<ns3:Speed>0.944290</ns3:Speed>
							</ns3:TPX>
						</Extensions>
					</Trackpoint>
					<Trackpoint>
						<Time>2569-03-03T11:54:15Z</Time>
						<Position>
							<LatitudeDegrees>12.588900</LatitudeDegrees>
							<LongitudeDegrees>101.419587</LongitudeDegrees>
						</Position>
						<AltitudeMeters>27.550000</AltitudeMeters>
						<HeartRateBpm>
							<Value>123</Value>
						</HeartRateBpm>
						<Cadence>46</Cadence>
						<Extensions>
							<ns3:TPX>
								<ns3:Speed>0.941620</ns3:Speed>
							</ns3:TPX>
						</Extensions>
					</Trackpoint>
					<Trackpoint>
						<Time>2569-03-03T11:54:16Z</Time>
						<Position>
							<LatitudeDegrees>12.588905</LatitudeDegrees>
							<LongitudeDegrees>101.419581</LongitudeDegrees>
						</Position>
						<AltitudeMeters>27.620000</AltitudeMeters>
						<HeartRateBpm>
							<Value>123</Value>
						</HeartRateBpm>
						<Cadence>46</Cadence>
						<Extensions>
							<ns3:TPX>
								<ns3:Speed>0.938090</ns3:Speed>
							</ns3:TPX>
						</Extensions>
					</Trackpoint>
					<Trackpoint>
						<Time>2569-03-03T11:54:17Z</Time>
						<Position>
							<LatitudeDegrees>12.588911</LatitudeDegrees>
							<LongitudeDegrees>101.419575</LongitudeDegrees>
						</Position>
						<AltitudeMeters>27.750000</AltitudeMeters>
						<HeartRateBpm>
							<Value>123</Value>
						</HeartRateBpm>
						<Cadence>46</Cadence>
						<Extensions>
							<ns3:TPX>
								<ns3:Speed>0.935450</ns3:Speed>
							</ns3:TPX>
						</Extensions>
					</Trackpoint>
					<Trackpoint>
						<Time>2569-03-03T11:54:18Z</Time>
						<Position>
							<LatitudeDegrees>12.588917</LatitudeDegrees>
							<LongitudeDegrees>101.419570</LongitudeDegrees>
						</Position>
						<AltitudeMeters>27.880000</AltitudeMeters>
						<HeartRateBpm>
							<Value>123</Value>
						</HeartRateBpm>
						<Cadence>46</Cadence>
						<Extensions>
							<ns3:TPX>
								<ns3:Speed>0.932840</ns3:Speed>
							</ns3:TPX>
						</Extensions>
					</Trackpoint>
					<Trackpoint>
						<Time>2569-03-03T11:54:19Z</Time>
						<Position>
							<LatitudeDegrees>12.588923</LatitudeDegrees>
							<LongitudeDegrees>101.419565</LongitudeDegrees>
						</Position>
						<AltitudeMeters>28.020000</AltitudeMeters>
						<HeartRateBpm>
							<Value>123</Value>
						</HeartRateBpm>
						<Cadence>46</Cadence>
						<Extensions>
							<ns3:TPX>
								<ns3:Speed>0.930230</ns3:Speed>
							</ns3:TPX>
						</Extensions>
					</Trackpoint>
					<Trackpoint>
						<Time>2569-03-03T11:54:20Z</Time>
						<Position>
							<LatitudeDegrees>12.588929</LatitudeDegrees>
							<LongitudeDegrees>101.419560</LongitudeDegrees>
						</Position>
						<AltitudeMeters>28.150000</AltitudeMeters>
						<HeartRateBpm>
							<Value>124</Value>
						</HeartRateBpm>
						<Cadence>46</Cadence>
						<Extensions>
							<ns3:TPX>
								<ns3:Speed>0.927640</ns3:Speed>
							</ns3:TPX>
						</Extensions>
					</Trackpoint>
					<Trackpoint>
						<Time>2569-03-03T11:54:21Z</Time>
						<Position>
							<LatitudeDegrees>12.588935</LatitudeDegrees>
							<LongitudeDegrees>101.419555</LongitudeDegrees>
						</Position>
						<AltitudeMeters>28.270000</AltitudeMeters>
						<HeartRateBpm>
							<Value>124</Value>
						</HeartRateBpm>
						<Cadence>47</Cadence>
						<Extensions>
							<ns3:TPX>
								<ns3:Speed>0.925070</ns3:Speed>
							</ns3:TPX>
						</Extensions>
					</Trackpoint>
					<Trackpoint>
						<Time>2569-03-03T11:54:22Z</Time>
						<Position>
							<LatitudeDegrees>12.588942</LatitudeDegrees>
							<LongitudeDegrees>101.419550</LongitudeDegrees>
						</Position>
						<AltitudeMeters>28.400000</AltitudeMeters>
						<HeartRateBpm>
							<Value>124</Value>
						</HeartRateBpm>
						<Cadence>47</Cadence>
						<Extensions>
							<ns3:TPX>
								<ns3:Speed>0.923360</ns3:Speed>
							</ns3:TPX>
						</Extensions>
					</Trackpoint>
					<Trackpoint>
						<Time>2569-03-03T11:54:23Z</Time>
						<Position>
							<LatitudeDegrees>12.588948</LatitudeDegrees>
							<LongitudeDegrees>101.419546</LongitudeDegrees>
						</Position>
						<AltitudeMeters>28.530000</AltitudeMeters>
						<HeartRateBpm>
							<Value>125</Value>
						</HeartRateBpm>
						<Cadence>47</Cadence>
						<Extensions>
							<ns3:TPX>
								<ns3:Speed>0.920810</ns3:Speed>
							</ns3:TPX>
						</Extensions>
					</Trackpoint>
					<Trackpoint>
						<Time>2569-03-03T11:54:24Z</Time>
						<Position>
							<LatitudeDegrees>12.588955</LatitudeDegrees>
							<LongitudeDegrees>101.419542</LongitudeDegrees>
						</Position>
						<AltitudeMeters>28.650000</AltitudeMeters>
						<HeartRateBpm>
							<Value>125</Value>
						</HeartRateBpm>
						<Cadence>47</Cadence>
						<Extensions>
							<ns3:TPX>
								<ns3:Speed>0.919120</ns3:Speed>
							</ns3:TPX>
						</Extensions>
					</Trackpoint>
					<Trackpoint>
						<Time>2569-03-03T11:54:25Z</Time>
						<Position>
							<LatitudeDegrees>12.588962</LatitudeDegrees>
							<LongitudeDegrees>101.419538</LongitudeDegrees>
						</Position>
						<AltitudeMeters>28.710000</AltitudeMeters>
						<HeartRateBpm>
							<Value>126</Value>
						</HeartRateBpm>
						<Cadence>47</Cadence>
						<Extensions>
							<ns3:TPX>
								<ns3:Speed>0.917430</ns3:Speed>
							</ns3:TPX>
						</Extensions>
					</Trackpoint>
					<Trackpoint>
						<Time>2569-03-03T11:54:26Z</Time>
						<Position>
							<LatitudeDegrees>12.588969</LatitudeDegrees>
							<LongitudeDegrees>101.419534</LongitudeDegrees>
						</Position>
						<AltitudeMeters>28.830000</AltitudeMeters>
						<HeartRateBpm>
							<Value>126</Value>
						</HeartRateBpm>
						<Cadence>46</Cadence>
						<Extensions>
							<ns3:TPX>
								<ns3:Speed>0.915750</ns3:Speed>
							</ns3:TPX>
						</Extensions>
					</Trackpoint>
					<Trackpoint>
						<Time>2569-03-03T11:54:27Z</Time>
						<Position>
							<LatitudeDegrees>12.588975</LatitudeDegrees>
							<LongitudeDegrees>101.419530</LongitudeDegrees>
						</Position>
						<AltitudeMeters>28.950000</AltitudeMeters>
						<HeartRateBpm>
							<Value>126</Value>
						</HeartRateBpm>
						<Cadence>46</Cadence>
						<Extensions>
							<ns3:TPX>
								<ns3:Speed>0.914080</ns3:Speed>
							</ns3:TPX>
						</Extensions>
					</Trackpoint>
					<Trackpoint>
						<Time>2569-03-03T11:54:28Z</Time>
						<Position>
							<LatitudeDegrees>12.588983</LatitudeDegrees>
							<LongitudeDegrees>101.419527</LongitudeDegrees>
						</Position>
						<AltitudeMeters>29.060000</AltitudeMeters>
						<HeartRateBpm>
							<Value>127</Value>
						</HeartRateBpm>
						<Cadence>46</Cadence>
						<Extensions>
							<ns3:TPX>
								<ns3:Speed>0.912410</ns3:Speed>
							</ns3:TPX>
						</Extensions>
					</Trackpoint>
					<Trackpoint>
						<Time>2569-03-03T11:54:29Z</Time>
						<Position>
							<LatitudeDegrees>12.588991</LatitudeDegrees>
							<LongitudeDegrees>101.419524</LongitudeDegrees>
						</Position>
						<AltitudeMeters>29.180000</AltitudeMeters>
						<HeartRateBpm>
							<Value>127</Value>
						</HeartRateBpm>
						<Cadence>46</Cadence>
						<Extensions>
							<ns3:TPX>
								<ns3:Speed>0.911580</ns3:Speed>
							</ns3:TPX>
						</Extensions>
					</Trackpoint>
					<Trackpoint>
						<Time>2569-03-03T11:54:30Z</Time>
						<Position>
							<LatitudeDegrees>12.588999</LatitudeDegrees>
							<LongitudeDegrees>101.419521</LongitudeDegrees>
						</Position>
						<AltitudeMeters>29.290000</AltitudeMeters>
						<HeartRateBpm>
							<Value>127</Value>
						</HeartRateBpm>
						<Cadence>46</Cadence>
						<Extensions>
							<ns3:TPX>
								<ns3:Speed>0.909920</ns3:Speed>
							</ns3:TPX>
						</Extensions>
					</Trackpoint>
					<Trackpoint>
						<Time>2569-03-03T11:54:31Z</Time>
						<Position>
							<LatitudeDegrees>12.589007</LatitudeDegrees>
							<LongitudeDegrees>101.419519</LongitudeDegrees>
						</Position>
						<AltitudeMeters>29.400000</AltitudeMeters>
						<HeartRateBpm>
							<Value>127</Value>
						</HeartRateBpm>
						<Cadence>46</Cadence>
						<Extensions>
							<ns3:TPX>
								<ns3:Speed>0.909090</ns3:Speed>
							</ns3:TPX>
						</Extensions>
					</Trackpoint>
					<Trackpoint>
						<Time>2569-03-03T11:54:32Z</Time>
						<Position>
							<LatitudeDegrees>12.589016</LatitudeDegrees>
							<LongitudeDegrees>101.419517</LongitudeDegrees>
						</Position>
						<AltitudeMeters>29.510000</AltitudeMeters>
						<HeartRateBpm>
							<Value>128</Value>
						</HeartRateBpm>
						<Cadence>46</Cadence>
						<Extensions>
							<ns3:TPX>
								<ns3:Speed>0.908270</ns3:Speed>
							</ns3:TPX>
						</Extensions>
					</Trackpoint>
					<Trackpoint>
						<Time>2569-03-03T11:54:33Z</Time>
						<Position>
							<LatitudeDegrees>12.589024</LatitudeDegrees>
							<LongitudeDegrees>101.419515</LongitudeDegrees>
						</Position>
						<AltitudeMeters>29.680000</AltitudeMeters>
						<HeartRateBpm>
							<Value>127</Value>
						</HeartRateBpm>
						<Cadence>46</Cadence>
						<Extensions>
							<ns3:TPX>
								<ns3:Speed>0.908270</ns3:Speed>
							</ns3:TPX>
						</Extensions>
					</Trackpoint>
					<Trackpoint>
						<Time>2569-03-03T11:54:34Z</Time>
						<Position>
							<LatitudeDegrees>12.589033</LatitudeDegrees>
							<LongitudeDegrees>101.419513</LongitudeDegrees>
						</Position>
						<AltitudeMeters>29.790000</AltitudeMeters>
						<HeartRateBpm>
							<Value>127</Value>
						</HeartRateBpm>
						<Cadence>47</Cadence>
						<Extensions>
							<ns3:TPX>
								<ns3:Speed>0.908270</ns3:Speed>
							</ns3:TPX>
						</Extensions>
					</Trackpoint>
					<Trackpoint>
						<Time>2569-03-03T11:54:35Z</Time>
						<Position>
							<LatitudeDegrees>12.589041</LatitudeDegrees>
							<LongitudeDegrees>101.419511</LongitudeDegrees>
						</Position>
						<AltitudeMeters>29.900000</AltitudeMeters>
						<HeartRateBpm>
							<Value>127</Value>
						</HeartRateBpm>
						<Cadence>47</Cadence>
						<Extensions>
							<ns3:TPX>
								<ns3:Speed>0.909090</ns3:Speed>
							</ns3:TPX>
						</Extensions>
					</Trackpoint>
					<Trackpoint>
						<Time>2569-03-03T11:54:36Z</Time>
						<Position>
							<LatitudeDegrees>12.589049</LatitudeDegrees>
							<LongitudeDegrees>101.419509</LongitudeDegrees>
						</Position>
						<AltitudeMeters>30.000000</AltitudeMeters>
						<HeartRateBpm>
							<Value>127</Value>
						</HeartRateBpm>
						<Cadence>47</Cadence>
						<Extensions>
							<ns3:TPX>
								<ns3:Speed>0.909920</ns3:Speed>
							</ns3:TPX>
						</Extensions>
					</Trackpoint>
					<Trackpoint>
						<Time>2569-03-03T11:54:37Z</Time>
						<Position>
							<LatitudeDegrees>12.589058</LatitudeDegrees>
							<LongitudeDegrees>101.419506</LongitudeDegrees>
						</Position>
						<AltitudeMeters>30.110000</AltitudeMeters>
						<HeartRateBpm>
							<Value>128</Value>
						</HeartRateBpm>
						<Cadence>47</Cadence>
						<Extensions>
							<ns3:TPX>
								<ns3:Speed>0.910750</ns3:Speed>
							</ns3:TPX>
						</Extensions>
					</Trackpoint>
					<Trackpoint>
						<Time>2569-03-03T11:54:38Z</Time>
						<Position>
							<LatitudeDegrees>12.589067</LatitudeDegrees>
							<LongitudeDegrees>101.419504</LongitudeDegrees>
						</Position>
						<AltitudeMeters>30.210000</AltitudeMeters>
						<HeartRateBpm>
							<Value>128</Value>
						</HeartRateBpm>
						<Cadence>47</Cadence>
						<Extensions>
							<ns3:TPX>
								<ns3:Speed>0.911580</ns3:Speed>
							</ns3:TPX>
						</Extensions>
					</Trackpoint>
					<Trackpoint>
						<Time>2569-03-03T11:54:39Z</Time>
						<Position>
							<LatitudeDegrees>12.589075</LatitudeDegrees>
							<LongitudeDegrees>101.419503</LongitudeDegrees>
						</Position>
						<AltitudeMeters>30.320000</AltitudeMeters>
						<HeartRateBpm>
							<Value>127</Value>
						</HeartRateBpm>
						<Cadence>47</Cadence>
						<Extensions>
							<ns3:TPX>
								<ns3:Speed>0.912410</ns3:Speed>
							</ns3:TPX>
						</Extensions>
					</Trackpoint>
					<Trackpoint>
						<Time>2569-03-03T11:54:40Z</Time>
						<Position>
							<LatitudeDegrees>12.589084</LatitudeDegrees>
							<LongitudeDegrees>101.419501</LongitudeDegrees>
						</Position>
						<AltitudeMeters>30.420000</AltitudeMeters>
						<HeartRateBpm>
							<Value>127</Value>
						</HeartRateBpm>
						<Cadence>47</Cadence>
						<Extensions>
							<ns3:TPX>
								<ns3:Speed>0.913240</ns3:Speed>
							</ns3:TPX>
						</Extensions>
					</Trackpoint>
					<Trackpoint>
						<Time>2569-03-03T11:54:41Z</Time>
						<Position>
							<LatitudeDegrees>12.589093</LatitudeDegrees>
							<LongitudeDegrees>101.419499</LongitudeDegrees>
						</Position>
						<AltitudeMeters>30.580000</AltitudeMeters>
						<HeartRateBpm>
							<Value>127</Value>
						</HeartRateBpm>
						<Cadence>47</Cadence>
						<Extensions>
							<ns3:TPX>
								<ns3:Speed>0.914910</ns3:Speed>
							</ns3:TPX>
						</Extensions>
					</Trackpoint>
					<Trackpoint>
						<Time>2569-03-03T11:54:42Z</Time>
						<Position>
							<LatitudeDegrees>12.589102</LatitudeDegrees>
							<LongitudeDegrees>101.419496</LongitudeDegrees>
						</Position>
						<AltitudeMeters>30.680000</AltitudeMeters>
						<HeartRateBpm>
							<Value>127</Value>
						</HeartRateBpm>
						<Cadence>47</Cadence>
						<Extensions>
							<ns3:TPX>
								<ns3:Speed>0.916590</ns3:Speed>
							</ns3:TPX>
						</Extensions>
					</Trackpoint>
					<Trackpoint>
						<Time>2569-03-03T11:54:43Z</Time>
						<Position>
							<LatitudeDegrees>12.589111</LatitudeDegrees>
							<LongitudeDegrees>101.419494</LongitudeDegrees>
						</Position>
						<AltitudeMeters>30.780000</AltitudeMeters>
						<HeartRateBpm>
							<Value>126</Value>
						</HeartRateBpm>
						<Cadence>47</Cadence>
						<Extensions>
							<ns3:TPX>
								<ns3:Speed>0.918270</ns3:Speed>
							</ns3:TPX>
						</Extensions>
					</Trackpoint>
					<Trackpoint>
						<Time>2569-03-03T11:54:44Z</Time>
						<Position>
							<LatitudeDegrees>12.589120</LatitudeDegrees>
							<LongitudeDegrees>101.419491</LongitudeDegrees>
						</Position>
						<AltitudeMeters>30.870000</AltitudeMeters>
						<HeartRateBpm>
							<Value>127</Value>
						</HeartRateBpm>
						<Cadence>47</Cadence>
						<Extensions>
							<ns3:TPX>
								<ns3:Speed>0.919960</ns3:Speed>
							</ns3:TPX>
						</Extensions>
					</Trackpoint>
					<Trackpoint>
						<Time>2569-03-03T11:54:45Z</Time>
						<Position>
							<LatitudeDegrees>12.589128</LatitudeDegrees>
							<LongitudeDegrees>101.419488</LongitudeDegrees>
						</Position>
						<AltitudeMeters>30.960000</AltitudeMeters>
						<HeartRateBpm>
							<Value>127</Value>
						</HeartRateBpm>
						<Cadence>47</Cadence>
						<Extensions>
							<ns3:TPX>
								<ns3:Speed>0.921660</ns3:Speed>
							</ns3:TPX>
						</Extensions>
					</Trackpoint>
					<Trackpoint>
						<Time>2569-03-03T11:54:46Z</Time>
						<Position>
							<LatitudeDegrees>12.589137</LatitudeDegrees>
							<LongitudeDegrees>101.419486</LongitudeDegrees>
						</Position>
						<AltitudeMeters>31.060000</AltitudeMeters>
						<HeartRateBpm>
							<Value>127</Value>
						</HeartRateBpm>
						<Cadence>46</Cadence>
						<Extensions>
							<ns3:TPX>
								<ns3:Speed>0.923360</ns3:Speed>
							</ns3:TPX>
						</Extensions>
					</Trackpoint>
					<Trackpoint>
						<Time>2569-03-03T11:54:47Z</Time>
						<Position>
							<LatitudeDegrees>12.589146</LatitudeDegrees>
							<LongitudeDegrees>101.419483</LongitudeDegrees>
						</Position>
						<AltitudeMeters>31.150000</AltitudeMeters>
						<HeartRateBpm>
							<Value>127</Value>
						</HeartRateBpm>
						<Cadence>46</Cadence>
						<Extensions>
							<ns3:TPX>
								<ns3:Speed>0.925930</ns3:Speed>
							</ns3:TPX>
						</Extensions>
					</Trackpoint>
					<Trackpoint>
						<Time>2569-03-03T11:54:48Z</Time>
						<Position>
							<LatitudeDegrees>12.589154</LatitudeDegrees>
							<LongitudeDegrees>101.419478</LongitudeDegrees>
						</Position>
						<AltitudeMeters>31.230000</AltitudeMeters>
						<HeartRateBpm>
							<Value>127</Value>
						</HeartRateBpm>
						<Cadence>46</Cadence>
						<Extensions>
							<ns3:TPX>
								<ns3:Speed>0.927640</ns3:Speed>
							</ns3:TPX>
						</Extensions>
					</Trackpoint>
					<Trackpoint>
						<Time>2569-03-03T11:54:49Z</Time>
						<Position>
							<LatitudeDegrees>12.589161</LatitudeDegrees>
							<LongitudeDegrees>101.419474</LongitudeDegrees>
						</Position>
						<AltitudeMeters>31.310000</AltitudeMeters>
						<HeartRateBpm>
							<Value>127</Value>
						</HeartRateBpm>
						<Cadence>46</Cadence>
						<Extensions>
							<ns3:TPX>
								<ns3:Speed>0.929370</ns3:Speed>
							</ns3:TPX>
						</Extensions>
					</Trackpoint>
					<Trackpoint>
						<Time>2569-03-03T11:54:50Z</Time>
						<Position>
							<LatitudeDegrees>12.589168</LatitudeDegrees>
							<LongitudeDegrees>101.419472</LongitudeDegrees>
						</Position>
						<AltitudeMeters>31.390000</AltitudeMeters>
						<HeartRateBpm>
							<Value>127</Value>
						</HeartRateBpm>
						<Cadence>46</Cadence>
						<Extensions>
							<ns3:TPX>
								<ns3:Speed>0.931100</ns3:Speed>
							</ns3:TPX>
						</Extensions>
					</Trackpoint>
					<Trackpoint>
						<Time>2569-03-03T11:54:51Z</Time>
						<Position>
							<LatitudeDegrees>12.589175</LatitudeDegrees>
							<LongitudeDegrees>101.419469</LongitudeDegrees>
						</Position>
						<AltitudeMeters>31.470000</AltitudeMeters>
						<HeartRateBpm>
							<Value>127</Value>
						</HeartRateBpm>
						<Cadence>46</Cadence>
						<Extensions>
							<ns3:TPX>
								<ns3:Speed>0.932840</ns3:Speed>
							</ns3:TPX>
						</Extensions>
					</Trackpoint>
					<Trackpoint>
						<Time>2569-03-03T11:54:52Z</Time>
						<Position>
							<LatitudeDegrees>12.589182</LatitudeDegrees>
							<LongitudeDegrees>101.419466</LongitudeDegrees>
						</Position>
						<AltitudeMeters>31.540000</AltitudeMeters>
						<HeartRateBpm>
							<Value>127</Value>
						</HeartRateBpm>
						<Cadence>46</Cadence>
						<Extensions>
							<ns3:TPX>
								<ns3:Speed>0.932840</ns3:Speed>
							</ns3:TPX>
						</Extensions>
					</Trackpoint>
					<Trackpoint>
						<Time>2569-03-03T11:54:53Z</Time>
						<Position>
							<LatitudeDegrees>12.589189</LatitudeDegrees>
							<LongitudeDegrees>101.419463</LongitudeDegrees>
						</Position>
						<AltitudeMeters>31.610000</AltitudeMeters>
						<HeartRateBpm>
							<Value>127</Value>
						</HeartRateBpm>
						<Cadence>46</Cadence>
						<Extensions>
							<ns3:TPX>
								<ns3:Speed>0.932840</ns3:Speed>
							</ns3:TPX>
						</Extensions>
					</Trackpoint>
					<Trackpoint>
						<Time>2569-03-03T11:54:54Z</Time>
						<Position>
							<LatitudeDegrees>12.589197</LatitudeDegrees>
							<LongitudeDegrees>101.419458</LongitudeDegrees>
						</Position>
						<AltitudeMeters>31.680000</AltitudeMeters>
						<HeartRateBpm>
							<Value>126</Value>
						</HeartRateBpm>
						<Cadence>47</Cadence>
						<Extensions>
							<ns3:TPX>
								<ns3:Speed>0.931970</ns3:Speed>
							</ns3:TPX>
						</Extensions>
					</Trackpoint>
					<Trackpoint>
						<Time>2569-03-03T11:54:55Z</Time>
						<Position>
							<LatitudeDegrees>12.589205</LatitudeDegrees>
							<LongitudeDegrees>101.419454</LongitudeDegrees>
						</Position>
						<AltitudeMeters>31.750000</AltitudeMeters>
						<HeartRateBpm>
							<Value>126</Value>
						</HeartRateBpm>
						<Cadence>47</Cadence>
						<Extensions>
							<ns3:TPX>
								<ns3:Speed>0.931970</ns3:Speed>
							</ns3:TPX>
						</Extensions>
					</Trackpoint>
					<Trackpoint>
						<Time>2569-03-03T11:54:56Z</Time>
						<Position>
							<LatitudeDegrees>12.589214</LatitudeDegrees>
							<LongitudeDegrees>101.419451</LongitudeDegrees>
						</Position>
						<AltitudeMeters>31.810000</AltitudeMeters>
						<HeartRateBpm>
							<Value>125</Value>
						</HeartRateBpm>
						<Cadence>47</Cadence>
						<Extensions>
							<ns3:TPX>
								<ns3:Speed>0.931100</ns3:Speed>
							</ns3:TPX>
						</Extensions>
					</Trackpoint>
					<Trackpoint>
						<Time>2569-03-03T11:54:57Z</Time>
						<Position>
							<LatitudeDegrees>12.589223</LatitudeDegrees>
							<LongitudeDegrees>101.419448</LongitudeDegrees>
						</Position>
						<AltitudeMeters>31.840000</AltitudeMeters>
						<HeartRateBpm>
							<Value>125</Value>
						</HeartRateBpm>
						<Cadence>47</Cadence>
						<Extensions>
							<ns3:TPX>
								<ns3:Speed>0.931100</ns3:Speed>
							</ns3:TPX>
						</Extensions>
					</Trackpoint>
					<Trackpoint>
						<Time>2569-03-03T11:54:58Z</Time>
						<Position>
							<LatitudeDegrees>12.589231</LatitudeDegrees>
							<LongitudeDegrees>101.419445</LongitudeDegrees>
						</Position>
						<AltitudeMeters>31.900000</AltitudeMeters>
						<HeartRateBpm>
							<Value>125</Value>
						</HeartRateBpm>
						<Cadence>47</Cadence>
						<Extensions>
							<ns3:TPX>
								<ns3:Speed>0.931970</ns3:Speed>
							</ns3:TPX>
						</Extensions>
					</Trackpoint>
					<Trackpoint>
						<Time>2569-03-03T11:54:59Z</Time>
						<Position>
							<LatitudeDegrees>12.589240</LatitudeDegrees>
							<LongitudeDegrees>101.419443</LongitudeDegrees>
						</Position>
						<AltitudeMeters>31.950000</AltitudeMeters>
						<HeartRateBpm>
							<Value>125</Value>
						</HeartRateBpm>
						<Cadence>47</Cadence>
						<Extensions>
							<ns3:TPX>
								<ns3:Speed>0.932840</ns3:Speed>
							</ns3:TPX>
						</Extensions>
					</Trackpoint>
					<Trackpoint>
						<Time>2569-03-03T11:55:00Z</Time>
						<Position>
							<LatitudeDegrees>12.589249</LatitudeDegrees>
							<LongitudeDegrees>101.419441</LongitudeDegrees>
						</Position>
						<AltitudeMeters>32.000000</AltitudeMeters>
						<HeartRateBpm>
							<Value>125</Value>
						</HeartRateBpm>
						<Cadence>48</Cadence>
						<Extensions>
							<ns3:TPX>
								<ns3:Speed>0.933710</ns3:Speed>
							</ns3:TPX>
						</Extensions>
					</Trackpoint>
					<Trackpoint>
						<Time>2569-03-03T11:55:01Z</Time>
						<Position>
							<LatitudeDegrees>12.589259</LatitudeDegrees>
							<LongitudeDegrees>101.419440</LongitudeDegrees>
						</Position>
						<AltitudeMeters>32.060000</AltitudeMeters>
						<HeartRateBpm>
							<Value>125</Value>
						</HeartRateBpm>
						<Cadence>48</Cadence>
						<Extensions>
							<ns3:TPX>
								<ns3:Speed>0.934580</ns3:Speed>
							</ns3:TPX>
						</Extensions>
					</Trackpoint>
					<Trackpoint>
						<Time>2569-03-03T11:55:02Z</Time>
						<Position>
							<LatitudeDegrees>12.589269</LatitudeDegrees>
							<LongitudeDegrees>101.419439</LongitudeDegrees>
						</Position>
						<AltitudeMeters>32.100000</AltitudeMeters>
						<HeartRateBpm>
							<Value>127</Value>
						</HeartRateBpm>
						<Cadence>48</Cadence>
						<Extensions>
							<ns3:TPX>
								<ns3:Speed>0.935450</ns3:Speed>
							</ns3:TPX>
						</Extensions>
					</Trackpoint>
					<Trackpoint>
						<Time>2569-03-03T11:55:03Z</Time>
						<Position>
							<LatitudeDegrees>12.589278</LatitudeDegrees>
							<LongitudeDegrees>101.419438</LongitudeDegrees>
						</Position>
						<AltitudeMeters>32.130000</AltitudeMeters>
						<HeartRateBpm>
							<Value>127</Value>
						</HeartRateBpm>
						<Cadence>48</Cadence>
						<Extensions>
							<ns3:TPX>
								<ns3:Speed>0.937210</ns3:Speed>
							</ns3:TPX>
						</Extensions>
					</Trackpoint>
					<Trackpoint>
						<Time>2569-03-03T11:55:04Z</Time>
						<Position>
							<LatitudeDegrees>12.589286</LatitudeDegrees>
							<LongitudeDegrees>101.419437</LongitudeDegrees>
						</Position>
						<AltitudeMeters>32.170000</AltitudeMeters>
						<Cadence>48</Cadence>
						<Extensions>
							<ns3:TPX>
								<ns3:Speed>0.938090</ns3:Speed>
							</ns3:TPX>
						</Extensions>
					</Trackpoint>
					<Trackpoint>
						<Time>2569-03-03T11:55:05Z</Time>
						<Position>
							<LatitudeDegrees>12.589294</LatitudeDegrees>
							<LongitudeDegrees>101.419435</LongitudeDegrees>
						</Position>
						<AltitudeMeters>32.220000</AltitudeMeters>
						<HeartRateBpm>
							<Value>126</Value>
						</HeartRateBpm>
						<Cadence>49</Cadence>
						<Extensions>
							<ns3:TPX>
								<ns3:Speed>0.939850</ns3:Speed>
							</ns3:TPX>
						</Extensions>
					</Trackpoint>
					<Trackpoint>
						<Time>2569-03-03T11:55:06Z</Time>
						<Position>
							<LatitudeDegrees>12.589302</LatitudeDegrees>
							<LongitudeDegrees>101.419428</LongitudeDegrees>
						</Position>
						<AltitudeMeters>32.260000</AltitudeMeters>
						<HeartRateBpm>
							<Value>125</Value>
						</HeartRateBpm>
						<Cadence>49</Cadence>
						<Extensions>
							<ns3:TPX>
								<ns3:Speed>0.940730</ns3:Speed>
							</ns3:TPX>
						</Extensions>
					</Trackpoint>
					<Trackpoint>
						<Time>2569-03-03T11:55:07Z</Time>
						<Position>
							<LatitudeDegrees>12.589309</LatitudeDegrees>
							<LongitudeDegrees>101.419424</LongitudeDegrees>
						</Position>
						<AltitudeMeters>32.280000</AltitudeMeters>
						<HeartRateBpm>
							<Value>124</Value>
						</HeartRateBpm>
						<Cadence>49</Cadence>
						<Extensions>
							<ns3:TPX>
								<ns3:Speed>0.942510</ns3:Speed>
							</ns3:TPX>
						</Extensions>
					</Trackpoint>
					<Trackpoint>
						<Time>2569-03-03T11:55:08Z</Time>
						<Position>
							<LatitudeDegrees>12.589317</LatitudeDegrees>
							<LongitudeDegrees>101.419420</LongitudeDegrees>
						</Position>
						<AltitudeMeters>32.320000</AltitudeMeters>
						<HeartRateBpm>
							<Value>124</Value>
						</HeartRateBpm>
						<Cadence>49</Cadence>
						<Extensions>
							<ns3:TPX>
								<ns3:Speed>0.943400</ns3:Speed>
							</ns3:TPX>
						</Extensions>
					</Trackpoint>
					<Trackpoint>
						<Time>2569-03-03T11:55:09Z</Time>
						<Position>
							<LatitudeDegrees>12.589325</LatitudeDegrees>
							<LongitudeDegrees>101.419416</LongitudeDegrees>
						</Position>
						<AltitudeMeters>32.360000</AltitudeMeters>
						<HeartRateBpm>
							<Value>124</Value>
						</HeartRateBpm>
						<Cadence>49</Cadence>
						<Extensions>
							<ns3:TPX>
								<ns3:Speed>0.944290</ns3:Speed>
							</ns3:TPX>
						</Extensions>
					</Trackpoint>
					<Trackpoint>
						<Time>2569-03-03T11:55:10Z</Time>
						<Position>
							<LatitudeDegrees>12.589333</LatitudeDegrees>
							<LongitudeDegrees>101.419411</LongitudeDegrees>
						</Position>
						<AltitudeMeters>32.390000</AltitudeMeters>
						<HeartRateBpm>
							<Value>124</Value>
						</HeartRateBpm>
						<Cadence>49</Cadence>
						<Extensions>
							<ns3:TPX>
								<ns3:Speed>0.944290</ns3:Speed>
							</ns3:TPX>
						</Extensions>
					</Trackpoint>
					<Trackpoint>
						<Time>2569-03-03T11:55:11Z</Time>
						<Position>
							<LatitudeDegrees>12.589341</LatitudeDegrees>
							<LongitudeDegrees>101.419405</LongitudeDegrees>
						</Position>
						<AltitudeMeters>32.420000</AltitudeMeters>
						<HeartRateBpm>
							<Value>124</Value>
						</HeartRateBpm>
						<Cadence>49</Cadence>
						<Extensions>
							<ns3:TPX>
								<ns3:Speed>0.945180</ns3:Speed>
							</ns3:TPX>
						</Extensions>
					</Trackpoint>
					<Trackpoint>
						<Time>2569-03-03T11:55:12Z</Time>
						<Position>
							<LatitudeDegrees>12.589350</LatitudeDegrees>
							<LongitudeDegrees>101.419399</LongitudeDegrees>
						</Position>
						<AltitudeMeters>32.460000</AltitudeMeters>
						<HeartRateBpm>
							<Value>124</Value>
						</HeartRateBpm>
						<Cadence>50</Cadence>
						<Extensions>
							<ns3:TPX>
								<ns3:Speed>0.946970</ns3:Speed>
							</ns3:TPX>
						</Extensions>
					</Trackpoint>
					<Trackpoint>
						<Time>2569-03-03T11:55:13Z</Time>
						<Position>
							<LatitudeDegrees>12.589357</LatitudeDegrees>
							<LongitudeDegrees>101.419391</LongitudeDegrees>
						</Position>
						<AltitudeMeters>32.490000</AltitudeMeters>
						<HeartRateBpm>
							<Value>124</Value>
						</HeartRateBpm>
						<Cadence>50</Cadence>
						<Extensions>
							<ns3:TPX>
								<ns3:Speed>0.948770</ns3:Speed>
							</ns3:TPX>
						</Extensions>
					</Trackpoint>
					<Trackpoint>
						<Time>2569-03-03T11:55:14Z</Time>
						<Position>
							<LatitudeDegrees>12.589365</LatitudeDegrees>
							<LongitudeDegrees>101.419382</LongitudeDegrees>
						</Position>
						<AltitudeMeters>32.530000</AltitudeMeters>
						<HeartRateBpm>
							<Value>124</Value>
						</HeartRateBpm>
						<Cadence>50</Cadence>
						<Extensions>
							<ns3:TPX>
								<ns3:Speed>0.951470</ns3:Speed>
							</ns3:TPX>
						</Extensions>
					</Trackpoint>
					<Trackpoint>
						<Time>2569-03-03T11:55:15Z</Time>
						<Position>
							<LatitudeDegrees>12.589374</LatitudeDegrees>
							<LongitudeDegrees>101.419374</LongitudeDegrees>
						</Position>
						<AltitudeMeters>32.560000</AltitudeMeters>
						<HeartRateBpm>
							<Value>125</Value>
						</HeartRateBpm>
						<Cadence>50</Cadence>
						<Extensions>
							<ns3:TPX>
								<ns3:Speed>0.954200</ns3:Speed>
							</ns3:TPX>
						</Extensions>
					</Trackpoint>
					<Trackpoint>
						<Time>2569-03-03T11:55:16Z</Time>
						<Position>
							<LatitudeDegrees>12.589383</LatitudeDegrees>
							<LongitudeDegrees>101.419367</LongitudeDegrees>
						</Position>
						<AltitudeMeters>32.580000</AltitudeMeters>
						<HeartRateBpm>
							<Value>125</Value>
						</HeartRateBpm>
						<Cadence>50</Cadence>
						<Extensions>
							<ns3:TPX>
								<ns3:Speed>0.957850</ns3:Speed>
							</ns3:TPX>
						</Extensions>
					</Trackpoint>
					<Trackpoint>
						<Time>2569-03-03T11:55:17Z</Time>
						<Position>
							<LatitudeDegrees>12.589402</LatitudeDegrees>
							<LongitudeDegrees>101.419355</LongitudeDegrees>
						</Position>
						<AltitudeMeters>32.620000</AltitudeMeters>
						<HeartRateBpm>
							<Value>125</Value>
						</HeartRateBpm>
						<Cadence>51</Cadence>
						<Extensions>
							<ns3:TPX>
								<ns3:Speed>0.962460</ns3:Speed>
							</ns3:TPX>
						</Extensions>
					</Trackpoint>
					<Trackpoint>
						<Time>2569-03-03T11:55:17Z</Time>
						<Position>
							<LatitudeDegrees>12.589402</LatitudeDegrees>
							<LongitudeDegrees>101.419355</LongitudeDegrees>
						</Position>
						<AltitudeMeters>32.620000</AltitudeMeters>
						<HeartRateBpm>
							<Value>125</Value>
						</HeartRateBpm>
						<Cadence>51</Cadence>
						<Extensions>
							<ns3:TPX>
								<ns3:Speed>0.962460</ns3:Speed>
							</ns3:TPX>
						</Extensions>
					</Trackpoint>
					<Trackpoint>
						<Time>2569-03-03T11:55:19Z</Time>
						<Position>
							<LatitudeDegrees>12.589411</LatitudeDegrees>
							<LongitudeDegrees>101.419349</LongitudeDegrees>
						</Position>
						<AltitudeMeters>32.660000</AltitudeMeters>
						<HeartRateBpm>
							<Value>125</Value>
						</HeartRateBpm>
						<Cadence>52</Cadence>
						<Extensions>
							<ns3:TPX>
								<ns3:Speed>0.974660</ns3:Speed>
							</ns3:TPX>
						</Extensions>
					</Trackpoint>
					<Trackpoint>
						<Time>2569-03-03T11:55:20Z</Time>
						<Position>
							<LatitudeDegrees>12.589420</LatitudeDegrees>
							<LongitudeDegrees>101.419343</LongitudeDegrees>
						</Position>
						<AltitudeMeters>32.690000</AltitudeMeters>
						<HeartRateBpm>
							<Value>124</Value>
						</HeartRateBpm>
						<Cadence>52</Cadence>
						<Extensions>
							<ns3:TPX>
								<ns3:Speed>0.980390</ns3:Speed>
							</ns3:TPX>
						</Extensions>
					</Trackpoint>
					<Trackpoint>
						<Time>2569-03-03T11:55:21Z</Time>
						<Position>
							<LatitudeDegrees>12.589429</LatitudeDegrees>
							<LongitudeDegrees>101.419337</LongitudeDegrees>
						</Position>
						<AltitudeMeters>32.710000</AltitudeMeters>
						<HeartRateBpm>
							<Value>124</Value>
						</HeartRateBpm>
						<Cadence>52</Cadence>
						<Extensions>
							<ns3:TPX>
								<ns3:Speed>0.986190</ns3:Speed>
							</ns3:TPX>
						</Extensions>
					</Trackpoint>
					<Trackpoint>
						<Time>2569-03-03T11:55:22Z</Time>
						<Position>
							<LatitudeDegrees>12.589449</LatitudeDegrees>
							<LongitudeDegrees>101.419324</LongitudeDegrees>
						</Position>
						<AltitudeMeters>32.720000</AltitudeMeters>
						<HeartRateBpm>
							<Value>124</Value>
						</HeartRateBpm>
						<Cadence>52</Cadence>
						<Extensions>
							<ns3:TPX>
								<ns3:Speed>0.991080</ns3:Speed>
							</ns3:TPX>
						</Extensions>
					</Trackpoint>
					<Trackpoint>
						<Time>2569-03-03T11:55:22Z</Time>
						<Position>
							<LatitudeDegrees>12.589449</LatitudeDegrees>
							<LongitudeDegrees>101.419324</LongitudeDegrees>
						</Position>
						<AltitudeMeters>32.720000</AltitudeMeters>
						<HeartRateBpm>
							<Value>124</Value>
						</HeartRateBpm>
						<Cadence>52</Cadence>
						<Extensions>
							<ns3:TPX>
								<ns3:Speed>0.991080</ns3:Speed>
							</ns3:TPX>
						</Extensions>
					</Trackpoint>
					<Trackpoint>
						<Time>2569-03-03T11:55:23Z</Time>
						<Position>
							<LatitudeDegrees>12.589461</LatitudeDegrees>
							<LongitudeDegrees>101.419319</LongitudeDegrees>
						</Position>
						<AltitudeMeters>32.740000</AltitudeMeters>
						<HeartRateBpm>
							<Value>124</Value>
						</HeartRateBpm>
						<Cadence>52</Cadence>
						<Extensions>
							<ns3:TPX>
								<ns3:Speed>0.997010</ns3:Speed>
							</ns3:TPX>
						</Extensions>
					</Trackpoint>
					<Trackpoint>
						<Time>2569-03-03T11:55:24Z</Time>
						<Position>
							<LatitudeDegrees>12.589471</LatitudeDegrees>
							<LongitudeDegrees>101.419314</LongitudeDegrees>
						</Position>
						<AltitudeMeters>32.770000</AltitudeMeters>
						<HeartRateBpm>
							<Value>124</Value>
						</HeartRateBpm>
						<Cadence>52</Cadence>
						<Extensions>
							<ns3:TPX>
								<ns3:Speed>1.003010</ns3:Speed>
							</ns3:TPX>
						</Extensions>
					</Trackpoint>
					<Trackpoint>
						<Time>2569-03-03T11:55:25Z</Time>
						<Position>
							<LatitudeDegrees>12.589481</LatitudeDegrees>
							<LongitudeDegrees>101.419311</LongitudeDegrees>
						</Position>
						<AltitudeMeters>32.780000</AltitudeMeters>
						<HeartRateBpm>
							<Value>123</Value>
						</HeartRateBpm>
						<Cadence>52</Cadence>
						<Extensions>
							<ns3:TPX>
								<ns3:Speed>1.009080</ns3:Speed>
							</ns3:TPX>
						</Extensions>
					</Trackpoint>
					<Trackpoint>
						<Time>2569-03-03T11:55:26Z</Time>
						<Position>
							<LatitudeDegrees>12.589491</LatitudeDegrees>
							<LongitudeDegrees>101.419308</LongitudeDegrees>
						</Position>
						<AltitudeMeters>32.780000</AltitudeMeters>
						<HeartRateBpm>
							<Value>123</Value>
						</HeartRateBpm>
						<Cadence>51</Cadence>
						<Extensions>
							<ns3:TPX>
								<ns3:Speed>1.015230</ns3:Speed>
							</ns3:TPX>
						</Extensions>
					</Trackpoint>
					<Trackpoint>
						<Time>2569-03-03T11:55:27Z</Time>
						<Position>
							<LatitudeDegrees>12.589502</LatitudeDegrees>
							<LongitudeDegrees>101.419304</LongitudeDegrees>
						</Position>
						<AltitudeMeters>32.800000</AltitudeMeters>
						<HeartRateBpm>
							<Value>123</Value>
						</HeartRateBpm>
						<Cadence>51</Cadence>
						<Extensions>
							<ns3:TPX>
								<ns3:Speed>1.021450</ns3:Speed>
							</ns3:TPX>
						</Extensions>
					</Trackpoint>
					<Trackpoint>
						<Time>2569-03-03T11:55:28Z</Time>
						<Position>
							<LatitudeDegrees>12.589513</LatitudeDegrees>
							<LongitudeDegrees>101.419301</LongitudeDegrees>
						</Position>
						<AltitudeMeters>32.820000</AltitudeMeters>
						<HeartRateBpm>
							<Value>123</Value>
						</HeartRateBpm>
						<Cadence>51</Cadence>
						<Extensions>
							<ns3:TPX>
								<ns3:Speed>1.027750</ns3:Speed>
							</ns3:TPX>
						</Extensions>
					</Trackpoint>
					<Trackpoint>
						<Time>2569-03-03T11:55:29Z</Time>
						<Position>
							<LatitudeDegrees>12.589522</LatitudeDegrees>
							<LongitudeDegrees>101.419296</LongitudeDegrees>
						</Position>
						<AltitudeMeters>32.830000</AltitudeMeters>
						<HeartRateBpm>
							<Value>124</Value>
						</HeartRateBpm>
						<Cadence>50</Cadence>
						<Extensions>
							<ns3:TPX>
								<ns3:Speed>1.033060</ns3:Speed>
							</ns3:TPX>
						</Extensions>
					</Trackpoint>
					<Trackpoint>
						<Time>2569-03-03T11:55:30Z</Time>
						<Position>
							<LatitudeDegrees>12.589532</LatitudeDegrees>
							<LongitudeDegrees>101.419291</LongitudeDegrees>
						</Position>
						<AltitudeMeters>32.840000</AltitudeMeters>
						<HeartRateBpm>
							<Value>124</Value>
						</HeartRateBpm>
						<Cadence>51</Cadence>
						<Extensions>
							<ns3:TPX>
								<ns3:Speed>1.038420</ns3:Speed>
							</ns3:TPX>
						</Extensions>
					</Trackpoint>
					<Trackpoint>
						<Time>2569-03-03T11:55:31Z</Time>
						<Position>
							<LatitudeDegrees>12.589541</LatitudeDegrees>
							<LongitudeDegrees>101.419287</LongitudeDegrees>
						</Position>
						<AltitudeMeters>32.850000</AltitudeMeters>
						<HeartRateBpm>
							<Value>124</Value>
						</HeartRateBpm>
						<Cadence>51</Cadence>
						<Extensions>
							<ns3:TPX>
								<ns3:Speed>1.043840</ns3:Speed>
							</ns3:TPX>
						</Extensions>
					</Trackpoint>
					<Trackpoint>
						<Time>2569-03-03T11:55:33Z</Time>
						<Position>
							<LatitudeDegrees>12.589559</LatitudeDegrees>
							<LongitudeDegrees>101.419276</LongitudeDegrees>
						</Position>
						<AltitudeMeters>32.860000</AltitudeMeters>
						<HeartRateBpm>
							<Value>125</Value>
						</HeartRateBpm>
						<Cadence>52</Cadence>
						<Extensions>
							<ns3:TPX>
								<ns3:Speed>1.053740</ns3:Speed>
							</ns3:TPX>
						</Extensions>
					</Trackpoint>
					<Trackpoint>
						<Time>2569-03-03T11:55:33Z</Time>
						<Position>
							<LatitudeDegrees>12.589559</LatitudeDegrees>
							<LongitudeDegrees>101.419276</LongitudeDegrees>
						</Position>
						<AltitudeMeters>32.860000</AltitudeMeters>
						<HeartRateBpm>
							<Value>125</Value>
						</HeartRateBpm>
						<Cadence>52</Cadence>
						<Extensions>
							<ns3:TPX>
								<ns3:Speed>1.053740</ns3:Speed>
							</ns3:TPX>
						</Extensions>
					</Trackpoint>
					<Trackpoint>
						<Time>2569-03-03T11:55:35Z</Time>
						<Position>
							<LatitudeDegrees>12.589567</LatitudeDegrees>
							<LongitudeDegrees>101.419270</LongitudeDegrees>
						</Position>
						<AltitudeMeters>32.870000</AltitudeMeters>
						<HeartRateBpm>
							<Value>126</Value>
						</HeartRateBpm>
						<Cadence>52</Cadence>
						<Extensions>
							<ns3:TPX>
								<ns3:Speed>1.062700</ns3:Speed>
							</ns3:TPX>
						</Extensions>
					</Trackpoint>
					<Trackpoint>
						<Time>2569-03-03T11:55:36Z</Time>
						<Position>
							<LatitudeDegrees>12.589577</LatitudeDegrees>
							<LongitudeDegrees>101.419268</LongitudeDegrees>
						</Position>
						<AltitudeMeters>32.880000</AltitudeMeters>
						<HeartRateBpm>
							<Value>126</Value>
						</HeartRateBpm>
						<Cadence>52</Cadence>
						<Extensions>
							<ns3:TPX>
								<ns3:Speed>1.066100</ns3:Speed>
							</ns3:TPX>
						</Extensions>
					</Trackpoint>
					<Trackpoint>
						<Time>2569-03-03T11:55:37Z</Time>
						<Position>
							<LatitudeDegrees>12.589587</LatitudeDegrees>
							<LongitudeDegrees>101.419265</LongitudeDegrees>
						</Position>
						<AltitudeMeters>32.880000</AltitudeMeters>
						<HeartRateBpm>
							<Value>126</Value>
						</HeartRateBpm>
						<Cadence>52</Cadence>
						<Extensions>
							<ns3:TPX>
								<ns3:Speed>1.068380</ns3:Speed>
							</ns3:TPX>
						</Extensions>
					</Trackpoint>
					<Trackpoint>
						<Time>2569-03-03T11:55:38Z</Time>
						<Position>
							<LatitudeDegrees>12.589597</LatitudeDegrees>
							<LongitudeDegrees>101.419262</LongitudeDegrees>
						</Position>
						<AltitudeMeters>32.880000</AltitudeMeters>
						<HeartRateBpm>
							<Value>127</Value>
						</HeartRateBpm>
						<Cadence>52</Cadence>
						<Extensions>
							<ns3:TPX>
								<ns3:Speed>1.070660</ns3:Speed>
							</ns3:TPX>
						</Extensions>
					</Trackpoint>
					<Trackpoint>
						<Time>2569-03-03T11:55:39Z</Time>
						<Position>
							<LatitudeDegrees>12.589616</LatitudeDegrees>
							<LongitudeDegrees>101.419255</LongitudeDegrees>
						</Position>
						<AltitudeMeters>32.880000</AltitudeMeters>
						<HeartRateBpm>
							<Value>126</Value>
						</HeartRateBpm>
						<Cadence>53</Cadence>
						<Extensions>
							<ns3:TPX>
								<ns3:Speed>1.074110</ns3:Speed>
							</ns3:TPX>
						</Extensions>
					</Trackpoint>
					<Trackpoint>
						<Time>2569-03-03T11:55:39Z</Time>
						<Position>
							<LatitudeDegrees>12.589616</LatitudeDegrees>
							<LongitudeDegrees>101.419255</LongitudeDegrees>
						</Position>
						<AltitudeMeters>32.880000</AltitudeMeters>
						<HeartRateBpm>
							<Value>126</Value>
						</HeartRateBpm>
						<Cadence>53</Cadence>
						<Extensions>
							<ns3:TPX>
								<ns3:Speed>1.074110</ns3:Speed>
							</ns3:TPX>
						</Extensions>
					</Trackpoint>
					<Trackpoint>
						<Time>2569-03-03T11:55:40Z</Time>
						<Position>
							<LatitudeDegrees>12.589625</LatitudeDegrees>
							<LongitudeDegrees>101.419249</LongitudeDegrees>
						</Position>
						<AltitudeMeters>32.880000</AltitudeMeters>
						<HeartRateBpm>
							<Value>127</Value>
						</HeartRateBpm>
						<Cadence>53</Cadence>
						<Extensions>
							<ns3:TPX>
								<ns3:Speed>1.076430</ns3:Speed>
							</ns3:TPX>
						</Extensions>
					</Trackpoint>
					<Trackpoint>
						<Time>2569-03-03T11:55:41Z</Time>
						<Position>
							<LatitudeDegrees>12.589633</LatitudeDegrees>
							<LongitudeDegrees>101.419242</LongitudeDegrees>
						</Position>
						<AltitudeMeters>32.880000</AltitudeMeters>
						<HeartRateBpm>
							<Value>127</Value>
						</HeartRateBpm>
						<Cadence>53</Cadence>
						<Extensions>
							<ns3:TPX>
								<ns3:Speed>1.078750</ns3:Speed>
							</ns3:TPX>
						</Extensions>
					</Trackpoint>
					<Trackpoint>
						<Time>2569-03-03T11:55:43Z</Time>
						<Position>
							<LatitudeDegrees>12.589641</LatitudeDegrees>
							<LongitudeDegrees>101.419235</LongitudeDegrees>
						</Position>
						<AltitudeMeters>32.890000</AltitudeMeters>
						<HeartRateBpm>
							<Value>127</Value>
						</HeartRateBpm>
						<Cadence>52</Cadence>
						<Extensions>
							<ns3:TPX>
								<ns3:Speed>1.082250</ns3:Speed>
							</ns3:TPX>
						</Extensions>
					</Trackpoint>
					<Trackpoint>
						<Time>2569-03-03T11:55:44Z</Time>
						<Position>
							<LatitudeDegrees>12.589657</LatitudeDegrees>
							<LongitudeDegrees>101.419220</LongitudeDegrees>
						</Position>
						<AltitudeMeters>32.890000</AltitudeMeters>
						<HeartRateBpm>
							<Value>127</Value>
						</HeartRateBpm>
						<Cadence>52</Cadence>
						<Extensions>
							<ns3:TPX>
								<ns3:Speed>1.084600</ns3:Speed>
							</ns3:TPX>
						</Extensions>
					</Trackpoint>
					<Trackpoint>
						<Time>2569-03-03T11:55:44Z</Time>
						<Position>
							<LatitudeDegrees>12.589657</LatitudeDegrees>
							<LongitudeDegrees>101.419220</LongitudeDegrees>
						</Position>
						<AltitudeMeters>32.890000</AltitudeMeters>
						<HeartRateBpm>
							<Value>127</Value>
						</HeartRateBpm>
						<Cadence>52</Cadence>
						<Extensions>
							<ns3:TPX>
								<ns3:Speed>1.084600</ns3:Speed>
							</ns3:TPX>
						</Extensions>
					</Trackpoint>
					<Trackpoint>
						<Time>2569-03-03T11:55:45Z</Time>
						<Position>
							<LatitudeDegrees>12.589666</LatitudeDegrees>
							<LongitudeDegrees>101.419213</LongitudeDegrees>
						</Position>
						<AltitudeMeters>32.900000</AltitudeMeters>
						<HeartRateBpm>
							<Value>127</Value>
						</HeartRateBpm>
						<Cadence>51</Cadence>
						<Extensions>
							<ns3:TPX>
								<ns3:Speed>1.085780</ns3:Speed>
							</ns3:TPX>
						</Extensions>
					</Trackpoint>
					<Trackpoint>
						<Time>2569-03-03T11:55:46Z</Time>
						<Position>
							<LatitudeDegrees>12.589674</LatitudeDegrees>
							<LongitudeDegrees>101.419206</LongitudeDegrees>
						</Position>
						<AltitudeMeters>32.900000</AltitudeMeters>
						<HeartRateBpm>
							<Value>127</Value>
						</HeartRateBpm>
						<Cadence>51</Cadence>
						<Extensions>
							<ns3:TPX>
								<ns3:Speed>1.088140</ns3:Speed>
							</ns3:TPX>
						</Extensions>
					</Trackpoint>
					<Trackpoint>
						<Time>2569-03-03T11:55:47Z</Time>
						<Position>
							<LatitudeDegrees>12.589683</LatitudeDegrees>
							<LongitudeDegrees>101.419200</LongitudeDegrees>
						</Position>
						<AltitudeMeters>32.910000</AltitudeMeters>
						<HeartRateBpm>
							<Value>127</Value>
						</HeartRateBpm>
						<Cadence>51</Cadence>
						<Extensions>
							<ns3:TPX>
								<ns3:Speed>1.089320</ns3:Speed>
							</ns3:TPX>
						</Extensions>
					</Trackpoint>
					<Trackpoint>
						<Time>2569-03-03T11:55:48Z</Time>
						<Position>
							<LatitudeDegrees>12.589693</LatitudeDegrees>
							<LongitudeDegrees>101.419196</LongitudeDegrees>
						</Position>
						<AltitudeMeters>32.910000</AltitudeMeters>
						<HeartRateBpm>
							<Value>128</Value>
						</HeartRateBpm>
						<Cadence>51</Cadence>
						<Extensions>
							<ns3:TPX>
								<ns3:Speed>1.090510</ns3:Speed>
							</ns3:TPX>
						</Extensions>
					</Trackpoint>
					<Trackpoint>
						<Time>2569-03-03T11:55:50Z</Time>
						<Position>
							<LatitudeDegrees>12.589702</LatitudeDegrees>
							<LongitudeDegrees>101.419192</LongitudeDegrees>
						</Position>
						<AltitudeMeters>32.900000</AltitudeMeters>
						<HeartRateBpm>
							<Value>127</Value>
						</HeartRateBpm>
						<Cadence>51</Cadence>
						<Extensions>
							<ns3:TPX>
								<ns3:Speed>1.092900</ns3:Speed>
							</ns3:TPX>
						</Extensions>
					</Trackpoint>
					<Trackpoint>
						<Time>2569-03-03T11:55:51Z</Time>
						<Position>
							<LatitudeDegrees>12.589710</LatitudeDegrees>
							<LongitudeDegrees>101.419187</LongitudeDegrees>
						</Position>
						<AltitudeMeters>32.890000</AltitudeMeters>
						<HeartRateBpm>
							<Value>127</Value>
						</HeartRateBpm>
						<Cadence>51</Cadence>
						<Extensions>
							<ns3:TPX>
								<ns3:Speed>1.094090</ns3:Speed>
							</ns3:TPX>
						</Extensions>
					</Trackpoint>
					<Trackpoint>
						<Time>2569-03-03T11:55:52Z</Time>
						<Position>
							<LatitudeDegrees>12.589719</LatitudeDegrees>
							<LongitudeDegrees>101.419181</LongitudeDegrees>
						</Position>
						<AltitudeMeters>32.890000</AltitudeMeters>
						<HeartRateBpm>
							<Value>128</Value>
						</HeartRateBpm>
						<Cadence>51</Cadence>
						<Extensions>
							<ns3:TPX>
								<ns3:Speed>1.095290</ns3:Speed>
							</ns3:TPX>
						</Extensions>
					</Trackpoint>
					<Trackpoint>
						<Time>2569-03-03T11:55:53Z</Time>
						<Position>
							<LatitudeDegrees>12.589726</LatitudeDegrees>
							<LongitudeDegrees>101.419173</LongitudeDegrees>
						</Position>
						<AltitudeMeters>32.880000</AltitudeMeters>
						<HeartRateBpm>
							<Value>128</Value>
						</HeartRateBpm>
						<Cadence>51</Cadence>
						<Extensions>
							<ns3:TPX>
								<ns3:Speed>1.096490</ns3:Speed>
							</ns3:TPX>
						</Extensions>
					</Trackpoint>
					<Trackpoint>
						<Time>2569-03-03T11:55:54Z</Time>
						<Position>
							<LatitudeDegrees>12.589731</LatitudeDegrees>
							<LongitudeDegrees>101.419163</LongitudeDegrees>
						</Position>
						<AltitudeMeters>32.860000</AltitudeMeters>
						<HeartRateBpm>
							<Value>128</Value>
						</HeartRateBpm>
						<Cadence>51</Cadence>
						<Extensions>
							<ns3:TPX>
								<ns3:Speed>1.097690</ns3:Speed>
							</ns3:TPX>
						</Extensions>
					</Trackpoint>
					<Trackpoint>
						<Time>2569-03-03T11:55:55Z</Time>
						<Position>
							<LatitudeDegrees>12.589735</LatitudeDegrees>
							<LongitudeDegrees>101.419152</LongitudeDegrees>
						</Position>
						<AltitudeMeters>32.840000</AltitudeMeters>
						<HeartRateBpm>
							<Value>128</Value>
						</HeartRateBpm>
						<Cadence>51</Cadence>
						<Extensions>
							<ns3:TPX>
								<ns3:Speed>1.098900</ns3:Speed>
							</ns3:TPX>
						</Extensions>
					</Trackpoint>
					<Trackpoint>
						<Time>2569-03-03T11:55:56Z</Time>
						<Position>
							<LatitudeDegrees>12.589739</LatitudeDegrees>
							<LongitudeDegrees>101.419141</LongitudeDegrees>
						</Position>
						<AltitudeMeters>32.810000</AltitudeMeters>
						<HeartRateBpm>
							<Value>128</Value>
						</HeartRateBpm>
						<Cadence>51</Cadence>
						<Extensions>
							<ns3:TPX>
								<ns3:Speed>1.098900</ns3:Speed>
							</ns3:TPX>
						</Extensions>
					</Trackpoint>
					<Trackpoint>
						<Time>2569-03-03T11:55:57Z</Time>
						<Position>
							<LatitudeDegrees>12.589744</LatitudeDegrees>
							<LongitudeDegrees>101.419130</LongitudeDegrees>
						</Position>
						<AltitudeMeters>32.770000</AltitudeMeters>
						<HeartRateBpm>
							<Value>128</Value>
						</HeartRateBpm>
						<Cadence>51</Cadence>
						<Extensions>
							<ns3:TPX>
								<ns3:Speed>1.101320</ns3:Speed>
							</ns3:TPX>
						</Extensions>
					</Trackpoint>
					<Trackpoint>
						<Time>2569-03-03T11:55:58Z</Time>
						<Position>
							<LatitudeDegrees>12.589749</LatitudeDegrees>
							<LongitudeDegrees>101.419119</LongitudeDegrees>
						</Position>
						<AltitudeMeters>32.720000</AltitudeMeters>
						<HeartRateBpm>
							<Value>127</Value>
						</HeartRateBpm>
						<Cadence>51</Cadence>
						<Extensions>
							<ns3:TPX>
								<ns3:Speed>1.103750</ns3:Speed>
							</ns3:TPX>
						</Extensions>
					</Trackpoint>
					<Trackpoint>
						<Time>2569-03-03T11:55:59Z</Time>
						<Position>
							<LatitudeDegrees>12.589755</LatitudeDegrees>
							<LongitudeDegrees>101.419108</LongitudeDegrees>
						</Position>
						<AltitudeMeters>32.660000</AltitudeMeters>
						<HeartRateBpm>
							<Value>126</Value>
						</HeartRateBpm>
						<Cadence>51</Cadence>
						<Extensions>
							<ns3:TPX>
								<ns3:Speed>1.107420</ns3:Speed>
							</ns3:TPX>
						</Extensions>
					</Trackpoint>
					<Trackpoint>
						<Time>2569-03-03T11:56:00Z</Time>
						<Position>
							<LatitudeDegrees>12.589763</LatitudeDegrees>
							<LongitudeDegrees>101.419086</LongitudeDegrees>
						</Position>
						<AltitudeMeters>32.600000</AltitudeMeters>
						<HeartRateBpm>
							<Value>126</Value>
						</HeartRateBpm>
						<Cadence>53</Cadence>
						<Extensions>
							<ns3:TPX>
								<ns3:Speed>1.111110</ns3:Speed>
							</ns3:TPX>
						</Extensions>
					</Trackpoint>
					<Trackpoint>
						<Time>2569-03-03T11:56:00Z</Time>
						<Position>
							<LatitudeDegrees>12.589763</LatitudeDegrees>
							<LongitudeDegrees>101.419086</LongitudeDegrees>
						</Position>
						<AltitudeMeters>32.600000</AltitudeMeters>
						<HeartRateBpm>
							<Value>126</Value>
						</HeartRateBpm>
						<Cadence>53</Cadence>
						<Extensions>
							<ns3:TPX>
								<ns3:Speed>1.111110</ns3:Speed>
							</ns3:TPX>
						</Extensions>
					</Trackpoint>
					<Trackpoint>
						<Time>2569-03-03T11:56:01Z</Time>
						<Position>
							<LatitudeDegrees>12.589767</LatitudeDegrees>
							<LongitudeDegrees>101.419075</LongitudeDegrees>
						</Position>
						<AltitudeMeters>32.530000</AltitudeMeters>
						<HeartRateBpm>
							<Value>125</Value>
						</HeartRateBpm>
						<Cadence>58</Cadence>
						<Extensions>
							<ns3:TPX>
								<ns3:Speed>1.116070</ns3:Speed>
							</ns3:TPX>
						</Extensions>
					</Trackpoint>
					<Trackpoint>
						<Time>2569-03-03T11:56:03Z</Time>
						<Position>
							<LatitudeDegrees>12.589772</LatitudeDegrees>
							<LongitudeDegrees>101.419065</LongitudeDegrees>
						</Position>
						<AltitudeMeters>32.370000</AltitudeMeters>
						<HeartRateBpm>
							<Value>125</Value>
						</HeartRateBpm>
						<Cadence>59</Cadence>
						<Extensions>
							<ns3:TPX>
								<ns3:Speed>1.124860</ns3:Speed>
							</ns3:TPX>
						</Extensions>
					</Trackpoint>
					<Trackpoint>
						<Time>2569-03-03T11:56:04Z</Time>
						<Position>
							<LatitudeDegrees>12.589777</LatitudeDegrees>
							<LongitudeDegrees>101.419055</LongitudeDegrees>
						</Position>
						<AltitudeMeters>32.260000</AltitudeMeters>
						<HeartRateBpm>
							<Value>125</Value>
						</HeartRateBpm>
						<Cadence>59</Cadence>
						<Extensions>
							<ns3:TPX>
								<ns3:Speed>1.129940</ns3:Speed>
							</ns3:TPX>
						</Extensions>
					</Trackpoint>
					<Trackpoint>
						<Time>2569-03-03T11:56:05Z</Time>
						<Position>
							<LatitudeDegrees>12.589788</LatitudeDegrees>
							<LongitudeDegrees>101.419033</LongitudeDegrees>
						</Position>
						<AltitudeMeters>32.170000</AltitudeMeters>
						<HeartRateBpm>
							<Value>125</Value>
						</HeartRateBpm>
						<Cadence>59</Cadence>
						<Extensions>
							<ns3:TPX>
								<ns3:Speed>1.133790</ns3:Speed>
							</ns3:TPX>
						</Extensions>
					</Trackpoint>
					<Trackpoint>
						<Time>2569-03-03T11:56:05Z</Time>
						<Position>
							<LatitudeDegrees>12.589788</LatitudeDegrees>
							<LongitudeDegrees>101.419033</LongitudeDegrees>
						</Position>
						<AltitudeMeters>32.170000</AltitudeMeters>
						<HeartRateBpm>
							<Value>125</Value>
						</HeartRateBpm>
						<Cadence>59</Cadence>
						<Extensions>
							<ns3:TPX>
								<ns3:Speed>1.133790</ns3:Speed>
							</ns3:TPX>
						</Extensions>
					</Trackpoint>
					<Trackpoint>
						<Time>2569-03-03T11:56:07Z</Time>
						<Position>
							<LatitudeDegrees>12.589794</LatitudeDegrees>
							<LongitudeDegrees>101.419022</LongitudeDegrees>
						</Position>
						<AltitudeMeters>31.970000</AltitudeMeters>
						<HeartRateBpm>
							<Value>125</Value>
						</HeartRateBpm>
						<Cadence>59</Cadence>
						<Extensions>
							<ns3:TPX>
								<ns3:Speed>1.142860</ns3:Speed>
							</ns3:TPX>
						</Extensions>
					</Trackpoint>
					<Trackpoint>
						<Time>2569-03-03T11:56:08Z</Time>
						<Position>
							<LatitudeDegrees>12.589801</LatitudeDegrees>
							<LongitudeDegrees>101.419011</LongitudeDegrees>
						</Position>
						<AltitudeMeters>31.870000</AltitudeMeters>
						<HeartRateBpm>
							<Value>125</Value>
						</HeartRateBpm>
						<Cadence>59</Cadence>
						<Extensions>
							<ns3:TPX>
								<ns3:Speed>1.148110</ns3:Speed>
							</ns3:TPX>
						</Extensions>
					</Trackpoint>
					<Trackpoint>
						<Time>2569-03-03T11:56:09Z</Time>
						<Position>
							<LatitudeDegrees>12.589808</LatitudeDegrees>
							<LongitudeDegrees>101.419000</LongitudeDegrees>
						</Position>
						<AltitudeMeters>31.760000</AltitudeMeters>
						<HeartRateBpm>
							<Value>126</Value>
						</HeartRateBpm>
						<Cadence>59</Cadence>
						<Extensions>
							<ns3:TPX>
								<ns3:Speed>1.153400</ns3:Speed>
							</ns3:TPX>
						</Extensions>
					</Trackpoint>
					<Trackpoint>
						<Time>2569-03-03T11:56:10Z</Time>
						<Position>
							<LatitudeDegrees>12.589823</LatitudeDegrees>
							<LongitudeDegrees>101.418979</LongitudeDegrees>
						</Position>
						<AltitudeMeters>31.660000</AltitudeMeters>
						<HeartRateBpm>
							<Value>126</Value>
						</HeartRateBpm>
						<Cadence>58</Cadence>
						<Extensions>
							<ns3:TPX>
								<ns3:Speed>1.158750</ns3:Speed>
							</ns3:TPX>
						</Extensions>
					</Trackpoint>
					<Trackpoint>
						<Time>2569-03-03T11:56:10Z</Time>
						<Position>
							<LatitudeDegrees>12.589823</LatitudeDegrees>
							<LongitudeDegrees>101.418979</LongitudeDegrees>
						</Position>
						<AltitudeMeters>31.660000</AltitudeMeters>
						<HeartRateBpm>
							<Value>126</Value>
						</HeartRateBpm>
						<Cadence>58</Cadence>
						<Extensions>
							<ns3:TPX>
								<ns3:Speed>1.158750</ns3:Speed>
							</ns3:TPX>
						</Extensions>
					</Trackpoint>
					<Trackpoint>
						<Time>2569-03-03T11:56:11Z</Time>
						<Position>
							<LatitudeDegrees>12.589830</LatitudeDegrees>
							<LongitudeDegrees>101.418969</LongitudeDegrees>
						</Position>
						<AltitudeMeters>31.510000</AltitudeMeters>
						<HeartRateBpm>
							<Value>125</Value>
						</HeartRateBpm>
						<Cadence>58</Cadence>
						<Extensions>
							<ns3:TPX>
								<ns3:Speed>1.164140</ns3:Speed>
							</ns3:TPX>
						</Extensions>
					</Trackpoint>
					<Trackpoint>
						<Time>2569-03-03T11:56:12Z</Time>
						<Position>
							<LatitudeDegrees>12.589838</LatitudeDegrees>
							<LongitudeDegrees>101.418961</LongitudeDegrees>
						</Position>
						<AltitudeMeters>31.400000</AltitudeMeters>
						<HeartRateBpm>
							<Value>125</Value>
						</HeartRateBpm>
						<Cadence>58</Cadence>
						<Extensions>
							<ns3:TPX>
								<ns3:Speed>1.169590</ns3:Speed>
							</ns3:TPX>
						</Extensions>
					</Trackpoint>
					<Trackpoint>
						<Time>2569-03-03T11:56:14Z</Time>
						<Position>
							<LatitudeDegrees>12.589853</LatitudeDegrees>
							<LongitudeDegrees>101.418945</LongitudeDegrees>
						</Position>
						<AltitudeMeters>31.180000</AltitudeMeters>
						<HeartRateBpm>
							<Value>125</Value>
						</HeartRateBpm>
						<Cadence>58</Cadence>
						<Extensions>
							<ns3:TPX>
								<ns3:Speed>1.179250</ns3:Speed>
							</ns3:TPX>
						</Extensions>
					</Trackpoint>
					<Trackpoint>
						<Time>2569-03-03T11:56:14Z</Time>
						<Position>
							<LatitudeDegrees>12.589853</LatitudeDegrees>
							<LongitudeDegrees>101.418945</LongitudeDegrees>
						</Position>
						<AltitudeMeters>31.180000</AltitudeMeters>
						<HeartRateBpm>
							<Value>125</Value>
						</HeartRateBpm>
						<Cadence>58</Cadence>
						<Extensions>
							<ns3:TPX>
								<ns3:Speed>1.179250</ns3:Speed>
							</ns3:TPX>
						</Extensions>
					</Trackpoint>
					<Trackpoint>
						<Time>2569-03-03T11:56:15Z</Time>
						<Position>
							<LatitudeDegrees>12.589862</LatitudeDegrees>
							<LongitudeDegrees>101.418935</LongitudeDegrees>
						</Position>
						<AltitudeMeters>31.070000</AltitudeMeters>
						<HeartRateBpm>
							<Value>124</Value>
						</HeartRateBpm>
						<Cadence>58</Cadence>
						<Extensions>
							<ns3:TPX>
								<ns3:Speed>1.183430</ns3:Speed>
							</ns3:TPX>
						</Extensions>
					</Trackpoint>
					<Trackpoint>
						<Time>2569-03-03T11:56:16Z</Time>
						<Position>
							<LatitudeDegrees>12.589870</LatitudeDegrees>
							<LongitudeDegrees>101.418926</LongitudeDegrees>
						</Position>
						<AltitudeMeters>30.900000</AltitudeMeters>
						<HeartRateBpm>
							<Value>124</Value>
						</HeartRateBpm>
						<Cadence>58</Cadence>
						<Extensions>
							<ns3:TPX>
								<ns3:Speed>1.186240</ns3:Speed>
							</ns3:TPX>
						</Extensions>
					</Trackpoint>
					<Trackpoint>
						<Time>2569-03-03T11:56:17Z</Time>
						<Position>
							<LatitudeDegrees>12.589878</LatitudeDegrees>
							<LongitudeDegrees>101.418916</LongitudeDegrees>
						</Position>
						<AltitudeMeters>30.770000</AltitudeMeters>
						<HeartRateBpm>
							<Value>124</Value>
						</HeartRateBpm>
						<Cadence>58</Cadence>
						<Extensions>
							<ns3:TPX>
								<ns3:Speed>1.190480</ns3:Speed>
							</ns3:TPX>
						</Extensions>
					</Trackpoint>
					<Trackpoint>
						<Time>2569-03-03T11:56:18Z</Time>
						<Position>
							<LatitudeDegrees>12.589885</LatitudeDegrees>
							<LongitudeDegrees>101.418907</LongitudeDegrees>
						</Position>
						<AltitudeMeters>30.650000</AltitudeMeters>
						<HeartRateBpm>
							<Value>123</Value>
						</HeartRateBpm>
						<Cadence>58</Cadence>
						<Extensions>
							<ns3:TPX>
								<ns3:Speed>1.194740</ns3:Speed>
							</ns3:TPX>
						</Extensions>
					</Trackpoint>
					<Trackpoint>
						<Time>2569-03-03T11:56:19Z</Time>
						<Position>
							<LatitudeDegrees>12.589892</LatitudeDegrees>
							<LongitudeDegrees>101.418899</LongitudeDegrees>
						</Position>
						<AltitudeMeters>30.530000</AltitudeMeters>
						<HeartRateBpm>
							<Value>124</Value>
						</HeartRateBpm>
						<Cadence>58</Cadence>
						<Extensions>
							<ns3:TPX>
								<ns3:Speed>1.197600</ns3:Speed>
							</ns3:TPX>
						</Extensions>
					</Trackpoint>
					<Trackpoint>
						<Time>2569-03-03T11:56:20Z</Time>
						<Position>
							<LatitudeDegrees>12.589899</LatitudeDegrees>
							<LongitudeDegrees>101.418892</LongitudeDegrees>
						</Position>
						<AltitudeMeters>30.400000</AltitudeMeters>
						<HeartRateBpm>
							<Value>124</Value>
						</HeartRateBpm>
						<Cadence>58</Cadence>
						<Extensions>
							<ns3:TPX>
								<ns3:Speed>1.200480</ns3:Speed>
							</ns3:TPX>
						</Extensions>
					</Trackpoint>
					<Trackpoint>
						<Time>2569-03-03T11:56:21Z</Time>
						<Position>
							<LatitudeDegrees>12.589907</LatitudeDegrees>
							<LongitudeDegrees>101.418885</LongitudeDegrees>
						</Position>
						<AltitudeMeters>30.270000</AltitudeMeters>
						<HeartRateBpm>
							<Value>125</Value>
						</HeartRateBpm>
						<Cadence>58</Cadence>
						<Extensions>
							<ns3:TPX>
								<ns3:Speed>1.203370</ns3:Speed>
							</ns3:TPX>
						</Extensions>
					</Trackpoint>
					<Trackpoint>
						<Time>2569-03-03T11:56:22Z</Time>
						<Position>
							<LatitudeDegrees>12.589915</LatitudeDegrees>
							<LongitudeDegrees>101.418881</LongitudeDegrees>
						</Position>
						<AltitudeMeters>30.140000</AltitudeMeters>
						<HeartRateBpm>
							<Value>125</Value>
						</HeartRateBpm>
						<Cadence>59</Cadence>
						<Extensions>
							<ns3:TPX>
								<ns3:Speed>1.204820</ns3:Speed>
							</ns3:TPX>
						</Extensions>
					</Trackpoint>
					<Trackpoint>
						<Time>2569-03-03T11:56:23Z</Time>
						<Position>
							<LatitudeDegrees>12.589925</LatitudeDegrees>
							<LongitudeDegrees>101.418877</LongitudeDegrees>
						</Position>
						<AltitudeMeters>30.060000</AltitudeMeters>
						<HeartRateBpm>
							<Value>126</Value>
						</HeartRateBpm>
						<Cadence>59</Cadence>
						<Extensions>
							<ns3:TPX>
								<ns3:Speed>1.206270</ns3:Speed>
							</ns3:TPX>
						</Extensions>
					</Trackpoint>
					<Trackpoint>
						<Time>2569-03-03T11:56:24Z</Time>
						<Position>
							<LatitudeDegrees>12.589934</LatitudeDegrees>
							<LongitudeDegrees>101.418873</LongitudeDegrees>
						</Position>
						<AltitudeMeters>29.990000</AltitudeMeters>
						<HeartRateBpm>
							<Value>126</Value>
						</HeartRateBpm>
						<Cadence>59</Cadence>
						<Extensions>
							<ns3:TPX>
								<ns3:Speed>1.204820</ns3:Speed>
							</ns3:TPX>
						</Extensions>
					</Trackpoint>
					<Trackpoint>
						<Time>2569-03-03T11:56:26Z</Time>
						<Position>
							<LatitudeDegrees>12.589954</LatitudeDegrees>
							<LongitudeDegrees>101.418865</LongitudeDegrees>
						</Position>
						<AltitudeMeters>29.720000</AltitudeMeters>
						<HeartRateBpm>
							<Value>126</Value>
						</HeartRateBpm>
						<Cadence>59</Cadence>
						<Extensions>
							<ns3:TPX>
								<ns3:Speed>1.203370</ns3:Speed>
							</ns3:TPX>
						</Extensions>
					</Trackpoint>
					<Trackpoint>
						<Time>2569-03-03T11:56:26Z</Time>
						<Position>
							<LatitudeDegrees>12.589954</LatitudeDegrees>
							<LongitudeDegrees>101.418865</LongitudeDegrees>
						</Position>
						<AltitudeMeters>29.720000</AltitudeMeters>
						<HeartRateBpm>
							<Value>126</Value>
						</HeartRateBpm>
						<Cadence>59</Cadence>
						<Extensions>
							<ns3:TPX>
								<ns3:Speed>1.203370</ns3:Speed>
							</ns3:TPX>
						</Extensions>
					</Trackpoint>
					<Trackpoint>
						<Time>2569-03-03T11:56:27Z</Time>
						<Position>
							<LatitudeDegrees>12.589964</LatitudeDegrees>
							<LongitudeDegrees>101.418862</LongitudeDegrees>
						</Position>
						<AltitudeMeters>29.580000</AltitudeMeters>
						<HeartRateBpm>
							<Value>125</Value>
						</HeartRateBpm>
						<Cadence>59</Cadence>
						<Extensions>
							<ns3:TPX>
								<ns3:Speed>1.201920</ns3:Speed>
							</ns3:TPX>
						</Extensions>
					</Trackpoint>
					<Trackpoint>
						<Time>2569-03-03T11:56:28Z</Time>
						<Position>
							<LatitudeDegrees>12.589974</LatitudeDegrees>
							<LongitudeDegrees>101.418860</LongitudeDegrees>
						</Position>
						<AltitudeMeters>29.450000</AltitudeMeters>
						<HeartRateBpm>
							<Value>125</Value>
						</HeartRateBpm>
						<Cadence>58</Cadence>
						<Extensions>
							<ns3:TPX>
								<ns3:Speed>1.201920</ns3:Speed>
							</ns3:TPX>
						</Extensions>
					</Trackpoint>
					<Trackpoint>
						<Time>2569-03-03T11:56:29Z</Time>
						<Position>
							<LatitudeDegrees>12.589985</LatitudeDegrees>
							<LongitudeDegrees>101.418859</LongitudeDegrees>
						</Position>
						<AltitudeMeters>29.380000</AltitudeMeters>
						<HeartRateBpm>
							<Value>124</Value>
						</HeartRateBpm>
						<Cadence>58</Cadence>
						<Extensions>
							<ns3:TPX>
								<ns3:Speed>1.200480</ns3:Speed>
							</ns3:TPX>
						</Extensions>
					</Trackpoint>
					<Trackpoint>
						<Time>2569-03-03T11:56:30Z</Time>
						<Position>
							<LatitudeDegrees>12.589995</LatitudeDegrees>
							<LongitudeDegrees>101.418859</LongitudeDegrees>
						</Position>
						<AltitudeMeters>29.250000</AltitudeMeters>
						<HeartRateBpm>
							<Value>124</Value>
						</HeartRateBpm>
						<Cadence>59</Cadence>
						<Extensions>
							<ns3:TPX>
								<ns3:Speed>1.200480</ns3:Speed>
							</ns3:TPX>
						</Extensions>
					</Trackpoint>
					<Trackpoint>
						<Time>2569-03-03T11:56:31Z</Time>
						<Position>
							<LatitudeDegrees>12.590005</LatitudeDegrees>
							<LongitudeDegrees>101.418859</LongitudeDegrees>
						</Position>
						<AltitudeMeters>29.130000</AltitudeMeters>
						<HeartRateBpm>
							<Value>124</Value>
						</HeartRateBpm>
						<Cadence>59</Cadence>
						<Extensions>
							<ns3:TPX>
								<ns3:Speed>1.200480</ns3:Speed>
							</ns3:TPX>
						</Extensions>
					</Trackpoint>
					<Trackpoint>
						<Time>2569-03-03T11:56:32Z</Time>
						<Position>
							<LatitudeDegrees>12.590016</LatitudeDegrees>
							<LongitudeDegrees>101.418858</LongitudeDegrees>
						</Position>
						<AltitudeMeters>29.010000</AltitudeMeters>
						<HeartRateBpm>
							<Value>125</Value>
						</HeartRateBpm>
						<Cadence>59</Cadence>
						<Extensions>
							<ns3:TPX>
								<ns3:Speed>1.200480</ns3:Speed>
							</ns3:TPX>
						</Extensions>
					</Trackpoint>
					<Trackpoint>
						<Time>2569-03-03T11:56:33Z</Time>
						<Position>
							<LatitudeDegrees>12.590026</LatitudeDegrees>
							<LongitudeDegrees>101.418858</LongitudeDegrees>
						</Position>
						<AltitudeMeters>28.890000</AltitudeMeters>
						<HeartRateBpm>
							<Value>125</Value>
						</HeartRateBpm>
						<Cadence>58</Cadence>
						<Extensions>
							<ns3:TPX>
								<ns3:Speed>1.201920</ns3:Speed>
							</ns3:TPX>
						</Extensions>
					</Trackpoint>
					<Trackpoint>
						<Time>2569-03-03T11:56:34Z</Time>
						<Position>
							<LatitudeDegrees>12.590037</LatitudeDegrees>
							<LongitudeDegrees>101.418858</LongitudeDegrees>
						</Position>
						<AltitudeMeters>28.780000</AltitudeMeters>
						<HeartRateBpm>
							<Value>126</Value>
						</HeartRateBpm>
						<Cadence>58</Cadence>
						<Extensions>
							<ns3:TPX>
								<ns3:Speed>1.201920</ns3:Speed>
							</ns3:TPX>
						</Extensions>
					</Trackpoint>
					<Trackpoint>
						<Time>2569-03-03T11:56:35Z</Time>
						<Position>
							<LatitudeDegrees>12.590048</LatitudeDegrees>
							<LongitudeDegrees>101.418857</LongitudeDegrees>
						</Position>
						<AltitudeMeters>28.660000</AltitudeMeters>
						<HeartRateBpm>
							<Value>127</Value>
						</HeartRateBpm>
						<Cadence>58</Cadence>
						<Extensions>
							<ns3:TPX>
								<ns3:Speed>1.203370</ns3:Speed>
							</ns3:TPX>
						</Extensions>
					</Trackpoint>
					<Trackpoint>
						<Time>2569-03-03T11:56:36Z</Time>
						<Position>
							<LatitudeDegrees>12.590060</LatitudeDegrees>
							<LongitudeDegrees>101.418857</LongitudeDegrees>
						</Position>
						<AltitudeMeters>28.550000</AltitudeMeters>
						<HeartRateBpm>
							<Value>127</Value>
						</HeartRateBpm>
						<Cadence>58</Cadence>
						<Extensions>
							<ns3:TPX>
								<ns3:Speed>1.204820</ns3:Speed>
							</ns3:TPX>
						</Extensions>
					</Trackpoint>
					<Trackpoint>
						<Time>2569-03-03T11:56:37Z</Time>
						<Position>
							<LatitudeDegrees>12.590071</LatitudeDegrees>
							<LongitudeDegrees>101.418856</LongitudeDegrees>
						</Position>
						<AltitudeMeters>28.380000</AltitudeMeters>
						<HeartRateBpm>
							<Value>127</Value>
						</HeartRateBpm>
						<Cadence>57</Cadence>
						<Extensions>
							<ns3:TPX>
								<ns3:Speed>1.204820</ns3:Speed>
							</ns3:TPX>
						</Extensions>
					</Trackpoint>
					<Trackpoint>
						<Time>2569-03-03T11:56:38Z</Time>
						<Position>
							<LatitudeDegrees>12.590083</LatitudeDegrees>
							<LongitudeDegrees>101.418856</LongitudeDegrees>
						</Position>
						<AltitudeMeters>28.270000</AltitudeMeters>
						<HeartRateBpm>
							<Value>128</Value>
						</HeartRateBpm>
						<Cadence>57</Cadence>
						<Extensions>
							<ns3:TPX>
								<ns3:Speed>1.206270</ns3:Speed>
							</ns3:TPX>
						</Extensions>
					</Trackpoint>
					<Trackpoint>
						<Time>2569-03-03T11:56:39Z</Time>
						<Position>
							<LatitudeDegrees>12.590094</LatitudeDegrees>
							<LongitudeDegrees>101.418854</LongitudeDegrees>
						</Position>
						<AltitudeMeters>28.160000</AltitudeMeters>
						<HeartRateBpm>
							<Value>128</Value>
						</HeartRateBpm>
						<Cadence>57</Cadence>
						<Extensions>
							<ns3:TPX>
								<ns3:Speed>1.207730</ns3:Speed>
							</ns3:TPX>
						</Extensions>
					</Trackpoint>
					<Trackpoint>
						<Time>2569-03-03T11:56:41Z</Time>
						<Position>
							<LatitudeDegrees>12.590116</LatitudeDegrees>
							<LongitudeDegrees>101.418854</LongitudeDegrees>
						</Position>
						<AltitudeMeters>27.940000</AltitudeMeters>
						<HeartRateBpm>
							<Value>125</Value>
						</HeartRateBpm>
						<Cadence>57</Cadence>
						<Extensions>
							<ns3:TPX>
								<ns3:Speed>1.212120</ns3:Speed>
							</ns3:TPX>
						</Extensions>
					</Trackpoint>
					<Trackpoint>
						<Time>2569-03-03T11:56:41Z</Time>
						<Position>
							<LatitudeDegrees>12.590116</LatitudeDegrees>
							<LongitudeDegrees>101.418854</LongitudeDegrees>
						</Position>
						<AltitudeMeters>27.940000</AltitudeMeters>
						<HeartRateBpm>
							<Value>125</Value>
						</HeartRateBpm>
						<Cadence>57</Cadence>
						<Extensions>
							<ns3:TPX>
								<ns3:Speed>1.212120</ns3:Speed>
							</ns3:TPX>
						</Extensions>
					</Trackpoint>
					<Trackpoint>
						<Time>2569-03-03T11:56:43Z</Time>
						<Position>
							<LatitudeDegrees>12.590127</LatitudeDegrees>
							<LongitudeDegrees>101.418854</LongitudeDegrees>
						</Position>
						<AltitudeMeters>27.720000</AltitudeMeters>
						<HeartRateBpm>
							<Value>123</Value>
						</HeartRateBpm>
						<Cadence>57</Cadence>
						<Extensions>
							<ns3:TPX>
								<ns3:Speed>1.215070</ns3:Speed>
							</ns3:TPX>
						</Extensions>
					</Trackpoint>
					<Trackpoint>
						<Time>2569-03-03T11:56:44Z</Time>
						<Position>
							<LatitudeDegrees>12.590138</LatitudeDegrees>
							<LongitudeDegrees>101.418854</LongitudeDegrees>
						</Position>
						<AltitudeMeters>27.600000</AltitudeMeters>
						<HeartRateBpm>
							<Value>122</Value>
						</HeartRateBpm>
						<Cadence>57</Cadence>
						<Extensions>
							<ns3:TPX>
								<ns3:Speed>1.216550</ns3:Speed>
							</ns3:TPX>
						</Extensions>
					</Trackpoint>
					<Trackpoint>
						<Time>2569-03-03T11:56:45Z</Time>
						<Position>
							<LatitudeDegrees>12.590148</LatitudeDegrees>
							<LongitudeDegrees>101.418853</LongitudeDegrees>
						</Position>
						<AltitudeMeters>27.490000</AltitudeMeters>
						<HeartRateBpm>
							<Value>122</Value>
						</HeartRateBpm>
						<Cadence>57</Cadence>
						<Extensions>
							<ns3:TPX>
								<ns3:Speed>1.218030</ns3:Speed>
							</ns3:TPX>
						</Extensions>
					</Trackpoint>
					<Trackpoint>
						<Time>2569-03-03T11:56:46Z</Time>
						<Position>
							<LatitudeDegrees>12.590158</LatitudeDegrees>
							<LongitudeDegrees>101.418852</LongitudeDegrees>
						</Position>
						<AltitudeMeters>27.430000</AltitudeMeters>
						<HeartRateBpm>
							<Value>122</Value>
						</HeartRateBpm>
						<Cadence>56</Cadence>
						<Extensions>
							<ns3:TPX>
								<ns3:Speed>1.219510</ns3:Speed>
							</ns3:TPX>
						</Extensions>
					</Trackpoint>
					<Trackpoint>
						<Time>2569-03-03T11:56:47Z</Time>
						<Position>
							<LatitudeDegrees>12.590169</LatitudeDegrees>
							<LongitudeDegrees>101.418850</LongitudeDegrees>
						</Position>
						<AltitudeMeters>27.320000</AltitudeMeters>
						<HeartRateBpm>
							<Value>123</Value>
						</HeartRateBpm>
						<Cadence>56</Cadence>
						<Extensions>
							<ns3:TPX>
								<ns3:Speed>1.219510</ns3:Speed>
							</ns3:TPX>
						</Extensions>
					</Trackpoint>
					<Trackpoint>
						<Time>2569-03-03T11:56:48Z</Time>
						<Position>
							<LatitudeDegrees>12.590181</LatitudeDegrees>
							<LongitudeDegrees>101.418849</LongitudeDegrees>
						</Position>
						<AltitudeMeters>27.210000</AltitudeMeters>
						<HeartRateBpm>
							<Value>122</Value>
						</HeartRateBpm>
						<Cadence>56</Cadence>
						<Extensions>
							<ns3:TPX>
								<ns3:Speed>1.219510</ns3:Speed>
							</ns3:TPX>
						</Extensions>
					</Trackpoint>
					<Trackpoint>
						<Time>2569-03-03T11:56:49Z</Time>
						<Position>
							<LatitudeDegrees>12.590192</LatitudeDegrees>
							<LongitudeDegrees>101.418845</LongitudeDegrees>
						</Position>
						<AltitudeMeters>27.090000</AltitudeMeters>
						<HeartRateBpm>
							<Value>121</Value>
						</HeartRateBpm>
						<Cadence>56</Cadence>
						<Extensions>
							<ns3:TPX>
								<ns3:Speed>1.219510</ns3:Speed>
							</ns3:TPX>
						</Extensions>
					</Trackpoint>
					<Trackpoint>
						<Time>2569-03-03T11:56:50Z</Time>
						<Position>
							<LatitudeDegrees>12.590202</LatitudeDegrees>
							<LongitudeDegrees>101.418842</LongitudeDegrees>
						</Position>
						<AltitudeMeters>26.970000</AltitudeMeters>
						<HeartRateBpm>
							<Value>122</Value>
						</HeartRateBpm>
						<Cadence>56</Cadence>
						<Extensions>
							<ns3:TPX>
								<ns3:Speed>1.219510</ns3:Speed>
							</ns3:TPX>
						</Extensions>
					</Trackpoint>
					<Trackpoint>
						<Time>2569-03-03T11:56:51Z</Time>
						<Position>
							<LatitudeDegrees>12.590212</LatitudeDegrees>
							<LongitudeDegrees>101.418839</LongitudeDegrees>
						</Position>
						<AltitudeMeters>26.860000</AltitudeMeters>
						<HeartRateBpm>
							<Value>122</Value>
						</HeartRateBpm>
						<Cadence>56</Cadence>
						<Extensions>
							<ns3:TPX>
								<ns3:Speed>1.219510</ns3:Speed>
							</ns3:TPX>
						</Extensions>
					</Trackpoint>
					<Trackpoint>
						<Time>2569-03-03T11:56:52Z</Time>
						<Position>
							<LatitudeDegrees>12.590232</LatitudeDegrees>
							<LongitudeDegrees>101.418830</LongitudeDegrees>
						</Position>
						<AltitudeMeters>26.800000</AltitudeMeters>
						<HeartRateBpm>
							<Value>122</Value>
						</HeartRateBpm>
						<Cadence>56</Cadence>
						<Extensions>
							<ns3:TPX>
								<ns3:Speed>1.218030</ns3:Speed>
							</ns3:TPX>
						</Extensions>
					</Trackpoint>
					<Trackpoint>
						<Time>2569-03-03T11:56:52Z</Time>
						<Position>
							<LatitudeDegrees>12.590232</LatitudeDegrees>
							<LongitudeDegrees>101.418830</LongitudeDegrees>
						</Position>
						<AltitudeMeters>26.800000</AltitudeMeters>
						<HeartRateBpm>
							<Value>122</Value>
						</HeartRateBpm>
						<Cadence>56</Cadence>
						<Extensions>
							<ns3:TPX>
								<ns3:Speed>1.218030</ns3:Speed>
							</ns3:TPX>
						</Extensions>
					</Trackpoint>
					<Trackpoint>
						<Time>2569-03-03T11:56:54Z</Time>
						<Position>
							<LatitudeDegrees>12.590251</LatitudeDegrees>
							<LongitudeDegrees>101.418818</LongitudeDegrees>
						</Position>
						<AltitudeMeters>26.570000</AltitudeMeters>
						<HeartRateBpm>
							<Value>122</Value>
						</HeartRateBpm>
						<Cadence>57</Cadence>
						<Extensions>
							<ns3:TPX>
								<ns3:Speed>1.218030</ns3:Speed>
							</ns3:TPX>
						</Extensions>
					</Trackpoint>
					<Trackpoint>
						<Time>2569-03-03T11:56:54Z</Time>
						<Position>
							<LatitudeDegrees>12.590251</LatitudeDegrees>
							<LongitudeDegrees>101.418818</LongitudeDegrees>
						</Position>
						<AltitudeMeters>26.570000</AltitudeMeters>
						<HeartRateBpm>
							<Value>122</Value>
						</HeartRateBpm>
						<Cadence>57</Cadence>
						<Extensions>
							<ns3:TPX>
								<ns3:Speed>1.218030</ns3:Speed>
							</ns3:TPX>
						</Extensions>
					</Trackpoint>
					<Trackpoint>
						<Time>2569-03-03T11:56:56Z</Time>
						<Position>
							<LatitudeDegrees>12.590262</LatitudeDegrees>
							<LongitudeDegrees>101.418812</LongitudeDegrees>
						</Position>
						<AltitudeMeters>26.320000</AltitudeMeters>
						<HeartRateBpm>
							<Value>122</Value>
						</HeartRateBpm>
						<Cadence>57</Cadence>
						<Extensions>
							<ns3:TPX>
								<ns3:Speed>1.215070</ns3:Speed>
							</ns3:TPX>
						</Extensions>
					</Trackpoint>
					<Trackpoint>
						<Time>2569-03-03T11:56:57Z</Time>
						<Position>
							<LatitudeDegrees>12.590285</LatitudeDegrees>
							<LongitudeDegrees>101.418800</LongitudeDegrees>
						</Position>
						<AltitudeMeters>26.190000</AltitudeMeters>
						<HeartRateBpm>
							<Value>121</Value>
						</HeartRateBpm>
						<Cadence>57</Cadence>
						<Extensions>
							<ns3:TPX>
								<ns3:Speed>1.215070</ns3:Speed>
							</ns3:TPX>
						</Extensions>
					</Trackpoint>
					<Trackpoint>
						<Time>2569-03-03T11:56:57Z</Time>
						<Position>
							<LatitudeDegrees>12.590285</LatitudeDegrees>
							<LongitudeDegrees>101.418800</LongitudeDegrees>
						</Position>
						<AltitudeMeters>26.190000</AltitudeMeters>
						<HeartRateBpm>
							<Value>121</Value>
						</HeartRateBpm>
						<Cadence>57</Cadence>
						<Extensions>
							<ns3:TPX>
								<ns3:Speed>1.215070</ns3:Speed>
							</ns3:TPX>
						</Extensions>
					</Trackpoint>
					<Trackpoint>
						<Time>2569-03-03T11:56:59Z</Time>
						<Position>
							<LatitudeDegrees>12.590296</LatitudeDegrees>
							<LongitudeDegrees>101.418793</LongitudeDegrees>
						</Position>
						<AltitudeMeters>25.940000</AltitudeMeters>
						<HeartRateBpm>
							<Value>121</Value>
						</HeartRateBpm>
						<Cadence>58</Cadence>
						<Extensions>
							<ns3:TPX>
								<ns3:Speed>1.215070</ns3:Speed>
							</ns3:TPX>
						</Extensions>
					</Trackpoint>
					<Trackpoint>
						<Time>2569-03-03T11:57:00Z</Time>
						<Position>
							<LatitudeDegrees>12.590322</LatitudeDegrees>
							<LongitudeDegrees>101.418785</LongitudeDegrees>
						</Position>
						<AltitudeMeters>25.800000</AltitudeMeters>
						<HeartRateBpm>
							<Value>123</Value>
						</HeartRateBpm>
						<Cadence>58</Cadence>
						<Extensions>
							<ns3:TPX>
								<ns3:Speed>1.216550</ns3:Speed>
							</ns3:TPX>
						</Extensions>
					</Trackpoint>
					<Trackpoint>
						<Time>2569-03-03T11:57:00Z</Time>
						<Position>
							<LatitudeDegrees>12.590322</LatitudeDegrees>
							<LongitudeDegrees>101.418785</LongitudeDegrees>
						</Position>
						<AltitudeMeters>25.800000</AltitudeMeters>
						<HeartRateBpm>
							<Value>123</Value>
						</HeartRateBpm>
						<Cadence>58</Cadence>
						<Extensions>
							<ns3:TPX>
								<ns3:Speed>1.216550</ns3:Speed>
							</ns3:TPX>
						</Extensions>
					</Trackpoint>
					<Trackpoint>
						<Time>2569-03-03T11:57:02Z</Time>
						<Position>
							<LatitudeDegrees>12.590345</LatitudeDegrees>
							<LongitudeDegrees>101.418773</LongitudeDegrees>
						</Position>
						<AltitudeMeters>25.510000</AltitudeMeters>
						<HeartRateBpm>
							<Value>124</Value>
						</HeartRateBpm>
						<Cadence>59</Cadence>
						<Extensions>
							<ns3:TPX>
								<ns3:Speed>1.221000</ns3:Speed>
							</ns3:TPX>
						</Extensions>
					</Trackpoint>
					<Trackpoint>
						<Time>2569-03-03T11:57:02Z</Time>
						<Position>
							<LatitudeDegrees>12.590345</LatitudeDegrees>
							<LongitudeDegrees>101.418773</LongitudeDegrees>
						</Position>
						<AltitudeMeters>25.510000</AltitudeMeters>
						<HeartRateBpm>
							<Value>124</Value>
						</HeartRateBpm>
						<Cadence>59</Cadence>
						<Extensions>
							<ns3:TPX>
								<ns3:Speed>1.221000</ns3:Speed>
							</ns3:TPX>
						</Extensions>
					</Trackpoint>
					<Trackpoint>
						<Time>2569-03-03T11:57:04Z</Time>
						<Position>
							<LatitudeDegrees>12.590356</LatitudeDegrees>
							<LongitudeDegrees>101.418767</LongitudeDegrees>
						</Position>
						<AltitudeMeters>25.140000</AltitudeMeters>
						<HeartRateBpm>
							<Value>125</Value>
						</HeartRateBpm>
						<Cadence>59</Cadence>
						<Extensions>
							<ns3:TPX>
								<ns3:Speed>1.226990</ns3:Speed>
							</ns3:TPX>
						</Extensions>
					</Trackpoint>
					<Trackpoint>
						<Time>2569-03-03T11:57:05Z</Time>
						<Position>
							<LatitudeDegrees>12.590379</LatitudeDegrees>
							<LongitudeDegrees>101.418750</LongitudeDegrees>
						</Position>
						<AltitudeMeters>24.990000</AltitudeMeters>
						<HeartRateBpm>
							<Value>124</Value>
						</HeartRateBpm>
						<Cadence>59</Cadence>
						<Extensions>
							<ns3:TPX>
								<ns3:Speed>1.230010</ns3:Speed>
							</ns3:TPX>
						</Extensions>
					</Trackpoint>
					<Trackpoint>
						<Time>2569-03-03T11:57:05Z</Time>
						<Position>
							<LatitudeDegrees>12.590379</LatitudeDegrees>
							<LongitudeDegrees>101.418750</LongitudeDegrees>
						</Position>
						<AltitudeMeters>24.990000</AltitudeMeters>
						<HeartRateBpm>
							<Value>124</Value>
						</HeartRateBpm>
						<Cadence>59</Cadence>
						<Extensions>
							<ns3:TPX>
								<ns3:Speed>1.230010</ns3:Speed>
							</ns3:TPX>
						</Extensions>
					</Trackpoint>
					<Trackpoint>
						<Time>2569-03-03T11:57:07Z</Time>
						<Position>
							<LatitudeDegrees>12.590390</LatitudeDegrees>
							<LongitudeDegrees>101.418740</LongitudeDegrees>
						</Position>
						<AltitudeMeters>24.700000</AltitudeMeters>
						<HeartRateBpm>
							<Value>121</Value>
						</HeartRateBpm>
						<Cadence>59</Cadence>
						<Extensions>
							<ns3:TPX>
								<ns3:Speed>1.237620</ns3:Speed>
							</ns3:TPX>
						</Extensions>
					</Trackpoint>
					<Trackpoint>
						<Time>2569-03-03T11:57:08Z</Time>
						<Position>
							<LatitudeDegrees>12.590399</LatitudeDegrees>
							<LongitudeDegrees>101.418728</LongitudeDegrees>
						</Position>
						<AltitudeMeters>24.490000</AltitudeMeters>
						<HeartRateBpm>
							<Value>122</Value>
						</HeartRateBpm>
						<Cadence>59</Cadence>
						<Extensions>
							<ns3:TPX>
								<ns3:Speed>1.242240</ns3:Speed>
							</ns3:TPX>
						</Extensions>
					</Trackpoint>
					<Trackpoint>
						<Time>2569-03-03T11:57:09Z</Time>
						<Position>
							<LatitudeDegrees>12.590409</LatitudeDegrees>
							<LongitudeDegrees>101.418715</LongitudeDegrees>
						</Position>
						<AltitudeMeters>24.260000</AltitudeMeters>
						<HeartRateBpm>
							<Value>123</Value>
						</HeartRateBpm>
						<Cadence>59</Cadence>
						<Extensions>
							<ns3:TPX>
								<ns3:Speed>1.246880</ns3:Speed>
							</ns3:TPX>
						</Extensions>
					</Trackpoint>
					<Trackpoint>
						<Time>2569-03-03T11:57:10Z</Time>
						<Position>
							<LatitudeDegrees>12.590418</LatitudeDegrees>
							<LongitudeDegrees>101.418703</LongitudeDegrees>
						</Position>
						<AltitudeMeters>24.110000</AltitudeMeters>
						<HeartRateBpm>
							<Value>123</Value>
						</HeartRateBpm>
						<Cadence>59</Cadence>
						<Extensions>
							<ns3:TPX>
								<ns3:Speed>1.250000</ns3:Speed>
							</ns3:TPX>
						</Extensions>
					</Trackpoint>
					<Trackpoint>
						<Time>2569-03-03T11:57:11Z</Time>
						<Position>
							<LatitudeDegrees>12.590427</LatitudeDegrees>
							<LongitudeDegrees>101.418691</LongitudeDegrees>
						</Position>
						<AltitudeMeters>23.950000</AltitudeMeters>
						<HeartRateBpm>
							<Value>121</Value>
						</HeartRateBpm>
						<Cadence>59</Cadence>
						<Extensions>
							<ns3:TPX>
								<ns3:Speed>1.250000</ns3:Speed>
							</ns3:TPX>
						</Extensions>
					</Trackpoint>
					<Trackpoint>
						<Time>2569-03-03T11:57:12Z</Time>
						<Position>
							<LatitudeDegrees>12.590436</LatitudeDegrees>
							<LongitudeDegrees>101.418680</LongitudeDegrees>
						</Position>
						<AltitudeMeters>23.790000</AltitudeMeters>
						<HeartRateBpm>
							<Value>121</Value>
						</HeartRateBpm>
						<Cadence>59</Cadence>
						<Extensions>
							<ns3:TPX>
								<ns3:Speed>1.250000</ns3:Speed>
							</ns3:TPX>
						</Extensions>
					</Trackpoint>
					<Trackpoint>
						<Time>2569-03-03T11:57:13Z</Time>
						<Position>
							<LatitudeDegrees>12.590444</LatitudeDegrees>
							<LongitudeDegrees>101.418670</LongitudeDegrees>
						</Position>
						<AltitudeMeters>23.630000</AltitudeMeters>
						<HeartRateBpm>
							<Value>122</Value>
						</HeartRateBpm>
						<Cadence>60</Cadence>
						<Extensions>
							<ns3:TPX>
								<ns3:Speed>1.248440</ns3:Speed>
							</ns3:TPX>
						</Extensions>
					</Trackpoint>
					<Trackpoint>
						<Time>2569-03-03T11:57:14Z</Time>
						<Position>
							<LatitudeDegrees>12.590463</LatitudeDegrees>
							<LongitudeDegrees>101.418651</LongitudeDegrees>
						</Position>
						<AltitudeMeters>23.460000</AltitudeMeters>
						<HeartRateBpm>
							<Value>122</Value>
						</HeartRateBpm>
						<Cadence>60</Cadence>
						<Extensions>
							<ns3:TPX>
								<ns3:Speed>1.248440</ns3:Speed>
							</ns3:TPX>
						</Extensions>
					</Trackpoint>
					<Trackpoint>
						<Time>2569-03-03T11:57:14Z</Time>
						<Position>
							<LatitudeDegrees>12.590463</LatitudeDegrees>
							<LongitudeDegrees>101.418651</LongitudeDegrees>
						</Position>
						<AltitudeMeters>23.460000</AltitudeMeters>
						<HeartRateBpm>
							<Value>122</Value>
						</HeartRateBpm>
						<Cadence>60</Cadence>
						<Extensions>
							<ns3:TPX>
								<ns3:Speed>1.248440</ns3:Speed>
							</ns3:TPX>
						</Extensions>
					</Trackpoint>
					<Trackpoint>
						<Time>2569-03-03T11:57:15Z</Time>
						<Position>
							<LatitudeDegrees>12.590472</LatitudeDegrees>
							<LongitudeDegrees>101.418644</LongitudeDegrees>
						</Position>
						<AltitudeMeters>23.380000</AltitudeMeters>
						<HeartRateBpm>
							<Value>121</Value>
						</HeartRateBpm>
						<Cadence>60</Cadence>
						<Extensions>
							<ns3:TPX>
								<ns3:Speed>1.250000</ns3:Speed>
							</ns3:TPX>
						</Extensions>
					</Trackpoint>
					<Trackpoint>
						<Time>2569-03-03T11:57:16Z</Time>
						<Position>
							<LatitudeDegrees>12.590479</LatitudeDegrees>
							<LongitudeDegrees>101.418635</LongitudeDegrees>
						</Position>
						<AltitudeMeters>23.200000</AltitudeMeters>
						<HeartRateBpm>
							<Value>121</Value>
						</HeartRateBpm>
						<Cadence>60</Cadence>
						<Extensions>
							<ns3:TPX>
								<ns3:Speed>1.253130</ns3:Speed>
							</ns3:TPX>
						</Extensions>
					</Trackpoint>
					<Trackpoint>
						<Time>2569-03-03T11:57:17Z</Time>
						<Position>
							<LatitudeDegrees>12.590484</LatitudeDegrees>
							<LongitudeDegrees>101.418624</LongitudeDegrees>
						</Position>
						<AltitudeMeters>23.020000</AltitudeMeters>
						<HeartRateBpm>
							<Value>121</Value>
						</HeartRateBpm>
						<Cadence>61</Cadence>
						<Extensions>
							<ns3:TPX>
								<ns3:Speed>1.254710</ns3:Speed>
							</ns3:TPX>
						</Extensions>
					</Trackpoint>
					<Trackpoint>
						<Time>2569-03-03T11:57:18Z</Time>
						<Position>
							<LatitudeDegrees>12.590489</LatitudeDegrees>
							<LongitudeDegrees>101.418611</LongitudeDegrees>
						</Position>
						<AltitudeMeters>22.910000</AltitudeMeters>
						<HeartRateBpm>
							<Value>121</Value>
						</HeartRateBpm>
						<Cadence>61</Cadence>
						<Extensions>
							<ns3:TPX>
								<ns3:Speed>1.256280</ns3:Speed>
							</ns3:TPX>
						</Extensions>
					</Trackpoint>
					<Trackpoint>
						<Time>2569-03-03T11:57:19Z</Time>
						<Position>
							<LatitudeDegrees>12.590493</LatitudeDegrees>
							<LongitudeDegrees>101.418595</LongitudeDegrees>
						</Position>
						<AltitudeMeters>22.730000</AltitudeMeters>
						<HeartRateBpm>
							<Value>121</Value>
						</HeartRateBpm>
						<Cadence>61</Cadence>
						<Extensions>
							<ns3:TPX>
								<ns3:Speed>1.257860</ns3:Speed>
							</ns3:TPX>
						</Extensions>
					</Trackpoint>
					<Trackpoint>
						<Time>2569-03-03T11:57:20Z</Time>
						<Position>
							<LatitudeDegrees>12.590496</LatitudeDegrees>
							<LongitudeDegrees>101.418581</LongitudeDegrees>
						</Position>
						<AltitudeMeters>22.560000</AltitudeMeters>
						<HeartRateBpm>
							<Value>122</Value>
						</HeartRateBpm>
						<Cadence>61</Cadence>
						<Extensions>
							<ns3:TPX>
								<ns3:Speed>1.257860</ns3:Speed>
							</ns3:TPX>
						</Extensions>
					</Trackpoint>
					<Trackpoint>
						<Time>2569-03-03T11:57:21Z</Time>
						<Position>
							<LatitudeDegrees>12.590500</LatitudeDegrees>
							<LongitudeDegrees>101.418568</LongitudeDegrees>
						</Position>
						<AltitudeMeters>22.290000</AltitudeMeters>
						<HeartRateBpm>
							<Value>122</Value>
						</HeartRateBpm>
						<Cadence>62</Cadence>
						<Extensions>
							<ns3:TPX>
								<ns3:Speed>1.259450</ns3:Speed>
							</ns3:TPX>
						</Extensions>
					</Trackpoint>
					<Trackpoint>
						<Time>2569-03-03T11:57:22Z</Time>
						<Position>
							<LatitudeDegrees>12.590505</LatitudeDegrees>
							<LongitudeDegrees>101.418553</LongitudeDegrees>
						</Position>
						<AltitudeMeters>22.100000</AltitudeMeters>
						<HeartRateBpm>
							<Value>122</Value>
						</HeartRateBpm>
						<Cadence>62</Cadence>
						<Extensions>
							<ns3:TPX>
								<ns3:Speed>1.262630</ns3:Speed>
							</ns3:TPX>
						</Extensions>
					</Trackpoint>
					<Trackpoint>
						<Time>2569-03-03T11:57:24Z</Time>
						<Position>
							<LatitudeDegrees>12.590518</LatitudeDegrees>
							<LongitudeDegrees>101.418521</LongitudeDegrees>
						</Position>
						<AltitudeMeters>21.650000</AltitudeMeters>
						<HeartRateBpm>
							<Value>121</Value>
						</HeartRateBpm>
						<Cadence>62</Cadence>
						<Extensions>
							<ns3:TPX>
								<ns3:Speed>1.273890</ns3:Speed>
							</ns3:TPX>
						</Extensions>
					</Trackpoint>
					<Trackpoint>
						<Time>2569-03-03T11:57:24Z</Time>
						<Position>
							<LatitudeDegrees>12.590518</LatitudeDegrees>
							<LongitudeDegrees>101.418521</LongitudeDegrees>
						</Position>
						<AltitudeMeters>21.650000</AltitudeMeters>
						<HeartRateBpm>
							<Value>121</Value>
						</HeartRateBpm>
						<Cadence>62</Cadence>
						<Extensions>
							<ns3:TPX>
								<ns3:Speed>1.273890</ns3:Speed>
							</ns3:TPX>
						</Extensions>
					</Trackpoint>
					<Trackpoint>
						<Time>2569-03-03T11:57:25Z</Time>
						<Position>
							<LatitudeDegrees>12.590521</LatitudeDegrees>
							<LongitudeDegrees>101.418508</LongitudeDegrees>
						</Position>
						<AltitudeMeters>21.380000</AltitudeMeters>
						<HeartRateBpm>
							<Value>121</Value>
						</HeartRateBpm>
						<Cadence>62</Cadence>
						<Extensions>
							<ns3:TPX>
								<ns3:Speed>1.282050</ns3:Speed>
							</ns3:TPX>
						</Extensions>
					</Trackpoint>
					<Trackpoint>
						<Time>2569-03-03T11:57:26Z</Time>
						<Position>
							<LatitudeDegrees>12.590524</LatitudeDegrees>
							<LongitudeDegrees>101.418496</LongitudeDegrees>
						</Position>
						<AltitudeMeters>21.190000</AltitudeMeters>
						<HeartRateBpm>
							<Value>123</Value>
						</HeartRateBpm>
						<Cadence>62</Cadence>
						<Extensions>
							<ns3:TPX>
								<ns3:Speed>1.290320</ns3:Speed>
							</ns3:TPX>
						</Extensions>
					</Trackpoint>
					<Trackpoint>
						<Time>2569-03-03T11:57:27Z</Time>
						<Position>
							<LatitudeDegrees>12.590528</LatitudeDegrees>
							<LongitudeDegrees>101.418484</LongitudeDegrees>
						</Position>
						<AltitudeMeters>21.000000</AltitudeMeters>
						<HeartRateBpm>
							<Value>122</Value>
						</HeartRateBpm>
						<Cadence>62</Cadence>
						<Extensions>
							<ns3:TPX>
								<ns3:Speed>1.297020</ns3:Speed>
							</ns3:TPX>
						</Extensions>
					</Trackpoint>
					<Trackpoint>
						<Time>2569-03-03T11:57:28Z</Time>
						<Position>
							<LatitudeDegrees>12.590532</LatitudeDegrees>
							<LongitudeDegrees>101.418473</LongitudeDegrees>
						</Position>
						<AltitudeMeters>20.810000</AltitudeMeters>
						<HeartRateBpm>
							<Value>122</Value>
						</HeartRateBpm>
						<Cadence>62</Cadence>
						<Extensions>
							<ns3:TPX>
								<ns3:Speed>1.303780</ns3:Speed>
							</ns3:TPX>
						</Extensions>
					</Trackpoint>
					<Trackpoint>
						<Time>2569-03-03T11:57:29Z</Time>
						<Position>
							<LatitudeDegrees>12.590537</LatitudeDegrees>
							<LongitudeDegrees>101.418462</LongitudeDegrees>
						</Position>
						<AltitudeMeters>20.630000</AltitudeMeters>
						<HeartRateBpm>
							<Value>124</Value>
						</HeartRateBpm>
						<Cadence>62</Cadence>
						<Extensions>
							<ns3:TPX>
								<ns3:Speed>1.422480</ns3:Speed>
							</ns3:TPX>
						</Extensions>
					</Trackpoint>
					<Trackpoint>
						<Time>2569-03-03T11:57:30Z</Time>
						<Position>
							<LatitudeDegrees>12.590543</LatitudeDegrees>
							<LongitudeDegrees>101.418454</LongitudeDegrees>
						</Position>
						<AltitudeMeters>20.440000</AltitudeMeters>
						<HeartRateBpm>
							<Value>124</Value>
						</HeartRateBpm>
						<Cadence>62</Cadence>
						<Extensions>
							<ns3:TPX>
								<ns3:Speed>1.517450</ns3:Speed>
							</ns3:TPX>
						</Extensions>
					</Trackpoint>
					<Trackpoint>
						<Time>2569-03-03T11:57:31Z</Time>
						<Position>
							<LatitudeDegrees>12.590550</LatitudeDegrees>
							<LongitudeDegrees>101.418445</LongitudeDegrees>
						</Position>
						<AltitudeMeters>20.360000</AltitudeMeters>
						<HeartRateBpm>
							<Value>124</Value>
						</HeartRateBpm>
						<Cadence>63</Cadence>
						<Extensions>
							<ns3:TPX>
								<ns3:Speed>1.479290</ns3:Speed>
							</ns3:TPX>
						</Extensions>
					</Trackpoint>
					<Trackpoint>
						<Time>2569-03-03T11:57:32Z</Time>
						<Position>
							<LatitudeDegrees>12.590556</LatitudeDegrees>
							<LongitudeDegrees>101.418437</LongitudeDegrees>
						</Position>
						<AltitudeMeters>20.190000</AltitudeMeters>
						<HeartRateBpm>
							<Value>123</Value>
						</HeartRateBpm>
						<Cadence>63</Cadence>
						<Extensions>
							<ns3:TPX>
								<ns3:Speed>1.445090</ns3:Speed>
							</ns3:TPX>
						</Extensions>
					</Trackpoint>
					<Trackpoint>
						<Time>2569-03-03T11:57:33Z</Time>
						<Position>
							<LatitudeDegrees>12.590564</LatitudeDegrees>
							<LongitudeDegrees>101.418428</LongitudeDegrees>
						</Position>
						<AltitudeMeters>20.030000</AltitudeMeters>
						<HeartRateBpm>
							<Value>123</Value>
						</HeartRateBpm>
						<Cadence>63</Cadence>
						<Extensions>
							<ns3:TPX>
								<ns3:Speed>1.398600</ns3:Speed>
							</ns3:TPX>
						</Extensions>
					</Trackpoint>
					<Trackpoint>
						<Time>2569-03-03T11:57:34Z</Time>
						<Position>
							<LatitudeDegrees>12.590571</LatitudeDegrees>
							<LongitudeDegrees>101.418417</LongitudeDegrees>
						</Position>
						<AltitudeMeters>19.860000</AltitudeMeters>
						<HeartRateBpm>
							<Value>124</Value>
						</HeartRateBpm>
						<Cadence>62</Cadence>
						<Extensions>
							<ns3:TPX>
								<ns3:Speed>1.355010</ns3:Speed>
							</ns3:TPX>
						</Extensions>
					</Trackpoint>
					<Trackpoint>
						<Time>2569-03-03T11:57:35Z</Time>
						<Position>
							<LatitudeDegrees>12.590578</LatitudeDegrees>
							<LongitudeDegrees>101.418407</LongitudeDegrees>
						</Position>
						<AltitudeMeters>19.730000</AltitudeMeters>
						<HeartRateBpm>
							<Value>124</Value>
						</HeartRateBpm>
						<Cadence>61</Cadence>
						<Extensions>
							<ns3:TPX>
								<ns3:Speed>1.338690</ns3:Speed>
							</ns3:TPX>
						</Extensions>
					</Trackpoint>
					<Trackpoint>
						<Time>2569-03-03T11:57:36Z</Time>
						<Position>
							<LatitudeDegrees>12.590584</LatitudeDegrees>
							<LongitudeDegrees>101.418396</LongitudeDegrees>
						</Position>
						<AltitudeMeters>19.580000</AltitudeMeters>
						<HeartRateBpm>
							<Value>125</Value>
						</HeartRateBpm>
						<Cadence>60</Cadence>
						<Extensions>
							<ns3:TPX>
								<ns3:Speed>1.345900</ns3:Speed>
							</ns3:TPX>
						</Extensions>
					</Trackpoint>
					<Trackpoint>
						<Time>2569-03-03T11:57:38Z</Time>
						<Position>
							<LatitudeDegrees>12.590596</LatitudeDegrees>
							<LongitudeDegrees>101.418375</LongitudeDegrees>
						</Position>
						<AltitudeMeters>19.130000</AltitudeMeters>
						<HeartRateBpm>
							<Value>126</Value>
						</HeartRateBpm>
						<Cadence>59</Cadence>
						<Extensions>
							<ns3:TPX>
								<ns3:Speed>1.322750</ns3:Speed>
							</ns3:TPX>
						</Extensions>
					</Trackpoint>
					<Trackpoint>
						<Time>2569-03-03T11:57:38Z</Time>
						<Position>
							<LatitudeDegrees>12.590596</LatitudeDegrees>
							<LongitudeDegrees>101.418375</LongitudeDegrees>
						</Position>
						<AltitudeMeters>19.130000</AltitudeMeters>
						<HeartRateBpm>
							<Value>126</Value>
						</HeartRateBpm>
						<Cadence>59</Cadence>
						<Extensions>
							<ns3:TPX>
								<ns3:Speed>1.322750</ns3:Speed>
							</ns3:TPX>
						</Extensions>
					</Trackpoint>
					<Trackpoint>
						<Time>2569-03-03T11:57:39Z</Time>
						<Position>
							<LatitudeDegrees>12.590601</LatitudeDegrees>
							<LongitudeDegrees>101.418363</LongitudeDegrees>
						</Position>
						<AltitudeMeters>18.990000</AltitudeMeters>
						<HeartRateBpm>
							<Value>126</Value>
						</HeartRateBpm>
						<Cadence>59</Cadence>
						<Extensions>
							<ns3:TPX>
								<ns3:Speed>1.329790</ns3:Speed>
							</ns3:TPX>
						</Extensions>
					</Trackpoint>
					<Trackpoint>
						<Time>2569-03-03T11:57:40Z</Time>
						<Position>
							<LatitudeDegrees>12.590607</LatitudeDegrees>
							<LongitudeDegrees>101.418353</LongitudeDegrees>
						</Position>
						<AltitudeMeters>18.870000</AltitudeMeters>
						<HeartRateBpm>
							<Value>125</Value>
						</HeartRateBpm>
						<Cadence>59</Cadence>
						<Extensions>
							<ns3:TPX>
								<ns3:Speed>1.349530</ns3:Speed>
							</ns3:TPX>
						</Extensions>
					</Trackpoint>
					<Trackpoint>
						<Time>2569-03-03T11:57:41Z</Time>
						<Position>
							<LatitudeDegrees>12.590612</LatitudeDegrees>
							<LongitudeDegrees>101.418344</LongitudeDegrees>
						</Position>
						<AltitudeMeters>18.780000</AltitudeMeters>
						<HeartRateBpm>
							<Value>124</Value>
						</HeartRateBpm>
						<Cadence>59</Cadence>
						<Extensions>
							<ns3:TPX>
								<ns3:Speed>1.360540</ns3:Speed>
							</ns3:TPX>
						</Extensions>
					</Trackpoint>
					<Trackpoint>
						<Time>2569-03-03T11:57:42Z</Time>
						<Position>
							<LatitudeDegrees>12.590618</LatitudeDegrees>
							<LongitudeDegrees>101.418335</LongitudeDegrees>
						</Position>
						<AltitudeMeters>18.710000</AltitudeMeters>
						<HeartRateBpm>
							<Value>123</Value>
						</HeartRateBpm>
						<Cadence>59</Cadence>
						<Extensions>
							<ns3:TPX>
								<ns3:Speed>1.351350</ns3:Speed>
							</ns3:TPX>
						</Extensions>
					</Trackpoint>
					<Trackpoint>
						<Time>2569-03-03T11:57:44Z</Time>
						<Position>
							<LatitudeDegrees>12.590636</LatitudeDegrees>
							<LongitudeDegrees>101.418321</LongitudeDegrees>
						</Position>
						<AltitudeMeters>18.560000</AltitudeMeters>
						<HeartRateBpm>
							<Value>123</Value>
						</HeartRateBpm>
						<Cadence>58</Cadence>
						<Extensions>
							<ns3:TPX>
								<ns3:Speed>1.305480</ns3:Speed>
							</ns3:TPX>
						</Extensions>
					</Trackpoint>
					<Trackpoint>
						<Time>2569-03-03T11:57:44Z</Time>
						<Position>
							<LatitudeDegrees>12.590636</LatitudeDegrees>
							<LongitudeDegrees>101.418321</LongitudeDegrees>
						</Position>
						<AltitudeMeters>18.560000</AltitudeMeters>
						<HeartRateBpm>
							<Value>123</Value>
						</HeartRateBpm>
						<Cadence>58</Cadence>
						<Extensions>
							<ns3:TPX>
								<ns3:Speed>1.305480</ns3:Speed>
							</ns3:TPX>
						</Extensions>
					</Trackpoint>
					<Trackpoint>
						<Time>2569-03-03T11:57:45Z</Time>
						<Position>
							<LatitudeDegrees>12.590646</LatitudeDegrees>
							<LongitudeDegrees>101.418316</LongitudeDegrees>
						</Position>
						<AltitudeMeters>18.500000</AltitudeMeters>
						<HeartRateBpm>
							<Value>123</Value>
						</HeartRateBpm>
						<Cadence>58</Cadence>
						<Extensions>
							<ns3:TPX>
								<ns3:Speed>1.290320</ns3:Speed>
							</ns3:TPX>
						</Extensions>
					</Trackpoint>
					<Trackpoint>
						<Time>2569-03-03T11:57:47Z</Time>
						<Position>
							<LatitudeDegrees>12.590666</LatitudeDegrees>
							<LongitudeDegrees>101.418309</LongitudeDegrees>
						</Position>
						<AltitudeMeters>18.450000</AltitudeMeters>
						<HeartRateBpm>
							<Value>122</Value>
						</HeartRateBpm>
						<Cadence>58</Cadence>
						<Extensions>
							<ns3:TPX>
								<ns3:Speed>1.257860</ns3:Speed>
							</ns3:TPX>
						</Extensions>
					</Trackpoint>
					<Trackpoint>
						<Time>2569-03-03T11:57:47Z</Time>
						<Position>
							<LatitudeDegrees>12.590666</LatitudeDegrees>
							<LongitudeDegrees>101.418309</LongitudeDegrees>
						</Position>
						<AltitudeMeters>18.450000</AltitudeMeters>
						<HeartRateBpm>
							<Value>122</Value>
						</HeartRateBpm>
						<Cadence>58</Cadence>
						<Extensions>
							<ns3:TPX>
								<ns3:Speed>1.257860</ns3:Speed>
							</ns3:TPX>
						</Extensions>
					</Trackpoint>
					<Trackpoint>
						<Time>2569-03-03T11:57:48Z</Time>
						<Position>
							<LatitudeDegrees>12.590673</LatitudeDegrees>
							<LongitudeDegrees>101.418308</LongitudeDegrees>
						</Position>
						<AltitudeMeters>18.400000</AltitudeMeters>
						<HeartRateBpm>
							<Value>122</Value>
						</HeartRateBpm>
						<Cadence>57</Cadence>
						<Extensions>
							<ns3:TPX>
								<ns3:Speed>1.231530</ns3:Speed>
							</ns3:TPX>
						</Extensions>
					</Trackpoint>
					<Trackpoint>
						<Time>2569-03-03T11:57:50Z</Time>
						<Position>
							<LatitudeDegrees>12.590686</LatitudeDegrees>
							<LongitudeDegrees>101.418310</LongitudeDegrees>
						</Position>
						<AltitudeMeters>18.370000</AltitudeMeters>
						<HeartRateBpm>
							<Value>120</Value>
						</HeartRateBpm>
						<Cadence>55</Cadence>
						<Extensions>
							<ns3:TPX>
								<ns3:Speed>1.207730</ns3:Speed>
							</ns3:TPX>
						</Extensions>
					</Trackpoint>
					<Trackpoint>
						<Time>2569-03-03T11:57:50Z</Time>
						<Position>
							<LatitudeDegrees>12.590686</LatitudeDegrees>
							<LongitudeDegrees>101.418310</LongitudeDegrees>
						</Position>
						<AltitudeMeters>18.370000</AltitudeMeters>
						<HeartRateBpm>
							<Value>120</Value>
						</HeartRateBpm>
						<Cadence>55</Cadence>
						<Extensions>
							<ns3:TPX>
								<ns3:Speed>1.207730</ns3:Speed>
							</ns3:TPX>
						</Extensions>
					</Trackpoint>
					<Trackpoint>
						<Time>2569-03-03T11:57:52Z</Time>
						<Position>
							<LatitudeDegrees>12.590698</LatitudeDegrees>
							<LongitudeDegrees>101.418314</LongitudeDegrees>
						</Position>
						<AltitudeMeters>18.360000</AltitudeMeters>
						<HeartRateBpm>
							<Value>119</Value>
						</HeartRateBpm>
						<Cadence>54</Cadence>
						<Extensions>
							<ns3:TPX>
								<ns3:Speed>1.092900</ns3:Speed>
							</ns3:TPX>
						</Extensions>
					</Trackpoint>
					<Trackpoint>
						<Time>2569-03-03T11:57:52Z</Time>
						<Position>
							<LatitudeDegrees>12.590698</LatitudeDegrees>
							<LongitudeDegrees>101.418314</LongitudeDegrees>
						</Position>
						<AltitudeMeters>18.360000</AltitudeMeters>
						<HeartRateBpm>
							<Value>119</Value>
						</HeartRateBpm>
						<Cadence>54</Cadence>
						<Extensions>
							<ns3:TPX>
								<ns3:Speed>1.092900</ns3:Speed>
							</ns3:TPX>
						</Extensions>
					</Trackpoint>
					<Trackpoint>
						<Time>2569-03-03T11:57:53Z</Time>
						<Position>
							<LatitudeDegrees>12.590702</LatitudeDegrees>
							<LongitudeDegrees>101.418315</LongitudeDegrees>
						</Position>
						<AltitudeMeters>18.360000</AltitudeMeters>
						<HeartRateBpm>
							<Value>118</Value>
						</HeartRateBpm>
						<Cadence>53</Cadence>
						<Extensions>
							<ns3:TPX>
								<ns3:Speed>1.106190</ns3:Speed>
							</ns3:TPX>
						</Extensions>
					</Trackpoint>
					<Trackpoint>
						<Time>2569-03-03T11:57:54Z</Time>
						<Position>
							<LatitudeDegrees>12.590707</LatitudeDegrees>
							<LongitudeDegrees>101.418314</LongitudeDegrees>
						</Position>
						<AltitudeMeters>18.370000</AltitudeMeters>
						<HeartRateBpm>
							<Value>118</Value>
						</HeartRateBpm>
						<Cadence>51</Cadence>
						<Extensions>
							<ns3:TPX>
								<ns3:Speed>1.146790</ns3:Speed>
							</ns3:TPX>
						</Extensions>
					</Trackpoint>
					<Trackpoint>
						<Time>2569-03-03T11:57:55Z</Time>
						<Position>
							<LatitudeDegrees>12.590711</LatitudeDegrees>
							<LongitudeDegrees>101.418312</LongitudeDegrees>
						</Position>
						<AltitudeMeters>18.360000</AltitudeMeters>
						<HeartRateBpm>
							<Value>118</Value>
						</HeartRateBpm>
						<Cadence>50</Cadence>
						<Extensions>
							<ns3:TPX>
								<ns3:Speed>1.129940</ns3:Speed>
							</ns3:TPX>
						</Extensions>
					</Trackpoint>
					<Trackpoint>
						<Time>2569-03-03T11:57:56Z</Time>
						<Position>
							<LatitudeDegrees>12.590717</LatitudeDegrees>
							<LongitudeDegrees>101.418310</LongitudeDegrees>
						</Position>
						<AltitudeMeters>18.360000</AltitudeMeters>
						<HeartRateBpm>
							<Value>118</Value>
						</HeartRateBpm>
						<Cadence>49</Cadence>
						<Extensions>
							<ns3:TPX>
								<ns3:Speed>1.094090</ns3:Speed>
							</ns3:TPX>
						</Extensions>
					</Trackpoint>
					<Trackpoint>
						<Time>2569-03-03T11:57:57Z</Time>
						<Position>
							<LatitudeDegrees>12.590724</LatitudeDegrees>
							<LongitudeDegrees>101.418307</LongitudeDegrees>
						</Position>
						<AltitudeMeters>18.340000</AltitudeMeters>
						<HeartRateBpm>
							<Value>117</Value>
						</HeartRateBpm>
						<Cadence>48</Cadence>
						<Extensions>
							<ns3:TPX>
								<ns3:Speed>1.068380</ns3:Speed>
							</ns3:TPX>
						</Extensions>
					</Trackpoint>
					<Trackpoint>
						<Time>2569-03-03T11:57:58Z</Time>
						<Position>
							<LatitudeDegrees>12.590729</LatitudeDegrees>
							<LongitudeDegrees>101.418303</LongitudeDegrees>
						</Position>
						<AltitudeMeters>18.340000</AltitudeMeters>
						<HeartRateBpm>
							<Value>117</Value>
						</HeartRateBpm>
						<Cadence>48</Cadence>
						<Extensions>
							<ns3:TPX>
								<ns3:Speed>1.023540</ns3:Speed>
							</ns3:TPX>
						</Extensions>
					</Trackpoint>
					<Trackpoint>
						<Time>2569-03-03T11:58:00Z</Time>
						<Position>
							<LatitudeDegrees>12.590742</LatitudeDegrees>
							<LongitudeDegrees>101.418288</LongitudeDegrees>
						</Position>
						<AltitudeMeters>18.310000</AltitudeMeters>
						<HeartRateBpm>
							<Value>116</Value>
						</HeartRateBpm>
						<Cadence>48</Cadence>
						<Extensions>
							<ns3:TPX>
								<ns3:Speed>0.876420</ns3:Speed>
							</ns3:TPX>
						</Extensions>
					</Trackpoint>
					<Trackpoint>
						<Time>2569-03-03T11:58:00Z</Time>
						<Position>
							<LatitudeDegrees>12.590742</LatitudeDegrees>
							<LongitudeDegrees>101.418288</LongitudeDegrees>
						</Position>
						<AltitudeMeters>18.310000</AltitudeMeters>
						<HeartRateBpm>
							<Value>116</Value>
						</HeartRateBpm>
						<Cadence>48</Cadence>
						<Extensions>
							<ns3:TPX>
								<ns3:Speed>0.876420</ns3:Speed>
							</ns3:TPX>
						</Extensions>
					</Trackpoint>
					<Trackpoint>
						<Time>2569-03-03T11:58:01Z</Time>
						<Position>
							<LatitudeDegrees>12.590749</LatitudeDegrees>
							<LongitudeDegrees>101.418281</LongitudeDegrees>
						</Position>
						<AltitudeMeters>18.290000</AltitudeMeters>
						<HeartRateBpm>
							<Value>116</Value>
						</HeartRateBpm>
						<Cadence>50</Cadence>
						<Extensions>
							<ns3:TPX>
								<ns3:Speed>0.806450</ns3:Speed>
							</ns3:TPX>
						</Extensions>
					</Trackpoint>
					<Trackpoint>
						<Time>2569-03-03T11:58:02Z</Time>
						<Position>
							<LatitudeDegrees>12.590757</LatitudeDegrees>
							<LongitudeDegrees>101.418273</LongitudeDegrees>
						</Position>
						<AltitudeMeters>18.270000</AltitudeMeters>
						<HeartRateBpm>
							<Value>115</Value>
						</HeartRateBpm>
						<Cadence>51</Cadence>
						<Extensions>
							<ns3:TPX>
								<ns3:Speed>0.825080</ns3:Speed>
							</ns3:TPX>
						</Extensions>
					</Trackpoint>
					<Trackpoint>
						<Time>2569-03-03T11:58:03Z</Time>
						<Position>
							<LatitudeDegrees>12.590765</LatitudeDegrees>
							<LongitudeDegrees>101.418266</LongitudeDegrees>
						</Position>
						<AltitudeMeters>18.220000</AltitudeMeters>
						<HeartRateBpm>
							<Value>115</Value>
						</HeartRateBpm>
						<Cadence>52</Cadence>
						<Extensions>
							<ns3:TPX>
								<ns3:Speed>0.831950</ns3:Speed>
							</ns3:TPX>
						</Extensions>
					</Trackpoint>
					<Trackpoint>
						<Time>2569-03-03T11:58:04Z</Time>
						<Position>
							<LatitudeDegrees>12.590775</LatitudeDegrees>
							<LongitudeDegrees>101.418258</LongitudeDegrees>
						</Position>
						<AltitudeMeters>18.220000</AltitudeMeters>
						<HeartRateBpm>
							<Value>115</Value>
						</HeartRateBpm>
						<Cadence>52</Cadence>
						<Extensions>
							<ns3:TPX>
								<ns3:Speed>0.842460</ns3:Speed>
							</ns3:TPX>
						</Extensions>
					</Trackpoint>
					<Trackpoint>
						<Time>2569-03-03T11:58:05Z</Time>
						<Position>
							<LatitudeDegrees>12.590785</LatitudeDegrees>
							<LongitudeDegrees>101.418251</LongitudeDegrees>
						</Position>
						<AltitudeMeters>18.230000</AltitudeMeters>
						<HeartRateBpm>
							<Value>115</Value>
						</HeartRateBpm>
						<Cadence>52</Cadence>
						<Extensions>
							<ns3:TPX>
								<ns3:Speed>0.855430</ns3:Speed>
							</ns3:TPX>
						</Extensions>
					</Trackpoint>
					<Trackpoint>
						<Time>2569-03-03T11:58:06Z</Time>
						<Position>
							<LatitudeDegrees>12.590796</LatitudeDegrees>
							<LongitudeDegrees>101.418244</LongitudeDegrees>
						</Position>
						<AltitudeMeters>18.240000</AltitudeMeters>
						<HeartRateBpm>
							<Value>115</Value>
						</HeartRateBpm>
						<Cadence>53</Cadence>
						<Extensions>
							<ns3:TPX>
								<ns3:Speed>0.869570</ns3:Speed>
							</ns3:TPX>
						</Extensions>
					</Trackpoint>
					<Trackpoint>
						<Time>2569-03-03T11:58:08Z</Time>
						<Position>
							<LatitudeDegrees>12.590808</LatitudeDegrees>
							<LongitudeDegrees>101.418239</LongitudeDegrees>
						</Position>
						<AltitudeMeters>18.280000</AltitudeMeters>
						<HeartRateBpm>
							<Value>114</Value>
						</HeartRateBpm>
						<Cadence>53</Cadence>
						<Extensions>
							<ns3:TPX>
								<ns3:Speed>0.896860</ns3:Speed>
							</ns3:TPX>
						</Extensions>
					</Trackpoint>
					<Trackpoint>
						<Time>2569-03-03T11:58:09Z</Time>
						<Position>
							<LatitudeDegrees>12.590820</LatitudeDegrees>
							<LongitudeDegrees>101.418234</LongitudeDegrees>
						</Position>
						<AltitudeMeters>18.310000</AltitudeMeters>
						<HeartRateBpm>
							<Value>115</Value>
						</HeartRateBpm>
						<Cadence>53</Cadence>
						<Extensions>
							<ns3:TPX>
								<ns3:Speed>0.904160</ns3:Speed>
							</ns3:TPX>
						</Extensions>
					</Trackpoint>
					<Trackpoint>
						<Time>2569-03-03T11:58:10Z</Time>
						<Position>
							<LatitudeDegrees>12.590832</LatitudeDegrees>
							<LongitudeDegrees>101.418231</LongitudeDegrees>
						</Position>
						<AltitudeMeters>18.360000</AltitudeMeters>
						<HeartRateBpm>
							<Value>114</Value>
						</HeartRateBpm>
						<Cadence>53</Cadence>
						<Extensions>
							<ns3:TPX>
								<ns3:Speed>0.911580</ns3:Speed>
							</ns3:TPX>
						</Extensions>
					</Trackpoint>
					<Trackpoint>
						<Time>2569-03-03T11:58:11Z</Time>
						<Position>
							<LatitudeDegrees>12.590855</LatitudeDegrees>
							<LongitudeDegrees>101.418223</LongitudeDegrees>
						</Position>
						<AltitudeMeters>18.360000</AltitudeMeters>
						<HeartRateBpm>
							<Value>114</Value>
						</HeartRateBpm>
						<Cadence>53</Cadence>
						<Extensions>
							<ns3:TPX>
								<ns3:Speed>0.924210</ns3:Speed>
							</ns3:TPX>
						</Extensions>
					</Trackpoint>
					<Trackpoint>
						<Time>2569-03-03T11:58:11Z</Time>
						<Position>
							<LatitudeDegrees>12.590855</LatitudeDegrees>
							<LongitudeDegrees>101.418223</LongitudeDegrees>
						</Position>
						<AltitudeMeters>18.360000</AltitudeMeters>
						<HeartRateBpm>
							<Value>114</Value>
						</HeartRateBpm>
						<Cadence>53</Cadence>
						<Extensions>
							<ns3:TPX>
								<ns3:Speed>0.924210</ns3:Speed>
							</ns3:TPX>
						</Extensions>
					</Trackpoint>
					<Trackpoint>
						<Time>2569-03-03T11:58:12Z</Time>
						<Position>
							<LatitudeDegrees>12.590863</LatitudeDegrees>
							<LongitudeDegrees>101.418220</LongitudeDegrees>
						</Position>
						<AltitudeMeters>18.370000</AltitudeMeters>
						<HeartRateBpm>
							<Value>114</Value>
						</HeartRateBpm>
						<Cadence>52</Cadence>
						<Extensions>
							<ns3:TPX>
								<ns3:Speed>0.939850</ns3:Speed>
							</ns3:TPX>
						</Extensions>
					</Trackpoint>
					<Trackpoint>
						<Time>2569-03-03T11:58:14Z</Time>
						<Position>
							<LatitudeDegrees>12.590869</LatitudeDegrees>
							<LongitudeDegrees>101.418217</LongitudeDegrees>
						</Position>
						<AltitudeMeters>18.380000</AltitudeMeters>
						<HeartRateBpm>
							<Value>113</Value>
						</HeartRateBpm>
						<Cadence>52</Cadence>
						<Extensions>
							<ns3:TPX>
								<ns3:Speed>0.968050</ns3:Speed>
							</ns3:TPX>
						</Extensions>
					</Trackpoint>
					<Trackpoint>
						<Time>2569-03-03T11:58:15Z</Time>
						<Position>
							<LatitudeDegrees>12.590872</LatitudeDegrees>
							<LongitudeDegrees>101.418215</LongitudeDegrees>
						</Position>
						<AltitudeMeters>18.390000</AltitudeMeters>
						<HeartRateBpm>
							<Value>113</Value>
						</HeartRateBpm>
						<Cadence>52</Cadence>
						<Extensions>
							<ns3:TPX>
								<ns3:Speed>0.978470</ns3:Speed>
							</ns3:TPX>
						</Extensions>
					</Trackpoint>
					<Trackpoint>
						<Time>2569-03-03T11:58:15Z</Time>
						<Position>
							<LatitudeDegrees>12.590872</LatitudeDegrees>
							<LongitudeDegrees>101.418215</LongitudeDegrees>
						</Position>
						<AltitudeMeters>18.390000</AltitudeMeters>
						<HeartRateBpm>
							<Value>113</Value>
						</HeartRateBpm>
						<Cadence>52</Cadence>
						<Extensions>
							<ns3:TPX>
								<ns3:Speed>0.978470</ns3:Speed>
							</ns3:TPX>
						</Extensions>
					</Trackpoint>
					<Trackpoint>
						<Time>2569-03-03T11:58:16Z</Time>
						<Position>
							<LatitudeDegrees>12.590872</LatitudeDegrees>
							<LongitudeDegrees>101.418216</LongitudeDegrees>
						</Position>
						<AltitudeMeters>18.390000</AltitudeMeters>
						<HeartRateBpm>
							<Value>113</Value>
						</HeartRateBpm>
						<Cadence>51</Cadence>
						<Extensions>
							<ns3:TPX>
								<ns3:Speed>0.984250</ns3:Speed>
							</ns3:TPX>
						</Extensions>
					</Trackpoint>
					<Trackpoint>
						<Time>2569-03-03T11:58:18Z</Time>
						<Position>
							<LatitudeDegrees>12.590872</LatitudeDegrees>
							<LongitudeDegrees>101.418219</LongitudeDegrees>
						</Position>
						<AltitudeMeters>18.410000</AltitudeMeters>
						<HeartRateBpm>
							<Value>112</Value>
						</HeartRateBpm>
						<Cadence>50</Cadence>
						<Extensions>
							<ns3:TPX>
								<ns3:Speed>0.974660</ns3:Speed>
							</ns3:TPX>
						</Extensions>
					</Trackpoint>
					<Trackpoint>
						<Time>2569-03-03T11:58:19Z</Time>
						<Position>
							<LatitudeDegrees>12.590874</LatitudeDegrees>
							<LongitudeDegrees>101.418221</LongitudeDegrees>
						</Position>
						<AltitudeMeters>18.410000</AltitudeMeters>
						<HeartRateBpm>
							<Value>112</Value>
						</HeartRateBpm>
						<Cadence>51</Cadence>
						<Extensions>
							<ns3:TPX>
								<ns3:Speed>0.965250</ns3:Speed>
							</ns3:TPX>
						</Extensions>
					</Trackpoint>
					<Trackpoint>
						<Time>2569-03-03T11:58:20Z</Time>
						<Position>
							<LatitudeDegrees>12.590880</LatitudeDegrees>
							<LongitudeDegrees>101.418223</LongitudeDegrees>
						</Position>
						<AltitudeMeters>18.420000</AltitudeMeters>
						<HeartRateBpm>
							<Value>111</Value>
						</HeartRateBpm>
						<Cadence>51</Cadence>
						<Extensions>
							<ns3:TPX>
								<ns3:Speed>0.952380</ns3:Speed>
							</ns3:TPX>
						</Extensions>
					</Trackpoint>
					<Trackpoint>
						<Time>2569-03-03T11:58:20Z</Time>
						<Position>
							<LatitudeDegrees>12.590880</LatitudeDegrees>
							<LongitudeDegrees>101.418223</LongitudeDegrees>
						</Position>
						<AltitudeMeters>18.420000</AltitudeMeters>
						<HeartRateBpm>
							<Value>111</Value>
						</HeartRateBpm>
						<Cadence>51</Cadence>
						<Extensions>
							<ns3:TPX>
								<ns3:Speed>0.952380</ns3:Speed>
							</ns3:TPX>
						</Extensions>
					</Trackpoint>
					<Trackpoint>
						<Time>2569-03-03T11:58:21Z</Time>
						<Position>
							<LatitudeDegrees>12.590885</LatitudeDegrees>
							<LongitudeDegrees>101.418225</LongitudeDegrees>
						</Position>
						<AltitudeMeters>18.430000</AltitudeMeters>
						<HeartRateBpm>
							<Value>111</Value>
						</HeartRateBpm>
						<Cadence>51</Cadence>
						<Extensions>
							<ns3:TPX>
								<ns3:Speed>0.937210</ns3:Speed>
							</ns3:TPX>
						</Extensions>
					</Trackpoint>
					<Trackpoint>
						<Time>2569-03-03T11:58:22Z</Time>
						<Position>
							<LatitudeDegrees>12.590889</LatitudeDegrees>
							<LongitudeDegrees>101.418227</LongitudeDegrees>
						</Position>
						<AltitudeMeters>18.430000</AltitudeMeters>
						<HeartRateBpm>
							<Value>111</Value>
						</HeartRateBpm>
						<Cadence>51</Cadence>
						<Extensions>
							<ns3:TPX>
								<ns3:Speed>0.923360</ns3:Speed>
							</ns3:TPX>
						</Extensions>
					</Trackpoint>
					<Trackpoint>
						<Time>2569-03-03T11:58:24Z</Time>
						<Position>
							<LatitudeDegrees>12.590897</LatitudeDegrees>
							<LongitudeDegrees>101.418232</LongitudeDegrees>
						</Position>
						<AltitudeMeters>18.440000</AltitudeMeters>
						<HeartRateBpm>
							<Value>111</Value>
						</HeartRateBpm>
						<Cadence>50</Cadence>
						<Extensions>
							<ns3:TPX>
								<ns3:Speed>0.894450</ns3:Speed>
							</ns3:TPX>
						</Extensions>
					</Trackpoint>
					<Trackpoint>
						<Time>2569-03-03T11:58:24Z</Time>
						<Position>
							<LatitudeDegrees>12.590897</LatitudeDegrees>
							<LongitudeDegrees>101.418232</LongitudeDegrees>
						</Position>
						<AltitudeMeters>18.440000</AltitudeMeters>
						<HeartRateBpm>
							<Value>111</Value>
						</HeartRateBpm>
						<Cadence>50</Cadence>
						<Extensions>
							<ns3:TPX>
								<ns3:Speed>0.894450</ns3:Speed>
							</ns3:TPX>
						</Extensions>
					</Trackpoint>
					<Trackpoint>
						<Time>2569-03-03T11:58:26Z</Time>
						<Position>
							<LatitudeDegrees>12.590903</LatitudeDegrees>
							<LongitudeDegrees>101.418241</LongitudeDegrees>
						</Position>
						<AltitudeMeters>18.450000</AltitudeMeters>
						<HeartRateBpm>
							<Value>111</Value>
						</HeartRateBpm>
						<Cadence>50</Cadence>
						<Extensions>
							<ns3:TPX>
								<ns3:Speed>0.865050</ns3:Speed>
							</ns3:TPX>
						</Extensions>
					</Trackpoint>
					<Trackpoint>
						<Time>2569-03-03T11:58:26Z</Time>
						<Position>
							<LatitudeDegrees>12.590903</LatitudeDegrees>
							<LongitudeDegrees>101.418241</LongitudeDegrees>
						</Position>
						<AltitudeMeters>18.450000</AltitudeMeters>
						<HeartRateBpm>
							<Value>111</Value>
						</HeartRateBpm>
						<Cadence>50</Cadence>
						<Extensions>
							<ns3:TPX>
								<ns3:Speed>0.865050</ns3:Speed>
							</ns3:TPX>
						</Extensions>
					</Trackpoint>
					<Trackpoint>
						<Time>2569-03-03T11:58:27Z</Time>
						<Position>
							<LatitudeDegrees>12.590907</LatitudeDegrees>
							<LongitudeDegrees>101.418247</LongitudeDegrees>
						</Position>
						<AltitudeMeters>18.450000</AltitudeMeters>
						<HeartRateBpm>
							<Value>111</Value>
						</HeartRateBpm>
						<Cadence>50</Cadence>
						<Extensions>
							<ns3:TPX>
								<ns3:Speed>0.851790</ns3:Speed>
							</ns3:TPX>
						</Extensions>
					</Trackpoint>
					<Trackpoint>
						<Time>2569-03-03T11:58:28Z</Time>
						<Position>
							<LatitudeDegrees>12.590910</LatitudeDegrees>
							<LongitudeDegrees>101.418252</LongitudeDegrees>
						</Position>
						<AltitudeMeters>18.450000</AltitudeMeters>
						<HeartRateBpm>
							<Value>111</Value>
						</HeartRateBpm>
						<Cadence>50</Cadence>
						<Extensions>
							<ns3:TPX>
								<ns3:Speed>0.839630</ns3:Speed>
							</ns3:TPX>
						</Extensions>
					</Trackpoint>
					<Trackpoint>
						<Time>2569-03-03T11:58:29Z</Time>
						<Position>
							<LatitudeDegrees>12.590914</LatitudeDegrees>
							<LongitudeDegrees>101.418256</LongitudeDegrees>
						</Position>
						<AltitudeMeters>18.450000</AltitudeMeters>
						<HeartRateBpm>
							<Value>110</Value>
						</HeartRateBpm>
						<Cadence>50</Cadence>
						<Extensions>
							<ns3:TPX>
								<ns3:Speed>0.828500</ns3:Speed>
							</ns3:TPX>
						</Extensions>
					</Trackpoint>
					<Trackpoint>
						<Time>2569-03-03T11:58:30Z</Time>
						<Position>
							<LatitudeDegrees>12.590919</LatitudeDegrees>
							<LongitudeDegrees>101.418258</LongitudeDegrees>
						</Position>
						<AltitudeMeters>18.460000</AltitudeMeters>
						<HeartRateBpm>
							<Value>110</Value>
						</HeartRateBpm>
						<Cadence>49</Cadence>
						<Extensions>
							<ns3:TPX>
								<ns3:Speed>0.818330</ns3:Speed>
							</ns3:TPX>
						</Extensions>
					</Trackpoint>
					<Trackpoint>
						<Time>2569-03-03T11:58:31Z</Time>
						<Position>
							<LatitudeDegrees>12.590924</LatitudeDegrees>
							<LongitudeDegrees>101.418261</LongitudeDegrees>
						</Position>
						<AltitudeMeters>18.460000</AltitudeMeters>
						<HeartRateBpm>
							<Value>109</Value>
						</HeartRateBpm>
						<Cadence>48</Cadence>
						<Extensions>
							<ns3:TPX>
								<ns3:Speed>0.805800</ns3:Speed>
							</ns3:TPX>
						</Extensions>
					</Trackpoint>
					<Trackpoint>
						<Time>2569-03-03T11:58:32Z</Time>
						<Position>
							<LatitudeDegrees>12.590928</LatitudeDegrees>
							<LongitudeDegrees>101.418264</LongitudeDegrees>
						</Position>
						<AltitudeMeters>18.460000</AltitudeMeters>
						<HeartRateBpm>
							<Value>109</Value>
						</HeartRateBpm>
						<Cadence>48</Cadence>
						<Extensions>
							<ns3:TPX>
								<ns3:Speed>0.792390</ns3:Speed>
							</ns3:TPX>
						</Extensions>
					</Trackpoint>
					<Trackpoint>
						<Time>2569-03-03T11:58:33Z</Time>
						<Position>
							<LatitudeDegrees>12.590932</LatitudeDegrees>
							<LongitudeDegrees>101.418267</LongitudeDegrees>
						</Position>
						<AltitudeMeters>18.450000</AltitudeMeters>
						<HeartRateBpm>
							<Value>109</Value>
						</HeartRateBpm>
						<Cadence>48</Cadence>
						<Extensions>
							<ns3:TPX>
								<ns3:Speed>0.778820</ns3:Speed>
							</ns3:TPX>
						</Extensions>
					</Trackpoint>
					<Trackpoint>
						<Time>2569-03-03T11:58:34Z</Time>
						<Position>
							<LatitudeDegrees>12.590935</LatitudeDegrees>
							<LongitudeDegrees>101.418269</LongitudeDegrees>
						</Position>
						<AltitudeMeters>18.450000</AltitudeMeters>
						<HeartRateBpm>
							<Value>109</Value>
						</HeartRateBpm>
						<Cadence>48</Cadence>
						<Extensions>
							<ns3:TPX>
								<ns3:Speed>0.765700</ns3:Speed>
							</ns3:TPX>
						</Extensions>
					</Trackpoint>
					<Trackpoint>
						<Time>2569-03-03T11:58:35Z</Time>
						<Position>
							<LatitudeDegrees>12.590938</LatitudeDegrees>
							<LongitudeDegrees>101.418273</LongitudeDegrees>
						</Position>
						<AltitudeMeters>18.450000</AltitudeMeters>
						<HeartRateBpm>
							<Value>109</Value>
						</HeartRateBpm>
					</Trackpoint>
					<Trackpoint>
						<Time>2569-03-03T11:58:36Z</Time>
						<Position>
							<LatitudeDegrees>12.590940</LatitudeDegrees>
							<LongitudeDegrees>101.418277</LongitudeDegrees>
						</Position>
						<AltitudeMeters>18.450000</AltitudeMeters>
						<HeartRateBpm>
							<Value>109</Value>
						</HeartRateBpm>
						<Cadence>50</Cadence>
					</Trackpoint>
					<Trackpoint>
						<Time>2569-03-03T11:58:37Z</Time>
						<Position>
							<LatitudeDegrees>12.590943</LatitudeDegrees>
							<LongitudeDegrees>101.418279</LongitudeDegrees>
						</Position>
						<AltitudeMeters>18.450000</AltitudeMeters>
						<HeartRateBpm>
							<Value>109</Value>
						</HeartRateBpm>
						<Cadence>51</Cadence>
						<Extensions>
							<ns3:TPX>
								<ns3:Speed>0.257270</ns3:Speed>
							</ns3:TPX>
						</Extensions>
					</Trackpoint>
					<Trackpoint>
						<Time>2569-03-03T11:58:38Z</Time>
						<Position>
							<LatitudeDegrees>12.590945</LatitudeDegrees>
							<LongitudeDegrees>101.418280</LongitudeDegrees>
						</Position>
						<AltitudeMeters>18.450000</AltitudeMeters>
						<HeartRateBpm>
							<Value>108</Value>
						</HeartRateBpm>
						<Cadence>51</Cadence>
						<Extensions>
							<ns3:TPX>
								<ns3:Speed>0.243370</ns3:Speed>
							</ns3:TPX>
						</Extensions>
					</Trackpoint>
					<Trackpoint>
						<Time>2569-03-03T11:58:39Z</Time>
						<Position>
							<LatitudeDegrees>12.590948</LatitudeDegrees>
							<LongitudeDegrees>101.418281</LongitudeDegrees>
						</Position>
						<AltitudeMeters>18.440000</AltitudeMeters>
						<HeartRateBpm>
							<Value>108</Value>
						</HeartRateBpm>
						<Cadence>52</Cadence>
						<Extensions>
							<ns3:TPX>
								<ns3:Speed>0.230260</ns3:Speed>
							</ns3:TPX>
						</Extensions>
					</Trackpoint>
					<Trackpoint>
						<Time>2569-03-03T11:58:40Z</Time>
						<Position>
							<LatitudeDegrees>12.590948</LatitudeDegrees>
							<LongitudeDegrees>101.418277</LongitudeDegrees>
						</Position>
						<AltitudeMeters>18.440000</AltitudeMeters>
						<HeartRateBpm>
							<Value>108</Value>
						</HeartRateBpm>
						<Cadence>52</Cadence>
						<Extensions>
							<ns3:TPX>
								<ns3:Speed>0.235900</ns3:Speed>
							</ns3:TPX>
						</Extensions>
					</Trackpoint>
					<Trackpoint>
						<Time>2569-03-03T11:58:41Z</Time>
						<Position>
							<LatitudeDegrees>12.590949</LatitudeDegrees>
							<LongitudeDegrees>101.418277</LongitudeDegrees>
						</Position>
						<AltitudeMeters>18.430000</AltitudeMeters>
						<HeartRateBpm>
							<Value>110</Value>
						</HeartRateBpm>
						<Cadence>53</Cadence>
						<Extensions>
							<ns3:TPX>
								<ns3:Speed>0.252910</ns3:Speed>
							</ns3:TPX>
						</Extensions>
					</Trackpoint>
					<Trackpoint>
						<Time>2569-03-03T11:58:42Z</Time>
						<Position>
							<LatitudeDegrees>12.590950</LatitudeDegrees>
							<LongitudeDegrees>101.418274</LongitudeDegrees>
						</Position>
						<AltitudeMeters>18.420000</AltitudeMeters>
						<HeartRateBpm>
							<Value>110</Value>
						</HeartRateBpm>
						<Cadence>55</Cadence>
						<Extensions>
							<ns3:TPX>
								<ns3:Speed>0.255100</ns3:Speed>
							</ns3:TPX>
						</Extensions>
					</Trackpoint>
					<Trackpoint>
						<Time>2569-03-03T11:58:44Z</Time>
						<Position>
							<LatitudeDegrees>12.590953</LatitudeDegrees>
							<LongitudeDegrees>101.418266</LongitudeDegrees>
						</Position>
						<AltitudeMeters>18.410000</AltitudeMeters>
						<HeartRateBpm>
							<Value>111</Value>
						</HeartRateBpm>
						<Cadence>56</Cadence>
						<Extensions>
							<ns3:TPX>
								<ns3:Speed>0.233260</ns3:Speed>
							</ns3:TPX>
						</Extensions>
					</Trackpoint>
					<Trackpoint>
						<Time>2569-03-03T11:58:44Z</Time>
						<Position>
							<LatitudeDegrees>12.590953</LatitudeDegrees>
							<LongitudeDegrees>101.418266</LongitudeDegrees>
						</Position>
						<AltitudeMeters>18.410000</AltitudeMeters>
						<HeartRateBpm>
							<Value>111</Value>
						</HeartRateBpm>
						<Cadence>56</Cadence>
						<Extensions>
							<ns3:TPX>
								<ns3:Speed>0.233260</ns3:Speed>
							</ns3:TPX>
						</Extensions>
					</Trackpoint>
					<Trackpoint>
						<Time>2569-03-03T11:58:45Z</Time>
						<Position>
							<LatitudeDegrees>12.590955</LatitudeDegrees>
							<LongitudeDegrees>101.418261</LongitudeDegrees>
						</Position>
						<AltitudeMeters>18.410000</AltitudeMeters>
						<HeartRateBpm>
							<Value>111</Value>
						</HeartRateBpm>
						<Cadence>56</Cadence>
						<Extensions>
							<ns3:TPX>
								<ns3:Speed>0.240100</ns3:Speed>
							</ns3:TPX>
						</Extensions>
					</Trackpoint>
					<Trackpoint>
						<Time>2569-03-03T11:58:46Z</Time>
						<Position>
							<LatitudeDegrees>12.590959</LatitudeDegrees>
							<LongitudeDegrees>101.418254</LongitudeDegrees>
						</Position>
						<AltitudeMeters>18.400000</AltitudeMeters>
						<HeartRateBpm>
							<Value>111</Value>
						</HeartRateBpm>
						<Cadence>56</Cadence>
						<Extensions>
							<ns3:TPX>
								<ns3:Speed>0.296380</ns3:Speed>
							</ns3:TPX>
						</Extensions>
					</Trackpoint>
					<Trackpoint>
						<Time>2569-03-03T11:58:47Z</Time>
						<Position>
							<LatitudeDegrees>12.590962</LatitudeDegrees>
							<LongitudeDegrees>101.418246</LongitudeDegrees>
						</Position>
						<AltitudeMeters>18.390000</AltitudeMeters>
						<HeartRateBpm>
							<Value>112</Value>
						</HeartRateBpm>
						<Cadence>55</Cadence>
						<Extensions>
							<ns3:TPX>
								<ns3:Speed>0.379220</ns3:Speed>
							</ns3:TPX>
						</Extensions>
					</Trackpoint>
					<Trackpoint>
						<Time>2569-03-03T11:58:48Z</Time>
						<Position>
							<LatitudeDegrees>12.590967</LatitudeDegrees>
							<LongitudeDegrees>101.418238</LongitudeDegrees>
						</Position>
						<AltitudeMeters>18.380000</AltitudeMeters>
						<HeartRateBpm>
							<Value>112</Value>
						</HeartRateBpm>
						<Cadence>55</Cadence>
						<Extensions>
							<ns3:TPX>
								<ns3:Speed>0.453930</ns3:Speed>
							</ns3:TPX>
						</Extensions>
					</Trackpoint>
					<Trackpoint>
						<Time>2569-03-03T11:58:50Z</Time>
						<Position>
							<LatitudeDegrees>12.590977</LatitudeDegrees>
							<LongitudeDegrees>101.418219</LongitudeDegrees>
						</Position>
						<AltitudeMeters>18.360000</AltitudeMeters>
						<HeartRateBpm>
							<Value>112</Value>
						</HeartRateBpm>
						<Cadence>55</Cadence>
						<Extensions>
							<ns3:TPX>
								<ns3:Speed>0.578370</ns3:Speed>
							</ns3:TPX>
						</Extensions>
					</Trackpoint>
					<Trackpoint>
						<Time>2569-03-03T11:58:50Z</Time>
						<Position>
							<LatitudeDegrees>12.590977</LatitudeDegrees>
							<LongitudeDegrees>101.418219</LongitudeDegrees>
						</Position>
						<AltitudeMeters>18.360000</AltitudeMeters>
						<HeartRateBpm>
							<Value>112</Value>
						</HeartRateBpm>
						<Cadence>55</Cadence>
						<Extensions>
							<ns3:TPX>
								<ns3:Speed>0.578370</ns3:Speed>
							</ns3:TPX>
						</Extensions>
					</Trackpoint>
					<Trackpoint>
						<Time>2569-03-03T11:58:51Z</Time>
						<Position>
							<LatitudeDegrees>12.590982</LatitudeDegrees>
							<LongitudeDegrees>101.418208</LongitudeDegrees>
						</Position>
						<AltitudeMeters>18.350000</AltitudeMeters>
						<HeartRateBpm>
							<Value>113</Value>
						</HeartRateBpm>
						<Cadence>55</Cadence>
						<Extensions>
							<ns3:TPX>
								<ns3:Speed>0.605690</ns3:Speed>
							</ns3:TPX>
						</Extensions>
					</Trackpoint>
					<Trackpoint>
						<Time>2569-03-03T11:58:53Z</Time>
						<Position>
							<LatitudeDegrees>12.590989</LatitudeDegrees>
							<LongitudeDegrees>101.418195</LongitudeDegrees>
						</Position>
						<AltitudeMeters>18.320000</AltitudeMeters>
						<HeartRateBpm>
							<Value>112</Value>
						</HeartRateBpm>
						<Cadence>54</Cadence>
						<Extensions>
							<ns3:TPX>
								<ns3:Speed>0.695410</ns3:Speed>
							</ns3:TPX>
						</Extensions>
					</Trackpoint>
					<Trackpoint>
						<Time>2569-03-03T11:58:54Z</Time>
						<Position>
							<LatitudeDegrees>12.590997</LatitudeDegrees>
							<LongitudeDegrees>101.418181</LongitudeDegrees>
						</Position>
						<AltitudeMeters>18.290000</AltitudeMeters>
						<HeartRateBpm>
							<Value>112</Value>
						</HeartRateBpm>
						<Cadence>52</Cadence>
						<Extensions>
							<ns3:TPX>
								<ns3:Speed>0.734210</ns3:Speed>
							</ns3:TPX>
						</Extensions>
					</Trackpoint>
					<Trackpoint>
						<Time>2569-03-03T11:58:55Z</Time>
						<Position>
							<LatitudeDegrees>12.591004</LatitudeDegrees>
							<LongitudeDegrees>101.418166</LongitudeDegrees>
						</Position>
						<AltitudeMeters>18.250000</AltitudeMeters>
						<HeartRateBpm>
							<Value>112</Value>
						</HeartRateBpm>
						<Cadence>51</Cadence>
						<Extensions>
							<ns3:TPX>
								<ns3:Speed>0.776400</ns3:Speed>
							</ns3:TPX>
						</Extensions>
					</Trackpoint>
					<Trackpoint>
						<Time>2569-03-03T11:58:56Z</Time>
						<Position>
							<LatitudeDegrees>12.591011</LatitudeDegrees>
							<LongitudeDegrees>101.418154</LongitudeDegrees>
						</Position>
						<AltitudeMeters>18.130000</AltitudeMeters>
						<HeartRateBpm>
							<Value>113</Value>
						</HeartRateBpm>
						<Cadence>50</Cadence>
						<Extensions>
							<ns3:TPX>
								<ns3:Speed>0.810370</ns3:Speed>
							</ns3:TPX>
						</Extensions>
					</Trackpoint>
					<Trackpoint>
						<Time>2569-03-03T11:58:57Z</Time>
						<Position>
							<LatitudeDegrees>12.591018</LatitudeDegrees>
							<LongitudeDegrees>101.418144</LongitudeDegrees>
						</Position>
						<AltitudeMeters>18.010000</AltitudeMeters>
						<HeartRateBpm>
							<Value>112</Value>
						</HeartRateBpm>
						<Cadence>50</Cadence>
						<Extensions>
							<ns3:TPX>
								<ns3:Speed>0.821020</ns3:Speed>
							</ns3:TPX>
						</Extensions>
					</Trackpoint>
					<Trackpoint>
						<Time>2569-03-03T11:58:58Z</Time>
						<Position>
							<LatitudeDegrees>12.591025</LatitudeDegrees>
							<LongitudeDegrees>101.418136</LongitudeDegrees>
						</Position>
						<AltitudeMeters>17.910000</AltitudeMeters>
						<HeartRateBpm>
							<Value>111</Value>
						</HeartRateBpm>
						<Cadence>50</Cadence>
						<Extensions>
							<ns3:TPX>
								<ns3:Speed>0.818330</ns3:Speed>
							</ns3:TPX>
						</Extensions>
					</Trackpoint>
					<Trackpoint>
						<Time>2569-03-03T11:58:59Z</Time>
						<Position>
							<LatitudeDegrees>12.591032</LatitudeDegrees>
							<LongitudeDegrees>101.418129</LongitudeDegrees>
						</Position>
						<AltitudeMeters>17.800000</AltitudeMeters>
						<HeartRateBpm>
							<Value>111</Value>
						</HeartRateBpm>
						<Cadence>50</Cadence>
						<Extensions>
							<ns3:TPX>
								<ns3:Speed>0.818330</ns3:Speed>
							</ns3:TPX>
						</Extensions>
					</Trackpoint>
					<Trackpoint>
						<Time>2569-03-03T11:59:00Z</Time>
						<Position>
							<LatitudeDegrees>12.591047</LatitudeDegrees>
							<LongitudeDegrees>101.418116</LongitudeDegrees>
						</Position>
						<AltitudeMeters>17.730000</AltitudeMeters>
						<HeartRateBpm>
							<Value>110</Value>
						</HeartRateBpm>
						<Cadence>50</Cadence>
						<Extensions>
							<ns3:TPX>
								<ns3:Speed>0.802570</ns3:Speed>
							</ns3:TPX>
						</Extensions>
					</Trackpoint>
					<Trackpoint>
						<Time>2569-03-03T11:59:00Z</Time>
						<Position>
							<LatitudeDegrees>12.591047</LatitudeDegrees>
							<LongitudeDegrees>101.418116</LongitudeDegrees>
						</Position>
						<AltitudeMeters>17.730000</AltitudeMeters>
						<HeartRateBpm>
							<Value>110</Value>
						</HeartRateBpm>
						<Cadence>50</Cadence>
						<Extensions>
							<ns3:TPX>
								<ns3:Speed>0.802570</ns3:Speed>
							</ns3:TPX>
						</Extensions>
					</Trackpoint>
					<Trackpoint>
						<Time>2569-03-03T11:59:01Z</Time>
						<Position>
							<LatitudeDegrees>12.591054</LatitudeDegrees>
							<LongitudeDegrees>101.418110</LongitudeDegrees>
						</Position>
						<AltitudeMeters>17.660000</AltitudeMeters>
						<HeartRateBpm>
							<Value>109</Value>
						</HeartRateBpm>
						<Cadence>50</Cadence>
						<Extensions>
							<ns3:TPX>
								<ns3:Speed>0.763360</ns3:Speed>
							</ns3:TPX>
						</Extensions>
					</Trackpoint>
					<Trackpoint>
						<Time>2569-03-03T11:59:02Z</Time>
						<Position>
							<LatitudeDegrees>12.591061</LatitudeDegrees>
							<LongitudeDegrees>101.418106</LongitudeDegrees>
						</Position>
						<AltitudeMeters>17.630000</AltitudeMeters>
						<HeartRateBpm>
							<Value>108</Value>
						</HeartRateBpm>
						<Cadence>50</Cadence>
						<Extensions>
							<ns3:TPX>
								<ns3:Speed>0.730990</ns3:Speed>
							</ns3:TPX>
						</Extensions>
					</Trackpoint>
					<Trackpoint>
						<Time>2569-03-03T11:59:04Z</Time>
						<Position>
							<LatitudeDegrees>12.591070</LatitudeDegrees>
							<LongitudeDegrees>101.418101</LongitudeDegrees>
						</Position>
						<AltitudeMeters>17.530000</AltitudeMeters>
						<HeartRateBpm>
							<Value>107</Value>
						</HeartRateBpm>
						<Cadence>51</Cadence>
						<Extensions>
							<ns3:TPX>
								<ns3:Speed>0.696380</ns3:Speed>
							</ns3:TPX>
						</Extensions>
					</Trackpoint>
					<Trackpoint>
						<Time>2569-03-03T11:59:05Z</Time>
						<Position>
							<LatitudeDegrees>12.591078</LatitudeDegrees>
							<LongitudeDegrees>101.418097</LongitudeDegrees>
						</Position>
						<AltitudeMeters>17.530000</AltitudeMeters>
						<HeartRateBpm>
							<Value>107</Value>
						</HeartRateBpm>
						<Cadence>51</Cadence>
						<Extensions>
							<ns3:TPX>
								<ns3:Speed>0.701750</ns3:Speed>
							</ns3:TPX>
						</Extensions>
					</Trackpoint>
					<Trackpoint>
						<Time>2569-03-03T11:59:06Z</Time>
						<Position>
							<LatitudeDegrees>12.591085</LatitudeDegrees>
							<LongitudeDegrees>101.418094</LongitudeDegrees>
						</Position>
						<AltitudeMeters>17.510000</AltitudeMeters>
						<HeartRateBpm>
							<Value>107</Value>
						</HeartRateBpm>
						<Cadence>51</Cadence>
						<Extensions>
							<ns3:TPX>
								<ns3:Speed>0.695410</ns3:Speed>
							</ns3:TPX>
						</Extensions>
					</Trackpoint>
					<Trackpoint>
						<Time>2569-03-03T11:59:07Z</Time>
						<Position>
							<LatitudeDegrees>12.591091</LatitudeDegrees>
							<LongitudeDegrees>101.418092</LongitudeDegrees>
						</Position>
						<AltitudeMeters>17.500000</AltitudeMeters>
						<HeartRateBpm>
							<Value>108</Value>
						</HeartRateBpm>
						<Cadence>51</Cadence>
						<Extensions>
							<ns3:TPX>
								<ns3:Speed>0.684460</ns3:Speed>
							</ns3:TPX>
						</Extensions>
					</Trackpoint>
					<Trackpoint>
						<Time>2569-03-03T11:59:08Z</Time>
						<Position>
							<LatitudeDegrees>12.591098</LatitudeDegrees>
							<LongitudeDegrees>101.418091</LongitudeDegrees>
						</Position>
						<AltitudeMeters>17.500000</AltitudeMeters>
						<HeartRateBpm>
							<Value>109</Value>
						</HeartRateBpm>
						<Cadence>51</Cadence>
						<Extensions>
							<ns3:TPX>
								<ns3:Speed>0.686810</ns3:Speed>
							</ns3:TPX>
						</Extensions>
					</Trackpoint>
					<Trackpoint>
						<Time>2569-03-03T11:59:09Z</Time>
						<Position>
							<LatitudeDegrees>12.591103</LatitudeDegrees>
							<LongitudeDegrees>101.418088</LongitudeDegrees>
						</Position>
						<AltitudeMeters>17.440000</AltitudeMeters>
						<HeartRateBpm>
							<Value>108</Value>
						</HeartRateBpm>
						<Cadence>50</Cadence>
						<Extensions>
							<ns3:TPX>
								<ns3:Speed>0.733140</ns3:Speed>
							</ns3:TPX>
						</Extensions>
					</Trackpoint>
					<Trackpoint>
						<Time>2569-03-03T11:59:10Z</Time>
						<Position>
							<LatitudeDegrees>12.591109</LatitudeDegrees>
							<LongitudeDegrees>101.418085</LongitudeDegrees>
						</Position>
						<AltitudeMeters>17.440000</AltitudeMeters>
						<HeartRateBpm>
							<Value>107</Value>
						</HeartRateBpm>
						<Cadence>50</Cadence>
						<Extensions>
							<ns3:TPX>
								<ns3:Speed>0.761040</ns3:Speed>
							</ns3:TPX>
						</Extensions>
					</Trackpoint>
					<Trackpoint>
						<Time>2569-03-03T11:59:11Z</Time>
						<Position>
							<LatitudeDegrees>12.591116</LatitudeDegrees>
							<LongitudeDegrees>101.418083</LongitudeDegrees>
						</Position>
						<AltitudeMeters>17.420000</AltitudeMeters>
						<HeartRateBpm>
							<Value>107</Value>
						</HeartRateBpm>
						<Cadence>50</Cadence>
						<Extensions>
							<ns3:TPX>
								<ns3:Speed>0.750750</ns3:Speed>
							</ns3:TPX>
						</Extensions>
					</Trackpoint>
					<Trackpoint>
						<Time>2569-03-03T11:59:12Z</Time>
						<Position>
							<LatitudeDegrees>12.591125</LatitudeDegrees>
							<LongitudeDegrees>101.418080</LongitudeDegrees>
						</Position>
						<AltitudeMeters>17.430000</AltitudeMeters>
						<HeartRateBpm>
							<Value>106</Value>
						</HeartRateBpm>
						<Cadence>45</Cadence>
						<Extensions>
							<ns3:TPX>
								<ns3:Speed>0.750750</ns3:Speed>
							</ns3:TPX>
						</Extensions>
					</Trackpoint>
					<Trackpoint>
						<Time>2569-03-03T11:59:13Z</Time>
						<Position>
							<LatitudeDegrees>12.591135</LatitudeDegrees>
							<LongitudeDegrees>101.418076</LongitudeDegrees>
						</Position>
						<AltitudeMeters>17.440000</AltitudeMeters>
						<HeartRateBpm>
							<Value>106</Value>
						</HeartRateBpm>
						<Cadence>44</Cadence>
						<Extensions>
							<ns3:TPX>
								<ns3:Speed>0.750750</ns3:Speed>
							</ns3:TPX>
						</Extensions>
					</Trackpoint>
					<Trackpoint>
						<Time>2569-03-03T11:59:14Z</Time>
						<Position>
							<LatitudeDegrees>12.591144</LatitudeDegrees>
							<LongitudeDegrees>101.418073</LongitudeDegrees>
						</Position>
						<AltitudeMeters>17.420000</AltitudeMeters>
						<HeartRateBpm>
							<Value>106</Value>
						</HeartRateBpm>
						<Cadence>49</Cadence>
						<Extensions>
							<ns3:TPX>
								<ns3:Speed>0.753010</ns3:Speed>
							</ns3:TPX>
						</Extensions>
					</Trackpoint>
					<Trackpoint>
						<Time>2569-03-03T11:59:15Z</Time>
						<Position>
							<LatitudeDegrees>12.591153</LatitudeDegrees>
							<LongitudeDegrees>101.418071</LongitudeDegrees>
						</Position>
						<AltitudeMeters>17.430000</AltitudeMeters>
						<HeartRateBpm>
							<Value>106</Value>
						</HeartRateBpm>
						<Cadence>49</Cadence>
						<Extensions>
							<ns3:TPX>
								<ns3:Speed>0.753580</ns3:Speed>
							</ns3:TPX>
						</Extensions>
					</Trackpoint>
					<Trackpoint>
						<Time>2569-03-03T11:59:16Z</Time>
						<Position>
							<LatitudeDegrees>12.591163</LatitudeDegrees>
							<LongitudeDegrees>101.418067</LongitudeDegrees>
						</Position>
						<AltitudeMeters>17.430000</AltitudeMeters>
						<HeartRateBpm>
							<Value>106</Value>
						</HeartRateBpm>
						<Cadence>49</Cadence>
						<Extensions>
							<ns3:TPX>
								<ns3:Speed>0.752450</ns3:Speed>
							</ns3:TPX>
						</Extensions>
					</Trackpoint>
					<Trackpoint>
						<Time>2569-03-03T11:59:17Z</Time>
						<Position>
							<LatitudeDegrees>12.591171</LatitudeDegrees>
							<LongitudeDegrees>101.418064</LongitudeDegrees>
						</Position>
						<AltitudeMeters>17.420000</AltitudeMeters>
						<HeartRateBpm>
							<Value>107</Value>
						</HeartRateBpm>
						<Cadence>49</Cadence>
						<Extensions>
							<ns3:TPX>
								<ns3:Speed>0.751880</ns3:Speed>
							</ns3:TPX>
						</Extensions>
					</Trackpoint>
					<Trackpoint>
						<Time>2569-03-03T11:59:18Z</Time>
						<Position>
							<LatitudeDegrees>12.591181</LatitudeDegrees>
							<LongitudeDegrees>101.418059</LongitudeDegrees>
						</Position>
						<AltitudeMeters>17.430000</AltitudeMeters>
						<HeartRateBpm>
							<Value>107</Value>
						</HeartRateBpm>
						<Cadence>49</Cadence>
						<Extensions>
							<ns3:TPX>
								<ns3:Speed>0.753010</ns3:Speed>
							</ns3:TPX>
						</Extensions>
					</Trackpoint>
					<Trackpoint>
						<Time>2569-03-03T11:59:19Z</Time>
						<Position>
							<LatitudeDegrees>12.591189</LatitudeDegrees>
							<LongitudeDegrees>101.418054</LongitudeDegrees>
						</Position>
						<AltitudeMeters>17.420000</AltitudeMeters>
						<HeartRateBpm>
							<Value>108</Value>
						</HeartRateBpm>
						<Cadence>49</Cadence>
						<Extensions>
							<ns3:TPX>
								<ns3:Speed>0.756430</ns3:Speed>
							</ns3:TPX>
						</Extensions>
					</Trackpoint>
					<Trackpoint>
						<Time>2569-03-03T11:59:20Z</Time>
						<Position>
							<LatitudeDegrees>12.591200</LatitudeDegrees>
							<LongitudeDegrees>101.418050</LongitudeDegrees>
						</Position>
						<AltitudeMeters>17.440000</AltitudeMeters>
						<HeartRateBpm>
							<Value>107</Value>
						</HeartRateBpm>
						<Cadence>49</Cadence>
						<Extensions>
							<ns3:TPX>
								<ns3:Speed>0.761610</ns3:Speed>
							</ns3:TPX>
						</Extensions>
					</Trackpoint>
					<Trackpoint>
						<Time>2569-03-03T11:59:21Z</Time>
						<Position>
							<LatitudeDegrees>12.591211</LatitudeDegrees>
							<LongitudeDegrees>101.418047</LongitudeDegrees>
						</Position>
						<AltitudeMeters>17.450000</AltitudeMeters>
						<HeartRateBpm>
							<Value>106</Value>
						</HeartRateBpm>
						<Cadence>49</Cadence>
						<Extensions>
							<ns3:TPX>
								<ns3:Speed>0.770420</ns3:Speed>
							</ns3:TPX>
						</Extensions>
					</Trackpoint>
					<Trackpoint>
						<Time>2569-03-03T11:59:22Z</Time>
						<Position>
							<LatitudeDegrees>12.591222</LatitudeDegrees>
							<LongitudeDegrees>101.418044</LongitudeDegrees>
						</Position>
						<AltitudeMeters>17.440000</AltitudeMeters>
						<HeartRateBpm>
							<Value>105</Value>
						</HeartRateBpm>
						<Cadence>50</Cadence>
						<Extensions>
							<ns3:TPX>
								<ns3:Speed>0.784930</ns3:Speed>
							</ns3:TPX>
						</Extensions>
					</Trackpoint>
					<Trackpoint>
						<Time>2569-03-03T11:59:23Z</Time>
						<Position>
							<LatitudeDegrees>12.591234</LatitudeDegrees>
							<LongitudeDegrees>101.418041</LongitudeDegrees>
						</Position>
						<AltitudeMeters>17.450000</AltitudeMeters>
						<HeartRateBpm>
							<Value>104</Value>
						</HeartRateBpm>
						<Cadence>50</Cadence>
						<Extensions>
							<ns3:TPX>
								<ns3:Speed>0.799360</ns3:Speed>
							</ns3:TPX>
						</Extensions>
					</Trackpoint>
					<Trackpoint>
						<Time>2569-03-03T11:59:24Z</Time>
						<Position>
							<LatitudeDegrees>12.591246</LatitudeDegrees>
							<LongitudeDegrees>101.418038</LongitudeDegrees>
						</Position>
						<AltitudeMeters>17.460000</AltitudeMeters>
						<HeartRateBpm>
							<Value>104</Value>
						</HeartRateBpm>
						<Cadence>51</Cadence>
						<Extensions>
							<ns3:TPX>
								<ns3:Speed>0.815000</ns3:Speed>
							</ns3:TPX>
						</Extensions>
					</Trackpoint>
					<Trackpoint>
						<Time>2569-03-03T11:59:25Z</Time>
						<Position>
							<LatitudeDegrees>12.591260</LatitudeDegrees>
							<LongitudeDegrees>101.418036</LongitudeDegrees>
						</Position>
						<AltitudeMeters>17.470000</AltitudeMeters>
						<HeartRateBpm>
							<Value>104</Value>
						</HeartRateBpm>
						<Cadence>51</Cadence>
						<Extensions>
							<ns3:TPX>
								<ns3:Speed>0.831260</ns3:Speed>
							</ns3:TPX>
						</Extensions>
					</Trackpoint>
					<Trackpoint>
						<Time>2569-03-03T11:59:26Z</Time>
						<Position>
							<LatitudeDegrees>12.591285</LatitudeDegrees>
							<LongitudeDegrees>101.418032</LongitudeDegrees>
						</Position>
						<AltitudeMeters>17.470000</AltitudeMeters>
						<HeartRateBpm>
							<Value>105</Value>
						</HeartRateBpm>
						<Cadence>51</Cadence>
						<Extensions>
							<ns3:TPX>
								<ns3:Speed>0.847460</ns3:Speed>
							</ns3:TPX>
						</Extensions>
					</Trackpoint>
					<Trackpoint>
						<Time>2569-03-03T11:59:26Z</Time>
						<Position>
							<LatitudeDegrees>12.591285</LatitudeDegrees>
							<LongitudeDegrees>101.418032</LongitudeDegrees>
						</Position>
						<AltitudeMeters>17.470000</AltitudeMeters>
						<HeartRateBpm>
							<Value>105</Value>
						</HeartRateBpm>
						<Cadence>51</Cadence>
						<Extensions>
							<ns3:TPX>
								<ns3:Speed>0.847460</ns3:Speed>
							</ns3:TPX>
						</Extensions>
					</Trackpoint>
					<Trackpoint>
						<Time>2569-03-03T11:59:27Z</Time>
						<Position>
							<LatitudeDegrees>12.591298</LatitudeDegrees>
							<LongitudeDegrees>101.418029</LongitudeDegrees>
						</Position>
						<AltitudeMeters>17.480000</AltitudeMeters>
						<HeartRateBpm>
							<Value>105</Value>
						</HeartRateBpm>
						<Cadence>51</Cadence>
						<Extensions>
							<ns3:TPX>
								<ns3:Speed>0.863560</ns3:Speed>
							</ns3:TPX>
						</Extensions>
					</Trackpoint>
					<Trackpoint>
						<Time>2569-03-03T11:59:28Z</Time>
						<Position>
							<LatitudeDegrees>12.591311</LatitudeDegrees>
							<LongitudeDegrees>101.418026</LongitudeDegrees>
						</Position>
						<AltitudeMeters>17.480000</AltitudeMeters>
						<HeartRateBpm>
							<Value>106</Value>
						</HeartRateBpm>
						<Cadence>51</Cadence>
						<Extensions>
							<ns3:TPX>
								<ns3:Speed>0.879510</ns3:Speed>
							</ns3:TPX>
						</Extensions>
					</Trackpoint>
					<Trackpoint>
						<Time>2569-03-03T11:59:29Z</Time>
						<Position>
							<LatitudeDegrees>12.591324</LatitudeDegrees>
							<LongitudeDegrees>101.418023</LongitudeDegrees>
						</Position>
						<AltitudeMeters>17.480000</AltitudeMeters>
						<HeartRateBpm>
							<Value>106</Value>
						</HeartRateBpm>
						<Cadence>51</Cadence>
						<Extensions>
							<ns3:TPX>
								<ns3:Speed>0.896860</ns3:Speed>
							</ns3:TPX>
						</Extensions>
					</Trackpoint>
					<Trackpoint>
						<Time>2569-03-03T11:59:30Z</Time>
						<Position>
							<LatitudeDegrees>12.591337</LatitudeDegrees>
							<LongitudeDegrees>101.418022</LongitudeDegrees>
						</Position>
						<AltitudeMeters>17.300000</AltitudeMeters>
						<HeartRateBpm>
							<Value>105</Value>
						</HeartRateBpm>
						<Cadence>51</Cadence>
						<Extensions>
							<ns3:TPX>
								<ns3:Speed>0.913240</ns3:Speed>
							</ns3:TPX>
						</Extensions>
					</Trackpoint>
					<Trackpoint>
						<Time>2569-03-03T11:59:31Z</Time>
						<Position>
							<LatitudeDegrees>12.591349</LatitudeDegrees>
							<LongitudeDegrees>101.418020</LongitudeDegrees>
						</Position>
						<AltitudeMeters>17.280000</AltitudeMeters>
						<HeartRateBpm>
							<Value>105</Value>
						</HeartRateBpm>
						<Cadence>52</Cadence>
						<Extensions>
							<ns3:TPX>
								<ns3:Speed>0.930230</ns3:Speed>
							</ns3:TPX>
						</Extensions>
					</Trackpoint>
					<Trackpoint>
						<Time>2569-03-03T11:59:32Z</Time>
						<Position>
							<LatitudeDegrees>12.591362</LatitudeDegrees>
							<LongitudeDegrees>101.418019</LongitudeDegrees>
						</Position>
						<AltitudeMeters>17.410000</AltitudeMeters>
						<HeartRateBpm>
							<Value>104</Value>
						</HeartRateBpm>
						<Cadence>52</Cadence>
						<Extensions>
							<ns3:TPX>
								<ns3:Speed>0.946970</ns3:Speed>
							</ns3:TPX>
						</Extensions>
					</Trackpoint>
					<Trackpoint>
						<Time>2569-03-03T11:59:33Z</Time>
						<Position>
							<LatitudeDegrees>12.591375</LatitudeDegrees>
							<LongitudeDegrees>101.418017</LongitudeDegrees>
						</Position>
						<AltitudeMeters>17.420000</AltitudeMeters>
						<HeartRateBpm>
							<Value>105</Value>
						</HeartRateBpm>
						<Cadence>52</Cadence>
						<Extensions>
							<ns3:TPX>
								<ns3:Speed>0.962460</ns3:Speed>
							</ns3:TPX>
						</Extensions>
					</Trackpoint>
					<Trackpoint>
						<Time>2569-03-03T11:59:34Z</Time>
						<Position>
							<LatitudeDegrees>12.591390</LatitudeDegrees>
							<LongitudeDegrees>101.418015</LongitudeDegrees>
						</Position>
						<AltitudeMeters>17.420000</AltitudeMeters>
						<HeartRateBpm>
							<Value>105</Value>
						</HeartRateBpm>
						<Cadence>52</Cadence>
						<Extensions>
							<ns3:TPX>
								<ns3:Speed>0.976560</ns3:Speed>
							</ns3:TPX>
						</Extensions>
					</Trackpoint>
					<Trackpoint>
						<Time>2569-03-03T11:59:35Z</Time>
						<Position>
							<LatitudeDegrees>12.591404</LatitudeDegrees>
							<LongitudeDegrees>101.418012</LongitudeDegrees>
						</Position>
						<AltitudeMeters>17.410000</AltitudeMeters>
						<HeartRateBpm>
							<Value>106</Value>
						</HeartRateBpm>
						<Cadence>52</Cadence>
						<Extensions>
							<ns3:TPX>
								<ns3:Speed>0.991080</ns3:Speed>
							</ns3:TPX>
						</Extensions>
					</Trackpoint>
					<Trackpoint>
						<Time>2569-03-03T11:59:36Z</Time>
						<Position>
							<LatitudeDegrees>12.591417</LatitudeDegrees>
							<LongitudeDegrees>101.418010</LongitudeDegrees>
						</Position>
						<AltitudeMeters>17.410000</AltitudeMeters>
						<HeartRateBpm>
							<Value>106</Value>
						</HeartRateBpm>
						<Cadence>52</Cadence>
						<Extensions>
							<ns3:TPX>
								<ns3:Speed>1.004020</ns3:Speed>
							</ns3:TPX>
						</Extensions>
					</Trackpoint>
					<Trackpoint>
						<Time>2569-03-03T11:59:37Z</Time>
						<Position>
							<LatitudeDegrees>12.591431</LatitudeDegrees>
							<LongitudeDegrees>101.418009</LongitudeDegrees>
						</Position>
						<AltitudeMeters>17.410000</AltitudeMeters>
						<HeartRateBpm>
							<Value>107</Value>
						</HeartRateBpm>
						<Cadence>53</Cadence>
						<Extensions>
							<ns3:TPX>
								<ns3:Speed>1.017290</ns3:Speed>
							</ns3:TPX>
						</Extensions>
					</Trackpoint>
					<Trackpoint>
						<Time>2569-03-03T11:59:38Z</Time>
						<Position>
							<LatitudeDegrees>12.591444</LatitudeDegrees>
							<LongitudeDegrees>101.418009</LongitudeDegrees>
						</Position>
						<AltitudeMeters>17.410000</AltitudeMeters>
						<HeartRateBpm>
							<Value>107</Value>
						</HeartRateBpm>
						<Cadence>53</Cadence>
						<Extensions>
							<ns3:TPX>
								<ns3:Speed>1.030930</ns3:Speed>
							</ns3:TPX>
						</Extensions>
					</Trackpoint>
					<Trackpoint>
						<Time>2569-03-03T11:59:39Z</Time>
						<Position>
							<LatitudeDegrees>12.591457</LatitudeDegrees>
							<LongitudeDegrees>101.418010</LongitudeDegrees>
						</Position>
						<AltitudeMeters>17.410000</AltitudeMeters>
						<HeartRateBpm>
							<Value>107</Value>
						</HeartRateBpm>
						<Cadence>53</Cadence>
						<Extensions>
							<ns3:TPX>
								<ns3:Speed>1.044930</ns3:Speed>
							</ns3:TPX>
						</Extensions>
					</Trackpoint>
					<Trackpoint>
						<Time>2569-03-03T11:59:40Z</Time>
						<Position>
							<LatitudeDegrees>12.591469</LatitudeDegrees>
							<LongitudeDegrees>101.418011</LongitudeDegrees>
						</Position>
						<AltitudeMeters>17.410000</AltitudeMeters>
						<HeartRateBpm>
							<Value>106</Value>
						</HeartRateBpm>
						<Cadence>53</Cadence>
						<Extensions>
							<ns3:TPX>
								<ns3:Speed>1.057080</ns3:Speed>
							</ns3:TPX>
						</Extensions>
					</Trackpoint>
					<Trackpoint>
						<Time>2569-03-03T11:59:41Z</Time>
						<Position>
							<LatitudeDegrees>12.591477</LatitudeDegrees>
							<LongitudeDegrees>101.418012</LongitudeDegrees>
						</Position>
						<AltitudeMeters>17.410000</AltitudeMeters>
						<HeartRateBpm>
							<Value>106</Value>
						</HeartRateBpm>
						<Cadence>52</Cadence>
						<Extensions>
							<ns3:TPX>
								<ns3:Speed>1.069520</ns3:Speed>
							</ns3:TPX>
						</Extensions>
					</Trackpoint>
					<Trackpoint>
						<Time>2569-03-03T11:59:42Z</Time>
						<Position>
							<LatitudeDegrees>12.591483</LatitudeDegrees>
							<LongitudeDegrees>101.418013</LongitudeDegrees>
						</Position>
						<AltitudeMeters>17.410000</AltitudeMeters>
						<HeartRateBpm>
							<Value>106</Value>
						</HeartRateBpm>
						<Cadence>52</Cadence>
						<Extensions>
							<ns3:TPX>
								<ns3:Speed>1.079910</ns3:Speed>
							</ns3:TPX>
						</Extensions>
					</Trackpoint>
					<Trackpoint>
						<Time>2569-03-03T11:59:43Z</Time>
						<Position>
							<LatitudeDegrees>12.591484</LatitudeDegrees>
							<LongitudeDegrees>101.418011</LongitudeDegrees>
						</Position>
						<AltitudeMeters>17.410000</AltitudeMeters>
						<HeartRateBpm>
							<Value>106</Value>
						</HeartRateBpm>
						<Cadence>52</Cadence>
						<Extensions>
							<ns3:TPX>
								<ns3:Speed>1.089320</ns3:Speed>
							</ns3:TPX>
						</Extensions>
					</Trackpoint>
					<Trackpoint>
						<Time>2569-03-03T11:59:44Z</Time>
						<Position>
							<LatitudeDegrees>12.591485</LatitudeDegrees>
							<LongitudeDegrees>101.418011</LongitudeDegrees>
						</Position>
						<AltitudeMeters>17.410000</AltitudeMeters>
						<HeartRateBpm>
							<Value>107</Value>
						</HeartRateBpm>
						<Cadence>51</Cadence>
						<Extensions>
							<ns3:TPX>
								<ns3:Speed>1.095290</ns3:Speed>
							</ns3:TPX>
						</Extensions>
					</Trackpoint>
					<Trackpoint>
						<Time>2569-03-03T11:59:45Z</Time>
						<Position>
							<LatitudeDegrees>12.591485</LatitudeDegrees>
							<LongitudeDegrees>101.418010</LongitudeDegrees>
						</Position>
						<AltitudeMeters>17.400000</AltitudeMeters>
						<HeartRateBpm>
							<Value>108</Value>
						</HeartRateBpm>
						<Cadence>51</Cadence>
						<Extensions>
							<ns3:TPX>
								<ns3:Speed>1.097690</ns3:Speed>
							</ns3:TPX>
						</Extensions>
					</Trackpoint>
					<Trackpoint>
						<Time>2569-03-03T11:59:46Z</Time>
						<Position>
							<LatitudeDegrees>12.591486</LatitudeDegrees>
							<LongitudeDegrees>101.418011</LongitudeDegrees>
						</Position>
						<AltitudeMeters>17.400000</AltitudeMeters>
						<HeartRateBpm>
							<Value>109</Value>
						</HeartRateBpm>
						<Cadence>50</Cadence>
						<Extensions>
							<ns3:TPX>
								<ns3:Speed>1.096490</ns3:Speed>
							</ns3:TPX>
						</Extensions>
					</Trackpoint>
					<Trackpoint>
						<Time>2569-03-03T11:59:47Z</Time>
						<Position>
							<LatitudeDegrees>12.591486</LatitudeDegrees>
							<LongitudeDegrees>101.418011</LongitudeDegrees>
						</Position>
						<AltitudeMeters>17.400000</AltitudeMeters>
						<HeartRateBpm>
							<Value>109</Value>
						</HeartRateBpm>
						<Cadence>50</Cadence>
						<Extensions>
							<ns3:TPX>
								<ns3:Speed>1.092900</ns3:Speed>
							</ns3:TPX>
						</Extensions>
					</Trackpoint>
					<Trackpoint>
						<Time>2569-03-03T11:59:48Z</Time>
						<Position>
							<LatitudeDegrees>12.591486</LatitudeDegrees>
							<LongitudeDegrees>101.418011</LongitudeDegrees>
						</Position>
						<AltitudeMeters>17.400000</AltitudeMeters>
						<HeartRateBpm>
							<Value>109</Value>
						</HeartRateBpm>
						<Cadence>47</Cadence>
						<Extensions>
							<ns3:TPX>
								<ns3:Speed>1.084600</ns3:Speed>
							</ns3:TPX>
						</Extensions>
					</Trackpoint>
					<Trackpoint>
						<Time>2569-03-03T11:59:50Z</Time>
						<Position>
							<LatitudeDegrees>12.591485</LatitudeDegrees>
							<LongitudeDegrees>101.418012</LongitudeDegrees>
						</Position>
						<AltitudeMeters>17.400000</AltitudeMeters>
						<HeartRateBpm>
							<Value>108</Value>
						</HeartRateBpm>
						<Cadence>46</Cadence>
						<Extensions>
							<ns3:TPX>
								<ns3:Speed>1.053740</ns3:Speed>
							</ns3:TPX>
						</Extensions>
					</Trackpoint>
					<Trackpoint>
						<Time>2569-03-03T11:59:50Z</Time>
						<Position>
							<LatitudeDegrees>12.591485</LatitudeDegrees>
							<LongitudeDegrees>101.418012</LongitudeDegrees>
						</Position>
						<AltitudeMeters>17.400000</AltitudeMeters>
						<HeartRateBpm>
							<Value>108</Value>
						</HeartRateBpm>
						<Cadence>46</Cadence>
						<Extensions>
							<ns3:TPX>
								<ns3:Speed>1.053740</ns3:Speed>
							</ns3:TPX>
						</Extensions>
					</Trackpoint>
					<Trackpoint>
						<Time>2569-03-03T11:59:51Z</Time>
						<Position>
							<LatitudeDegrees>12.591485</LatitudeDegrees>
							<LongitudeDegrees>101.418012</LongitudeDegrees>
						</Position>
						<AltitudeMeters>17.400000</AltitudeMeters>
						<HeartRateBpm>
							<Value>108</Value>
						</HeartRateBpm>
						<Cadence>46</Cadence>
						<Extensions>
							<ns3:TPX>
								<ns3:Speed>0.777000</ns3:Speed>
							</ns3:TPX>
						</Extensions>
					</Trackpoint>
					<Trackpoint>
						<Time>2569-03-03T11:59:52Z</Time>
						<Position>
							<LatitudeDegrees>12.591485</LatitudeDegrees>
							<LongitudeDegrees>101.418014</LongitudeDegrees>
						</Position>
						<AltitudeMeters>17.390000</AltitudeMeters>
						<HeartRateBpm>
							<Value>107</Value>
						</HeartRateBpm>
						<Cadence>49</Cadence>
						<Extensions>
							<ns3:TPX>
								<ns3:Speed>0.413390</ns3:Speed>
							</ns3:TPX>
						</Extensions>
					</Trackpoint>
					<Trackpoint>
						<Time>2569-03-03T11:59:53Z</Time>
						<Position>
							<LatitudeDegrees>12.591484</LatitudeDegrees>
							<LongitudeDegrees>101.418016</LongitudeDegrees>
						</Position>
						<AltitudeMeters>17.390000</AltitudeMeters>
						<HeartRateBpm>
							<Value>106</Value>
						</HeartRateBpm>
					</Trackpoint>
					<Trackpoint>
						<Time>2569-03-03T11:59:54Z</Time>
						<Position>
							<LatitudeDegrees>12.591484</LatitudeDegrees>
							<LongitudeDegrees>101.418017</LongitudeDegrees>
						</Position>
						<AltitudeMeters>17.390000</AltitudeMeters>
						<HeartRateBpm>
							<Value>105</Value>
						</HeartRateBpm>
					</Trackpoint>
					<Trackpoint>
						<Time>2569-03-03T11:59:55Z</Time>
						<Position>
							<LatitudeDegrees>12.591484</LatitudeDegrees>
							<LongitudeDegrees>101.418018</LongitudeDegrees>
						</Position>
						<AltitudeMeters>17.390000</AltitudeMeters>
						<HeartRateBpm>
							<Value>105</Value>
						</HeartRateBpm>
					</Trackpoint>
					<Trackpoint>
						<Time>2569-03-03T11:59:56Z</Time>
						<Position>
							<LatitudeDegrees>12.591484</LatitudeDegrees>
							<LongitudeDegrees>101.418019</LongitudeDegrees>
						</Position>
						<AltitudeMeters>17.390000</AltitudeMeters>
						<HeartRateBpm>
							<Value>104</Value>
						</HeartRateBpm>
					</Trackpoint>
					<Trackpoint>
						<Time>2569-03-03T11:59:57Z</Time>
						<Position>
							<LatitudeDegrees>12.591483</LatitudeDegrees>
							<LongitudeDegrees>101.418018</LongitudeDegrees>
						</Position>
						<AltitudeMeters>17.390000</AltitudeMeters>
						<HeartRateBpm>
							<Value>104</Value>
						</HeartRateBpm>
					</Trackpoint>
					<Trackpoint>
						<Time>2569-03-03T11:59:59Z</Time>
						<Position>
							<LatitudeDegrees>12.591483</LatitudeDegrees>
							<LongitudeDegrees>101.418020</LongitudeDegrees>
						</Position>
						<AltitudeMeters>17.390000</AltitudeMeters>
						<HeartRateBpm>
							<Value>105</Value>
						</HeartRateBpm>
					</Trackpoint>
					<Trackpoint>
						<Time>2569-03-03T12:00:00Z</Time>
						<Position>
							<LatitudeDegrees>12.591482</LatitudeDegrees>
							<LongitudeDegrees>101.418022</LongitudeDegrees>
						</Position>
						<AltitudeMeters>17.390000</AltitudeMeters>
						<HeartRateBpm>
							<Value>105</Value>
						</HeartRateBpm>
					</Trackpoint>
					<Trackpoint>
						<Time>2569-03-03T12:00:01Z</Time>
						<Position>
							<LatitudeDegrees>12.591482</LatitudeDegrees>
							<LongitudeDegrees>101.418026</LongitudeDegrees>
						</Position>
						<AltitudeMeters>17.390000</AltitudeMeters>
						<HeartRateBpm>
							<Value>105</Value>
						</HeartRateBpm>
					</Trackpoint>
					<Trackpoint>
						<Time>2569-03-03T12:00:02Z</Time>
						<Position>
							<LatitudeDegrees>12.591482</LatitudeDegrees>
							<LongitudeDegrees>101.418029</LongitudeDegrees>
						</Position>
						<AltitudeMeters>17.390000</AltitudeMeters>
						<HeartRateBpm>
							<Value>105</Value>
						</HeartRateBpm>
					</Trackpoint>
					<Trackpoint>
						<Time>2569-03-03T12:00:02Z</Time>
						<Position>
							<LatitudeDegrees>12.591482</LatitudeDegrees>
							<LongitudeDegrees>101.418029</LongitudeDegrees>
						</Position>
						<AltitudeMeters>17.390000</AltitudeMeters>
						<HeartRateBpm>
							<Value>105</Value>
						</HeartRateBpm>
					</Trackpoint>
					<Trackpoint>
						<Time>2569-03-03T12:00:03Z</Time>
						<Position>
							<LatitudeDegrees>12.591482</LatitudeDegrees>
							<LongitudeDegrees>101.418031</LongitudeDegrees>
						</Position>
						<AltitudeMeters>17.380000</AltitudeMeters>
						<HeartRateBpm>
							<Value>105</Value>
						</HeartRateBpm>
					</Trackpoint>
					<Trackpoint>
						<Time>2569-03-03T12:00:04Z</Time>
						<Position>
							<LatitudeDegrees>12.591481</LatitudeDegrees>
							<LongitudeDegrees>101.418032</LongitudeDegrees>
						</Position>
						<AltitudeMeters>17.380000</AltitudeMeters>
						<HeartRateBpm>
							<Value>106</Value>
						</HeartRateBpm>
					</Trackpoint>
					<Trackpoint>
						<Time>2569-03-03T12:00:06Z</Time>
						<Position>
							<LatitudeDegrees>12.591480</LatitudeDegrees>
							<LongitudeDegrees>101.418032</LongitudeDegrees>
						</Position>
						<AltitudeMeters>17.380000</AltitudeMeters>
						<HeartRateBpm>
							<Value>106</Value>
						</HeartRateBpm>
					</Trackpoint>
					<Trackpoint>
						<Time>2569-03-03T12:00:06Z</Time>
						<Position>
							<LatitudeDegrees>12.591480</LatitudeDegrees>
							<LongitudeDegrees>101.418032</LongitudeDegrees>
						</Position>
						<AltitudeMeters>17.380000</AltitudeMeters>
						<HeartRateBpm>
							<Value>106</Value>
						</HeartRateBpm>
					</Trackpoint>
					<Trackpoint>
						<Time>2569-03-03T12:00:08Z</Time>
						<Position>
							<LatitudeDegrees>12.591480</LatitudeDegrees>
							<LongitudeDegrees>101.418033</LongitudeDegrees>
						</Position>
						<AltitudeMeters>17.380000</AltitudeMeters>
						<HeartRateBpm>
							<Value>107</Value>
						</HeartRateBpm>
					</Trackpoint>
					<Trackpoint>
						<Time>2569-03-03T12:00:09Z</Time>
						<Position>
							<LatitudeDegrees>12.591479</LatitudeDegrees>
							<LongitudeDegrees>101.418031</LongitudeDegrees>
						</Position>
						<AltitudeMeters>17.370000</AltitudeMeters>
						<HeartRateBpm>
							<Value>107</Value>
						</HeartRateBpm>
					</Trackpoint>
					<Trackpoint>
						<Time>2569-03-03T12:00:09Z</Time>
						<Position>
							<LatitudeDegrees>12.591479</LatitudeDegrees>
							<LongitudeDegrees>101.418031</LongitudeDegrees>
						</Position>
						<AltitudeMeters>17.370000</AltitudeMeters>
						<HeartRateBpm>
							<Value>107</Value>
						</HeartRateBpm>
					</Trackpoint>
					<Trackpoint>
						<Time>2569-03-03T12:00:11Z</Time>
						<Position>
							<LatitudeDegrees>12.591478</LatitudeDegrees>
							<LongitudeDegrees>101.418031</LongitudeDegrees>
						</Position>
						<AltitudeMeters>17.370000</AltitudeMeters>
						<HeartRateBpm>
							<Value>108</Value>
						</HeartRateBpm>
					</Trackpoint>
					<Trackpoint>
						<Time>2569-03-03T12:00:12Z</Time>
						<Position>
							<LatitudeDegrees>12.591478</LatitudeDegrees>
							<LongitudeDegrees>101.418030</LongitudeDegrees>
						</Position>
						<AltitudeMeters>17.370000</AltitudeMeters>
						<HeartRateBpm>
							<Value>108</Value>
						</HeartRateBpm>
					</Trackpoint>
					<Trackpoint>
						<Time>2569-03-03T12:00:13Z</Time>
						<Position>
							<LatitudeDegrees>12.591477</LatitudeDegrees>
							<LongitudeDegrees>101.418030</LongitudeDegrees>
						</Position>
						<AltitudeMeters>17.370000</AltitudeMeters>
						<HeartRateBpm>
							<Value>109</Value>
						</HeartRateBpm>
					</Trackpoint>
					<Trackpoint>
						<Time>2569-03-03T12:00:13Z</Time>
						<Position>
							<LatitudeDegrees>12.591477</LatitudeDegrees>
							<LongitudeDegrees>101.418030</LongitudeDegrees>
						</Position>
						<AltitudeMeters>17.370000</AltitudeMeters>
						<HeartRateBpm>
							<Value>109</Value>
						</HeartRateBpm>
					</Trackpoint>
					<Trackpoint>
						<Time>2569-03-03T12:00:15Z</Time>
						<Position>
							<LatitudeDegrees>12.591477</LatitudeDegrees>
							<LongitudeDegrees>101.418030</LongitudeDegrees>
						</Position>
						<AltitudeMeters>17.370000</AltitudeMeters>
						<HeartRateBpm>
							<Value>113</Value>
						</HeartRateBpm>
					</Trackpoint>
					<Trackpoint>
						<Time>2569-03-03T12:00:16Z</Time>
						<Position>
							<LatitudeDegrees>12.591476</LatitudeDegrees>
							<LongitudeDegrees>101.418029</LongitudeDegrees>
						</Position>
						<AltitudeMeters>17.370000</AltitudeMeters>
						<HeartRateBpm>
							<Value>113</Value>
						</HeartRateBpm>
					</Trackpoint>
					<Trackpoint>
						<Time>2569-03-03T12:00:16Z</Time>
						<Position>
							<LatitudeDegrees>12.591476</LatitudeDegrees>
							<LongitudeDegrees>101.418029</LongitudeDegrees>
						</Position>
						<AltitudeMeters>17.370000</AltitudeMeters>
						<HeartRateBpm>
							<Value>113</Value>
						</HeartRateBpm>
					</Trackpoint>
					<Trackpoint>
						<Time>2569-03-03T12:00:17Z</Time>
						<Position>
							<LatitudeDegrees>12.591476</LatitudeDegrees>
							<LongitudeDegrees>101.418029</LongitudeDegrees>
						</Position>
						<AltitudeMeters>17.370000</AltitudeMeters>
						<HeartRateBpm>
							<Value>112</Value>
						</HeartRateBpm>
					</Trackpoint>
					<Trackpoint>
						<Time>2569-03-03T12:00:18Z</Time>
						<Position>
							<LatitudeDegrees>12.591476</LatitudeDegrees>
							<LongitudeDegrees>101.418029</LongitudeDegrees>
						</Position>
						<AltitudeMeters>17.370000</AltitudeMeters>
						<HeartRateBpm>
							<Value>112</Value>
						</HeartRateBpm>
					</Trackpoint>
					<Trackpoint>
						<Time>2569-03-03T12:00:19Z</Time>
						<Position>
							<LatitudeDegrees>12.591476</LatitudeDegrees>
							<LongitudeDegrees>101.418029</LongitudeDegrees>
						</Position>
						<AltitudeMeters>17.370000</AltitudeMeters>
						<HeartRateBpm>
							<Value>112</Value>
						</HeartRateBpm>
					</Trackpoint>
					<Trackpoint>
						<Time>2569-03-03T12:00:21Z</Time>
						<Position>
							<LatitudeDegrees>12.591476</LatitudeDegrees>
							<LongitudeDegrees>101.418030</LongitudeDegrees>
						</Position>
						<AltitudeMeters>17.360000</AltitudeMeters>
						<HeartRateBpm>
							<Value>112</Value>
						</HeartRateBpm>
					</Trackpoint>
					<Trackpoint>
						<Time>2569-03-03T12:00:22Z</Time>
						<Position>
							<LatitudeDegrees>12.591476</LatitudeDegrees>
							<LongitudeDegrees>101.418030</LongitudeDegrees>
						</Position>
						<AltitudeMeters>17.360000</AltitudeMeters>
						<HeartRateBpm>
							<Value>112</Value>
						</HeartRateBpm>
					</Trackpoint>
					<Trackpoint>
						<Time>2569-03-03T12:00:23Z</Time>
						<Position>
							<LatitudeDegrees>12.591476</LatitudeDegrees>
							<LongitudeDegrees>101.418030</LongitudeDegrees>
						</Position>
						<AltitudeMeters>17.360000</AltitudeMeters>
						<HeartRateBpm>
							<Value>111</Value>
						</HeartRateBpm>
					</Trackpoint>
					<Trackpoint>
						<Time>2569-03-03T12:00:24Z</Time>
						<Position>
							<LatitudeDegrees>12.591476</LatitudeDegrees>
							<LongitudeDegrees>101.418031</LongitudeDegrees>
						</Position>
						<AltitudeMeters>17.360000</AltitudeMeters>
						<HeartRateBpm>
							<Value>111</Value>
						</HeartRateBpm>
					</Trackpoint>
					<Trackpoint>
						<Time>2569-03-03T12:00:24Z</Time>
						<Position>
							<LatitudeDegrees>12.591476</LatitudeDegrees>
							<LongitudeDegrees>101.418031</LongitudeDegrees>
						</Position>
						<AltitudeMeters>17.360000</AltitudeMeters>
						<HeartRateBpm>
							<Value>111</Value>
						</HeartRateBpm>
					</Trackpoint>
					<Trackpoint>
						<Time>2569-03-03T12:00:26Z</Time>
						<Position>
							<LatitudeDegrees>12.591477</LatitudeDegrees>
							<LongitudeDegrees>101.418031</LongitudeDegrees>
						</Position>
						<AltitudeMeters>17.360000</AltitudeMeters>
						<HeartRateBpm>
							<Value>110</Value>
						</HeartRateBpm>
					</Trackpoint>
					<Trackpoint>
						<Time>2569-03-03T12:00:27Z</Time>
						<Position>
							<LatitudeDegrees>12.591477</LatitudeDegrees>
							<LongitudeDegrees>101.418031</LongitudeDegrees>
						</Position>
						<AltitudeMeters>17.360000</AltitudeMeters>
						<HeartRateBpm>
							<Value>112</Value>
						</HeartRateBpm>
					</Trackpoint>
					<Trackpoint>
						<Time>2569-03-03T12:00:28Z</Time>
						<Position>
							<LatitudeDegrees>12.591477</LatitudeDegrees>
							<LongitudeDegrees>101.418031</LongitudeDegrees>
						</Position>
						<AltitudeMeters>17.360000</AltitudeMeters>
						<HeartRateBpm>
							<Value>112</Value>
						</HeartRateBpm>
					</Trackpoint>
					<Trackpoint>
						<Time>2569-03-03T12:00:29Z</Time>
						<Position>
							<LatitudeDegrees>12.591478</LatitudeDegrees>
							<LongitudeDegrees>101.418031</LongitudeDegrees>
						</Position>
						<AltitudeMeters>17.360000</AltitudeMeters>
						<HeartRateBpm>
							<Value>112</Value>
						</HeartRateBpm>
					</Trackpoint>
					<Trackpoint>
						<Time>2569-03-03T12:00:30Z</Time>
						<Position>
							<LatitudeDegrees>12.591477</LatitudeDegrees>
							<LongitudeDegrees>101.418031</LongitudeDegrees>
						</Position>
						<AltitudeMeters>17.360000</AltitudeMeters>
						<HeartRateBpm>
							<Value>111</Value>
						</HeartRateBpm>
					</Trackpoint>
					<Trackpoint>
						<Time>2569-03-03T12:00:31Z</Time>
						<Position>
							<LatitudeDegrees>12.591477</LatitudeDegrees>
							<LongitudeDegrees>101.418031</LongitudeDegrees>
						</Position>
						<AltitudeMeters>17.350000</AltitudeMeters>
						<HeartRateBpm>
							<Value>111</Value>
						</HeartRateBpm>
					</Trackpoint>
					<Trackpoint>
						<Time>2569-03-03T12:00:32Z</Time>
						<Position>
							<LatitudeDegrees>12.591476</LatitudeDegrees>
							<LongitudeDegrees>101.418030</LongitudeDegrees>
						</Position>
						<AltitudeMeters>17.350000</AltitudeMeters>
						<HeartRateBpm>
							<Value>110</Value>
						</HeartRateBpm>
					</Trackpoint>
					<Trackpoint>
						<Time>2569-03-03T12:00:32Z</Time>
						<Position>
							<LatitudeDegrees>12.591476</LatitudeDegrees>
							<LongitudeDegrees>101.418030</LongitudeDegrees>
						</Position>
						<AltitudeMeters>17.350000</AltitudeMeters>
						<HeartRateBpm>
							<Value>110</Value>
						</HeartRateBpm>
					</Trackpoint>
					<Trackpoint>
						<Time>2569-03-03T12:00:34Z</Time>
						<Position>
							<LatitudeDegrees>12.591476</LatitudeDegrees>
							<LongitudeDegrees>101.418030</LongitudeDegrees>
						</Position>
						<AltitudeMeters>17.350000</AltitudeMeters>
						<HeartRateBpm>
							<Value>108</Value>
						</HeartRateBpm>
					</Trackpoint>
					<Trackpoint>
						<Time>2569-03-03T12:00:35Z</Time>
						<Position>
							<LatitudeDegrees>12.591476</LatitudeDegrees>
							<LongitudeDegrees>101.418030</LongitudeDegrees>
						</Position>
						<AltitudeMeters>17.350000</AltitudeMeters>
						<HeartRateBpm>
							<Value>108</Value>
						</HeartRateBpm>
					</Trackpoint>
					<Trackpoint>
						<Time>2569-03-03T12:00:36Z</Time>
						<Position>
							<LatitudeDegrees>12.591476</LatitudeDegrees>
							<LongitudeDegrees>101.418029</LongitudeDegrees>
						</Position>
						<AltitudeMeters>17.350000</AltitudeMeters>
						<HeartRateBpm>
							<Value>107</Value>
						</HeartRateBpm>
					</Trackpoint>
					<Trackpoint>
						<Time>2569-03-03T12:00:37Z</Time>
						<Position>
							<LatitudeDegrees>12.591476</LatitudeDegrees>
							<LongitudeDegrees>101.418029</LongitudeDegrees>
						</Position>
						<AltitudeMeters>17.350000</AltitudeMeters>
						<HeartRateBpm>
							<Value>106</Value>
						</HeartRateBpm>
					</Trackpoint>
					<Trackpoint>
						<Time>2569-03-03T12:00:38Z</Time>
						<Position>
							<LatitudeDegrees>12.591476</LatitudeDegrees>
							<LongitudeDegrees>101.418029</LongitudeDegrees>
						</Position>
						<AltitudeMeters>17.350000</AltitudeMeters>
						<HeartRateBpm>
							<Value>106</Value>
						</HeartRateBpm>
					</Trackpoint>
					<Trackpoint>
						<Time>2569-03-03T12:00:39Z</Time>
						<Position>
							<LatitudeDegrees>12.591477</LatitudeDegrees>
							<LongitudeDegrees>101.418028</LongitudeDegrees>
						</Position>
						<AltitudeMeters>17.350000</AltitudeMeters>
						<HeartRateBpm>
							<Value>105</Value>
						</HeartRateBpm>
					</Trackpoint>
					<Trackpoint>
						<Time>2569-03-03T12:00:39Z</Time>
						<Position>
							<LatitudeDegrees>12.591477</LatitudeDegrees>
							<LongitudeDegrees>101.418028</LongitudeDegrees>
						</Position>
						<AltitudeMeters>17.350000</AltitudeMeters>
						<HeartRateBpm>
							<Value>105</Value>
						</HeartRateBpm>
					</Trackpoint>
					<Trackpoint>
						<Time>2569-03-03T12:00:41Z</Time>
						<Position>
							<LatitudeDegrees>12.591478</LatitudeDegrees>
							<LongitudeDegrees>101.418029</LongitudeDegrees>
						</Position>
						<AltitudeMeters>17.350000</AltitudeMeters>
						<HeartRateBpm>
							<Value>105</Value>
						</HeartRateBpm>
					</Trackpoint>
					<Trackpoint>
						<Time>2569-03-03T12:00:41Z</Time>
						<Position>
							<LatitudeDegrees>12.591478</LatitudeDegrees>
							<LongitudeDegrees>101.418029</LongitudeDegrees>
						</Position>
						<AltitudeMeters>17.350000</AltitudeMeters>
						<HeartRateBpm>
							<Value>105</Value>
						</HeartRateBpm>
					</Trackpoint>
					<Trackpoint>
						<Time>2569-03-03T12:00:43Z</Time>
						<Position>
							<LatitudeDegrees>12.591478</LatitudeDegrees>
							<LongitudeDegrees>101.418029</LongitudeDegrees>
						</Position>
						<AltitudeMeters>17.350000</AltitudeMeters>
						<HeartRateBpm>
							<Value>105</Value>
						</HeartRateBpm>
					</Trackpoint>
					<Trackpoint>
						<Time>2569-03-03T12:00:44Z</Time>
						<Position>
							<LatitudeDegrees>12.591479</LatitudeDegrees>
							<LongitudeDegrees>101.418029</LongitudeDegrees>
						</Position>
						<AltitudeMeters>17.350000</AltitudeMeters>
						<HeartRateBpm>
							<Value>106</Value>
						</HeartRateBpm>
					</Trackpoint>
					<Trackpoint>
						<Time>2569-03-03T12:00:45Z</Time>
						<Position>
							<LatitudeDegrees>12.591479</LatitudeDegrees>
							<LongitudeDegrees>101.418029</LongitudeDegrees>
						</Position>
						<AltitudeMeters>17.340000</AltitudeMeters>
						<HeartRateBpm>
							<Value>106</Value>
						</HeartRateBpm>
					</Trackpoint>
					<Trackpoint>
						<Time>2569-03-03T12:00:46Z</Time>
						<Position>
							<LatitudeDegrees>12.591479</LatitudeDegrees>
							<LongitudeDegrees>101.418029</LongitudeDegrees>
						</Position>
						<AltitudeMeters>17.340000</AltitudeMeters>
						<HeartRateBpm>
							<Value>106</Value>
						</HeartRateBpm>
					</Trackpoint>
					<Trackpoint>
						<Time>2569-03-03T12:00:47Z</Time>
						<Position>
							<LatitudeDegrees>12.591479</LatitudeDegrees>
							<LongitudeDegrees>101.418029</LongitudeDegrees>
						</Position>
						<AltitudeMeters>17.340000</AltitudeMeters>
						<HeartRateBpm>
							<Value>105</Value>
						</HeartRateBpm>
					</Trackpoint>
					<Trackpoint>
						<Time>2569-03-03T12:00:48Z</Time>
						<Position>
							<LatitudeDegrees>12.591479</LatitudeDegrees>
							<LongitudeDegrees>101.418029</LongitudeDegrees>
						</Position>
						<AltitudeMeters>17.340000</AltitudeMeters>
						<HeartRateBpm>
							<Value>104</Value>
						</HeartRateBpm>
					</Trackpoint>
					<Trackpoint>
						<Time>2569-03-03T12:00:48Z</Time>
						<Position>
							<LatitudeDegrees>12.591479</LatitudeDegrees>
							<LongitudeDegrees>101.418029</LongitudeDegrees>
						</Position>
						<AltitudeMeters>17.340000</AltitudeMeters>
						<HeartRateBpm>
							<Value>104</Value>
						</HeartRateBpm>
					</Trackpoint>
					<Trackpoint>
						<Time>2569-03-03T12:00:50Z</Time>
						<Position>
							<LatitudeDegrees>12.591479</LatitudeDegrees>
							<LongitudeDegrees>101.418029</LongitudeDegrees>
						</Position>
						<AltitudeMeters>17.340000</AltitudeMeters>
						<HeartRateBpm>
							<Value>102</Value>
						</HeartRateBpm>
					</Trackpoint>
					<Trackpoint>
						<Time>2569-03-03T12:00:50Z</Time>
						<Position>
							<LatitudeDegrees>12.591479</LatitudeDegrees>
							<LongitudeDegrees>101.418029</LongitudeDegrees>
						</Position>
						<AltitudeMeters>17.340000</AltitudeMeters>
						<HeartRateBpm>
							<Value>102</Value>
						</HeartRateBpm>
					</Trackpoint>
					<Trackpoint>
						<Time>2569-03-03T12:00:51Z</Time>
						<Position>
							<LatitudeDegrees>12.591479</LatitudeDegrees>
							<LongitudeDegrees>101.418030</LongitudeDegrees>
						</Position>
						<AltitudeMeters>17.340000</AltitudeMeters>
						<HeartRateBpm>
							<Value>101</Value>
						</HeartRateBpm>
					</Trackpoint>
					<Trackpoint>
						<Time>2569-03-03T12:00:52Z</Time>
						<Position>
							<LatitudeDegrees>12.591479</LatitudeDegrees>
							<LongitudeDegrees>101.418030</LongitudeDegrees>
						</Position>
						<AltitudeMeters>17.340000</AltitudeMeters>
						<HeartRateBpm>
							<Value>100</Value>
						</HeartRateBpm>
					</Trackpoint>
					<Trackpoint>
						<Time>2569-03-03T12:00:54Z</Time>
						<Position>
							<LatitudeDegrees>12.591478</LatitudeDegrees>
							<LongitudeDegrees>101.418031</LongitudeDegrees>
						</Position>
						<AltitudeMeters>17.340000</AltitudeMeters>
						<HeartRateBpm>
							<Value>98</Value>
						</HeartRateBpm>
					</Trackpoint>
					<Trackpoint>
						<Time>2569-03-03T12:00:54Z</Time>
						<Position>
							<LatitudeDegrees>12.591478</LatitudeDegrees>
							<LongitudeDegrees>101.418031</LongitudeDegrees>
						</Position>
						<AltitudeMeters>17.340000</AltitudeMeters>
						<HeartRateBpm>
							<Value>98</Value>
						</HeartRateBpm>
					</Trackpoint>
					<Trackpoint>
						<Time>2569-03-03T12:00:56Z</Time>
						<Position>
							<LatitudeDegrees>12.591478</LatitudeDegrees>
							<LongitudeDegrees>101.418031</LongitudeDegrees>
						</Position>
						<AltitudeMeters>17.330000</AltitudeMeters>
						<HeartRateBpm>
							<Value>97</Value>
						</HeartRateBpm>
					</Trackpoint>
					<Trackpoint>
						<Time>2569-03-03T12:00:56Z</Time>
						<Position>
							<LatitudeDegrees>12.591478</LatitudeDegrees>
							<LongitudeDegrees>101.418031</LongitudeDegrees>
						</Position>
						<AltitudeMeters>17.330000</AltitudeMeters>
						<HeartRateBpm>
							<Value>97</Value>
						</HeartRateBpm>
					</Trackpoint>
					<Trackpoint>
						<Time>2569-03-03T12:00:57Z</Time>
						<Position>
							<LatitudeDegrees>12.591478</LatitudeDegrees>
							<LongitudeDegrees>101.418031</LongitudeDegrees>
						</Position>
						<AltitudeMeters>17.330000</AltitudeMeters>
						<HeartRateBpm>
							<Value>96</Value>
						</HeartRateBpm>
					</Trackpoint>
					<Trackpoint>
						<Time>2569-03-03T12:00:58Z</Time>
						<Position>
							<LatitudeDegrees>12.591478</LatitudeDegrees>
							<LongitudeDegrees>101.418031</LongitudeDegrees>
						</Position>
						<AltitudeMeters>17.330000</AltitudeMeters>
						<HeartRateBpm>
							<Value>95</Value>
						</HeartRateBpm>
					</Trackpoint>
					<Trackpoint>
						<Time>2569-03-03T12:00:59Z</Time>
						<Position>
							<LatitudeDegrees>12.591478</LatitudeDegrees>
							<LongitudeDegrees>101.418031</LongitudeDegrees>
						</Position>
						<AltitudeMeters>17.330000</AltitudeMeters>
						<HeartRateBpm>
							<Value>94</Value>
						</HeartRateBpm>
					</Trackpoint>
					<Trackpoint>
						<Time>2569-03-03T12:01:00Z</Time>
						<Position>
							<LatitudeDegrees>12.591478</LatitudeDegrees>
							<LongitudeDegrees>101.418031</LongitudeDegrees>
						</Position>
						<AltitudeMeters>17.330000</AltitudeMeters>
						<HeartRateBpm>
							<Value>94</Value>
						</HeartRateBpm>
					</Trackpoint>
					<Trackpoint>
						<Time>2569-03-03T12:01:01Z</Time>
						<Position>
							<LatitudeDegrees>12.591478</LatitudeDegrees>
							<LongitudeDegrees>101.418031</LongitudeDegrees>
						</Position>
						<AltitudeMeters>17.330000</AltitudeMeters>
						<HeartRateBpm>
							<Value>93</Value>
						</HeartRateBpm>
					</Trackpoint>
					<Trackpoint>
						<Time>2569-03-03T12:01:02Z</Time>
						<Position>
							<LatitudeDegrees>12.591478</LatitudeDegrees>
							<LongitudeDegrees>101.418031</LongitudeDegrees>
						</Position>
						<AltitudeMeters>17.330000</AltitudeMeters>
						<HeartRateBpm>
							<Value>93</Value>
						</HeartRateBpm>
					</Trackpoint>
					<Trackpoint>
						<Time>2569-03-03T12:01:03Z</Time>
						<Position>
							<LatitudeDegrees>12.591478</LatitudeDegrees>
							<LongitudeDegrees>101.418031</LongitudeDegrees>
						</Position>
						<AltitudeMeters>17.330000</AltitudeMeters>
						<HeartRateBpm>
							<Value>94</Value>
						</HeartRateBpm>
					</Trackpoint>
					<Trackpoint>
						<Time>2569-03-03T12:01:05Z</Time>
						<Position>
							<LatitudeDegrees>12.591478</LatitudeDegrees>
							<LongitudeDegrees>101.418031</LongitudeDegrees>
						</Position>
						<AltitudeMeters>17.330000</AltitudeMeters>
						<HeartRateBpm>
							<Value>93</Value>
						</HeartRateBpm>
					</Trackpoint>
					<Trackpoint>
						<Time>2569-03-03T12:01:06Z</Time>
						<Position>
							<LatitudeDegrees>12.591477</LatitudeDegrees>
							<LongitudeDegrees>101.418031</LongitudeDegrees>
						</Position>
						<AltitudeMeters>17.320000</AltitudeMeters>
						<HeartRateBpm>
							<Value>93</Value>
						</HeartRateBpm>
					</Trackpoint>
					<Trackpoint>
						<Time>2569-03-03T12:01:07Z</Time>
						<Position>
							<LatitudeDegrees>12.591477</LatitudeDegrees>
							<LongitudeDegrees>101.418031</LongitudeDegrees>
						</Position>
						<AltitudeMeters>17.320000</AltitudeMeters>
						<HeartRateBpm>
							<Value>93</Value>
						</HeartRateBpm>
					</Trackpoint>
					<Trackpoint>
						<Time>2569-03-03T12:01:08Z</Time>
						<Position>
							<LatitudeDegrees>12.591477</LatitudeDegrees>
							<LongitudeDegrees>101.418031</LongitudeDegrees>
						</Position>
						<AltitudeMeters>17.320000</AltitudeMeters>
						<HeartRateBpm>
							<Value>92</Value>
						</HeartRateBpm>
					</Trackpoint>
					<Trackpoint>
						<Time>2569-03-03T12:01:09Z</Time>
						<Position>
							<LatitudeDegrees>12.591476</LatitudeDegrees>
							<LongitudeDegrees>101.418031</LongitudeDegrees>
						</Position>
						<AltitudeMeters>17.320000</AltitudeMeters>
						<HeartRateBpm>
							<Value>92</Value>
						</HeartRateBpm>
					</Trackpoint>
					<Trackpoint>
						<Time>2569-03-03T12:01:10Z</Time>
						<Position>
							<LatitudeDegrees>12.591476</LatitudeDegrees>
							<LongitudeDegrees>101.418032</LongitudeDegrees>
						</Position>
						<AltitudeMeters>17.320000</AltitudeMeters>
						<HeartRateBpm>
							<Value>92</Value>
						</HeartRateBpm>
					</Trackpoint>
					<Trackpoint>
						<Time>2569-03-03T12:01:11Z</Time>
						<Position>
							<LatitudeDegrees>12.591476</LatitudeDegrees>
							<LongitudeDegrees>101.418032</LongitudeDegrees>
						</Position>
						<AltitudeMeters>17.320000</AltitudeMeters>
						<HeartRateBpm>
							<Value>91</Value>
						</HeartRateBpm>
					</Trackpoint>
					<Trackpoint>
						<Time>2569-03-03T12:01:12Z</Time>
						<Position>
							<LatitudeDegrees>12.591476</LatitudeDegrees>
							<LongitudeDegrees>101.418032</LongitudeDegrees>
						</Position>
						<AltitudeMeters>17.320000</AltitudeMeters>
						<HeartRateBpm>
							<Value>91</Value>
						</HeartRateBpm>
					</Trackpoint>
					<Trackpoint>
						<Time>2569-03-03T12:01:13Z</Time>
						<Position>
							<LatitudeDegrees>12.591476</LatitudeDegrees>
							<LongitudeDegrees>101.418033</LongitudeDegrees>
						</Position>
						<AltitudeMeters>17.320000</AltitudeMeters>
						<HeartRateBpm>
							<Value>90</Value>
						</HeartRateBpm>
					</Trackpoint>
					<Trackpoint>
						<Time>2569-03-03T12:01:14Z</Time>
						<Position>
							<LatitudeDegrees>12.591475</LatitudeDegrees>
							<LongitudeDegrees>101.418033</LongitudeDegrees>
						</Position>
						<AltitudeMeters>17.320000</AltitudeMeters>
						<HeartRateBpm>
							<Value>89</Value>
						</HeartRateBpm>
					</Trackpoint>
					<Trackpoint>
						<Time>2569-03-03T12:01:15Z</Time>
						<Position>
							<LatitudeDegrees>12.591475</LatitudeDegrees>
							<LongitudeDegrees>101.418033</LongitudeDegrees>
						</Position>
						<AltitudeMeters>17.320000</AltitudeMeters>
						<HeartRateBpm>
							<Value>89</Value>
						</HeartRateBpm>
					</Trackpoint>
					<Trackpoint>
						<Time>2569-03-03T12:01:16Z</Time>
						<Position>
							<LatitudeDegrees>12.591475</LatitudeDegrees>
							<LongitudeDegrees>101.418033</LongitudeDegrees>
						</Position>
						<AltitudeMeters>17.320000</AltitudeMeters>
						<HeartRateBpm>
							<Value>89</Value>
						</HeartRateBpm>
					</Trackpoint>
					<Trackpoint>
						<Time>2569-03-03T12:01:17Z</Time>
						<Position>
							<LatitudeDegrees>12.591475</LatitudeDegrees>
							<LongitudeDegrees>101.418033</LongitudeDegrees>
						</Position>
						<AltitudeMeters>17.320000</AltitudeMeters>
						<HeartRateBpm>
							<Value>89</Value>
						</HeartRateBpm>
					</Trackpoint>
					<Trackpoint>
						<Time>2569-03-03T12:01:18Z</Time>
						<Position>
							<LatitudeDegrees>12.591475</LatitudeDegrees>
							<LongitudeDegrees>101.418033</LongitudeDegrees>
						</Position>
						<AltitudeMeters>17.320000</AltitudeMeters>
						<HeartRateBpm>
							<Value>88</Value>
						</HeartRateBpm>
					</Trackpoint>
					<Trackpoint>
						<Time>2569-03-03T12:01:19Z</Time>
						<Position>
							<LatitudeDegrees>12.591475</LatitudeDegrees>
							<LongitudeDegrees>101.418033</LongitudeDegrees>
						</Position>
						<AltitudeMeters>17.320000</AltitudeMeters>
						<HeartRateBpm>
							<Value>88</Value>
						</HeartRateBpm>
					</Trackpoint>
					<Trackpoint>
						<Time>2569-03-03T12:01:20Z</Time>
						<Position>
							<LatitudeDegrees>12.591475</LatitudeDegrees>
							<LongitudeDegrees>101.418033</LongitudeDegrees>
						</Position>
						<AltitudeMeters>17.320000</AltitudeMeters>
						<HeartRateBpm>
							<Value>88</Value>
						</HeartRateBpm>
					</Trackpoint>
					<Trackpoint>
						<Time>2569-03-03T12:01:21Z</Time>
						<Position>
							<LatitudeDegrees>12.591475</LatitudeDegrees>
							<LongitudeDegrees>101.418033</LongitudeDegrees>
						</Position>
						<AltitudeMeters>17.310000</AltitudeMeters>
						<HeartRateBpm>
							<Value>89</Value>
						</HeartRateBpm>
					</Trackpoint>
					<Trackpoint>
						<Time>2569-03-03T12:01:22Z</Time>
						<Position>
							<LatitudeDegrees>12.591475</LatitudeDegrees>
							<LongitudeDegrees>101.418033</LongitudeDegrees>
						</Position>
						<AltitudeMeters>17.310000</AltitudeMeters>
						<HeartRateBpm>
							<Value>89</Value>
						</HeartRateBpm>
					</Trackpoint>
					<Trackpoint>
						<Time>2569-03-03T12:01:23Z</Time>
						<Position>
							<LatitudeDegrees>12.591475</LatitudeDegrees>
							<LongitudeDegrees>101.418033</LongitudeDegrees>
						</Position>
						<AltitudeMeters>17.310000</AltitudeMeters>
						<HeartRateBpm>
							<Value>88</Value>
						</HeartRateBpm>
					</Trackpoint>
					<Trackpoint>
						<Time>2569-03-03T12:01:24Z</Time>
						<Position>
							<LatitudeDegrees>12.591475</LatitudeDegrees>
							<LongitudeDegrees>101.418033</LongitudeDegrees>
						</Position>
						<AltitudeMeters>17.310000</AltitudeMeters>
						<HeartRateBpm>
							<Value>88</Value>
						</HeartRateBpm>
					</Trackpoint>
					<Trackpoint>
						<Time>2569-03-03T12:01:25Z</Time>
						<Position>
							<LatitudeDegrees>12.591475</LatitudeDegrees>
							<LongitudeDegrees>101.418032</LongitudeDegrees>
						</Position>
						<AltitudeMeters>17.310000</AltitudeMeters>
						<HeartRateBpm>
							<Value>88</Value>
						</HeartRateBpm>
					</Trackpoint>
					<Trackpoint>
						<Time>2569-03-03T12:01:26Z</Time>
						<Position>
							<LatitudeDegrees>12.591475</LatitudeDegrees>
							<LongitudeDegrees>101.418032</LongitudeDegrees>
						</Position>
						<AltitudeMeters>17.310000</AltitudeMeters>
						<HeartRateBpm>
							<Value>87</Value>
						</HeartRateBpm>
					</Trackpoint>
					<Trackpoint>
						<Time>2569-03-03T12:01:27Z</Time>
						<Position>
							<LatitudeDegrees>12.591475</LatitudeDegrees>
							<LongitudeDegrees>101.418031</LongitudeDegrees>
						</Position>
						<AltitudeMeters>17.310000</AltitudeMeters>
						<HeartRateBpm>
							<Value>87</Value>
						</HeartRateBpm>
					</Trackpoint>
					<Trackpoint>
						<Time>2569-03-03T12:01:28Z</Time>
						<Position>
							<LatitudeDegrees>12.591475</LatitudeDegrees>
							<LongitudeDegrees>101.418031</LongitudeDegrees>
						</Position>
						<AltitudeMeters>17.310000</AltitudeMeters>
						<HeartRateBpm>
							<Value>87</Value>
						</HeartRateBpm>
					</Trackpoint>
					<Trackpoint>
						<Time>2569-03-03T12:01:29Z</Time>
						<Position>
							<LatitudeDegrees>12.591474</LatitudeDegrees>
							<LongitudeDegrees>101.418031</LongitudeDegrees>
						</Position>
						<AltitudeMeters>17.310000</AltitudeMeters>
						<HeartRateBpm>
							<Value>87</Value>
						</HeartRateBpm>
					</Trackpoint>
					<Trackpoint>
						<Time>2569-03-03T12:01:30Z</Time>
						<Position>
							<LatitudeDegrees>12.591473</LatitudeDegrees>
							<LongitudeDegrees>101.418031</LongitudeDegrees>
						</Position>
						<AltitudeMeters>17.300000</AltitudeMeters>
						<HeartRateBpm>
							<Value>86</Value>
						</HeartRateBpm>
					</Trackpoint>
					<Trackpoint>
						<Time>2569-03-03T12:01:31Z</Time>
						<Position>
							<LatitudeDegrees>12.591473</LatitudeDegrees>
							<LongitudeDegrees>101.418030</LongitudeDegrees>
						</Position>
						<AltitudeMeters>17.300000</AltitudeMeters>
						<HeartRateBpm>
							<Value>87</Value>
						</HeartRateBpm>
					</Trackpoint>
					<Trackpoint>
						<Time>2569-03-03T12:01:32Z</Time>
						<Position>
							<LatitudeDegrees>12.591473</LatitudeDegrees>
							<LongitudeDegrees>101.418030</LongitudeDegrees>
						</Position>
						<AltitudeMeters>17.300000</AltitudeMeters>
						<HeartRateBpm>
							<Value>87</Value>
						</HeartRateBpm>
					</Trackpoint>
					<Trackpoint>
						<Time>2569-03-03T12:01:33Z</Time>
						<Position>
							<LatitudeDegrees>12.591473</LatitudeDegrees>
							<LongitudeDegrees>101.418030</LongitudeDegrees>
						</Position>
						<AltitudeMeters>17.300000</AltitudeMeters>
						<HeartRateBpm>
							<Value>86</Value>
						</HeartRateBpm>
					</Trackpoint>
					<Trackpoint>
						<Time>2569-03-03T12:01:34Z</Time>
						<Position>
							<LatitudeDegrees>12.591473</LatitudeDegrees>
							<LongitudeDegrees>101.418029</LongitudeDegrees>
						</Position>
						<AltitudeMeters>17.300000</AltitudeMeters>
					</Trackpoint>
					<Trackpoint>
						<Time>2569-03-03T12:01:35Z</Time>
						<Position>
							<LatitudeDegrees>12.591473</LatitudeDegrees>
							<LongitudeDegrees>101.418029</LongitudeDegrees>
						</Position>
						<AltitudeMeters>17.300000</AltitudeMeters>
						<HeartRateBpm>
							<Value>84</Value>
						</HeartRateBpm>
					</Trackpoint>
					<Trackpoint>
						<Time>2569-03-03T12:01:36Z</Time>
						<Position>
							<LatitudeDegrees>12.591473</LatitudeDegrees>
							<LongitudeDegrees>101.418028</LongitudeDegrees>
						</Position>
						<AltitudeMeters>17.300000</AltitudeMeters>
						<HeartRateBpm>
							<Value>84</Value>
						</HeartRateBpm>
					</Trackpoint>
					<Trackpoint>
						<Time>2569-03-03T12:01:37Z</Time>
						<Position>
							<LatitudeDegrees>12.591473</LatitudeDegrees>
							<LongitudeDegrees>101.418028</LongitudeDegrees>
						</Position>
						<AltitudeMeters>17.300000</AltitudeMeters>
					</Trackpoint>
					<Trackpoint>
						<Time>2569-03-03T12:01:38Z</Time>
						<Position>
							<LatitudeDegrees>12.591473</LatitudeDegrees>
							<LongitudeDegrees>101.418028</LongitudeDegrees>
						</Position>
						<AltitudeMeters>17.290000</AltitudeMeters>
						<HeartRateBpm>
							<Value>86</Value>
						</HeartRateBpm>
					</Trackpoint>
					<Trackpoint>
						<Time>2569-03-03T12:01:39Z</Time>
						<Position>
							<LatitudeDegrees>12.591473</LatitudeDegrees>
							<LongitudeDegrees>101.418028</LongitudeDegrees>
						</Position>
						<AltitudeMeters>17.290000</AltitudeMeters>
						<HeartRateBpm>
							<Value>84</Value>
						</HeartRateBpm>
					</Trackpoint>
					<Trackpoint>
						<Time>2569-03-03T12:01:40Z</Time>
						<Position>
							<LatitudeDegrees>12.591473</LatitudeDegrees>
							<LongitudeDegrees>101.418028</LongitudeDegrees>
						</Position>
						<AltitudeMeters>17.290000</AltitudeMeters>
						<HeartRateBpm>
							<Value>83</Value>
						</HeartRateBpm>
					</Trackpoint>
					<Trackpoint>
						<Time>2569-03-03T12:01:41Z</Time>
						<Position>
							<LatitudeDegrees>12.591473</LatitudeDegrees>
							<LongitudeDegrees>101.418028</LongitudeDegrees>
						</Position>
						<AltitudeMeters>17.290000</AltitudeMeters>
						<HeartRateBpm>
							<Value>84</Value>
						</HeartRateBpm>
					</Trackpoint>
					<Trackpoint>
						<Time>2569-03-03T12:01:42Z</Time>
						<Position>
							<LatitudeDegrees>12.591472</LatitudeDegrees>
							<LongitudeDegrees>101.418028</LongitudeDegrees>
						</Position>
						<AltitudeMeters>17.290000</AltitudeMeters>
						<HeartRateBpm>
							<Value>84</Value>
						</HeartRateBpm>
					</Trackpoint>
					<Trackpoint>
						<Time>2569-03-03T12:01:43Z</Time>
						<Position>
							<LatitudeDegrees>12.591472</LatitudeDegrees>
							<LongitudeDegrees>101.418028</LongitudeDegrees>
						</Position>
						<AltitudeMeters>17.290000</AltitudeMeters>
						<HeartRateBpm>
							<Value>84</Value>
						</HeartRateBpm>
					</Trackpoint>
					<Trackpoint>
						<Time>2569-03-03T12:01:44Z</Time>
						<Position>
							<LatitudeDegrees>12.591471</LatitudeDegrees>
							<LongitudeDegrees>101.418028</LongitudeDegrees>
						</Position>
						<AltitudeMeters>17.290000</AltitudeMeters>
						<HeartRateBpm>
							<Value>83</Value>
						</HeartRateBpm>
					</Trackpoint>
					<Trackpoint>
						<Time>2569-03-03T12:01:45Z</Time>
						<Position>
							<LatitudeDegrees>12.591471</LatitudeDegrees>
							<LongitudeDegrees>101.418028</LongitudeDegrees>
						</Position>
						<AltitudeMeters>17.290000</AltitudeMeters>
						<HeartRateBpm>
							<Value>83</Value>
						</HeartRateBpm>
					</Trackpoint>
					<Trackpoint>
						<Time>2569-03-03T12:01:46Z</Time>
						<Position>
							<LatitudeDegrees>12.591471</LatitudeDegrees>
							<LongitudeDegrees>101.418028</LongitudeDegrees>
						</Position>
						<AltitudeMeters>17.290000</AltitudeMeters>
						<HeartRateBpm>
							<Value>82</Value>
						</HeartRateBpm>
					</Trackpoint>
					<Trackpoint>
						<Time>2569-03-03T12:01:47Z</Time>
						<Position>
							<LatitudeDegrees>12.591471</LatitudeDegrees>
							<LongitudeDegrees>101.418027</LongitudeDegrees>
						</Position>
						<AltitudeMeters>17.290000</AltitudeMeters>
						<HeartRateBpm>
							<Value>82</Value>
						</HeartRateBpm>
					</Trackpoint>
					<Trackpoint>
						<Time>2569-03-03T12:01:48Z</Time>
						<Position>
							<LatitudeDegrees>12.591471</LatitudeDegrees>
							<LongitudeDegrees>101.418027</LongitudeDegrees>
						</Position>
						<AltitudeMeters>17.290000</AltitudeMeters>
						<HeartRateBpm>
							<Value>81</Value>
						</HeartRateBpm>
					</Trackpoint>
					<Trackpoint>
						<Time>2569-03-03T12:01:49Z</Time>
						<Position>
							<LatitudeDegrees>12.591471</LatitudeDegrees>
							<LongitudeDegrees>101.418027</LongitudeDegrees>
						</Position>
						<AltitudeMeters>17.290000</AltitudeMeters>
						<HeartRateBpm>
							<Value>81</Value>
						</HeartRateBpm>
					</Trackpoint>
					<Trackpoint>
						<Time>2569-03-03T12:01:50Z</Time>
						<Position>
							<LatitudeDegrees>12.591471</LatitudeDegrees>
							<LongitudeDegrees>101.418026</LongitudeDegrees>
						</Position>
						<AltitudeMeters>17.290000</AltitudeMeters>
						<HeartRateBpm>
							<Value>81</Value>
						</HeartRateBpm>
					</Trackpoint>
					<Trackpoint>
						<Time>2569-03-03T12:01:51Z</Time>
						<Position>
							<LatitudeDegrees>12.591471</LatitudeDegrees>
							<LongitudeDegrees>101.418026</LongitudeDegrees>
						</Position>
						<AltitudeMeters>17.290000</AltitudeMeters>
						<HeartRateBpm>
							<Value>81</Value>
						</HeartRateBpm>
					</Trackpoint>
					<Trackpoint>
						<Time>2569-03-03T12:01:52Z</Time>
						<Position>
							<LatitudeDegrees>12.591471</LatitudeDegrees>
							<LongitudeDegrees>101.418025</LongitudeDegrees>
						</Position>
						<AltitudeMeters>17.290000</AltitudeMeters>
						<HeartRateBpm>
							<Value>81</Value>
						</HeartRateBpm>
					</Trackpoint>
					<Trackpoint>
						<Time>2569-03-03T12:01:53Z</Time>
						<Position>
							<LatitudeDegrees>12.591471</LatitudeDegrees>
							<LongitudeDegrees>101.418025</LongitudeDegrees>
						</Position>
						<AltitudeMeters>17.290000</AltitudeMeters>
						<HeartRateBpm>
							<Value>80</Value>
						</HeartRateBpm>
					</Trackpoint>
					<Trackpoint>
						<Time>2569-03-03T12:01:54Z</Time>
						<Position>
							<LatitudeDegrees>12.591471</LatitudeDegrees>
							<LongitudeDegrees>101.418025</LongitudeDegrees>
						</Position>
						<AltitudeMeters>17.280000</AltitudeMeters>
						<HeartRateBpm>
							<Value>81</Value>
						</HeartRateBpm>
					</Trackpoint>
					<Trackpoint>
						<Time>2569-03-03T12:01:55Z</Time>
						<Position>
							<LatitudeDegrees>12.591471</LatitudeDegrees>
							<LongitudeDegrees>101.418025</LongitudeDegrees>
						</Position>
						<AltitudeMeters>17.280000</AltitudeMeters>
						<HeartRateBpm>
							<Value>80</Value>
						</HeartRateBpm>
					</Trackpoint>
					<Trackpoint>
						<Time>2569-03-03T12:01:56Z</Time>
						<Position>
							<LatitudeDegrees>12.591471</LatitudeDegrees>
							<LongitudeDegrees>101.418025</LongitudeDegrees>
						</Position>
						<AltitudeMeters>17.280000</AltitudeMeters>
						<HeartRateBpm>
							<Value>81</Value>
						</HeartRateBpm>
					</Trackpoint>
					<Trackpoint>
						<Time>2569-03-03T12:01:57Z</Time>
						<Position>
							<LatitudeDegrees>12.591471</LatitudeDegrees>
							<LongitudeDegrees>101.418025</LongitudeDegrees>
						</Position>
						<AltitudeMeters>17.280000</AltitudeMeters>
						<HeartRateBpm>
							<Value>81</Value>
						</HeartRateBpm>
					</Trackpoint>
					<Trackpoint>
						<Time>2569-03-03T12:01:58Z</Time>
						<Position>
							<LatitudeDegrees>12.591471</LatitudeDegrees>
							<LongitudeDegrees>101.418025</LongitudeDegrees>
						</Position>
						<AltitudeMeters>17.280000</AltitudeMeters>
						<HeartRateBpm>
							<Value>81</Value>
						</HeartRateBpm>
					</Trackpoint>
					<Trackpoint>
						<Time>2569-03-03T12:01:59Z</Time>
						<Position>
							<LatitudeDegrees>12.591471</LatitudeDegrees>
							<LongitudeDegrees>101.418024</LongitudeDegrees>
						</Position>
						<AltitudeMeters>17.280000</AltitudeMeters>
						<HeartRateBpm>
							<Value>80</Value>
						</HeartRateBpm>
					</Trackpoint>
					<Trackpoint>
						<Time>2569-03-03T12:02:00Z</Time>
						<Position>
							<LatitudeDegrees>12.591471</LatitudeDegrees>
							<LongitudeDegrees>101.418023</LongitudeDegrees>
						</Position>
						<AltitudeMeters>17.280000</AltitudeMeters>
						<HeartRateBpm>
							<Value>80</Value>
						</HeartRateBpm>
					</Trackpoint>
					<Trackpoint>
						<Time>2569-03-03T12:02:01Z</Time>
						<Position>
							<LatitudeDegrees>12.591471</LatitudeDegrees>
							<LongitudeDegrees>101.418024</LongitudeDegrees>
						</Position>
						<AltitudeMeters>17.280000</AltitudeMeters>
						<HeartRateBpm>
							<Value>81</Value>
						</HeartRateBpm>
					</Trackpoint>
					<Trackpoint>
						<Time>2569-03-03T12:02:02Z</Time>
						<Position>
							<LatitudeDegrees>12.591471</LatitudeDegrees>
							<LongitudeDegrees>101.418023</LongitudeDegrees>
						</Position>
						<AltitudeMeters>17.280000</AltitudeMeters>
						<HeartRateBpm>
							<Value>82</Value>
						</HeartRateBpm>
					</Trackpoint>
					<Trackpoint>
						<Time>2569-03-03T12:02:03Z</Time>
						<Position>
							<LatitudeDegrees>12.591471</LatitudeDegrees>
							<LongitudeDegrees>101.418024</LongitudeDegrees>
						</Position>
						<AltitudeMeters>17.280000</AltitudeMeters>
						<HeartRateBpm>
							<Value>82</Value>
						</HeartRateBpm>
					</Trackpoint>
					<Trackpoint>
						<Time>2569-03-03T12:02:04Z</Time>
						<Position>
							<LatitudeDegrees>12.591471</LatitudeDegrees>
							<LongitudeDegrees>101.418024</LongitudeDegrees>
						</Position>
						<AltitudeMeters>17.280000</AltitudeMeters>
						<HeartRateBpm>
							<Value>82</Value>
						</HeartRateBpm>
					</Trackpoint>
					<Trackpoint>
						<Time>2569-03-03T12:02:05Z</Time>
						<Position>
							<LatitudeDegrees>12.591471</LatitudeDegrees>
							<LongitudeDegrees>101.418024</LongitudeDegrees>
						</Position>
						<AltitudeMeters>17.280000</AltitudeMeters>
						<HeartRateBpm>
							<Value>84</Value>
						</HeartRateBpm>
					</Trackpoint>
					<Trackpoint>
						<Time>2569-03-03T12:02:06Z</Time>
						<Position>
							<LatitudeDegrees>12.591471</LatitudeDegrees>
							<LongitudeDegrees>101.418024</LongitudeDegrees>
						</Position>
						<AltitudeMeters>17.280000</AltitudeMeters>
						<HeartRateBpm>
							<Value>83</Value>
						</HeartRateBpm>
					</Trackpoint>
					<Trackpoint>
						<Time>2569-03-03T12:02:07Z</Time>
						<Position>
							<LatitudeDegrees>12.591471</LatitudeDegrees>
							<LongitudeDegrees>101.418024</LongitudeDegrees>
						</Position>
						<AltitudeMeters>17.280000</AltitudeMeters>
						<HeartRateBpm>
							<Value>84</Value>
						</HeartRateBpm>
					</Trackpoint>
					<Trackpoint>
						<Time>2569-03-03T12:02:08Z</Time>
						<Position>
							<LatitudeDegrees>12.591471</LatitudeDegrees>
							<LongitudeDegrees>101.418024</LongitudeDegrees>
						</Position>
						<AltitudeMeters>17.280000</AltitudeMeters>
						<HeartRateBpm>
							<Value>85</Value>
						</HeartRateBpm>
					</Trackpoint>
					<Trackpoint>
						<Time>2569-03-03T12:02:09Z</Time>
						<Position>
							<LatitudeDegrees>12.591470</LatitudeDegrees>
							<LongitudeDegrees>101.418024</LongitudeDegrees>
						</Position>
						<AltitudeMeters>17.280000</AltitudeMeters>
						<HeartRateBpm>
							<Value>85</Value>
						</HeartRateBpm>
					</Trackpoint>
					<Trackpoint>
						<Time>2569-03-03T12:02:10Z</Time>
						<Position>
							<LatitudeDegrees>12.591470</LatitudeDegrees>
							<LongitudeDegrees>101.418024</LongitudeDegrees>
						</Position>
						<AltitudeMeters>17.280000</AltitudeMeters>
						<HeartRateBpm>
							<Value>85</Value>
						</HeartRateBpm>
					</Trackpoint>
					<Trackpoint>
						<Time>2569-03-03T12:02:11Z</Time>
						<Position>
							<LatitudeDegrees>12.591470</LatitudeDegrees>
							<LongitudeDegrees>101.418024</LongitudeDegrees>
						</Position>
						<AltitudeMeters>17.280000</AltitudeMeters>
						<HeartRateBpm>
							<Value>85</Value>
						</HeartRateBpm>
					</Trackpoint>
					<Trackpoint>
						<Time>2569-03-03T12:02:12Z</Time>
						<Position>
							<LatitudeDegrees>12.591470</LatitudeDegrees>
							<LongitudeDegrees>101.418024</LongitudeDegrees>
						</Position>
						<AltitudeMeters>17.280000</AltitudeMeters>
						<HeartRateBpm>
							<Value>84</Value>
						</HeartRateBpm>
					</Trackpoint>
					<Trackpoint>
						<Time>2569-03-03T12:02:13Z</Time>
						<Position>
							<LatitudeDegrees>12.591470</LatitudeDegrees>
							<LongitudeDegrees>101.418023</LongitudeDegrees>
						</Position>
						<AltitudeMeters>17.280000</AltitudeMeters>
						<HeartRateBpm>
							<Value>85</Value>
						</HeartRateBpm>
					</Trackpoint>
					<Trackpoint>
						<Time>2569-03-03T12:02:14Z</Time>
						<Position>
							<LatitudeDegrees>12.591470</LatitudeDegrees>
							<LongitudeDegrees>101.418023</LongitudeDegrees>
						</Position>
						<AltitudeMeters>17.280000</AltitudeMeters>
						<HeartRateBpm>
							<Value>85</Value>
						</HeartRateBpm>
					</Trackpoint>
					<Trackpoint>
						<Time>2569-03-03T12:02:15Z</Time>
						<Position>
							<LatitudeDegrees>12.591470</LatitudeDegrees>
							<LongitudeDegrees>101.418023</LongitudeDegrees>
						</Position>
						<AltitudeMeters>17.280000</AltitudeMeters>
						<HeartRateBpm>
							<Value>85</Value>
						</HeartRateBpm>
					</Trackpoint>
					<Trackpoint>
						<Time>2569-03-03T12:02:16Z</Time>
						<Position>
							<LatitudeDegrees>12.591470</LatitudeDegrees>
							<LongitudeDegrees>101.418023</LongitudeDegrees>
						</Position>
						<AltitudeMeters>17.280000</AltitudeMeters>
						<HeartRateBpm>
							<Value>85</Value>
						</HeartRateBpm>
					</Trackpoint>
					<Trackpoint>
						<Time>2569-03-03T12:02:17Z</Time>
						<Position>
							<LatitudeDegrees>12.591470</LatitudeDegrees>
							<LongitudeDegrees>101.418023</LongitudeDegrees>
						</Position>
						<AltitudeMeters>17.280000</AltitudeMeters>
						<HeartRateBpm>
							<Value>85</Value>
						</HeartRateBpm>
					</Trackpoint>
					<Trackpoint>
						<Time>2569-03-03T12:02:18Z</Time>
						<Position>
							<LatitudeDegrees>12.591469</LatitudeDegrees>
							<LongitudeDegrees>101.418023</LongitudeDegrees>
						</Position>
						<AltitudeMeters>17.280000</AltitudeMeters>
						<HeartRateBpm>
							<Value>85</Value>
						</HeartRateBpm>
					</Trackpoint>
					<Trackpoint>
						<Time>2569-03-03T12:02:19Z</Time>
						<Position>
							<LatitudeDegrees>12.591468</LatitudeDegrees>
							<LongitudeDegrees>101.418024</LongitudeDegrees>
						</Position>
						<AltitudeMeters>17.280000</AltitudeMeters>
						<HeartRateBpm>
							<Value>83</Value>
						</HeartRateBpm>
					</Trackpoint>
					<Trackpoint>
						<Time>2569-03-03T12:02:20Z</Time>
						<Position>
							<LatitudeDegrees>12.591468</LatitudeDegrees>
							<LongitudeDegrees>101.418024</LongitudeDegrees>
						</Position>
						<AltitudeMeters>17.280000</AltitudeMeters>
						<HeartRateBpm>
							<Value>84</Value>
						</HeartRateBpm>
					</Trackpoint>
					<Trackpoint>
						<Time>2569-03-03T12:02:21Z</Time>
						<Position>
							<LatitudeDegrees>12.591468</LatitudeDegrees>
							<LongitudeDegrees>101.418024</LongitudeDegrees>
						</Position>
						<AltitudeMeters>17.280000</AltitudeMeters>
						<HeartRateBpm>
							<Value>84</Value>
						</HeartRateBpm>
					</Trackpoint>
					<Trackpoint>
						<Time>2569-03-03T12:02:22Z</Time>
						<Position>
							<LatitudeDegrees>12.591468</LatitudeDegrees>
							<LongitudeDegrees>101.418024</LongitudeDegrees>
						</Position>
						<AltitudeMeters>17.280000</AltitudeMeters>
						<HeartRateBpm>
							<Value>85</Value>
						</HeartRateBpm>
					</Trackpoint>
					<Trackpoint>
						<Time>2569-03-03T12:02:23Z</Time>
						<Position>
							<LatitudeDegrees>12.591468</LatitudeDegrees>
							<LongitudeDegrees>101.418024</LongitudeDegrees>
						</Position>
						<AltitudeMeters>17.280000</AltitudeMeters>
						<HeartRateBpm>
							<Value>84</Value>
						</HeartRateBpm>
					</Trackpoint>
					<Trackpoint>
						<Time>2569-03-03T12:02:24Z</Time>
						<Position>
							<LatitudeDegrees>12.591468</LatitudeDegrees>
							<LongitudeDegrees>101.418024</LongitudeDegrees>
						</Position>
						<AltitudeMeters>17.280000</AltitudeMeters>
						<HeartRateBpm>
							<Value>84</Value>
						</HeartRateBpm>
					</Trackpoint>
					<Trackpoint>
						<Time>2569-03-03T12:02:25Z</Time>
						<Position>
							<LatitudeDegrees>12.591468</LatitudeDegrees>
							<LongitudeDegrees>101.418024</LongitudeDegrees>
						</Position>
						<AltitudeMeters>17.280000</AltitudeMeters>
						<HeartRateBpm>
							<Value>83</Value>
						</HeartRateBpm>
					</Trackpoint>
					<Trackpoint>
						<Time>2569-03-03T12:02:26Z</Time>
						<Position>
							<LatitudeDegrees>12.591467</LatitudeDegrees>
							<LongitudeDegrees>101.418024</LongitudeDegrees>
						</Position>
						<AltitudeMeters>17.280000</AltitudeMeters>
						<HeartRateBpm>
							<Value>83</Value>
						</HeartRateBpm>
					</Trackpoint>
					<Trackpoint>
						<Time>2569-03-03T12:02:27Z</Time>
						<Position>
							<LatitudeDegrees>12.591467</LatitudeDegrees>
							<LongitudeDegrees>101.418025</LongitudeDegrees>
						</Position>
						<AltitudeMeters>17.280000</AltitudeMeters>
						<HeartRateBpm>
							<Value>80</Value>
						</HeartRateBpm>
					</Trackpoint>
					<Trackpoint>
						<Time>2569-03-03T12:02:28Z</Time>
						<Position>
							<LatitudeDegrees>12.591466</LatitudeDegrees>
							<LongitudeDegrees>101.418026</LongitudeDegrees>
						</Position>
						<AltitudeMeters>17.280000</AltitudeMeters>
						<HeartRateBpm>
							<Value>81</Value>
						</HeartRateBpm>
					</Trackpoint>
					<Trackpoint>
						<Time>2569-03-03T12:02:29Z</Time>
						<Position>
							<LatitudeDegrees>12.591466</LatitudeDegrees>
							<LongitudeDegrees>101.418026</LongitudeDegrees>
						</Position>
						<AltitudeMeters>17.280000</AltitudeMeters>
						<HeartRateBpm>
							<Value>82</Value>
						</HeartRateBpm>
					</Trackpoint>
					<Trackpoint>
						<Time>2569-03-03T12:02:30Z</Time>
						<Position>
							<LatitudeDegrees>12.591466</LatitudeDegrees>
							<LongitudeDegrees>101.418026</LongitudeDegrees>
						</Position>
						<AltitudeMeters>17.280000</AltitudeMeters>
						<HeartRateBpm>
							<Value>81</Value>
						</HeartRateBpm>
					</Trackpoint>
					<Trackpoint>
						<Time>2569-03-03T12:02:31Z</Time>
						<Position>
							<LatitudeDegrees>12.591466</LatitudeDegrees>
							<LongitudeDegrees>101.418026</LongitudeDegrees>
						</Position>
						<AltitudeMeters>17.280000</AltitudeMeters>
						<HeartRateBpm>
							<Value>80</Value>
						</HeartRateBpm>
					</Trackpoint>
					<Trackpoint>
						<Time>2569-03-03T12:02:32Z</Time>
						<Position>
							<LatitudeDegrees>12.591466</LatitudeDegrees>
							<LongitudeDegrees>101.418026</LongitudeDegrees>
						</Position>
						<AltitudeMeters>17.280000</AltitudeMeters>
						<HeartRateBpm>
							<Value>79</Value>
						</HeartRateBpm>
					</Trackpoint>
					<Trackpoint>
						<Time>2569-03-03T12:02:33Z</Time>
						<Position>
							<LatitudeDegrees>12.591466</LatitudeDegrees>
							<LongitudeDegrees>101.418026</LongitudeDegrees>
						</Position>
						<AltitudeMeters>17.280000</AltitudeMeters>
						<HeartRateBpm>
							<Value>79</Value>
						</HeartRateBpm>
					</Trackpoint>
					<Trackpoint>
						<Time>2569-03-03T12:02:34Z</Time>
						<Position>
							<LatitudeDegrees>12.591466</LatitudeDegrees>
							<LongitudeDegrees>101.418027</LongitudeDegrees>
						</Position>
						<AltitudeMeters>17.280000</AltitudeMeters>
						<HeartRateBpm>
							<Value>79</Value>
						</HeartRateBpm>
					</Trackpoint>
					<Trackpoint>
						<Time>2569-03-03T12:02:35Z</Time>
						<Position>
							<LatitudeDegrees>12.591466</LatitudeDegrees>
							<LongitudeDegrees>101.418027</LongitudeDegrees>
						</Position>
						<AltitudeMeters>17.280000</AltitudeMeters>
						<HeartRateBpm>
							<Value>78</Value>
						</HeartRateBpm>
					</Trackpoint>
					<Trackpoint>
						<Time>2569-03-03T12:02:36Z</Time>
						<Position>
							<LatitudeDegrees>12.591466</LatitudeDegrees>
							<LongitudeDegrees>101.418027</LongitudeDegrees>
						</Position>
						<AltitudeMeters>17.280000</AltitudeMeters>
						<HeartRateBpm>
							<Value>78</Value>
						</HeartRateBpm>
					</Trackpoint>
					<Trackpoint>
						<Time>2569-03-03T12:02:37Z</Time>
						<Position>
							<LatitudeDegrees>12.591466</LatitudeDegrees>
							<LongitudeDegrees>101.418028</LongitudeDegrees>
						</Position>
						<AltitudeMeters>17.280000</AltitudeMeters>
						<HeartRateBpm>
							<Value>79</Value>
						</HeartRateBpm>
					</Trackpoint>
					<Trackpoint>
						<Time>2569-03-03T12:02:38Z</Time>
						<Position>
							<LatitudeDegrees>12.591465</LatitudeDegrees>
							<LongitudeDegrees>101.418028</LongitudeDegrees>
						</Position>
						<AltitudeMeters>17.280000</AltitudeMeters>
						<HeartRateBpm>
							<Value>79</Value>
						</HeartRateBpm>
					</Trackpoint>
					<Trackpoint>
						<Time>2569-03-03T12:02:39Z</Time>
						<Position>
							<LatitudeDegrees>12.591465</LatitudeDegrees>
							<LongitudeDegrees>101.418028</LongitudeDegrees>
						</Position>
						<AltitudeMeters>17.280000</AltitudeMeters>
						<HeartRateBpm>
							<Value>81</Value>
						</HeartRateBpm>
					</Trackpoint>
					<Trackpoint>
						<Time>2569-03-03T12:02:40Z</Time>
						<Position>
							<LatitudeDegrees>12.591465</LatitudeDegrees>
							<LongitudeDegrees>101.418028</LongitudeDegrees>
						</Position>
						<AltitudeMeters>17.280000</AltitudeMeters>
						<HeartRateBpm>
							<Value>82</Value>
						</HeartRateBpm>
					</Trackpoint>
					<Trackpoint>
						<Time>2569-03-03T12:02:41Z</Time>
						<Position>
							<LatitudeDegrees>12.591465</LatitudeDegrees>
							<LongitudeDegrees>101.418028</LongitudeDegrees>
						</Position>
						<AltitudeMeters>17.280000</AltitudeMeters>
						<HeartRateBpm>
							<Value>81</Value>
						</HeartRateBpm>
					</Trackpoint>
					<Trackpoint>
						<Time>2569-03-03T12:02:42Z</Time>
						<Position>
							<LatitudeDegrees>12.591465</LatitudeDegrees>
							<LongitudeDegrees>101.418028</LongitudeDegrees>
						</Position>
						<AltitudeMeters>17.280000</AltitudeMeters>
						<HeartRateBpm>
							<Value>81</Value>
						</HeartRateBpm>
					</Trackpoint>
					<Trackpoint>
						<Time>2569-03-03T12:02:43Z</Time>
						<Position>
							<LatitudeDegrees>12.591465</LatitudeDegrees>
							<LongitudeDegrees>101.418028</LongitudeDegrees>
						</Position>
						<AltitudeMeters>17.280000</AltitudeMeters>
						<HeartRateBpm>
							<Value>81</Value>
						</HeartRateBpm>
					</Trackpoint>
					<Trackpoint>
						<Time>2569-03-03T12:02:44Z</Time>
						<Position>
							<LatitudeDegrees>12.591464</LatitudeDegrees>
							<LongitudeDegrees>101.418028</LongitudeDegrees>
						</Position>
						<AltitudeMeters>17.280000</AltitudeMeters>
						<HeartRateBpm>
							<Value>81</Value>
						</HeartRateBpm>
					</Trackpoint>
					<Trackpoint>
						<Time>2569-03-03T12:02:45Z</Time>
						<Position>
							<LatitudeDegrees>12.591464</LatitudeDegrees>
							<LongitudeDegrees>101.418028</LongitudeDegrees>
						</Position>
						<AltitudeMeters>17.280000</AltitudeMeters>
						<HeartRateBpm>
							<Value>82</Value>
						</HeartRateBpm>
					</Trackpoint>
					<Trackpoint>
						<Time>2569-03-03T12:02:46Z</Time>
						<Position>
							<LatitudeDegrees>12.591464</LatitudeDegrees>
							<LongitudeDegrees>101.418028</LongitudeDegrees>
						</Position>
						<AltitudeMeters>17.280000</AltitudeMeters>
						<HeartRateBpm>
							<Value>82</Value>
						</HeartRateBpm>
					</Trackpoint>
					<Trackpoint>
						<Time>2569-03-03T12:02:47Z</Time>
						<Position>
							<LatitudeDegrees>12.591463</LatitudeDegrees>
							<LongitudeDegrees>101.418028</LongitudeDegrees>
						</Position>
						<AltitudeMeters>17.280000</AltitudeMeters>
						<HeartRateBpm>
							<Value>82</Value>
						</HeartRateBpm>
					</Trackpoint>
					<Trackpoint>
						<Time>2569-03-03T12:02:48Z</Time>
						<Position>
							<LatitudeDegrees>12.591463</LatitudeDegrees>
							<LongitudeDegrees>101.418028</LongitudeDegrees>
						</Position>
						<AltitudeMeters>17.280000</AltitudeMeters>
						<HeartRateBpm>
							<Value>82</Value>
						</HeartRateBpm>
					</Trackpoint>
					<Trackpoint>
						<Time>2569-03-03T12:02:49Z</Time>
						<Position>
							<LatitudeDegrees>12.591463</LatitudeDegrees>
							<LongitudeDegrees>101.418028</LongitudeDegrees>
						</Position>
						<AltitudeMeters>17.280000</AltitudeMeters>
						<HeartRateBpm>
							<Value>83</Value>
						</HeartRateBpm>
					</Trackpoint>
					<Trackpoint>
						<Time>2569-03-03T12:02:50Z</Time>
						<Position>
							<LatitudeDegrees>12.591463</LatitudeDegrees>
							<LongitudeDegrees>101.418028</LongitudeDegrees>
						</Position>
						<AltitudeMeters>17.280000</AltitudeMeters>
						<HeartRateBpm>
							<Value>83</Value>
						</HeartRateBpm>
					</Trackpoint>
					<Trackpoint>
						<Time>2569-03-03T12:02:51Z</Time>
						<Position>
							<LatitudeDegrees>12.591463</LatitudeDegrees>
							<LongitudeDegrees>101.418028</LongitudeDegrees>
						</Position>
						<AltitudeMeters>17.280000</AltitudeMeters>
						<HeartRateBpm>
							<Value>83</Value>
						</HeartRateBpm>
					</Trackpoint>
					<Trackpoint>
						<Time>2569-03-03T12:02:52Z</Time>
						<Position>
							<LatitudeDegrees>12.591462</LatitudeDegrees>
							<LongitudeDegrees>101.418028</LongitudeDegrees>
						</Position>
						<AltitudeMeters>17.280000</AltitudeMeters>
						<HeartRateBpm>
							<Value>82</Value>
						</HeartRateBpm>
					</Trackpoint>
					<Trackpoint>
						<Time>2569-03-03T12:02:53Z</Time>
						<Position>
							<LatitudeDegrees>12.591462</LatitudeDegrees>
							<LongitudeDegrees>101.418028</LongitudeDegrees>
						</Position>
						<AltitudeMeters>17.280000</AltitudeMeters>
						<HeartRateBpm>
							<Value>81</Value>
						</HeartRateBpm>
					</Trackpoint>
					<Trackpoint>
						<Time>2569-03-03T12:02:54Z</Time>
						<Position>
							<LatitudeDegrees>12.591462</LatitudeDegrees>
							<LongitudeDegrees>101.418028</LongitudeDegrees>
						</Position>
						<AltitudeMeters>17.280000</AltitudeMeters>
						<HeartRateBpm>
							<Value>82</Value>
						</HeartRateBpm>
					</Trackpoint>
					<Trackpoint>
						<Time>2569-03-03T12:02:55Z</Time>
						<Position>
							<LatitudeDegrees>12.591462</LatitudeDegrees>
							<LongitudeDegrees>101.418028</LongitudeDegrees>
						</Position>
						<AltitudeMeters>17.280000</AltitudeMeters>
						<HeartRateBpm>
							<Value>82</Value>
						</HeartRateBpm>
					</Trackpoint>
					<Trackpoint>
						<Time>2569-03-03T12:02:56Z</Time>
						<Position>
							<LatitudeDegrees>12.591462</LatitudeDegrees>
							<LongitudeDegrees>101.418028</LongitudeDegrees>
						</Position>
						<AltitudeMeters>17.280000</AltitudeMeters>
						<HeartRateBpm>
							<Value>82</Value>
						</HeartRateBpm>
					</Trackpoint>
					<Trackpoint>
						<Time>2569-03-03T12:02:57Z</Time>
						<Position>
							<LatitudeDegrees>12.591462</LatitudeDegrees>
							<LongitudeDegrees>101.418028</LongitudeDegrees>
						</Position>
						<AltitudeMeters>17.290000</AltitudeMeters>
						<HeartRateBpm>
							<Value>82</Value>
						</HeartRateBpm>
					</Trackpoint>
					<Trackpoint>
						<Time>2569-03-03T12:02:58Z</Time>
						<Position>
							<LatitudeDegrees>12.591462</LatitudeDegrees>
							<LongitudeDegrees>101.418028</LongitudeDegrees>
						</Position>
						<AltitudeMeters>17.290000</AltitudeMeters>
						<HeartRateBpm>
							<Value>81</Value>
						</HeartRateBpm>
					</Trackpoint>
					<Trackpoint>
						<Time>2569-03-03T12:02:59Z</Time>
						<Position>
							<LatitudeDegrees>12.591462</LatitudeDegrees>
							<LongitudeDegrees>101.418028</LongitudeDegrees>
						</Position>
						<AltitudeMeters>17.290000</AltitudeMeters>
						<HeartRateBpm>
							<Value>81</Value>
						</HeartRateBpm>
					</Trackpoint>
					<Trackpoint>
						<Time>2569-03-03T12:03:00Z</Time>
						<Position>
							<LatitudeDegrees>12.591462</LatitudeDegrees>
							<LongitudeDegrees>101.418028</LongitudeDegrees>
						</Position>
						<AltitudeMeters>17.290000</AltitudeMeters>
						<HeartRateBpm>
							<Value>81</Value>
						</HeartRateBpm>
					</Trackpoint>
					<Trackpoint>
						<Time>2569-03-03T12:03:01Z</Time>
						<Position>
							<LatitudeDegrees>12.591462</LatitudeDegrees>
							<LongitudeDegrees>101.418028</LongitudeDegrees>
						</Position>
						<AltitudeMeters>17.290000</AltitudeMeters>
						<HeartRateBpm>
							<Value>81</Value>
						</HeartRateBpm>
					</Trackpoint>
					<Trackpoint>
						<Time>2569-03-03T12:03:02Z</Time>
						<Position>
							<LatitudeDegrees>12.591462</LatitudeDegrees>
							<LongitudeDegrees>101.418029</LongitudeDegrees>
						</Position>
						<AltitudeMeters>17.290000</AltitudeMeters>
						<HeartRateBpm>
							<Value>80</Value>
						</HeartRateBpm>
					</Trackpoint>
					<Trackpoint>
						<Time>2569-03-03T12:03:03Z</Time>
						<Position>
							<LatitudeDegrees>12.591462</LatitudeDegrees>
							<LongitudeDegrees>101.418029</LongitudeDegrees>
						</Position>
						<AltitudeMeters>17.290000</AltitudeMeters>
						<HeartRateBpm>
							<Value>80</Value>
						</HeartRateBpm>
					</Trackpoint>
					<Trackpoint>
						<Time>2569-03-03T12:03:04Z</Time>
						<Position>
							<LatitudeDegrees>12.591462</LatitudeDegrees>
							<LongitudeDegrees>101.418029</LongitudeDegrees>
						</Position>
						<AltitudeMeters>17.290000</AltitudeMeters>
						<HeartRateBpm>
							<Value>81</Value>
						</HeartRateBpm>
					</Trackpoint>
					<Trackpoint>
						<Time>2569-03-03T12:03:05Z</Time>
						<Position>
							<LatitudeDegrees>12.591462</LatitudeDegrees>
							<LongitudeDegrees>101.418029</LongitudeDegrees>
						</Position>
						<AltitudeMeters>17.290000</AltitudeMeters>
						<HeartRateBpm>
							<Value>81</Value>
						</HeartRateBpm>
					</Trackpoint>
					<Trackpoint>
						<Time>2569-03-03T12:03:06Z</Time>
						<Position>
							<LatitudeDegrees>12.591462</LatitudeDegrees>
							<LongitudeDegrees>101.418029</LongitudeDegrees>
						</Position>
						<AltitudeMeters>17.290000</AltitudeMeters>
						<HeartRateBpm>
							<Value>81</Value>
						</HeartRateBpm>
					</Trackpoint>
					<Trackpoint>
						<Time>2569-03-03T12:03:07Z</Time>
						<Position>
							<LatitudeDegrees>12.591462</LatitudeDegrees>
							<LongitudeDegrees>101.418029</LongitudeDegrees>
						</Position>
						<AltitudeMeters>17.290000</AltitudeMeters>
						<HeartRateBpm>
							<Value>80</Value>
						</HeartRateBpm>
					</Trackpoint>
					<Trackpoint>
						<Time>2569-03-03T12:03:08Z</Time>
						<Position>
							<LatitudeDegrees>12.591462</LatitudeDegrees>
							<LongitudeDegrees>101.418029</LongitudeDegrees>
						</Position>
						<AltitudeMeters>17.290000</AltitudeMeters>
						<HeartRateBpm>
							<Value>79</Value>
						</HeartRateBpm>
					</Trackpoint>
					<Trackpoint>
						<Time>2569-03-03T12:03:09Z</Time>
						<Position>
							<LatitudeDegrees>12.591462</LatitudeDegrees>
							<LongitudeDegrees>101.418029</LongitudeDegrees>
						</Position>
						<AltitudeMeters>17.290000</AltitudeMeters>
						<HeartRateBpm>
							<Value>78</Value>
						</HeartRateBpm>
					</Trackpoint>
					<Trackpoint>
						<Time>2569-03-03T12:03:10Z</Time>
						<Position>
							<LatitudeDegrees>12.591462</LatitudeDegrees>
							<LongitudeDegrees>101.418029</LongitudeDegrees>
						</Position>
						<AltitudeMeters>17.290000</AltitudeMeters>
						<HeartRateBpm>
							<Value>78</Value>
						</HeartRateBpm>
					</Trackpoint>
					<Trackpoint>
						<Time>2569-03-03T12:03:11Z</Time>
						<Position>
							<LatitudeDegrees>12.591462</LatitudeDegrees>
							<LongitudeDegrees>101.418029</LongitudeDegrees>
						</Position>
						<AltitudeMeters>17.290000</AltitudeMeters>
						<HeartRateBpm>
							<Value>79</Value>
						</HeartRateBpm>
					</Trackpoint>
					<Trackpoint>
						<Time>2569-03-03T12:03:12Z</Time>
						<Position>
							<LatitudeDegrees>12.591462</LatitudeDegrees>
							<LongitudeDegrees>101.418029</LongitudeDegrees>
						</Position>
						<AltitudeMeters>17.290000</AltitudeMeters>
						<HeartRateBpm>
							<Value>79</Value>
						</HeartRateBpm>
					</Trackpoint>
					<Trackpoint>
						<Time>2569-03-03T12:03:13Z</Time>
						<Position>
							<LatitudeDegrees>12.591461</LatitudeDegrees>
							<LongitudeDegrees>101.418029</LongitudeDegrees>
						</Position>
						<AltitudeMeters>17.290000</AltitudeMeters>
						<HeartRateBpm>
							<Value>79</Value>
						</HeartRateBpm>
					</Trackpoint>
					<Trackpoint>
						<Time>2569-03-03T12:03:14Z</Time>
						<Position>
							<LatitudeDegrees>12.591460</LatitudeDegrees>
							<LongitudeDegrees>101.418029</LongitudeDegrees>
						</Position>
						<AltitudeMeters>17.290000</AltitudeMeters>
						<HeartRateBpm>
							<Value>79</Value>
						</HeartRateBpm>
					</Trackpoint>
					<Trackpoint>
						<Time>2569-03-03T12:03:15Z</Time>
						<Position>
							<LatitudeDegrees>12.591460</LatitudeDegrees>
							<LongitudeDegrees>101.418029</LongitudeDegrees>
						</Position>
						<AltitudeMeters>17.290000</AltitudeMeters>
						<HeartRateBpm>
							<Value>79</Value>
						</HeartRateBpm>
					</Trackpoint>
					<Trackpoint>
						<Time>2569-03-03T12:03:16Z</Time>
						<Position>
							<LatitudeDegrees>12.591460</LatitudeDegrees>
							<LongitudeDegrees>101.418028</LongitudeDegrees>
						</Position>
						<AltitudeMeters>17.290000</AltitudeMeters>
						<HeartRateBpm>
							<Value>79</Value>
						</HeartRateBpm>
					</Trackpoint>
					<Trackpoint>
						<Time>2569-03-03T12:03:17Z</Time>
						<Position>
							<LatitudeDegrees>12.591459</LatitudeDegrees>
							<LongitudeDegrees>101.418028</LongitudeDegrees>
						</Position>
						<AltitudeMeters>17.290000</AltitudeMeters>
						<HeartRateBpm>
							<Value>80</Value>
						</HeartRateBpm>
					</Trackpoint>
					<Trackpoint>
						<Time>2569-03-03T12:03:18Z</Time>
						<Position>
							<LatitudeDegrees>12.591459</LatitudeDegrees>
							<LongitudeDegrees>101.418028</LongitudeDegrees>
						</Position>
						<AltitudeMeters>17.290000</AltitudeMeters>
						<HeartRateBpm>
							<Value>81</Value>
						</HeartRateBpm>
					</Trackpoint>
					<Trackpoint>
						<Time>2569-03-03T12:03:19Z</Time>
						<Position>
							<LatitudeDegrees>12.591458</LatitudeDegrees>
							<LongitudeDegrees>101.418027</LongitudeDegrees>
						</Position>
						<AltitudeMeters>17.300000</AltitudeMeters>
						<HeartRateBpm>
							<Value>83</Value>
						</HeartRateBpm>
					</Trackpoint>
					<Trackpoint>
						<Time>2569-03-03T12:03:20Z</Time>
						<Position>
							<LatitudeDegrees>12.591458</LatitudeDegrees>
							<LongitudeDegrees>101.418027</LongitudeDegrees>
						</Position>
						<AltitudeMeters>17.300000</AltitudeMeters>
						<HeartRateBpm>
							<Value>83</Value>
						</HeartRateBpm>
					</Trackpoint>
					<Trackpoint>
						<Time>2569-03-03T12:03:21Z</Time>
						<Position>
							<LatitudeDegrees>12.591458</LatitudeDegrees>
							<LongitudeDegrees>101.418027</LongitudeDegrees>
						</Position>
						<AltitudeMeters>17.300000</AltitudeMeters>
						<HeartRateBpm>
							<Value>84</Value>
						</HeartRateBpm>
					</Trackpoint>
					<Trackpoint>
						<Time>2569-03-03T12:03:22Z</Time>
						<Position>
							<LatitudeDegrees>12.591457</LatitudeDegrees>
							<LongitudeDegrees>101.418026</LongitudeDegrees>
						</Position>
						<AltitudeMeters>17.300000</AltitudeMeters>
						<HeartRateBpm>
							<Value>83</Value>
						</HeartRateBpm>
					</Trackpoint>
					<Trackpoint>
						<Time>2569-03-03T12:03:23Z</Time>
						<Position>
							<LatitudeDegrees>12.591457</LatitudeDegrees>
							<LongitudeDegrees>101.418026</LongitudeDegrees>
						</Position>
						<AltitudeMeters>17.300000</AltitudeMeters>
						<HeartRateBpm>
							<Value>83</Value>
						</HeartRateBpm>
					</Trackpoint>
					<Trackpoint>
						<Time>2569-03-03T12:03:24Z</Time>
						<Position>
							<LatitudeDegrees>12.591456</LatitudeDegrees>
							<LongitudeDegrees>101.418026</LongitudeDegrees>
						</Position>
						<AltitudeMeters>17.300000</AltitudeMeters>
						<HeartRateBpm>
							<Value>83</Value>
						</HeartRateBpm>
					</Trackpoint>
					<Trackpoint>
						<Time>2569-03-03T12:03:25Z</Time>
						<Position>
							<LatitudeDegrees>12.591456</LatitudeDegrees>
							<LongitudeDegrees>101.418026</LongitudeDegrees>
						</Position>
						<AltitudeMeters>17.300000</AltitudeMeters>
						<HeartRateBpm>
							<Value>83</Value>
						</HeartRateBpm>
					</Trackpoint>
					<Trackpoint>
						<Time>2569-03-03T12:03:26Z</Time>
						<Position>
							<LatitudeDegrees>12.591455</LatitudeDegrees>
							<LongitudeDegrees>101.418025</LongitudeDegrees>
						</Position>
						<AltitudeMeters>17.300000</AltitudeMeters>
						<HeartRateBpm>
							<Value>84</Value>
						</HeartRateBpm>
					</Trackpoint>
					<Trackpoint>
						<Time>2569-03-03T12:03:27Z</Time>
						<Position>
							<LatitudeDegrees>12.591454</LatitudeDegrees>
							<LongitudeDegrees>101.418025</LongitudeDegrees>
						</Position>
						<AltitudeMeters>17.300000</AltitudeMeters>
						<HeartRateBpm>
							<Value>84</Value>
						</HeartRateBpm>
					</Trackpoint>
					<Trackpoint>
						<Time>2569-03-03T12:03:28Z</Time>
						<Position>
							<LatitudeDegrees>12.591454</LatitudeDegrees>
							<LongitudeDegrees>101.418025</LongitudeDegrees>
						</Position>
						<AltitudeMeters>17.300000</AltitudeMeters>
						<HeartRateBpm>
							<Value>83</Value>
						</HeartRateBpm>
					</Trackpoint>
					<Trackpoint>
						<Time>2569-03-03T12:03:29Z</Time>
						<Position>
							<LatitudeDegrees>12.591454</LatitudeDegrees>
							<LongitudeDegrees>101.418025</LongitudeDegrees>
						</Position>
						<AltitudeMeters>17.300000</AltitudeMeters>
						<HeartRateBpm>
							<Value>83</Value>
						</HeartRateBpm>
					</Trackpoint>
					<Trackpoint>
						<Time>2569-03-03T12:03:30Z</Time>
						<Position>
							<LatitudeDegrees>12.591453</LatitudeDegrees>
							<LongitudeDegrees>101.418025</LongitudeDegrees>
						</Position>
						<AltitudeMeters>17.300000</AltitudeMeters>
						<HeartRateBpm>
							<Value>82</Value>
						</HeartRateBpm>
					</Trackpoint>
					<Trackpoint>
						<Time>2569-03-03T12:03:31Z</Time>
						<Position>
							<LatitudeDegrees>12.591453</LatitudeDegrees>
							<LongitudeDegrees>101.418025</LongitudeDegrees>
						</Position>
						<AltitudeMeters>17.300000</AltitudeMeters>
						<HeartRateBpm>
							<Value>81</Value>
						</HeartRateBpm>
					</Trackpoint>
					<Trackpoint>
						<Time>2569-03-03T12:03:32Z</Time>
						<Position>
							<LatitudeDegrees>12.591453</LatitudeDegrees>
							<LongitudeDegrees>101.418025</LongitudeDegrees>
						</Position>
						<AltitudeMeters>17.300000</AltitudeMeters>
						<HeartRateBpm>
							<Value>81</Value>
						</HeartRateBpm>
					</Trackpoint>
					<Trackpoint>
						<Time>2569-03-03T12:03:33Z</Time>
						<Position>
							<LatitudeDegrees>12.591452</LatitudeDegrees>
							<LongitudeDegrees>101.418025</LongitudeDegrees>
						</Position>
						<AltitudeMeters>17.300000</AltitudeMeters>
						<HeartRateBpm>
							<Value>81</Value>
						</HeartRateBpm>
					</Trackpoint>
					<Trackpoint>
						<Time>2569-03-03T12:03:34Z</Time>
						<Position>
							<LatitudeDegrees>12.591452</LatitudeDegrees>
							<LongitudeDegrees>101.418025</LongitudeDegrees>
						</Position>
						<AltitudeMeters>17.300000</AltitudeMeters>
						<HeartRateBpm>
							<Value>82</Value>
						</HeartRateBpm>
					</Trackpoint>
					<Trackpoint>
						<Time>2569-03-03T12:03:35Z</Time>
						<Position>
							<LatitudeDegrees>12.591452</LatitudeDegrees>
							<LongitudeDegrees>101.418025</LongitudeDegrees>
						</Position>
						<AltitudeMeters>17.300000</AltitudeMeters>
						<HeartRateBpm>
							<Value>83</Value>
						</HeartRateBpm>
					</Trackpoint>
					<Trackpoint>
						<Time>2569-03-03T12:03:36Z</Time>
						<Position>
							<LatitudeDegrees>12.591452</LatitudeDegrees>
							<LongitudeDegrees>101.418025</LongitudeDegrees>
						</Position>
						<AltitudeMeters>17.300000</AltitudeMeters>
						<HeartRateBpm>
							<Value>83</Value>
						</HeartRateBpm>
					</Trackpoint>
					<Trackpoint>
						<Time>2569-03-03T12:03:37Z</Time>
						<Position>
							<LatitudeDegrees>12.591452</LatitudeDegrees>
							<LongitudeDegrees>101.418025</LongitudeDegrees>
						</Position>
						<AltitudeMeters>17.300000</AltitudeMeters>
						<HeartRateBpm>
							<Value>83</Value>
						</HeartRateBpm>
					</Trackpoint>
					<Trackpoint>
						<Time>2569-03-03T12:03:38Z</Time>
						<Position>
							<LatitudeDegrees>12.591452</LatitudeDegrees>
							<LongitudeDegrees>101.418025</LongitudeDegrees>
						</Position>
						<AltitudeMeters>17.300000</AltitudeMeters>
						<HeartRateBpm>
							<Value>83</Value>
						</HeartRateBpm>
					</Trackpoint>
					<Trackpoint>
						<Time>2569-03-03T12:03:39Z</Time>
						<Position>
							<LatitudeDegrees>12.591452</LatitudeDegrees>
							<LongitudeDegrees>101.418025</LongitudeDegrees>
						</Position>
						<AltitudeMeters>17.310000</AltitudeMeters>
						<HeartRateBpm>
							<Value>83</Value>
						</HeartRateBpm>
					</Trackpoint>
					<Trackpoint>
						<Time>2569-03-03T12:03:40Z</Time>
						<Position>
							<LatitudeDegrees>12.591452</LatitudeDegrees>
							<LongitudeDegrees>101.418025</LongitudeDegrees>
						</Position>
						<AltitudeMeters>17.310000</AltitudeMeters>
						<HeartRateBpm>
							<Value>83</Value>
						</HeartRateBpm>
					</Trackpoint>
					<Trackpoint>
						<Time>2569-03-03T12:03:41Z</Time>
						<Position>
							<LatitudeDegrees>12.591452</LatitudeDegrees>
							<LongitudeDegrees>101.418025</LongitudeDegrees>
						</Position>
						<AltitudeMeters>17.310000</AltitudeMeters>
						<HeartRateBpm>
							<Value>83</Value>
						</HeartRateBpm>
					</Trackpoint>
					<Trackpoint>
						<Time>2569-03-03T12:03:42Z</Time>
						<Position>
							<LatitudeDegrees>12.591452</LatitudeDegrees>
							<LongitudeDegrees>101.418025</LongitudeDegrees>
						</Position>
						<AltitudeMeters>17.310000</AltitudeMeters>
						<HeartRateBpm>
							<Value>82</Value>
						</HeartRateBpm>
					</Trackpoint>
					<Trackpoint>
						<Time>2569-03-03T12:03:43Z</Time>
						<Position>
							<LatitudeDegrees>12.591452</LatitudeDegrees>
							<LongitudeDegrees>101.418025</LongitudeDegrees>
						</Position>
						<AltitudeMeters>17.310000</AltitudeMeters>
						<HeartRateBpm>
							<Value>82</Value>
						</HeartRateBpm>
					</Trackpoint>
					<Trackpoint>
						<Time>2569-03-03T12:03:44Z</Time>
						<Position>
							<LatitudeDegrees>12.591452</LatitudeDegrees>
							<LongitudeDegrees>101.418025</LongitudeDegrees>
						</Position>
						<AltitudeMeters>17.310000</AltitudeMeters>
						<HeartRateBpm>
							<Value>82</Value>
						</HeartRateBpm>
					</Trackpoint>
					<Trackpoint>
						<Time>2569-03-03T12:03:45Z</Time>
						<Position>
							<LatitudeDegrees>12.591452</LatitudeDegrees>
							<LongitudeDegrees>101.418025</LongitudeDegrees>
						</Position>
						<AltitudeMeters>17.310000</AltitudeMeters>
						<HeartRateBpm>
							<Value>82</Value>
						</HeartRateBpm>
					</Trackpoint>
					<Trackpoint>
						<Time>2569-03-03T12:03:46Z</Time>
						<Position>
							<LatitudeDegrees>12.591452</LatitudeDegrees>
							<LongitudeDegrees>101.418025</LongitudeDegrees>
						</Position>
						<AltitudeMeters>17.310000</AltitudeMeters>
						<HeartRateBpm>
							<Value>82</Value>
						</HeartRateBpm>
					</Trackpoint>
					<Trackpoint>
						<Time>2569-03-03T12:03:47Z</Time>
						<Position>
							<LatitudeDegrees>12.591452</LatitudeDegrees>
							<LongitudeDegrees>101.418025</LongitudeDegrees>
						</Position>
						<AltitudeMeters>17.310000</AltitudeMeters>
						<HeartRateBpm>
							<Value>81</Value>
						</HeartRateBpm>
					</Trackpoint>
					<Trackpoint>
						<Time>2569-03-03T12:03:48Z</Time>
						<Position>
							<LatitudeDegrees>12.591452</LatitudeDegrees>
							<LongitudeDegrees>101.418025</LongitudeDegrees>
						</Position>
						<AltitudeMeters>17.310000</AltitudeMeters>
						<HeartRateBpm>
							<Value>81</Value>
						</HeartRateBpm>
					</Trackpoint>
					<Trackpoint>
						<Time>2569-03-03T12:03:49Z</Time>
						<Position>
							<LatitudeDegrees>12.591452</LatitudeDegrees>
							<LongitudeDegrees>101.418025</LongitudeDegrees>
						</Position>
						<AltitudeMeters>17.310000</AltitudeMeters>
						<HeartRateBpm>
							<Value>81</Value>
						</HeartRateBpm>
					</Trackpoint>
					<Trackpoint>
						<Time>2569-03-03T12:03:50Z</Time>
						<Position>
							<LatitudeDegrees>12.591452</LatitudeDegrees>
							<LongitudeDegrees>101.418025</LongitudeDegrees>
						</Position>
						<AltitudeMeters>17.310000</AltitudeMeters>
						<HeartRateBpm>
							<Value>81</Value>
						</HeartRateBpm>
					</Trackpoint>
					<Trackpoint>
						<Time>2569-03-03T12:03:51Z</Time>
						<Position>
							<LatitudeDegrees>12.591452</LatitudeDegrees>
							<LongitudeDegrees>101.418025</LongitudeDegrees>
						</Position>
						<AltitudeMeters>17.310000</AltitudeMeters>
						<HeartRateBpm>
							<Value>81</Value>
						</HeartRateBpm>
					</Trackpoint>
					<Trackpoint>
						<Time>2569-03-03T12:03:52Z</Time>
						<Position>
							<LatitudeDegrees>12.591452</LatitudeDegrees>
							<LongitudeDegrees>101.418025</LongitudeDegrees>
						</Position>
						<AltitudeMeters>17.310000</AltitudeMeters>
						<HeartRateBpm>
							<Value>81</Value>
						</HeartRateBpm>
					</Trackpoint>
					<Trackpoint>
						<Time>2569-03-03T12:03:53Z</Time>
						<Position>
							<LatitudeDegrees>12.591452</LatitudeDegrees>
							<LongitudeDegrees>101.418025</LongitudeDegrees>
						</Position>
						<AltitudeMeters>17.310000</AltitudeMeters>
						<HeartRateBpm>
							<Value>82</Value>
						</HeartRateBpm>
					</Trackpoint>
					<Trackpoint>
						<Time>2569-03-03T12:03:54Z</Time>
						<Position>
							<LatitudeDegrees>12.591452</LatitudeDegrees>
							<LongitudeDegrees>101.418025</LongitudeDegrees>
						</Position>
						<AltitudeMeters>17.310000</AltitudeMeters>
						<HeartRateBpm>
							<Value>83</Value>
						</HeartRateBpm>
					</Trackpoint>
					<Trackpoint>
						<Time>2569-03-03T12:03:55Z</Time>
						<Position>
							<LatitudeDegrees>12.591452</LatitudeDegrees>
							<LongitudeDegrees>101.418025</LongitudeDegrees>
						</Position>
						<AltitudeMeters>17.310000</AltitudeMeters>
						<HeartRateBpm>
							<Value>85</Value>
						</HeartRateBpm>
					</Trackpoint>
					<Trackpoint>
						<Time>2569-03-03T12:03:56Z</Time>
						<Position>
							<LatitudeDegrees>12.591452</LatitudeDegrees>
							<LongitudeDegrees>101.418025</LongitudeDegrees>
						</Position>
						<AltitudeMeters>17.310000</AltitudeMeters>
						<HeartRateBpm>
							<Value>84</Value>
						</HeartRateBpm>
					</Trackpoint>
					<Trackpoint>
						<Time>2569-03-03T12:03:57Z</Time>
						<Position>
							<LatitudeDegrees>12.591451</LatitudeDegrees>
							<LongitudeDegrees>101.418024</LongitudeDegrees>
						</Position>
						<AltitudeMeters>17.310000</AltitudeMeters>
						<HeartRateBpm>
							<Value>84</Value>
						</HeartRateBpm>
					</Trackpoint>
					<Trackpoint>
						<Time>2569-03-03T12:03:58Z</Time>
						<Position>
							<LatitudeDegrees>12.591450</LatitudeDegrees>
							<LongitudeDegrees>101.418023</LongitudeDegrees>
						</Position>
						<AltitudeMeters>17.310000</AltitudeMeters>
						<HeartRateBpm>
							<Value>84</Value>
						</HeartRateBpm>
					</Trackpoint>
					<Trackpoint>
						<Time>2569-03-03T12:03:59Z</Time>
						<Position>
							<LatitudeDegrees>12.591450</LatitudeDegrees>
							<LongitudeDegrees>101.418023</LongitudeDegrees>
						</Position>
						<AltitudeMeters>17.310000</AltitudeMeters>
						<HeartRateBpm>
							<Value>85</Value>
						</HeartRateBpm>
					</Trackpoint>
					<Trackpoint>
						<Time>2569-03-03T12:04:00Z</Time>
						<Position>
							<LatitudeDegrees>12.591450</LatitudeDegrees>
							<LongitudeDegrees>101.418023</LongitudeDegrees>
						</Position>
						<AltitudeMeters>17.310000</AltitudeMeters>
						<HeartRateBpm>
							<Value>85</Value>
						</HeartRateBpm>
					</Trackpoint>
					<Trackpoint>
						<Time>2569-03-03T12:04:01Z</Time>
						<Position>
							<LatitudeDegrees>12.591450</LatitudeDegrees>
							<LongitudeDegrees>101.418023</LongitudeDegrees>
						</Position>
						<AltitudeMeters>17.310000</AltitudeMeters>
						<HeartRateBpm>
							<Value>85</Value>
						</HeartRateBpm>
					</Trackpoint>
					<Trackpoint>
						<Time>2569-03-03T12:04:02Z</Time>
						<Position>
							<LatitudeDegrees>12.591450</LatitudeDegrees>
							<LongitudeDegrees>101.418023</LongitudeDegrees>
						</Position>
						<AltitudeMeters>17.320000</AltitudeMeters>
						<HeartRateBpm>
							<Value>85</Value>
						</HeartRateBpm>
					</Trackpoint>
					<Trackpoint>
						<Time>2569-03-03T12:04:03Z</Time>
						<Position>
							<LatitudeDegrees>12.591450</LatitudeDegrees>
							<LongitudeDegrees>101.418023</LongitudeDegrees>
						</Position>
						<AltitudeMeters>17.320000</AltitudeMeters>
						<HeartRateBpm>
							<Value>86</Value>
						</HeartRateBpm>
					</Trackpoint>
					<Trackpoint>
						<Time>2569-03-03T12:04:04Z</Time>
						<Position>
							<LatitudeDegrees>12.591450</LatitudeDegrees>
							<LongitudeDegrees>101.418023</LongitudeDegrees>
						</Position>
						<AltitudeMeters>17.320000</AltitudeMeters>
						<HeartRateBpm>
							<Value>86</Value>
						</HeartRateBpm>
					</Trackpoint>
					<Trackpoint>
						<Time>2569-03-03T12:04:05Z</Time>
						<Position>
							<LatitudeDegrees>12.591450</LatitudeDegrees>
							<LongitudeDegrees>101.418023</LongitudeDegrees>
						</Position>
						<AltitudeMeters>17.320000</AltitudeMeters>
						<HeartRateBpm>
							<Value>87</Value>
						</HeartRateBpm>
					</Trackpoint>
					<Trackpoint>
						<Time>2569-03-03T12:04:06Z</Time>
						<Position>
							<LatitudeDegrees>12.591450</LatitudeDegrees>
							<LongitudeDegrees>101.418023</LongitudeDegrees>
						</Position>
						<AltitudeMeters>17.320000</AltitudeMeters>
						<HeartRateBpm>
							<Value>88</Value>
						</HeartRateBpm>
					</Trackpoint>
					<Trackpoint>
						<Time>2569-03-03T12:04:07Z</Time>
						<Position>
							<LatitudeDegrees>12.591449</LatitudeDegrees>
							<LongitudeDegrees>101.418023</LongitudeDegrees>
						</Position>
						<AltitudeMeters>17.320000</AltitudeMeters>
						<HeartRateBpm>
							<Value>89</Value>
						</HeartRateBpm>
					</Trackpoint>
					<Trackpoint>
						<Time>2569-03-03T12:04:08Z</Time>
						<Position>
							<LatitudeDegrees>12.591449</LatitudeDegrees>
							<LongitudeDegrees>101.418022</LongitudeDegrees>
						</Position>
						<AltitudeMeters>17.320000</AltitudeMeters>
						<HeartRateBpm>
							<Value>90</Value>
						</HeartRateBpm>
					</Trackpoint>
					<Trackpoint>
						<Time>2569-03-03T12:04:09Z</Time>
						<Position>
							<LatitudeDegrees>12.591449</LatitudeDegrees>
							<LongitudeDegrees>101.418022</LongitudeDegrees>
						</Position>
						<AltitudeMeters>17.320000</AltitudeMeters>
						<HeartRateBpm>
							<Value>90</Value>
						</HeartRateBpm>
					</Trackpoint>
					<Trackpoint>
						<Time>2569-03-03T12:04:10Z</Time>
						<Position>
							<LatitudeDegrees>12.591448</LatitudeDegrees>
							<LongitudeDegrees>101.418021</LongitudeDegrees>
						</Position>
						<AltitudeMeters>17.320000</AltitudeMeters>
						<HeartRateBpm>
							<Value>89</Value>
						</HeartRateBpm>
					</Trackpoint>
					<Trackpoint>
						<Time>2569-03-03T12:04:11Z</Time>
						<Position>
							<LatitudeDegrees>12.591448</LatitudeDegrees>
							<LongitudeDegrees>101.418021</LongitudeDegrees>
						</Position>
						<AltitudeMeters>17.320000</AltitudeMeters>
						<HeartRateBpm>
							<Value>87</Value>
						</HeartRateBpm>
					</Trackpoint>
					<Trackpoint>
						<Time>2569-03-03T12:04:12Z</Time>
						<Position>
							<LatitudeDegrees>12.591448</LatitudeDegrees>
							<LongitudeDegrees>101.418020</LongitudeDegrees>
						</Position>
						<AltitudeMeters>17.320000</AltitudeMeters>
						<HeartRateBpm>
							<Value>86</Value>
						</HeartRateBpm>
					</Trackpoint>
					<Trackpoint>
						<Time>2569-03-03T12:04:13Z</Time>
						<Position>
							<LatitudeDegrees>12.591448</LatitudeDegrees>
							<LongitudeDegrees>101.418020</LongitudeDegrees>
						</Position>
						<AltitudeMeters>17.320000</AltitudeMeters>
						<HeartRateBpm>
							<Value>86</Value>
						</HeartRateBpm>
					</Trackpoint>
					<Trackpoint>
						<Time>2569-03-03T12:04:14Z</Time>
						<Position>
							<LatitudeDegrees>12.591449</LatitudeDegrees>
							<LongitudeDegrees>101.418020</LongitudeDegrees>
						</Position>
						<AltitudeMeters>17.320000</AltitudeMeters>
						<HeartRateBpm>
							<Value>87</Value>
						</HeartRateBpm>
					</Trackpoint>
					<Trackpoint>
						<Time>2569-03-03T12:04:15Z</Time>
						<Position>
							<LatitudeDegrees>12.591449</LatitudeDegrees>
							<LongitudeDegrees>101.418020</LongitudeDegrees>
						</Position>
						<AltitudeMeters>17.320000</AltitudeMeters>
						<HeartRateBpm>
							<Value>88</Value>
						</HeartRateBpm>
					</Trackpoint>
					<Trackpoint>
						<Time>2569-03-03T12:04:16Z</Time>
						<Position>
							<LatitudeDegrees>12.591449</LatitudeDegrees>
							<LongitudeDegrees>101.418020</LongitudeDegrees>
						</Position>
						<AltitudeMeters>17.320000</AltitudeMeters>
						<HeartRateBpm>
							<Value>89</Value>
						</HeartRateBpm>
					</Trackpoint>
					<Trackpoint>
						<Time>2569-03-03T12:04:17Z</Time>
						<Position>
							<LatitudeDegrees>12.591450</LatitudeDegrees>
							<LongitudeDegrees>101.418020</LongitudeDegrees>
						</Position>
						<AltitudeMeters>17.320000</AltitudeMeters>
						<HeartRateBpm>
							<Value>88</Value>
						</HeartRateBpm>
					</Trackpoint>
					<Trackpoint>
						<Time>2569-03-03T12:04:18Z</Time>
						<Position>
							<LatitudeDegrees>12.591450</LatitudeDegrees>
							<LongitudeDegrees>101.418020</LongitudeDegrees>
						</Position>
						<AltitudeMeters>17.320000</AltitudeMeters>
						<HeartRateBpm>
							<Value>87</Value>
						</HeartRateBpm>
					</Trackpoint>
					<Trackpoint>
						<Time>2569-03-03T12:04:19Z</Time>
						<Position>
							<LatitudeDegrees>12.591450</LatitudeDegrees>
							<LongitudeDegrees>101.418020</LongitudeDegrees>
						</Position>
						<AltitudeMeters>17.320000</AltitudeMeters>
						<HeartRateBpm>
							<Value>88</Value>
						</HeartRateBpm>
					</Trackpoint>
					<Trackpoint>
						<Time>2569-03-03T12:04:20Z</Time>
						<Position>
							<LatitudeDegrees>12.591451</LatitudeDegrees>
							<LongitudeDegrees>101.418020</LongitudeDegrees>
						</Position>
						<AltitudeMeters>17.320000</AltitudeMeters>
						<HeartRateBpm>
							<Value>87</Value>
						</HeartRateBpm>
					</Trackpoint>
					<Trackpoint>
						<Time>2569-03-03T12:04:21Z</Time>
						<Position>
							<LatitudeDegrees>12.591451</LatitudeDegrees>
							<LongitudeDegrees>101.418020</LongitudeDegrees>
						</Position>
						<AltitudeMeters>17.320000</AltitudeMeters>
						<HeartRateBpm>
							<Value>86</Value>
						</HeartRateBpm>
					</Trackpoint>
					<Trackpoint>
						<Time>2569-03-03T12:04:22Z</Time>
						<Position>
							<LatitudeDegrees>12.591451</LatitudeDegrees>
							<LongitudeDegrees>101.418019</LongitudeDegrees>
						</Position>
						<AltitudeMeters>17.320000</AltitudeMeters>
						<HeartRateBpm>
							<Value>86</Value>
						</HeartRateBpm>
					</Trackpoint>
					<Trackpoint>
						<Time>2569-03-03T12:04:23Z</Time>
						<Position>
							<LatitudeDegrees>12.591451</LatitudeDegrees>
							<LongitudeDegrees>101.418016</LongitudeDegrees>
						</Position>
						<AltitudeMeters>17.320000</AltitudeMeters>
						<HeartRateBpm>
							<Value>86</Value>
						</HeartRateBpm>
					</Trackpoint>
					<Trackpoint>
						<Time>2569-03-03T12:04:24Z</Time>
						<Position>
							<LatitudeDegrees>12.591452</LatitudeDegrees>
							<LongitudeDegrees>101.418011</LongitudeDegrees>
						</Position>
						<AltitudeMeters>17.320000</AltitudeMeters>
						<HeartRateBpm>
							<Value>87</Value>
						</HeartRateBpm>
					</Trackpoint>
					<Trackpoint>
						<Time>2569-03-03T12:04:25Z</Time>
						<Position>
							<LatitudeDegrees>12.591453</LatitudeDegrees>
							<LongitudeDegrees>101.418005</LongitudeDegrees>
						</Position>
						<AltitudeMeters>17.320000</AltitudeMeters>
						<HeartRateBpm>
							<Value>85</Value>
						</HeartRateBpm>
					</Trackpoint>
					<Trackpoint>
						<Time>2569-03-03T12:04:26Z</Time>
						<Position>
							<LatitudeDegrees>12.591453</LatitudeDegrees>
							<LongitudeDegrees>101.417998</LongitudeDegrees>
						</Position>
						<AltitudeMeters>17.320000</AltitudeMeters>
						<HeartRateBpm>
							<Value>84</Value>
						</HeartRateBpm>
					</Trackpoint>
					<Trackpoint>
						<Time>2569-03-03T12:04:27Z</Time>
						<Position>
							<LatitudeDegrees>12.591453</LatitudeDegrees>
							<LongitudeDegrees>101.417990</LongitudeDegrees>
						</Position>
						<AltitudeMeters>17.320000</AltitudeMeters>
						<HeartRateBpm>
							<Value>84</Value>
						</HeartRateBpm>
					</Trackpoint>
					<Trackpoint>
						<Time>2569-03-03T12:04:28Z</Time>
						<Position>
							<LatitudeDegrees>12.591452</LatitudeDegrees>
							<LongitudeDegrees>101.417982</LongitudeDegrees>
						</Position>
						<AltitudeMeters>17.320000</AltitudeMeters>
						<HeartRateBpm>
							<Value>85</Value>
						</HeartRateBpm>
					</Trackpoint>
					<Trackpoint>
						<Time>2569-03-03T12:04:29Z</Time>
						<Position>
							<LatitudeDegrees>12.591451</LatitudeDegrees>
							<LongitudeDegrees>101.417974</LongitudeDegrees>
						</Position>
						<AltitudeMeters>17.320000</AltitudeMeters>
						<HeartRateBpm>
							<Value>84</Value>
						</HeartRateBpm>
					</Trackpoint>
					<Trackpoint>
						<Time>2569-03-03T12:04:30Z</Time>
						<Position>
							<LatitudeDegrees>12.591451</LatitudeDegrees>
							<LongitudeDegrees>101.417968</LongitudeDegrees>
						</Position>
						<AltitudeMeters>17.320000</AltitudeMeters>
						<HeartRateBpm>
							<Value>84</Value>
						</HeartRateBpm>
						<Extensions>
							<ns3:TPX>
								<ns3:Speed>0.703730</ns3:Speed>
							</ns3:TPX>
						</Extensions>
					</Trackpoint>
					<Trackpoint>
						<Time>2569-03-03T12:04:31Z</Time>
						<Position>
							<LatitudeDegrees>12.591450</LatitudeDegrees>
							<LongitudeDegrees>101.417963</LongitudeDegrees>
						</Position>
						<AltitudeMeters>17.320000</AltitudeMeters>
						<HeartRateBpm>
							<Value>84</Value>
						</HeartRateBpm>
						<Extensions>
							<ns3:TPX>
								<ns3:Speed>0.763360</ns3:Speed>
							</ns3:TPX>
						</Extensions>
					</Trackpoint>
					<Trackpoint>
						<Time>2569-03-03T12:04:32Z</Time>
						<Position>
							<LatitudeDegrees>12.591449</LatitudeDegrees>
							<LongitudeDegrees>101.417957</LongitudeDegrees>
						</Position>
						<AltitudeMeters>17.320000</AltitudeMeters>
						<HeartRateBpm>
							<Value>83</Value>
						</HeartRateBpm>
						<Extensions>
							<ns3:TPX>
								<ns3:Speed>0.794910</ns3:Speed>
							</ns3:TPX>
						</Extensions>
					</Trackpoint>
					<Trackpoint>
						<Time>2569-03-03T12:04:33Z</Time>
						<Position>
							<LatitudeDegrees>12.591449</LatitudeDegrees>
							<LongitudeDegrees>101.417954</LongitudeDegrees>
						</Position>
						<AltitudeMeters>17.320000</AltitudeMeters>
						<HeartRateBpm>
							<Value>83</Value>
						</HeartRateBpm>
						<Extensions>
							<ns3:TPX>
								<ns3:Speed>0.797450</ns3:Speed>
							</ns3:TPX>
						</Extensions>
					</Trackpoint>
					<Trackpoint>
						<Time>2569-03-03T12:04:34Z</Time>
						<Position>
							<LatitudeDegrees>12.591447</LatitudeDegrees>
							<LongitudeDegrees>101.417951</LongitudeDegrees>
						</Position>
						<AltitudeMeters>17.320000</AltitudeMeters>
						<HeartRateBpm>
							<Value>84</Value>
						</HeartRateBpm>
						<Extensions>
							<ns3:TPX>
								<ns3:Speed>0.774590</ns3:Speed>
							</ns3:TPX>
						</Extensions>
					</Trackpoint>
					<Trackpoint>
						<Time>2569-03-03T12:04:35Z</Time>
						<Position>
							<LatitudeDegrees>12.591443</LatitudeDegrees>
							<LongitudeDegrees>101.417952</LongitudeDegrees>
						</Position>
						<AltitudeMeters>17.320000</AltitudeMeters>
						<HeartRateBpm>
							<Value>82</Value>
						</HeartRateBpm>
						<Extensions>
							<ns3:TPX>
								<ns3:Speed>0.732600</ns3:Speed>
							</ns3:TPX>
						</Extensions>
					</Trackpoint>
					<Trackpoint>
						<Time>2569-03-03T12:04:36Z</Time>
						<Position>
							<LatitudeDegrees>12.591435</LatitudeDegrees>
							<LongitudeDegrees>101.417954</LongitudeDegrees>
						</Position>
						<AltitudeMeters>17.320000</AltitudeMeters>
						<HeartRateBpm>
							<Value>82</Value>
						</HeartRateBpm>
						<Extensions>
							<ns3:TPX>
								<ns3:Speed>0.686810</ns3:Speed>
							</ns3:TPX>
						</Extensions>
					</Trackpoint>
					<Trackpoint>
						<Time>2569-03-03T12:04:37Z</Time>
						<Position>
							<LatitudeDegrees>12.591424</LatitudeDegrees>
							<LongitudeDegrees>101.417959</LongitudeDegrees>
						</Position>
						<AltitudeMeters>17.320000</AltitudeMeters>
						<HeartRateBpm>
							<Value>83</Value>
						</HeartRateBpm>
						<Extensions>
							<ns3:TPX>
								<ns3:Speed>0.664010</ns3:Speed>
							</ns3:TPX>
						</Extensions>
					</Trackpoint>
					<Trackpoint>
						<Time>2569-03-03T12:04:38Z</Time>
						<Position>
							<LatitudeDegrees>12.591409</LatitudeDegrees>
							<LongitudeDegrees>101.417966</LongitudeDegrees>
						</Position>
						<AltitudeMeters>17.320000</AltitudeMeters>
						<HeartRateBpm>
							<Value>82</Value>
						</HeartRateBpm>
						<Extensions>
							<ns3:TPX>
								<ns3:Speed>0.664010</ns3:Speed>
							</ns3:TPX>
						</Extensions>
					</Trackpoint>
					<Trackpoint>
						<Time>2569-03-03T12:04:39Z</Time>
						<Position>
							<LatitudeDegrees>12.591393</LatitudeDegrees>
							<LongitudeDegrees>101.417976</LongitudeDegrees>
						</Position>
						<AltitudeMeters>17.320000</AltitudeMeters>
						<HeartRateBpm>
							<Value>80</Value>
						</HeartRateBpm>
						<Extensions>
							<ns3:TPX>
								<ns3:Speed>0.874130</ns3:Speed>
							</ns3:TPX>
						</Extensions>
					</Trackpoint>
					<Trackpoint>
						<Time>2569-03-03T12:04:40Z</Time>
						<Position>
							<LatitudeDegrees>12.591374</LatitudeDegrees>
							<LongitudeDegrees>101.417986</LongitudeDegrees>
						</Position>
						<AltitudeMeters>17.320000</AltitudeMeters>
						<HeartRateBpm>
							<Value>80</Value>
						</HeartRateBpm>
						<Cadence>39</Cadence>
						<Extensions>
							<ns3:TPX>
								<ns3:Speed>1.317520</ns3:Speed>
							</ns3:TPX>
						</Extensions>
					</Trackpoint>
					<Trackpoint>
						<Time>2569-03-03T12:04:41Z</Time>
						<Position>
							<LatitudeDegrees>12.591355</LatitudeDegrees>
							<LongitudeDegrees>101.417997</LongitudeDegrees>
						</Position>
						<AltitudeMeters>17.320000</AltitudeMeters>
						<HeartRateBpm>
							<Value>81</Value>
						</HeartRateBpm>
						<Cadence>38</Cadence>
						<Extensions>
							<ns3:TPX>
								<ns3:Speed>1.776200</ns3:Speed>
							</ns3:TPX>
						</Extensions>
					</Trackpoint>
					<Trackpoint>
						<Time>2569-03-03T12:04:42Z</Time>
						<Position>
							<LatitudeDegrees>12.591335</LatitudeDegrees>
							<LongitudeDegrees>101.418008</LongitudeDegrees>
						</Position>
						<AltitudeMeters>17.320000</AltitudeMeters>
						<HeartRateBpm>
							<Value>81</Value>
						</HeartRateBpm>
						<Cadence>36</Cadence>
						<Extensions>
							<ns3:TPX>
								<ns3:Speed>1.976280</ns3:Speed>
							</ns3:TPX>
						</Extensions>
					</Trackpoint>
					<Trackpoint>
						<Time>2569-03-03T12:04:43Z</Time>
						<Position>
							<LatitudeDegrees>12.591317</LatitudeDegrees>
							<LongitudeDegrees>101.418019</LongitudeDegrees>
						</Position>
						<AltitudeMeters>17.310000</AltitudeMeters>
						<HeartRateBpm>
							<Value>80</Value>
						</HeartRateBpm>
						<Cadence>36</Cadence>
						<Extensions>
							<ns3:TPX>
								<ns3:Speed>2.053390</ns3:Speed>
							</ns3:TPX>
						</Extensions>
					</Trackpoint>
					<Trackpoint>
						<Time>2569-03-03T12:04:44Z</Time>
						<Position>
							<LatitudeDegrees>12.591300</LatitudeDegrees>
							<LongitudeDegrees>101.418029</LongitudeDegrees>
						</Position>
						<AltitudeMeters>17.340000</AltitudeMeters>
						<HeartRateBpm>
							<Value>80</Value>
						</HeartRateBpm>
						<Cadence>36</Cadence>
						<Extensions>
							<ns3:TPX>
								<ns3:Speed>2.192980</ns3:Speed>
							</ns3:TPX>
						</Extensions>
					</Trackpoint>
					<Trackpoint>
						<Time>2569-03-03T12:04:45Z</Time>
						<Position>
							<LatitudeDegrees>12.591285</LatitudeDegrees>
							<LongitudeDegrees>101.418039</LongitudeDegrees>
						</Position>
						<AltitudeMeters>17.390000</AltitudeMeters>
						<HeartRateBpm>
							<Value>80</Value>
						</HeartRateBpm>
						<Cadence>71</Cadence>
						<Extensions>
							<ns3:TPX>
								<ns3:Speed>2.227170</ns3:Speed>
							</ns3:TPX>
						</Extensions>
					</Trackpoint>
					<Trackpoint>
						<Time>2569-03-03T12:04:46Z</Time>
						<Position>
							<LatitudeDegrees>12.591269</LatitudeDegrees>
							<LongitudeDegrees>101.418047</LongitudeDegrees>
						</Position>
						<AltitudeMeters>17.390000</AltitudeMeters>
						<HeartRateBpm>
							<Value>79</Value>
						</HeartRateBpm>
						<Cadence>67</Cadence>
						<Extensions>
							<ns3:TPX>
								<ns3:Speed>2.227170</ns3:Speed>
							</ns3:TPX>
						</Extensions>
					</Trackpoint>
					<Trackpoint>
						<Time>2569-03-03T12:04:47Z</Time>
						<Position>
							<LatitudeDegrees>12.591254</LatitudeDegrees>
							<LongitudeDegrees>101.418054</LongitudeDegrees>
						</Position>
						<AltitudeMeters>17.390000</AltitudeMeters>
						<HeartRateBpm>
							<Value>79</Value>
						</HeartRateBpm>
						<Cadence>67</Cadence>
						<Extensions>
							<ns3:TPX>
								<ns3:Speed>2.227170</ns3:Speed>
							</ns3:TPX>
						</Extensions>
					</Trackpoint>
					<Trackpoint>
						<Time>2569-03-03T12:04:48Z</Time>
						<Position>
							<LatitudeDegrees>12.591238</LatitudeDegrees>
							<LongitudeDegrees>101.418059</LongitudeDegrees>
						</Position>
						<AltitudeMeters>17.390000</AltitudeMeters>
						<HeartRateBpm>
							<Value>78</Value>
						</HeartRateBpm>
						<Cadence>68</Cadence>
						<Extensions>
							<ns3:TPX>
								<ns3:Speed>2.173910</ns3:Speed>
							</ns3:TPX>
						</Extensions>
					</Trackpoint>
					<Trackpoint>
						<Time>2569-03-03T12:04:49Z</Time>
						<Position>
							<LatitudeDegrees>12.591222</LatitudeDegrees>
							<LongitudeDegrees>101.418062</LongitudeDegrees>
						</Position>
						<AltitudeMeters>17.390000</AltitudeMeters>
						<HeartRateBpm>
							<Value>78</Value>
						</HeartRateBpm>
						<Cadence>69</Cadence>
						<Extensions>
							<ns3:TPX>
								<ns3:Speed>2.105260</ns3:Speed>
							</ns3:TPX>
						</Extensions>
					</Trackpoint>
					<Trackpoint>
						<Time>2569-03-03T12:04:50Z</Time>
						<Position>
							<LatitudeDegrees>12.591207</LatitudeDegrees>
							<LongitudeDegrees>101.418063</LongitudeDegrees>
						</Position>
						<AltitudeMeters>17.390000</AltitudeMeters>
						<HeartRateBpm>
							<Value>80</Value>
						</HeartRateBpm>
						<Cadence>69</Cadence>
						<Extensions>
							<ns3:TPX>
								<ns3:Speed>2.053390</ns3:Speed>
							</ns3:TPX>
						</Extensions>
					</Trackpoint>
					<Trackpoint>
						<Time>2569-03-03T12:04:51Z</Time>
						<Position>
							<LatitudeDegrees>12.591193</LatitudeDegrees>
							<LongitudeDegrees>101.418062</LongitudeDegrees>
						</Position>
						<AltitudeMeters>17.390000</AltitudeMeters>
						<HeartRateBpm>
							<Value>80</Value>
						</HeartRateBpm>
						<Cadence>69</Cadence>
						<Extensions>
							<ns3:TPX>
								<ns3:Speed>2.000000</ns3:Speed>
							</ns3:TPX>
						</Extensions>
					</Trackpoint>
					<Trackpoint>
						<Time>2569-03-03T12:04:52Z</Time>
						<Position>
							<LatitudeDegrees>12.591179</LatitudeDegrees>
							<LongitudeDegrees>101.418059</LongitudeDegrees>
						</Position>
						<AltitudeMeters>17.380000</AltitudeMeters>
						<HeartRateBpm>
							<Value>80</Value>
						</HeartRateBpm>
						<Cadence>64</Cadence>
						<Extensions>
							<ns3:TPX>
								<ns3:Speed>1.953120</ns3:Speed>
							</ns3:TPX>
						</Extensions>
					</Trackpoint>
					<Trackpoint>
						<Time>2569-03-03T12:04:53Z</Time>
						<Position>
							<LatitudeDegrees>12.591165</LatitudeDegrees>
							<LongitudeDegrees>101.418055</LongitudeDegrees>
						</Position>
						<AltitudeMeters>17.360000</AltitudeMeters>
						<HeartRateBpm>
							<Value>81</Value>
						</HeartRateBpm>
						<Cadence>66</Cadence>
						<Extensions>
							<ns3:TPX>
								<ns3:Speed>1.897530</ns3:Speed>
							</ns3:TPX>
						</Extensions>
					</Trackpoint>
					<Trackpoint>
						<Time>2569-03-03T12:04:54Z</Time>
						<Position>
							<LatitudeDegrees>12.591150</LatitudeDegrees>
							<LongitudeDegrees>101.418049</LongitudeDegrees>
						</Position>
						<AltitudeMeters>17.320000</AltitudeMeters>
						<HeartRateBpm>
							<Value>80</Value>
						</HeartRateBpm>
						<Cadence>66</Cadence>
						<Extensions>
							<ns3:TPX>
								<ns3:Speed>1.828150</ns3:Speed>
							</ns3:TPX>
						</Extensions>
					</Trackpoint>
					<Trackpoint>
						<Time>2569-03-03T12:04:55Z</Time>
						<Position>
							<LatitudeDegrees>12.591135</LatitudeDegrees>
							<LongitudeDegrees>101.418042</LongitudeDegrees>
						</Position>
						<AltitudeMeters>17.270000</AltitudeMeters>
						<HeartRateBpm>
							<Value>79</Value>
						</HeartRateBpm>
						<Cadence>66</Cadence>
						<Extensions>
							<ns3:TPX>
								<ns3:Speed>1.795330</ns3:Speed>
							</ns3:TPX>
						</Extensions>
					</Trackpoint>
					<Trackpoint>
						<Time>2569-03-03T12:04:56Z</Time>
						<Position>
							<LatitudeDegrees>12.591119</LatitudeDegrees>
							<LongitudeDegrees>101.418035</LongitudeDegrees>
						</Position>
						<AltitudeMeters>17.250000</AltitudeMeters>
						<HeartRateBpm>
							<Value>81</Value>
						</HeartRateBpm>
						<Cadence>61</Cadence>
						<Extensions>
							<ns3:TPX>
								<ns3:Speed>1.795330</ns3:Speed>
							</ns3:TPX>
						</Extensions>
					</Trackpoint>
					<Trackpoint>
						<Time>2569-03-03T12:04:57Z</Time>
						<Position>
							<LatitudeDegrees>12.591105</LatitudeDegrees>
							<LongitudeDegrees>101.418027</LongitudeDegrees>
						</Position>
						<AltitudeMeters>17.200000</AltitudeMeters>
						<HeartRateBpm>
							<Value>80</Value>
						</HeartRateBpm>
						<Extensions>
							<ns3:TPX>
								<ns3:Speed>1.785710</ns3:Speed>
							</ns3:TPX>
						</Extensions>
					</Trackpoint>
					<Trackpoint>
						<Time>2569-03-03T12:04:58Z</Time>
						<Position>
							<LatitudeDegrees>12.591093</LatitudeDegrees>
							<LongitudeDegrees>101.418017</LongitudeDegrees>
						</Position>
						<AltitudeMeters>17.180000</AltitudeMeters>
						<HeartRateBpm>
							<Value>80</Value>
						</HeartRateBpm>
						<Extensions>
							<ns3:TPX>
								<ns3:Speed>1.776200</ns3:Speed>
							</ns3:TPX>
						</Extensions>
					</Trackpoint>
					<Trackpoint>
						<Time>2569-03-03T12:04:59Z</Time>
						<Position>
							<LatitudeDegrees>12.591082</LatitudeDegrees>
							<LongitudeDegrees>101.418005</LongitudeDegrees>
						</Position>
						<AltitudeMeters>17.130000</AltitudeMeters>
						<HeartRateBpm>
							<Value>81</Value>
						</HeartRateBpm>
						<Extensions>
							<ns3:TPX>
								<ns3:Speed>1.769910</ns3:Speed>
							</ns3:TPX>
						</Extensions>
					</Trackpoint>
					<Trackpoint>
						<Time>2569-03-03T12:05:00Z</Time>
						<Position>
							<LatitudeDegrees>12.591073</LatitudeDegrees>
							<LongitudeDegrees>101.417993</LongitudeDegrees>
						</Position>
						<AltitudeMeters>17.020000</AltitudeMeters>
						<HeartRateBpm>
							<Value>82</Value>
						</HeartRateBpm>
						<Extensions>
							<ns3:TPX>
								<ns3:Speed>1.805050</ns3:Speed>
							</ns3:TPX>
						</Extensions>
					</Trackpoint>
					<Trackpoint>
						<Time>2569-03-03T12:05:01Z</Time>
						<Position>
							<LatitudeDegrees>12.591067</LatitudeDegrees>
							<LongitudeDegrees>101.417980</LongitudeDegrees>
						</Position>
						<AltitudeMeters>17.020000</AltitudeMeters>
						<HeartRateBpm>
							<Value>81</Value>
						</HeartRateBpm>
					</Trackpoint>
					<Trackpoint>
						<Time>2569-03-03T12:05:02Z</Time>
						<Position>
							<LatitudeDegrees>12.591063</LatitudeDegrees>
							<LongitudeDegrees>101.417968</LongitudeDegrees>
						</Position>
						<AltitudeMeters>16.930000</AltitudeMeters>
						<HeartRateBpm>
							<Value>82</Value>
						</HeartRateBpm>
						<Extensions>
							<ns3:TPX>
								<ns3:Speed>1.785710</ns3:Speed>
							</ns3:TPX>
						</Extensions>
					</Trackpoint>
					<Trackpoint>
						<Time>2569-03-03T12:05:03Z</Time>
						<Position>
							<LatitudeDegrees>12.591060</LatitudeDegrees>
							<LongitudeDegrees>101.417958</LongitudeDegrees>
						</Position>
						<AltitudeMeters>16.830000</AltitudeMeters>
						<HeartRateBpm>
							<Value>81</Value>
						</HeartRateBpm>
						<Extensions>
							<ns3:TPX>
								<ns3:Speed>1.730100</ns3:Speed>
							</ns3:TPX>
						</Extensions>
					</Trackpoint>
					<Trackpoint>
						<Time>2569-03-03T12:05:04Z</Time>
						<Position>
							<LatitudeDegrees>12.591058</LatitudeDegrees>
							<LongitudeDegrees>101.417949</LongitudeDegrees>
						</Position>
						<AltitudeMeters>16.450000</AltitudeMeters>
						<HeartRateBpm>
							<Value>81</Value>
						</HeartRateBpm>
						<Extensions>
							<ns3:TPX>
								<ns3:Speed>1.545600</ns3:Speed>
							</ns3:TPX>
						</Extensions>
					</Trackpoint>
					<Trackpoint>
						<Time>2569-03-03T12:05:05Z</Time>
						<Position>
							<LatitudeDegrees>12.591057</LatitudeDegrees>
							<LongitudeDegrees>101.417936</LongitudeDegrees>
						</Position>
						<AltitudeMeters>16.450000</AltitudeMeters>
						<HeartRateBpm>
							<Value>81</Value>
						</HeartRateBpm>
					</Trackpoint>
					<Trackpoint>
						<Time>2569-03-03T12:05:06Z</Time>
						<Position>
							<LatitudeDegrees>12.591060</LatitudeDegrees>
							<LongitudeDegrees>101.417922</LongitudeDegrees>
						</Position>
						<AltitudeMeters>16.360000</AltitudeMeters>
						<HeartRateBpm>
							<Value>82</Value>
						</HeartRateBpm>
						<Extensions>
							<ns3:TPX>
								<ns3:Speed>1.410440</ns3:Speed>
							</ns3:TPX>
						</Extensions>
					</Trackpoint>
					<Trackpoint>
						<Time>2569-03-03T12:05:07Z</Time>
						<Position>
							<LatitudeDegrees>12.591065</LatitudeDegrees>
							<LongitudeDegrees>101.417906</LongitudeDegrees>
						</Position>
						<AltitudeMeters>16.340000</AltitudeMeters>
						<HeartRateBpm>
							<Value>81</Value>
						</HeartRateBpm>
						<Extensions>
							<ns3:TPX>
								<ns3:Speed>1.335110</ns3:Speed>
							</ns3:TPX>
						</Extensions>
					</Trackpoint>
					<Trackpoint>
						<Time>2569-03-03T12:05:08Z</Time>
						<Position>
							<LatitudeDegrees>12.591075</LatitudeDegrees>
							<LongitudeDegrees>101.417889</LongitudeDegrees>
						</Position>
						<AltitudeMeters>16.320000</AltitudeMeters>
						<HeartRateBpm>
							<Value>81</Value>
						</HeartRateBpm>
						<Extensions>
							<ns3:TPX>
								<ns3:Speed>1.335110</ns3:Speed>
							</ns3:TPX>
						</Extensions>
					</Trackpoint>
					<Trackpoint>
						<Time>2569-03-03T12:05:09Z</Time>
						<Position>
							<LatitudeDegrees>12.591090</LatitudeDegrees>
							<LongitudeDegrees>101.417873</LongitudeDegrees>
						</Position>
						<AltitudeMeters>16.240000</AltitudeMeters>
						<HeartRateBpm>
							<Value>81</Value>
						</HeartRateBpm>
						<Extensions>
							<ns3:TPX>
								<ns3:Speed>1.199040</ns3:Speed>
							</ns3:TPX>
						</Extensions>
					</Trackpoint>
					<Trackpoint>
						<Time>2569-03-03T12:05:10Z</Time>
						<Position>
							<LatitudeDegrees>12.591116</LatitudeDegrees>
							<LongitudeDegrees>101.417855</LongitudeDegrees>
						</Position>
						<AltitudeMeters>16.230000</AltitudeMeters>
						<HeartRateBpm>
							<Value>81</Value>
						</HeartRateBpm>
						<Extensions>
							<ns3:TPX>
								<ns3:Speed>1.005030</ns3:Speed>
							</ns3:TPX>
						</Extensions>
					</Trackpoint>
					<Trackpoint>
						<Time>2569-03-03T12:05:11Z</Time>
						<Position>
							<LatitudeDegrees>12.591150</LatitudeDegrees>
							<LongitudeDegrees>101.417838</LongitudeDegrees>
						</Position>
						<AltitudeMeters>16.090000</AltitudeMeters>
						<HeartRateBpm>
							<Value>82</Value>
						</HeartRateBpm>
						<Extensions>
							<ns3:TPX>
								<ns3:Speed>0.958770</ns3:Speed>
							</ns3:TPX>
						</Extensions>
					</Trackpoint>
					<Trackpoint>
						<Time>2569-03-03T12:05:12Z</Time>
						<Position>
							<LatitudeDegrees>12.591191</LatitudeDegrees>
							<LongitudeDegrees>101.417820</LongitudeDegrees>
						</Position>
						<AltitudeMeters>15.900000</AltitudeMeters>
						<HeartRateBpm>
							<Value>83</Value>
						</HeartRateBpm>
						<Extensions>
							<ns3:TPX>
								<ns3:Speed>1.472750</ns3:Speed>
							</ns3:TPX>
						</Extensions>
					</Trackpoint>
					<Trackpoint>
						<Time>2569-03-03T12:05:13Z</Time>
						<Position>
							<LatitudeDegrees>12.591236</LatitudeDegrees>
							<LongitudeDegrees>101.417802</LongitudeDegrees>
						</Position>
						<AltitudeMeters>15.700000</AltitudeMeters>
						<HeartRateBpm>
							<Value>83</Value>
						</HeartRateBpm>
						<Extensions>
							<ns3:TPX>
								<ns3:Speed>2.439020</ns3:Speed>
							</ns3:TPX>
						</Extensions>
					</Trackpoint>
					<Trackpoint>
						<Time>2569-03-03T12:05:14Z</Time>
						<Position>
							<LatitudeDegrees>12.591282</LatitudeDegrees>
							<LongitudeDegrees>101.417784</LongitudeDegrees>
						</Position>
						<AltitudeMeters>15.520000</AltitudeMeters>
						<HeartRateBpm>
							<Value>84</Value>
						</HeartRateBpm>
						<Extensions>
							<ns3:TPX>
								<ns3:Speed>3.496500</ns3:Speed>
							</ns3:TPX>
						</Extensions>
					</Trackpoint>
					<Trackpoint>
						<Time>2569-03-03T12:05:15Z</Time>
						<Position>
							<LatitudeDegrees>12.591330</LatitudeDegrees>
							<LongitudeDegrees>101.417767</LongitudeDegrees>
						</Position>
						<AltitudeMeters>15.330000</AltitudeMeters>
						<HeartRateBpm>
							<Value>83</Value>
						</HeartRateBpm>
						<Extensions>
							<ns3:TPX>
								<ns3:Speed>4.504500</ns3:Speed>
							</ns3:TPX>
						</Extensions>
					</Trackpoint>
					<Trackpoint>
						<Time>2569-03-03T12:05:16Z</Time>
						<Position>
							<LatitudeDegrees>12.591378</LatitudeDegrees>
							<LongitudeDegrees>101.417752</LongitudeDegrees>
						</Position>
						<AltitudeMeters>15.250000</AltitudeMeters>
						<HeartRateBpm>
							<Value>82</Value>
						</HeartRateBpm>
						<Extensions>
							<ns3:TPX>
								<ns3:Speed>5.154640</ns3:Speed>
							</ns3:TPX>
						</Extensions>
					</Trackpoint>
					<Trackpoint>
						<Time>2569-03-03T12:05:17Z</Time>
						<Position>
							<LatitudeDegrees>12.591426</LatitudeDegrees>
							<LongitudeDegrees>101.417736</LongitudeDegrees>
						</Position>
						<AltitudeMeters>15.200000</AltitudeMeters>
						<HeartRateBpm>
							<Value>81</Value>
						</HeartRateBpm>
						<Extensions>
							<ns3:TPX>
								<ns3:Speed>5.494510</ns3:Speed>
							</ns3:TPX>
						</Extensions>
					</Trackpoint>
					<Trackpoint>
						<Time>2569-03-03T12:05:18Z</Time>
						<Position>
							<LatitudeDegrees>12.591475</LatitudeDegrees>
							<LongitudeDegrees>101.417720</LongitudeDegrees>
						</Position>
						<AltitudeMeters>15.180000</AltitudeMeters>
						<HeartRateBpm>
							<Value>80</Value>
						</HeartRateBpm>
						<Extensions>
							<ns3:TPX>
								<ns3:Speed>5.586590</ns3:Speed>
							</ns3:TPX>
						</Extensions>
					</Trackpoint>
					<Trackpoint>
						<Time>2569-03-03T12:05:19Z</Time>
						<Position>
							<LatitudeDegrees>12.591523</LatitudeDegrees>
							<LongitudeDegrees>101.417700</LongitudeDegrees>
						</Position>
						<AltitudeMeters>15.170000</AltitudeMeters>
						<HeartRateBpm>
							<Value>80</Value>
						</HeartRateBpm>
						<Extensions>
							<ns3:TPX>
								<ns3:Speed>5.586590</ns3:Speed>
							</ns3:TPX>
						</Extensions>
					</Trackpoint>
					<Trackpoint>
						<Time>2569-03-03T12:05:20Z</Time>
						<Position>
							<LatitudeDegrees>12.591573</LatitudeDegrees>
							<LongitudeDegrees>101.417680</LongitudeDegrees>
						</Position>
						<AltitudeMeters>15.170000</AltitudeMeters>
						<HeartRateBpm>
							<Value>81</Value>
						</HeartRateBpm>
						<Extensions>
							<ns3:TPX>
								<ns3:Speed>5.555560</ns3:Speed>
							</ns3:TPX>
						</Extensions>
					</Trackpoint>
					<Trackpoint>
						<Time>2569-03-03T12:05:21Z</Time>
						<Position>
							<LatitudeDegrees>12.591622</LatitudeDegrees>
							<LongitudeDegrees>101.417659</LongitudeDegrees>
						</Position>
						<AltitudeMeters>15.180000</AltitudeMeters>
						<HeartRateBpm>
							<Value>81</Value>
						</HeartRateBpm>
						<Extensions>
							<ns3:TPX>
								<ns3:Speed>5.617980</ns3:Speed>
							</ns3:TPX>
						</Extensions>
					</Trackpoint>
					<Trackpoint>
						<Time>2569-03-03T12:05:22Z</Time>
						<Position>
							<LatitudeDegrees>12.591673</LatitudeDegrees>
							<LongitudeDegrees>101.417634</LongitudeDegrees>
						</Position>
						<AltitudeMeters>15.190000</AltitudeMeters>
						<HeartRateBpm>
							<Value>82</Value>
						</HeartRateBpm>
						<Extensions>
							<ns3:TPX>
								<ns3:Speed>5.681820</ns3:Speed>
							</ns3:TPX>
						</Extensions>
					</Trackpoint>
					<Trackpoint>
						<Time>2569-03-03T12:05:23Z</Time>
						<Position>
							<LatitudeDegrees>12.591728</LatitudeDegrees>
							<LongitudeDegrees>101.417607</LongitudeDegrees>
						</Position>
						<AltitudeMeters>15.200000</AltitudeMeters>
						<HeartRateBpm>
							<Value>82</Value>
						</HeartRateBpm>
						<Extensions>
							<ns3:TPX>
								<ns3:Speed>5.747130</ns3:Speed>
							</ns3:TPX>
						</Extensions>
					</Trackpoint>
					<Trackpoint>
						<Time>2569-03-03T12:05:24Z</Time>
						<Position>
							<LatitudeDegrees>12.591786</LatitudeDegrees>
							<LongitudeDegrees>101.417579</LongitudeDegrees>
						</Position>
						<AltitudeMeters>15.210000</AltitudeMeters>
						<HeartRateBpm>
							<Value>81</Value>
						</HeartRateBpm>
						<Extensions>
							<ns3:TPX>
								<ns3:Speed>5.813950</ns3:Speed>
							</ns3:TPX>
						</Extensions>
					</Trackpoint>
					<Trackpoint>
						<Time>2569-03-03T12:05:25Z</Time>
						<Position>
							<LatitudeDegrees>12.591847</LatitudeDegrees>
							<LongitudeDegrees>101.417551</LongitudeDegrees>
						</Position>
						<AltitudeMeters>15.230000</AltitudeMeters>
						<HeartRateBpm>
							<Value>80</Value>
						</HeartRateBpm>
						<Extensions>
							<ns3:TPX>
								<ns3:Speed>5.882350</ns3:Speed>
							</ns3:TPX>
						</Extensions>
					</Trackpoint>
					<Trackpoint>
						<Time>2569-03-03T12:05:26Z</Time>
						<Position>
							<LatitudeDegrees>12.591907</LatitudeDegrees>
							<LongitudeDegrees>101.417526</LongitudeDegrees>
						</Position>
						<AltitudeMeters>15.250000</AltitudeMeters>
						<HeartRateBpm>
							<Value>80</Value>
						</HeartRateBpm>
						<Extensions>
							<ns3:TPX>
								<ns3:Speed>6.134970</ns3:Speed>
							</ns3:TPX>
						</Extensions>
					</Trackpoint>
					<Trackpoint>
						<Time>2569-03-03T12:05:27Z</Time>
						<Position>
							<LatitudeDegrees>12.591968</LatitudeDegrees>
							<LongitudeDegrees>101.417497</LongitudeDegrees>
						</Position>
						<AltitudeMeters>15.270000</AltitudeMeters>
						<HeartRateBpm>
							<Value>80</Value>
						</HeartRateBpm>
						<Extensions>
							<ns3:TPX>
								<ns3:Speed>6.535950</ns3:Speed>
							</ns3:TPX>
						</Extensions>
					</Trackpoint>
					<Trackpoint>
						<Time>2569-03-03T12:05:28Z</Time>
						<Position>
							<LatitudeDegrees>12.592030</LatitudeDegrees>
							<LongitudeDegrees>101.417465</LongitudeDegrees>
						</Position>
						<AltitudeMeters>15.290000</AltitudeMeters>
						<HeartRateBpm>
							<Value>81</Value>
						</HeartRateBpm>
						<Extensions>
							<ns3:TPX>
								<ns3:Speed>6.944440</ns3:Speed>
							</ns3:TPX>
						</Extensions>
					</Trackpoint>
					<Trackpoint>
						<Time>2569-03-03T12:05:29Z</Time>
						<Position>
							<LatitudeDegrees>12.592093</LatitudeDegrees>
							<LongitudeDegrees>101.417430</LongitudeDegrees>
						</Position>
						<AltitudeMeters>15.330000</AltitudeMeters>
						<HeartRateBpm>
							<Value>82</Value>
						</HeartRateBpm>
						<Extensions>
							<ns3:TPX>
								<ns3:Speed>7.246380</ns3:Speed>
							</ns3:TPX>
						</Extensions>
					</Trackpoint>
					<Trackpoint>
						<Time>2569-03-03T12:05:30Z</Time>
						<Position>
							<LatitudeDegrees>12.592156</LatitudeDegrees>
							<LongitudeDegrees>101.417393</LongitudeDegrees>
						</Position>
						<AltitudeMeters>15.370000</AltitudeMeters>
						<HeartRateBpm>
							<Value>82</Value>
						</HeartRateBpm>
						<Extensions>
							<ns3:TPX>
								<ns3:Speed>7.407410</ns3:Speed>
							</ns3:TPX>
						</Extensions>
					</Trackpoint>
					<Trackpoint>
						<Time>2569-03-03T12:05:31Z</Time>
						<Position>
							<LatitudeDegrees>12.592220</LatitudeDegrees>
							<LongitudeDegrees>101.417356</LongitudeDegrees>
						</Position>
						<AltitudeMeters>15.400000</AltitudeMeters>
						<HeartRateBpm>
							<Value>82</Value>
						</HeartRateBpm>
						<Extensions>
							<ns3:TPX>
								<ns3:Speed>7.575760</ns3:Speed>
							</ns3:TPX>
						</Extensions>
					</Trackpoint>
					<Trackpoint>
						<Time>2569-03-03T12:05:32Z</Time>
						<Position>
							<LatitudeDegrees>12.592282</LatitudeDegrees>
							<LongitudeDegrees>101.417315</LongitudeDegrees>
						</Position>
						<AltitudeMeters>15.420000</AltitudeMeters>
						<HeartRateBpm>
							<Value>82</Value>
						</HeartRateBpm>
						<Extensions>
							<ns3:TPX>
								<ns3:Speed>7.812500</ns3:Speed>
							</ns3:TPX>
						</Extensions>
					</Trackpoint>
					<Trackpoint>
						<Time>2569-03-03T12:05:33Z</Time>
						<Position>
							<LatitudeDegrees>12.592344</LatitudeDegrees>
							<LongitudeDegrees>101.417276</LongitudeDegrees>
						</Position>
						<AltitudeMeters>15.430000</AltitudeMeters>
						<HeartRateBpm>
							<Value>81</Value>
						</HeartRateBpm>
						<Extensions>
							<ns3:TPX>
								<ns3:Speed>8.000000</ns3:Speed>
							</ns3:TPX>
						</Extensions>
					</Trackpoint>
					<Trackpoint>
						<Time>2569-03-03T12:05:34Z</Time>
						<Position>
							<LatitudeDegrees>12.592407</LatitudeDegrees>
							<LongitudeDegrees>101.417237</LongitudeDegrees>
						</Position>
						<AltitudeMeters>15.420000</AltitudeMeters>
						<HeartRateBpm>
							<Value>80</Value>
						</HeartRateBpm>
						<Extensions>
							<ns3:TPX>
								<ns3:Speed>8.130080</ns3:Speed>
							</ns3:TPX>
						</Extensions>
					</Trackpoint>
					<Trackpoint>
						<Time>2569-03-03T12:05:35Z</Time>
						<Position>
							<LatitudeDegrees>12.592470</LatitudeDegrees>
							<LongitudeDegrees>101.417197</LongitudeDegrees>
						</Position>
						<AltitudeMeters>15.400000</AltitudeMeters>
						<HeartRateBpm>
							<Value>79</Value>
						</HeartRateBpm>
						<Extensions>
							<ns3:TPX>
								<ns3:Speed>8.130080</ns3:Speed>
							</ns3:TPX>
						</Extensions>
					</Trackpoint>
					<Trackpoint>
						<Time>2569-03-03T12:05:36Z</Time>
						<Position>
							<LatitudeDegrees>12.592533</LatitudeDegrees>
							<LongitudeDegrees>101.417159</LongitudeDegrees>
						</Position>
						<AltitudeMeters>15.350000</AltitudeMeters>
						<HeartRateBpm>
							<Value>79</Value>
						</HeartRateBpm>
						<Extensions>
							<ns3:TPX>
								<ns3:Speed>8.064520</ns3:Speed>
							</ns3:TPX>
						</Extensions>
					</Trackpoint>
					<Trackpoint>
						<Time>2569-03-03T12:05:37Z</Time>
						<Position>
							<LatitudeDegrees>12.592601</LatitudeDegrees>
							<LongitudeDegrees>101.417126</LongitudeDegrees>
						</Position>
						<AltitudeMeters>15.280000</AltitudeMeters>
						<HeartRateBpm>
							<Value>80</Value>
						</HeartRateBpm>
						<Extensions>
							<ns3:TPX>
								<ns3:Speed>8.064520</ns3:Speed>
							</ns3:TPX>
						</Extensions>
					</Trackpoint>
					<Trackpoint>
						<Time>2569-03-03T12:05:38Z</Time>
						<Position>
							<LatitudeDegrees>12.592671</LatitudeDegrees>
							<LongitudeDegrees>101.417102</LongitudeDegrees>
						</Position>
						<AltitudeMeters>15.180000</AltitudeMeters>
						<HeartRateBpm>
							<Value>80</Value>
						</HeartRateBpm>
						<Extensions>
							<ns3:TPX>
								<ns3:Speed>8.130080</ns3:Speed>
							</ns3:TPX>
						</Extensions>
					</Trackpoint>
					<Trackpoint>
						<Time>2569-03-03T12:05:39Z</Time>
						<Position>
							<LatitudeDegrees>12.592745</LatitudeDegrees>
							<LongitudeDegrees>101.417090</LongitudeDegrees>
						</Position>
						<AltitudeMeters>15.060000</AltitudeMeters>
						<HeartRateBpm>
							<Value>80</Value>
						</HeartRateBpm>
						<Extensions>
							<ns3:TPX>
								<ns3:Speed>8.130080</ns3:Speed>
							</ns3:TPX>
						</Extensions>
					</Trackpoint>
					<Trackpoint>
						<Time>2569-03-03T12:05:40Z</Time>
						<Position>
							<LatitudeDegrees>12.592823</LatitudeDegrees>
							<LongitudeDegrees>101.417090</LongitudeDegrees>
						</Position>
						<AltitudeMeters>14.870000</AltitudeMeters>
						<HeartRateBpm>
							<Value>81</Value>
						</HeartRateBpm>
						<Extensions>
							<ns3:TPX>
								<ns3:Speed>8.130080</ns3:Speed>
							</ns3:TPX>
						</Extensions>
					</Trackpoint>
					<Trackpoint>
						<Time>2569-03-03T12:05:41Z</Time>
						<Position>
							<LatitudeDegrees>12.592904</LatitudeDegrees>
							<LongitudeDegrees>101.417101</LongitudeDegrees>
						</Position>
						<AltitudeMeters>14.870000</AltitudeMeters>
						<HeartRateBpm>
							<Value>82</Value>
						</HeartRateBpm>
						<Extensions>
							<ns3:TPX>
								<ns3:Speed>8.130080</ns3:Speed>
							</ns3:TPX>
						</Extensions>
					</Trackpoint>
					<Trackpoint>
						<Time>2569-03-03T12:05:42Z</Time>
						<Position>
							<LatitudeDegrees>12.592985</LatitudeDegrees>
							<LongitudeDegrees>101.417124</LongitudeDegrees>
						</Position>
						<AltitudeMeters>14.400000</AltitudeMeters>
						<HeartRateBpm>
							<Value>83</Value>
						</HeartRateBpm>
						<Extensions>
							<ns3:TPX>
								<ns3:Speed>8.130080</ns3:Speed>
							</ns3:TPX>
						</Extensions>
					</Trackpoint>
					<Trackpoint>
						<Time>2569-03-03T12:05:43Z</Time>
						<Position>
							<LatitudeDegrees>12.593065</LatitudeDegrees>
							<LongitudeDegrees>101.417158</LongitudeDegrees>
						</Position>
						<AltitudeMeters>14.400000</AltitudeMeters>
						<HeartRateBpm>
							<Value>83</Value>
						</HeartRateBpm>
					</Trackpoint>
					<Trackpoint>
						<Time>2569-03-03T12:05:44Z</Time>
						<Position>
							<LatitudeDegrees>12.593141</LatitudeDegrees>
							<LongitudeDegrees>101.417198</LongitudeDegrees>
						</Position>
						<AltitudeMeters>14.040000</AltitudeMeters>
						<HeartRateBpm>
							<Value>84</Value>
						</HeartRateBpm>
						<Extensions>
							<ns3:TPX>
								<ns3:Speed>8.196720</ns3:Speed>
							</ns3:TPX>
						</Extensions>
					</Trackpoint>
					<Trackpoint>
						<Time>2569-03-03T12:05:45Z</Time>
						<Position>
							<LatitudeDegrees>12.593211</LatitudeDegrees>
							<LongitudeDegrees>101.417236</LongitudeDegrees>
						</Position>
						<AltitudeMeters>13.630000</AltitudeMeters>
						<HeartRateBpm>
							<Value>83</Value>
						</HeartRateBpm>
						<Extensions>
							<ns3:TPX>
								<ns3:Speed>8.771930</ns3:Speed>
							</ns3:TPX>
						</Extensions>
					</Trackpoint>
					<Trackpoint>
						<Time>2569-03-03T12:05:46Z</Time>
						<Position>
							<LatitudeDegrees>12.593276</LatitudeDegrees>
							<LongitudeDegrees>101.417273</LongitudeDegrees>
						</Position>
						<AltitudeMeters>13.180000</AltitudeMeters>
						<HeartRateBpm>
							<Value>83</Value>
						</HeartRateBpm>
						<Extensions>
							<ns3:TPX>
								<ns3:Speed>9.433960</ns3:Speed>
							</ns3:TPX>
						</Extensions>
					</Trackpoint>
					<Trackpoint>
						<Time>2569-03-03T12:05:47Z</Time>
						<Position>
							<LatitudeDegrees>12.593336</LatitudeDegrees>
							<LongitudeDegrees>101.417309</LongitudeDegrees>
						</Position>
						<AltitudeMeters>12.500000</AltitudeMeters>
						<HeartRateBpm>
							<Value>83</Value>
						</HeartRateBpm>
						<Extensions>
							<ns3:TPX>
								<ns3:Speed>9.174310</ns3:Speed>
							</ns3:TPX>
						</Extensions>
					</Trackpoint>
					<Trackpoint>
						<Time>2569-03-03T12:05:48Z</Time>
						<Position>
							<LatitudeDegrees>12.593393</LatitudeDegrees>
							<LongitudeDegrees>101.417342</LongitudeDegrees>
						</Position>
						<AltitudeMeters>12.020000</AltitudeMeters>
						<HeartRateBpm>
							<Value>82</Value>
						</HeartRateBpm>
						<Extensions>
							<ns3:TPX>
								<ns3:Speed>9.009010</ns3:Speed>
							</ns3:TPX>
						</Extensions>
					</Trackpoint>
					<Trackpoint>
						<Time>2569-03-03T12:05:49Z</Time>
						<Position>
							<LatitudeDegrees>12.593447</LatitudeDegrees>
							<LongitudeDegrees>101.417371</LongitudeDegrees>
						</Position>
						<AltitudeMeters>11.790000</AltitudeMeters>
						<HeartRateBpm>
							<Value>82</Value>
						</HeartRateBpm>
						<Extensions>
							<ns3:TPX>
								<ns3:Speed>8.771930</ns3:Speed>
							</ns3:TPX>
						</Extensions>
					</Trackpoint>
					<Trackpoint>
						<Time>2569-03-03T12:05:50Z</Time>
						<Position>
							<LatitudeDegrees>12.593499</LatitudeDegrees>
							<LongitudeDegrees>101.417392</LongitudeDegrees>
						</Position>
						<AltitudeMeters>11.430000</AltitudeMeters>
						<HeartRateBpm>
							<Value>83</Value>
						</HeartRateBpm>
						<Extensions>
							<ns3:TPX>
								<ns3:Speed>8.130080</ns3:Speed>
							</ns3:TPX>
						</Extensions>
					</Trackpoint>
					<Trackpoint>
						<Time>2569-03-03T12:05:51Z</Time>
						<Position>
							<LatitudeDegrees>12.593548</LatitudeDegrees>
							<LongitudeDegrees>101.417406</LongitudeDegrees>
						</Position>
						<AltitudeMeters>11.120000</AltitudeMeters>
						<HeartRateBpm>
							<Value>83</Value>
						</HeartRateBpm>
						<Extensions>
							<ns3:TPX>
								<ns3:Speed>7.633590</ns3:Speed>
							</ns3:TPX>
						</Extensions>
					</Trackpoint>
					<Trackpoint>
						<Time>2569-03-03T12:05:52Z</Time>
						<Position>
							<LatitudeDegrees>12.593595</LatitudeDegrees>
							<LongitudeDegrees>101.417416</LongitudeDegrees>
						</Position>
						<AltitudeMeters>10.800000</AltitudeMeters>
						<HeartRateBpm>
							<Value>84</Value>
						</HeartRateBpm>
						<Extensions>
							<ns3:TPX>
								<ns3:Speed>7.194240</ns3:Speed>
							</ns3:TPX>
						</Extensions>
					</Trackpoint>
					<Trackpoint>
						<Time>2569-03-03T12:05:53Z</Time>
						<Position>
							<LatitudeDegrees>12.593640</LatitudeDegrees>
							<LongitudeDegrees>101.417422</LongitudeDegrees>
						</Position>
						<AltitudeMeters>10.380000</AltitudeMeters>
						<HeartRateBpm>
							<Value>84</Value>
						</HeartRateBpm>
						<Extensions>
							<ns3:TPX>
								<ns3:Speed>6.756760</ns3:Speed>
							</ns3:TPX>
						</Extensions>
					</Trackpoint>
					<Trackpoint>
						<Time>2569-03-03T12:05:54Z</Time>
						<Position>
							<LatitudeDegrees>12.593683</LatitudeDegrees>
							<LongitudeDegrees>101.417419</LongitudeDegrees>
						</Position>
						<AltitudeMeters>10.100000</AltitudeMeters>
						<HeartRateBpm>
							<Value>85</Value>
						</HeartRateBpm>
						<Extensions>
							<ns3:TPX>
								<ns3:Speed>6.250000</ns3:Speed>
							</ns3:TPX>
						</Extensions>
					</Trackpoint>
					<Trackpoint>
						<Time>2569-03-03T12:05:55Z</Time>
						<Position>
							<LatitudeDegrees>12.593723</LatitudeDegrees>
							<LongitudeDegrees>101.417416</LongitudeDegrees>
						</Position>
						<AltitudeMeters>9.730000</AltitudeMeters>
						<HeartRateBpm>
							<Value>84</Value>
						</HeartRateBpm>
						<Extensions>
							<ns3:TPX>
								<ns3:Speed>5.780350</ns3:Speed>
							</ns3:TPX>
						</Extensions>
					</Trackpoint>
					<Trackpoint>
						<Time>2569-03-03T12:05:56Z</Time>
						<Position>
							<LatitudeDegrees>12.593758</LatitudeDegrees>
							<LongitudeDegrees>101.417413</LongitudeDegrees>
						</Position>
						<AltitudeMeters>9.600000</AltitudeMeters>
						<HeartRateBpm>
							<Value>84</Value>
						</HeartRateBpm>
						<Extensions>
							<ns3:TPX>
								<ns3:Speed>5.376340</ns3:Speed>
							</ns3:TPX>
						</Extensions>
					</Trackpoint>
					<Trackpoint>
						<Time>2569-03-03T12:05:57Z</Time>
						<Position>
							<LatitudeDegrees>12.593790</LatitudeDegrees>
							<LongitudeDegrees>101.417410</LongitudeDegrees>
						</Position>
						<AltitudeMeters>9.390000</AltitudeMeters>
						<HeartRateBpm>
							<Value>83</Value>
						</HeartRateBpm>
						<Extensions>
							<ns3:TPX>
								<ns3:Speed>5.076140</ns3:Speed>
							</ns3:TPX>
						</Extensions>
					</Trackpoint>
					<Trackpoint>
						<Time>2569-03-03T12:05:58Z</Time>
						<Position>
							<LatitudeDegrees>12.593817</LatitudeDegrees>
							<LongitudeDegrees>101.417406</LongitudeDegrees>
						</Position>
						<AltitudeMeters>9.210000</AltitudeMeters>
						<HeartRateBpm>
							<Value>82</Value>
						</HeartRateBpm>
						<Extensions>
							<ns3:TPX>
								<ns3:Speed>4.784690</ns3:Speed>
							</ns3:TPX>
						</Extensions>
					</Trackpoint>
					<Trackpoint>
						<Time>2569-03-03T12:05:59Z</Time>
						<Position>
							<LatitudeDegrees>12.593839</LatitudeDegrees>
							<LongitudeDegrees>101.417401</LongitudeDegrees>
						</Position>
						<AltitudeMeters>9.140000</AltitudeMeters>
						<HeartRateBpm>
							<Value>82</Value>
						</HeartRateBpm>
						<Extensions>
							<ns3:TPX>
								<ns3:Speed>4.385960</ns3:Speed>
							</ns3:TPX>
						</Extensions>
					</Trackpoint>
					<Trackpoint>
						<Time>2569-03-03T12:06:00Z</Time>
						<Position>
							<LatitudeDegrees>12.593864</LatitudeDegrees>
							<LongitudeDegrees>101.417396</LongitudeDegrees>
						</Position>
						<AltitudeMeters>9.070000</AltitudeMeters>
						<HeartRateBpm>
							<Value>83</Value>
						</HeartRateBpm>
						<Extensions>
							<ns3:TPX>
								<ns3:Speed>3.861000</ns3:Speed>
							</ns3:TPX>
						</Extensions>
					</Trackpoint>
					<Trackpoint>
						<Time>2569-03-03T12:06:01Z</Time>
						<Position>
							<LatitudeDegrees>12.593894</LatitudeDegrees>
							<LongitudeDegrees>101.417392</LongitudeDegrees>
						</Position>
						<AltitudeMeters>8.970000</AltitudeMeters>
						<HeartRateBpm>
							<Value>84</Value>
						</HeartRateBpm>
						<Extensions>
							<ns3:TPX>
								<ns3:Speed>3.105590</ns3:Speed>
							</ns3:TPX>
						</Extensions>
					</Trackpoint>
					<Trackpoint>
						<Time>2569-03-03T12:06:02Z</Time>
						<Position>
							<LatitudeDegrees>12.593931</LatitudeDegrees>
							<LongitudeDegrees>101.417396</LongitudeDegrees>
						</Position>
						<AltitudeMeters>8.930000</AltitudeMeters>
						<HeartRateBpm>
							<Value>85</Value>
						</HeartRateBpm>
						<Extensions>
							<ns3:TPX>
								<ns3:Speed>2.923980</ns3:Speed>
							</ns3:TPX>
						</Extensions>
					</Trackpoint>
					<Trackpoint>
						<Time>2569-03-03T12:06:03Z</Time>
						<Position>
							<LatitudeDegrees>12.593976</LatitudeDegrees>
							<LongitudeDegrees>101.417409</LongitudeDegrees>
						</Position>
						<AltitudeMeters>8.810000</AltitudeMeters>
						<HeartRateBpm>
							<Value>84</Value>
						</HeartRateBpm>
						<Extensions>
							<ns3:TPX>
								<ns3:Speed>3.225810</ns3:Speed>
							</ns3:TPX>
						</Extensions>
					</Trackpoint>
					<Trackpoint>
						<Time>2569-03-03T12:06:04Z</Time>
						<Position>
							<LatitudeDegrees>12.594033</LatitudeDegrees>
							<LongitudeDegrees>101.417430</LongitudeDegrees>
						</Position>
						<AltitudeMeters>8.760000</AltitudeMeters>
						<HeartRateBpm>
							<Value>83</Value>
						</HeartRateBpm>
						<Extensions>
							<ns3:TPX>
								<ns3:Speed>3.533570</ns3:Speed>
							</ns3:TPX>
						</Extensions>
					</Trackpoint>
					<Trackpoint>
						<Time>2569-03-03T12:06:05Z</Time>
						<Position>
							<LatitudeDegrees>12.594100</LatitudeDegrees>
							<LongitudeDegrees>101.417458</LongitudeDegrees>
						</Position>
						<AltitudeMeters>8.730000</AltitudeMeters>
						<HeartRateBpm>
							<Value>81</Value>
						</HeartRateBpm>
						<Extensions>
							<ns3:TPX>
								<ns3:Speed>4.424780</ns3:Speed>
							</ns3:TPX>
						</Extensions>
					</Trackpoint>
					<Trackpoint>
						<Time>2569-03-03T12:06:06Z</Time>
						<Position>
							<LatitudeDegrees>12.594172</LatitudeDegrees>
							<LongitudeDegrees>101.417488</LongitudeDegrees>
						</Position>
						<AltitudeMeters>8.700000</AltitudeMeters>
						<HeartRateBpm>
							<Value>80</Value>
						</HeartRateBpm>
						<Extensions>
							<ns3:TPX>
								<ns3:Speed>5.649720</ns3:Speed>
							</ns3:TPX>
						</Extensions>
					</Trackpoint>
					<Trackpoint>
						<Time>2569-03-03T12:06:07Z</Time>
						<Position>
							<LatitudeDegrees>12.594246</LatitudeDegrees>
							<LongitudeDegrees>101.417517</LongitudeDegrees>
						</Position>
						<AltitudeMeters>8.690000</AltitudeMeters>
						<HeartRateBpm>
							<Value>79</Value>
						</HeartRateBpm>
						<Extensions>
							<ns3:TPX>
								<ns3:Speed>6.896550</ns3:Speed>
							</ns3:TPX>
						</Extensions>
					</Trackpoint>
					<Trackpoint>
						<Time>2569-03-03T12:06:08Z</Time>
						<Position>
							<LatitudeDegrees>12.594326</LatitudeDegrees>
							<LongitudeDegrees>101.417545</LongitudeDegrees>
						</Position>
						<AltitudeMeters>8.700000</AltitudeMeters>
						<HeartRateBpm>
							<Value>79</Value>
						</HeartRateBpm>
						<Extensions>
							<ns3:TPX>
								<ns3:Speed>8.000000</ns3:Speed>
							</ns3:TPX>
						</Extensions>
					</Trackpoint>
					<Trackpoint>
						<Time>2569-03-03T12:06:09Z</Time>
						<Position>
							<LatitudeDegrees>12.594410</LatitudeDegrees>
							<LongitudeDegrees>101.417567</LongitudeDegrees>
						</Position>
						<AltitudeMeters>8.730000</AltitudeMeters>
						<HeartRateBpm>
							<Value>80</Value>
						</HeartRateBpm>
						<Extensions>
							<ns3:TPX>
								<ns3:Speed>8.695650</ns3:Speed>
							</ns3:TPX>
						</Extensions>
					</Trackpoint>
					<Trackpoint>
						<Time>2569-03-03T12:06:10Z</Time>
						<Position>
							<LatitudeDegrees>12.594499</LatitudeDegrees>
							<LongitudeDegrees>101.417583</LongitudeDegrees>
						</Position>
						<AltitudeMeters>8.780000</AltitudeMeters>
						<HeartRateBpm>
							<Value>81</Value>
						</HeartRateBpm>
						<Extensions>
							<ns3:TPX>
								<ns3:Speed>9.090910</ns3:Speed>
							</ns3:TPX>
						</Extensions>
					</Trackpoint>
					<Trackpoint>
						<Time>2569-03-03T12:06:11Z</Time>
						<Position>
							<LatitudeDegrees>12.594591</LatitudeDegrees>
							<LongitudeDegrees>101.417595</LongitudeDegrees>
						</Position>
						<AltitudeMeters>8.780000</AltitudeMeters>
						<HeartRateBpm>
							<Value>82</Value>
						</HeartRateBpm>
					</Trackpoint>
					<Trackpoint>
						<Time>2569-03-03T12:06:12Z</Time>
						<Position>
							<LatitudeDegrees>12.594687</LatitudeDegrees>
							<LongitudeDegrees>101.417599</LongitudeDegrees>
						</Position>
						<AltitudeMeters>8.910000</AltitudeMeters>
						<HeartRateBpm>
							<Value>81</Value>
						</HeartRateBpm>
						<Extensions>
							<ns3:TPX>
								<ns3:Speed>9.708740</ns3:Speed>
							</ns3:TPX>
						</Extensions>
					</Trackpoint>
					<Trackpoint>
						<Time>2569-03-03T12:06:13Z</Time>
						<Position>
							<LatitudeDegrees>12.594785</LatitudeDegrees>
							<LongitudeDegrees>101.417594</LongitudeDegrees>
						</Position>
						<AltitudeMeters>8.910000</AltitudeMeters>
						<HeartRateBpm>
							<Value>80</Value>
						</HeartRateBpm>
					</Trackpoint>
					<Trackpoint>
						<Time>2569-03-03T12:06:14Z</Time>
						<Position>
							<LatitudeDegrees>12.594888</LatitudeDegrees>
							<LongitudeDegrees>101.417581</LongitudeDegrees>
						</Position>
						<AltitudeMeters>9.090000</AltitudeMeters>
						<HeartRateBpm>
							<Value>81</Value>
						</HeartRateBpm>
						<Extensions>
							<ns3:TPX>
								<ns3:Speed>10.309280</ns3:Speed>
							</ns3:TPX>
						</Extensions>
					</Trackpoint>
					<Trackpoint>
						<Time>2569-03-03T12:06:15Z</Time>
						<Position>
							<LatitudeDegrees>12.594994</LatitudeDegrees>
							<LongitudeDegrees>101.417558</LongitudeDegrees>
						</Position>
						<AltitudeMeters>9.090000</AltitudeMeters>
						<HeartRateBpm>
							<Value>81</Value>
						</HeartRateBpm>
					</Trackpoint>
					<Trackpoint>
						<Time>2569-03-03T12:06:16Z</Time>
						<Position>
							<LatitudeDegrees>12.595105</LatitudeDegrees>
							<LongitudeDegrees>101.417530</LongitudeDegrees>
						</Position>
						<AltitudeMeters>9.230000</AltitudeMeters>
						<HeartRateBpm>
							<Value>81</Value>
						</HeartRateBpm>
						<Extensions>
							<ns3:TPX>
								<ns3:Speed>10.309280</ns3:Speed>
							</ns3:TPX>
						</Extensions>
					</Trackpoint>
					<Trackpoint>
						<Time>2569-03-03T12:06:17Z</Time>
						<Position>
							<LatitudeDegrees>12.595221</LatitudeDegrees>
							<LongitudeDegrees>101.417496</LongitudeDegrees>
						</Position>
						<AltitudeMeters>9.410000</AltitudeMeters>
						<HeartRateBpm>
							<Value>81</Value>
						</HeartRateBpm>
						<Extensions>
							<ns3:TPX>
								<ns3:Speed>10.869570</ns3:Speed>
							</ns3:TPX>
						</Extensions>
					</Trackpoint>
					<Trackpoint>
						<Time>2569-03-03T12:06:18Z</Time>
						<Position>
							<LatitudeDegrees>12.595344</LatitudeDegrees>
							<LongitudeDegrees>101.417457</LongitudeDegrees>
						</Position>
						<AltitudeMeters>9.600000</AltitudeMeters>
						<HeartRateBpm>
							<Value>81</Value>
						</HeartRateBpm>
						<Extensions>
							<ns3:TPX>
								<ns3:Speed>11.627910</ns3:Speed>
							</ns3:TPX>
						</Extensions>
					</Trackpoint>
					<Trackpoint>
						<Time>2569-03-03T12:06:19Z</Time>
						<Position>
							<LatitudeDegrees>12.595469</LatitudeDegrees>
							<LongitudeDegrees>101.417417</LongitudeDegrees>
						</Position>
						<AltitudeMeters>9.790000</AltitudeMeters>
						<HeartRateBpm>
							<Value>81</Value>
						</HeartRateBpm>
						<Extensions>
							<ns3:TPX>
								<ns3:Speed>12.195120</ns3:Speed>
							</ns3:TPX>
						</Extensions>
					</Trackpoint>
					<Trackpoint>
						<Time>2569-03-03T12:06:20Z</Time>
						<Position>
							<LatitudeDegrees>12.595594</LatitudeDegrees>
							<LongitudeDegrees>101.417375</LongitudeDegrees>
						</Position>
						<AltitudeMeters>9.970000</AltitudeMeters>
						<HeartRateBpm>
							<Value>80</Value>
						</HeartRateBpm>
						<Extensions>
							<ns3:TPX>
								<ns3:Speed>12.987010</ns3:Speed>
							</ns3:TPX>
						</Extensions>
					</Trackpoint>
					<Trackpoint>
						<Time>2569-03-03T12:06:21Z</Time>
						<Position>
							<LatitudeDegrees>12.595719</LatitudeDegrees>
							<LongitudeDegrees>101.417335</LongitudeDegrees>
						</Position>
						<AltitudeMeters>10.110000</AltitudeMeters>
						<HeartRateBpm>
							<Value>80</Value>
						</HeartRateBpm>
						<Extensions>
							<ns3:TPX>
								<ns3:Speed>13.698630</ns3:Speed>
							</ns3:TPX>
						</Extensions>
					</Trackpoint>
					<Trackpoint>
						<Time>2569-03-03T12:06:22Z</Time>
						<Position>
							<LatitudeDegrees>12.595842</LatitudeDegrees>
							<LongitudeDegrees>101.417294</LongitudeDegrees>
						</Position>
						<AltitudeMeters>10.210000</AltitudeMeters>
						<HeartRateBpm>
							<Value>80</Value>
						</HeartRateBpm>
						<Extensions>
							<ns3:TPX>
								<ns3:Speed>14.285710</ns3:Speed>
							</ns3:TPX>
						</Extensions>
					</Trackpoint>
					<Trackpoint>
						<Time>2569-03-03T12:06:23Z</Time>
						<Position>
							<LatitudeDegrees>12.595962</LatitudeDegrees>
							<LongitudeDegrees>101.417256</LongitudeDegrees>
						</Position>
						<AltitudeMeters>10.290000</AltitudeMeters>
						<HeartRateBpm>
							<Value>79</Value>
						</HeartRateBpm>
						<Extensions>
							<ns3:TPX>
								<ns3:Speed>14.492750</ns3:Speed>
							</ns3:TPX>
						</Extensions>
					</Trackpoint>
					<Trackpoint>
						<Time>2569-03-03T12:06:24Z</Time>
						<Position>
							<LatitudeDegrees>12.596081</LatitudeDegrees>
							<LongitudeDegrees>101.417219</LongitudeDegrees>
						</Position>
						<AltitudeMeters>10.350000</AltitudeMeters>
						<HeartRateBpm>
							<Value>79</Value>
						</HeartRateBpm>
						<Extensions>
							<ns3:TPX>
								<ns3:Speed>14.492750</ns3:Speed>
							</ns3:TPX>
						</Extensions>
					</Trackpoint>
					<Trackpoint>
						<Time>2569-03-03T12:06:25Z</Time>
						<Position>
							<LatitudeDegrees>12.596198</LatitudeDegrees>
							<LongitudeDegrees>101.417184</LongitudeDegrees>
						</Position>
						<AltitudeMeters>10.400000</AltitudeMeters>
						<HeartRateBpm>
							<Value>79</Value>
						</HeartRateBpm>
						<Extensions>
							<ns3:TPX>
								<ns3:Speed>14.492750</ns3:Speed>
							</ns3:TPX>
						</Extensions>
					</Trackpoint>
					<Trackpoint>
						<Time>2569-03-03T12:06:26Z</Time>
						<Position>
							<LatitudeDegrees>12.596314</LatitudeDegrees>
							<LongitudeDegrees>101.417152</LongitudeDegrees>
						</Position>
						<AltitudeMeters>10.440000</AltitudeMeters>
						<HeartRateBpm>
							<Value>79</Value>
						</HeartRateBpm>
						<Extensions>
							<ns3:TPX>
								<ns3:Speed>14.285710</ns3:Speed>
							</ns3:TPX>
						</Extensions>
					</Trackpoint>
					<Trackpoint>
						<Time>2569-03-03T12:06:27Z</Time>
						<Position>
							<LatitudeDegrees>12.596430</LatitudeDegrees>
							<LongitudeDegrees>101.417125</LongitudeDegrees>
						</Position>
						<AltitudeMeters>10.460000</AltitudeMeters>
						<HeartRateBpm>
							<Value>80</Value>
						</HeartRateBpm>
						<Extensions>
							<ns3:TPX>
								<ns3:Speed>13.888890</ns3:Speed>
							</ns3:TPX>
						</Extensions>
					</Trackpoint>
					<Trackpoint>
						<Time>2569-03-03T12:06:28Z</Time>
						<Position>
							<LatitudeDegrees>12.596546</LatitudeDegrees>
							<LongitudeDegrees>101.417104</LongitudeDegrees>
						</Position>
						<AltitudeMeters>10.480000</AltitudeMeters>
						<HeartRateBpm>
							<Value>78</Value>
						</HeartRateBpm>
						<Extensions>
							<ns3:TPX>
								<ns3:Speed>13.698630</ns3:Speed>
							</ns3:TPX>
						</Extensions>
					</Trackpoint>
					<Trackpoint>
						<Time>2569-03-03T12:06:29Z</Time>
						<Position>
							<LatitudeDegrees>12.596662</LatitudeDegrees>
							<LongitudeDegrees>101.417091</LongitudeDegrees>
						</Position>
						<AltitudeMeters>10.490000</AltitudeMeters>
						<HeartRateBpm>
							<Value>78</Value>
						</HeartRateBpm>
						<Extensions>
							<ns3:TPX>
								<ns3:Speed>13.333330</ns3:Speed>
							</ns3:TPX>
						</Extensions>
					</Trackpoint>
					<Trackpoint>
						<Time>2569-03-03T12:06:30Z</Time>
						<Position>
							<LatitudeDegrees>12.596778</LatitudeDegrees>
							<LongitudeDegrees>101.417087</LongitudeDegrees>
						</Position>
						<AltitudeMeters>10.510000</AltitudeMeters>
						<HeartRateBpm>
							<Value>81</Value>
						</HeartRateBpm>
						<Extensions>
							<ns3:TPX>
								<ns3:Speed>13.333330</ns3:Speed>
							</ns3:TPX>
						</Extensions>
					</Trackpoint>
					<Trackpoint>
						<Time>2569-03-03T12:06:31Z</Time>
						<Position>
							<LatitudeDegrees>12.596896</LatitudeDegrees>
							<LongitudeDegrees>101.417090</LongitudeDegrees>
						</Position>
						<AltitudeMeters>10.520000</AltitudeMeters>
						<HeartRateBpm>
							<Value>81</Value>
						</HeartRateBpm>
						<Extensions>
							<ns3:TPX>
								<ns3:Speed>13.157890</ns3:Speed>
							</ns3:TPX>
						</Extensions>
					</Trackpoint>
					<Trackpoint>
						<Time>2569-03-03T12:06:32Z</Time>
						<Position>
							<LatitudeDegrees>12.597017</LatitudeDegrees>
							<LongitudeDegrees>101.417101</LongitudeDegrees>
						</Position>
						<AltitudeMeters>10.540000</AltitudeMeters>
						<HeartRateBpm>
							<Value>79</Value>
						</HeartRateBpm>
						<Extensions>
							<ns3:TPX>
								<ns3:Speed>13.157890</ns3:Speed>
							</ns3:TPX>
						</Extensions>
					</Trackpoint>
					<Trackpoint>
						<Time>2569-03-03T12:06:33Z</Time>
						<Position>
							<LatitudeDegrees>12.597140</LatitudeDegrees>
							<LongitudeDegrees>101.417118</LongitudeDegrees>
						</Position>
						<AltitudeMeters>10.550000</AltitudeMeters>
						<HeartRateBpm>
							<Value>79</Value>
						</HeartRateBpm>
						<Extensions>
							<ns3:TPX>
								<ns3:Speed>13.157890</ns3:Speed>
							</ns3:TPX>
						</Extensions>
					</Trackpoint>
					<Trackpoint>
						<Time>2569-03-03T12:06:34Z</Time>
						<Position>
							<LatitudeDegrees>12.597261</LatitudeDegrees>
							<LongitudeDegrees>101.417138</LongitudeDegrees>
						</Position>
						<AltitudeMeters>10.560000</AltitudeMeters>
						<HeartRateBpm>
							<Value>79</Value>
						</HeartRateBpm>
						<Extensions>
							<ns3:TPX>
								<ns3:Speed>13.333330</ns3:Speed>
							</ns3:TPX>
						</Extensions>
					</Trackpoint>
				</Track>
			</Lap>
			<Creator xsi:type="Device_t">
				<Name>Amazfit Active 2 (Round)</Name>
			</Creator>
		</Activity>
	</Activities>
	<Author xsi:type="Application_t">
		<Name>Zepp</Name>
	</Author>
</TrainingCenterDatabase>