<?xml version="1.0" encoding="utf-8" standalone="no"?>
<TrainingCenterDatabase xmlns="http://www.garmin.com/xmlschemas/TrainingCenterDatabase/v2" xmlns:ns2="http://www.garmin.com/xmlschemas/UserProfile/v2" xmlns:ns3="http://www.garmin.com/xmlschemas/ActivityExtension/v2" xmlns:ns4="http://www.garmin.com/xmlschemas/ProfileExtension/v1" xmlns:ns5="http://www.garmin.com/xmlschemas/ActivityGoals/v1" xmlns:xsi="http://www.w3.org/2001/XMLSchema-instance" xsi:schemaLocation="http://www.garmin.com/xmlschemas/TrainingCenterDatabase/v2 http://www.garmin.com/xmlschemas/TrainingCenterDatabasev2.xsd">
	<Activities>
		<Activity Sport="Other">
			<Id>2569-04-11T12:44:08Z</Id>
			<Notes>กระโดดเชือก</Notes>
			<Lap StartTime="2569-04-11T12:44:08Z">
				<TotalTimeSeconds>977</TotalTimeSeconds>
				<Calories>155</Calories>
				<AverageHeartRateBpm>
					<Value>137</Value>
				</AverageHeartRateBpm>
				<MaximumHeartRateBpm>
					<Value>160</Value>
				</MaximumHeartRateBpm>
				<Intensity>Active</Intensity>
				<TriggerMethod>Manual</TriggerMethod>
				<Track>
					<Trackpoint>
						<Time>2569-04-11T12:44:08Z</Time>
						<HeartRateBpm>
							<Value>94</Value>
						</HeartRateBpm>
					</Trackpoint>
					<Trackpoint>
						<Time>2569-04-11T12:44:08Z</Time>
						<HeartRateBpm>
							<Value>94</Value>
						</HeartRateBpm>
					</Trackpoint>
					<Trackpoint>
						<Time>2569-04-11T12:44:09Z</Time>
						<HeartRateBpm>
							<Value>93</Value>
						</HeartRateBpm>
					</Trackpoint>
					<Trackpoint>
						<Time>2569-04-11T12:44:10Z</Time>
						<HeartRateBpm>
							<Value>93</Value>
						</HeartRateBpm>
					</Trackpoint>
					<Trackpoint>
						<Time>2569-04-11T12:44:11Z</Time>
						<HeartRateBpm>
							<Value>93</Value>
						</HeartRateBpm>
					</Trackpoint>
					<Trackpoint>
						<Time>2569-04-11T12:44:12Z</Time>
						<HeartRateBpm>
							<Value>94</Value>
						</HeartRateBpm>
					</Trackpoint>
					<Trackpoint>
						<Time>2569-04-11T12:44:13Z</Time>
						<HeartRateBpm>
							<Value>95</Value>
						</HeartRateBpm>
					</Trackpoint>
					<Trackpoint>
						<Time>2569-04-11T12:44:14Z</Time>
						<HeartRateBpm>
							<Value>95</Value>
						</HeartRateBpm>
					</Trackpoint>
					<Trackpoint>
						<Time>2569-04-11T12:44:15Z</Time>
						<HeartRateBpm>
							<Value>95</Value>
						</HeartRateBpm>
					</Trackpoint>
					<Trackpoint>
						<Time>2569-04-11T12:44:16Z</Time>
						<HeartRateBpm>
							<Value>96</Value>
						</HeartRateBpm>
					</Trackpoint>
					<Trackpoint>
						<Time>2569-04-11T12:44:17Z</Time>
						<HeartRateBpm>
							<Value>97</Value>
						</HeartRateBpm>
					</Trackpoint>
					<Trackpoint>
						<Time>2569-04-11T12:44:18Z</Time>
						<HeartRateBpm>
							<Value>99</Value>
						</HeartRateBpm>
					</Trackpoint>
					<Trackpoint>
						<Time>2569-04-11T12:44:19Z</Time>
						<HeartRateBpm>
							<Value>101</Value>
						</HeartRateBpm>
					</Trackpoint>
					<Trackpoint>
						<Time>2569-04-11T12:44:20Z</Time>
						<HeartRateBpm>
							<Value>103</Value>
						</HeartRateBpm>
					</Trackpoint>
					<Trackpoint>
						<Time>2569-04-11T12:44:21Z</Time>
						<HeartRateBpm>
							<Value>106</Value>
						</HeartRateBpm>
					</Trackpoint>
					<Trackpoint>
						<Time>2569-04-11T12:44:22Z</Time>
						<HeartRateBpm>
							<Value>107</Value>
						</HeartRateBpm>
					</Trackpoint>
					<Trackpoint>
						<Time>2569-04-11T12:44:23Z</Time>
						<HeartRateBpm>
							<Value>109</Value>
						</HeartRateBpm>
					</Trackpoint>
					<Trackpoint>
						<Time>2569-04-11T12:44:24Z</Time>
						<HeartRateBpm>
							<Value>112</Value>
						</HeartRateBpm>
					</Trackpoint>
					<Trackpoint>
						<Time>2569-04-11T12:44:25Z</Time>
						<HeartRateBpm>
							<Value>113</Value>
						</HeartRateBpm>
					</Trackpoint>
					<Trackpoint>
						<Time>2569-04-11T12:44:26Z</Time>
						<HeartRateBpm>
							<Value>115</Value>
						</HeartRateBpm>
					</Trackpoint>
					<Trackpoint>
						<Time>2569-04-11T12:44:27Z</Time>
						<HeartRateBpm>
							<Value>116</Value>
						</HeartRateBpm>
					</Trackpoint>
					<Trackpoint>
						<Time>2569-04-11T12:44:28Z</Time>
						<HeartRateBpm>
							<Value>119</Value>
						</HeartRateBpm>
					</Trackpoint>
					<Trackpoint>
						<Time>2569-04-11T12:44:29Z</Time>
						<HeartRateBpm>
							<Value>120</Value>
						</HeartRateBpm>
					</Trackpoint>
					<Trackpoint>
						<Time>2569-04-11T12:44:30Z</Time>
						<HeartRateBpm>
							<Value>120</Value>
						</HeartRateBpm>
					</Trackpoint>
					<Trackpoint>
						<Time>2569-04-11T12:44:31Z</Time>
						<HeartRateBpm>
							<Value>123</Value>
						</HeartRateBpm>
					</Trackpoint>
					<Trackpoint>
						<Time>2569-04-11T12:44:32Z</Time>
						<HeartRateBpm>
							<Value>124</Value>
						</HeartRateBpm>
					</Trackpoint>
					<Trackpoint>
						<Time>2569-04-11T12:44:33Z</Time>
						<HeartRateBpm>
							<Value>126</Value>
						</HeartRateBpm>
					</Trackpoint>
					<Trackpoint>
						<Time>2569-04-11T12:44:34Z</Time>
						<HeartRateBpm>
							<Value>127</Value>
						</HeartRateBpm>
					</Trackpoint>
					<Trackpoint>
						<Time>2569-04-11T12:44:35Z</Time>
						<HeartRateBpm>
							<Value>129</Value>
						</HeartRateBpm>
					</Trackpoint>
					<Trackpoint>
						<Time>2569-04-11T12:44:36Z</Time>
						<HeartRateBpm>
							<Value>130</Value>
						</HeartRateBpm>
					</Trackpoint>
					<Trackpoint>
						<Time>2569-04-11T12:44:37Z</Time>
						<HeartRateBpm>
							<Value>132</Value>
						</HeartRateBpm>
					</Trackpoint>
					<Trackpoint>
						<Time>2569-04-11T12:44:38Z</Time>
						<HeartRateBpm>
							<Value>132</Value>
						</HeartRateBpm>
					</Trackpoint>
					<Trackpoint>
						<Time>2569-04-11T12:44:39Z</Time>
						<HeartRateBpm>
							<Value>133</Value>
						</HeartRateBpm>
					</Trackpoint>
					<Trackpoint>
						<Time>2569-04-11T12:44:41Z</Time>
						<HeartRateBpm>
							<Value>134</Value>
						</HeartRateBpm>
					</Trackpoint>
					<Trackpoint>
						<Time>2569-04-11T12:44:42Z</Time>
						<HeartRateBpm>
							<Value>135</Value>
						</HeartRateBpm>
					</Trackpoint>
					<Trackpoint>
						<Time>2569-04-11T12:44:43Z</Time>
						<HeartRateBpm>
							<Value>137</Value>
						</HeartRateBpm>
					</Trackpoint>
					<Trackpoint>
						<Time>2569-04-11T12:44:44Z</Time>
						<HeartRateBpm>
							<Value>135</Value>
						</HeartRateBpm>
					</Trackpoint>
					<Trackpoint>
						<Time>2569-04-11T12:44:45Z</Time>
						<HeartRateBpm>
							<Value>138</Value>
						</HeartRateBpm>
					</Trackpoint>
					<Trackpoint>
						<Time>2569-04-11T12:44:46Z</Time>
						<HeartRateBpm>
							<Value>141</Value>
						</HeartRateBpm>
					</Trackpoint>
					<Trackpoint>
						<Time>2569-04-11T12:44:47Z</Time>
						<HeartRateBpm>
							<Value>140</Value>
						</HeartRateBpm>
					</Trackpoint>
					<Trackpoint>
						<Time>2569-04-11T12:44:48Z</Time>
						<HeartRateBpm>
							<Value>141</Value>
						</HeartRateBpm>
					</Trackpoint>
					<Trackpoint>
						<Time>2569-04-11T12:44:49Z</Time>
						<HeartRateBpm>
							<Value>139</Value>
						</HeartRateBpm>
					</Trackpoint>
					<Trackpoint>
						<Time>2569-04-11T12:44:50Z</Time>
						<HeartRateBpm>
							<Value>140</Value>
						</HeartRateBpm>
					</Trackpoint>
					<Trackpoint>
						<Time>2569-04-11T12:44:51Z</Time>
						<HeartRateBpm>
							<Value>138</Value>
						</HeartRateBpm>
					</Trackpoint>
					<Trackpoint>
						<Time>2569-04-11T12:44:52Z</Time>
						<HeartRateBpm>
							<Value>139</Value>
						</HeartRateBpm>
					</Trackpoint>
					<Trackpoint>
						<Time>2569-04-11T12:44:53Z</Time>
						<HeartRateBpm>
							<Value>137</Value>
						</HeartRateBpm>
					</Trackpoint>
					<Trackpoint>
						<Time>2569-04-11T12:44:54Z</Time>
						<HeartRateBpm>
							<Value>137</Value>
						</HeartRateBpm>
					</Trackpoint>
					<Trackpoint>
						<Time>2569-04-11T12:44:55Z</Time>
						<HeartRateBpm>
							<Value>137</Value>
						</HeartRateBpm>
					</Trackpoint>
					<Trackpoint>
						<Time>2569-04-11T12:44:56Z</Time>
						<HeartRateBpm>
							<Value>137</Value>
						</HeartRateBpm>
					</Trackpoint>
					<Trackpoint>
						<Time>2569-04-11T12:44:57Z</Time>
						<HeartRateBpm>
							<Value>137</Value>
						</HeartRateBpm>
					</Trackpoint>
					<Trackpoint>
						<Time>2569-04-11T12:44:58Z</Time>
						<HeartRateBpm>
							<Value>138</Value>
						</HeartRateBpm>
					</Trackpoint>
					<Trackpoint>
						<Time>2569-04-11T12:44:59Z</Time>
						<HeartRateBpm>
							<Value>139</Value>
						</HeartRateBpm>
					</Trackpoint>
					<Trackpoint>
						<Time>2569-04-11T12:45:00Z</Time>
						<HeartRateBpm>
							<Value>139</Value>
						</HeartRateBpm>
					</Trackpoint>
					<Trackpoint>
						<Time>2569-04-11T12:45:01Z</Time>
						<HeartRateBpm>
							<Value>138</Value>
						</HeartRateBpm>
					</Trackpoint>
					<Trackpoint>
						<Time>2569-04-11T12:45:02Z</Time>
						<HeartRateBpm>
							<Value>138</Value>
						</HeartRateBpm>
					</Trackpoint>
					<Trackpoint>
						<Time>2569-04-11T12:45:03Z</Time>
						<HeartRateBpm>
							<Value>140</Value>
						</HeartRateBpm>
					</Trackpoint>
					<Trackpoint>
						<Time>2569-04-11T12:45:04Z</Time>
						<HeartRateBpm>
							<Value>138</Value>
						</HeartRateBpm>
					</Trackpoint>
					<Trackpoint>
						<Time>2569-04-11T12:45:05Z</Time>
						<HeartRateBpm>
							<Value>138</Value>
						</HeartRateBpm>
					</Trackpoint>
					<Trackpoint>
						<Time>2569-04-11T12:45:06Z</Time>
						<HeartRateBpm>
							<Value>136</Value>
						</HeartRateBpm>
					</Trackpoint>
					<Trackpoint>
						<Time>2569-04-11T12:45:07Z</Time>
						<HeartRateBpm>
							<Value>135</Value>
						</HeartRateBpm>
					</Trackpoint>
					<Trackpoint>
						<Time>2569-04-11T12:45:08Z</Time>
						<HeartRateBpm>
							<Value>136</Value>
						</HeartRateBpm>
					</Trackpoint>
					<Trackpoint>
						<Time>2569-04-11T12:45:09Z</Time>
						<HeartRateBpm>
							<Value>135</Value>
						</HeartRateBpm>
					</Trackpoint>
					<Trackpoint>
						<Time>2569-04-11T12:45:10Z</Time>
						<HeartRateBpm>
							<Value>136</Value>
						</HeartRateBpm>
					</Trackpoint>
					<Trackpoint>
						<Time>2569-04-11T12:45:11Z</Time>
						<HeartRateBpm>
							<Value>135</Value>
						</HeartRateBpm>
					</Trackpoint>
					<Trackpoint>
						<Time>2569-04-11T12:45:12Z</Time>
						<HeartRateBpm>
							<Value>136</Value>
						</HeartRateBpm>
					</Trackpoint>
					<Trackpoint>
						<Time>2569-04-11T12:45:13Z</Time>
						<HeartRateBpm>
							<Value>138</Value>
						</HeartRateBpm>
					</Trackpoint>
					<Trackpoint>
						<Time>2569-04-11T12:45:14Z</Time>
						<HeartRateBpm>
							<Value>138</Value>
						</HeartRateBpm>
					</Trackpoint>
					<Trackpoint>
						<Time>2569-04-11T12:45:15Z</Time>
						<HeartRateBpm>
							<Value>138</Value>
						</HeartRateBpm>
					</Trackpoint>
					<Trackpoint>
						<Time>2569-04-11T12:45:16Z</Time>
						<HeartRateBpm>
							<Value>139</Value>
						</HeartRateBpm>
					</Trackpoint>
					<Trackpoint>
						<Time>2569-04-11T12:45:17Z</Time>
						<HeartRateBpm>
							<Value>137</Value>
						</HeartRateBpm>
					</Trackpoint>
					<Trackpoint>
						<Time>2569-04-11T12:45:18Z</Time>
						<HeartRateBpm>
							<Value>136</Value>
						</HeartRateBpm>
					</Trackpoint>
					<Trackpoint>
						<Time>2569-04-11T12:45:19Z</Time>
						<HeartRateBpm>
							<Value>133</Value>
						</HeartRateBpm>
					</Trackpoint>
					<Trackpoint>
						<Time>2569-04-11T12:45:20Z</Time>
						<HeartRateBpm>
							<Value>131</Value>
						</HeartRateBpm>
					</Trackpoint>
					<Trackpoint>
						<Time>2569-04-11T12:45:21Z</Time>
						<HeartRateBpm>
							<Value>129</Value>
						</HeartRateBpm>
					</Trackpoint>
					<Trackpoint>
						<Time>2569-04-11T12:45:22Z</Time>
						<HeartRateBpm>
							<Value>133</Value>
						</HeartRateBpm>
					</Trackpoint>
					<Trackpoint>
						<Time>2569-04-11T12:45:23Z</Time>
						<HeartRateBpm>
							<Value>133</Value>
						</HeartRateBpm>
					</Trackpoint>
					<Trackpoint>
						<Time>2569-04-11T12:45:24Z</Time>
						<HeartRateBpm>
							<Value>134</Value>
						</HeartRateBpm>
					</Trackpoint>
					<Trackpoint>
						<Time>2569-04-11T12:45:25Z</Time>
						<HeartRateBpm>
							<Value>135</Value>
						</HeartRateBpm>
					</Trackpoint>
					<Trackpoint>
						<Time>2569-04-11T12:45:26Z</Time>
						<HeartRateBpm>
							<Value>137</Value>
						</HeartRateBpm>
					</Trackpoint>
					<Trackpoint>
						<Time>2569-04-11T12:45:27Z</Time>
						<HeartRateBpm>
							<Value>137</Value>
						</HeartRateBpm>
					</Trackpoint>
					<Trackpoint>
						<Time>2569-04-11T12:45:28Z</Time>
						<HeartRateBpm>
							<Value>136</Value>
						</HeartRateBpm>
					</Trackpoint>
					<Trackpoint>
						<Time>2569-04-11T12:45:29Z</Time>
						<HeartRateBpm>
							<Value>136</Value>
						</HeartRateBpm>
					</Trackpoint>
					<Trackpoint>
						<Time>2569-04-11T12:45:30Z</Time>
						<HeartRateBpm>
							<Value>135</Value>
						</HeartRateBpm>
					</Trackpoint>
					<Trackpoint>
						<Time>2569-04-11T12:45:31Z</Time>
						<HeartRateBpm>
							<Value>135</Value>
						</HeartRateBpm>
					</Trackpoint>
					<Trackpoint>
						<Time>2569-04-11T12:45:32Z</Time>
						<HeartRateBpm>
							<Value>136</Value>
						</HeartRateBpm>
					</Trackpoint>
					<Trackpoint>
						<Time>2569-04-11T12:45:33Z</Time>
						<HeartRateBpm>
							<Value>137</Value>
						</HeartRateBpm>
					</Trackpoint>
					<Trackpoint>
						<Time>2569-04-11T12:45:34Z</Time>
						<HeartRateBpm>
							<Value>136</Value>
						</HeartRateBpm>
					</Trackpoint>
					<Trackpoint>
						<Time>2569-04-11T12:45:35Z</Time>
						<HeartRateBpm>
							<Value>135</Value>
						</HeartRateBpm>
					</Trackpoint>
					<Trackpoint>
						<Time>2569-04-11T12:45:36Z</Time>
						<HeartRateBpm>
							<Value>133</Value>
						</HeartRateBpm>
					</Trackpoint>
					<Trackpoint>
						<Time>2569-04-11T12:45:37Z</Time>
						<HeartRateBpm>
							<Value>131</Value>
						</HeartRateBpm>
					</Trackpoint>
					<Trackpoint>
						<Time>2569-04-11T12:45:38Z</Time>
						<HeartRateBpm>
							<Value>132</Value>
						</HeartRateBpm>
					</Trackpoint>
					<Trackpoint>
						<Time>2569-04-11T12:45:39Z</Time>
						<HeartRateBpm>
							<Value>131</Value>
						</HeartRateBpm>
					</Trackpoint>
					<Trackpoint>
						<Time>2569-04-11T12:45:40Z</Time>
						<HeartRateBpm>
							<Value>129</Value>
						</HeartRateBpm>
					</Trackpoint>
					<Trackpoint>
						<Time>2569-04-11T12:45:41Z</Time>
						<HeartRateBpm>
							<Value>129</Value>
						</HeartRateBpm>
					</Trackpoint>
					<Trackpoint>
						<Time>2569-04-11T12:45:42Z</Time>
						<HeartRateBpm>
							<Value>128</Value>
						</HeartRateBpm>
					</Trackpoint>
					<Trackpoint>
						<Time>2569-04-11T12:45:43Z</Time>
						<HeartRateBpm>
							<Value>128</Value>
						</HeartRateBpm>
					</Trackpoint>
					<Trackpoint>
						<Time>2569-04-11T12:45:44Z</Time>
						<HeartRateBpm>
							<Value>127</Value>
						</HeartRateBpm>
					</Trackpoint>
					<Trackpoint>
						<Time>2569-04-11T12:45:45Z</Time>
						<HeartRateBpm>
							<Value>126</Value>
						</HeartRateBpm>
					</Trackpoint>
					<Trackpoint>
						<Time>2569-04-11T12:45:46Z</Time>
						<HeartRateBpm>
							<Value>125</Value>
						</HeartRateBpm>
					</Trackpoint>
					<Trackpoint>
						<Time>2569-04-11T12:45:47Z</Time>
						<HeartRateBpm>
							<Value>121</Value>
						</HeartRateBpm>
					</Trackpoint>
					<Trackpoint>
						<Time>2569-04-11T12:45:47Z</Time>
						<HeartRateBpm>
							<Value>121</Value>
						</HeartRateBpm>
					</Trackpoint>
					<Trackpoint>
						<Time>2569-04-11T12:45:48Z</Time>
						<HeartRateBpm>
							<Value>120</Value>
						</HeartRateBpm>
					</Trackpoint>
					<Trackpoint>
						<Time>2569-04-11T12:45:49Z</Time>
						<HeartRateBpm>
							<Value>120</Value>
						</HeartRateBpm>
					</Trackpoint>
					<Trackpoint>
						<Time>2569-04-11T12:45:50Z</Time>
						<HeartRateBpm>
							<Value>119</Value>
						</HeartRateBpm>
					</Trackpoint>
					<Trackpoint>
						<Time>2569-04-11T12:45:51Z</Time>
						<HeartRateBpm>
							<Value>119</Value>
						</HeartRateBpm>
					</Trackpoint>
					<Trackpoint>
						<Time>2569-04-11T12:45:53Z</Time>
						<HeartRateBpm>
							<Value>120</Value>
						</HeartRateBpm>
					</Trackpoint>
					<Trackpoint>
						<Time>2569-04-11T12:45:54Z</Time>
						<HeartRateBpm>
							<Value>119</Value>
						</HeartRateBpm>
					</Trackpoint>
					<Trackpoint>
						<Time>2569-04-11T12:45:55Z</Time>
						<HeartRateBpm>
							<Value>119</Value>
						</HeartRateBpm>
					</Trackpoint>
					<Trackpoint>
						<Time>2569-04-11T12:45:55Z</Time>
						<HeartRateBpm>
							<Value>119</Value>
						</HeartRateBpm>
					</Trackpoint>
					<Trackpoint>
						<Time>2569-04-11T12:45:57Z</Time>
						<HeartRateBpm>
							<Value>119</Value>
						</HeartRateBpm>
					</Trackpoint>
					<Trackpoint>
						<Time>2569-04-11T12:45:58Z</Time>
						<HeartRateBpm>
							<Value>118</Value>
						</HeartRateBpm>
					</Trackpoint>
					<Trackpoint>
						<Time>2569-04-11T12:45:58Z</Time>
						<HeartRateBpm>
							<Value>118</Value>
						</HeartRateBpm>
					</Trackpoint>
					<Trackpoint>
						<Time>2569-04-11T12:46:00Z</Time>
						<HeartRateBpm>
							<Value>117</Value>
						</HeartRateBpm>
					</Trackpoint>
					<Trackpoint>
						<Time>2569-04-11T12:46:01Z</Time>
						<HeartRateBpm>
							<Value>116</Value>
						</HeartRateBpm>
					</Trackpoint>
					<Trackpoint>
						<Time>2569-04-11T12:46:02Z</Time>
						<HeartRateBpm>
							<Value>116</Value>
						</HeartRateBpm>
					</Trackpoint>
					<Trackpoint>
						<Time>2569-04-11T12:46:03Z</Time>
						<HeartRateBpm>
							<Value>116</Value>
						</HeartRateBpm>
					</Trackpoint>
					<Trackpoint>
						<Time>2569-04-11T12:46:04Z</Time>
						<HeartRateBpm>
							<Value>117</Value>
						</HeartRateBpm>
					</Trackpoint>
					<Trackpoint>
						<Time>2569-04-11T12:46:05Z</Time>
						<HeartRateBpm>
							<Value>118</Value>
						</HeartRateBpm>
					</Trackpoint>
					<Trackpoint>
						<Time>2569-04-11T12:46:06Z</Time>
						<HeartRateBpm>
							<Value>118</Value>
						</HeartRateBpm>
					</Trackpoint>
					<Trackpoint>
						<Time>2569-04-11T12:46:07Z</Time>
						<HeartRateBpm>
							<Value>118</Value>
						</HeartRateBpm>
					</Trackpoint>
					<Trackpoint>
						<Time>2569-04-11T12:46:08Z</Time>
						<HeartRateBpm>
							<Value>118</Value>
						</HeartRateBpm>
					</Trackpoint>
					<Trackpoint>
						<Time>2569-04-11T12:46:09Z</Time>
						<HeartRateBpm>
							<Value>119</Value>
						</HeartRateBpm>
					</Trackpoint>
					<Trackpoint>
						<Time>2569-04-11T12:46:10Z</Time>
						<HeartRateBpm>
							<Value>119</Value>
						</HeartRateBpm>
					</Trackpoint>
					<Trackpoint>
						<Time>2569-04-11T12:46:11Z</Time>
						<HeartRateBpm>
							<Value>119</Value>
						</HeartRateBpm>
					</Trackpoint>
					<Trackpoint>
						<Time>2569-04-11T12:46:12Z</Time>
						<HeartRateBpm>
							<Value>118</Value>
						</HeartRateBpm>
					</Trackpoint>
					<Trackpoint>
						<Time>2569-04-11T12:46:13Z</Time>
						<HeartRateBpm>
							<Value>118</Value>
						</HeartRateBpm>
					</Trackpoint>
					<Trackpoint>
						<Time>2569-04-11T12:46:14Z</Time>
						<HeartRateBpm>
							<Value>118</Value>
						</HeartRateBpm>
					</Trackpoint>
					<Trackpoint>
						<Time>2569-04-11T12:46:15Z</Time>
						<HeartRateBpm>
							<Value>118</Value>
						</HeartRateBpm>
					</Trackpoint>
					<Trackpoint>
						<Time>2569-04-11T12:46:16Z</Time>
						<HeartRateBpm>
							<Value>119</Value>
						</HeartRateBpm>
					</Trackpoint>
					<Trackpoint>
						<Time>2569-04-11T12:46:17Z</Time>
						<HeartRateBpm>
							<Value>119</Value>
						</HeartRateBpm>
					</Trackpoint>
					<Trackpoint>
						<Time>2569-04-11T12:46:18Z</Time>
						<HeartRateBpm>
							<Value>119</Value>
						</HeartRateBpm>
					</Trackpoint>
					<Trackpoint>
						<Time>2569-04-11T12:46:19Z</Time>
						<HeartRateBpm>
							<Value>119</Value>
						</HeartRateBpm>
					</Trackpoint>
					<Trackpoint>
						<Time>2569-04-11T12:46:20Z</Time>
						<HeartRateBpm>
							<Value>121</Value>
						</HeartRateBpm>
					</Trackpoint>
					<Trackpoint>
						<Time>2569-04-11T12:46:20Z</Time>
						<HeartRateBpm>
							<Value>121</Value>
						</HeartRateBpm>
					</Trackpoint>
					<Trackpoint>
						<Time>2569-04-11T12:46:22Z</Time>
						<HeartRateBpm>
							<Value>122</Value>
						</HeartRateBpm>
					</Trackpoint>
					<Trackpoint>
						<Time>2569-04-11T12:46:23Z</Time>
						<HeartRateBpm>
							<Value>122</Value>
						</HeartRateBpm>
					</Trackpoint>
					<Trackpoint>
						<Time>2569-04-11T12:46:24Z</Time>
						<HeartRateBpm>
							<Value>123</Value>
						</HeartRateBpm>
					</Trackpoint>
					<Trackpoint>
						<Time>2569-04-11T12:46:25Z</Time>
						<HeartRateBpm>
							<Value>125</Value>
						</HeartRateBpm>
					</Trackpoint>
					<Trackpoint>
						<Time>2569-04-11T12:46:26Z</Time>
						<HeartRateBpm>
							<Value>126</Value>
						</HeartRateBpm>
					</Trackpoint>
					<Trackpoint>
						<Time>2569-04-11T12:46:27Z</Time>
						<HeartRateBpm>
							<Value>126</Value>
						</HeartRateBpm>
					</Trackpoint>
					<Trackpoint>
						<Time>2569-04-11T12:46:28Z</Time>
						<HeartRateBpm>
							<Value>129</Value>
						</HeartRateBpm>
					</Trackpoint>
					<Trackpoint>
						<Time>2569-04-11T12:46:29Z</Time>
						<HeartRateBpm>
							<Value>130</Value>
						</HeartRateBpm>
					</Trackpoint>
					<Trackpoint>
						<Time>2569-04-11T12:46:30Z</Time>
						<HeartRateBpm>
							<Value>130</Value>
						</HeartRateBpm>
					</Trackpoint>
					<Trackpoint>
						<Time>2569-04-11T12:46:31Z</Time>
						<HeartRateBpm>
							<Value>128</Value>
						</HeartRateBpm>
					</Trackpoint>
					<Trackpoint>
						<Time>2569-04-11T12:46:32Z</Time>
						<HeartRateBpm>
							<Value>130</Value>
						</HeartRateBpm>
					</Trackpoint>
					<Trackpoint>
						<Time>2569-04-11T12:46:33Z</Time>
						<HeartRateBpm>
							<Value>129</Value>
						</HeartRateBpm>
					</Trackpoint>
					<Trackpoint>
						<Time>2569-04-11T12:46:34Z</Time>
						<HeartRateBpm>
							<Value>128</Value>
						</HeartRateBpm>
					</Trackpoint>
					<Trackpoint>
						<Time>2569-04-11T12:46:35Z</Time>
						<HeartRateBpm>
							<Value>128</Value>
						</HeartRateBpm>
					</Trackpoint>
					<Trackpoint>
						<Time>2569-04-11T12:46:36Z</Time>
						<HeartRateBpm>
							<Value>127</Value>
						</HeartRateBpm>
					</Trackpoint>
					<Trackpoint>
						<Time>2569-04-11T12:46:37Z</Time>
						<HeartRateBpm>
							<Value>126</Value>
						</HeartRateBpm>
					</Trackpoint>
					<Trackpoint>
						<Time>2569-04-11T12:46:38Z</Time>
						<HeartRateBpm>
							<Value>125</Value>
						</HeartRateBpm>
					</Trackpoint>
					<Trackpoint>
						<Time>2569-04-11T12:46:39Z</Time>
						<HeartRateBpm>
							<Value>127</Value>
						</HeartRateBpm>
					</Trackpoint>
					<Trackpoint>
						<Time>2569-04-11T12:46:40Z</Time>
						<HeartRateBpm>
							<Value>128</Value>
						</HeartRateBpm>
					</Trackpoint>
					<Trackpoint>
						<Time>2569-04-11T12:46:41Z</Time>
						<HeartRateBpm>
							<Value>129</Value>
						</HeartRateBpm>
					</Trackpoint>
					<Trackpoint>
						<Time>2569-04-11T12:46:42Z</Time>
						<HeartRateBpm>
							<Value>130</Value>
						</HeartRateBpm>
					</Trackpoint>
					<Trackpoint>
						<Time>2569-04-11T12:46:43Z</Time>
						<HeartRateBpm>
							<Value>131</Value>
						</HeartRateBpm>
					</Trackpoint>
					<Trackpoint>
						<Time>2569-04-11T12:46:44Z</Time>
						<HeartRateBpm>
							<Value>130</Value>
						</HeartRateBpm>
					</Trackpoint>
					<Trackpoint>
						<Time>2569-04-11T12:46:45Z</Time>
						<HeartRateBpm>
							<Value>130</Value>
						</HeartRateBpm>
					</Trackpoint>
					<Trackpoint>
						<Time>2569-04-11T12:46:46Z</Time>
						<HeartRateBpm>
							<Value>131</Value>
						</HeartRateBpm>
					</Trackpoint>
					<Trackpoint>
						<Time>2569-04-11T12:46:47Z</Time>
						<HeartRateBpm>
							<Value>130</Value>
						</HeartRateBpm>
					</Trackpoint>
					<Trackpoint>
						<Time>2569-04-11T12:46:48Z</Time>
						<HeartRateBpm>
							<Value>131</Value>
						</HeartRateBpm>
					</Trackpoint>
					<Trackpoint>
						<Time>2569-04-11T12:46:49Z</Time>
						<HeartRateBpm>
							<Value>133</Value>
						</HeartRateBpm>
					</Trackpoint>
					<Trackpoint>
						<Time>2569-04-11T12:46:50Z</Time>
						<HeartRateBpm>
							<Value>132</Value>
						</HeartRateBpm>
					</Trackpoint>
					<Trackpoint>
						<Time>2569-04-11T12:46:51Z</Time>
						<HeartRateBpm>
							<Value>132</Value>
						</HeartRateBpm>
					</Trackpoint>
					<Trackpoint>
						<Time>2569-04-11T12:46:52Z</Time>
						<HeartRateBpm>
							<Value>132</Value>
						</HeartRateBpm>
					</Trackpoint>
					<Trackpoint>
						<Time>2569-04-11T12:46:53Z</Time>
						<HeartRateBpm>
							<Value>132</Value>
						</HeartRateBpm>
					</Trackpoint>
					<Trackpoint>
						<Time>2569-04-11T12:46:54Z</Time>
						<HeartRateBpm>
							<Value>132</Value>
						</HeartRateBpm>
					</Trackpoint>
					<Trackpoint>
						<Time>2569-04-11T12:46:55Z</Time>
						<HeartRateBpm>
							<Value>133</Value>
						</HeartRateBpm>
					</Trackpoint>
					<Trackpoint>
						<Time>2569-04-11T12:46:56Z</Time>
						<HeartRateBpm>
							<Value>132</Value>
						</HeartRateBpm>
					</Trackpoint>
					<Trackpoint>
						<Time>2569-04-11T12:46:57Z</Time>
						<HeartRateBpm>
							<Value>133</Value>
						</HeartRateBpm>
					</Trackpoint>
					<Trackpoint>
						<Time>2569-04-11T12:46:58Z</Time>
						<HeartRateBpm>
							<Value>134</Value>
						</HeartRateBpm>
					</Trackpoint>
					<Trackpoint>
						<Time>2569-04-11T12:46:59Z</Time>
						<HeartRateBpm>
							<Value>135</Value>
						</HeartRateBpm>
					</Trackpoint>
					<Trackpoint>
						<Time>2569-04-11T12:47:00Z</Time>
						<HeartRateBpm>
							<Value>136</Value>
						</HeartRateBpm>
					</Trackpoint>
					<Trackpoint>
						<Time>2569-04-11T12:47:01Z</Time>
						<HeartRateBpm>
							<Value>135</Value>
						</HeartRateBpm>
					</Trackpoint>
					<Trackpoint>
						<Time>2569-04-11T12:47:02Z</Time>
						<HeartRateBpm>
							<Value>135</Value>
						</HeartRateBpm>
					</Trackpoint>
					<Trackpoint>
						<Time>2569-04-11T12:47:03Z</Time>
						<HeartRateBpm>
							<Value>136</Value>
						</HeartRateBpm>
					</Trackpoint>
					<Trackpoint>
						<Time>2569-04-11T12:47:04Z</Time>
						<HeartRateBpm>
							<Value>138</Value>
						</HeartRateBpm>
					</Trackpoint>
					<Trackpoint>
						<Time>2569-04-11T12:47:05Z</Time>
						<HeartRateBpm>
							<Value>139</Value>
						</HeartRateBpm>
					</Trackpoint>
					<Trackpoint>
						<Time>2569-04-11T12:47:06Z</Time>
						<HeartRateBpm>
							<Value>139</Value>
						</HeartRateBpm>
					</Trackpoint>
					<Trackpoint>
						<Time>2569-04-11T12:47:07Z</Time>
						<HeartRateBpm>
							<Value>138</Value>
						</HeartRateBpm>
					</Trackpoint>
					<Trackpoint>
						<Time>2569-04-11T12:47:08Z</Time>
						<HeartRateBpm>
							<Value>140</Value>
						</HeartRateBpm>
					</Trackpoint>
					<Trackpoint>
						<Time>2569-04-11T12:47:09Z</Time>
						<HeartRateBpm>
							<Value>140</Value>
						</HeartRateBpm>
					</Trackpoint>
					<Trackpoint>
						<Time>2569-04-11T12:47:10Z</Time>
						<HeartRateBpm>
							<Value>140</Value>
						</HeartRateBpm>
					</Trackpoint>
					<Trackpoint>
						<Time>2569-04-11T12:47:11Z</Time>
						<HeartRateBpm>
							<Value>141</Value>
						</HeartRateBpm>
					</Trackpoint>
					<Trackpoint>
						<Time>2569-04-11T12:47:12Z</Time>
						<HeartRateBpm>
							<Value>142</Value>
						</HeartRateBpm>
					</Trackpoint>
					<Trackpoint>
						<Time>2569-04-11T12:47:13Z</Time>
						<HeartRateBpm>
							<Value>142</Value>
						</HeartRateBpm>
					</Trackpoint>
					<Trackpoint>
						<Time>2569-04-11T12:47:14Z</Time>
						<HeartRateBpm>
							<Value>143</Value>
						</HeartRateBpm>
					</Trackpoint>
					<Trackpoint>
						<Time>2569-04-11T12:47:15Z</Time>
						<HeartRateBpm>
							<Value>144</Value>
						</HeartRateBpm>
					</Trackpoint>
					<Trackpoint>
						<Time>2569-04-11T12:47:16Z</Time>
						<HeartRateBpm>
							<Value>145</Value>
						</HeartRateBpm>
					</Trackpoint>
					<Trackpoint>
						<Time>2569-04-11T12:47:17Z</Time>
						<HeartRateBpm>
							<Value>144</Value>
						</HeartRateBpm>
					</Trackpoint>
					<Trackpoint>
						<Time>2569-04-11T12:47:18Z</Time>
						<HeartRateBpm>
							<Value>144</Value>
						</HeartRateBpm>
					</Trackpoint>
					<Trackpoint>
						<Time>2569-04-11T12:47:19Z</Time>
						<HeartRateBpm>
							<Value>145</Value>
						</HeartRateBpm>
					</Trackpoint>
					<Trackpoint>
						<Time>2569-04-11T12:47:20Z</Time>
						<HeartRateBpm>
							<Value>145</Value>
						</HeartRateBpm>
					</Trackpoint>
					<Trackpoint>
						<Time>2569-04-11T12:47:21Z</Time>
						<HeartRateBpm>
							<Value>146</Value>
						</HeartRateBpm>
					</Trackpoint>
					<Trackpoint>
						<Time>2569-04-11T12:47:22Z</Time>
						<HeartRateBpm>
							<Value>145</Value>
						</HeartRateBpm>
					</Trackpoint>
					<Trackpoint>
						<Time>2569-04-11T12:47:23Z</Time>
						<HeartRateBpm>
							<Value>144</Value>
						</HeartRateBpm>
					</Trackpoint>
					<Trackpoint>
						<Time>2569-04-11T12:47:24Z</Time>
						<HeartRateBpm>
							<Value>144</Value>
						</HeartRateBpm>
					</Trackpoint>
					<Trackpoint>
						<Time>2569-04-11T12:47:25Z</Time>
						<HeartRateBpm>
							<Value>142</Value>
						</HeartRateBpm>
					</Trackpoint>
					<Trackpoint>
						<Time>2569-04-11T12:47:26Z</Time>
						<HeartRateBpm>
							<Value>140</Value>
						</HeartRateBpm>
					</Trackpoint>
					<Trackpoint>
						<Time>2569-04-11T12:47:27Z</Time>
						<HeartRateBpm>
							<Value>140</Value>
						</HeartRateBpm>
					</Trackpoint>
					<Trackpoint>
						<Time>2569-04-11T12:47:28Z</Time>
						<HeartRateBpm>
							<Value>140</Value>
						</HeartRateBpm>
					</Trackpoint>
					<Trackpoint>
						<Time>2569-04-11T12:47:29Z</Time>
						<HeartRateBpm>
							<Value>140</Value>
						</HeartRateBpm>
					</Trackpoint>
					<Trackpoint>
						<Time>2569-04-11T12:47:30Z</Time>
						<HeartRateBpm>
							<Value>139</Value>
						</HeartRateBpm>
					</Trackpoint>
					<Trackpoint>
						<Time>2569-04-11T12:47:31Z</Time>
						<HeartRateBpm>
							<Value>138</Value>
						</HeartRateBpm>
					</Trackpoint>
					<Trackpoint>
						<Time>2569-04-11T12:47:32Z</Time>
						<HeartRateBpm>
							<Value>138</Value>
						</HeartRateBpm>
					</Trackpoint>
					<Trackpoint>
						<Time>2569-04-11T12:47:33Z</Time>
						<HeartRateBpm>
							<Value>137</Value>
						</HeartRateBpm>
					</Trackpoint>
					<Trackpoint>
						<Time>2569-04-11T12:47:34Z</Time>
						<HeartRateBpm>
							<Value>136</Value>
						</HeartRateBpm>
					</Trackpoint>
					<Trackpoint>
						<Time>2569-04-11T12:47:35Z</Time>
						<HeartRateBpm>
							<Value>135</Value>
						</HeartRateBpm>
					</Trackpoint>
					<Trackpoint>
						<Time>2569-04-11T12:47:36Z</Time>
						<HeartRateBpm>
							<Value>134</Value>
						</HeartRateBpm>
					</Trackpoint>
					<Trackpoint>
						<Time>2569-04-11T12:47:37Z</Time>
						<HeartRateBpm>
							<Value>133</Value>
						</HeartRateBpm>
					</Trackpoint>
					<Trackpoint>
						<Time>2569-04-11T12:47:38Z</Time>
						<HeartRateBpm>
							<Value>132</Value>
						</HeartRateBpm>
					</Trackpoint>
					<Trackpoint>
						<Time>2569-04-11T12:47:39Z</Time>
						<HeartRateBpm>
							<Value>131</Value>
						</HeartRateBpm>
					</Trackpoint>
					<Trackpoint>
						<Time>2569-04-11T12:47:40Z</Time>
						<HeartRateBpm>
							<Value>130</Value>
						</HeartRateBpm>
					</Trackpoint>
					<Trackpoint>
						<Time>2569-04-11T12:47:41Z</Time>
						<HeartRateBpm>
							<Value>129</Value>
						</HeartRateBpm>
					</Trackpoint>
					<Trackpoint>
						<Time>2569-04-11T12:47:42Z</Time>
						<HeartRateBpm>
							<Value>128</Value>
						</HeartRateBpm>
					</Trackpoint>
					<Trackpoint>
						<Time>2569-04-11T12:47:43Z</Time>
						<HeartRateBpm>
							<Value>127</Value>
						</HeartRateBpm>
					</Trackpoint>
					<Trackpoint>
						<Time>2569-04-11T12:47:44Z</Time>
						<HeartRateBpm>
							<Value>126</Value>
						</HeartRateBpm>
					</Trackpoint>
					<Trackpoint>
						<Time>2569-04-11T12:47:45Z</Time>
						<HeartRateBpm>
							<Value>125</Value>
						</HeartRateBpm>
					</Trackpoint>
					<Trackpoint>
						<Time>2569-04-11T12:47:46Z</Time>
						<HeartRateBpm>
							<Value>124</Value>
						</HeartRateBpm>
					</Trackpoint>
					<Trackpoint>
						<Time>2569-04-11T12:47:47Z</Time>
						<HeartRateBpm>
							<Value>124</Value>
						</HeartRateBpm>
					</Trackpoint>
					<Trackpoint>
						<Time>2569-04-11T12:47:48Z</Time>
						<HeartRateBpm>
							<Value>124</Value>
						</HeartRateBpm>
					</Trackpoint>
					<Trackpoint>
						<Time>2569-04-11T12:47:49Z</Time>
						<HeartRateBpm>
							<Value>124</Value>
						</HeartRateBpm>
					</Trackpoint>
					<Trackpoint>
						<Time>2569-04-11T12:47:50Z</Time>
						<HeartRateBpm>
							<Value>124</Value>
						</HeartRateBpm>
					</Trackpoint>
					<Trackpoint>
						<Time>2569-04-11T12:47:51Z</Time>
						<HeartRateBpm>
							<Value>124</Value>
						</HeartRateBpm>
					</Trackpoint>
					<Trackpoint>
						<Time>2569-04-11T12:47:52Z</Time>
						<HeartRateBpm>
							<Value>124</Value>
						</HeartRateBpm>
					</Trackpoint>
					<Trackpoint>
						<Time>2569-04-11T12:47:53Z</Time>
						<HeartRateBpm>
							<Value>123</Value>
						</HeartRateBpm>
					</Trackpoint>
					<Trackpoint>
						<Time>2569-04-11T12:47:54Z</Time>
						<HeartRateBpm>
							<Value>122</Value>
						</HeartRateBpm>
					</Trackpoint>
					<Trackpoint>
						<Time>2569-04-11T12:47:55Z</Time>
						<HeartRateBpm>
							<Value>121</Value>
						</HeartRateBpm>
					</Trackpoint>
					<Trackpoint>
						<Time>2569-04-11T12:47:56Z</Time>
						<HeartRateBpm>
							<Value>121</Value>
						</HeartRateBpm>
					</Trackpoint>
					<Trackpoint>
						<Time>2569-04-11T12:47:57Z</Time>
						<HeartRateBpm>
							<Value>121</Value>
						</HeartRateBpm>
					</Trackpoint>
					<Trackpoint>
						<Time>2569-04-11T12:47:58Z</Time>
						<HeartRateBpm>
							<Value>122</Value>
						</HeartRateBpm>
					</Trackpoint>
					<Trackpoint>
						<Time>2569-04-11T12:47:59Z</Time>
						<HeartRateBpm>
							<Value>121</Value>
						</HeartRateBpm>
					</Trackpoint>
					<Trackpoint>
						<Time>2569-04-11T12:48:00Z</Time>
						<HeartRateBpm>
							<Value>121</Value>
						</HeartRateBpm>
					</Trackpoint>
					<Trackpoint>
						<Time>2569-04-11T12:48:00Z</Time>
						<HeartRateBpm>
							<Value>121</Value>
						</HeartRateBpm>
					</Trackpoint>
					<Trackpoint>
						<Time>2569-04-11T12:48:01Z</Time>
						<HeartRateBpm>
							<Value>121</Value>
						</HeartRateBpm>
					</Trackpoint>
					<Trackpoint>
						<Time>2569-04-11T12:48:03Z</Time>
						<HeartRateBpm>
							<Value>120</Value>
						</HeartRateBpm>
					</Trackpoint>
					<Trackpoint>
						<Time>2569-04-11T12:48:03Z</Time>
						<HeartRateBpm>
							<Value>120</Value>
						</HeartRateBpm>
					</Trackpoint>
					<Trackpoint>
						<Time>2569-04-11T12:48:05Z</Time>
						<HeartRateBpm>
							<Value>122</Value>
						</HeartRateBpm>
					</Trackpoint>
					<Trackpoint>
						<Time>2569-04-11T12:48:05Z</Time>
						<HeartRateBpm>
							<Value>122</Value>
						</HeartRateBpm>
					</Trackpoint>
					<Trackpoint>
						<Time>2569-04-11T12:48:07Z</Time>
						<HeartRateBpm>
							<Value>123</Value>
						</HeartRateBpm>
					</Trackpoint>
					<Trackpoint>
						<Time>2569-04-11T12:48:08Z</Time>
						<HeartRateBpm>
							<Value>124</Value>
						</HeartRateBpm>
					</Trackpoint>
					<Trackpoint>
						<Time>2569-04-11T12:48:09Z</Time>
						<HeartRateBpm>
							<Value>126</Value>
						</HeartRateBpm>
					</Trackpoint>
					<Trackpoint>
						<Time>2569-04-11T12:48:10Z</Time>
						<HeartRateBpm>
							<Value>128</Value>
						</HeartRateBpm>
					</Trackpoint>
					<Trackpoint>
						<Time>2569-04-11T12:48:11Z</Time>
						<HeartRateBpm>
							<Value>129</Value>
						</HeartRateBpm>
					</Trackpoint>
					<Trackpoint>
						<Time>2569-04-11T12:48:12Z</Time>
						<HeartRateBpm>
							<Value>131</Value>
						</HeartRateBpm>
					</Trackpoint>
					<Trackpoint>
						<Time>2569-04-11T12:48:13Z</Time>
						<HeartRateBpm>
							<Value>130</Value>
						</HeartRateBpm>
					</Trackpoint>
					<Trackpoint>
						<Time>2569-04-11T12:48:14Z</Time>
						<HeartRateBpm>
							<Value>132</Value>
						</HeartRateBpm>
					</Trackpoint>
					<Trackpoint>
						<Time>2569-04-11T12:48:15Z</Time>
						<HeartRateBpm>
							<Value>133</Value>
						</HeartRateBpm>
					</Trackpoint>
					<Trackpoint>
						<Time>2569-04-11T12:48:16Z</Time>
						<HeartRateBpm>
							<Value>134</Value>
						</HeartRateBpm>
					</Trackpoint>
					<Trackpoint>
						<Time>2569-04-11T12:48:17Z</Time>
						<HeartRateBpm>
							<Value>137</Value>
						</HeartRateBpm>
					</Trackpoint>
					<Trackpoint>
						<Time>2569-04-11T12:48:18Z</Time>
						<HeartRateBpm>
							<Value>139</Value>
						</HeartRateBpm>
					</Trackpoint>
					<Trackpoint>
						<Time>2569-04-11T12:48:19Z</Time>
						<HeartRateBpm>
							<Value>140</Value>
						</HeartRateBpm>
					</Trackpoint>
					<Trackpoint>
						<Time>2569-04-11T12:48:20Z</Time>
						<HeartRateBpm>
							<Value>139</Value>
						</HeartRateBpm>
					</Trackpoint>
					<Trackpoint>
						<Time>2569-04-11T12:48:21Z</Time>
						<HeartRateBpm>
							<Value>141</Value>
						</HeartRateBpm>
					</Trackpoint>
					<Trackpoint>
						<Time>2569-04-11T12:48:22Z</Time>
						<HeartRateBpm>
							<Value>143</Value>
						</HeartRateBpm>
					</Trackpoint>
					<Trackpoint>
						<Time>2569-04-11T12:48:23Z</Time>
						<HeartRateBpm>
							<Value>142</Value>
						</HeartRateBpm>
					</Trackpoint>
					<Trackpoint>
						<Time>2569-04-11T12:48:24Z</Time>
						<HeartRateBpm>
							<Value>144</Value>
						</HeartRateBpm>
					</Trackpoint>
					<Trackpoint>
						<Time>2569-04-11T12:48:25Z</Time>
						<HeartRateBpm>
							<Value>145</Value>
						</HeartRateBpm>
					</Trackpoint>
					<Trackpoint>
						<Time>2569-04-11T12:48:26Z</Time>
						<HeartRateBpm>
							<Value>145</Value>
						</HeartRateBpm>
					</Trackpoint>
					<Trackpoint>
						<Time>2569-04-11T12:48:27Z</Time>
						<HeartRateBpm>
							<Value>146</Value>
						</HeartRateBpm>
					</Trackpoint>
					<Trackpoint>
						<Time>2569-04-11T12:48:28Z</Time>
						<HeartRateBpm>
							<Value>149</Value>
						</HeartRateBpm>
					</Trackpoint>
					<Trackpoint>
						<Time>2569-04-11T12:48:29Z</Time>
						<HeartRateBpm>
							<Value>149</Value>
						</HeartRateBpm>
					</Trackpoint>
					<Trackpoint>
						<Time>2569-04-11T12:48:30Z</Time>
						<HeartRateBpm>
							<Value>149</Value>
						</HeartRateBpm>
					</Trackpoint>
					<Trackpoint>
						<Time>2569-04-11T12:48:31Z</Time>
						<HeartRateBpm>
							<Value>150</Value>
						</HeartRateBpm>
					</Trackpoint>
					<Trackpoint>
						<Time>2569-04-11T12:48:32Z</Time>
						<HeartRateBpm>
							<Value>151</Value>
						</HeartRateBpm>
					</Trackpoint>
					<Trackpoint>
						<Time>2569-04-11T12:48:33Z</Time>
						<HeartRateBpm>
							<Value>151</Value>
						</HeartRateBpm>
					</Trackpoint>
					<Trackpoint>
						<Time>2569-04-11T12:48:34Z</Time>
						<HeartRateBpm>
							<Value>150</Value>
						</HeartRateBpm>
					</Trackpoint>
					<Trackpoint>
						<Time>2569-04-11T12:48:35Z</Time>
						<HeartRateBpm>
							<Value>150</Value>
						</HeartRateBpm>
					</Trackpoint>
					<Trackpoint>
						<Time>2569-04-11T12:48:36Z</Time>
						<HeartRateBpm>
							<Value>150</Value>
						</HeartRateBpm>
					</Trackpoint>
					<Trackpoint>
						<Time>2569-04-11T12:48:37Z</Time>
						<HeartRateBpm>
							<Value>149</Value>
						</HeartRateBpm>
					</Trackpoint>
					<Trackpoint>
						<Time>2569-04-11T12:48:38Z</Time>
						<HeartRateBpm>
							<Value>148</Value>
						</HeartRateBpm>
					</Trackpoint>
					<Trackpoint>
						<Time>2569-04-11T12:48:39Z</Time>
						<HeartRateBpm>
							<Value>147</Value>
						</HeartRateBpm>
					</Trackpoint>
					<Trackpoint>
						<Time>2569-04-11T12:48:40Z</Time>
						<HeartRateBpm>
							<Value>147</Value>
						</HeartRateBpm>
					</Trackpoint>
					<Trackpoint>
						<Time>2569-04-11T12:48:41Z</Time>
						<HeartRateBpm>
							<Value>148</Value>
						</HeartRateBpm>
					</Trackpoint>
					<Trackpoint>
						<Time>2569-04-11T12:48:42Z</Time>
						<HeartRateBpm>
							<Value>145</Value>
						</HeartRateBpm>
					</Trackpoint>
					<Trackpoint>
						<Time>2569-04-11T12:48:43Z</Time>
						<HeartRateBpm>
							<Value>145</Value>
						</HeartRateBpm>
					</Trackpoint>
					<Trackpoint>
						<Time>2569-04-11T12:48:44Z</Time>
						<HeartRateBpm>
							<Value>145</Value>
						</HeartRateBpm>
					</Trackpoint>
					<Trackpoint>
						<Time>2569-04-11T12:48:45Z</Time>
						<HeartRateBpm>
							<Value>144</Value>
						</HeartRateBpm>
					</Trackpoint>
					<Trackpoint>
						<Time>2569-04-11T12:48:46Z</Time>
						<HeartRateBpm>
							<Value>143</Value>
						</HeartRateBpm>
					</Trackpoint>
					<Trackpoint>
						<Time>2569-04-11T12:48:47Z</Time>
						<HeartRateBpm>
							<Value>142</Value>
						</HeartRateBpm>
					</Trackpoint>
					<Trackpoint>
						<Time>2569-04-11T12:48:48Z</Time>
						<HeartRateBpm>
							<Value>142</Value>
						</HeartRateBpm>
					</Trackpoint>
					<Trackpoint>
						<Time>2569-04-11T12:48:49Z</Time>
						<HeartRateBpm>
							<Value>142</Value>
						</HeartRateBpm>
					</Trackpoint>
					<Trackpoint>
						<Time>2569-04-11T12:48:50Z</Time>
						<HeartRateBpm>
							<Value>140</Value>
						</HeartRateBpm>
					</Trackpoint>
					<Trackpoint>
						<Time>2569-04-11T12:48:51Z</Time>
						<HeartRateBpm>
							<Value>139</Value>
						</HeartRateBpm>
					</Trackpoint>
					<Trackpoint>
						<Time>2569-04-11T12:48:52Z</Time>
						<HeartRateBpm>
							<Value>139</Value>
						</HeartRateBpm>
					</Trackpoint>
					<Trackpoint>
						<Time>2569-04-11T12:48:53Z</Time>
						<HeartRateBpm>
							<Value>138</Value>
						</HeartRateBpm>
					</Trackpoint>
					<Trackpoint>
						<Time>2569-04-11T12:48:54Z</Time>
						<HeartRateBpm>
							<Value>136</Value>
						</HeartRateBpm>
					</Trackpoint>
					<Trackpoint>
						<Time>2569-04-11T12:48:55Z</Time>
						<HeartRateBpm>
							<Value>136</Value>
						</HeartRateBpm>
					</Trackpoint>
					<Trackpoint>
						<Time>2569-04-11T12:48:56Z</Time>
						<HeartRateBpm>
							<Value>138</Value>
						</HeartRateBpm>
					</Trackpoint>
					<Trackpoint>
						<Time>2569-04-11T12:48:57Z</Time>
						<HeartRateBpm>
							<Value>139</Value>
						</HeartRateBpm>
					</Trackpoint>
					<Trackpoint>
						<Time>2569-04-11T12:48:58Z</Time>
						<HeartRateBpm>
							<Value>142</Value>
						</HeartRateBpm>
					</Trackpoint>
					<Trackpoint>
						<Time>2569-04-11T12:48:59Z</Time>
						<HeartRateBpm>
							<Value>148</Value>
						</HeartRateBpm>
					</Trackpoint>
					<Trackpoint>
						<Time>2569-04-11T12:49:00Z</Time>
						<HeartRateBpm>
							<Value>149</Value>
						</HeartRateBpm>
					</Trackpoint>
					<Trackpoint>
						<Time>2569-04-11T12:49:01Z</Time>
						<HeartRateBpm>
							<Value>151</Value>
						</HeartRateBpm>
					</Trackpoint>
					<Trackpoint>
						<Time>2569-04-11T12:49:02Z</Time>
						<HeartRateBpm>
							<Value>148</Value>
						</HeartRateBpm>
					</Trackpoint>
					<Trackpoint>
						<Time>2569-04-11T12:49:03Z</Time>
						<HeartRateBpm>
							<Value>144</Value>
						</HeartRateBpm>
					</Trackpoint>
					<Trackpoint>
						<Time>2569-04-11T12:49:04Z</Time>
						<HeartRateBpm>
							<Value>142</Value>
						</HeartRateBpm>
					</Trackpoint>
					<Trackpoint>
						<Time>2569-04-11T12:49:06Z</Time>
						<HeartRateBpm>
							<Value>140</Value>
						</HeartRateBpm>
					</Trackpoint>
					<Trackpoint>
						<Time>2569-04-11T12:49:06Z</Time>
						<HeartRateBpm>
							<Value>140</Value>
						</HeartRateBpm>
					</Trackpoint>
					<Trackpoint>
						<Time>2569-04-11T12:49:08Z</Time>
						<HeartRateBpm>
							<Value>140</Value>
						</HeartRateBpm>
					</Trackpoint>
					<Trackpoint>
						<Time>2569-04-11T12:49:09Z</Time>
						<HeartRateBpm>
							<Value>139</Value>
						</HeartRateBpm>
					</Trackpoint>
					<Trackpoint>
						<Time>2569-04-11T12:49:10Z</Time>
						<HeartRateBpm>
							<Value>139</Value>
						</HeartRateBpm>
					</Trackpoint>
					<Trackpoint>
						<Time>2569-04-11T12:49:11Z</Time>
						<HeartRateBpm>
							<Value>138</Value>
						</HeartRateBpm>
					</Trackpoint>
					<Trackpoint>
						<Time>2569-04-11T12:49:12Z</Time>
						<HeartRateBpm>
							<Value>137</Value>
						</HeartRateBpm>
					</Trackpoint>
					<Trackpoint>
						<Time>2569-04-11T12:49:13Z</Time>
						<HeartRateBpm>
							<Value>137</Value>
						</HeartRateBpm>
					</Trackpoint>
					<Trackpoint>
						<Time>2569-04-11T12:49:14Z</Time>
						<HeartRateBpm>
							<Value>136</Value>
						</HeartRateBpm>
					</Trackpoint>
					<Trackpoint>
						<Time>2569-04-11T12:49:15Z</Time>
						<HeartRateBpm>
							<Value>137</Value>
						</HeartRateBpm>
					</Trackpoint>
					<Trackpoint>
						<Time>2569-04-11T12:49:16Z</Time>
						<HeartRateBpm>
							<Value>136</Value>
						</HeartRateBpm>
					</Trackpoint>
					<Trackpoint>
						<Time>2569-04-11T12:49:17Z</Time>
						<HeartRateBpm>
							<Value>134</Value>
						</HeartRateBpm>
					</Trackpoint>
					<Trackpoint>
						<Time>2569-04-11T12:49:18Z</Time>
						<HeartRateBpm>
							<Value>132</Value>
						</HeartRateBpm>
					</Trackpoint>
					<Trackpoint>
						<Time>2569-04-11T12:49:19Z</Time>
						<HeartRateBpm>
							<Value>130</Value>
						</HeartRateBpm>
					</Trackpoint>
					<Trackpoint>
						<Time>2569-04-11T12:49:20Z</Time>
						<HeartRateBpm>
							<Value>129</Value>
						</HeartRateBpm>
					</Trackpoint>
					<Trackpoint>
						<Time>2569-04-11T12:49:21Z</Time>
						<HeartRateBpm>
							<Value>128</Value>
						</HeartRateBpm>
					</Trackpoint>
					<Trackpoint>
						<Time>2569-04-11T12:49:22Z</Time>
						<HeartRateBpm>
							<Value>127</Value>
						</HeartRateBpm>
					</Trackpoint>
					<Trackpoint>
						<Time>2569-04-11T12:49:23Z</Time>
						<HeartRateBpm>
							<Value>127</Value>
						</HeartRateBpm>
					</Trackpoint>
					<Trackpoint>
						<Time>2569-04-11T12:49:24Z</Time>
						<HeartRateBpm>
							<Value>125</Value>
						</HeartRateBpm>
					</Trackpoint>
					<Trackpoint>
						<Time>2569-04-11T12:49:25Z</Time>
						<HeartRateBpm>
							<Value>124</Value>
						</HeartRateBpm>
					</Trackpoint>
					<Trackpoint>
						<Time>2569-04-11T12:49:26Z</Time>
						<HeartRateBpm>
							<Value>123</Value>
						</HeartRateBpm>
					</Trackpoint>
					<Trackpoint>
						<Time>2569-04-11T12:49:27Z</Time>
						<HeartRateBpm>
							<Value>123</Value>
						</HeartRateBpm>
					</Trackpoint>
					<Trackpoint>
						<Time>2569-04-11T12:49:28Z</Time>
						<HeartRateBpm>
							<Value>123</Value>
						</HeartRateBpm>
					</Trackpoint>
					<Trackpoint>
						<Time>2569-04-11T12:49:29Z</Time>
						<HeartRateBpm>
							<Value>124</Value>
						</HeartRateBpm>
					</Trackpoint>
					<Trackpoint>
						<Time>2569-04-11T12:49:30Z</Time>
						<HeartRateBpm>
							<Value>124</Value>
						</HeartRateBpm>
					</Trackpoint>
					<Trackpoint>
						<Time>2569-04-11T12:49:31Z</Time>
						<HeartRateBpm>
							<Value>125</Value>
						</HeartRateBpm>
					</Trackpoint>
					<Trackpoint>
						<Time>2569-04-11T12:49:32Z</Time>
						<HeartRateBpm>
							<Value>126</Value>
						</HeartRateBpm>
					</Trackpoint>
					<Trackpoint>
						<Time>2569-04-11T12:49:33Z</Time>
						<HeartRateBpm>
							<Value>125</Value>
						</HeartRateBpm>
					</Trackpoint>
					<Trackpoint>
						<Time>2569-04-11T12:49:34Z</Time>
						<HeartRateBpm>
							<Value>125</Value>
						</HeartRateBpm>
					</Trackpoint>
					<Trackpoint>
						<Time>2569-04-11T12:49:35Z</Time>
						<HeartRateBpm>
							<Value>126</Value>
						</HeartRateBpm>
					</Trackpoint>
					<Trackpoint>
						<Time>2569-04-11T12:49:36Z</Time>
						<HeartRateBpm>
							<Value>125</Value>
						</HeartRateBpm>
					</Trackpoint>
					<Trackpoint>
						<Time>2569-04-11T12:49:37Z</Time>
						<HeartRateBpm>
							<Value>125</Value>
						</HeartRateBpm>
					</Trackpoint>
					<Trackpoint>
						<Time>2569-04-11T12:49:38Z</Time>
						<HeartRateBpm>
							<Value>125</Value>
						</HeartRateBpm>
					</Trackpoint>
					<Trackpoint>
						<Time>2569-04-11T12:49:39Z</Time>
						<HeartRateBpm>
							<Value>125</Value>
						</HeartRateBpm>
					</Trackpoint>
					<Trackpoint>
						<Time>2569-04-11T12:49:40Z</Time>
						<HeartRateBpm>
							<Value>127</Value>
						</HeartRateBpm>
					</Trackpoint>
					<Trackpoint>
						<Time>2569-04-11T12:49:40Z</Time>
						<HeartRateBpm>
							<Value>127</Value>
						</HeartRateBpm>
					</Trackpoint>
					<Trackpoint>
						<Time>2569-04-11T12:49:42Z</Time>
						<HeartRateBpm>
							<Value>124</Value>
						</HeartRateBpm>
					</Trackpoint>
					<Trackpoint>
						<Time>2569-04-11T12:49:42Z</Time>
						<HeartRateBpm>
							<Value>124</Value>
						</HeartRateBpm>
					</Trackpoint>
					<Trackpoint>
						<Time>2569-04-11T12:49:43Z</Time>
						<HeartRateBpm>
							<Value>124</Value>
						</HeartRateBpm>
					</Trackpoint>
					<Trackpoint>
						<Time>2569-04-11T12:49:44Z</Time>
						<HeartRateBpm>
							<Value>124</Value>
						</HeartRateBpm>
					</Trackpoint>
					<Trackpoint>
						<Time>2569-04-11T12:49:45Z</Time>
						<HeartRateBpm>
							<Value>124</Value>
						</HeartRateBpm>
					</Trackpoint>
					<Trackpoint>
						<Time>2569-04-11T12:49:47Z</Time>
						<HeartRateBpm>
							<Value>126</Value>
						</HeartRateBpm>
					</Trackpoint>
					<Trackpoint>
						<Time>2569-04-11T12:49:47Z</Time>
						<HeartRateBpm>
							<Value>126</Value>
						</HeartRateBpm>
					</Trackpoint>
					<Trackpoint>
						<Time>2569-04-11T12:49:49Z</Time>
						<HeartRateBpm>
							<Value>126</Value>
						</HeartRateBpm>
					</Trackpoint>
					<Trackpoint>
						<Time>2569-04-11T12:49:50Z</Time>
						<HeartRateBpm>
							<Value>128</Value>
						</HeartRateBpm>
					</Trackpoint>
					<Trackpoint>
						<Time>2569-04-11T12:49:51Z</Time>
						<HeartRateBpm>
							<Value>129</Value>
						</HeartRateBpm>
					</Trackpoint>
					<Trackpoint>
						<Time>2569-04-11T12:49:52Z</Time>
						<HeartRateBpm>
							<Value>130</Value>
						</HeartRateBpm>
					</Trackpoint>
					<Trackpoint>
						<Time>2569-04-11T12:49:53Z</Time>
						<HeartRateBpm>
							<Value>131</Value>
						</HeartRateBpm>
					</Trackpoint>
					<Trackpoint>
						<Time>2569-04-11T12:49:54Z</Time>
						<HeartRateBpm>
							<Value>132</Value>
						</HeartRateBpm>
					</Trackpoint>
					<Trackpoint>
						<Time>2569-04-11T12:49:55Z</Time>
						<HeartRateBpm>
							<Value>132</Value>
						</HeartRateBpm>
					</Trackpoint>
					<Trackpoint>
						<Time>2569-04-11T12:49:56Z</Time>
						<HeartRateBpm>
							<Value>133</Value>
						</HeartRateBpm>
					</Trackpoint>
					<Trackpoint>
						<Time>2569-04-11T12:49:57Z</Time>
						<HeartRateBpm>
							<Value>134</Value>
						</HeartRateBpm>
					</Trackpoint>
					<Trackpoint>
						<Time>2569-04-11T12:49:58Z</Time>
						<HeartRateBpm>
							<Value>135</Value>
						</HeartRateBpm>
					</Trackpoint>
					<Trackpoint>
						<Time>2569-04-11T12:49:59Z</Time>
						<HeartRateBpm>
							<Value>137</Value>
						</HeartRateBpm>
					</Trackpoint>
					<Trackpoint>
						<Time>2569-04-11T12:50:00Z</Time>
						<HeartRateBpm>
							<Value>138</Value>
						</HeartRateBpm>
					</Trackpoint>
					<Trackpoint>
						<Time>2569-04-11T12:50:01Z</Time>
						<HeartRateBpm>
							<Value>139</Value>
						</HeartRateBpm>
					</Trackpoint>
					<Trackpoint>
						<Time>2569-04-11T12:50:02Z</Time>
						<HeartRateBpm>
							<Value>141</Value>
						</HeartRateBpm>
					</Trackpoint>
					<Trackpoint>
						<Time>2569-04-11T12:50:03Z</Time>
						<HeartRateBpm>
							<Value>141</Value>
						</HeartRateBpm>
					</Trackpoint>
					<Trackpoint>
						<Time>2569-04-11T12:50:04Z</Time>
						<HeartRateBpm>
							<Value>142</Value>
						</HeartRateBpm>
					</Trackpoint>
					<Trackpoint>
						<Time>2569-04-11T12:50:05Z</Time>
						<HeartRateBpm>
							<Value>139</Value>
						</HeartRateBpm>
					</Trackpoint>
					<Trackpoint>
						<Time>2569-04-11T12:50:06Z</Time>
						<HeartRateBpm>
							<Value>139</Value>
						</HeartRateBpm>
					</Trackpoint>
					<Trackpoint>
						<Time>2569-04-11T12:50:07Z</Time>
						<HeartRateBpm>
							<Value>138</Value>
						</HeartRateBpm>
					</Trackpoint>
					<Trackpoint>
						<Time>2569-04-11T12:50:08Z</Time>
						<HeartRateBpm>
							<Value>142</Value>
						</HeartRateBpm>
					</Trackpoint>
					<Trackpoint>
						<Time>2569-04-11T12:50:09Z</Time>
						<HeartRateBpm>
							<Value>143</Value>
						</HeartRateBpm>
					</Trackpoint>
					<Trackpoint>
						<Time>2569-04-11T12:50:10Z</Time>
						<HeartRateBpm>
							<Value>142</Value>
						</HeartRateBpm>
					</Trackpoint>
					<Trackpoint>
						<Time>2569-04-11T12:50:11Z</Time>
						<HeartRateBpm>
							<Value>141</Value>
						</HeartRateBpm>
					</Trackpoint>
					<Trackpoint>
						<Time>2569-04-11T12:50:12Z</Time>
						<HeartRateBpm>
							<Value>140</Value>
						</HeartRateBpm>
					</Trackpoint>
					<Trackpoint>
						<Time>2569-04-11T12:50:13Z</Time>
						<HeartRateBpm>
							<Value>139</Value>
						</HeartRateBpm>
					</Trackpoint>
					<Trackpoint>
						<Time>2569-04-11T12:50:14Z</Time>
						<HeartRateBpm>
							<Value>140</Value>
						</HeartRateBpm>
					</Trackpoint>
					<Trackpoint>
						<Time>2569-04-11T12:50:15Z</Time>
						<HeartRateBpm>
							<Value>139</Value>
						</HeartRateBpm>
					</Trackpoint>
					<Trackpoint>
						<Time>2569-04-11T12:50:16Z</Time>
						<HeartRateBpm>
							<Value>139</Value>
						</HeartRateBpm>
					</Trackpoint>
					<Trackpoint>
						<Time>2569-04-11T12:50:17Z</Time>
						<HeartRateBpm>
							<Value>139</Value>
						</HeartRateBpm>
					</Trackpoint>
					<Trackpoint>
						<Time>2569-04-11T12:50:18Z</Time>
						<HeartRateBpm>
							<Value>140</Value>
						</HeartRateBpm>
					</Trackpoint>
					<Trackpoint>
						<Time>2569-04-11T12:50:19Z</Time>
						<HeartRateBpm>
							<Value>140</Value>
						</HeartRateBpm>
					</Trackpoint>
					<Trackpoint>
						<Time>2569-04-11T12:50:20Z</Time>
						<HeartRateBpm>
							<Value>140</Value>
						</HeartRateBpm>
					</Trackpoint>
					<Trackpoint>
						<Time>2569-04-11T12:50:21Z</Time>
						<HeartRateBpm>
							<Value>140</Value>
						</HeartRateBpm>
					</Trackpoint>
					<Trackpoint>
						<Time>2569-04-11T12:50:22Z</Time>
						<HeartRateBpm>
							<Value>141</Value>
						</HeartRateBpm>
					</Trackpoint>
					<Trackpoint>
						<Time>2569-04-11T12:50:23Z</Time>
						<HeartRateBpm>
							<Value>141</Value>
						</HeartRateBpm>
					</Trackpoint>
					<Trackpoint>
						<Time>2569-04-11T12:50:24Z</Time>
						<HeartRateBpm>
							<Value>142</Value>
						</HeartRateBpm>
					</Trackpoint>
					<Trackpoint>
						<Time>2569-04-11T12:50:25Z</Time>
						<HeartRateBpm>
							<Value>143</Value>
						</HeartRateBpm>
					</Trackpoint>
					<Trackpoint>
						<Time>2569-04-11T12:50:26Z</Time>
						<HeartRateBpm>
							<Value>143</Value>
						</HeartRateBpm>
					</Trackpoint>
					<Trackpoint>
						<Time>2569-04-11T12:50:27Z</Time>
						<HeartRateBpm>
							<Value>142</Value>
						</HeartRateBpm>
					</Trackpoint>
					<Trackpoint>
						<Time>2569-04-11T12:50:28Z</Time>
						<HeartRateBpm>
							<Value>142</Value>
						</HeartRateBpm>
					</Trackpoint>
					<Trackpoint>
						<Time>2569-04-11T12:50:29Z</Time>
						<HeartRateBpm>
							<Value>143</Value>
						</HeartRateBpm>
					</Trackpoint>
					<Trackpoint>
						<Time>2569-04-11T12:50:30Z</Time>
						<HeartRateBpm>
							<Value>144</Value>
						</HeartRateBpm>
					</Trackpoint>
					<Trackpoint>
						<Time>2569-04-11T12:50:31Z</Time>
						<HeartRateBpm>
							<Value>144</Value>
						</HeartRateBpm>
					</Trackpoint>
					<Trackpoint>
						<Time>2569-04-11T12:50:32Z</Time>
						<HeartRateBpm>
							<Value>144</Value>
						</HeartRateBpm>
					</Trackpoint>
					<Trackpoint>
						<Time>2569-04-11T12:50:33Z</Time>
						<HeartRateBpm>
							<Value>144</Value>
						</HeartRateBpm>
					</Trackpoint>
					<Trackpoint>
						<Time>2569-04-11T12:50:34Z</Time>
						<HeartRateBpm>
							<Value>142</Value>
						</HeartRateBpm>
					</Trackpoint>
					<Trackpoint>
						<Time>2569-04-11T12:50:35Z</Time>
						<HeartRateBpm>
							<Value>144</Value>
						</HeartRateBpm>
					</Trackpoint>
					<Trackpoint>
						<Time>2569-04-11T12:50:36Z</Time>
						<HeartRateBpm>
							<Value>144</Value>
						</HeartRateBpm>
					</Trackpoint>
					<Trackpoint>
						<Time>2569-04-11T12:50:37Z</Time>
						<HeartRateBpm>
							<Value>146</Value>
						</HeartRateBpm>
					</Trackpoint>
					<Trackpoint>
						<Time>2569-04-11T12:50:38Z</Time>
						<HeartRateBpm>
							<Value>147</Value>
						</HeartRateBpm>
					</Trackpoint>
					<Trackpoint>
						<Time>2569-04-11T12:50:39Z</Time>
						<HeartRateBpm>
							<Value>146</Value>
						</HeartRateBpm>
					</Trackpoint>
					<Trackpoint>
						<Time>2569-04-11T12:50:40Z</Time>
						<HeartRateBpm>
							<Value>146</Value>
						</HeartRateBpm>
					</Trackpoint>
					<Trackpoint>
						<Time>2569-04-11T12:50:41Z</Time>
						<HeartRateBpm>
							<Value>145</Value>
						</HeartRateBpm>
					</Trackpoint>
					<Trackpoint>
						<Time>2569-04-11T12:50:42Z</Time>
						<HeartRateBpm>
							<Value>148</Value>
						</HeartRateBpm>
					</Trackpoint>
					<Trackpoint>
						<Time>2569-04-11T12:50:43Z</Time>
						<HeartRateBpm>
							<Value>148</Value>
						</HeartRateBpm>
					</Trackpoint>
					<Trackpoint>
						<Time>2569-04-11T12:50:44Z</Time>
						<HeartRateBpm>
							<Value>147</Value>
						</HeartRateBpm>
					</Trackpoint>
					<Trackpoint>
						<Time>2569-04-11T12:50:45Z</Time>
						<HeartRateBpm>
							<Value>144</Value>
						</HeartRateBpm>
					</Trackpoint>
					<Trackpoint>
						<Time>2569-04-11T12:50:45Z</Time>
						<HeartRateBpm>
							<Value>144</Value>
						</HeartRateBpm>
					</Trackpoint>
					<Trackpoint>
						<Time>2569-04-11T12:50:47Z</Time>
						<HeartRateBpm>
							<Value>143</Value>
						</HeartRateBpm>
					</Trackpoint>
					<Trackpoint>
						<Time>2569-04-11T12:50:47Z</Time>
						<HeartRateBpm>
							<Value>143</Value>
						</HeartRateBpm>
					</Trackpoint>
					<Trackpoint>
						<Time>2569-04-11T12:50:49Z</Time>
						<HeartRateBpm>
							<Value>142</Value>
						</HeartRateBpm>
					</Trackpoint>
					<Trackpoint>
						<Time>2569-04-11T12:50:50Z</Time>
						<HeartRateBpm>
							<Value>142</Value>
						</HeartRateBpm>
					</Trackpoint>
					<Trackpoint>
						<Time>2569-04-11T12:50:51Z</Time>
						<HeartRateBpm>
							<Value>142</Value>
						</HeartRateBpm>
					</Trackpoint>
					<Trackpoint>
						<Time>2569-04-11T12:50:52Z</Time>
						<HeartRateBpm>
							<Value>141</Value>
						</HeartRateBpm>
					</Trackpoint>
					<Trackpoint>
						<Time>2569-04-11T12:50:53Z</Time>
						<HeartRateBpm>
							<Value>141</Value>
						</HeartRateBpm>
					</Trackpoint>
					<Trackpoint>
						<Time>2569-04-11T12:50:54Z</Time>
						<HeartRateBpm>
							<Value>140</Value>
						</HeartRateBpm>
					</Trackpoint>
					<Trackpoint>
						<Time>2569-04-11T12:50:55Z</Time>
						<HeartRateBpm>
							<Value>140</Value>
						</HeartRateBpm>
					</Trackpoint>
					<Trackpoint>
						<Time>2569-04-11T12:50:56Z</Time>
						<HeartRateBpm>
							<Value>140</Value>
						</HeartRateBpm>
					</Trackpoint>
					<Trackpoint>
						<Time>2569-04-11T12:50:57Z</Time>
						<HeartRateBpm>
							<Value>139</Value>
						</HeartRateBpm>
					</Trackpoint>
					<Trackpoint>
						<Time>2569-04-11T12:50:58Z</Time>
						<HeartRateBpm>
							<Value>138</Value>
						</HeartRateBpm>
					</Trackpoint>
					<Trackpoint>
						<Time>2569-04-11T12:50:59Z</Time>
						<HeartRateBpm>
							<Value>138</Value>
						</HeartRateBpm>
					</Trackpoint>
					<Trackpoint>
						<Time>2569-04-11T12:51:00Z</Time>
						<HeartRateBpm>
							<Value>137</Value>
						</HeartRateBpm>
					</Trackpoint>
					<Trackpoint>
						<Time>2569-04-11T12:51:01Z</Time>
						<HeartRateBpm>
							<Value>137</Value>
						</HeartRateBpm>
					</Trackpoint>
					<Trackpoint>
						<Time>2569-04-11T12:51:02Z</Time>
						<HeartRateBpm>
							<Value>136</Value>
						</HeartRateBpm>
					</Trackpoint>
					<Trackpoint>
						<Time>2569-04-11T12:51:03Z</Time>
						<HeartRateBpm>
							<Value>135</Value>
						</HeartRateBpm>
					</Trackpoint>
					<Trackpoint>
						<Time>2569-04-11T12:51:04Z</Time>
						<HeartRateBpm>
							<Value>133</Value>
						</HeartRateBpm>
					</Trackpoint>
					<Trackpoint>
						<Time>2569-04-11T12:51:05Z</Time>
						<HeartRateBpm>
							<Value>132</Value>
						</HeartRateBpm>
					</Trackpoint>
					<Trackpoint>
						<Time>2569-04-11T12:51:06Z</Time>
						<HeartRateBpm>
							<Value>130</Value>
						</HeartRateBpm>
					</Trackpoint>
					<Trackpoint>
						<Time>2569-04-11T12:51:07Z</Time>
						<HeartRateBpm>
							<Value>130</Value>
						</HeartRateBpm>
					</Trackpoint>
					<Trackpoint>
						<Time>2569-04-11T12:51:08Z</Time>
						<HeartRateBpm>
							<Value>128</Value>
						</HeartRateBpm>
					</Trackpoint>
					<Trackpoint>
						<Time>2569-04-11T12:51:09Z</Time>
						<HeartRateBpm>
							<Value>127</Value>
						</HeartRateBpm>
					</Trackpoint>
					<Trackpoint>
						<Time>2569-04-11T12:51:10Z</Time>
						<HeartRateBpm>
							<Value>126</Value>
						</HeartRateBpm>
					</Trackpoint>
					<Trackpoint>
						<Time>2569-04-11T12:51:11Z</Time>
						<HeartRateBpm>
							<Value>125</Value>
						</HeartRateBpm>
					</Trackpoint>
					<Trackpoint>
						<Time>2569-04-11T12:51:12Z</Time>
						<HeartRateBpm>
							<Value>125</Value>
						</HeartRateBpm>
					</Trackpoint>
					<Trackpoint>
						<Time>2569-04-11T12:51:13Z</Time>
						<HeartRateBpm>
							<Value>124</Value>
						</HeartRateBpm>
					</Trackpoint>
					<Trackpoint>
						<Time>2569-04-11T12:51:14Z</Time>
						<HeartRateBpm>
							<Value>124</Value>
						</HeartRateBpm>
					</Trackpoint>
					<Trackpoint>
						<Time>2569-04-11T12:51:15Z</Time>
						<HeartRateBpm>
							<Value>125</Value>
						</HeartRateBpm>
					</Trackpoint>
					<Trackpoint>
						<Time>2569-04-11T12:51:16Z</Time>
						<HeartRateBpm>
							<Value>126</Value>
						</HeartRateBpm>
					</Trackpoint>
					<Trackpoint>
						<Time>2569-04-11T12:51:17Z</Time>
						<HeartRateBpm>
							<Value>126</Value>
						</HeartRateBpm>
					</Trackpoint>
					<Trackpoint>
						<Time>2569-04-11T12:51:18Z</Time>
						<HeartRateBpm>
							<Value>126</Value>
						</HeartRateBpm>
					</Trackpoint>
					<Trackpoint>
						<Time>2569-04-11T12:51:18Z</Time>
						<HeartRateBpm>
							<Value>126</Value>
						</HeartRateBpm>
					</Trackpoint>
					<Trackpoint>
						<Time>2569-04-11T12:51:20Z</Time>
						<HeartRateBpm>
							<Value>125</Value>
						</HeartRateBpm>
					</Trackpoint>
					<Trackpoint>
						<Time>2569-04-11T12:51:21Z</Time>
						<HeartRateBpm>
							<Value>125</Value>
						</HeartRateBpm>
					</Trackpoint>
					<Trackpoint>
						<Time>2569-04-11T12:51:22Z</Time>
						<HeartRateBpm>
							<Value>124</Value>
						</HeartRateBpm>
					</Trackpoint>
					<Trackpoint>
						<Time>2569-04-11T12:51:23Z</Time>
						<HeartRateBpm>
							<Value>123</Value>
						</HeartRateBpm>
					</Trackpoint>
					<Trackpoint>
						<Time>2569-04-11T12:51:24Z</Time>
						<HeartRateBpm>
							<Value>122</Value>
						</HeartRateBpm>
					</Trackpoint>
					<Trackpoint>
						<Time>2569-04-11T12:51:25Z</Time>
						<HeartRateBpm>
							<Value>121</Value>
						</HeartRateBpm>
					</Trackpoint>
					<Trackpoint>
						<Time>2569-04-11T12:51:26Z</Time>
						<HeartRateBpm>
							<Value>120</Value>
						</HeartRateBpm>
					</Trackpoint>
					<Trackpoint>
						<Time>2569-04-11T12:51:27Z</Time>
						<HeartRateBpm>
							<Value>119</Value>
						</HeartRateBpm>
					</Trackpoint>
					<Trackpoint>
						<Time>2569-04-11T12:51:28Z</Time>
						<HeartRateBpm>
							<Value>119</Value>
						</HeartRateBpm>
					</Trackpoint>
					<Trackpoint>
						<Time>2569-04-11T12:51:29Z</Time>
						<HeartRateBpm>
							<Value>119</Value>
						</HeartRateBpm>
					</Trackpoint>
					<Trackpoint>
						<Time>2569-04-11T12:51:30Z</Time>
						<HeartRateBpm>
							<Value>119</Value>
						</HeartRateBpm>
					</Trackpoint>
					<Trackpoint>
						<Time>2569-04-11T12:51:31Z</Time>
						<HeartRateBpm>
							<Value>119</Value>
						</HeartRateBpm>
					</Trackpoint>
					<Trackpoint>
						<Time>2569-04-11T12:51:32Z</Time>
						<HeartRateBpm>
							<Value>118</Value>
						</HeartRateBpm>
					</Trackpoint>
					<Trackpoint>
						<Time>2569-04-11T12:51:33Z</Time>
						<HeartRateBpm>
							<Value>118</Value>
						</HeartRateBpm>
					</Trackpoint>
					<Trackpoint>
						<Time>2569-04-11T12:51:34Z</Time>
						<HeartRateBpm>
							<Value>118</Value>
						</HeartRateBpm>
					</Trackpoint>
					<Trackpoint>
						<Time>2569-04-11T12:51:35Z</Time>
						<HeartRateBpm>
							<Value>118</Value>
						</HeartRateBpm>
					</Trackpoint>
					<Trackpoint>
						<Time>2569-04-11T12:51:36Z</Time>
						<HeartRateBpm>
							<Value>118</Value>
						</HeartRateBpm>
					</Trackpoint>
					<Trackpoint>
						<Time>2569-04-11T12:51:37Z</Time>
						<HeartRateBpm>
							<Value>118</Value>
						</HeartRateBpm>
					</Trackpoint>
					<Trackpoint>
						<Time>2569-04-11T12:51:38Z</Time>
						<HeartRateBpm>
							<Value>117</Value>
						</HeartRateBpm>
					</Trackpoint>
					<Trackpoint>
						<Time>2569-04-11T12:51:39Z</Time>
						<HeartRateBpm>
							<Value>118</Value>
						</HeartRateBpm>
					</Trackpoint>
					<Trackpoint>
						<Time>2569-04-11T12:51:40Z</Time>
						<HeartRateBpm>
							<Value>116</Value>
						</HeartRateBpm>
					</Trackpoint>
					<Trackpoint>
						<Time>2569-04-11T12:51:41Z</Time>
						<HeartRateBpm>
							<Value>116</Value>
						</HeartRateBpm>
					</Trackpoint>
					<Trackpoint>
						<Time>2569-04-11T12:51:42Z</Time>
						<HeartRateBpm>
							<Value>116</Value>
						</HeartRateBpm>
					</Trackpoint>
					<Trackpoint>
						<Time>2569-04-11T12:51:43Z</Time>
						<HeartRateBpm>
							<Value>116</Value>
						</HeartRateBpm>
					</Trackpoint>
					<Trackpoint>
						<Time>2569-04-11T12:51:44Z</Time>
						<HeartRateBpm>
							<Value>118</Value>
						</HeartRateBpm>
					</Trackpoint>
					<Trackpoint>
						<Time>2569-04-11T12:51:45Z</Time>
						<HeartRateBpm>
							<Value>120</Value>
						</HeartRateBpm>
					</Trackpoint>
					<Trackpoint>
						<Time>2569-04-11T12:51:46Z</Time>
						<HeartRateBpm>
							<Value>121</Value>
						</HeartRateBpm>
					</Trackpoint>
					<Trackpoint>
						<Time>2569-04-11T12:51:47Z</Time>
						<HeartRateBpm>
							<Value>122</Value>
						</HeartRateBpm>
					</Trackpoint>
					<Trackpoint>
						<Time>2569-04-11T12:51:48Z</Time>
						<HeartRateBpm>
							<Value>125</Value>
						</HeartRateBpm>
					</Trackpoint>
					<Trackpoint>
						<Time>2569-04-11T12:51:49Z</Time>
						<HeartRateBpm>
							<Value>126</Value>
						</HeartRateBpm>
					</Trackpoint>
					<Trackpoint>
						<Time>2569-04-11T12:51:50Z</Time>
						<HeartRateBpm>
							<Value>127</Value>
						</HeartRateBpm>
					</Trackpoint>
					<Trackpoint>
						<Time>2569-04-11T12:51:51Z</Time>
						<HeartRateBpm>
							<Value>129</Value>
						</HeartRateBpm>
					</Trackpoint>
					<Trackpoint>
						<Time>2569-04-11T12:51:52Z</Time>
						<HeartRateBpm>
							<Value>131</Value>
						</HeartRateBpm>
					</Trackpoint>
					<Trackpoint>
						<Time>2569-04-11T12:51:53Z</Time>
						<HeartRateBpm>
							<Value>133</Value>
						</HeartRateBpm>
					</Trackpoint>
					<Trackpoint>
						<Time>2569-04-11T12:51:54Z</Time>
						<HeartRateBpm>
							<Value>133</Value>
						</HeartRateBpm>
					</Trackpoint>
					<Trackpoint>
						<Time>2569-04-11T12:51:55Z</Time>
						<HeartRateBpm>
							<Value>134</Value>
						</HeartRateBpm>
					</Trackpoint>
					<Trackpoint>
						<Time>2569-04-11T12:51:56Z</Time>
						<HeartRateBpm>
							<Value>136</Value>
						</HeartRateBpm>
					</Trackpoint>
					<Trackpoint>
						<Time>2569-04-11T12:51:57Z</Time>
						<HeartRateBpm>
							<Value>137</Value>
						</HeartRateBpm>
					</Trackpoint>
					<Trackpoint>
						<Time>2569-04-11T12:51:58Z</Time>
						<HeartRateBpm>
							<Value>137</Value>
						</HeartRateBpm>
					</Trackpoint>
					<Trackpoint>
						<Time>2569-04-11T12:51:59Z</Time>
						<HeartRateBpm>
							<Value>137</Value>
						</HeartRateBpm>
					</Trackpoint>
					<Trackpoint>
						<Time>2569-04-11T12:52:00Z</Time>
						<HeartRateBpm>
							<Value>136</Value>
						</HeartRateBpm>
					</Trackpoint>
					<Trackpoint>
						<Time>2569-04-11T12:52:01Z</Time>
						<HeartRateBpm>
							<Value>136</Value>
						</HeartRateBpm>
					</Trackpoint>
					<Trackpoint>
						<Time>2569-04-11T12:52:02Z</Time>
						<HeartRateBpm>
							<Value>138</Value>
						</HeartRateBpm>
					</Trackpoint>
					<Trackpoint>
						<Time>2569-04-11T12:52:03Z</Time>
						<HeartRateBpm>
							<Value>139</Value>
						</HeartRateBpm>
					</Trackpoint>
					<Trackpoint>
						<Time>2569-04-11T12:52:04Z</Time>
						<HeartRateBpm>
							<Value>140</Value>
						</HeartRateBpm>
					</Trackpoint>
					<Trackpoint>
						<Time>2569-04-11T12:52:05Z</Time>
						<HeartRateBpm>
							<Value>141</Value>
						</HeartRateBpm>
					</Trackpoint>
					<Trackpoint>
						<Time>2569-04-11T12:52:06Z</Time>
						<HeartRateBpm>
							<Value>143</Value>
						</HeartRateBpm>
					</Trackpoint>
					<Trackpoint>
						<Time>2569-04-11T12:52:07Z</Time>
						<HeartRateBpm>
							<Value>144</Value>
						</HeartRateBpm>
					</Trackpoint>
					<Trackpoint>
						<Time>2569-04-11T12:52:08Z</Time>
						<HeartRateBpm>
							<Value>145</Value>
						</HeartRateBpm>
					</Trackpoint>
					<Trackpoint>
						<Time>2569-04-11T12:52:09Z</Time>
						<HeartRateBpm>
							<Value>145</Value>
						</HeartRateBpm>
					</Trackpoint>
					<Trackpoint>
						<Time>2569-04-11T12:52:10Z</Time>
						<HeartRateBpm>
							<Value>145</Value>
						</HeartRateBpm>
					</Trackpoint>
					<Trackpoint>
						<Time>2569-04-11T12:52:11Z</Time>
						<HeartRateBpm>
							<Value>146</Value>
						</HeartRateBpm>
					</Trackpoint>
					<Trackpoint>
						<Time>2569-04-11T12:52:12Z</Time>
						<HeartRateBpm>
							<Value>146</Value>
						</HeartRateBpm>
					</Trackpoint>
					<Trackpoint>
						<Time>2569-04-11T12:52:13Z</Time>
						<HeartRateBpm>
							<Value>146</Value>
						</HeartRateBpm>
					</Trackpoint>
					<Trackpoint>
						<Time>2569-04-11T12:52:14Z</Time>
						<HeartRateBpm>
							<Value>147</Value>
						</HeartRateBpm>
					</Trackpoint>
					<Trackpoint>
						<Time>2569-04-11T12:52:15Z</Time>
						<HeartRateBpm>
							<Value>147</Value>
						</HeartRateBpm>
					</Trackpoint>
					<Trackpoint>
						<Time>2569-04-11T12:52:16Z</Time>
						<HeartRateBpm>
							<Value>148</Value>
						</HeartRateBpm>
					</Trackpoint>
					<Trackpoint>
						<Time>2569-04-11T12:52:17Z</Time>
						<HeartRateBpm>
							<Value>150</Value>
						</HeartRateBpm>
					</Trackpoint>
					<Trackpoint>
						<Time>2569-04-11T12:52:18Z</Time>
						<HeartRateBpm>
							<Value>150</Value>
						</HeartRateBpm>
					</Trackpoint>
					<Trackpoint>
						<Time>2569-04-11T12:52:19Z</Time>
						<HeartRateBpm>
							<Value>150</Value>
						</HeartRateBpm>
					</Trackpoint>
					<Trackpoint>
						<Time>2569-04-11T12:52:20Z</Time>
						<HeartRateBpm>
							<Value>148</Value>
						</HeartRateBpm>
					</Trackpoint>
					<Trackpoint>
						<Time>2569-04-11T12:52:21Z</Time>
						<HeartRateBpm>
							<Value>149</Value>
						</HeartRateBpm>
					</Trackpoint>
					<Trackpoint>
						<Time>2569-04-11T12:52:22Z</Time>
						<HeartRateBpm>
							<Value>149</Value>
						</HeartRateBpm>
					</Trackpoint>
					<Trackpoint>
						<Time>2569-04-11T12:52:23Z</Time>
						<HeartRateBpm>
							<Value>148</Value>
						</HeartRateBpm>
					</Trackpoint>
					<Trackpoint>
						<Time>2569-04-11T12:52:24Z</Time>
						<HeartRateBpm>
							<Value>147</Value>
						</HeartRateBpm>
					</Trackpoint>
					<Trackpoint>
						<Time>2569-04-11T12:52:25Z</Time>
						<HeartRateBpm>
							<Value>148</Value>
						</HeartRateBpm>
					</Trackpoint>
					<Trackpoint>
						<Time>2569-04-11T12:52:26Z</Time>
						<HeartRateBpm>
							<Value>148</Value>
						</HeartRateBpm>
					</Trackpoint>
					<Trackpoint>
						<Time>2569-04-11T12:52:27Z</Time>
						<HeartRateBpm>
							<Value>148</Value>
						</HeartRateBpm>
					</Trackpoint>
					<Trackpoint>
						<Time>2569-04-11T12:52:28Z</Time>
						<HeartRateBpm>
							<Value>148</Value>
						</HeartRateBpm>
					</Trackpoint>
					<Trackpoint>
						<Time>2569-04-11T12:52:29Z</Time>
						<HeartRateBpm>
							<Value>147</Value>
						</HeartRateBpm>
					</Trackpoint>
					<Trackpoint>
						<Time>2569-04-11T12:52:30Z</Time>
						<HeartRateBpm>
							<Value>147</Value>
						</HeartRateBpm>
					</Trackpoint>
					<Trackpoint>
						<Time>2569-04-11T12:52:31Z</Time>
						<HeartRateBpm>
							<Value>147</Value>
						</HeartRateBpm>
					</Trackpoint>
					<Trackpoint>
						<Time>2569-04-11T12:52:32Z</Time>
						<HeartRateBpm>
							<Value>148</Value>
						</HeartRateBpm>
					</Trackpoint>
					<Trackpoint>
						<Time>2569-04-11T12:52:33Z</Time>
						<HeartRateBpm>
							<Value>148</Value>
						</HeartRateBpm>
					</Trackpoint>
					<Trackpoint>
						<Time>2569-04-11T12:52:34Z</Time>
						<HeartRateBpm>
							<Value>149</Value>
						</HeartRateBpm>
					</Trackpoint>
					<Trackpoint>
						<Time>2569-04-11T12:52:35Z</Time>
						<HeartRateBpm>
							<Value>149</Value>
						</HeartRateBpm>
					</Trackpoint>
					<Trackpoint>
						<Time>2569-04-11T12:52:36Z</Time>
						<HeartRateBpm>
							<Value>150</Value>
						</HeartRateBpm>
					</Trackpoint>
					<Trackpoint>
						<Time>2569-04-11T12:52:37Z</Time>
						<HeartRateBpm>
							<Value>150</Value>
						</HeartRateBpm>
					</Trackpoint>
					<Trackpoint>
						<Time>2569-04-11T12:52:38Z</Time>
						<HeartRateBpm>
							<Value>151</Value>
						</HeartRateBpm>
					</Trackpoint>
					<Trackpoint>
						<Time>2569-04-11T12:52:39Z</Time>
						<HeartRateBpm>
							<Value>150</Value>
						</HeartRateBpm>
					</Trackpoint>
					<Trackpoint>
						<Time>2569-04-11T12:52:40Z</Time>
						<HeartRateBpm>
							<Value>150</Value>
						</HeartRateBpm>
					</Trackpoint>
					<Trackpoint>
						<Time>2569-04-11T12:52:41Z</Time>
						<HeartRateBpm>
							<Value>149</Value>
						</HeartRateBpm>
					</Trackpoint>
					<Trackpoint>
						<Time>2569-04-11T12:52:42Z</Time>
						<HeartRateBpm>
							<Value>147</Value>
						</HeartRateBpm>
					</Trackpoint>
					<Trackpoint>
						<Time>2569-04-11T12:52:43Z</Time>
						<HeartRateBpm>
							<Value>148</Value>
						</HeartRateBpm>
					</Trackpoint>
					<Trackpoint>
						<Time>2569-04-11T12:52:44Z</Time>
						<HeartRateBpm>
							<Value>148</Value>
						</HeartRateBpm>
					</Trackpoint>
					<Trackpoint>
						<Time>2569-04-11T12:52:45Z</Time>
						<HeartRateBpm>
							<Value>149</Value>
						</HeartRateBpm>
					</Trackpoint>
					<Trackpoint>
						<Time>2569-04-11T12:52:46Z</Time>
						<HeartRateBpm>
							<Value>151</Value>
						</HeartRateBpm>
					</Trackpoint>
					<Trackpoint>
						<Time>2569-04-11T12:52:47Z</Time>
						<HeartRateBpm>
							<Value>152</Value>
						</HeartRateBpm>
					</Trackpoint>
					<Trackpoint>
						<Time>2569-04-11T12:52:48Z</Time>
						<HeartRateBpm>
							<Value>152</Value>
						</HeartRateBpm>
					</Trackpoint>
					<Trackpoint>
						<Time>2569-04-11T12:52:49Z</Time>
						<HeartRateBpm>
							<Value>152</Value>
						</HeartRateBpm>
					</Trackpoint>
					<Trackpoint>
						<Time>2569-04-11T12:52:50Z</Time>
						<HeartRateBpm>
							<Value>152</Value>
						</HeartRateBpm>
					</Trackpoint>
					<Trackpoint>
						<Time>2569-04-11T12:52:51Z</Time>
						<HeartRateBpm>
							<Value>152</Value>
						</HeartRateBpm>
					</Trackpoint>
					<Trackpoint>
						<Time>2569-04-11T12:52:52Z</Time>
						<HeartRateBpm>
							<Value>152</Value>
						</HeartRateBpm>
					</Trackpoint>
					<Trackpoint>
						<Time>2569-04-11T12:52:53Z</Time>
						<HeartRateBpm>
							<Value>152</Value>
						</HeartRateBpm>
					</Trackpoint>
					<Trackpoint>
						<Time>2569-04-11T12:52:54Z</Time>
						<HeartRateBpm>
							<Value>150</Value>
						</HeartRateBpm>
					</Trackpoint>
					<Trackpoint>
						<Time>2569-04-11T12:52:55Z</Time>
						<HeartRateBpm>
							<Value>149</Value>
						</HeartRateBpm>
					</Trackpoint>
					<Trackpoint>
						<Time>2569-04-11T12:52:56Z</Time>
						<HeartRateBpm>
							<Value>148</Value>
						</HeartRateBpm>
					</Trackpoint>
					<Trackpoint>
						<Time>2569-04-11T12:52:57Z</Time>
						<HeartRateBpm>
							<Value>145</Value>
						</HeartRateBpm>
					</Trackpoint>
					<Trackpoint>
						<Time>2569-04-11T12:52:57Z</Time>
						<HeartRateBpm>
							<Value>145</Value>
						</HeartRateBpm>
					</Trackpoint>
					<Trackpoint>
						<Time>2569-04-11T12:52:59Z</Time>
						<HeartRateBpm>
							<Value>144</Value>
						</HeartRateBpm>
					</Trackpoint>
					<Trackpoint>
						<Time>2569-04-11T12:53:00Z</Time>
						<HeartRateBpm>
							<Value>144</Value>
						</HeartRateBpm>
					</Trackpoint>
					<Trackpoint>
						<Time>2569-04-11T12:53:01Z</Time>
						<HeartRateBpm>
							<Value>143</Value>
						</HeartRateBpm>
					</Trackpoint>
					<Trackpoint>
						<Time>2569-04-11T12:53:02Z</Time>
						<HeartRateBpm>
							<Value>144</Value>
						</HeartRateBpm>
					</Trackpoint>
					<Trackpoint>
						<Time>2569-04-11T12:53:03Z</Time>
						<HeartRateBpm>
							<Value>143</Value>
						</HeartRateBpm>
					</Trackpoint>
					<Trackpoint>
						<Time>2569-04-11T12:53:04Z</Time>
						<HeartRateBpm>
							<Value>143</Value>
						</HeartRateBpm>
					</Trackpoint>
					<Trackpoint>
						<Time>2569-04-11T12:53:05Z</Time>
						<HeartRateBpm>
							<Value>142</Value>
						</HeartRateBpm>
					</Trackpoint>
					<Trackpoint>
						<Time>2569-04-11T12:53:06Z</Time>
						<HeartRateBpm>
							<Value>140</Value>
						</HeartRateBpm>
					</Trackpoint>
					<Trackpoint>
						<Time>2569-04-11T12:53:07Z</Time>
						<HeartRateBpm>
							<Value>139</Value>
						</HeartRateBpm>
					</Trackpoint>
					<Trackpoint>
						<Time>2569-04-11T12:53:08Z</Time>
						<HeartRateBpm>
							<Value>136</Value>
						</HeartRateBpm>
					</Trackpoint>
					<Trackpoint>
						<Time>2569-04-11T12:53:09Z</Time>
						<HeartRateBpm>
							<Value>135</Value>
						</HeartRateBpm>
					</Trackpoint>
					<Trackpoint>
						<Time>2569-04-11T12:53:10Z</Time>
						<HeartRateBpm>
							<Value>133</Value>
						</HeartRateBpm>
					</Trackpoint>
					<Trackpoint>
						<Time>2569-04-11T12:53:11Z</Time>
						<HeartRateBpm>
							<Value>131</Value>
						</HeartRateBpm>
					</Trackpoint>
					<Trackpoint>
						<Time>2569-04-11T12:53:12Z</Time>
						<HeartRateBpm>
							<Value>130</Value>
						</HeartRateBpm>
					</Trackpoint>
					<Trackpoint>
						<Time>2569-04-11T12:53:13Z</Time>
						<HeartRateBpm>
							<Value>129</Value>
						</HeartRateBpm>
					</Trackpoint>
					<Trackpoint>
						<Time>2569-04-11T12:53:14Z</Time>
						<HeartRateBpm>
							<Value>128</Value>
						</HeartRateBpm>
					</Trackpoint>
					<Trackpoint>
						<Time>2569-04-11T12:53:15Z</Time>
						<HeartRateBpm>
							<Value>127</Value>
						</HeartRateBpm>
					</Trackpoint>
					<Trackpoint>
						<Time>2569-04-11T12:53:16Z</Time>
						<HeartRateBpm>
							<Value>126</Value>
						</HeartRateBpm>
					</Trackpoint>
					<Trackpoint>
						<Time>2569-04-11T12:53:17Z</Time>
						<HeartRateBpm>
							<Value>125</Value>
						</HeartRateBpm>
					</Trackpoint>
					<Trackpoint>
						<Time>2569-04-11T12:53:18Z</Time>
						<HeartRateBpm>
							<Value>125</Value>
						</HeartRateBpm>
					</Trackpoint>
					<Trackpoint>
						<Time>2569-04-11T12:53:19Z</Time>
						<HeartRateBpm>
							<Value>124</Value>
						</HeartRateBpm>
					</Trackpoint>
					<Trackpoint>
						<Time>2569-04-11T12:53:20Z</Time>
						<HeartRateBpm>
							<Value>125</Value>
						</HeartRateBpm>
					</Trackpoint>
					<Trackpoint>
						<Time>2569-04-11T12:53:21Z</Time>
						<HeartRateBpm>
							<Value>125</Value>
						</HeartRateBpm>
					</Trackpoint>
					<Trackpoint>
						<Time>2569-04-11T12:53:22Z</Time>
						<HeartRateBpm>
							<Value>125</Value>
						</HeartRateBpm>
					</Trackpoint>
					<Trackpoint>
						<Time>2569-04-11T12:53:23Z</Time>
						<HeartRateBpm>
							<Value>125</Value>
						</HeartRateBpm>
					</Trackpoint>
					<Trackpoint>
						<Time>2569-04-11T12:53:24Z</Time>
						<HeartRateBpm>
							<Value>125</Value>
						</HeartRateBpm>
					</Trackpoint>
					<Trackpoint>
						<Time>2569-04-11T12:53:25Z</Time>
						<HeartRateBpm>
							<Value>125</Value>
						</HeartRateBpm>
					</Trackpoint>
					<Trackpoint>
						<Time>2569-04-11T12:53:26Z</Time>
						<HeartRateBpm>
							<Value>125</Value>
						</HeartRateBpm>
					</Trackpoint>
					<Trackpoint>
						<Time>2569-04-11T12:53:27Z</Time>
						<HeartRateBpm>
							<Value>126</Value>
						</HeartRateBpm>
					</Trackpoint>
					<Trackpoint>
						<Time>2569-04-11T12:53:28Z</Time>
						<HeartRateBpm>
							<Value>125</Value>
						</HeartRateBpm>
					</Trackpoint>
					<Trackpoint>
						<Time>2569-04-11T12:53:29Z</Time>
						<HeartRateBpm>
							<Value>125</Value>
						</HeartRateBpm>
					</Trackpoint>
					<Trackpoint>
						<Time>2569-04-11T12:53:30Z</Time>
						<HeartRateBpm>
							<Value>125</Value>
						</HeartRateBpm>
					</Trackpoint>
					<Trackpoint>
						<Time>2569-04-11T12:53:31Z</Time>
						<HeartRateBpm>
							<Value>125</Value>
						</HeartRateBpm>
					</Trackpoint>
					<Trackpoint>
						<Time>2569-04-11T12:53:31Z</Time>
						<HeartRateBpm>
							<Value>125</Value>
						</HeartRateBpm>
					</Trackpoint>
					<Trackpoint>
						<Time>2569-04-11T12:53:33Z</Time>
						<HeartRateBpm>
							<Value>124</Value>
						</HeartRateBpm>
					</Trackpoint>
					<Trackpoint>
						<Time>2569-04-11T12:53:33Z</Time>
						<HeartRateBpm>
							<Value>124</Value>
						</HeartRateBpm>
					</Trackpoint>
					<Trackpoint>
						<Time>2569-04-11T12:53:35Z</Time>
						<HeartRateBpm>
							<Value>123</Value>
						</HeartRateBpm>
					</Trackpoint>
					<Trackpoint>
						<Time>2569-04-11T12:53:36Z</Time>
						<HeartRateBpm>
							<Value>121</Value>
						</HeartRateBpm>
					</Trackpoint>
					<Trackpoint>
						<Time>2569-04-11T12:53:36Z</Time>
						<HeartRateBpm>
							<Value>121</Value>
						</HeartRateBpm>
					</Trackpoint>
					<Trackpoint>
						<Time>2569-04-11T12:53:37Z</Time>
						<HeartRateBpm>
							<Value>120</Value>
						</HeartRateBpm>
					</Trackpoint>
					<Trackpoint>
						<Time>2569-04-11T12:53:38Z</Time>
						<HeartRateBpm>
							<Value>121</Value>
						</HeartRateBpm>
					</Trackpoint>
					<Trackpoint>
						<Time>2569-04-11T12:53:39Z</Time>
						<HeartRateBpm>
							<Value>122</Value>
						</HeartRateBpm>
					</Trackpoint>
					<Trackpoint>
						<Time>2569-04-11T12:53:40Z</Time>
						<HeartRateBpm>
							<Value>123</Value>
						</HeartRateBpm>
					</Trackpoint>
					<Trackpoint>
						<Time>2569-04-11T12:53:42Z</Time>
						<HeartRateBpm>
							<Value>124</Value>
						</HeartRateBpm>
					</Trackpoint>
					<Trackpoint>
						<Time>2569-04-11T12:53:42Z</Time>
						<HeartRateBpm>
							<Value>124</Value>
						</HeartRateBpm>
					</Trackpoint>
					<Trackpoint>
						<Time>2569-04-11T12:53:43Z</Time>
						<HeartRateBpm>
							<Value>125</Value>
						</HeartRateBpm>
					</Trackpoint>
					<Trackpoint>
						<Time>2569-04-11T12:53:45Z</Time>
						<HeartRateBpm>
							<Value>126</Value>
						</HeartRateBpm>
					</Trackpoint>
					<Trackpoint>
						<Time>2569-04-11T12:53:45Z</Time>
						<HeartRateBpm>
							<Value>126</Value>
						</HeartRateBpm>
					</Trackpoint>
					<Trackpoint>
						<Time>2569-04-11T12:53:46Z</Time>
						<HeartRateBpm>
							<Value>127</Value>
						</HeartRateBpm>
					</Trackpoint>
					<Trackpoint>
						<Time>2569-04-11T12:53:47Z</Time>
						<HeartRateBpm>
							<Value>127</Value>
						</HeartRateBpm>
					</Trackpoint>
					<Trackpoint>
						<Time>2569-04-11T12:53:48Z</Time>
						<HeartRateBpm>
							<Value>129</Value>
						</HeartRateBpm>
					</Trackpoint>
					<Trackpoint>
						<Time>2569-04-11T12:53:50Z</Time>
						<HeartRateBpm>
							<Value>130</Value>
						</HeartRateBpm>
					</Trackpoint>
					<Trackpoint>
						<Time>2569-04-11T12:53:51Z</Time>
						<HeartRateBpm>
							<Value>131</Value>
						</HeartRateBpm>
					</Trackpoint>
					<Trackpoint>
						<Time>2569-04-11T12:53:52Z</Time>
						<HeartRateBpm>
							<Value>131</Value>
						</HeartRateBpm>
					</Trackpoint>
					<Trackpoint>
						<Time>2569-04-11T12:53:53Z</Time>
						<HeartRateBpm>
							<Value>132</Value>
						</HeartRateBpm>
					</Trackpoint>
					<Trackpoint>
						<Time>2569-04-11T12:53:54Z</Time>
						<HeartRateBpm>
							<Value>133</Value>
						</HeartRateBpm>
					</Trackpoint>
					<Trackpoint>
						<Time>2569-04-11T12:53:55Z</Time>
						<HeartRateBpm>
							<Value>133</Value>
						</HeartRateBpm>
					</Trackpoint>
					<Trackpoint>
						<Time>2569-04-11T12:53:56Z</Time>
						<HeartRateBpm>
							<Value>133</Value>
						</HeartRateBpm>
					</Trackpoint>
					<Trackpoint>
						<Time>2569-04-11T12:53:57Z</Time>
						<HeartRateBpm>
							<Value>134</Value>
						</HeartRateBpm>
					</Trackpoint>
					<Trackpoint>
						<Time>2569-04-11T12:53:58Z</Time>
						<HeartRateBpm>
							<Value>135</Value>
						</HeartRateBpm>
					</Trackpoint>
					<Trackpoint>
						<Time>2569-04-11T12:53:59Z</Time>
						<HeartRateBpm>
							<Value>136</Value>
						</HeartRateBpm>
					</Trackpoint>
					<Trackpoint>
						<Time>2569-04-11T12:54:00Z</Time>
						<HeartRateBpm>
							<Value>135</Value>
						</HeartRateBpm>
					</Trackpoint>
					<Trackpoint>
						<Time>2569-04-11T12:54:01Z</Time>
						<HeartRateBpm>
							<Value>136</Value>
						</HeartRateBpm>
					</Trackpoint>
					<Trackpoint>
						<Time>2569-04-11T12:54:02Z</Time>
						<HeartRateBpm>
							<Value>137</Value>
						</HeartRateBpm>
					</Trackpoint>
					<Trackpoint>
						<Time>2569-04-11T12:54:03Z</Time>
						<HeartRateBpm>
							<Value>137</Value>
						</HeartRateBpm>
					</Trackpoint>
					<Trackpoint>
						<Time>2569-04-11T12:54:04Z</Time>
						<HeartRateBpm>
							<Value>138</Value>
						</HeartRateBpm>
					</Trackpoint>
					<Trackpoint>
						<Time>2569-04-11T12:54:05Z</Time>
						<HeartRateBpm>
							<Value>139</Value>
						</HeartRateBpm>
					</Trackpoint>
					<Trackpoint>
						<Time>2569-04-11T12:54:06Z</Time>
						<HeartRateBpm>
							<Value>139</Value>
						</HeartRateBpm>
					</Trackpoint>
					<Trackpoint>
						<Time>2569-04-11T12:54:07Z</Time>
						<HeartRateBpm>
							<Value>141</Value>
						</HeartRateBpm>
					</Trackpoint>
					<Trackpoint>
						<Time>2569-04-11T12:54:08Z</Time>
						<HeartRateBpm>
							<Value>142</Value>
						</HeartRateBpm>
					</Trackpoint>
					<Trackpoint>
						<Time>2569-04-11T12:54:09Z</Time>
						<HeartRateBpm>
							<Value>143</Value>
						</HeartRateBpm>
					</Trackpoint>
					<Trackpoint>
						<Time>2569-04-11T12:54:10Z</Time>
						<HeartRateBpm>
							<Value>144</Value>
						</HeartRateBpm>
					</Trackpoint>
					<Trackpoint>
						<Time>2569-04-11T12:54:11Z</Time>
						<HeartRateBpm>
							<Value>146</Value>
						</HeartRateBpm>
					</Trackpoint>
					<Trackpoint>
						<Time>2569-04-11T12:54:12Z</Time>
						<HeartRateBpm>
							<Value>146</Value>
						</HeartRateBpm>
					</Trackpoint>
					<Trackpoint>
						<Time>2569-04-11T12:54:13Z</Time>
						<HeartRateBpm>
							<Value>147</Value>
						</HeartRateBpm>
					</Trackpoint>
					<Trackpoint>
						<Time>2569-04-11T12:54:14Z</Time>
						<HeartRateBpm>
							<Value>147</Value>
						</HeartRateBpm>
					</Trackpoint>
					<Trackpoint>
						<Time>2569-04-11T12:54:15Z</Time>
						<HeartRateBpm>
							<Value>147</Value>
						</HeartRateBpm>
					</Trackpoint>
					<Trackpoint>
						<Time>2569-04-11T12:54:16Z</Time>
						<HeartRateBpm>
							<Value>148</Value>
						</HeartRateBpm>
					</Trackpoint>
					<Trackpoint>
						<Time>2569-04-11T12:54:17Z</Time>
						<HeartRateBpm>
							<Value>149</Value>
						</HeartRateBpm>
					</Trackpoint>
					<Trackpoint>
						<Time>2569-04-11T12:54:18Z</Time>
						<HeartRateBpm>
							<Value>147</Value>
						</HeartRateBpm>
					</Trackpoint>
					<Trackpoint>
						<Time>2569-04-11T12:54:19Z</Time>
						<HeartRateBpm>
							<Value>148</Value>
						</HeartRateBpm>
					</Trackpoint>
					<Trackpoint>
						<Time>2569-04-11T12:54:20Z</Time>
						<HeartRateBpm>
							<Value>148</Value>
						</HeartRateBpm>
					</Trackpoint>
					<Trackpoint>
						<Time>2569-04-11T12:54:21Z</Time>
						<HeartRateBpm>
							<Value>149</Value>
						</HeartRateBpm>
					</Trackpoint>
					<Trackpoint>
						<Time>2569-04-11T12:54:22Z</Time>
						<HeartRateBpm>
							<Value>148</Value>
						</HeartRateBpm>
					</Trackpoint>
					<Trackpoint>
						<Time>2569-04-11T12:54:23Z</Time>
						<HeartRateBpm>
							<Value>148</Value>
						</HeartRateBpm>
					</Trackpoint>
					<Trackpoint>
						<Time>2569-04-11T12:54:24Z</Time>
						<HeartRateBpm>
							<Value>149</Value>
						</HeartRateBpm>
					</Trackpoint>
					<Trackpoint>
						<Time>2569-04-11T12:54:25Z</Time>
						<HeartRateBpm>
							<Value>147</Value>
						</HeartRateBpm>
					</Trackpoint>
					<Trackpoint>
						<Time>2569-04-11T12:54:26Z</Time>
						<HeartRateBpm>
							<Value>147</Value>
						</HeartRateBpm>
					</Trackpoint>
					<Trackpoint>
						<Time>2569-04-11T12:54:27Z</Time>
						<HeartRateBpm>
							<Value>147</Value>
						</HeartRateBpm>
					</Trackpoint>
					<Trackpoint>
						<Time>2569-04-11T12:54:28Z</Time>
						<HeartRateBpm>
							<Value>148</Value>
						</HeartRateBpm>
					</Trackpoint>
					<Trackpoint>
						<Time>2569-04-11T12:54:29Z</Time>
						<HeartRateBpm>
							<Value>149</Value>
						</HeartRateBpm>
					</Trackpoint>
					<Trackpoint>
						<Time>2569-04-11T12:54:30Z</Time>
						<HeartRateBpm>
							<Value>150</Value>
						</HeartRateBpm>
					</Trackpoint>
					<Trackpoint>
						<Time>2569-04-11T12:54:31Z</Time>
						<HeartRateBpm>
							<Value>151</Value>
						</HeartRateBpm>
					</Trackpoint>
					<Trackpoint>
						<Time>2569-04-11T12:54:32Z</Time>
						<HeartRateBpm>
							<Value>151</Value>
						</HeartRateBpm>
					</Trackpoint>
					<Trackpoint>
						<Time>2569-04-11T12:54:33Z</Time>
						<HeartRateBpm>
							<Value>151</Value>
						</HeartRateBpm>
					</Trackpoint>
					<Trackpoint>
						<Time>2569-04-11T12:54:34Z</Time>
						<HeartRateBpm>
							<Value>152</Value>
						</HeartRateBpm>
					</Trackpoint>
					<Trackpoint>
						<Time>2569-04-11T12:54:35Z</Time>
						<HeartRateBpm>
							<Value>155</Value>
						</HeartRateBpm>
					</Trackpoint>
					<Trackpoint>
						<Time>2569-04-11T12:54:36Z</Time>
						<HeartRateBpm>
							<Value>156</Value>
						</HeartRateBpm>
					</Trackpoint>
					<Trackpoint>
						<Time>2569-04-11T12:54:37Z</Time>
						<HeartRateBpm>
							<Value>157</Value>
						</HeartRateBpm>
					</Trackpoint>
					<Trackpoint>
						<Time>2569-04-11T12:54:38Z</Time>
						<HeartRateBpm>
							<Value>158</Value>
						</HeartRateBpm>
					</Trackpoint>
					<Trackpoint>
						<Time>2569-04-11T12:54:39Z</Time>
						<HeartRateBpm>
							<Value>159</Value>
						</HeartRateBpm>
					</Trackpoint>
					<Trackpoint>
						<Time>2569-04-11T12:54:40Z</Time>
						<HeartRateBpm>
							<Value>160</Value>
						</HeartRateBpm>
					</Trackpoint>
					<Trackpoint>
						<Time>2569-04-11T12:54:41Z</Time>
						<HeartRateBpm>
							<Value>157</Value>
						</HeartRateBpm>
					</Trackpoint>
					<Trackpoint>
						<Time>2569-04-11T12:54:42Z</Time>
						<HeartRateBpm>
							<Value>157</Value>
						</HeartRateBpm>
					</Trackpoint>
					<Trackpoint>
						<Time>2569-04-11T12:54:43Z</Time>
						<HeartRateBpm>
							<Value>156</Value>
						</HeartRateBpm>
					</Trackpoint>
					<Trackpoint>
						<Time>2569-04-11T12:54:44Z</Time>
						<HeartRateBpm>
							<Value>156</Value>
						</HeartRateBpm>
					</Trackpoint>
					<Trackpoint>
						<Time>2569-04-11T12:54:45Z</Time>
						<HeartRateBpm>
							<Value>156</Value>
						</HeartRateBpm>
					</Trackpoint>
					<Trackpoint>
						<Time>2569-04-11T12:54:46Z</Time>
						<HeartRateBpm>
							<Value>156</Value>
						</HeartRateBpm>
					</Trackpoint>
					<Trackpoint>
						<Time>2569-04-11T12:54:47Z</Time>
						<HeartRateBpm>
							<Value>153</Value>
						</HeartRateBpm>
					</Trackpoint>
					<Trackpoint>
						<Time>2569-04-11T12:54:48Z</Time>
						<HeartRateBpm>
							<Value>150</Value>
						</HeartRateBpm>
					</Trackpoint>
					<Trackpoint>
						<Time>2569-04-11T12:54:49Z</Time>
						<HeartRateBpm>
							<Value>150</Value>
						</HeartRateBpm>
					</Trackpoint>
					<Trackpoint>
						<Time>2569-04-11T12:54:50Z</Time>
						<HeartRateBpm>
							<Value>148</Value>
						</HeartRateBpm>
					</Trackpoint>
					<Trackpoint>
						<Time>2569-04-11T12:54:51Z</Time>
						<HeartRateBpm>
							<Value>148</Value>
						</HeartRateBpm>
					</Trackpoint>
					<Trackpoint>
						<Time>2569-04-11T12:54:52Z</Time>
						<HeartRateBpm>
							<Value>147</Value>
						</HeartRateBpm>
					</Trackpoint>
					<Trackpoint>
						<Time>2569-04-11T12:54:53Z</Time>
						<HeartRateBpm>
							<Value>146</Value>
						</HeartRateBpm>
					</Trackpoint>
					<Trackpoint>
						<Time>2569-04-11T12:54:54Z</Time>
						<HeartRateBpm>
							<Value>145</Value>
						</HeartRateBpm>
					</Trackpoint>
					<Trackpoint>
						<Time>2569-04-11T12:54:55Z</Time>
						<HeartRateBpm>
							<Value>144</Value>
						</HeartRateBpm>
					</Trackpoint>
					<Trackpoint>
						<Time>2569-04-11T12:54:56Z</Time>
						<HeartRateBpm>
							<Value>144</Value>
						</HeartRateBpm>
					</Trackpoint>
					<Trackpoint>
						<Time>2569-04-11T12:54:57Z</Time>
						<HeartRateBpm>
							<Value>143</Value>
						</HeartRateBpm>
					</Trackpoint>
					<Trackpoint>
						<Time>2569-04-11T12:54:58Z</Time>
						<HeartRateBpm>
							<Value>142</Value>
						</HeartRateBpm>
					</Trackpoint>
					<Trackpoint>
						<Time>2569-04-11T12:54:59Z</Time>
						<HeartRateBpm>
							<Value>142</Value>
						</HeartRateBpm>
					</Trackpoint>
					<Trackpoint>
						<Time>2569-04-11T12:55:00Z</Time>
						<HeartRateBpm>
							<Value>140</Value>
						</HeartRateBpm>
					</Trackpoint>
					<Trackpoint>
						<Time>2569-04-11T12:55:01Z</Time>
						<HeartRateBpm>
							<Value>139</Value>
						</HeartRateBpm>
					</Trackpoint>
					<Trackpoint>
						<Time>2569-04-11T12:55:02Z</Time>
						<HeartRateBpm>
							<Value>139</Value>
						</HeartRateBpm>
					</Trackpoint>
					<Trackpoint>
						<Time>2569-04-11T12:55:03Z</Time>
						<HeartRateBpm>
							<Value>138</Value>
						</HeartRateBpm>
					</Trackpoint>
					<Trackpoint>
						<Time>2569-04-11T12:55:04Z</Time>
						<HeartRateBpm>
							<Value>137</Value>
						</HeartRateBpm>
					</Trackpoint>
					<Trackpoint>
						<Time>2569-04-11T12:55:05Z</Time>
						<HeartRateBpm>
							<Value>137</Value>
						</HeartRateBpm>
					</Trackpoint>
					<Trackpoint>
						<Time>2569-04-11T12:55:06Z</Time>
						<HeartRateBpm>
							<Value>136</Value>
						</HeartRateBpm>
					</Trackpoint>
					<Trackpoint>
						<Time>2569-04-11T12:55:07Z</Time>
						<HeartRateBpm>
							<Value>135</Value>
						</HeartRateBpm>
					</Trackpoint>
					<Trackpoint>
						<Time>2569-04-11T12:55:08Z</Time>
						<HeartRateBpm>
							<Value>134</Value>
						</HeartRateBpm>
					</Trackpoint>
					<Trackpoint>
						<Time>2569-04-11T12:55:09Z</Time>
						<HeartRateBpm>
							<Value>134</Value>
						</HeartRateBpm>
					</Trackpoint>
					<Trackpoint>
						<Time>2569-04-11T12:55:10Z</Time>
						<HeartRateBpm>
							<Value>133</Value>
						</HeartRateBpm>
					</Trackpoint>
					<Trackpoint>
						<Time>2569-04-11T12:55:11Z</Time>
						<HeartRateBpm>
							<Value>132</Value>
						</HeartRateBpm>
					</Trackpoint>
					<Trackpoint>
						<Time>2569-04-11T12:55:12Z</Time>
						<HeartRateBpm>
							<Value>132</Value>
						</HeartRateBpm>
					</Trackpoint>
					<Trackpoint>
						<Time>2569-04-11T12:55:13Z</Time>
						<HeartRateBpm>
							<Value>131</Value>
						</HeartRateBpm>
					</Trackpoint>
					<Trackpoint>
						<Time>2569-04-11T12:55:14Z</Time>
						<HeartRateBpm>
							<Value>130</Value>
						</HeartRateBpm>
					</Trackpoint>
					<Trackpoint>
						<Time>2569-04-11T12:55:15Z</Time>
						<HeartRateBpm>
							<Value>130</Value>
						</HeartRateBpm>
					</Trackpoint>
					<Trackpoint>
						<Time>2569-04-11T12:55:16Z</Time>
						<HeartRateBpm>
							<Value>131</Value>
						</HeartRateBpm>
					</Trackpoint>
					<Trackpoint>
						<Time>2569-04-11T12:55:17Z</Time>
						<HeartRateBpm>
							<Value>130</Value>
						</HeartRateBpm>
					</Trackpoint>
					<Trackpoint>
						<Time>2569-04-11T12:55:18Z</Time>
						<HeartRateBpm>
							<Value>129</Value>
						</HeartRateBpm>
					</Trackpoint>
					<Trackpoint>
						<Time>2569-04-11T12:55:19Z</Time>
						<HeartRateBpm>
							<Value>129</Value>
						</HeartRateBpm>
					</Trackpoint>
					<Trackpoint>
						<Time>2569-04-11T12:55:20Z</Time>
						<HeartRateBpm>
							<Value>131</Value>
						</HeartRateBpm>
					</Trackpoint>
					<Trackpoint>
						<Time>2569-04-11T12:55:21Z</Time>
						<HeartRateBpm>
							<Value>130</Value>
						</HeartRateBpm>
					</Trackpoint>
					<Trackpoint>
						<Time>2569-04-11T12:55:22Z</Time>
						<HeartRateBpm>
							<Value>130</Value>
						</HeartRateBpm>
					</Trackpoint>
					<Trackpoint>
						<Time>2569-04-11T12:55:23Z</Time>
						<HeartRateBpm>
							<Value>130</Value>
						</HeartRateBpm>
					</Trackpoint>
					<Trackpoint>
						<Time>2569-04-11T12:55:24Z</Time>
						<HeartRateBpm>
							<Value>130</Value>
						</HeartRateBpm>
					</Trackpoint>
					<Trackpoint>
						<Time>2569-04-11T12:55:25Z</Time>
						<HeartRateBpm>
							<Value>130</Value>
						</HeartRateBpm>
					</Trackpoint>
					<Trackpoint>
						<Time>2569-04-11T12:55:26Z</Time>
						<HeartRateBpm>
							<Value>130</Value>
						</HeartRateBpm>
					</Trackpoint>
					<Trackpoint>
						<Time>2569-04-11T12:55:27Z</Time>
						<HeartRateBpm>
							<Value>130</Value>
						</HeartRateBpm>
					</Trackpoint>
					<Trackpoint>
						<Time>2569-04-11T12:55:28Z</Time>
						<HeartRateBpm>
							<Value>130</Value>
						</HeartRateBpm>
					</Trackpoint>
					<Trackpoint>
						<Time>2569-04-11T12:55:29Z</Time>
						<HeartRateBpm>
							<Value>132</Value>
						</HeartRateBpm>
					</Trackpoint>
					<Trackpoint>
						<Time>2569-04-11T12:55:30Z</Time>
						<HeartRateBpm>
							<Value>131</Value>
						</HeartRateBpm>
					</Trackpoint>
					<Trackpoint>
						<Time>2569-04-11T12:55:31Z</Time>
						<HeartRateBpm>
							<Value>132</Value>
						</HeartRateBpm>
					</Trackpoint>
					<Trackpoint>
						<Time>2569-04-11T12:55:32Z</Time>
						<HeartRateBpm>
							<Value>132</Value>
						</HeartRateBpm>
					</Trackpoint>
					<Trackpoint>
						<Time>2569-04-11T12:55:33Z</Time>
						<HeartRateBpm>
							<Value>133</Value>
						</HeartRateBpm>
					</Trackpoint>
					<Trackpoint>
						<Time>2569-04-11T12:55:34Z</Time>
						<HeartRateBpm>
							<Value>134</Value>
						</HeartRateBpm>
					</Trackpoint>
					<Trackpoint>
						<Time>2569-04-11T12:55:35Z</Time>
						<HeartRateBpm>
							<Value>135</Value>
						</HeartRateBpm>
					</Trackpoint>
					<Trackpoint>
						<Time>2569-04-11T12:55:36Z</Time>
						<HeartRateBpm>
							<Value>137</Value>
						</HeartRateBpm>
					</Trackpoint>
					<Trackpoint>
						<Time>2569-04-11T12:55:37Z</Time>
						<HeartRateBpm>
							<Value>138</Value>
						</HeartRateBpm>
					</Trackpoint>
					<Trackpoint>
						<Time>2569-04-11T12:55:38Z</Time>
						<HeartRateBpm>
							<Value>138</Value>
						</HeartRateBpm>
					</Trackpoint>
					<Trackpoint>
						<Time>2569-04-11T12:55:39Z</Time>
						<HeartRateBpm>
							<Value>138</Value>
						</HeartRateBpm>
					</Trackpoint>
					<Trackpoint>
						<Time>2569-04-11T12:55:40Z</Time>
						<HeartRateBpm>
							<Value>138</Value>
						</HeartRateBpm>
					</Trackpoint>
					<Trackpoint>
						<Time>2569-04-11T12:55:41Z</Time>
						<HeartRateBpm>
							<Value>138</Value>
						</HeartRateBpm>
					</Trackpoint>
					<Trackpoint>
						<Time>2569-04-11T12:55:42Z</Time>
						<HeartRateBpm>
							<Value>140</Value>
						</HeartRateBpm>
					</Trackpoint>
					<Trackpoint>
						<Time>2569-04-11T12:55:43Z</Time>
						<HeartRateBpm>
							<Value>140</Value>
						</HeartRateBpm>
					</Trackpoint>
					<Trackpoint>
						<Time>2569-04-11T12:55:44Z</Time>
						<HeartRateBpm>
							<Value>142</Value>
						</HeartRateBpm>
					</Trackpoint>
					<Trackpoint>
						<Time>2569-04-11T12:55:45Z</Time>
						<HeartRateBpm>
							<Value>143</Value>
						</HeartRateBpm>
					</Trackpoint>
					<Trackpoint>
						<Time>2569-04-11T12:55:46Z</Time>
						<HeartRateBpm>
							<Value>145</Value>
						</HeartRateBpm>
					</Trackpoint>
					<Trackpoint>
						<Time>2569-04-11T12:55:47Z</Time>
						<HeartRateBpm>
							<Value>145</Value>
						</HeartRateBpm>
					</Trackpoint>
					<Trackpoint>
						<Time>2569-04-11T12:55:48Z</Time>
						<HeartRateBpm>
							<Value>146</Value>
						</HeartRateBpm>
					</Trackpoint>
					<Trackpoint>
						<Time>2569-04-11T12:55:49Z</Time>
						<HeartRateBpm>
							<Value>147</Value>
						</HeartRateBpm>
					</Trackpoint>
					<Trackpoint>
						<Time>2569-04-11T12:55:50Z</Time>
						<HeartRateBpm>
							<Value>148</Value>
						</HeartRateBpm>
					</Trackpoint>
					<Trackpoint>
						<Time>2569-04-11T12:55:51Z</Time>
						<HeartRateBpm>
							<Value>149</Value>
						</HeartRateBpm>
					</Trackpoint>
					<Trackpoint>
						<Time>2569-04-11T12:55:52Z</Time>
						<HeartRateBpm>
							<Value>149</Value>
						</HeartRateBpm>
					</Trackpoint>
					<Trackpoint>
						<Time>2569-04-11T12:55:53Z</Time>
						<HeartRateBpm>
							<Value>148</Value>
						</HeartRateBpm>
					</Trackpoint>
					<Trackpoint>
						<Time>2569-04-11T12:55:54Z</Time>
						<HeartRateBpm>
							<Value>147</Value>
						</HeartRateBpm>
					</Trackpoint>
					<Trackpoint>
						<Time>2569-04-11T12:55:55Z</Time>
						<HeartRateBpm>
							<Value>146</Value>
						</HeartRateBpm>
					</Trackpoint>
					<Trackpoint>
						<Time>2569-04-11T12:55:56Z</Time>
						<HeartRateBpm>
							<Value>146</Value>
						</HeartRateBpm>
					</Trackpoint>
					<Trackpoint>
						<Time>2569-04-11T12:55:57Z</Time>
						<HeartRateBpm>
							<Value>146</Value>
						</HeartRateBpm>
					</Trackpoint>
					<Trackpoint>
						<Time>2569-04-11T12:55:58Z</Time>
						<HeartRateBpm>
							<Value>147</Value>
						</HeartRateBpm>
					</Trackpoint>
					<Trackpoint>
						<Time>2569-04-11T12:55:59Z</Time>
						<HeartRateBpm>
							<Value>148</Value>
						</HeartRateBpm>
					</Trackpoint>
					<Trackpoint>
						<Time>2569-04-11T12:56:00Z</Time>
						<HeartRateBpm>
							<Value>148</Value>
						</HeartRateBpm>
					</Trackpoint>
					<Trackpoint>
						<Time>2569-04-11T12:56:01Z</Time>
						<HeartRateBpm>
							<Value>149</Value>
						</HeartRateBpm>
					</Trackpoint>
					<Trackpoint>
						<Time>2569-04-11T12:56:02Z</Time>
						<HeartRateBpm>
							<Value>148</Value>
						</HeartRateBpm>
					</Trackpoint>
					<Trackpoint>
						<Time>2569-04-11T12:56:03Z</Time>
						<HeartRateBpm>
							<Value>148</Value>
						</HeartRateBpm>
					</Trackpoint>
					<Trackpoint>
						<Time>2569-04-11T12:56:04Z</Time>
						<HeartRateBpm>
							<Value>148</Value>
						</HeartRateBpm>
					</Trackpoint>
					<Trackpoint>
						<Time>2569-04-11T12:56:05Z</Time>
						<HeartRateBpm>
							<Value>148</Value>
						</HeartRateBpm>
					</Trackpoint>
					<Trackpoint>
						<Time>2569-04-11T12:56:06Z</Time>
						<HeartRateBpm>
							<Value>149</Value>
						</HeartRateBpm>
					</Trackpoint>
					<Trackpoint>
						<Time>2569-04-11T12:56:07Z</Time>
						<HeartRateBpm>
							<Value>149</Value>
						</HeartRateBpm>
					</Trackpoint>
					<Trackpoint>
						<Time>2569-04-11T12:56:08Z</Time>
						<HeartRateBpm>
							<Value>149</Value>
						</HeartRateBpm>
					</Trackpoint>
					<Trackpoint>
						<Time>2569-04-11T12:56:09Z</Time>
						<HeartRateBpm>
							<Value>149</Value>
						</HeartRateBpm>
					</Trackpoint>
					<Trackpoint>
						<Time>2569-04-11T12:56:10Z</Time>
						<HeartRateBpm>
							<Value>150</Value>
						</HeartRateBpm>
					</Trackpoint>
					<Trackpoint>
						<Time>2569-04-11T12:56:11Z</Time>
						<HeartRateBpm>
							<Value>149</Value>
						</HeartRateBpm>
					</Trackpoint>
					<Trackpoint>
						<Time>2569-04-11T12:56:12Z</Time>
						<HeartRateBpm>
							<Value>148</Value>
						</HeartRateBpm>
					</Trackpoint>
					<Trackpoint>
						<Time>2569-04-11T12:56:13Z</Time>
						<HeartRateBpm>
							<Value>149</Value>
						</HeartRateBpm>
					</Trackpoint>
					<Trackpoint>
						<Time>2569-04-11T12:56:14Z</Time>
						<HeartRateBpm>
							<Value>151</Value>
						</HeartRateBpm>
					</Trackpoint>
					<Trackpoint>
						<Time>2569-04-11T12:56:15Z</Time>
						<HeartRateBpm>
							<Value>152</Value>
						</HeartRateBpm>
					</Trackpoint>
					<Trackpoint>
						<Time>2569-04-11T12:56:16Z</Time>
						<HeartRateBpm>
							<Value>153</Value>
						</HeartRateBpm>
					</Trackpoint>
					<Trackpoint>
						<Time>2569-04-11T12:56:17Z</Time>
						<HeartRateBpm>
							<Value>154</Value>
						</HeartRateBpm>
					</Trackpoint>
					<Trackpoint>
						<Time>2569-04-11T12:56:18Z</Time>
						<HeartRateBpm>
							<Value>154</Value>
						</HeartRateBpm>
					</Trackpoint>
					<Trackpoint>
						<Time>2569-04-11T12:56:19Z</Time>
						<HeartRateBpm>
							<Value>154</Value>
						</HeartRateBpm>
					</Trackpoint>
					<Trackpoint>
						<Time>2569-04-11T12:56:20Z</Time>
						<HeartRateBpm>
							<Value>151</Value>
						</HeartRateBpm>
					</Trackpoint>
					<Trackpoint>
						<Time>2569-04-11T12:56:21Z</Time>
						<HeartRateBpm>
							<Value>149</Value>
						</HeartRateBpm>
					</Trackpoint>
					<Trackpoint>
						<Time>2569-04-11T12:56:22Z</Time>
						<HeartRateBpm>
							<Value>149</Value>
						</HeartRateBpm>
					</Trackpoint>
					<Trackpoint>
						<Time>2569-04-11T12:56:23Z</Time>
						<HeartRateBpm>
							<Value>150</Value>
						</HeartRateBpm>
					</Trackpoint>
					<Trackpoint>
						<Time>2569-04-11T12:56:24Z</Time>
						<HeartRateBpm>
							<Value>152</Value>
						</HeartRateBpm>
					</Trackpoint>
					<Trackpoint>
						<Time>2569-04-11T12:56:25Z</Time>
						<HeartRateBpm>
							<Value>153</Value>
						</HeartRateBpm>
					</Trackpoint>
					<Trackpoint>
						<Time>2569-04-11T12:56:26Z</Time>
						<HeartRateBpm>
							<Value>154</Value>
						</HeartRateBpm>
					</Trackpoint>
					<Trackpoint>
						<Time>2569-04-11T12:56:27Z</Time>
						<HeartRateBpm>
							<Value>155</Value>
						</HeartRateBpm>
					</Trackpoint>
					<Trackpoint>
						<Time>2569-04-11T12:56:28Z</Time>
						<HeartRateBpm>
							<Value>155</Value>
						</HeartRateBpm>
					</Trackpoint>
					<Trackpoint>
						<Time>2569-04-11T12:56:29Z</Time>
						<HeartRateBpm>
							<Value>157</Value>
						</HeartRateBpm>
					</Trackpoint>
					<Trackpoint>
						<Time>2569-04-11T12:56:30Z</Time>
						<HeartRateBpm>
							<Value>157</Value>
						</HeartRateBpm>
					</Trackpoint>
					<Trackpoint>
						<Time>2569-04-11T12:56:31Z</Time>
						<HeartRateBpm>
							<Value>158</Value>
						</HeartRateBpm>
					</Trackpoint>
					<Trackpoint>
						<Time>2569-04-11T12:56:32Z</Time>
						<HeartRateBpm>
							<Value>155</Value>
						</HeartRateBpm>
					</Trackpoint>
					<Trackpoint>
						<Time>2569-04-11T12:56:33Z</Time>
						<HeartRateBpm>
							<Value>158</Value>
						</HeartRateBpm>
					</Trackpoint>
					<Trackpoint>
						<Time>2569-04-11T12:56:34Z</Time>
						<HeartRateBpm>
							<Value>157</Value>
						</HeartRateBpm>
					</Trackpoint>
					<Trackpoint>
						<Time>2569-04-11T12:56:35Z</Time>
						<HeartRateBpm>
							<Value>157</Value>
						</HeartRateBpm>
					</Trackpoint>
					<Trackpoint>
						<Time>2569-04-11T12:56:36Z</Time>
						<HeartRateBpm>
							<Value>158</Value>
						</HeartRateBpm>
					</Trackpoint>
					<Trackpoint>
						<Time>2569-04-11T12:56:37Z</Time>
						<HeartRateBpm>
							<Value>155</Value>
						</HeartRateBpm>
					</Trackpoint>
					<Trackpoint>
						<Time>2569-04-11T12:56:38Z</Time>
						<HeartRateBpm>
							<Value>155</Value>
						</HeartRateBpm>
					</Trackpoint>
					<Trackpoint>
						<Time>2569-04-11T12:56:39Z</Time>
						<HeartRateBpm>
							<Value>154</Value>
						</HeartRateBpm>
					</Trackpoint>
					<Trackpoint>
						<Time>2569-04-11T12:56:40Z</Time>
						<HeartRateBpm>
							<Value>152</Value>
						</HeartRateBpm>
					</Trackpoint>
					<Trackpoint>
						<Time>2569-04-11T12:56:41Z</Time>
						<HeartRateBpm>
							<Value>151</Value>
						</HeartRateBpm>
					</Trackpoint>
					<Trackpoint>
						<Time>2569-04-11T12:56:42Z</Time>
						<HeartRateBpm>
							<Value>151</Value>
						</HeartRateBpm>
					</Trackpoint>
					<Trackpoint>
						<Time>2569-04-11T12:56:43Z</Time>
						<HeartRateBpm>
							<Value>149</Value>
						</HeartRateBpm>
					</Trackpoint>
					<Trackpoint>
						<Time>2569-04-11T12:56:44Z</Time>
						<HeartRateBpm>
							<Value>150</Value>
						</HeartRateBpm>
					</Trackpoint>
					<Trackpoint>
						<Time>2569-04-11T12:56:45Z</Time>
						<HeartRateBpm>
							<Value>151</Value>
						</HeartRateBpm>
					</Trackpoint>
					<Trackpoint>
						<Time>2569-04-11T12:56:46Z</Time>
						<HeartRateBpm>
							<Value>150</Value>
						</HeartRateBpm>
					</Trackpoint>
					<Trackpoint>
						<Time>2569-04-11T12:56:47Z</Time>
						<HeartRateBpm>
							<Value>149</Value>
						</HeartRateBpm>
					</Trackpoint>
					<Trackpoint>
						<Time>2569-04-11T12:56:48Z</Time>
						<HeartRateBpm>
							<Value>149</Value>
						</HeartRateBpm>
					</Trackpoint>
					<Trackpoint>
						<Time>2569-04-11T12:56:49Z</Time>
						<HeartRateBpm>
							<Value>148</Value>
						</HeartRateBpm>
					</Trackpoint>
					<Trackpoint>
						<Time>2569-04-11T12:56:50Z</Time>
						<HeartRateBpm>
							<Value>147</Value>
						</HeartRateBpm>
					</Trackpoint>
					<Trackpoint>
						<Time>2569-04-11T12:56:51Z</Time>
						<HeartRateBpm>
							<Value>146</Value>
						</HeartRateBpm>
					</Trackpoint>
					<Trackpoint>
						<Time>2569-04-11T12:56:52Z</Time>
						<HeartRateBpm>
							<Value>145</Value>
						</HeartRateBpm>
					</Trackpoint>
					<Trackpoint>
						<Time>2569-04-11T12:56:53Z</Time>
						<HeartRateBpm>
							<Value>145</Value>
						</HeartRateBpm>
					</Trackpoint>
					<Trackpoint>
						<Time>2569-04-11T12:56:54Z</Time>
						<HeartRateBpm>
							<Value>143</Value>
						</HeartRateBpm>
					</Trackpoint>
					<Trackpoint>
						<Time>2569-04-11T12:56:55Z</Time>
						<HeartRateBpm>
							<Value>142</Value>
						</HeartRateBpm>
					</Trackpoint>
					<Trackpoint>
						<Time>2569-04-11T12:56:56Z</Time>
						<HeartRateBpm>
							<Value>140</Value>
						</HeartRateBpm>
					</Trackpoint>
					<Trackpoint>
						<Time>2569-04-11T12:56:57Z</Time>
						<HeartRateBpm>
							<Value>139</Value>
						</HeartRateBpm>
					</Trackpoint>
					<Trackpoint>
						<Time>2569-04-11T12:56:58Z</Time>
						<HeartRateBpm>
							<Value>139</Value>
						</HeartRateBpm>
					</Trackpoint>
					<Trackpoint>
						<Time>2569-04-11T12:56:59Z</Time>
						<HeartRateBpm>
							<Value>138</Value>
						</HeartRateBpm>
					</Trackpoint>
					<Trackpoint>
						<Time>2569-04-11T12:57:00Z</Time>
						<HeartRateBpm>
							<Value>137</Value>
						</HeartRateBpm>
					</Trackpoint>
					<Trackpoint>
						<Time>2569-04-11T12:57:01Z</Time>
						<HeartRateBpm>
							<Value>137</Value>
						</HeartRateBpm>
					</Trackpoint>
					<Trackpoint>
						<Time>2569-04-11T12:57:02Z</Time>
						<HeartRateBpm>
							<Value>137</Value>
						</HeartRateBpm>
					</Trackpoint>
					<Trackpoint>
						<Time>2569-04-11T12:57:03Z</Time>
						<HeartRateBpm>
							<Value>137</Value>
						</HeartRateBpm>
					</Trackpoint>
					<Trackpoint>
						<Time>2569-04-11T12:57:04Z</Time>
						<HeartRateBpm>
							<Value>137</Value>
						</HeartRateBpm>
					</Trackpoint>
					<Trackpoint>
						<Time>2569-04-11T12:57:05Z</Time>
						<HeartRateBpm>
							<Value>136</Value>
						</HeartRateBpm>
					</Trackpoint>
					<Trackpoint>
						<Time>2569-04-11T12:57:06Z</Time>
						<HeartRateBpm>
							<Value>135</Value>
						</HeartRateBpm>
					</Trackpoint>
					<Trackpoint>
						<Time>2569-04-11T12:57:07Z</Time>
						<HeartRateBpm>
							<Value>134</Value>
						</HeartRateBpm>
					</Trackpoint>
					<Trackpoint>
						<Time>2569-04-11T12:57:08Z</Time>
						<HeartRateBpm>
							<Value>135</Value>
						</HeartRateBpm>
					</Trackpoint>
					<Trackpoint>
						<Time>2569-04-11T12:57:09Z</Time>
						<HeartRateBpm>
							<Value>134</Value>
						</HeartRateBpm>
					</Trackpoint>
					<Trackpoint>
						<Time>2569-04-11T12:57:10Z</Time>
						<HeartRateBpm>
							<Value>134</Value>
						</HeartRateBpm>
					</Trackpoint>
					<Trackpoint>
						<Time>2569-04-11T12:57:11Z</Time>
						<HeartRateBpm>
							<Value>134</Value>
						</HeartRateBpm>
					</Trackpoint>
					<Trackpoint>
						<Time>2569-04-11T12:57:12Z</Time>
						<HeartRateBpm>
							<Value>134</Value>
						</HeartRateBpm>
					</Trackpoint>
					<Trackpoint>
						<Time>2569-04-11T12:57:13Z</Time>
						<HeartRateBpm>
							<Value>133</Value>
						</HeartRateBpm>
					</Trackpoint>
					<Trackpoint>
						<Time>2569-04-11T12:57:14Z</Time>
						<HeartRateBpm>
							<Value>132</Value>
						</HeartRateBpm>
					</Trackpoint>
					<Trackpoint>
						<Time>2569-04-11T12:57:15Z</Time>
						<HeartRateBpm>
							<Value>131</Value>
						</HeartRateBpm>
					</Trackpoint>
					<Trackpoint>
						<Time>2569-04-11T12:57:16Z</Time>
						<HeartRateBpm>
							<Value>130</Value>
						</HeartRateBpm>
					</Trackpoint>
					<Trackpoint>
						<Time>2569-04-11T12:57:17Z</Time>
						<HeartRateBpm>
							<Value>131</Value>
						</HeartRateBpm>
					</Trackpoint>
					<Trackpoint>
						<Time>2569-04-11T12:57:18Z</Time>
						<HeartRateBpm>
							<Value>129</Value>
						</HeartRateBpm>
					</Trackpoint>
					<Trackpoint>
						<Time>2569-04-11T12:57:19Z</Time>
						<HeartRateBpm>
							<Value>129</Value>
						</HeartRateBpm>
					</Trackpoint>
					<Trackpoint>
						<Time>2569-04-11T12:57:20Z</Time>
						<HeartRateBpm>
							<Value>129</Value>
						</HeartRateBpm>
					</Trackpoint>
					<Trackpoint>
						<Time>2569-04-11T12:57:21Z</Time>
						<HeartRateBpm>
							<Value>130</Value>
						</HeartRateBpm>
					</Trackpoint>
					<Trackpoint>
						<Time>2569-04-11T12:57:22Z</Time>
						<HeartRateBpm>
							<Value>132</Value>
						</HeartRateBpm>
					</Trackpoint>
					<Trackpoint>
						<Time>2569-04-11T12:57:23Z</Time>
						<HeartRateBpm>
							<Value>134</Value>
						</HeartRateBpm>
					</Trackpoint>
					<Trackpoint>
						<Time>2569-04-11T12:57:24Z</Time>
						<HeartRateBpm>
							<Value>135</Value>
						</HeartRateBpm>
					</Trackpoint>
					<Trackpoint>
						<Time>2569-04-11T12:57:25Z</Time>
						<HeartRateBpm>
							<Value>135</Value>
						</HeartRateBpm>
					</Trackpoint>
					<Trackpoint>
						<Time>2569-04-11T12:57:26Z</Time>
						<HeartRateBpm>
							<Value>136</Value>
						</HeartRateBpm>
					</Trackpoint>
					<Trackpoint>
						<Time>2569-04-11T12:57:27Z</Time>
						<HeartRateBpm>
							<Value>139</Value>
						</HeartRateBpm>
					</Trackpoint>
					<Trackpoint>
						<Time>2569-04-11T12:57:28Z</Time>
						<HeartRateBpm>
							<Value>141</Value>
						</HeartRateBpm>
					</Trackpoint>
					<Trackpoint>
						<Time>2569-04-11T12:57:29Z</Time>
						<HeartRateBpm>
							<Value>141</Value>
						</HeartRateBpm>
					</Trackpoint>
					<Trackpoint>
						<Time>2569-04-11T12:57:30Z</Time>
						<HeartRateBpm>
							<Value>143</Value>
						</HeartRateBpm>
					</Trackpoint>
					<Trackpoint>
						<Time>2569-04-11T12:57:31Z</Time>
						<HeartRateBpm>
							<Value>144</Value>
						</HeartRateBpm>
					</Trackpoint>
					<Trackpoint>
						<Time>2569-04-11T12:57:32Z</Time>
						<HeartRateBpm>
							<Value>145</Value>
						</HeartRateBpm>
					</Trackpoint>
					<Trackpoint>
						<Time>2569-04-11T12:57:33Z</Time>
						<HeartRateBpm>
							<Value>144</Value>
						</HeartRateBpm>
					</Trackpoint>
					<Trackpoint>
						<Time>2569-04-11T12:57:34Z</Time>
						<HeartRateBpm>
							<Value>144</Value>
						</HeartRateBpm>
					</Trackpoint>
					<Trackpoint>
						<Time>2569-04-11T12:57:35Z</Time>
						<HeartRateBpm>
							<Value>144</Value>
						</HeartRateBpm>
					</Trackpoint>
					<Trackpoint>
						<Time>2569-04-11T12:57:36Z</Time>
						<HeartRateBpm>
							<Value>143</Value>
						</HeartRateBpm>
					</Trackpoint>
					<Trackpoint>
						<Time>2569-04-11T12:57:37Z</Time>
						<HeartRateBpm>
							<Value>143</Value>
						</HeartRateBpm>
					</Trackpoint>
					<Trackpoint>
						<Time>2569-04-11T12:57:38Z</Time>
						<HeartRateBpm>
							<Value>143</Value>
						</HeartRateBpm>
					</Trackpoint>
					<Trackpoint>
						<Time>2569-04-11T12:57:39Z</Time>
						<HeartRateBpm>
							<Value>143</Value>
						</HeartRateBpm>
					</Trackpoint>
					<Trackpoint>
						<Time>2569-04-11T12:57:40Z</Time>
						<HeartRateBpm>
							<Value>143</Value>
						</HeartRateBpm>
					</Trackpoint>
					<Trackpoint>
						<Time>2569-04-11T12:57:41Z</Time>
						<HeartRateBpm>
							<Value>143</Value>
						</HeartRateBpm>
					</Trackpoint>
					<Trackpoint>
						<Time>2569-04-11T12:57:42Z</Time>
						<HeartRateBpm>
							<Value>143</Value>
						</HeartRateBpm>
					</Trackpoint>
					<Trackpoint>
						<Time>2569-04-11T12:57:43Z</Time>
						<HeartRateBpm>
							<Value>144</Value>
						</HeartRateBpm>
					</Trackpoint>
					<Trackpoint>
						<Time>2569-04-11T12:57:44Z</Time>
						<HeartRateBpm>
							<Value>144</Value>
						</HeartRateBpm>
					</Trackpoint>
					<Trackpoint>
						<Time>2569-04-11T12:57:45Z</Time>
						<HeartRateBpm>
							<Value>144</Value>
						</HeartRateBpm>
					</Trackpoint>
					<Trackpoint>
						<Time>2569-04-11T12:57:46Z</Time>
						<HeartRateBpm>
							<Value>144</Value>
						</HeartRateBpm>
					</Trackpoint>
					<Trackpoint>
						<Time>2569-04-11T12:57:47Z</Time>
						<HeartRateBpm>
							<Value>145</Value>
						</HeartRateBpm>
					</Trackpoint>
					<Trackpoint>
						<Time>2569-04-11T12:57:48Z</Time>
						<HeartRateBpm>
							<Value>144</Value>
						</HeartRateBpm>
					</Trackpoint>
					<Trackpoint>
						<Time>2569-04-11T12:57:49Z</Time>
						<HeartRateBpm>
							<Value>145</Value>
						</HeartRateBpm>
					</Trackpoint>
					<Trackpoint>
						<Time>2569-04-11T12:57:50Z</Time>
						<HeartRateBpm>
							<Value>144</Value>
						</HeartRateBpm>
					</Trackpoint>
					<Trackpoint>
						<Time>2569-04-11T12:57:51Z</Time>
						<HeartRateBpm>
							<Value>143</Value>
						</HeartRateBpm>
					</Trackpoint>
					<Trackpoint>
						<Time>2569-04-11T12:57:52Z</Time>
						<HeartRateBpm>
							<Value>143</Value>
						</HeartRateBpm>
					</Trackpoint>
					<Trackpoint>
						<Time>2569-04-11T12:57:53Z</Time>
						<HeartRateBpm>
							<Value>144</Value>
						</HeartRateBpm>
					</Trackpoint>
					<Trackpoint>
						<Time>2569-04-11T12:57:54Z</Time>
						<HeartRateBpm>
							<Value>145</Value>
						</HeartRateBpm>
					</Trackpoint>
					<Trackpoint>
						<Time>2569-04-11T12:57:55Z</Time>
						<HeartRateBpm>
							<Value>146</Value>
						</HeartRateBpm>
					</Trackpoint>
					<Trackpoint>
						<Time>2569-04-11T12:57:56Z</Time>
						<HeartRateBpm>
							<Value>147</Value>
						</HeartRateBpm>
					</Trackpoint>
					<Trackpoint>
						<Time>2569-04-11T12:57:57Z</Time>
						<HeartRateBpm>
							<Value>148</Value>
						</HeartRateBpm>
					</Trackpoint>
					<Trackpoint>
						<Time>2569-04-11T12:57:58Z</Time>
						<HeartRateBpm>
							<Value>148</Value>
						</HeartRateBpm>
					</Trackpoint>
					<Trackpoint>
						<Time>2569-04-11T12:57:59Z</Time>
						<HeartRateBpm>
							<Value>148</Value>
						</HeartRateBpm>
					</Trackpoint>
					<Trackpoint>
						<Time>2569-04-11T12:58:00Z</Time>
						<HeartRateBpm>
							<Value>147</Value>
						</HeartRateBpm>
					</Trackpoint>
					<Trackpoint>
						<Time>2569-04-11T12:58:01Z</Time>
						<HeartRateBpm>
							<Value>147</Value>
						</HeartRateBpm>
					</Trackpoint>
					<Trackpoint>
						<Time>2569-04-11T12:58:02Z</Time>
						<HeartRateBpm>
							<Value>148</Value>
						</HeartRateBpm>
					</Trackpoint>
					<Trackpoint>
						<Time>2569-04-11T12:58:03Z</Time>
						<HeartRateBpm>
							<Value>148</Value>
						</HeartRateBpm>
					</Trackpoint>
					<Trackpoint>
						<Time>2569-04-11T12:58:04Z</Time>
						<HeartRateBpm>
							<Value>148</Value>
						</HeartRateBpm>
					</Trackpoint>
					<Trackpoint>
						<Time>2569-04-11T12:58:05Z</Time>
						<HeartRateBpm>
							<Value>148</Value>
						</HeartRateBpm>
					</Trackpoint>
					<Trackpoint>
						<Time>2569-04-11T12:58:06Z</Time>
						<HeartRateBpm>
							<Value>148</Value>
						</HeartRateBpm>
					</Trackpoint>
					<Trackpoint>
						<Time>2569-04-11T12:58:07Z</Time>
						<HeartRateBpm>
							<Value>147</Value>
						</HeartRateBpm>
					</Trackpoint>
					<Trackpoint>
						<Time>2569-04-11T12:58:08Z</Time>
						<HeartRateBpm>
							<Value>146</Value>
						</HeartRateBpm>
					</Trackpoint>
					<Trackpoint>
						<Time>2569-04-11T12:58:09Z</Time>
						<HeartRateBpm>
							<Value>146</Value>
						</HeartRateBpm>
					</Trackpoint>
					<Trackpoint>
						<Time>2569-04-11T12:58:10Z</Time>
						<HeartRateBpm>
							<Value>145</Value>
						</HeartRateBpm>
					</Trackpoint>
					<Trackpoint>
						<Time>2569-04-11T12:58:11Z</Time>
						<HeartRateBpm>
							<Value>145</Value>
						</HeartRateBpm>
					</Trackpoint>
					<Trackpoint>
						<Time>2569-04-11T12:58:12Z</Time>
						<HeartRateBpm>
							<Value>143</Value>
						</HeartRateBpm>
					</Trackpoint>
					<Trackpoint>
						<Time>2569-04-11T12:58:13Z</Time>
						<HeartRateBpm>
							<Value>144</Value>
						</HeartRateBpm>
					</Trackpoint>
					<Trackpoint>
						<Time>2569-04-11T12:58:14Z</Time>
						<HeartRateBpm>
							<Value>145</Value>
						</HeartRateBpm>
					</Trackpoint>
					<Trackpoint>
						<Time>2569-04-11T12:58:15Z</Time>
						<HeartRateBpm>
							<Value>146</Value>
						</HeartRateBpm>
					</Trackpoint>
					<Trackpoint>
						<Time>2569-04-11T12:58:16Z</Time>
						<HeartRateBpm>
							<Value>145</Value>
						</HeartRateBpm>
					</Trackpoint>
					<Trackpoint>
						<Time>2569-04-11T12:58:17Z</Time>
						<HeartRateBpm>
							<Value>147</Value>
						</HeartRateBpm>
					</Trackpoint>
					<Trackpoint>
						<Time>2569-04-11T12:58:18Z</Time>
						<HeartRateBpm>
							<Value>149</Value>
						</HeartRateBpm>
					</Trackpoint>
					<Trackpoint>
						<Time>2569-04-11T12:58:19Z</Time>
						<HeartRateBpm>
							<Value>150</Value>
						</HeartRateBpm>
					</Trackpoint>
					<Trackpoint>
						<Time>2569-04-11T12:58:20Z</Time>
						<HeartRateBpm>
							<Value>151</Value>
						</HeartRateBpm>
					</Trackpoint>
					<Trackpoint>
						<Time>2569-04-11T12:58:21Z</Time>
						<HeartRateBpm>
							<Value>151</Value>
						</HeartRateBpm>
					</Trackpoint>
					<Trackpoint>
						<Time>2569-04-11T12:58:22Z</Time>
						<HeartRateBpm>
							<Value>151</Value>
						</HeartRateBpm>
					</Trackpoint>
					<Trackpoint>
						<Time>2569-04-11T12:58:23Z</Time>
						<HeartRateBpm>
							<Value>151</Value>
						</HeartRateBpm>
					</Trackpoint>
					<Trackpoint>
						<Time>2569-04-11T12:58:24Z</Time>
						<HeartRateBpm>
							<Value>152</Value>
						</HeartRateBpm>
					</Trackpoint>
					<Trackpoint>
						<Time>2569-04-11T12:58:25Z</Time>
						<HeartRateBpm>
							<Value>152</Value>
						</HeartRateBpm>
					</Trackpoint>
					<Trackpoint>
						<Time>2569-04-11T12:58:26Z</Time>
						<HeartRateBpm>
							<Value>154</Value>
						</HeartRateBpm>
					</Trackpoint>
					<Trackpoint>
						<Time>2569-04-11T12:58:27Z</Time>
						<HeartRateBpm>
							<Value>154</Value>
						</HeartRateBpm>
					</Trackpoint>
					<Trackpoint>
						<Time>2569-04-11T12:58:28Z</Time>
						<HeartRateBpm>
							<Value>154</Value>
						</HeartRateBpm>
					</Trackpoint>
					<Trackpoint>
						<Time>2569-04-11T12:58:29Z</Time>
						<HeartRateBpm>
							<Value>155</Value>
						</HeartRateBpm>
					</Trackpoint>
					<Trackpoint>
						<Time>2569-04-11T12:58:30Z</Time>
						<HeartRateBpm>
							<Value>156</Value>
						</HeartRateBpm>
					</Trackpoint>
					<Trackpoint>
						<Time>2569-04-11T12:58:31Z</Time>
						<HeartRateBpm>
							<Value>156</Value>
						</HeartRateBpm>
					</Trackpoint>
					<Trackpoint>
						<Time>2569-04-11T12:58:32Z</Time>
						<HeartRateBpm>
							<Value>158</Value>
						</HeartRateBpm>
					</Trackpoint>
					<Trackpoint>
						<Time>2569-04-11T12:58:33Z</Time>
						<HeartRateBpm>
							<Value>158</Value>
						</HeartRateBpm>
					</Trackpoint>
					<Trackpoint>
						<Time>2569-04-11T12:58:34Z</Time>
						<HeartRateBpm>
							<Value>159</Value>
						</HeartRateBpm>
					</Trackpoint>
					<Trackpoint>
						<Time>2569-04-11T12:58:35Z</Time>
						<HeartRateBpm>
							<Value>159</Value>
						</HeartRateBpm>
					</Trackpoint>
					<Trackpoint>
						<Time>2569-04-11T12:58:36Z</Time>
						<HeartRateBpm>
							<Value>160</Value>
						</HeartRateBpm>
					</Trackpoint>
					<Trackpoint>
						<Time>2569-04-11T12:58:37Z</Time>
						<HeartRateBpm>
							<Value>159</Value>
						</HeartRateBpm>
					</Trackpoint>
					<Trackpoint>
						<Time>2569-04-11T12:58:38Z</Time>
						<HeartRateBpm>
							<Value>157</Value>
						</HeartRateBpm>
					</Trackpoint>
					<Trackpoint>
						<Time>2569-04-11T12:58:39Z</Time>
						<HeartRateBpm>
							<Value>155</Value>
						</HeartRateBpm>
					</Trackpoint>
					<Trackpoint>
						<Time>2569-04-11T12:58:40Z</Time>
						<HeartRateBpm>
							<Value>155</Value>
						</HeartRateBpm>
					</Trackpoint>
					<Trackpoint>
						<Time>2569-04-11T12:58:41Z</Time>
						<HeartRateBpm>
							<Value>155</Value>
						</HeartRateBpm>
					</Trackpoint>
					<Trackpoint>
						<Time>2569-04-11T12:58:42Z</Time>
						<HeartRateBpm>
							<Value>155</Value>
						</HeartRateBpm>
					</Trackpoint>
					<Trackpoint>
						<Time>2569-04-11T12:58:43Z</Time>
						<HeartRateBpm>
							<Value>155</Value>
						</HeartRateBpm>
					</Trackpoint>
					<Trackpoint>
						<Time>2569-04-11T12:58:44Z</Time>
						<HeartRateBpm>
							<Value>155</Value>
						</HeartRateBpm>
					</Trackpoint>
					<Trackpoint>
						<Time>2569-04-11T12:58:45Z</Time>
						<HeartRateBpm>
							<Value>154</Value>
						</HeartRateBpm>
					</Trackpoint>
					<Trackpoint>
						<Time>2569-04-11T12:58:46Z</Time>
						<HeartRateBpm>
							<Value>153</Value>
						</HeartRateBpm>
					</Trackpoint>
					<Trackpoint>
						<Time>2569-04-11T12:58:47Z</Time>
						<HeartRateBpm>
							<Value>151</Value>
						</HeartRateBpm>
					</Trackpoint>
					<Trackpoint>
						<Time>2569-04-11T12:58:48Z</Time>
						<HeartRateBpm>
							<Value>151</Value>
						</HeartRateBpm>
					</Trackpoint>
					<Trackpoint>
						<Time>2569-04-11T12:58:49Z</Time>
						<HeartRateBpm>
							<Value>150</Value>
						</HeartRateBpm>
					</Trackpoint>
					<Trackpoint>
						<Time>2569-04-11T12:58:50Z</Time>
						<HeartRateBpm>
							<Value>149</Value>
						</HeartRateBpm>
					</Trackpoint>
					<Trackpoint>
						<Time>2569-04-11T12:58:51Z</Time>
						<HeartRateBpm>
							<Value>148</Value>
						</HeartRateBpm>
					</Trackpoint>
					<Trackpoint>
						<Time>2569-04-11T12:58:52Z</Time>
						<HeartRateBpm>
							<Value>147</Value>
						</HeartRateBpm>
					</Trackpoint>
					<Trackpoint>
						<Time>2569-04-11T12:58:53Z</Time>
						<HeartRateBpm>
							<Value>147</Value>
						</HeartRateBpm>
					</Trackpoint>
					<Trackpoint>
						<Time>2569-04-11T12:58:54Z</Time>
						<HeartRateBpm>
							<Value>146</Value>
						</HeartRateBpm>
					</Trackpoint>
					<Trackpoint>
						<Time>2569-04-11T12:58:55Z</Time>
						<HeartRateBpm>
							<Value>146</Value>
						</HeartRateBpm>
					</Trackpoint>
					<Trackpoint>
						<Time>2569-04-11T12:58:56Z</Time>
						<HeartRateBpm>
							<Value>146</Value>
						</HeartRateBpm>
					</Trackpoint>
					<Trackpoint>
						<Time>2569-04-11T12:58:57Z</Time>
						<HeartRateBpm>
							<Value>145</Value>
						</HeartRateBpm>
					</Trackpoint>
					<Trackpoint>
						<Time>2569-04-11T12:58:58Z</Time>
						<HeartRateBpm>
							<Value>145</Value>
						</HeartRateBpm>
					</Trackpoint>
					<Trackpoint>
						<Time>2569-04-11T12:58:59Z</Time>
						<HeartRateBpm>
							<Value>145</Value>
						</HeartRateBpm>
					</Trackpoint>
					<Trackpoint>
						<Time>2569-04-11T12:59:00Z</Time>
						<HeartRateBpm>
							<Value>145</Value>
						</HeartRateBpm>
					</Trackpoint>
					<Trackpoint>
						<Time>2569-04-11T12:59:01Z</Time>
						<HeartRateBpm>
							<Value>144</Value>
						</HeartRateBpm>
					</Trackpoint>
					<Trackpoint>
						<Time>2569-04-11T12:59:02Z</Time>
						<HeartRateBpm>
							<Value>143</Value>
						</HeartRateBpm>
					</Trackpoint>
					<Trackpoint>
						<Time>2569-04-11T12:59:03Z</Time>
						<HeartRateBpm>
							<Value>143</Value>
						</HeartRateBpm>
					</Trackpoint>
					<Trackpoint>
						<Time>2569-04-11T12:59:04Z</Time>
						<HeartRateBpm>
							<Value>142</Value>
						</HeartRateBpm>
					</Trackpoint>
					<Trackpoint>
						<Time>2569-04-11T12:59:05Z</Time>
						<HeartRateBpm>
							<Value>142</Value>
						</HeartRateBpm>
					</Trackpoint>
					<Trackpoint>
						<Time>2569-04-11T12:59:06Z</Time>
						<HeartRateBpm>
							<Value>140</Value>
						</HeartRateBpm>
					</Trackpoint>
					<Trackpoint>
						<Time>2569-04-11T12:59:07Z</Time>
						<HeartRateBpm>
							<Value>139</Value>
						</HeartRateBpm>
					</Trackpoint>
					<Trackpoint>
						<Time>2569-04-11T12:59:08Z</Time>
						<HeartRateBpm>
							<Value>138</Value>
						</HeartRateBpm>
					</Trackpoint>
					<Trackpoint>
						<Time>2569-04-11T12:59:09Z</Time>
						<HeartRateBpm>
							<Value>138</Value>
						</HeartRateBpm>
					</Trackpoint>
					<Trackpoint>
						<Time>2569-04-11T12:59:10Z</Time>
						<HeartRateBpm>
							<Value>138</Value>
						</HeartRateBpm>
					</Trackpoint>
					<Trackpoint>
						<Time>2569-04-11T12:59:11Z</Time>
						<HeartRateBpm>
							<Value>137</Value>
						</HeartRateBpm>
					</Trackpoint>
					<Trackpoint>
						<Time>2569-04-11T12:59:12Z</Time>
						<HeartRateBpm>
							<Value>137</Value>
						</HeartRateBpm>
					</Trackpoint>
					<Trackpoint>
						<Time>2569-04-11T12:59:13Z</Time>
						<HeartRateBpm>
							<Value>137</Value>
						</HeartRateBpm>
					</Trackpoint>
					<Trackpoint>
						<Time>2569-04-11T12:59:14Z</Time>
						<HeartRateBpm>
							<Value>137</Value>
						</HeartRateBpm>
					</Trackpoint>
					<Trackpoint>
						<Time>2569-04-11T12:59:15Z</Time>
						<HeartRateBpm>
							<Value>137</Value>
						</HeartRateBpm>
					</Trackpoint>
					<Trackpoint>
						<Time>2569-04-11T12:59:16Z</Time>
						<HeartRateBpm>
							<Value>138</Value>
						</HeartRateBpm>
					</Trackpoint>
					<Trackpoint>
						<Time>2569-04-11T12:59:17Z</Time>
						<HeartRateBpm>
							<Value>139</Value>
						</HeartRateBpm>
					</Trackpoint>
					<Trackpoint>
						<Time>2569-04-11T12:59:18Z</Time>
						<HeartRateBpm>
							<Value>138</Value>
						</HeartRateBpm>
					</Trackpoint>
					<Trackpoint>
						<Time>2569-04-11T12:59:19Z</Time>
						<HeartRateBpm>
							<Value>138</Value>
						</HeartRateBpm>
					</Trackpoint>
					<Trackpoint>
						<Time>2569-04-11T12:59:20Z</Time>
						<HeartRateBpm>
							<Value>139</Value>
						</HeartRateBpm>
					</Trackpoint>
					<Trackpoint>
						<Time>2569-04-11T12:59:21Z</Time>
						<HeartRateBpm>
							<Value>139</Value>
						</HeartRateBpm>
					</Trackpoint>
					<Trackpoint>
						<Time>2569-04-11T12:59:22Z</Time>
						<HeartRateBpm>
							<Value>139</Value>
						</HeartRateBpm>
					</Trackpoint>
					<Trackpoint>
						<Time>2569-04-11T12:59:23Z</Time>
						<HeartRateBpm>
							<Value>140</Value>
						</HeartRateBpm>
					</Trackpoint>
					<Trackpoint>
						<Time>2569-04-11T12:59:24Z</Time>
						<HeartRateBpm>
							<Value>141</Value>
						</HeartRateBpm>
					</Trackpoint>
					<Trackpoint>
						<Time>2569-04-11T12:59:25Z</Time>
						<HeartRateBpm>
							<Value>142</Value>
						</HeartRateBpm>
					</Trackpoint>
					<Trackpoint>
						<Time>2569-04-11T12:59:26Z</Time>
						<HeartRateBpm>
							<Value>142</Value>
						</HeartRateBpm>
					</Trackpoint>
					<Trackpoint>
						<Time>2569-04-11T12:59:27Z</Time>
						<HeartRateBpm>
							<Value>143</Value>
						</HeartRateBpm>
					</Trackpoint>
					<Trackpoint>
						<Time>2569-04-11T12:59:28Z</Time>
						<HeartRateBpm>
							<Value>143</Value>
						</HeartRateBpm>
					</Trackpoint>
					<Trackpoint>
						<Time>2569-04-11T12:59:29Z</Time>
						<HeartRateBpm>
							<Value>143</Value>
						</HeartRateBpm>
					</Trackpoint>
					<Trackpoint>
						<Time>2569-04-11T12:59:30Z</Time>
						<HeartRateBpm>
							<Value>143</Value>
						</HeartRateBpm>
					</Trackpoint>
					<Trackpoint>
						<Time>2569-04-11T12:59:31Z</Time>
						<HeartRateBpm>
							<Value>142</Value>
						</HeartRateBpm>
					</Trackpoint>
					<Trackpoint>
						<Time>2569-04-11T12:59:32Z</Time>
						<HeartRateBpm>
							<Value>142</Value>
						</HeartRateBpm>
					</Trackpoint>
					<Trackpoint>
						<Time>2569-04-11T12:59:33Z</Time>
						<HeartRateBpm>
							<Value>143</Value>
						</HeartRateBpm>
					</Trackpoint>
					<Trackpoint>
						<Time>2569-04-11T12:59:34Z</Time>
						<HeartRateBpm>
							<Value>143</Value>
						</HeartRateBpm>
					</Trackpoint>
					<Trackpoint>
						<Time>2569-04-11T12:59:35Z</Time>
						<HeartRateBpm>
							<Value>143</Value>
						</HeartRateBpm>
					</Trackpoint>
					<Trackpoint>
						<Time>2569-04-11T12:59:36Z</Time>
						<HeartRateBpm>
							<Value>143</Value>
						</HeartRateBpm>
					</Trackpoint>
					<Trackpoint>
						<Time>2569-04-11T12:59:37Z</Time>
						<HeartRateBpm>
							<Value>143</Value>
						</HeartRateBpm>
					</Trackpoint>
					<Trackpoint>
						<Time>2569-04-11T12:59:38Z</Time>
						<HeartRateBpm>
							<Value>144</Value>
						</HeartRateBpm>
					</Trackpoint>
					<Trackpoint>
						<Time>2569-04-11T12:59:39Z</Time>
						<HeartRateBpm>
							<Value>145</Value>
						</HeartRateBpm>
					</Trackpoint>
					<Trackpoint>
						<Time>2569-04-11T12:59:40Z</Time>
						<HeartRateBpm>
							<Value>145</Value>
						</HeartRateBpm>
					</Trackpoint>
					<Trackpoint>
						<Time>2569-04-11T12:59:41Z</Time>
						<HeartRateBpm>
							<Value>146</Value>
						</HeartRateBpm>
					</Trackpoint>
					<Trackpoint>
						<Time>2569-04-11T12:59:42Z</Time>
						<HeartRateBpm>
							<Value>147</Value>
						</HeartRateBpm>
					</Trackpoint>
					<Trackpoint>
						<Time>2569-04-11T12:59:43Z</Time>
						<HeartRateBpm>
							<Value>148</Value>
						</HeartRateBpm>
					</Trackpoint>
					<Trackpoint>
						<Time>2569-04-11T12:59:44Z</Time>
						<HeartRateBpm>
							<Value>148</Value>
						</HeartRateBpm>
					</Trackpoint>
					<Trackpoint>
						<Time>2569-04-11T12:59:45Z</Time>
						<HeartRateBpm>
							<Value>148</Value>
						</HeartRateBpm>
					</Trackpoint>
					<Trackpoint>
						<Time>2569-04-11T12:59:46Z</Time>
						<HeartRateBpm>
							<Value>148</Value>
						</HeartRateBpm>
					</Trackpoint>
					<Trackpoint>
						<Time>2569-04-11T12:59:47Z</Time>
						<HeartRateBpm>
							<Value>148</Value>
						</HeartRateBpm>
					</Trackpoint>
					<Trackpoint>
						<Time>2569-04-11T12:59:48Z</Time>
						<HeartRateBpm>
							<Value>149</Value>
						</HeartRateBpm>
					</Trackpoint>
					<Trackpoint>
						<Time>2569-04-11T12:59:49Z</Time>
						<HeartRateBpm>
							<Value>148</Value>
						</HeartRateBpm>
					</Trackpoint>
					<Trackpoint>
						<Time>2569-04-11T12:59:50Z</Time>
						<HeartRateBpm>
							<Value>148</Value>
						</HeartRateBpm>
					</Trackpoint>
					<Trackpoint>
						<Time>2569-04-11T12:59:51Z</Time>
						<HeartRateBpm>
							<Value>147</Value>
						</HeartRateBpm>
					</Trackpoint>
					<Trackpoint>
						<Time>2569-04-11T12:59:52Z</Time>
						<HeartRateBpm>
							<Value>147</Value>
						</HeartRateBpm>
					</Trackpoint>
					<Trackpoint>
						<Time>2569-04-11T12:59:53Z</Time>
						<HeartRateBpm>
							<Value>148</Value>
						</HeartRateBpm>
					</Trackpoint>
					<Trackpoint>
						<Time>2569-04-11T12:59:54Z</Time>
						<HeartRateBpm>
							<Value>149</Value>
						</HeartRateBpm>
					</Trackpoint>
					<Trackpoint>
						<Time>2569-04-11T12:59:55Z</Time>
						<HeartRateBpm>
							<Value>149</Value>
						</HeartRateBpm>
					</Trackpoint>
					<Trackpoint>
						<Time>2569-04-11T12:59:56Z</Time>
						<HeartRateBpm>
							<Value>148</Value>
						</HeartRateBpm>
					</Trackpoint>
					<Trackpoint>
						<Time>2569-04-11T12:59:57Z</Time>
						<HeartRateBpm>
							<Value>150</Value>
						</HeartRateBpm>
					</Trackpoint>
					<Trackpoint>
						<Time>2569-04-11T12:59:58Z</Time>
						<HeartRateBpm>
							<Value>150</Value>
						</HeartRateBpm>
					</Trackpoint>
					<Trackpoint>
						<Time>2569-04-11T12:59:59Z</Time>
						<HeartRateBpm>
							<Value>151</Value>
						</HeartRateBpm>
					</Trackpoint>
					<Trackpoint>
						<Time>2569-04-11T13:00:00Z</Time>
						<HeartRateBpm>
							<Value>152</Value>
						</HeartRateBpm>
					</Trackpoint>
					<Trackpoint>
						<Time>2569-04-11T13:00:01Z</Time>
						<HeartRateBpm>
							<Value>153</Value>
						</HeartRateBpm>
					</Trackpoint>
					<Trackpoint>
						<Time>2569-04-11T13:00:02Z</Time>
						<HeartRateBpm>
							<Value>153</Value>
						</HeartRateBpm>
					</Trackpoint>
					<Trackpoint>
						<Time>2569-04-11T13:00:03Z</Time>
						<HeartRateBpm>
							<Value>153</Value>
						</HeartRateBpm>
					</Trackpoint>
					<Trackpoint>
						<Time>2569-04-11T13:00:04Z</Time>
						<HeartRateBpm>
							<Value>152</Value>
						</HeartRateBpm>
					</Trackpoint>
					<Trackpoint>
						<Time>2569-04-11T13:00:05Z</Time>
						<HeartRateBpm>
							<Value>152</Value>
						</HeartRateBpm>
					</Trackpoint>
					<Trackpoint>
						<Time>2569-04-11T13:00:06Z</Time>
						<HeartRateBpm>
							<Value>151</Value>
						</HeartRateBpm>
					</Trackpoint>
					<Trackpoint>
						<Time>2569-04-11T13:00:07Z</Time>
						<HeartRateBpm>
							<Value>150</Value>
						</HeartRateBpm>
					</Trackpoint>
					<Trackpoint>
						<Time>2569-04-11T13:00:08Z</Time>
						<HeartRateBpm>
							<Value>148</Value>
						</HeartRateBpm>
					</Trackpoint>
					<Trackpoint>
						<Time>2569-04-11T13:00:09Z</Time>
						<HeartRateBpm>
							<Value>148</Value>
						</HeartRateBpm>
					</Trackpoint>
					<Trackpoint>
						<Time>2569-04-11T13:00:10Z</Time>
						<HeartRateBpm>
							<Value>147</Value>
						</HeartRateBpm>
					</Trackpoint>
					<Trackpoint>
						<Time>2569-04-11T13:00:11Z</Time>
						<HeartRateBpm>
							<Value>147</Value>
						</HeartRateBpm>
					</Trackpoint>
					<Trackpoint>
						<Time>2569-04-11T13:00:12Z</Time>
						<HeartRateBpm>
							<Value>147</Value>
						</HeartRateBpm>
					</Trackpoint>
					<Trackpoint>
						<Time>2569-04-11T13:00:13Z</Time>
						<HeartRateBpm>
							<Value>147</Value>
						</HeartRateBpm>
					</Trackpoint>
					<Trackpoint>
						<Time>2569-04-11T13:00:14Z</Time>
						<HeartRateBpm>
							<Value>147</Value>
						</HeartRateBpm>
					</Trackpoint>
					<Trackpoint>
						<Time>2569-04-11T13:00:15Z</Time>
						<HeartRateBpm>
							<Value>147</Value>
						</HeartRateBpm>
					</Trackpoint>
					<Trackpoint>
						<Time>2569-04-11T13:00:16Z</Time>
						<HeartRateBpm>
							<Value>147</Value>
						</HeartRateBpm>
					</Trackpoint>
					<Trackpoint>
						<Time>2569-04-11T13:00:17Z</Time>
						<HeartRateBpm>
							<Value>147</Value>
						</HeartRateBpm>
					</Trackpoint>
					<Trackpoint>
						<Time>2569-04-11T13:00:18Z</Time>
						<HeartRateBpm>
							<Value>148</Value>
						</HeartRateBpm>
					</Trackpoint>
					<Trackpoint>
						<Time>2569-04-11T13:00:19Z</Time>
						<HeartRateBpm>
							<Value>148</Value>
						</HeartRateBpm>
					</Trackpoint>
					<Trackpoint>
						<Time>2569-04-11T13:00:20Z</Time>
						<HeartRateBpm>
							<Value>149</Value>
						</HeartRateBpm>
					</Trackpoint>
					<Trackpoint>
						<Time>2569-04-11T13:00:21Z</Time>
						<HeartRateBpm>
							<Value>148</Value>
						</HeartRateBpm>
					</Trackpoint>
					<Trackpoint>
						<Time>2569-04-11T13:00:22Z</Time>
						<HeartRateBpm>
							<Value>148</Value>
						</HeartRateBpm>
					</Trackpoint>
					<Trackpoint>
						<Time>2569-04-11T13:00:23Z</Time>
						<HeartRateBpm>
							<Value>147</Value>
						</HeartRateBpm>
					</Trackpoint>
					<Trackpoint>
						<Time>2569-04-11T13:00:24Z</Time>
						<HeartRateBpm>
							<Value>147</Value>
						</HeartRateBpm>
					</Trackpoint>
				</Track>
			</Lap>
			<Creator xsi:type="Device_t">
				<Name>Amazfit Active 2 (Round)</Name>
			</Creator>
		</Activity>
	</Activities>
	<Author xsi:type="Application_t">
		<Name>Zepp</Name>
	</Author>
</TrainingCenterDatabase>