<?xml version="1.0" encoding="utf-8" standalone="no"?>
<TrainingCenterDatabase xmlns="http://www.garmin.com/xmlschemas/TrainingCenterDatabase/v2" xmlns:ns2="http://www.garmin.com/xmlschemas/UserProfile/v2" xmlns:ns3="http://www.garmin.com/xmlschemas/ActivityExtension/v2" xmlns:ns4="http://www.garmin.com/xmlschemas/ProfileExtension/v1" xmlns:ns5="http://www.garmin.com/xmlschemas/ActivityGoals/v1" xmlns:xsi="http://www.w3.org/2001/XMLSchema-instance" xsi:schemaLocation="http://www.garmin.com/xmlschemas/TrainingCenterDatabase/v2 http://www.garmin.com/xmlschemas/TrainingCenterDatabasev2.xsd">
	<Activities>
		<Activity Sport="Running">
			<Id>2569-03-15T08:19:53Z</Id>
			<Notes>การเดิน</Notes>
			<Lap StartTime="2569-03-15T08:19:53Z">
				<TotalTimeSeconds>1154</TotalTimeSeconds>
				<DistanceMeters>1312</DistanceMeters>
				<MaximumSpeed>0</MaximumSpeed>
				<Calories>107</Calories>
				<AverageHeartRateBpm>
					<Value>105</Value>
				</AverageHeartRateBpm>
				<MaximumHeartRateBpm>
					<Value>115</Value>
				</MaximumHeartRateBpm>
				<Intensity>Active</Intensity>
				<TriggerMethod>Manual</TriggerMethod>
				<Extensions>
					<ns3:LX>
						<ns3:AvgSpeed>0.879897</ns3:AvgSpeed>
						<ns3:maxRunCadence>117</ns3:maxRunCadence>
						<ns3:AvgRunCadence>105</ns3:AvgRunCadence>
					</ns3:LX>
				</Extensions>
				<Track>
					<Trackpoint>
						<Time>2569-03-15T08:19:53Z</Time>
						<Position>
							<LatitudeDegrees>13.217604</LatitudeDegrees>
							<LongitudeDegrees>100.963884</LongitudeDegrees>
						</Position>
						<AltitudeMeters>39.660000</AltitudeMeters>
						<HeartRateBpm>
							<Value>102</Value>
						</HeartRateBpm>
						<Cadence>49</Cadence>
						<Extensions>
							<ns3:TPX>
								<ns3:Speed>2.320190</ns3:Speed>
							</ns3:TPX>
						</Extensions>
					</Trackpoint>
					<Trackpoint>
						<Time>2569-03-15T08:19:54Z</Time>
						<Position>
							<LatitudeDegrees>13.217610</LatitudeDegrees>
							<LongitudeDegrees>100.963884</LongitudeDegrees>
						</Position>
						<AltitudeMeters>39.660000</AltitudeMeters>
						<HeartRateBpm>
							<Value>102</Value>
						</HeartRateBpm>
						<Cadence>49</Cadence>
						<Extensions>
							<ns3:TPX>
								<ns3:Speed>1.828150</ns3:Speed>
							</ns3:TPX>
						</Extensions>
					</Trackpoint>
					<Trackpoint>
						<Time>2569-03-15T08:19:55Z</Time>
						<Position>
							<LatitudeDegrees>13.217618</LatitudeDegrees>
							<LongitudeDegrees>100.963886</LongitudeDegrees>
						</Position>
						<AltitudeMeters>39.650000</AltitudeMeters>
						<HeartRateBpm>
							<Value>101</Value>
						</HeartRateBpm>
						<Cadence>49</Cadence>
						<Extensions>
							<ns3:TPX>
								<ns3:Speed>1.510570</ns3:Speed>
							</ns3:TPX>
						</Extensions>
					</Trackpoint>
					<Trackpoint>
						<Time>2569-03-15T08:19:56Z</Time>
						<Position>
							<LatitudeDegrees>13.217625</LatitudeDegrees>
							<LongitudeDegrees>100.963887</LongitudeDegrees>
						</Position>
						<AltitudeMeters>39.630000</AltitudeMeters>
						<HeartRateBpm>
							<Value>102</Value>
						</HeartRateBpm>
						<Cadence>49</Cadence>
						<Extensions>
							<ns3:TPX>
								<ns3:Speed>1.190480</ns3:Speed>
							</ns3:TPX>
						</Extensions>
					</Trackpoint>
					<Trackpoint>
						<Time>2569-03-15T08:19:57Z</Time>
						<Position>
							<LatitudeDegrees>13.217631</LatitudeDegrees>
							<LongitudeDegrees>100.963889</LongitudeDegrees>
						</Position>
						<AltitudeMeters>39.620000</AltitudeMeters>
						<HeartRateBpm>
							<Value>103</Value>
						</HeartRateBpm>
						<Cadence>49</Cadence>
						<Extensions>
							<ns3:TPX>
								<ns3:Speed>0.923360</ns3:Speed>
							</ns3:TPX>
						</Extensions>
					</Trackpoint>
					<Trackpoint>
						<Time>2569-03-15T08:19:58Z</Time>
						<Position>
							<LatitudeDegrees>13.217638</LatitudeDegrees>
							<LongitudeDegrees>100.963891</LongitudeDegrees>
						</Position>
						<AltitudeMeters>39.600000</AltitudeMeters>
						<HeartRateBpm>
							<Value>103</Value>
						</HeartRateBpm>
						<Cadence>50</Cadence>
						<Extensions>
							<ns3:TPX>
								<ns3:Speed>0.881060</ns3:Speed>
							</ns3:TPX>
						</Extensions>
					</Trackpoint>
					<Trackpoint>
						<Time>2569-03-15T08:19:59Z</Time>
						<Position>
							<LatitudeDegrees>13.217644</LatitudeDegrees>
							<LongitudeDegrees>100.963895</LongitudeDegrees>
						</Position>
						<AltitudeMeters>39.590000</AltitudeMeters>
						<HeartRateBpm>
							<Value>104</Value>
						</HeartRateBpm>
						<Cadence>50</Cadence>
						<Extensions>
							<ns3:TPX>
								<ns3:Speed>0.879510</ns3:Speed>
							</ns3:TPX>
						</Extensions>
					</Trackpoint>
					<Trackpoint>
						<Time>2569-03-15T08:20:00Z</Time>
						<Position>
							<LatitudeDegrees>13.217645</LatitudeDegrees>
							<LongitudeDegrees>100.963897</LongitudeDegrees>
						</Position>
						<AltitudeMeters>39.590000</AltitudeMeters>
						<HeartRateBpm>
							<Value>104</Value>
						</HeartRateBpm>
						<Cadence>51</Cadence>
						<Extensions>
							<ns3:TPX>
								<ns3:Speed>0.873360</ns3:Speed>
							</ns3:TPX>
						</Extensions>
					</Trackpoint>
					<Trackpoint>
						<Time>2569-03-15T08:20:01Z</Time>
						<Position>
							<LatitudeDegrees>13.217644</LatitudeDegrees>
							<LongitudeDegrees>100.963897</LongitudeDegrees>
						</Position>
						<AltitudeMeters>39.590000</AltitudeMeters>
						<HeartRateBpm>
							<Value>105</Value>
						</HeartRateBpm>
						<Cadence>51</Cadence>
						<Extensions>
							<ns3:TPX>
								<ns3:Speed>0.862070</ns3:Speed>
							</ns3:TPX>
						</Extensions>
					</Trackpoint>
					<Trackpoint>
						<Time>2569-03-15T08:20:02Z</Time>
						<Position>
							<LatitudeDegrees>13.217646</LatitudeDegrees>
							<LongitudeDegrees>100.963897</LongitudeDegrees>
						</Position>
						<AltitudeMeters>39.580000</AltitudeMeters>
						<HeartRateBpm>
							<Value>107</Value>
						</HeartRateBpm>
						<Cadence>51</Cadence>
						<Extensions>
							<ns3:TPX>
								<ns3:Speed>0.907440</ns3:Speed>
							</ns3:TPX>
						</Extensions>
					</Trackpoint>
					<Trackpoint>
						<Time>2569-03-15T08:20:03Z</Time>
						<Position>
							<LatitudeDegrees>13.217651</LatitudeDegrees>
							<LongitudeDegrees>100.963897</LongitudeDegrees>
						</Position>
						<AltitudeMeters>39.580000</AltitudeMeters>
						<HeartRateBpm>
							<Value>107</Value>
						</HeartRateBpm>
						<Cadence>50</Cadence>
						<Extensions>
							<ns3:TPX>
								<ns3:Speed>0.938970</ns3:Speed>
							</ns3:TPX>
						</Extensions>
					</Trackpoint>
					<Trackpoint>
						<Time>2569-03-15T08:20:04Z</Time>
						<Position>
							<LatitudeDegrees>13.217657</LatitudeDegrees>
							<LongitudeDegrees>100.963898</LongitudeDegrees>
						</Position>
						<AltitudeMeters>39.580000</AltitudeMeters>
						<HeartRateBpm>
							<Value>109</Value>
						</HeartRateBpm>
						<Cadence>50</Cadence>
						<Extensions>
							<ns3:TPX>
								<ns3:Speed>0.906620</ns3:Speed>
							</ns3:TPX>
						</Extensions>
					</Trackpoint>
					<Trackpoint>
						<Time>2569-03-15T08:20:05Z</Time>
						<Position>
							<LatitudeDegrees>13.217664</LatitudeDegrees>
							<LongitudeDegrees>100.963899</LongitudeDegrees>
						</Position>
						<AltitudeMeters>39.570000</AltitudeMeters>
						<HeartRateBpm>
							<Value>110</Value>
						</HeartRateBpm>
						<Cadence>49</Cadence>
						<Extensions>
							<ns3:TPX>
								<ns3:Speed>0.890470</ns3:Speed>
							</ns3:TPX>
						</Extensions>
					</Trackpoint>
					<Trackpoint>
						<Time>2569-03-15T08:20:06Z</Time>
						<Position>
							<LatitudeDegrees>13.217672</LatitudeDegrees>
							<LongitudeDegrees>100.963901</LongitudeDegrees>
						</Position>
						<AltitudeMeters>39.560000</AltitudeMeters>
						<HeartRateBpm>
							<Value>110</Value>
						</HeartRateBpm>
						<Cadence>49</Cadence>
						<Extensions>
							<ns3:TPX>
								<ns3:Speed>0.890470</ns3:Speed>
							</ns3:TPX>
						</Extensions>
					</Trackpoint>
					<Trackpoint>
						<Time>2569-03-15T08:20:07Z</Time>
						<Position>
							<LatitudeDegrees>13.217680</LatitudeDegrees>
							<LongitudeDegrees>100.963902</LongitudeDegrees>
						</Position>
						<AltitudeMeters>39.550000</AltitudeMeters>
						<HeartRateBpm>
							<Value>111</Value>
						</HeartRateBpm>
						<Cadence>48</Cadence>
						<Extensions>
							<ns3:TPX>
								<ns3:Speed>0.832640</ns3:Speed>
							</ns3:TPX>
						</Extensions>
					</Trackpoint>
					<Trackpoint>
						<Time>2569-03-15T08:20:08Z</Time>
						<Position>
							<LatitudeDegrees>13.217688</LatitudeDegrees>
							<LongitudeDegrees>100.963904</LongitudeDegrees>
						</Position>
						<AltitudeMeters>39.550000</AltitudeMeters>
						<HeartRateBpm>
							<Value>110</Value>
						</HeartRateBpm>
						<Cadence>48</Cadence>
						<Extensions>
							<ns3:TPX>
								<ns3:Speed>0.796810</ns3:Speed>
							</ns3:TPX>
						</Extensions>
					</Trackpoint>
					<Trackpoint>
						<Time>2569-03-15T08:20:09Z</Time>
						<Position>
							<LatitudeDegrees>13.217696</LatitudeDegrees>
							<LongitudeDegrees>100.963906</LongitudeDegrees>
						</Position>
						<AltitudeMeters>39.550000</AltitudeMeters>
						<HeartRateBpm>
							<Value>110</Value>
						</HeartRateBpm>
						<Cadence>48</Cadence>
						<Extensions>
							<ns3:TPX>
								<ns3:Speed>0.833330</ns3:Speed>
							</ns3:TPX>
						</Extensions>
					</Trackpoint>
					<Trackpoint>
						<Time>2569-03-15T08:20:10Z</Time>
						<Position>
							<LatitudeDegrees>13.217704</LatitudeDegrees>
							<LongitudeDegrees>100.963908</LongitudeDegrees>
						</Position>
						<AltitudeMeters>39.540000</AltitudeMeters>
						<HeartRateBpm>
							<Value>110</Value>
						</HeartRateBpm>
						<Cadence>49</Cadence>
						<Extensions>
							<ns3:TPX>
								<ns3:Speed>0.858370</ns3:Speed>
							</ns3:TPX>
						</Extensions>
					</Trackpoint>
					<Trackpoint>
						<Time>2569-03-15T08:20:11Z</Time>
						<Position>
							<LatitudeDegrees>13.217712</LatitudeDegrees>
							<LongitudeDegrees>100.963912</LongitudeDegrees>
						</Position>
						<AltitudeMeters>39.530000</AltitudeMeters>
						<HeartRateBpm>
							<Value>112</Value>
						</HeartRateBpm>
						<Cadence>49</Cadence>
						<Extensions>
							<ns3:TPX>
								<ns3:Speed>0.880280</ns3:Speed>
							</ns3:TPX>
						</Extensions>
					</Trackpoint>
					<Trackpoint>
						<Time>2569-03-15T08:20:12Z</Time>
						<Position>
							<LatitudeDegrees>13.217719</LatitudeDegrees>
							<LongitudeDegrees>100.963915</LongitudeDegrees>
						</Position>
						<AltitudeMeters>39.520000</AltitudeMeters>
						<HeartRateBpm>
							<Value>112</Value>
						</HeartRateBpm>
						<Cadence>50</Cadence>
						<Extensions>
							<ns3:TPX>
								<ns3:Speed>0.891270</ns3:Speed>
							</ns3:TPX>
						</Extensions>
					</Trackpoint>
					<Trackpoint>
						<Time>2569-03-15T08:20:13Z</Time>
						<Position>
							<LatitudeDegrees>13.217727</LatitudeDegrees>
							<LongitudeDegrees>100.963919</LongitudeDegrees>
						</Position>
						<AltitudeMeters>39.510000</AltitudeMeters>
						<HeartRateBpm>
							<Value>113</Value>
						</HeartRateBpm>
						<Cadence>50</Cadence>
						<Extensions>
							<ns3:TPX>
								<ns3:Speed>0.900900</ns3:Speed>
							</ns3:TPX>
						</Extensions>
					</Trackpoint>
					<Trackpoint>
						<Time>2569-03-15T08:20:14Z</Time>
						<Position>
							<LatitudeDegrees>13.217738</LatitudeDegrees>
							<LongitudeDegrees>100.963921</LongitudeDegrees>
						</Position>
						<AltitudeMeters>39.500000</AltitudeMeters>
						<HeartRateBpm>
							<Value>113</Value>
						</HeartRateBpm>
						<Cadence>50</Cadence>
						<Extensions>
							<ns3:TPX>
								<ns3:Speed>0.919960</ns3:Speed>
							</ns3:TPX>
						</Extensions>
					</Trackpoint>
					<Trackpoint>
						<Time>2569-03-15T08:20:15Z</Time>
						<Position>
							<LatitudeDegrees>13.217749</LatitudeDegrees>
							<LongitudeDegrees>100.963922</LongitudeDegrees>
						</Position>
						<AltitudeMeters>39.480000</AltitudeMeters>
						<HeartRateBpm>
							<Value>114</Value>
						</HeartRateBpm>
						<Cadence>50</Cadence>
						<Extensions>
							<ns3:TPX>
								<ns3:Speed>0.944290</ns3:Speed>
							</ns3:TPX>
						</Extensions>
					</Trackpoint>
					<Trackpoint>
						<Time>2569-03-15T08:20:16Z</Time>
						<Position>
							<LatitudeDegrees>13.217758</LatitudeDegrees>
							<LongitudeDegrees>100.963924</LongitudeDegrees>
						</Position>
						<AltitudeMeters>39.460000</AltitudeMeters>
						<HeartRateBpm>
							<Value>115</Value>
						</HeartRateBpm>
						<Cadence>51</Cadence>
						<Extensions>
							<ns3:TPX>
								<ns3:Speed>0.973710</ns3:Speed>
							</ns3:TPX>
						</Extensions>
					</Trackpoint>
					<Trackpoint>
						<Time>2569-03-15T08:20:17Z</Time>
						<Position>
							<LatitudeDegrees>13.217769</LatitudeDegrees>
							<LongitudeDegrees>100.963926</LongitudeDegrees>
						</Position>
						<AltitudeMeters>39.450000</AltitudeMeters>
						<HeartRateBpm>
							<Value>114</Value>
						</HeartRateBpm>
						<Cadence>51</Cadence>
						<Extensions>
							<ns3:TPX>
								<ns3:Speed>1.013170</ns3:Speed>
							</ns3:TPX>
						</Extensions>
					</Trackpoint>
					<Trackpoint>
						<Time>2569-03-15T08:20:18Z</Time>
						<Position>
							<LatitudeDegrees>13.217780</LatitudeDegrees>
							<LongitudeDegrees>100.963927</LongitudeDegrees>
						</Position>
						<AltitudeMeters>39.410000</AltitudeMeters>
						<HeartRateBpm>
							<Value>112</Value>
						</HeartRateBpm>
						<Cadence>51</Cadence>
						<Extensions>
							<ns3:TPX>
								<ns3:Speed>1.039500</ns3:Speed>
							</ns3:TPX>
						</Extensions>
					</Trackpoint>
					<Trackpoint>
						<Time>2569-03-15T08:20:19Z</Time>
						<Position>
							<LatitudeDegrees>13.217790</LatitudeDegrees>
							<LongitudeDegrees>100.963930</LongitudeDegrees>
						</Position>
						<AltitudeMeters>39.390000</AltitudeMeters>
						<HeartRateBpm>
							<Value>111</Value>
						</HeartRateBpm>
						<Cadence>51</Cadence>
						<Extensions>
							<ns3:TPX>
								<ns3:Speed>1.044930</ns3:Speed>
							</ns3:TPX>
						</Extensions>
					</Trackpoint>
					<Trackpoint>
						<Time>2569-03-15T08:20:20Z</Time>
						<Position>
							<LatitudeDegrees>13.217800</LatitudeDegrees>
							<LongitudeDegrees>100.963932</LongitudeDegrees>
						</Position>
						<AltitudeMeters>39.380000</AltitudeMeters>
						<HeartRateBpm>
							<Value>110</Value>
						</HeartRateBpm>
						<Cadence>51</Cadence>
						<Extensions>
							<ns3:TPX>
								<ns3:Speed>1.049320</ns3:Speed>
							</ns3:TPX>
						</Extensions>
					</Trackpoint>
					<Trackpoint>
						<Time>2569-03-15T08:20:21Z</Time>
						<Position>
							<LatitudeDegrees>13.217810</LatitudeDegrees>
							<LongitudeDegrees>100.963935</LongitudeDegrees>
						</Position>
						<AltitudeMeters>39.370000</AltitudeMeters>
						<HeartRateBpm>
							<Value>109</Value>
						</HeartRateBpm>
						<Cadence>51</Cadence>
						<Extensions>
							<ns3:TPX>
								<ns3:Speed>1.054850</ns3:Speed>
							</ns3:TPX>
						</Extensions>
					</Trackpoint>
					<Trackpoint>
						<Time>2569-03-15T08:20:22Z</Time>
						<Position>
							<LatitudeDegrees>13.217819</LatitudeDegrees>
							<LongitudeDegrees>100.963937</LongitudeDegrees>
						</Position>
						<AltitudeMeters>39.360000</AltitudeMeters>
						<HeartRateBpm>
							<Value>109</Value>
						</HeartRateBpm>
						<Cadence>51</Cadence>
						<Extensions>
							<ns3:TPX>
								<ns3:Speed>1.058200</ns3:Speed>
							</ns3:TPX>
						</Extensions>
					</Trackpoint>
					<Trackpoint>
						<Time>2569-03-15T08:20:23Z</Time>
						<Position>
							<LatitudeDegrees>13.217828</LatitudeDegrees>
							<LongitudeDegrees>100.963939</LongitudeDegrees>
						</Position>
						<AltitudeMeters>39.350000</AltitudeMeters>
						<HeartRateBpm>
							<Value>108</Value>
						</HeartRateBpm>
						<Cadence>51</Cadence>
						<Extensions>
							<ns3:TPX>
								<ns3:Speed>1.060450</ns3:Speed>
							</ns3:TPX>
						</Extensions>
					</Trackpoint>
					<Trackpoint>
						<Time>2569-03-15T08:20:24Z</Time>
						<Position>
							<LatitudeDegrees>13.217837</LatitudeDegrees>
							<LongitudeDegrees>100.963940</LongitudeDegrees>
						</Position>
						<AltitudeMeters>39.340000</AltitudeMeters>
						<HeartRateBpm>
							<Value>108</Value>
						</HeartRateBpm>
						<Cadence>51</Cadence>
						<Extensions>
							<ns3:TPX>
								<ns3:Speed>1.060450</ns3:Speed>
							</ns3:TPX>
						</Extensions>
					</Trackpoint>
					<Trackpoint>
						<Time>2569-03-15T08:20:25Z</Time>
						<Position>
							<LatitudeDegrees>13.217846</LatitudeDegrees>
							<LongitudeDegrees>100.963942</LongitudeDegrees>
						</Position>
						<AltitudeMeters>39.320000</AltitudeMeters>
						<HeartRateBpm>
							<Value>108</Value>
						</HeartRateBpm>
						<Cadence>50</Cadence>
						<Extensions>
							<ns3:TPX>
								<ns3:Speed>1.060450</ns3:Speed>
							</ns3:TPX>
						</Extensions>
					</Trackpoint>
					<Trackpoint>
						<Time>2569-03-15T08:20:27Z</Time>
						<Position>
							<LatitudeDegrees>13.217865</LatitudeDegrees>
							<LongitudeDegrees>100.963946</LongitudeDegrees>
						</Position>
						<AltitudeMeters>39.310000</AltitudeMeters>
						<HeartRateBpm>
							<Value>107</Value>
						</HeartRateBpm>
						<Cadence>50</Cadence>
						<Extensions>
							<ns3:TPX>
								<ns3:Speed>1.058200</ns3:Speed>
							</ns3:TPX>
						</Extensions>
					</Trackpoint>
					<Trackpoint>
						<Time>2569-03-15T08:20:27Z</Time>
						<Position>
							<LatitudeDegrees>13.217865</LatitudeDegrees>
							<LongitudeDegrees>100.963946</LongitudeDegrees>
						</Position>
						<AltitudeMeters>39.310000</AltitudeMeters>
						<HeartRateBpm>
							<Value>107</Value>
						</HeartRateBpm>
						<Cadence>50</Cadence>
						<Extensions>
							<ns3:TPX>
								<ns3:Speed>1.058200</ns3:Speed>
							</ns3:TPX>
						</Extensions>
					</Trackpoint>
					<Trackpoint>
						<Time>2569-03-15T08:20:28Z</Time>
						<Position>
							<LatitudeDegrees>13.217874</LatitudeDegrees>
							<LongitudeDegrees>100.963948</LongitudeDegrees>
						</Position>
						<AltitudeMeters>39.300000</AltitudeMeters>
						<HeartRateBpm>
							<Value>107</Value>
						</HeartRateBpm>
						<Cadence>50</Cadence>
						<Extensions>
							<ns3:TPX>
								<ns3:Speed>1.057080</ns3:Speed>
							</ns3:TPX>
						</Extensions>
					</Trackpoint>
					<Trackpoint>
						<Time>2569-03-15T08:20:29Z</Time>
						<Position>
							<LatitudeDegrees>13.217882</LatitudeDegrees>
							<LongitudeDegrees>100.963950</LongitudeDegrees>
						</Position>
						<AltitudeMeters>39.280000</AltitudeMeters>
						<HeartRateBpm>
							<Value>106</Value>
						</HeartRateBpm>
						<Cadence>50</Cadence>
						<Extensions>
							<ns3:TPX>
								<ns3:Speed>1.054850</ns3:Speed>
							</ns3:TPX>
						</Extensions>
					</Trackpoint>
					<Trackpoint>
						<Time>2569-03-15T08:20:30Z</Time>
						<Position>
							<LatitudeDegrees>13.217890</LatitudeDegrees>
							<LongitudeDegrees>100.963951</LongitudeDegrees>
						</Position>
						<AltitudeMeters>39.270000</AltitudeMeters>
						<HeartRateBpm>
							<Value>105</Value>
						</HeartRateBpm>
						<Cadence>50</Cadence>
						<Extensions>
							<ns3:TPX>
								<ns3:Speed>1.052630</ns3:Speed>
							</ns3:TPX>
						</Extensions>
					</Trackpoint>
					<Trackpoint>
						<Time>2569-03-15T08:20:31Z</Time>
						<Position>
							<LatitudeDegrees>13.217896</LatitudeDegrees>
							<LongitudeDegrees>100.963951</LongitudeDegrees>
						</Position>
						<AltitudeMeters>39.260000</AltitudeMeters>
						<HeartRateBpm>
							<Value>105</Value>
						</HeartRateBpm>
						<Cadence>50</Cadence>
						<Extensions>
							<ns3:TPX>
								<ns3:Speed>1.050420</ns3:Speed>
							</ns3:TPX>
						</Extensions>
					</Trackpoint>
					<Trackpoint>
						<Time>2569-03-15T08:20:32Z</Time>
						<Position>
							<LatitudeDegrees>13.217903</LatitudeDegrees>
							<LongitudeDegrees>100.963951</LongitudeDegrees>
						</Position>
						<AltitudeMeters>39.240000</AltitudeMeters>
						<HeartRateBpm>
							<Value>105</Value>
						</HeartRateBpm>
						<Cadence>50</Cadence>
						<Extensions>
							<ns3:TPX>
								<ns3:Speed>1.048220</ns3:Speed>
							</ns3:TPX>
						</Extensions>
					</Trackpoint>
					<Trackpoint>
						<Time>2569-03-15T08:20:33Z</Time>
						<Position>
							<LatitudeDegrees>13.217911</LatitudeDegrees>
							<LongitudeDegrees>100.963953</LongitudeDegrees>
						</Position>
						<AltitudeMeters>39.240000</AltitudeMeters>
						<HeartRateBpm>
							<Value>106</Value>
						</HeartRateBpm>
						<Cadence>50</Cadence>
						<Extensions>
							<ns3:TPX>
								<ns3:Speed>1.044930</ns3:Speed>
							</ns3:TPX>
						</Extensions>
					</Trackpoint>
					<Trackpoint>
						<Time>2569-03-15T08:20:34Z</Time>
						<Position>
							<LatitudeDegrees>13.217920</LatitudeDegrees>
							<LongitudeDegrees>100.963956</LongitudeDegrees>
						</Position>
						<AltitudeMeters>39.230000</AltitudeMeters>
						<HeartRateBpm>
							<Value>106</Value>
						</HeartRateBpm>
						<Cadence>50</Cadence>
						<Extensions>
							<ns3:TPX>
								<ns3:Speed>1.039500</ns3:Speed>
							</ns3:TPX>
						</Extensions>
					</Trackpoint>
					<Trackpoint>
						<Time>2569-03-15T08:20:35Z</Time>
						<Position>
							<LatitudeDegrees>13.217929</LatitudeDegrees>
							<LongitudeDegrees>100.963959</LongitudeDegrees>
						</Position>
						<AltitudeMeters>39.220000</AltitudeMeters>
						<HeartRateBpm>
							<Value>107</Value>
						</HeartRateBpm>
						<Cadence>50</Cadence>
						<Extensions>
							<ns3:TPX>
								<ns3:Speed>1.034130</ns3:Speed>
							</ns3:TPX>
						</Extensions>
					</Trackpoint>
					<Trackpoint>
						<Time>2569-03-15T08:20:36Z</Time>
						<Position>
							<LatitudeDegrees>13.217938</LatitudeDegrees>
							<LongitudeDegrees>100.963962</LongitudeDegrees>
						</Position>
						<AltitudeMeters>39.210000</AltitudeMeters>
						<HeartRateBpm>
							<Value>108</Value>
						</HeartRateBpm>
						<Cadence>51</Cadence>
						<Extensions>
							<ns3:TPX>
								<ns3:Speed>1.028810</ns3:Speed>
							</ns3:TPX>
						</Extensions>
					</Trackpoint>
					<Trackpoint>
						<Time>2569-03-15T08:20:37Z</Time>
						<Position>
							<LatitudeDegrees>13.217947</LatitudeDegrees>
							<LongitudeDegrees>100.963966</LongitudeDegrees>
						</Position>
						<AltitudeMeters>39.200000</AltitudeMeters>
						<HeartRateBpm>
							<Value>108</Value>
						</HeartRateBpm>
						<Cadence>51</Cadence>
						<Extensions>
							<ns3:TPX>
								<ns3:Speed>1.023540</ns3:Speed>
							</ns3:TPX>
						</Extensions>
					</Trackpoint>
					<Trackpoint>
						<Time>2569-03-15T08:20:38Z</Time>
						<Position>
							<LatitudeDegrees>13.217956</LatitudeDegrees>
							<LongitudeDegrees>100.963969</LongitudeDegrees>
						</Position>
						<AltitudeMeters>39.190000</AltitudeMeters>
						<HeartRateBpm>
							<Value>108</Value>
						</HeartRateBpm>
						<Cadence>52</Cadence>
						<Extensions>
							<ns3:TPX>
								<ns3:Speed>1.018330</ns3:Speed>
							</ns3:TPX>
						</Extensions>
					</Trackpoint>
					<Trackpoint>
						<Time>2569-03-15T08:20:39Z</Time>
						<Position>
							<LatitudeDegrees>13.217964</LatitudeDegrees>
							<LongitudeDegrees>100.963973</LongitudeDegrees>
						</Position>
						<AltitudeMeters>39.190000</AltitudeMeters>
						<HeartRateBpm>
							<Value>108</Value>
						</HeartRateBpm>
						<Cadence>52</Cadence>
						<Extensions>
							<ns3:TPX>
								<ns3:Speed>1.015230</ns3:Speed>
							</ns3:TPX>
						</Extensions>
					</Trackpoint>
					<Trackpoint>
						<Time>2569-03-15T08:20:40Z</Time>
						<Position>
							<LatitudeDegrees>13.217973</LatitudeDegrees>
							<LongitudeDegrees>100.963977</LongitudeDegrees>
						</Position>
						<AltitudeMeters>39.180000</AltitudeMeters>
						<HeartRateBpm>
							<Value>108</Value>
						</HeartRateBpm>
						<Cadence>52</Cadence>
						<Extensions>
							<ns3:TPX>
								<ns3:Speed>1.013170</ns3:Speed>
							</ns3:TPX>
						</Extensions>
					</Trackpoint>
					<Trackpoint>
						<Time>2569-03-15T08:20:42Z</Time>
						<Position>
							<LatitudeDegrees>13.217990</LatitudeDegrees>
							<LongitudeDegrees>100.963986</LongitudeDegrees>
						</Position>
						<AltitudeMeters>39.180000</AltitudeMeters>
						<HeartRateBpm>
							<Value>107</Value>
						</HeartRateBpm>
						<Cadence>51</Cadence>
						<Extensions>
							<ns3:TPX>
								<ns3:Speed>1.011120</ns3:Speed>
							</ns3:TPX>
						</Extensions>
					</Trackpoint>
					<Trackpoint>
						<Time>2569-03-15T08:20:42Z</Time>
						<Position>
							<LatitudeDegrees>13.217990</LatitudeDegrees>
							<LongitudeDegrees>100.963986</LongitudeDegrees>
						</Position>
						<AltitudeMeters>39.180000</AltitudeMeters>
						<HeartRateBpm>
							<Value>107</Value>
						</HeartRateBpm>
						<Cadence>51</Cadence>
						<Extensions>
							<ns3:TPX>
								<ns3:Speed>1.011120</ns3:Speed>
							</ns3:TPX>
						</Extensions>
					</Trackpoint>
					<Trackpoint>
						<Time>2569-03-15T08:20:43Z</Time>
						<Position>
							<LatitudeDegrees>13.217999</LatitudeDegrees>
							<LongitudeDegrees>100.963991</LongitudeDegrees>
						</Position>
						<AltitudeMeters>39.180000</AltitudeMeters>
						<HeartRateBpm>
							<Value>107</Value>
						</HeartRateBpm>
						<Cadence>50</Cadence>
						<Extensions>
							<ns3:TPX>
								<ns3:Speed>1.010100</ns3:Speed>
							</ns3:TPX>
						</Extensions>
					</Trackpoint>
					<Trackpoint>
						<Time>2569-03-15T08:20:44Z</Time>
						<Position>
							<LatitudeDegrees>13.218007</LatitudeDegrees>
							<LongitudeDegrees>100.963995</LongitudeDegrees>
						</Position>
						<AltitudeMeters>39.190000</AltitudeMeters>
						<HeartRateBpm>
							<Value>108</Value>
						</HeartRateBpm>
						<Cadence>50</Cadence>
						<Extensions>
							<ns3:TPX>
								<ns3:Speed>1.010100</ns3:Speed>
							</ns3:TPX>
						</Extensions>
					</Trackpoint>
					<Trackpoint>
						<Time>2569-03-15T08:20:45Z</Time>
						<Position>
							<LatitudeDegrees>13.218014</LatitudeDegrees>
							<LongitudeDegrees>100.963998</LongitudeDegrees>
						</Position>
						<AltitudeMeters>39.200000</AltitudeMeters>
						<HeartRateBpm>
							<Value>108</Value>
						</HeartRateBpm>
						<Cadence>50</Cadence>
						<Extensions>
							<ns3:TPX>
								<ns3:Speed>1.010100</ns3:Speed>
							</ns3:TPX>
						</Extensions>
					</Trackpoint>
					<Trackpoint>
						<Time>2569-03-15T08:20:46Z</Time>
						<Position>
							<LatitudeDegrees>13.218022</LatitudeDegrees>
							<LongitudeDegrees>100.964001</LongitudeDegrees>
						</Position>
						<AltitudeMeters>39.210000</AltitudeMeters>
						<HeartRateBpm>
							<Value>107</Value>
						</HeartRateBpm>
						<Cadence>50</Cadence>
						<Extensions>
							<ns3:TPX>
								<ns3:Speed>1.010100</ns3:Speed>
							</ns3:TPX>
						</Extensions>
					</Trackpoint>
					<Trackpoint>
						<Time>2569-03-15T08:20:48Z</Time>
						<Position>
							<LatitudeDegrees>13.218042</LatitudeDegrees>
							<LongitudeDegrees>100.964007</LongitudeDegrees>
						</Position>
						<AltitudeMeters>39.220000</AltitudeMeters>
						<HeartRateBpm>
							<Value>106</Value>
						</HeartRateBpm>
						<Cadence>50</Cadence>
						<Extensions>
							<ns3:TPX>
								<ns3:Speed>1.010100</ns3:Speed>
							</ns3:TPX>
						</Extensions>
					</Trackpoint>
					<Trackpoint>
						<Time>2569-03-15T08:20:48Z</Time>
						<Position>
							<LatitudeDegrees>13.218042</LatitudeDegrees>
							<LongitudeDegrees>100.964007</LongitudeDegrees>
						</Position>
						<AltitudeMeters>39.220000</AltitudeMeters>
						<HeartRateBpm>
							<Value>106</Value>
						</HeartRateBpm>
						<Cadence>50</Cadence>
						<Extensions>
							<ns3:TPX>
								<ns3:Speed>1.010100</ns3:Speed>
							</ns3:TPX>
						</Extensions>
					</Trackpoint>
					<Trackpoint>
						<Time>2569-03-15T08:20:49Z</Time>
						<Position>
							<LatitudeDegrees>13.218052</LatitudeDegrees>
							<LongitudeDegrees>100.964009</LongitudeDegrees>
						</Position>
						<AltitudeMeters>39.250000</AltitudeMeters>
						<HeartRateBpm>
							<Value>106</Value>
						</HeartRateBpm>
						<Cadence>50</Cadence>
						<Extensions>
							<ns3:TPX>
								<ns3:Speed>1.008060</ns3:Speed>
							</ns3:TPX>
						</Extensions>
					</Trackpoint>
					<Trackpoint>
						<Time>2569-03-15T08:20:50Z</Time>
						<Position>
							<LatitudeDegrees>13.218063</LatitudeDegrees>
							<LongitudeDegrees>100.964012</LongitudeDegrees>
						</Position>
						<AltitudeMeters>39.260000</AltitudeMeters>
						<HeartRateBpm>
							<Value>105</Value>
						</HeartRateBpm>
						<Cadence>51</Cadence>
						<Extensions>
							<ns3:TPX>
								<ns3:Speed>1.007050</ns3:Speed>
							</ns3:TPX>
						</Extensions>
					</Trackpoint>
					<Trackpoint>
						<Time>2569-03-15T08:20:51Z</Time>
						<Position>
							<LatitudeDegrees>13.218073</LatitudeDegrees>
							<LongitudeDegrees>100.964015</LongitudeDegrees>
						</Position>
						<AltitudeMeters>39.270000</AltitudeMeters>
						<HeartRateBpm>
							<Value>106</Value>
						</HeartRateBpm>
						<Cadence>52</Cadence>
						<Extensions>
							<ns3:TPX>
								<ns3:Speed>1.007050</ns3:Speed>
							</ns3:TPX>
						</Extensions>
					</Trackpoint>
					<Trackpoint>
						<Time>2569-03-15T08:20:52Z</Time>
						<Position>
							<LatitudeDegrees>13.218083</LatitudeDegrees>
							<LongitudeDegrees>100.964018</LongitudeDegrees>
						</Position>
						<AltitudeMeters>39.280000</AltitudeMeters>
						<HeartRateBpm>
							<Value>106</Value>
						</HeartRateBpm>
						<Cadence>53</Cadence>
						<Extensions>
							<ns3:TPX>
								<ns3:Speed>1.008060</ns3:Speed>
							</ns3:TPX>
						</Extensions>
					</Trackpoint>
					<Trackpoint>
						<Time>2569-03-15T08:20:53Z</Time>
						<Position>
							<LatitudeDegrees>13.218093</LatitudeDegrees>
							<LongitudeDegrees>100.964020</LongitudeDegrees>
						</Position>
						<AltitudeMeters>39.290000</AltitudeMeters>
						<HeartRateBpm>
							<Value>107</Value>
						</HeartRateBpm>
						<Cadence>54</Cadence>
						<Extensions>
							<ns3:TPX>
								<ns3:Speed>1.012150</ns3:Speed>
							</ns3:TPX>
						</Extensions>
					</Trackpoint>
					<Trackpoint>
						<Time>2569-03-15T08:20:54Z</Time>
						<Position>
							<LatitudeDegrees>13.218102</LatitudeDegrees>
							<LongitudeDegrees>100.964023</LongitudeDegrees>
						</Position>
						<AltitudeMeters>39.300000</AltitudeMeters>
						<HeartRateBpm>
							<Value>107</Value>
						</HeartRateBpm>
						<Cadence>54</Cadence>
						<Extensions>
							<ns3:TPX>
								<ns3:Speed>1.016260</ns3:Speed>
							</ns3:TPX>
						</Extensions>
					</Trackpoint>
					<Trackpoint>
						<Time>2569-03-15T08:20:55Z</Time>
						<Position>
							<LatitudeDegrees>13.218112</LatitudeDegrees>
							<LongitudeDegrees>100.964026</LongitudeDegrees>
						</Position>
						<AltitudeMeters>39.310000</AltitudeMeters>
						<HeartRateBpm>
							<Value>107</Value>
						</HeartRateBpm>
						<Cadence>53</Cadence>
						<Extensions>
							<ns3:TPX>
								<ns3:Speed>1.020410</ns3:Speed>
							</ns3:TPX>
						</Extensions>
					</Trackpoint>
					<Trackpoint>
						<Time>2569-03-15T08:20:56Z</Time>
						<Position>
							<LatitudeDegrees>13.218121</LatitudeDegrees>
							<LongitudeDegrees>100.964030</LongitudeDegrees>
						</Position>
						<AltitudeMeters>39.320000</AltitudeMeters>
						<HeartRateBpm>
							<Value>106</Value>
						</HeartRateBpm>
						<Cadence>53</Cadence>
						<Extensions>
							<ns3:TPX>
								<ns3:Speed>1.024590</ns3:Speed>
							</ns3:TPX>
						</Extensions>
					</Trackpoint>
					<Trackpoint>
						<Time>2569-03-15T08:20:57Z</Time>
						<Position>
							<LatitudeDegrees>13.218132</LatitudeDegrees>
							<LongitudeDegrees>100.964033</LongitudeDegrees>
						</Position>
						<AltitudeMeters>39.320000</AltitudeMeters>
						<HeartRateBpm>
							<Value>106</Value>
						</HeartRateBpm>
						<Cadence>52</Cadence>
						<Extensions>
							<ns3:TPX>
								<ns3:Speed>1.027750</ns3:Speed>
							</ns3:TPX>
						</Extensions>
					</Trackpoint>
					<Trackpoint>
						<Time>2569-03-15T08:20:58Z</Time>
						<Position>
							<LatitudeDegrees>13.218142</LatitudeDegrees>
							<LongitudeDegrees>100.964035</LongitudeDegrees>
						</Position>
						<AltitudeMeters>39.330000</AltitudeMeters>
						<HeartRateBpm>
							<Value>105</Value>
						</HeartRateBpm>
						<Cadence>52</Cadence>
						<Extensions>
							<ns3:TPX>
								<ns3:Speed>1.030930</ns3:Speed>
							</ns3:TPX>
						</Extensions>
					</Trackpoint>
					<Trackpoint>
						<Time>2569-03-15T08:21:00Z</Time>
						<Position>
							<LatitudeDegrees>13.218163</LatitudeDegrees>
							<LongitudeDegrees>100.964039</LongitudeDegrees>
						</Position>
						<AltitudeMeters>39.340000</AltitudeMeters>
						<HeartRateBpm>
							<Value>105</Value>
						</HeartRateBpm>
						<Cadence>51</Cadence>
						<Extensions>
							<ns3:TPX>
								<ns3:Speed>1.036270</ns3:Speed>
							</ns3:TPX>
						</Extensions>
					</Trackpoint>
					<Trackpoint>
						<Time>2569-03-15T08:21:00Z</Time>
						<Position>
							<LatitudeDegrees>13.218163</LatitudeDegrees>
							<LongitudeDegrees>100.964039</LongitudeDegrees>
						</Position>
						<AltitudeMeters>39.340000</AltitudeMeters>
						<HeartRateBpm>
							<Value>105</Value>
						</HeartRateBpm>
						<Cadence>51</Cadence>
						<Extensions>
							<ns3:TPX>
								<ns3:Speed>1.036270</ns3:Speed>
							</ns3:TPX>
						</Extensions>
					</Trackpoint>
					<Trackpoint>
						<Time>2569-03-15T08:21:01Z</Time>
						<Position>
							<LatitudeDegrees>13.218172</LatitudeDegrees>
							<LongitudeDegrees>100.964041</LongitudeDegrees>
						</Position>
						<AltitudeMeters>39.340000</AltitudeMeters>
						<HeartRateBpm>
							<Value>104</Value>
						</HeartRateBpm>
						<Cadence>51</Cadence>
						<Extensions>
							<ns3:TPX>
								<ns3:Speed>1.039500</ns3:Speed>
							</ns3:TPX>
						</Extensions>
					</Trackpoint>
					<Trackpoint>
						<Time>2569-03-15T08:21:03Z</Time>
						<Position>
							<LatitudeDegrees>13.218182</LatitudeDegrees>
							<LongitudeDegrees>100.964043</LongitudeDegrees>
						</Position>
						<AltitudeMeters>39.330000</AltitudeMeters>
						<HeartRateBpm>
							<Value>104</Value>
						</HeartRateBpm>
						<Cadence>51</Cadence>
						<Extensions>
							<ns3:TPX>
								<ns3:Speed>1.043840</ns3:Speed>
							</ns3:TPX>
						</Extensions>
					</Trackpoint>
					<Trackpoint>
						<Time>2569-03-15T08:21:04Z</Time>
						<Position>
							<LatitudeDegrees>13.218200</LatitudeDegrees>
							<LongitudeDegrees>100.964046</LongitudeDegrees>
						</Position>
						<AltitudeMeters>39.330000</AltitudeMeters>
						<HeartRateBpm>
							<Value>103</Value>
						</HeartRateBpm>
						<Cadence>51</Cadence>
						<Extensions>
							<ns3:TPX>
								<ns3:Speed>1.044930</ns3:Speed>
							</ns3:TPX>
						</Extensions>
					</Trackpoint>
					<Trackpoint>
						<Time>2569-03-15T08:21:04Z</Time>
						<Position>
							<LatitudeDegrees>13.218200</LatitudeDegrees>
							<LongitudeDegrees>100.964046</LongitudeDegrees>
						</Position>
						<AltitudeMeters>39.330000</AltitudeMeters>
						<HeartRateBpm>
							<Value>103</Value>
						</HeartRateBpm>
						<Cadence>51</Cadence>
						<Extensions>
							<ns3:TPX>
								<ns3:Speed>1.044930</ns3:Speed>
							</ns3:TPX>
						</Extensions>
					</Trackpoint>
					<Trackpoint>
						<Time>2569-03-15T08:21:06Z</Time>
						<Position>
							<LatitudeDegrees>13.218209</LatitudeDegrees>
							<LongitudeDegrees>100.964048</LongitudeDegrees>
						</Position>
						<AltitudeMeters>39.330000</AltitudeMeters>
						<HeartRateBpm>
							<Value>102</Value>
						</HeartRateBpm>
						<Cadence>52</Cadence>
						<Extensions>
							<ns3:TPX>
								<ns3:Speed>1.047120</ns3:Speed>
							</ns3:TPX>
						</Extensions>
					</Trackpoint>
					<Trackpoint>
						<Time>2569-03-15T08:21:07Z</Time>
						<Position>
							<LatitudeDegrees>13.218218</LatitudeDegrees>
							<LongitudeDegrees>100.964051</LongitudeDegrees>
						</Position>
						<AltitudeMeters>39.330000</AltitudeMeters>
						<HeartRateBpm>
							<Value>102</Value>
						</HeartRateBpm>
						<Cadence>52</Cadence>
						<Extensions>
							<ns3:TPX>
								<ns3:Speed>1.048220</ns3:Speed>
							</ns3:TPX>
						</Extensions>
					</Trackpoint>
					<Trackpoint>
						<Time>2569-03-15T08:21:08Z</Time>
						<Position>
							<LatitudeDegrees>13.218227</LatitudeDegrees>
							<LongitudeDegrees>100.964053</LongitudeDegrees>
						</Position>
						<AltitudeMeters>39.330000</AltitudeMeters>
						<HeartRateBpm>
							<Value>101</Value>
						</HeartRateBpm>
						<Cadence>52</Cadence>
						<Extensions>
							<ns3:TPX>
								<ns3:Speed>1.048220</ns3:Speed>
							</ns3:TPX>
						</Extensions>
					</Trackpoint>
					<Trackpoint>
						<Time>2569-03-15T08:21:09Z</Time>
						<Position>
							<LatitudeDegrees>13.218236</LatitudeDegrees>
							<LongitudeDegrees>100.964055</LongitudeDegrees>
						</Position>
						<AltitudeMeters>39.330000</AltitudeMeters>
						<HeartRateBpm>
							<Value>101</Value>
						</HeartRateBpm>
						<Cadence>51</Cadence>
						<Extensions>
							<ns3:TPX>
								<ns3:Speed>1.048220</ns3:Speed>
							</ns3:TPX>
						</Extensions>
					</Trackpoint>
					<Trackpoint>
						<Time>2569-03-15T08:21:10Z</Time>
						<Position>
							<LatitudeDegrees>13.218245</LatitudeDegrees>
							<LongitudeDegrees>100.964056</LongitudeDegrees>
						</Position>
						<AltitudeMeters>39.330000</AltitudeMeters>
						<HeartRateBpm>
							<Value>101</Value>
						</HeartRateBpm>
						<Cadence>51</Cadence>
						<Extensions>
							<ns3:TPX>
								<ns3:Speed>1.048220</ns3:Speed>
							</ns3:TPX>
						</Extensions>
					</Trackpoint>
					<Trackpoint>
						<Time>2569-03-15T08:21:11Z</Time>
						<Position>
							<LatitudeDegrees>13.218254</LatitudeDegrees>
							<LongitudeDegrees>100.964058</LongitudeDegrees>
						</Position>
						<AltitudeMeters>39.330000</AltitudeMeters>
						<HeartRateBpm>
							<Value>101</Value>
						</HeartRateBpm>
						<Cadence>51</Cadence>
						<Extensions>
							<ns3:TPX>
								<ns3:Speed>1.047120</ns3:Speed>
							</ns3:TPX>
						</Extensions>
					</Trackpoint>
					<Trackpoint>
						<Time>2569-03-15T08:21:12Z</Time>
						<Position>
							<LatitudeDegrees>13.218261</LatitudeDegrees>
							<LongitudeDegrees>100.964060</LongitudeDegrees>
						</Position>
						<AltitudeMeters>39.320000</AltitudeMeters>
						<HeartRateBpm>
							<Value>102</Value>
						</HeartRateBpm>
						<Cadence>50</Cadence>
						<Extensions>
							<ns3:TPX>
								<ns3:Speed>1.046030</ns3:Speed>
							</ns3:TPX>
						</Extensions>
					</Trackpoint>
					<Trackpoint>
						<Time>2569-03-15T08:21:13Z</Time>
						<Position>
							<LatitudeDegrees>13.218269</LatitudeDegrees>
							<LongitudeDegrees>100.964063</LongitudeDegrees>
						</Position>
						<AltitudeMeters>39.320000</AltitudeMeters>
						<HeartRateBpm>
							<Value>103</Value>
						</HeartRateBpm>
						<Cadence>50</Cadence>
						<Extensions>
							<ns3:TPX>
								<ns3:Speed>1.044930</ns3:Speed>
							</ns3:TPX>
						</Extensions>
					</Trackpoint>
					<Trackpoint>
						<Time>2569-03-15T08:21:14Z</Time>
						<Position>
							<LatitudeDegrees>13.218276</LatitudeDegrees>
							<LongitudeDegrees>100.964066</LongitudeDegrees>
						</Position>
						<AltitudeMeters>39.310000</AltitudeMeters>
						<HeartRateBpm>
							<Value>102</Value>
						</HeartRateBpm>
						<Cadence>49</Cadence>
						<Extensions>
							<ns3:TPX>
								<ns3:Speed>1.043840</ns3:Speed>
							</ns3:TPX>
						</Extensions>
					</Trackpoint>
					<Trackpoint>
						<Time>2569-03-15T08:21:15Z</Time>
						<Position>
							<LatitudeDegrees>13.218284</LatitudeDegrees>
							<LongitudeDegrees>100.964070</LongitudeDegrees>
						</Position>
						<AltitudeMeters>39.310000</AltitudeMeters>
						<HeartRateBpm>
							<Value>101</Value>
						</HeartRateBpm>
						<Cadence>49</Cadence>
						<Extensions>
							<ns3:TPX>
								<ns3:Speed>1.040580</ns3:Speed>
							</ns3:TPX>
						</Extensions>
					</Trackpoint>
					<Trackpoint>
						<Time>2569-03-15T08:21:16Z</Time>
						<Position>
							<LatitudeDegrees>13.218301</LatitudeDegrees>
							<LongitudeDegrees>100.964077</LongitudeDegrees>
						</Position>
						<AltitudeMeters>39.310000</AltitudeMeters>
						<HeartRateBpm>
							<Value>100</Value>
						</HeartRateBpm>
						<Cadence>49</Cadence>
						<Extensions>
							<ns3:TPX>
								<ns3:Speed>1.038420</ns3:Speed>
							</ns3:TPX>
						</Extensions>
					</Trackpoint>
					<Trackpoint>
						<Time>2569-03-15T08:21:16Z</Time>
						<Position>
							<LatitudeDegrees>13.218301</LatitudeDegrees>
							<LongitudeDegrees>100.964077</LongitudeDegrees>
						</Position>
						<AltitudeMeters>39.310000</AltitudeMeters>
						<HeartRateBpm>
							<Value>100</Value>
						</HeartRateBpm>
						<Cadence>49</Cadence>
						<Extensions>
							<ns3:TPX>
								<ns3:Speed>1.038420</ns3:Speed>
							</ns3:TPX>
						</Extensions>
					</Trackpoint>
					<Trackpoint>
						<Time>2569-03-15T08:21:18Z</Time>
						<Position>
							<LatitudeDegrees>13.218311</LatitudeDegrees>
							<LongitudeDegrees>100.964082</LongitudeDegrees>
						</Position>
						<AltitudeMeters>39.310000</AltitudeMeters>
						<HeartRateBpm>
							<Value>100</Value>
						</HeartRateBpm>
						<Cadence>50</Cadence>
						<Extensions>
							<ns3:TPX>
								<ns3:Speed>1.034130</ns3:Speed>
							</ns3:TPX>
						</Extensions>
					</Trackpoint>
					<Trackpoint>
						<Time>2569-03-15T08:21:19Z</Time>
						<Position>
							<LatitudeDegrees>13.218319</LatitudeDegrees>
							<LongitudeDegrees>100.964086</LongitudeDegrees>
						</Position>
						<AltitudeMeters>39.300000</AltitudeMeters>
						<HeartRateBpm>
							<Value>100</Value>
						</HeartRateBpm>
						<Cadence>50</Cadence>
						<Extensions>
							<ns3:TPX>
								<ns3:Speed>1.031990</ns3:Speed>
							</ns3:TPX>
						</Extensions>
					</Trackpoint>
					<Trackpoint>
						<Time>2569-03-15T08:21:20Z</Time>
						<Position>
							<LatitudeDegrees>13.218329</LatitudeDegrees>
							<LongitudeDegrees>100.964088</LongitudeDegrees>
						</Position>
						<AltitudeMeters>39.300000</AltitudeMeters>
						<HeartRateBpm>
							<Value>100</Value>
						</HeartRateBpm>
						<Cadence>50</Cadence>
						<Extensions>
							<ns3:TPX>
								<ns3:Speed>1.030930</ns3:Speed>
							</ns3:TPX>
						</Extensions>
					</Trackpoint>
					<Trackpoint>
						<Time>2569-03-15T08:21:21Z</Time>
						<Position>
							<LatitudeDegrees>13.218348</LatitudeDegrees>
							<LongitudeDegrees>100.964092</LongitudeDegrees>
						</Position>
						<AltitudeMeters>39.290000</AltitudeMeters>
						<HeartRateBpm>
							<Value>101</Value>
						</HeartRateBpm>
						<Cadence>50</Cadence>
						<Extensions>
							<ns3:TPX>
								<ns3:Speed>1.030930</ns3:Speed>
							</ns3:TPX>
						</Extensions>
					</Trackpoint>
					<Trackpoint>
						<Time>2569-03-15T08:21:21Z</Time>
						<Position>
							<LatitudeDegrees>13.218348</LatitudeDegrees>
							<LongitudeDegrees>100.964092</LongitudeDegrees>
						</Position>
						<AltitudeMeters>39.290000</AltitudeMeters>
						<HeartRateBpm>
							<Value>101</Value>
						</HeartRateBpm>
						<Cadence>50</Cadence>
						<Extensions>
							<ns3:TPX>
								<ns3:Speed>1.030930</ns3:Speed>
							</ns3:TPX>
						</Extensions>
					</Trackpoint>
					<Trackpoint>
						<Time>2569-03-15T08:21:23Z</Time>
						<Position>
							<LatitudeDegrees>13.218356</LatitudeDegrees>
							<LongitudeDegrees>100.964095</LongitudeDegrees>
						</Position>
						<AltitudeMeters>39.280000</AltitudeMeters>
						<HeartRateBpm>
							<Value>103</Value>
						</HeartRateBpm>
						<Cadence>51</Cadence>
						<Extensions>
							<ns3:TPX>
								<ns3:Speed>1.031990</ns3:Speed>
							</ns3:TPX>
						</Extensions>
					</Trackpoint>
					<Trackpoint>
						<Time>2569-03-15T08:21:24Z</Time>
						<Position>
							<LatitudeDegrees>13.218364</LatitudeDegrees>
							<LongitudeDegrees>100.964097</LongitudeDegrees>
						</Position>
						<AltitudeMeters>39.270000</AltitudeMeters>
						<HeartRateBpm>
							<Value>102</Value>
						</HeartRateBpm>
						<Cadence>51</Cadence>
						<Extensions>
							<ns3:TPX>
								<ns3:Speed>1.031990</ns3:Speed>
							</ns3:TPX>
						</Extensions>
					</Trackpoint>
					<Trackpoint>
						<Time>2569-03-15T08:21:25Z</Time>
						<Position>
							<LatitudeDegrees>13.218371</LatitudeDegrees>
							<LongitudeDegrees>100.964100</LongitudeDegrees>
						</Position>
						<AltitudeMeters>39.270000</AltitudeMeters>
						<HeartRateBpm>
							<Value>102</Value>
						</HeartRateBpm>
						<Cadence>51</Cadence>
						<Extensions>
							<ns3:TPX>
								<ns3:Speed>1.030930</ns3:Speed>
							</ns3:TPX>
						</Extensions>
					</Trackpoint>
					<Trackpoint>
						<Time>2569-03-15T08:21:26Z</Time>
						<Position>
							<LatitudeDegrees>13.218380</LatitudeDegrees>
							<LongitudeDegrees>100.964103</LongitudeDegrees>
						</Position>
						<AltitudeMeters>39.270000</AltitudeMeters>
						<HeartRateBpm>
							<Value>102</Value>
						</HeartRateBpm>
						<Cadence>51</Cadence>
						<Extensions>
							<ns3:TPX>
								<ns3:Speed>1.029870</ns3:Speed>
							</ns3:TPX>
						</Extensions>
					</Trackpoint>
					<Trackpoint>
						<Time>2569-03-15T08:21:27Z</Time>
						<Position>
							<LatitudeDegrees>13.218388</LatitudeDegrees>
							<LongitudeDegrees>100.964107</LongitudeDegrees>
						</Position>
						<AltitudeMeters>39.260000</AltitudeMeters>
						<HeartRateBpm>
							<Value>103</Value>
						</HeartRateBpm>
						<Cadence>51</Cadence>
						<Extensions>
							<ns3:TPX>
								<ns3:Speed>1.028810</ns3:Speed>
							</ns3:TPX>
						</Extensions>
					</Trackpoint>
					<Trackpoint>
						<Time>2569-03-15T08:21:28Z</Time>
						<Position>
							<LatitudeDegrees>13.218398</LatitudeDegrees>
							<LongitudeDegrees>100.964110</LongitudeDegrees>
						</Position>
						<AltitudeMeters>39.260000</AltitudeMeters>
						<HeartRateBpm>
							<Value>102</Value>
						</HeartRateBpm>
						<Cadence>51</Cadence>
						<Extensions>
							<ns3:TPX>
								<ns3:Speed>1.027750</ns3:Speed>
							</ns3:TPX>
						</Extensions>
					</Trackpoint>
					<Trackpoint>
						<Time>2569-03-15T08:21:29Z</Time>
						<Position>
							<LatitudeDegrees>13.218406</LatitudeDegrees>
							<LongitudeDegrees>100.964112</LongitudeDegrees>
						</Position>
						<AltitudeMeters>39.250000</AltitudeMeters>
						<HeartRateBpm>
							<Value>103</Value>
						</HeartRateBpm>
						<Cadence>51</Cadence>
						<Extensions>
							<ns3:TPX>
								<ns3:Speed>1.026690</ns3:Speed>
							</ns3:TPX>
						</Extensions>
					</Trackpoint>
					<Trackpoint>
						<Time>2569-03-15T08:21:30Z</Time>
						<Position>
							<LatitudeDegrees>13.218416</LatitudeDegrees>
							<LongitudeDegrees>100.964114</LongitudeDegrees>
						</Position>
						<AltitudeMeters>39.250000</AltitudeMeters>
						<HeartRateBpm>
							<Value>103</Value>
						</HeartRateBpm>
						<Cadence>51</Cadence>
						<Extensions>
							<ns3:TPX>
								<ns3:Speed>1.024590</ns3:Speed>
							</ns3:TPX>
						</Extensions>
					</Trackpoint>
					<Trackpoint>
						<Time>2569-03-15T08:21:31Z</Time>
						<Position>
							<LatitudeDegrees>13.218424</LatitudeDegrees>
							<LongitudeDegrees>100.964117</LongitudeDegrees>
						</Position>
						<AltitudeMeters>39.250000</AltitudeMeters>
						<HeartRateBpm>
							<Value>103</Value>
						</HeartRateBpm>
						<Cadence>51</Cadence>
						<Extensions>
							<ns3:TPX>
								<ns3:Speed>1.024590</ns3:Speed>
							</ns3:TPX>
						</Extensions>
					</Trackpoint>
					<Trackpoint>
						<Time>2569-03-15T08:21:32Z</Time>
						<Position>
							<LatitudeDegrees>13.218434</LatitudeDegrees>
							<LongitudeDegrees>100.964120</LongitudeDegrees>
						</Position>
						<AltitudeMeters>39.250000</AltitudeMeters>
						<HeartRateBpm>
							<Value>104</Value>
						</HeartRateBpm>
						<Cadence>51</Cadence>
						<Extensions>
							<ns3:TPX>
								<ns3:Speed>1.023540</ns3:Speed>
							</ns3:TPX>
						</Extensions>
					</Trackpoint>
					<Trackpoint>
						<Time>2569-03-15T08:21:33Z</Time>
						<Position>
							<LatitudeDegrees>13.218443</LatitudeDegrees>
							<LongitudeDegrees>100.964124</LongitudeDegrees>
						</Position>
						<AltitudeMeters>39.250000</AltitudeMeters>
						<HeartRateBpm>
							<Value>103</Value>
						</HeartRateBpm>
						<Cadence>51</Cadence>
						<Extensions>
							<ns3:TPX>
								<ns3:Speed>1.024590</ns3:Speed>
							</ns3:TPX>
						</Extensions>
					</Trackpoint>
					<Trackpoint>
						<Time>2569-03-15T08:21:34Z</Time>
						<Position>
							<LatitudeDegrees>13.218452</LatitudeDegrees>
							<LongitudeDegrees>100.964127</LongitudeDegrees>
						</Position>
						<AltitudeMeters>39.260000</AltitudeMeters>
						<HeartRateBpm>
							<Value>103</Value>
						</HeartRateBpm>
						<Cadence>51</Cadence>
						<Extensions>
							<ns3:TPX>
								<ns3:Speed>1.024590</ns3:Speed>
							</ns3:TPX>
						</Extensions>
					</Trackpoint>
					<Trackpoint>
						<Time>2569-03-15T08:21:35Z</Time>
						<Position>
							<LatitudeDegrees>13.218472</LatitudeDegrees>
							<LongitudeDegrees>100.964133</LongitudeDegrees>
						</Position>
						<AltitudeMeters>39.260000</AltitudeMeters>
						<HeartRateBpm>
							<Value>103</Value>
						</HeartRateBpm>
						<Cadence>50</Cadence>
						<Extensions>
							<ns3:TPX>
								<ns3:Speed>1.025640</ns3:Speed>
							</ns3:TPX>
						</Extensions>
					</Trackpoint>
					<Trackpoint>
						<Time>2569-03-15T08:21:35Z</Time>
						<Position>
							<LatitudeDegrees>13.218472</LatitudeDegrees>
							<LongitudeDegrees>100.964133</LongitudeDegrees>
						</Position>
						<AltitudeMeters>39.260000</AltitudeMeters>
						<HeartRateBpm>
							<Value>103</Value>
						</HeartRateBpm>
						<Cadence>50</Cadence>
						<Extensions>
							<ns3:TPX>
								<ns3:Speed>1.025640</ns3:Speed>
							</ns3:TPX>
						</Extensions>
					</Trackpoint>
					<Trackpoint>
						<Time>2569-03-15T08:21:37Z</Time>
						<Position>
							<LatitudeDegrees>13.218481</LatitudeDegrees>
							<LongitudeDegrees>100.964136</LongitudeDegrees>
						</Position>
						<AltitudeMeters>39.260000</AltitudeMeters>
						<HeartRateBpm>
							<Value>101</Value>
						</HeartRateBpm>
						<Cadence>51</Cadence>
						<Extensions>
							<ns3:TPX>
								<ns3:Speed>1.028810</ns3:Speed>
							</ns3:TPX>
						</Extensions>
					</Trackpoint>
					<Trackpoint>
						<Time>2569-03-15T08:21:38Z</Time>
						<Position>
							<LatitudeDegrees>13.218490</LatitudeDegrees>
							<LongitudeDegrees>100.964140</LongitudeDegrees>
						</Position>
						<AltitudeMeters>39.260000</AltitudeMeters>
						<HeartRateBpm>
							<Value>101</Value>
						</HeartRateBpm>
						<Cadence>51</Cadence>
						<Extensions>
							<ns3:TPX>
								<ns3:Speed>1.029870</ns3:Speed>
							</ns3:TPX>
						</Extensions>
					</Trackpoint>
					<Trackpoint>
						<Time>2569-03-15T08:21:39Z</Time>
						<Position>
							<LatitudeDegrees>13.218499</LatitudeDegrees>
							<LongitudeDegrees>100.964143</LongitudeDegrees>
						</Position>
						<AltitudeMeters>39.260000</AltitudeMeters>
						<HeartRateBpm>
							<Value>101</Value>
						</HeartRateBpm>
						<Cadence>52</Cadence>
						<Extensions>
							<ns3:TPX>
								<ns3:Speed>1.030930</ns3:Speed>
							</ns3:TPX>
						</Extensions>
					</Trackpoint>
					<Trackpoint>
						<Time>2569-03-15T08:21:40Z</Time>
						<Position>
							<LatitudeDegrees>13.218508</LatitudeDegrees>
							<LongitudeDegrees>100.964147</LongitudeDegrees>
						</Position>
						<AltitudeMeters>39.260000</AltitudeMeters>
						<HeartRateBpm>
							<Value>101</Value>
						</HeartRateBpm>
						<Cadence>53</Cadence>
						<Extensions>
							<ns3:TPX>
								<ns3:Speed>1.033060</ns3:Speed>
							</ns3:TPX>
						</Extensions>
					</Trackpoint>
					<Trackpoint>
						<Time>2569-03-15T08:21:41Z</Time>
						<Position>
							<LatitudeDegrees>13.218519</LatitudeDegrees>
							<LongitudeDegrees>100.964150</LongitudeDegrees>
						</Position>
						<AltitudeMeters>39.260000</AltitudeMeters>
						<HeartRateBpm>
							<Value>101</Value>
						</HeartRateBpm>
						<Cadence>53</Cadence>
						<Extensions>
							<ns3:TPX>
								<ns3:Speed>1.034130</ns3:Speed>
							</ns3:TPX>
						</Extensions>
					</Trackpoint>
					<Trackpoint>
						<Time>2569-03-15T08:21:42Z</Time>
						<Position>
							<LatitudeDegrees>13.218539</LatitudeDegrees>
							<LongitudeDegrees>100.964158</LongitudeDegrees>
						</Position>
						<AltitudeMeters>39.260000</AltitudeMeters>
						<HeartRateBpm>
							<Value>102</Value>
						</HeartRateBpm>
						<Cadence>53</Cadence>
						<Extensions>
							<ns3:TPX>
								<ns3:Speed>1.036270</ns3:Speed>
							</ns3:TPX>
						</Extensions>
					</Trackpoint>
					<Trackpoint>
						<Time>2569-03-15T08:21:42Z</Time>
						<Position>
							<LatitudeDegrees>13.218539</LatitudeDegrees>
							<LongitudeDegrees>100.964158</LongitudeDegrees>
						</Position>
						<AltitudeMeters>39.260000</AltitudeMeters>
						<HeartRateBpm>
							<Value>102</Value>
						</HeartRateBpm>
						<Cadence>53</Cadence>
						<Extensions>
							<ns3:TPX>
								<ns3:Speed>1.036270</ns3:Speed>
							</ns3:TPX>
						</Extensions>
					</Trackpoint>
					<Trackpoint>
						<Time>2569-03-15T08:21:44Z</Time>
						<Position>
							<LatitudeDegrees>13.218548</LatitudeDegrees>
							<LongitudeDegrees>100.964162</LongitudeDegrees>
						</Position>
						<AltitudeMeters>39.250000</AltitudeMeters>
						<HeartRateBpm>
							<Value>104</Value>
						</HeartRateBpm>
						<Cadence>52</Cadence>
						<Extensions>
							<ns3:TPX>
								<ns3:Speed>1.038420</ns3:Speed>
							</ns3:TPX>
						</Extensions>
					</Trackpoint>
					<Trackpoint>
						<Time>2569-03-15T08:21:45Z</Time>
						<Position>
							<LatitudeDegrees>13.218556</LatitudeDegrees>
							<LongitudeDegrees>100.964165</LongitudeDegrees>
						</Position>
						<AltitudeMeters>39.250000</AltitudeMeters>
						<HeartRateBpm>
							<Value>105</Value>
						</HeartRateBpm>
						<Cadence>52</Cadence>
						<Extensions>
							<ns3:TPX>
								<ns3:Speed>1.040580</ns3:Speed>
							</ns3:TPX>
						</Extensions>
					</Trackpoint>
					<Trackpoint>
						<Time>2569-03-15T08:21:46Z</Time>
						<Position>
							<LatitudeDegrees>13.218564</LatitudeDegrees>
							<LongitudeDegrees>100.964168</LongitudeDegrees>
						</Position>
						<AltitudeMeters>39.240000</AltitudeMeters>
						<HeartRateBpm>
							<Value>107</Value>
						</HeartRateBpm>
						<Cadence>51</Cadence>
						<Extensions>
							<ns3:TPX>
								<ns3:Speed>1.041670</ns3:Speed>
							</ns3:TPX>
						</Extensions>
					</Trackpoint>
					<Trackpoint>
						<Time>2569-03-15T08:21:47Z</Time>
						<Position>
							<LatitudeDegrees>13.218572</LatitudeDegrees>
							<LongitudeDegrees>100.964171</LongitudeDegrees>
						</Position>
						<AltitudeMeters>39.240000</AltitudeMeters>
						<HeartRateBpm>
							<Value>106</Value>
						</HeartRateBpm>
						<Cadence>51</Cadence>
						<Extensions>
							<ns3:TPX>
								<ns3:Speed>1.042750</ns3:Speed>
							</ns3:TPX>
						</Extensions>
					</Trackpoint>
					<Trackpoint>
						<Time>2569-03-15T08:21:48Z</Time>
						<Position>
							<LatitudeDegrees>13.218579</LatitudeDegrees>
							<LongitudeDegrees>100.964173</LongitudeDegrees>
						</Position>
						<AltitudeMeters>39.230000</AltitudeMeters>
						<HeartRateBpm>
							<Value>106</Value>
						</HeartRateBpm>
						<Cadence>51</Cadence>
						<Extensions>
							<ns3:TPX>
								<ns3:Speed>1.041670</ns3:Speed>
							</ns3:TPX>
						</Extensions>
					</Trackpoint>
					<Trackpoint>
						<Time>2569-03-15T08:21:49Z</Time>
						<Position>
							<LatitudeDegrees>13.218596</LatitudeDegrees>
							<LongitudeDegrees>100.964178</LongitudeDegrees>
						</Position>
						<AltitudeMeters>39.220000</AltitudeMeters>
						<HeartRateBpm>
							<Value>106</Value>
						</HeartRateBpm>
						<Cadence>51</Cadence>
						<Extensions>
							<ns3:TPX>
								<ns3:Speed>1.040580</ns3:Speed>
							</ns3:TPX>
						</Extensions>
					</Trackpoint>
					<Trackpoint>
						<Time>2569-03-15T08:21:49Z</Time>
						<Position>
							<LatitudeDegrees>13.218596</LatitudeDegrees>
							<LongitudeDegrees>100.964178</LongitudeDegrees>
						</Position>
						<AltitudeMeters>39.220000</AltitudeMeters>
						<HeartRateBpm>
							<Value>106</Value>
						</HeartRateBpm>
						<Cadence>51</Cadence>
						<Extensions>
							<ns3:TPX>
								<ns3:Speed>1.040580</ns3:Speed>
							</ns3:TPX>
						</Extensions>
					</Trackpoint>
					<Trackpoint>
						<Time>2569-03-15T08:21:51Z</Time>
						<Position>
							<LatitudeDegrees>13.218604</LatitudeDegrees>
							<LongitudeDegrees>100.964181</LongitudeDegrees>
						</Position>
						<AltitudeMeters>39.210000</AltitudeMeters>
						<HeartRateBpm>
							<Value>106</Value>
						</HeartRateBpm>
						<Cadence>51</Cadence>
						<Extensions>
							<ns3:TPX>
								<ns3:Speed>1.037340</ns3:Speed>
							</ns3:TPX>
						</Extensions>
					</Trackpoint>
					<Trackpoint>
						<Time>2569-03-15T08:21:52Z</Time>
						<Position>
							<LatitudeDegrees>13.218620</LatitudeDegrees>
							<LongitudeDegrees>100.964188</LongitudeDegrees>
						</Position>
						<AltitudeMeters>39.200000</AltitudeMeters>
						<HeartRateBpm>
							<Value>106</Value>
						</HeartRateBpm>
						<Cadence>51</Cadence>
						<Extensions>
							<ns3:TPX>
								<ns3:Speed>1.035200</ns3:Speed>
							</ns3:TPX>
						</Extensions>
					</Trackpoint>
					<Trackpoint>
						<Time>2569-03-15T08:21:52Z</Time>
						<Position>
							<LatitudeDegrees>13.218620</LatitudeDegrees>
							<LongitudeDegrees>100.964188</LongitudeDegrees>
						</Position>
						<AltitudeMeters>39.200000</AltitudeMeters>
						<HeartRateBpm>
							<Value>106</Value>
						</HeartRateBpm>
						<Cadence>51</Cadence>
						<Extensions>
							<ns3:TPX>
								<ns3:Speed>1.035200</ns3:Speed>
							</ns3:TPX>
						</Extensions>
					</Trackpoint>
					<Trackpoint>
						<Time>2569-03-15T08:21:54Z</Time>
						<Position>
							<LatitudeDegrees>13.218636</LatitudeDegrees>
							<LongitudeDegrees>100.964194</LongitudeDegrees>
						</Position>
						<AltitudeMeters>39.180000</AltitudeMeters>
						<HeartRateBpm>
							<Value>106</Value>
						</HeartRateBpm>
						<Cadence>51</Cadence>
						<Extensions>
							<ns3:TPX>
								<ns3:Speed>1.030930</ns3:Speed>
							</ns3:TPX>
						</Extensions>
					</Trackpoint>
					<Trackpoint>
						<Time>2569-03-15T08:21:54Z</Time>
						<Position>
							<LatitudeDegrees>13.218636</LatitudeDegrees>
							<LongitudeDegrees>100.964194</LongitudeDegrees>
						</Position>
						<AltitudeMeters>39.180000</AltitudeMeters>
						<HeartRateBpm>
							<Value>106</Value>
						</HeartRateBpm>
						<Cadence>51</Cadence>
						<Extensions>
							<ns3:TPX>
								<ns3:Speed>1.030930</ns3:Speed>
							</ns3:TPX>
						</Extensions>
					</Trackpoint>
					<Trackpoint>
						<Time>2569-03-15T08:21:56Z</Time>
						<Position>
							<LatitudeDegrees>13.218645</LatitudeDegrees>
							<LongitudeDegrees>100.964196</LongitudeDegrees>
						</Position>
						<AltitudeMeters>39.170000</AltitudeMeters>
						<HeartRateBpm>
							<Value>104</Value>
						</HeartRateBpm>
						<Cadence>51</Cadence>
						<Extensions>
							<ns3:TPX>
								<ns3:Speed>1.028810</ns3:Speed>
							</ns3:TPX>
						</Extensions>
					</Trackpoint>
					<Trackpoint>
						<Time>2569-03-15T08:21:57Z</Time>
						<Position>
							<LatitudeDegrees>13.218662</LatitudeDegrees>
							<LongitudeDegrees>100.964203</LongitudeDegrees>
						</Position>
						<AltitudeMeters>39.160000</AltitudeMeters>
						<HeartRateBpm>
							<Value>103</Value>
						</HeartRateBpm>
						<Cadence>51</Cadence>
						<Extensions>
							<ns3:TPX>
								<ns3:Speed>1.027750</ns3:Speed>
							</ns3:TPX>
						</Extensions>
					</Trackpoint>
					<Trackpoint>
						<Time>2569-03-15T08:21:57Z</Time>
						<Position>
							<LatitudeDegrees>13.218662</LatitudeDegrees>
							<LongitudeDegrees>100.964203</LongitudeDegrees>
						</Position>
						<AltitudeMeters>39.160000</AltitudeMeters>
						<HeartRateBpm>
							<Value>103</Value>
						</HeartRateBpm>
						<Cadence>51</Cadence>
						<Extensions>
							<ns3:TPX>
								<ns3:Speed>1.027750</ns3:Speed>
							</ns3:TPX>
						</Extensions>
					</Trackpoint>
					<Trackpoint>
						<Time>2569-03-15T08:21:58Z</Time>
						<Position>
							<LatitudeDegrees>13.218671</LatitudeDegrees>
							<LongitudeDegrees>100.964206</LongitudeDegrees>
						</Position>
						<AltitudeMeters>39.150000</AltitudeMeters>
						<HeartRateBpm>
							<Value>103</Value>
						</HeartRateBpm>
						<Cadence>50</Cadence>
						<Extensions>
							<ns3:TPX>
								<ns3:Speed>1.026690</ns3:Speed>
							</ns3:TPX>
						</Extensions>
					</Trackpoint>
					<Trackpoint>
						<Time>2569-03-15T08:22:00Z</Time>
						<Position>
							<LatitudeDegrees>13.218689</LatitudeDegrees>
							<LongitudeDegrees>100.964211</LongitudeDegrees>
						</Position>
						<AltitudeMeters>39.140000</AltitudeMeters>
						<HeartRateBpm>
							<Value>102</Value>
						</HeartRateBpm>
						<Cadence>50</Cadence>
						<Extensions>
							<ns3:TPX>
								<ns3:Speed>1.026690</ns3:Speed>
							</ns3:TPX>
						</Extensions>
					</Trackpoint>
					<Trackpoint>
						<Time>2569-03-15T08:22:00Z</Time>
						<Position>
							<LatitudeDegrees>13.218689</LatitudeDegrees>
							<LongitudeDegrees>100.964211</LongitudeDegrees>
						</Position>
						<AltitudeMeters>39.140000</AltitudeMeters>
						<HeartRateBpm>
							<Value>102</Value>
						</HeartRateBpm>
						<Cadence>50</Cadence>
						<Extensions>
							<ns3:TPX>
								<ns3:Speed>1.026690</ns3:Speed>
							</ns3:TPX>
						</Extensions>
					</Trackpoint>
					<Trackpoint>
						<Time>2569-03-15T08:22:01Z</Time>
						<Position>
							<LatitudeDegrees>13.218698</LatitudeDegrees>
							<LongitudeDegrees>100.964214</LongitudeDegrees>
						</Position>
						<AltitudeMeters>39.130000</AltitudeMeters>
						<HeartRateBpm>
							<Value>102</Value>
						</HeartRateBpm>
						<Cadence>50</Cadence>
						<Extensions>
							<ns3:TPX>
								<ns3:Speed>1.027750</ns3:Speed>
							</ns3:TPX>
						</Extensions>
					</Trackpoint>
					<Trackpoint>
						<Time>2569-03-15T08:22:02Z</Time>
						<Position>
							<LatitudeDegrees>13.218707</LatitudeDegrees>
							<LongitudeDegrees>100.964217</LongitudeDegrees>
						</Position>
						<AltitudeMeters>39.120000</AltitudeMeters>
						<HeartRateBpm>
							<Value>102</Value>
						</HeartRateBpm>
						<Cadence>50</Cadence>
						<Extensions>
							<ns3:TPX>
								<ns3:Speed>1.027750</ns3:Speed>
							</ns3:TPX>
						</Extensions>
					</Trackpoint>
					<Trackpoint>
						<Time>2569-03-15T08:22:04Z</Time>
						<Position>
							<LatitudeDegrees>13.218716</LatitudeDegrees>
							<LongitudeDegrees>100.964220</LongitudeDegrees>
						</Position>
						<AltitudeMeters>39.110000</AltitudeMeters>
						<HeartRateBpm>
							<Value>102</Value>
						</HeartRateBpm>
						<Cadence>51</Cadence>
						<Extensions>
							<ns3:TPX>
								<ns3:Speed>1.028810</ns3:Speed>
							</ns3:TPX>
						</Extensions>
					</Trackpoint>
					<Trackpoint>
						<Time>2569-03-15T08:22:05Z</Time>
						<Position>
							<LatitudeDegrees>13.218726</LatitudeDegrees>
							<LongitudeDegrees>100.964224</LongitudeDegrees>
						</Position>
						<AltitudeMeters>39.100000</AltitudeMeters>
						<HeartRateBpm>
							<Value>102</Value>
						</HeartRateBpm>
						<Cadence>51</Cadence>
						<Extensions>
							<ns3:TPX>
								<ns3:Speed>1.029870</ns3:Speed>
							</ns3:TPX>
						</Extensions>
					</Trackpoint>
					<Trackpoint>
						<Time>2569-03-15T08:22:06Z</Time>
						<Position>
							<LatitudeDegrees>13.218735</LatitudeDegrees>
							<LongitudeDegrees>100.964227</LongitudeDegrees>
						</Position>
						<AltitudeMeters>39.090000</AltitudeMeters>
						<HeartRateBpm>
							<Value>101</Value>
						</HeartRateBpm>
						<Cadence>51</Cadence>
						<Extensions>
							<ns3:TPX>
								<ns3:Speed>1.030930</ns3:Speed>
							</ns3:TPX>
						</Extensions>
					</Trackpoint>
					<Trackpoint>
						<Time>2569-03-15T08:22:07Z</Time>
						<Position>
							<LatitudeDegrees>13.218744</LatitudeDegrees>
							<LongitudeDegrees>100.964231</LongitudeDegrees>
						</Position>
						<AltitudeMeters>39.090000</AltitudeMeters>
						<HeartRateBpm>
							<Value>101</Value>
						</HeartRateBpm>
						<Cadence>51</Cadence>
						<Extensions>
							<ns3:TPX>
								<ns3:Speed>1.031990</ns3:Speed>
							</ns3:TPX>
						</Extensions>
					</Trackpoint>
					<Trackpoint>
						<Time>2569-03-15T08:22:08Z</Time>
						<Position>
							<LatitudeDegrees>13.218751</LatitudeDegrees>
							<LongitudeDegrees>100.964234</LongitudeDegrees>
						</Position>
						<AltitudeMeters>39.090000</AltitudeMeters>
						<HeartRateBpm>
							<Value>102</Value>
						</HeartRateBpm>
						<Cadence>51</Cadence>
						<Extensions>
							<ns3:TPX>
								<ns3:Speed>1.031990</ns3:Speed>
							</ns3:TPX>
						</Extensions>
					</Trackpoint>
					<Trackpoint>
						<Time>2569-03-15T08:22:09Z</Time>
						<Position>
							<LatitudeDegrees>13.218759</LatitudeDegrees>
							<LongitudeDegrees>100.964238</LongitudeDegrees>
						</Position>
						<AltitudeMeters>39.090000</AltitudeMeters>
						<HeartRateBpm>
							<Value>101</Value>
						</HeartRateBpm>
						<Cadence>50</Cadence>
						<Extensions>
							<ns3:TPX>
								<ns3:Speed>1.033060</ns3:Speed>
							</ns3:TPX>
						</Extensions>
					</Trackpoint>
					<Trackpoint>
						<Time>2569-03-15T08:22:10Z</Time>
						<Position>
							<LatitudeDegrees>13.218767</LatitudeDegrees>
							<LongitudeDegrees>100.964242</LongitudeDegrees>
						</Position>
						<AltitudeMeters>39.090000</AltitudeMeters>
						<HeartRateBpm>
							<Value>101</Value>
						</HeartRateBpm>
						<Cadence>50</Cadence>
						<Extensions>
							<ns3:TPX>
								<ns3:Speed>1.031990</ns3:Speed>
							</ns3:TPX>
						</Extensions>
					</Trackpoint>
					<Trackpoint>
						<Time>2569-03-15T08:22:11Z</Time>
						<Position>
							<LatitudeDegrees>13.218774</LatitudeDegrees>
							<LongitudeDegrees>100.964246</LongitudeDegrees>
						</Position>
						<AltitudeMeters>39.080000</AltitudeMeters>
						<HeartRateBpm>
							<Value>102</Value>
						</HeartRateBpm>
						<Cadence>49</Cadence>
						<Extensions>
							<ns3:TPX>
								<ns3:Speed>1.030930</ns3:Speed>
							</ns3:TPX>
						</Extensions>
					</Trackpoint>
					<Trackpoint>
						<Time>2569-03-15T08:22:12Z</Time>
						<Position>
							<LatitudeDegrees>13.218781</LatitudeDegrees>
							<LongitudeDegrees>100.964250</LongitudeDegrees>
						</Position>
						<AltitudeMeters>39.080000</AltitudeMeters>
						<HeartRateBpm>
							<Value>103</Value>
						</HeartRateBpm>
						<Cadence>49</Cadence>
						<Extensions>
							<ns3:TPX>
								<ns3:Speed>1.029870</ns3:Speed>
							</ns3:TPX>
						</Extensions>
					</Trackpoint>
					<Trackpoint>
						<Time>2569-03-15T08:22:13Z</Time>
						<Position>
							<LatitudeDegrees>13.218788</LatitudeDegrees>
							<LongitudeDegrees>100.964254</LongitudeDegrees>
						</Position>
						<AltitudeMeters>39.080000</AltitudeMeters>
						<HeartRateBpm>
							<Value>103</Value>
						</HeartRateBpm>
						<Cadence>49</Cadence>
						<Extensions>
							<ns3:TPX>
								<ns3:Speed>1.027750</ns3:Speed>
							</ns3:TPX>
						</Extensions>
					</Trackpoint>
					<Trackpoint>
						<Time>2569-03-15T08:22:14Z</Time>
						<Position>
							<LatitudeDegrees>13.218797</LatitudeDegrees>
							<LongitudeDegrees>100.964257</LongitudeDegrees>
						</Position>
						<AltitudeMeters>39.080000</AltitudeMeters>
						<HeartRateBpm>
							<Value>103</Value>
						</HeartRateBpm>
						<Cadence>50</Cadence>
						<Extensions>
							<ns3:TPX>
								<ns3:Speed>1.026690</ns3:Speed>
							</ns3:TPX>
						</Extensions>
					</Trackpoint>
					<Trackpoint>
						<Time>2569-03-15T08:22:15Z</Time>
						<Position>
							<LatitudeDegrees>13.218806</LatitudeDegrees>
							<LongitudeDegrees>100.964259</LongitudeDegrees>
						</Position>
						<AltitudeMeters>39.070000</AltitudeMeters>
						<HeartRateBpm>
							<Value>103</Value>
						</HeartRateBpm>
						<Cadence>50</Cadence>
						<Extensions>
							<ns3:TPX>
								<ns3:Speed>1.024590</ns3:Speed>
							</ns3:TPX>
						</Extensions>
					</Trackpoint>
					<Trackpoint>
						<Time>2569-03-15T08:22:16Z</Time>
						<Position>
							<LatitudeDegrees>13.218815</LatitudeDegrees>
							<LongitudeDegrees>100.964262</LongitudeDegrees>
						</Position>
						<AltitudeMeters>39.070000</AltitudeMeters>
						<HeartRateBpm>
							<Value>104</Value>
						</HeartRateBpm>
						<Cadence>50</Cadence>
						<Extensions>
							<ns3:TPX>
								<ns3:Speed>1.023540</ns3:Speed>
							</ns3:TPX>
						</Extensions>
					</Trackpoint>
					<Trackpoint>
						<Time>2569-03-15T08:22:17Z</Time>
						<Position>
							<LatitudeDegrees>13.218824</LatitudeDegrees>
							<LongitudeDegrees>100.964264</LongitudeDegrees>
						</Position>
						<AltitudeMeters>39.080000</AltitudeMeters>
						<HeartRateBpm>
							<Value>104</Value>
						</HeartRateBpm>
						<Cadence>50</Cadence>
						<Extensions>
							<ns3:TPX>
								<ns3:Speed>1.022490</ns3:Speed>
							</ns3:TPX>
						</Extensions>
					</Trackpoint>
					<Trackpoint>
						<Time>2569-03-15T08:22:18Z</Time>
						<Position>
							<LatitudeDegrees>13.218833</LatitudeDegrees>
							<LongitudeDegrees>100.964266</LongitudeDegrees>
						</Position>
						<AltitudeMeters>39.080000</AltitudeMeters>
						<HeartRateBpm>
							<Value>104</Value>
						</HeartRateBpm>
						<Cadence>51</Cadence>
						<Extensions>
							<ns3:TPX>
								<ns3:Speed>1.022490</ns3:Speed>
							</ns3:TPX>
						</Extensions>
					</Trackpoint>
					<Trackpoint>
						<Time>2569-03-15T08:22:19Z</Time>
						<Position>
							<LatitudeDegrees>13.218842</LatitudeDegrees>
							<LongitudeDegrees>100.964269</LongitudeDegrees>
						</Position>
						<AltitudeMeters>39.080000</AltitudeMeters>
						<HeartRateBpm>
							<Value>104</Value>
						</HeartRateBpm>
						<Cadence>51</Cadence>
						<Extensions>
							<ns3:TPX>
								<ns3:Speed>1.022490</ns3:Speed>
							</ns3:TPX>
						</Extensions>
					</Trackpoint>
					<Trackpoint>
						<Time>2569-03-15T08:22:20Z</Time>
						<Position>
							<LatitudeDegrees>13.218851</LatitudeDegrees>
							<LongitudeDegrees>100.964272</LongitudeDegrees>
						</Position>
						<AltitudeMeters>39.080000</AltitudeMeters>
						<HeartRateBpm>
							<Value>103</Value>
						</HeartRateBpm>
						<Cadence>51</Cadence>
						<Extensions>
							<ns3:TPX>
								<ns3:Speed>1.023540</ns3:Speed>
							</ns3:TPX>
						</Extensions>
					</Trackpoint>
					<Trackpoint>
						<Time>2569-03-15T08:22:21Z</Time>
						<Position>
							<LatitudeDegrees>13.218860</LatitudeDegrees>
							<LongitudeDegrees>100.964274</LongitudeDegrees>
						</Position>
						<AltitudeMeters>39.080000</AltitudeMeters>
						<HeartRateBpm>
							<Value>103</Value>
						</HeartRateBpm>
						<Cadence>51</Cadence>
						<Extensions>
							<ns3:TPX>
								<ns3:Speed>1.024590</ns3:Speed>
							</ns3:TPX>
						</Extensions>
					</Trackpoint>
					<Trackpoint>
						<Time>2569-03-15T08:22:22Z</Time>
						<Position>
							<LatitudeDegrees>13.218869</LatitudeDegrees>
							<LongitudeDegrees>100.964277</LongitudeDegrees>
						</Position>
						<AltitudeMeters>39.070000</AltitudeMeters>
						<HeartRateBpm>
							<Value>102</Value>
						</HeartRateBpm>
						<Cadence>51</Cadence>
						<Extensions>
							<ns3:TPX>
								<ns3:Speed>1.025640</ns3:Speed>
							</ns3:TPX>
						</Extensions>
					</Trackpoint>
					<Trackpoint>
						<Time>2569-03-15T08:22:23Z</Time>
						<Position>
							<LatitudeDegrees>13.218878</LatitudeDegrees>
							<LongitudeDegrees>100.964280</LongitudeDegrees>
						</Position>
						<AltitudeMeters>39.070000</AltitudeMeters>
						<HeartRateBpm>
							<Value>102</Value>
						</HeartRateBpm>
						<Cadence>51</Cadence>
						<Extensions>
							<ns3:TPX>
								<ns3:Speed>1.026690</ns3:Speed>
							</ns3:TPX>
						</Extensions>
					</Trackpoint>
					<Trackpoint>
						<Time>2569-03-15T08:22:24Z</Time>
						<Position>
							<LatitudeDegrees>13.218888</LatitudeDegrees>
							<LongitudeDegrees>100.964283</LongitudeDegrees>
						</Position>
						<AltitudeMeters>39.070000</AltitudeMeters>
						<HeartRateBpm>
							<Value>101</Value>
						</HeartRateBpm>
						<Cadence>51</Cadence>
						<Extensions>
							<ns3:TPX>
								<ns3:Speed>1.027750</ns3:Speed>
							</ns3:TPX>
						</Extensions>
					</Trackpoint>
					<Trackpoint>
						<Time>2569-03-15T08:22:25Z</Time>
						<Position>
							<LatitudeDegrees>13.218898</LatitudeDegrees>
							<LongitudeDegrees>100.964285</LongitudeDegrees>
						</Position>
						<AltitudeMeters>39.070000</AltitudeMeters>
						<HeartRateBpm>
							<Value>101</Value>
						</HeartRateBpm>
						<Cadence>51</Cadence>
						<Extensions>
							<ns3:TPX>
								<ns3:Speed>1.027750</ns3:Speed>
							</ns3:TPX>
						</Extensions>
					</Trackpoint>
					<Trackpoint>
						<Time>2569-03-15T08:22:26Z</Time>
						<Position>
							<LatitudeDegrees>13.218908</LatitudeDegrees>
							<LongitudeDegrees>100.964288</LongitudeDegrees>
						</Position>
						<AltitudeMeters>39.070000</AltitudeMeters>
						<HeartRateBpm>
							<Value>100</Value>
						</HeartRateBpm>
						<Cadence>51</Cadence>
						<Extensions>
							<ns3:TPX>
								<ns3:Speed>1.028810</ns3:Speed>
							</ns3:TPX>
						</Extensions>
					</Trackpoint>
					<Trackpoint>
						<Time>2569-03-15T08:22:27Z</Time>
						<Position>
							<LatitudeDegrees>13.218918</LatitudeDegrees>
							<LongitudeDegrees>100.964291</LongitudeDegrees>
						</Position>
						<AltitudeMeters>39.070000</AltitudeMeters>
						<HeartRateBpm>
							<Value>100</Value>
						</HeartRateBpm>
						<Cadence>50</Cadence>
						<Extensions>
							<ns3:TPX>
								<ns3:Speed>1.029870</ns3:Speed>
							</ns3:TPX>
						</Extensions>
					</Trackpoint>
					<Trackpoint>
						<Time>2569-03-15T08:22:28Z</Time>
						<Position>
							<LatitudeDegrees>13.218928</LatitudeDegrees>
							<LongitudeDegrees>100.964294</LongitudeDegrees>
						</Position>
						<AltitudeMeters>39.060000</AltitudeMeters>
						<HeartRateBpm>
							<Value>100</Value>
						</HeartRateBpm>
						<Cadence>50</Cadence>
						<Extensions>
							<ns3:TPX>
								<ns3:Speed>1.030930</ns3:Speed>
							</ns3:TPX>
						</Extensions>
					</Trackpoint>
					<Trackpoint>
						<Time>2569-03-15T08:22:29Z</Time>
						<Position>
							<LatitudeDegrees>13.218938</LatitudeDegrees>
							<LongitudeDegrees>100.964298</LongitudeDegrees>
						</Position>
						<AltitudeMeters>39.060000</AltitudeMeters>
						<HeartRateBpm>
							<Value>99</Value>
						</HeartRateBpm>
						<Cadence>50</Cadence>
						<Extensions>
							<ns3:TPX>
								<ns3:Speed>1.033060</ns3:Speed>
							</ns3:TPX>
						</Extensions>
					</Trackpoint>
					<Trackpoint>
						<Time>2569-03-15T08:22:30Z</Time>
						<Position>
							<LatitudeDegrees>13.218948</LatitudeDegrees>
							<LongitudeDegrees>100.964301</LongitudeDegrees>
						</Position>
						<AltitudeMeters>39.060000</AltitudeMeters>
						<HeartRateBpm>
							<Value>98</Value>
						</HeartRateBpm>
						<Cadence>50</Cadence>
						<Extensions>
							<ns3:TPX>
								<ns3:Speed>1.034130</ns3:Speed>
							</ns3:TPX>
						</Extensions>
					</Trackpoint>
					<Trackpoint>
						<Time>2569-03-15T08:22:31Z</Time>
						<Position>
							<LatitudeDegrees>13.218958</LatitudeDegrees>
							<LongitudeDegrees>100.964305</LongitudeDegrees>
						</Position>
						<AltitudeMeters>39.060000</AltitudeMeters>
						<HeartRateBpm>
							<Value>98</Value>
						</HeartRateBpm>
						<Cadence>50</Cadence>
						<Extensions>
							<ns3:TPX>
								<ns3:Speed>1.036270</ns3:Speed>
							</ns3:TPX>
						</Extensions>
					</Trackpoint>
					<Trackpoint>
						<Time>2569-03-15T08:22:32Z</Time>
						<Position>
							<LatitudeDegrees>13.218968</LatitudeDegrees>
							<LongitudeDegrees>100.964309</LongitudeDegrees>
						</Position>
						<AltitudeMeters>39.060000</AltitudeMeters>
						<HeartRateBpm>
							<Value>98</Value>
						</HeartRateBpm>
						<Cadence>50</Cadence>
						<Extensions>
							<ns3:TPX>
								<ns3:Speed>1.038420</ns3:Speed>
							</ns3:TPX>
						</Extensions>
					</Trackpoint>
					<Trackpoint>
						<Time>2569-03-15T08:22:33Z</Time>
						<Position>
							<LatitudeDegrees>13.218978</LatitudeDegrees>
							<LongitudeDegrees>100.964315</LongitudeDegrees>
						</Position>
						<AltitudeMeters>39.060000</AltitudeMeters>
						<HeartRateBpm>
							<Value>98</Value>
						</HeartRateBpm>
						<Cadence>50</Cadence>
						<Extensions>
							<ns3:TPX>
								<ns3:Speed>1.040580</ns3:Speed>
							</ns3:TPX>
						</Extensions>
					</Trackpoint>
					<Trackpoint>
						<Time>2569-03-15T08:22:34Z</Time>
						<Position>
							<LatitudeDegrees>13.218987</LatitudeDegrees>
							<LongitudeDegrees>100.964320</LongitudeDegrees>
						</Position>
						<AltitudeMeters>39.060000</AltitudeMeters>
						<HeartRateBpm>
							<Value>98</Value>
						</HeartRateBpm>
						<Cadence>50</Cadence>
						<Extensions>
							<ns3:TPX>
								<ns3:Speed>1.042750</ns3:Speed>
							</ns3:TPX>
						</Extensions>
					</Trackpoint>
					<Trackpoint>
						<Time>2569-03-15T08:22:35Z</Time>
						<Position>
							<LatitudeDegrees>13.218996</LatitudeDegrees>
							<LongitudeDegrees>100.964324</LongitudeDegrees>
						</Position>
						<AltitudeMeters>39.060000</AltitudeMeters>
						<HeartRateBpm>
							<Value>98</Value>
						</HeartRateBpm>
						<Cadence>50</Cadence>
						<Extensions>
							<ns3:TPX>
								<ns3:Speed>1.044930</ns3:Speed>
							</ns3:TPX>
						</Extensions>
					</Trackpoint>
					<Trackpoint>
						<Time>2569-03-15T08:22:36Z</Time>
						<Position>
							<LatitudeDegrees>13.219005</LatitudeDegrees>
							<LongitudeDegrees>100.964329</LongitudeDegrees>
						</Position>
						<AltitudeMeters>39.060000</AltitudeMeters>
						<HeartRateBpm>
							<Value>99</Value>
						</HeartRateBpm>
						<Cadence>50</Cadence>
						<Extensions>
							<ns3:TPX>
								<ns3:Speed>1.047120</ns3:Speed>
							</ns3:TPX>
						</Extensions>
					</Trackpoint>
					<Trackpoint>
						<Time>2569-03-15T08:22:37Z</Time>
						<Position>
							<LatitudeDegrees>13.219015</LatitudeDegrees>
							<LongitudeDegrees>100.964334</LongitudeDegrees>
						</Position>
						<AltitudeMeters>39.070000</AltitudeMeters>
						<HeartRateBpm>
							<Value>99</Value>
						</HeartRateBpm>
						<Cadence>50</Cadence>
						<Extensions>
							<ns3:TPX>
								<ns3:Speed>1.049320</ns3:Speed>
							</ns3:TPX>
						</Extensions>
					</Trackpoint>
					<Trackpoint>
						<Time>2569-03-15T08:22:38Z</Time>
						<Position>
							<LatitudeDegrees>13.219024</LatitudeDegrees>
							<LongitudeDegrees>100.964338</LongitudeDegrees>
						</Position>
						<AltitudeMeters>39.090000</AltitudeMeters>
						<HeartRateBpm>
							<Value>100</Value>
						</HeartRateBpm>
						<Cadence>51</Cadence>
						<Extensions>
							<ns3:TPX>
								<ns3:Speed>1.051520</ns3:Speed>
							</ns3:TPX>
						</Extensions>
					</Trackpoint>
					<Trackpoint>
						<Time>2569-03-15T08:22:39Z</Time>
						<Position>
							<LatitudeDegrees>13.219046</LatitudeDegrees>
							<LongitudeDegrees>100.964349</LongitudeDegrees>
						</Position>
						<AltitudeMeters>39.100000</AltitudeMeters>
						<HeartRateBpm>
							<Value>100</Value>
						</HeartRateBpm>
						<Cadence>51</Cadence>
						<Extensions>
							<ns3:TPX>
								<ns3:Speed>1.053740</ns3:Speed>
							</ns3:TPX>
						</Extensions>
					</Trackpoint>
					<Trackpoint>
						<Time>2569-03-15T08:22:39Z</Time>
						<Position>
							<LatitudeDegrees>13.219046</LatitudeDegrees>
							<LongitudeDegrees>100.964349</LongitudeDegrees>
						</Position>
						<AltitudeMeters>39.100000</AltitudeMeters>
						<HeartRateBpm>
							<Value>100</Value>
						</HeartRateBpm>
						<Cadence>51</Cadence>
						<Extensions>
							<ns3:TPX>
								<ns3:Speed>1.053740</ns3:Speed>
							</ns3:TPX>
						</Extensions>
					</Trackpoint>
					<Trackpoint>
						<Time>2569-03-15T08:22:40Z</Time>
						<Position>
							<LatitudeDegrees>13.219056</LatitudeDegrees>
							<LongitudeDegrees>100.964354</LongitudeDegrees>
						</Position>
						<AltitudeMeters>39.120000</AltitudeMeters>
						<HeartRateBpm>
							<Value>100</Value>
						</HeartRateBpm>
						<Cadence>51</Cadence>
						<Extensions>
							<ns3:TPX>
								<ns3:Speed>1.055970</ns3:Speed>
							</ns3:TPX>
						</Extensions>
					</Trackpoint>
					<Trackpoint>
						<Time>2569-03-15T08:22:42Z</Time>
						<Position>
							<LatitudeDegrees>13.219075</LatitudeDegrees>
							<LongitudeDegrees>100.964362</LongitudeDegrees>
						</Position>
						<AltitudeMeters>39.140000</AltitudeMeters>
						<HeartRateBpm>
							<Value>101</Value>
						</HeartRateBpm>
						<Cadence>51</Cadence>
						<Extensions>
							<ns3:TPX>
								<ns3:Speed>1.060450</ns3:Speed>
							</ns3:TPX>
						</Extensions>
					</Trackpoint>
					<Trackpoint>
						<Time>2569-03-15T08:22:42Z</Time>
						<Position>
							<LatitudeDegrees>13.219075</LatitudeDegrees>
							<LongitudeDegrees>100.964362</LongitudeDegrees>
						</Position>
						<AltitudeMeters>39.140000</AltitudeMeters>
						<HeartRateBpm>
							<Value>101</Value>
						</HeartRateBpm>
						<Cadence>51</Cadence>
						<Extensions>
							<ns3:TPX>
								<ns3:Speed>1.060450</ns3:Speed>
							</ns3:TPX>
						</Extensions>
					</Trackpoint>
					<Trackpoint>
						<Time>2569-03-15T08:22:43Z</Time>
						<Position>
							<LatitudeDegrees>13.219084</LatitudeDegrees>
							<LongitudeDegrees>100.964367</LongitudeDegrees>
						</Position>
						<AltitudeMeters>39.160000</AltitudeMeters>
						<HeartRateBpm>
							<Value>101</Value>
						</HeartRateBpm>
						<Cadence>51</Cadence>
						<Extensions>
							<ns3:TPX>
								<ns3:Speed>1.063830</ns3:Speed>
							</ns3:TPX>
						</Extensions>
					</Trackpoint>
					<Trackpoint>
						<Time>2569-03-15T08:22:44Z</Time>
						<Position>
							<LatitudeDegrees>13.219094</LatitudeDegrees>
							<LongitudeDegrees>100.964371</LongitudeDegrees>
						</Position>
						<AltitudeMeters>39.170000</AltitudeMeters>
						<HeartRateBpm>
							<Value>101</Value>
						</HeartRateBpm>
						<Cadence>51</Cadence>
						<Extensions>
							<ns3:TPX>
								<ns3:Speed>1.066100</ns3:Speed>
							</ns3:TPX>
						</Extensions>
					</Trackpoint>
					<Trackpoint>
						<Time>2569-03-15T08:22:45Z</Time>
						<Position>
							<LatitudeDegrees>13.219103</LatitudeDegrees>
							<LongitudeDegrees>100.964376</LongitudeDegrees>
						</Position>
						<AltitudeMeters>39.180000</AltitudeMeters>
						<HeartRateBpm>
							<Value>102</Value>
						</HeartRateBpm>
						<Cadence>51</Cadence>
						<Extensions>
							<ns3:TPX>
								<ns3:Speed>1.069520</ns3:Speed>
							</ns3:TPX>
						</Extensions>
					</Trackpoint>
					<Trackpoint>
						<Time>2569-03-15T08:22:47Z</Time>
						<Position>
							<LatitudeDegrees>13.219122</LatitudeDegrees>
							<LongitudeDegrees>100.964385</LongitudeDegrees>
						</Position>
						<AltitudeMeters>39.210000</AltitudeMeters>
						<HeartRateBpm>
							<Value>102</Value>
						</HeartRateBpm>
						<Cadence>51</Cadence>
						<Extensions>
							<ns3:TPX>
								<ns3:Speed>1.074110</ns3:Speed>
							</ns3:TPX>
						</Extensions>
					</Trackpoint>
					<Trackpoint>
						<Time>2569-03-15T08:22:47Z</Time>
						<Position>
							<LatitudeDegrees>13.219122</LatitudeDegrees>
							<LongitudeDegrees>100.964385</LongitudeDegrees>
						</Position>
						<AltitudeMeters>39.210000</AltitudeMeters>
						<HeartRateBpm>
							<Value>102</Value>
						</HeartRateBpm>
						<Cadence>51</Cadence>
						<Extensions>
							<ns3:TPX>
								<ns3:Speed>1.074110</ns3:Speed>
							</ns3:TPX>
						</Extensions>
					</Trackpoint>
					<Trackpoint>
						<Time>2569-03-15T08:22:49Z</Time>
						<Position>
							<LatitudeDegrees>13.219137</LatitudeDegrees>
							<LongitudeDegrees>100.964394</LongitudeDegrees>
						</Position>
						<AltitudeMeters>39.240000</AltitudeMeters>
						<HeartRateBpm>
							<Value>103</Value>
						</HeartRateBpm>
						<Cadence>52</Cadence>
						<Extensions>
							<ns3:TPX>
								<ns3:Speed>1.078750</ns3:Speed>
							</ns3:TPX>
						</Extensions>
					</Trackpoint>
					<Trackpoint>
						<Time>2569-03-15T08:22:49Z</Time>
						<Position>
							<LatitudeDegrees>13.219137</LatitudeDegrees>
							<LongitudeDegrees>100.964394</LongitudeDegrees>
						</Position>
						<AltitudeMeters>39.240000</AltitudeMeters>
						<HeartRateBpm>
							<Value>103</Value>
						</HeartRateBpm>
						<Cadence>52</Cadence>
						<Extensions>
							<ns3:TPX>
								<ns3:Speed>1.078750</ns3:Speed>
							</ns3:TPX>
						</Extensions>
					</Trackpoint>
					<Trackpoint>
						<Time>2569-03-15T08:22:50Z</Time>
						<Position>
							<LatitudeDegrees>13.219144</LatitudeDegrees>
							<LongitudeDegrees>100.964398</LongitudeDegrees>
						</Position>
						<AltitudeMeters>39.250000</AltitudeMeters>
						<HeartRateBpm>
							<Value>103</Value>
						</HeartRateBpm>
						<Cadence>52</Cadence>
						<Extensions>
							<ns3:TPX>
								<ns3:Speed>1.079910</ns3:Speed>
							</ns3:TPX>
						</Extensions>
					</Trackpoint>
					<Trackpoint>
						<Time>2569-03-15T08:22:51Z</Time>
						<Position>
							<LatitudeDegrees>13.219152</LatitudeDegrees>
							<LongitudeDegrees>100.964402</LongitudeDegrees>
						</Position>
						<AltitudeMeters>39.250000</AltitudeMeters>
						<HeartRateBpm>
							<Value>103</Value>
						</HeartRateBpm>
						<Cadence>52</Cadence>
						<Extensions>
							<ns3:TPX>
								<ns3:Speed>1.081080</ns3:Speed>
							</ns3:TPX>
						</Extensions>
					</Trackpoint>
					<Trackpoint>
						<Time>2569-03-15T08:22:52Z</Time>
						<Position>
							<LatitudeDegrees>13.219160</LatitudeDegrees>
							<LongitudeDegrees>100.964406</LongitudeDegrees>
						</Position>
						<AltitudeMeters>39.250000</AltitudeMeters>
						<HeartRateBpm>
							<Value>101</Value>
						</HeartRateBpm>
						<Cadence>51</Cadence>
						<Extensions>
							<ns3:TPX>
								<ns3:Speed>1.082250</ns3:Speed>
							</ns3:TPX>
						</Extensions>
					</Trackpoint>
					<Trackpoint>
						<Time>2569-03-15T08:22:53Z</Time>
						<Position>
							<LatitudeDegrees>13.219169</LatitudeDegrees>
							<LongitudeDegrees>100.964410</LongitudeDegrees>
						</Position>
						<AltitudeMeters>39.260000</AltitudeMeters>
						<HeartRateBpm>
							<Value>101</Value>
						</HeartRateBpm>
						<Cadence>51</Cadence>
						<Extensions>
							<ns3:TPX>
								<ns3:Speed>1.082250</ns3:Speed>
							</ns3:TPX>
						</Extensions>
					</Trackpoint>
					<Trackpoint>
						<Time>2569-03-15T08:22:54Z</Time>
						<Position>
							<LatitudeDegrees>13.219177</LatitudeDegrees>
							<LongitudeDegrees>100.964414</LongitudeDegrees>
						</Position>
						<AltitudeMeters>39.260000</AltitudeMeters>
						<HeartRateBpm>
							<Value>100</Value>
						</HeartRateBpm>
						<Cadence>51</Cadence>
						<Extensions>
							<ns3:TPX>
								<ns3:Speed>1.079910</ns3:Speed>
							</ns3:TPX>
						</Extensions>
					</Trackpoint>
					<Trackpoint>
						<Time>2569-03-15T08:22:55Z</Time>
						<Position>
							<LatitudeDegrees>13.219187</LatitudeDegrees>
							<LongitudeDegrees>100.964418</LongitudeDegrees>
						</Position>
						<AltitudeMeters>39.260000</AltitudeMeters>
						<HeartRateBpm>
							<Value>100</Value>
						</HeartRateBpm>
						<Cadence>50</Cadence>
						<Extensions>
							<ns3:TPX>
								<ns3:Speed>1.078750</ns3:Speed>
							</ns3:TPX>
						</Extensions>
					</Trackpoint>
					<Trackpoint>
						<Time>2569-03-15T08:22:57Z</Time>
						<Position>
							<LatitudeDegrees>13.219204</LatitudeDegrees>
							<LongitudeDegrees>100.964426</LongitudeDegrees>
						</Position>
						<AltitudeMeters>39.270000</AltitudeMeters>
						<HeartRateBpm>
							<Value>99</Value>
						</HeartRateBpm>
						<Cadence>50</Cadence>
						<Extensions>
							<ns3:TPX>
								<ns3:Speed>1.077590</ns3:Speed>
							</ns3:TPX>
						</Extensions>
					</Trackpoint>
					<Trackpoint>
						<Time>2569-03-15T08:22:57Z</Time>
						<Position>
							<LatitudeDegrees>13.219204</LatitudeDegrees>
							<LongitudeDegrees>100.964426</LongitudeDegrees>
						</Position>
						<AltitudeMeters>39.270000</AltitudeMeters>
						<HeartRateBpm>
							<Value>99</Value>
						</HeartRateBpm>
						<Cadence>50</Cadence>
						<Extensions>
							<ns3:TPX>
								<ns3:Speed>1.077590</ns3:Speed>
							</ns3:TPX>
						</Extensions>
					</Trackpoint>
					<Trackpoint>
						<Time>2569-03-15T08:22:58Z</Time>
						<Position>
							<LatitudeDegrees>13.219213</LatitudeDegrees>
							<LongitudeDegrees>100.964431</LongitudeDegrees>
						</Position>
						<AltitudeMeters>39.270000</AltitudeMeters>
						<HeartRateBpm>
							<Value>99</Value>
						</HeartRateBpm>
						<Cadence>50</Cadence>
						<Extensions>
							<ns3:TPX>
								<ns3:Speed>1.076430</ns3:Speed>
							</ns3:TPX>
						</Extensions>
					</Trackpoint>
					<Trackpoint>
						<Time>2569-03-15T08:22:59Z</Time>
						<Position>
							<LatitudeDegrees>13.219221</LatitudeDegrees>
							<LongitudeDegrees>100.964435</LongitudeDegrees>
						</Position>
						<AltitudeMeters>39.270000</AltitudeMeters>
						<HeartRateBpm>
							<Value>99</Value>
						</HeartRateBpm>
						<Cadence>50</Cadence>
						<Extensions>
							<ns3:TPX>
								<ns3:Speed>1.076430</ns3:Speed>
							</ns3:TPX>
						</Extensions>
					</Trackpoint>
					<Trackpoint>
						<Time>2569-03-15T08:23:00Z</Time>
						<Position>
							<LatitudeDegrees>13.219231</LatitudeDegrees>
							<LongitudeDegrees>100.964441</LongitudeDegrees>
						</Position>
						<AltitudeMeters>39.270000</AltitudeMeters>
						<HeartRateBpm>
							<Value>98</Value>
						</HeartRateBpm>
						<Cadence>51</Cadence>
						<Extensions>
							<ns3:TPX>
								<ns3:Speed>1.076430</ns3:Speed>
							</ns3:TPX>
						</Extensions>
					</Trackpoint>
					<Trackpoint>
						<Time>2569-03-15T08:23:01Z</Time>
						<Position>
							<LatitudeDegrees>13.219240</LatitudeDegrees>
							<LongitudeDegrees>100.964446</LongitudeDegrees>
						</Position>
						<AltitudeMeters>39.260000</AltitudeMeters>
						<HeartRateBpm>
							<Value>98</Value>
						</HeartRateBpm>
						<Cadence>51</Cadence>
						<Extensions>
							<ns3:TPX>
								<ns3:Speed>1.076430</ns3:Speed>
							</ns3:TPX>
						</Extensions>
					</Trackpoint>
					<Trackpoint>
						<Time>2569-03-15T08:23:02Z</Time>
						<Position>
							<LatitudeDegrees>13.219249</LatitudeDegrees>
							<LongitudeDegrees>100.964451</LongitudeDegrees>
						</Position>
						<AltitudeMeters>39.260000</AltitudeMeters>
						<HeartRateBpm>
							<Value>98</Value>
						</HeartRateBpm>
						<Cadence>51</Cadence>
						<Extensions>
							<ns3:TPX>
								<ns3:Speed>1.077590</ns3:Speed>
							</ns3:TPX>
						</Extensions>
					</Trackpoint>
					<Trackpoint>
						<Time>2569-03-15T08:23:03Z</Time>
						<Position>
							<LatitudeDegrees>13.219260</LatitudeDegrees>
							<LongitudeDegrees>100.964455</LongitudeDegrees>
						</Position>
						<AltitudeMeters>39.250000</AltitudeMeters>
						<HeartRateBpm>
							<Value>97</Value>
						</HeartRateBpm>
						<Cadence>51</Cadence>
						<Extensions>
							<ns3:TPX>
								<ns3:Speed>1.077590</ns3:Speed>
							</ns3:TPX>
						</Extensions>
					</Trackpoint>
					<Trackpoint>
						<Time>2569-03-15T08:23:04Z</Time>
						<Position>
							<LatitudeDegrees>13.219270</LatitudeDegrees>
							<LongitudeDegrees>100.964460</LongitudeDegrees>
						</Position>
						<AltitudeMeters>39.250000</AltitudeMeters>
						<HeartRateBpm>
							<Value>98</Value>
						</HeartRateBpm>
						<Cadence>51</Cadence>
						<Extensions>
							<ns3:TPX>
								<ns3:Speed>1.078750</ns3:Speed>
							</ns3:TPX>
						</Extensions>
					</Trackpoint>
					<Trackpoint>
						<Time>2569-03-15T08:23:05Z</Time>
						<Position>
							<LatitudeDegrees>13.219279</LatitudeDegrees>
							<LongitudeDegrees>100.964465</LongitudeDegrees>
						</Position>
						<AltitudeMeters>39.250000</AltitudeMeters>
						<HeartRateBpm>
							<Value>98</Value>
						</HeartRateBpm>
						<Cadence>51</Cadence>
						<Extensions>
							<ns3:TPX>
								<ns3:Speed>1.079910</ns3:Speed>
							</ns3:TPX>
						</Extensions>
					</Trackpoint>
					<Trackpoint>
						<Time>2569-03-15T08:23:06Z</Time>
						<Position>
							<LatitudeDegrees>13.219288</LatitudeDegrees>
							<LongitudeDegrees>100.964469</LongitudeDegrees>
						</Position>
						<AltitudeMeters>39.240000</AltitudeMeters>
						<HeartRateBpm>
							<Value>99</Value>
						</HeartRateBpm>
						<Cadence>51</Cadence>
						<Extensions>
							<ns3:TPX>
								<ns3:Speed>1.082250</ns3:Speed>
							</ns3:TPX>
						</Extensions>
					</Trackpoint>
					<Trackpoint>
						<Time>2569-03-15T08:23:07Z</Time>
						<Position>
							<LatitudeDegrees>13.219299</LatitudeDegrees>
							<LongitudeDegrees>100.964473</LongitudeDegrees>
						</Position>
						<AltitudeMeters>39.240000</AltitudeMeters>
						<HeartRateBpm>
							<Value>99</Value>
						</HeartRateBpm>
						<Cadence>51</Cadence>
						<Extensions>
							<ns3:TPX>
								<ns3:Speed>1.083420</ns3:Speed>
							</ns3:TPX>
						</Extensions>
					</Trackpoint>
					<Trackpoint>
						<Time>2569-03-15T08:23:08Z</Time>
						<Position>
							<LatitudeDegrees>13.219309</LatitudeDegrees>
							<LongitudeDegrees>100.964477</LongitudeDegrees>
						</Position>
						<AltitudeMeters>39.230000</AltitudeMeters>
						<HeartRateBpm>
							<Value>99</Value>
						</HeartRateBpm>
						<Cadence>51</Cadence>
						<Extensions>
							<ns3:TPX>
								<ns3:Speed>1.085780</ns3:Speed>
							</ns3:TPX>
						</Extensions>
					</Trackpoint>
					<Trackpoint>
						<Time>2569-03-15T08:23:09Z</Time>
						<Position>
							<LatitudeDegrees>13.219320</LatitudeDegrees>
							<LongitudeDegrees>100.964481</LongitudeDegrees>
						</Position>
						<AltitudeMeters>39.230000</AltitudeMeters>
						<HeartRateBpm>
							<Value>99</Value>
						</HeartRateBpm>
						<Cadence>51</Cadence>
						<Extensions>
							<ns3:TPX>
								<ns3:Speed>1.086960</ns3:Speed>
							</ns3:TPX>
						</Extensions>
					</Trackpoint>
					<Trackpoint>
						<Time>2569-03-15T08:23:10Z</Time>
						<Position>
							<LatitudeDegrees>13.219331</LatitudeDegrees>
							<LongitudeDegrees>100.964484</LongitudeDegrees>
						</Position>
						<AltitudeMeters>39.240000</AltitudeMeters>
						<HeartRateBpm>
							<Value>99</Value>
						</HeartRateBpm>
						<Cadence>52</Cadence>
						<Extensions>
							<ns3:TPX>
								<ns3:Speed>1.089320</ns3:Speed>
							</ns3:TPX>
						</Extensions>
					</Trackpoint>
					<Trackpoint>
						<Time>2569-03-15T08:23:12Z</Time>
						<Position>
							<LatitudeDegrees>13.219353</LatitudeDegrees>
							<LongitudeDegrees>100.964492</LongitudeDegrees>
						</Position>
						<AltitudeMeters>39.240000</AltitudeMeters>
						<HeartRateBpm>
							<Value>99</Value>
						</HeartRateBpm>
						<Cadence>52</Cadence>
						<Extensions>
							<ns3:TPX>
								<ns3:Speed>1.092900</ns3:Speed>
							</ns3:TPX>
						</Extensions>
					</Trackpoint>
					<Trackpoint>
						<Time>2569-03-15T08:23:12Z</Time>
						<Position>
							<LatitudeDegrees>13.219353</LatitudeDegrees>
							<LongitudeDegrees>100.964492</LongitudeDegrees>
						</Position>
						<AltitudeMeters>39.240000</AltitudeMeters>
						<HeartRateBpm>
							<Value>99</Value>
						</HeartRateBpm>
						<Cadence>52</Cadence>
						<Extensions>
							<ns3:TPX>
								<ns3:Speed>1.092900</ns3:Speed>
							</ns3:TPX>
						</Extensions>
					</Trackpoint>
					<Trackpoint>
						<Time>2569-03-15T08:23:13Z</Time>
						<Position>
							<LatitudeDegrees>13.219363</LatitudeDegrees>
							<LongitudeDegrees>100.964495</LongitudeDegrees>
						</Position>
						<AltitudeMeters>39.250000</AltitudeMeters>
						<HeartRateBpm>
							<Value>99</Value>
						</HeartRateBpm>
						<Cadence>52</Cadence>
						<Extensions>
							<ns3:TPX>
								<ns3:Speed>1.095290</ns3:Speed>
							</ns3:TPX>
						</Extensions>
					</Trackpoint>
					<Trackpoint>
						<Time>2569-03-15T08:23:14Z</Time>
						<Position>
							<LatitudeDegrees>13.219372</LatitudeDegrees>
							<LongitudeDegrees>100.964500</LongitudeDegrees>
						</Position>
						<AltitudeMeters>39.250000</AltitudeMeters>
						<HeartRateBpm>
							<Value>100</Value>
						</HeartRateBpm>
						<Cadence>52</Cadence>
						<Extensions>
							<ns3:TPX>
								<ns3:Speed>1.098900</ns3:Speed>
							</ns3:TPX>
						</Extensions>
					</Trackpoint>
					<Trackpoint>
						<Time>2569-03-15T08:23:15Z</Time>
						<Position>
							<LatitudeDegrees>13.219381</LatitudeDegrees>
							<LongitudeDegrees>100.964503</LongitudeDegrees>
						</Position>
						<AltitudeMeters>39.260000</AltitudeMeters>
						<HeartRateBpm>
							<Value>100</Value>
						</HeartRateBpm>
						<Cadence>52</Cadence>
						<Extensions>
							<ns3:TPX>
								<ns3:Speed>1.101320</ns3:Speed>
							</ns3:TPX>
						</Extensions>
					</Trackpoint>
					<Trackpoint>
						<Time>2569-03-15T08:23:16Z</Time>
						<Position>
							<LatitudeDegrees>13.219390</LatitudeDegrees>
							<LongitudeDegrees>100.964507</LongitudeDegrees>
						</Position>
						<AltitudeMeters>39.260000</AltitudeMeters>
						<HeartRateBpm>
							<Value>100</Value>
						</HeartRateBpm>
						<Cadence>52</Cadence>
						<Extensions>
							<ns3:TPX>
								<ns3:Speed>1.103750</ns3:Speed>
							</ns3:TPX>
						</Extensions>
					</Trackpoint>
					<Trackpoint>
						<Time>2569-03-15T08:23:17Z</Time>
						<Position>
							<LatitudeDegrees>13.219400</LatitudeDegrees>
							<LongitudeDegrees>100.964510</LongitudeDegrees>
						</Position>
						<AltitudeMeters>39.260000</AltitudeMeters>
						<HeartRateBpm>
							<Value>100</Value>
						</HeartRateBpm>
						<Cadence>52</Cadence>
						<Extensions>
							<ns3:TPX>
								<ns3:Speed>1.106190</ns3:Speed>
							</ns3:TPX>
						</Extensions>
					</Trackpoint>
					<Trackpoint>
						<Time>2569-03-15T08:23:18Z</Time>
						<Position>
							<LatitudeDegrees>13.219409</LatitudeDegrees>
							<LongitudeDegrees>100.964515</LongitudeDegrees>
						</Position>
						<AltitudeMeters>39.260000</AltitudeMeters>
						<HeartRateBpm>
							<Value>101</Value>
						</HeartRateBpm>
						<Cadence>51</Cadence>
						<Extensions>
							<ns3:TPX>
								<ns3:Speed>1.106190</ns3:Speed>
							</ns3:TPX>
						</Extensions>
					</Trackpoint>
					<Trackpoint>
						<Time>2569-03-15T08:23:19Z</Time>
						<Position>
							<LatitudeDegrees>13.219419</LatitudeDegrees>
							<LongitudeDegrees>100.964519</LongitudeDegrees>
						</Position>
						<AltitudeMeters>39.260000</AltitudeMeters>
						<HeartRateBpm>
							<Value>100</Value>
						</HeartRateBpm>
						<Cadence>51</Cadence>
						<Extensions>
							<ns3:TPX>
								<ns3:Speed>1.107420</ns3:Speed>
							</ns3:TPX>
						</Extensions>
					</Trackpoint>
					<Trackpoint>
						<Time>2569-03-15T08:23:20Z</Time>
						<Position>
							<LatitudeDegrees>13.219428</LatitudeDegrees>
							<LongitudeDegrees>100.964523</LongitudeDegrees>
						</Position>
						<AltitudeMeters>39.260000</AltitudeMeters>
						<HeartRateBpm>
							<Value>100</Value>
						</HeartRateBpm>
						<Cadence>51</Cadence>
						<Extensions>
							<ns3:TPX>
								<ns3:Speed>1.107420</ns3:Speed>
							</ns3:TPX>
						</Extensions>
					</Trackpoint>
					<Trackpoint>
						<Time>2569-03-15T08:23:21Z</Time>
						<Position>
							<LatitudeDegrees>13.219436</LatitudeDegrees>
							<LongitudeDegrees>100.964528</LongitudeDegrees>
						</Position>
						<AltitudeMeters>39.250000</AltitudeMeters>
						<HeartRateBpm>
							<Value>100</Value>
						</HeartRateBpm>
						<Cadence>51</Cadence>
						<Extensions>
							<ns3:TPX>
								<ns3:Speed>1.108650</ns3:Speed>
							</ns3:TPX>
						</Extensions>
					</Trackpoint>
					<Trackpoint>
						<Time>2569-03-15T08:23:22Z</Time>
						<Position>
							<LatitudeDegrees>13.219445</LatitudeDegrees>
							<LongitudeDegrees>100.964531</LongitudeDegrees>
						</Position>
						<AltitudeMeters>39.250000</AltitudeMeters>
						<HeartRateBpm>
							<Value>100</Value>
						</HeartRateBpm>
						<Cadence>52</Cadence>
						<Extensions>
							<ns3:TPX>
								<ns3:Speed>1.107420</ns3:Speed>
							</ns3:TPX>
						</Extensions>
					</Trackpoint>
					<Trackpoint>
						<Time>2569-03-15T08:23:23Z</Time>
						<Position>
							<LatitudeDegrees>13.219454</LatitudeDegrees>
							<LongitudeDegrees>100.964534</LongitudeDegrees>
						</Position>
						<AltitudeMeters>39.240000</AltitudeMeters>
						<HeartRateBpm>
							<Value>100</Value>
						</HeartRateBpm>
						<Cadence>52</Cadence>
						<Extensions>
							<ns3:TPX>
								<ns3:Speed>1.107420</ns3:Speed>
							</ns3:TPX>
						</Extensions>
					</Trackpoint>
					<Trackpoint>
						<Time>2569-03-15T08:23:24Z</Time>
						<Position>
							<LatitudeDegrees>13.219463</LatitudeDegrees>
							<LongitudeDegrees>100.964536</LongitudeDegrees>
						</Position>
						<AltitudeMeters>39.230000</AltitudeMeters>
						<HeartRateBpm>
							<Value>100</Value>
						</HeartRateBpm>
						<Cadence>52</Cadence>
						<Extensions>
							<ns3:TPX>
								<ns3:Speed>1.107420</ns3:Speed>
							</ns3:TPX>
						</Extensions>
					</Trackpoint>
					<Trackpoint>
						<Time>2569-03-15T08:23:25Z</Time>
						<Position>
							<LatitudeDegrees>13.219472</LatitudeDegrees>
							<LongitudeDegrees>100.964540</LongitudeDegrees>
						</Position>
						<AltitudeMeters>39.220000</AltitudeMeters>
						<HeartRateBpm>
							<Value>100</Value>
						</HeartRateBpm>
						<Cadence>51</Cadence>
						<Extensions>
							<ns3:TPX>
								<ns3:Speed>1.106190</ns3:Speed>
							</ns3:TPX>
						</Extensions>
					</Trackpoint>
					<Trackpoint>
						<Time>2569-03-15T08:23:27Z</Time>
						<Position>
							<LatitudeDegrees>13.219491</LatitudeDegrees>
							<LongitudeDegrees>100.964548</LongitudeDegrees>
						</Position>
						<AltitudeMeters>39.190000</AltitudeMeters>
						<HeartRateBpm>
							<Value>102</Value>
						</HeartRateBpm>
						<Cadence>50</Cadence>
						<Extensions>
							<ns3:TPX>
								<ns3:Speed>1.103750</ns3:Speed>
							</ns3:TPX>
						</Extensions>
					</Trackpoint>
					<Trackpoint>
						<Time>2569-03-15T08:23:27Z</Time>
						<Position>
							<LatitudeDegrees>13.219491</LatitudeDegrees>
							<LongitudeDegrees>100.964548</LongitudeDegrees>
						</Position>
						<AltitudeMeters>39.190000</AltitudeMeters>
						<HeartRateBpm>
							<Value>102</Value>
						</HeartRateBpm>
						<Cadence>50</Cadence>
						<Extensions>
							<ns3:TPX>
								<ns3:Speed>1.103750</ns3:Speed>
							</ns3:TPX>
						</Extensions>
					</Trackpoint>
					<Trackpoint>
						<Time>2569-03-15T08:23:28Z</Time>
						<Position>
							<LatitudeDegrees>13.219500</LatitudeDegrees>
							<LongitudeDegrees>100.964552</LongitudeDegrees>
						</Position>
						<AltitudeMeters>39.180000</AltitudeMeters>
						<HeartRateBpm>
							<Value>102</Value>
						</HeartRateBpm>
						<Cadence>50</Cadence>
						<Extensions>
							<ns3:TPX>
								<ns3:Speed>1.101320</ns3:Speed>
							</ns3:TPX>
						</Extensions>
					</Trackpoint>
					<Trackpoint>
						<Time>2569-03-15T08:23:30Z</Time>
						<Position>
							<LatitudeDegrees>13.219518</LatitudeDegrees>
							<LongitudeDegrees>100.964561</LongitudeDegrees>
						</Position>
						<AltitudeMeters>39.170000</AltitudeMeters>
						<HeartRateBpm>
							<Value>104</Value>
						</HeartRateBpm>
						<Cadence>51</Cadence>
						<Extensions>
							<ns3:TPX>
								<ns3:Speed>1.098900</ns3:Speed>
							</ns3:TPX>
						</Extensions>
					</Trackpoint>
					<Trackpoint>
						<Time>2569-03-15T08:23:30Z</Time>
						<Position>
							<LatitudeDegrees>13.219518</LatitudeDegrees>
							<LongitudeDegrees>100.964561</LongitudeDegrees>
						</Position>
						<AltitudeMeters>39.170000</AltitudeMeters>
						<HeartRateBpm>
							<Value>104</Value>
						</HeartRateBpm>
						<Cadence>51</Cadence>
						<Extensions>
							<ns3:TPX>
								<ns3:Speed>1.098900</ns3:Speed>
							</ns3:TPX>
						</Extensions>
					</Trackpoint>
					<Trackpoint>
						<Time>2569-03-15T08:23:31Z</Time>
						<Position>
							<LatitudeDegrees>13.219527</LatitudeDegrees>
							<LongitudeDegrees>100.964566</LongitudeDegrees>
						</Position>
						<AltitudeMeters>39.160000</AltitudeMeters>
						<HeartRateBpm>
							<Value>104</Value>
						</HeartRateBpm>
						<Cadence>51</Cadence>
						<Extensions>
							<ns3:TPX>
								<ns3:Speed>1.097690</ns3:Speed>
							</ns3:TPX>
						</Extensions>
					</Trackpoint>
					<Trackpoint>
						<Time>2569-03-15T08:23:32Z</Time>
						<Position>
							<LatitudeDegrees>13.219537</LatitudeDegrees>
							<LongitudeDegrees>100.964572</LongitudeDegrees>
						</Position>
						<AltitudeMeters>39.170000</AltitudeMeters>
						<HeartRateBpm>
							<Value>104</Value>
						</HeartRateBpm>
						<Cadence>51</Cadence>
						<Extensions>
							<ns3:TPX>
								<ns3:Speed>1.096490</ns3:Speed>
							</ns3:TPX>
						</Extensions>
					</Trackpoint>
					<Trackpoint>
						<Time>2569-03-15T08:23:33Z</Time>
						<Position>
							<LatitudeDegrees>13.219546</LatitudeDegrees>
							<LongitudeDegrees>100.964578</LongitudeDegrees>
						</Position>
						<AltitudeMeters>39.170000</AltitudeMeters>
						<HeartRateBpm>
							<Value>104</Value>
						</HeartRateBpm>
						<Cadence>51</Cadence>
						<Extensions>
							<ns3:TPX>
								<ns3:Speed>1.095290</ns3:Speed>
							</ns3:TPX>
						</Extensions>
					</Trackpoint>
					<Trackpoint>
						<Time>2569-03-15T08:23:34Z</Time>
						<Position>
							<LatitudeDegrees>13.219554</LatitudeDegrees>
							<LongitudeDegrees>100.964584</LongitudeDegrees>
						</Position>
						<AltitudeMeters>39.180000</AltitudeMeters>
						<HeartRateBpm>
							<Value>104</Value>
						</HeartRateBpm>
						<Cadence>51</Cadence>
						<Extensions>
							<ns3:TPX>
								<ns3:Speed>1.095290</ns3:Speed>
							</ns3:TPX>
						</Extensions>
					</Trackpoint>
					<Trackpoint>
						<Time>2569-03-15T08:23:35Z</Time>
						<Position>
							<LatitudeDegrees>13.219563</LatitudeDegrees>
							<LongitudeDegrees>100.964589</LongitudeDegrees>
						</Position>
						<AltitudeMeters>39.200000</AltitudeMeters>
						<HeartRateBpm>
							<Value>104</Value>
						</HeartRateBpm>
						<Cadence>51</Cadence>
						<Extensions>
							<ns3:TPX>
								<ns3:Speed>1.095290</ns3:Speed>
							</ns3:TPX>
						</Extensions>
					</Trackpoint>
					<Trackpoint>
						<Time>2569-03-15T08:23:36Z</Time>
						<Position>
							<LatitudeDegrees>13.219571</LatitudeDegrees>
							<LongitudeDegrees>100.964595</LongitudeDegrees>
						</Position>
						<AltitudeMeters>39.210000</AltitudeMeters>
						<HeartRateBpm>
							<Value>103</Value>
						</HeartRateBpm>
						<Cadence>50</Cadence>
						<Extensions>
							<ns3:TPX>
								<ns3:Speed>1.095290</ns3:Speed>
							</ns3:TPX>
						</Extensions>
					</Trackpoint>
					<Trackpoint>
						<Time>2569-03-15T08:23:37Z</Time>
						<Position>
							<LatitudeDegrees>13.219580</LatitudeDegrees>
							<LongitudeDegrees>100.964600</LongitudeDegrees>
						</Position>
						<AltitudeMeters>39.220000</AltitudeMeters>
						<HeartRateBpm>
							<Value>103</Value>
						</HeartRateBpm>
						<Cadence>50</Cadence>
						<Extensions>
							<ns3:TPX>
								<ns3:Speed>1.095290</ns3:Speed>
							</ns3:TPX>
						</Extensions>
					</Trackpoint>
					<Trackpoint>
						<Time>2569-03-15T08:23:38Z</Time>
						<Position>
							<LatitudeDegrees>13.219590</LatitudeDegrees>
							<LongitudeDegrees>100.964605</LongitudeDegrees>
						</Position>
						<AltitudeMeters>39.230000</AltitudeMeters>
						<HeartRateBpm>
							<Value>104</Value>
						</HeartRateBpm>
						<Cadence>50</Cadence>
						<Extensions>
							<ns3:TPX>
								<ns3:Speed>1.095290</ns3:Speed>
							</ns3:TPX>
						</Extensions>
					</Trackpoint>
					<Trackpoint>
						<Time>2569-03-15T08:23:39Z</Time>
						<Position>
							<LatitudeDegrees>13.219599</LatitudeDegrees>
							<LongitudeDegrees>100.964611</LongitudeDegrees>
						</Position>
						<AltitudeMeters>39.240000</AltitudeMeters>
						<HeartRateBpm>
							<Value>105</Value>
						</HeartRateBpm>
						<Cadence>51</Cadence>
						<Extensions>
							<ns3:TPX>
								<ns3:Speed>1.096490</ns3:Speed>
							</ns3:TPX>
						</Extensions>
					</Trackpoint>
					<Trackpoint>
						<Time>2569-03-15T08:23:40Z</Time>
						<Position>
							<LatitudeDegrees>13.219609</LatitudeDegrees>
							<LongitudeDegrees>100.964616</LongitudeDegrees>
						</Position>
						<AltitudeMeters>39.250000</AltitudeMeters>
						<HeartRateBpm>
							<Value>106</Value>
						</HeartRateBpm>
						<Cadence>51</Cadence>
						<Extensions>
							<ns3:TPX>
								<ns3:Speed>1.096490</ns3:Speed>
							</ns3:TPX>
						</Extensions>
					</Trackpoint>
					<Trackpoint>
						<Time>2569-03-15T08:23:42Z</Time>
						<Position>
							<LatitudeDegrees>13.219630</LatitudeDegrees>
							<LongitudeDegrees>100.964626</LongitudeDegrees>
						</Position>
						<AltitudeMeters>39.270000</AltitudeMeters>
						<HeartRateBpm>
							<Value>105</Value>
						</HeartRateBpm>
						<Cadence>51</Cadence>
						<Extensions>
							<ns3:TPX>
								<ns3:Speed>1.096490</ns3:Speed>
							</ns3:TPX>
						</Extensions>
					</Trackpoint>
					<Trackpoint>
						<Time>2569-03-15T08:23:42Z</Time>
						<Position>
							<LatitudeDegrees>13.219630</LatitudeDegrees>
							<LongitudeDegrees>100.964626</LongitudeDegrees>
						</Position>
						<AltitudeMeters>39.270000</AltitudeMeters>
						<HeartRateBpm>
							<Value>105</Value>
						</HeartRateBpm>
						<Cadence>51</Cadence>
						<Extensions>
							<ns3:TPX>
								<ns3:Speed>1.096490</ns3:Speed>
							</ns3:TPX>
						</Extensions>
					</Trackpoint>
					<Trackpoint>
						<Time>2569-03-15T08:23:43Z</Time>
						<Position>
							<LatitudeDegrees>13.219640</LatitudeDegrees>
							<LongitudeDegrees>100.964631</LongitudeDegrees>
						</Position>
						<AltitudeMeters>39.280000</AltitudeMeters>
						<HeartRateBpm>
							<Value>105</Value>
						</HeartRateBpm>
						<Cadence>51</Cadence>
						<Extensions>
							<ns3:TPX>
								<ns3:Speed>1.096490</ns3:Speed>
							</ns3:TPX>
						</Extensions>
					</Trackpoint>
					<Trackpoint>
						<Time>2569-03-15T08:23:44Z</Time>
						<Position>
							<LatitudeDegrees>13.219649</LatitudeDegrees>
							<LongitudeDegrees>100.964637</LongitudeDegrees>
						</Position>
						<AltitudeMeters>39.280000</AltitudeMeters>
						<HeartRateBpm>
							<Value>105</Value>
						</HeartRateBpm>
						<Cadence>52</Cadence>
						<Extensions>
							<ns3:TPX>
								<ns3:Speed>1.100110</ns3:Speed>
							</ns3:TPX>
						</Extensions>
					</Trackpoint>
					<Trackpoint>
						<Time>2569-03-15T08:23:45Z</Time>
						<Position>
							<LatitudeDegrees>13.219659</LatitudeDegrees>
							<LongitudeDegrees>100.964643</LongitudeDegrees>
						</Position>
						<AltitudeMeters>39.280000</AltitudeMeters>
						<HeartRateBpm>
							<Value>105</Value>
						</HeartRateBpm>
						<Cadence>52</Cadence>
						<Extensions>
							<ns3:TPX>
								<ns3:Speed>1.102540</ns3:Speed>
							</ns3:TPX>
						</Extensions>
					</Trackpoint>
					<Trackpoint>
						<Time>2569-03-15T08:23:46Z</Time>
						<Position>
							<LatitudeDegrees>13.219669</LatitudeDegrees>
							<LongitudeDegrees>100.964648</LongitudeDegrees>
						</Position>
						<AltitudeMeters>39.270000</AltitudeMeters>
						<HeartRateBpm>
							<Value>105</Value>
						</HeartRateBpm>
						<Cadence>53</Cadence>
						<Extensions>
							<ns3:TPX>
								<ns3:Speed>1.106190</ns3:Speed>
							</ns3:TPX>
						</Extensions>
					</Trackpoint>
					<Trackpoint>
						<Time>2569-03-15T08:23:47Z</Time>
						<Position>
							<LatitudeDegrees>13.219677</LatitudeDegrees>
							<LongitudeDegrees>100.964653</LongitudeDegrees>
						</Position>
						<AltitudeMeters>39.260000</AltitudeMeters>
						<HeartRateBpm>
							<Value>105</Value>
						</HeartRateBpm>
						<Cadence>53</Cadence>
						<Extensions>
							<ns3:TPX>
								<ns3:Speed>1.108650</ns3:Speed>
							</ns3:TPX>
						</Extensions>
					</Trackpoint>
					<Trackpoint>
						<Time>2569-03-15T08:23:48Z</Time>
						<Position>
							<LatitudeDegrees>13.219685</LatitudeDegrees>
							<LongitudeDegrees>100.964659</LongitudeDegrees>
						</Position>
						<AltitudeMeters>39.260000</AltitudeMeters>
						<HeartRateBpm>
							<Value>105</Value>
						</HeartRateBpm>
						<Cadence>53</Cadence>
						<Extensions>
							<ns3:TPX>
								<ns3:Speed>1.109880</ns3:Speed>
							</ns3:TPX>
						</Extensions>
					</Trackpoint>
					<Trackpoint>
						<Time>2569-03-15T08:23:49Z</Time>
						<Position>
							<LatitudeDegrees>13.219693</LatitudeDegrees>
							<LongitudeDegrees>100.964664</LongitudeDegrees>
						</Position>
						<AltitudeMeters>39.250000</AltitudeMeters>
						<HeartRateBpm>
							<Value>105</Value>
						</HeartRateBpm>
						<Cadence>53</Cadence>
						<Extensions>
							<ns3:TPX>
								<ns3:Speed>1.111110</ns3:Speed>
							</ns3:TPX>
						</Extensions>
					</Trackpoint>
					<Trackpoint>
						<Time>2569-03-15T08:23:50Z</Time>
						<Position>
							<LatitudeDegrees>13.219702</LatitudeDegrees>
							<LongitudeDegrees>100.964670</LongitudeDegrees>
						</Position>
						<AltitudeMeters>39.250000</AltitudeMeters>
						<HeartRateBpm>
							<Value>106</Value>
						</HeartRateBpm>
						<Cadence>52</Cadence>
						<Extensions>
							<ns3:TPX>
								<ns3:Speed>1.112350</ns3:Speed>
							</ns3:TPX>
						</Extensions>
					</Trackpoint>
					<Trackpoint>
						<Time>2569-03-15T08:23:51Z</Time>
						<Position>
							<LatitudeDegrees>13.219710</LatitudeDegrees>
							<LongitudeDegrees>100.964676</LongitudeDegrees>
						</Position>
						<AltitudeMeters>39.250000</AltitudeMeters>
						<HeartRateBpm>
							<Value>106</Value>
						</HeartRateBpm>
						<Cadence>52</Cadence>
						<Extensions>
							<ns3:TPX>
								<ns3:Speed>1.113590</ns3:Speed>
							</ns3:TPX>
						</Extensions>
					</Trackpoint>
					<Trackpoint>
						<Time>2569-03-15T08:23:52Z</Time>
						<Position>
							<LatitudeDegrees>13.219718</LatitudeDegrees>
							<LongitudeDegrees>100.964682</LongitudeDegrees>
						</Position>
						<AltitudeMeters>39.250000</AltitudeMeters>
						<HeartRateBpm>
							<Value>106</Value>
						</HeartRateBpm>
						<Cadence>52</Cadence>
						<Extensions>
							<ns3:TPX>
								<ns3:Speed>1.113590</ns3:Speed>
							</ns3:TPX>
						</Extensions>
					</Trackpoint>
					<Trackpoint>
						<Time>2569-03-15T08:23:53Z</Time>
						<Position>
							<LatitudeDegrees>13.219725</LatitudeDegrees>
							<LongitudeDegrees>100.964688</LongitudeDegrees>
						</Position>
						<AltitudeMeters>39.250000</AltitudeMeters>
						<HeartRateBpm>
							<Value>106</Value>
						</HeartRateBpm>
						<Cadence>52</Cadence>
						<Extensions>
							<ns3:TPX>
								<ns3:Speed>1.113590</ns3:Speed>
							</ns3:TPX>
						</Extensions>
					</Trackpoint>
					<Trackpoint>
						<Time>2569-03-15T08:23:54Z</Time>
						<Position>
							<LatitudeDegrees>13.219732</LatitudeDegrees>
							<LongitudeDegrees>100.964694</LongitudeDegrees>
						</Position>
						<AltitudeMeters>39.250000</AltitudeMeters>
						<HeartRateBpm>
							<Value>106</Value>
						</HeartRateBpm>
						<Cadence>52</Cadence>
						<Extensions>
							<ns3:TPX>
								<ns3:Speed>1.113590</ns3:Speed>
							</ns3:TPX>
						</Extensions>
					</Trackpoint>
					<Trackpoint>
						<Time>2569-03-15T08:23:55Z</Time>
						<Position>
							<LatitudeDegrees>13.219740</LatitudeDegrees>
							<LongitudeDegrees>100.964698</LongitudeDegrees>
						</Position>
						<AltitudeMeters>39.250000</AltitudeMeters>
						<HeartRateBpm>
							<Value>107</Value>
						</HeartRateBpm>
						<Cadence>52</Cadence>
						<Extensions>
							<ns3:TPX>
								<ns3:Speed>1.113590</ns3:Speed>
							</ns3:TPX>
						</Extensions>
					</Trackpoint>
					<Trackpoint>
						<Time>2569-03-15T08:23:56Z</Time>
						<Position>
							<LatitudeDegrees>13.219748</LatitudeDegrees>
							<LongitudeDegrees>100.964703</LongitudeDegrees>
						</Position>
						<AltitudeMeters>39.250000</AltitudeMeters>
						<HeartRateBpm>
							<Value>107</Value>
						</HeartRateBpm>
						<Cadence>51</Cadence>
						<Extensions>
							<ns3:TPX>
								<ns3:Speed>1.112350</ns3:Speed>
							</ns3:TPX>
						</Extensions>
					</Trackpoint>
					<Trackpoint>
						<Time>2569-03-15T08:23:57Z</Time>
						<Position>
							<LatitudeDegrees>13.219757</LatitudeDegrees>
							<LongitudeDegrees>100.964708</LongitudeDegrees>
						</Position>
						<AltitudeMeters>39.250000</AltitudeMeters>
						<HeartRateBpm>
							<Value>107</Value>
						</HeartRateBpm>
						<Cadence>51</Cadence>
						<Extensions>
							<ns3:TPX>
								<ns3:Speed>1.109880</ns3:Speed>
							</ns3:TPX>
						</Extensions>
					</Trackpoint>
					<Trackpoint>
						<Time>2569-03-15T08:23:58Z</Time>
						<Position>
							<LatitudeDegrees>13.219766</LatitudeDegrees>
							<LongitudeDegrees>100.964712</LongitudeDegrees>
						</Position>
						<AltitudeMeters>39.250000</AltitudeMeters>
						<HeartRateBpm>
							<Value>107</Value>
						</HeartRateBpm>
						<Cadence>51</Cadence>
						<Extensions>
							<ns3:TPX>
								<ns3:Speed>1.108650</ns3:Speed>
							</ns3:TPX>
						</Extensions>
					</Trackpoint>
					<Trackpoint>
						<Time>2569-03-15T08:23:59Z</Time>
						<Position>
							<LatitudeDegrees>13.219774</LatitudeDegrees>
							<LongitudeDegrees>100.964717</LongitudeDegrees>
						</Position>
						<AltitudeMeters>39.250000</AltitudeMeters>
						<HeartRateBpm>
							<Value>108</Value>
						</HeartRateBpm>
						<Cadence>51</Cadence>
						<Extensions>
							<ns3:TPX>
								<ns3:Speed>1.107420</ns3:Speed>
							</ns3:TPX>
						</Extensions>
					</Trackpoint>
					<Trackpoint>
						<Time>2569-03-15T08:24:00Z</Time>
						<Position>
							<LatitudeDegrees>13.219783</LatitudeDegrees>
							<LongitudeDegrees>100.964722</LongitudeDegrees>
						</Position>
						<AltitudeMeters>39.250000</AltitudeMeters>
						<HeartRateBpm>
							<Value>108</Value>
						</HeartRateBpm>
						<Cadence>51</Cadence>
						<Extensions>
							<ns3:TPX>
								<ns3:Speed>1.106190</ns3:Speed>
							</ns3:TPX>
						</Extensions>
					</Trackpoint>
					<Trackpoint>
						<Time>2569-03-15T08:24:01Z</Time>
						<Position>
							<LatitudeDegrees>13.219792</LatitudeDegrees>
							<LongitudeDegrees>100.964726</LongitudeDegrees>
						</Position>
						<AltitudeMeters>39.240000</AltitudeMeters>
						<HeartRateBpm>
							<Value>107</Value>
						</HeartRateBpm>
						<Cadence>52</Cadence>
						<Extensions>
							<ns3:TPX>
								<ns3:Speed>1.103750</ns3:Speed>
							</ns3:TPX>
						</Extensions>
					</Trackpoint>
					<Trackpoint>
						<Time>2569-03-15T08:24:02Z</Time>
						<Position>
							<LatitudeDegrees>13.219801</LatitudeDegrees>
							<LongitudeDegrees>100.964730</LongitudeDegrees>
						</Position>
						<AltitudeMeters>39.240000</AltitudeMeters>
						<HeartRateBpm>
							<Value>107</Value>
						</HeartRateBpm>
						<Cadence>52</Cadence>
						<Extensions>
							<ns3:TPX>
								<ns3:Speed>1.102540</ns3:Speed>
							</ns3:TPX>
						</Extensions>
					</Trackpoint>
					<Trackpoint>
						<Time>2569-03-15T08:24:03Z</Time>
						<Position>
							<LatitudeDegrees>13.219811</LatitudeDegrees>
							<LongitudeDegrees>100.964734</LongitudeDegrees>
						</Position>
						<AltitudeMeters>39.240000</AltitudeMeters>
						<HeartRateBpm>
							<Value>107</Value>
						</HeartRateBpm>
						<Cadence>52</Cadence>
						<Extensions>
							<ns3:TPX>
								<ns3:Speed>1.101320</ns3:Speed>
							</ns3:TPX>
						</Extensions>
					</Trackpoint>
					<Trackpoint>
						<Time>2569-03-15T08:24:04Z</Time>
						<Position>
							<LatitudeDegrees>13.219821</LatitudeDegrees>
							<LongitudeDegrees>100.964738</LongitudeDegrees>
						</Position>
						<AltitudeMeters>39.250000</AltitudeMeters>
						<HeartRateBpm>
							<Value>106</Value>
						</HeartRateBpm>
						<Cadence>52</Cadence>
						<Extensions>
							<ns3:TPX>
								<ns3:Speed>1.100110</ns3:Speed>
							</ns3:TPX>
						</Extensions>
					</Trackpoint>
					<Trackpoint>
						<Time>2569-03-15T08:24:05Z</Time>
						<Position>
							<LatitudeDegrees>13.219830</LatitudeDegrees>
							<LongitudeDegrees>100.964743</LongitudeDegrees>
						</Position>
						<AltitudeMeters>39.250000</AltitudeMeters>
						<HeartRateBpm>
							<Value>105</Value>
						</HeartRateBpm>
						<Cadence>52</Cadence>
						<Extensions>
							<ns3:TPX>
								<ns3:Speed>1.100110</ns3:Speed>
							</ns3:TPX>
						</Extensions>
					</Trackpoint>
					<Trackpoint>
						<Time>2569-03-15T08:24:06Z</Time>
						<Position>
							<LatitudeDegrees>13.219839</LatitudeDegrees>
							<LongitudeDegrees>100.964748</LongitudeDegrees>
						</Position>
						<AltitudeMeters>39.250000</AltitudeMeters>
						<HeartRateBpm>
							<Value>105</Value>
						</HeartRateBpm>
						<Cadence>52</Cadence>
						<Extensions>
							<ns3:TPX>
								<ns3:Speed>1.100110</ns3:Speed>
							</ns3:TPX>
						</Extensions>
					</Trackpoint>
					<Trackpoint>
						<Time>2569-03-15T08:24:07Z</Time>
						<Position>
							<LatitudeDegrees>13.219848</LatitudeDegrees>
							<LongitudeDegrees>100.964754</LongitudeDegrees>
						</Position>
						<AltitudeMeters>39.250000</AltitudeMeters>
						<HeartRateBpm>
							<Value>105</Value>
						</HeartRateBpm>
						<Cadence>52</Cadence>
						<Extensions>
							<ns3:TPX>
								<ns3:Speed>1.100110</ns3:Speed>
							</ns3:TPX>
						</Extensions>
					</Trackpoint>
					<Trackpoint>
						<Time>2569-03-15T08:24:08Z</Time>
						<Position>
							<LatitudeDegrees>13.219857</LatitudeDegrees>
							<LongitudeDegrees>100.964759</LongitudeDegrees>
						</Position>
						<AltitudeMeters>39.250000</AltitudeMeters>
						<HeartRateBpm>
							<Value>103</Value>
						</HeartRateBpm>
						<Cadence>52</Cadence>
						<Extensions>
							<ns3:TPX>
								<ns3:Speed>1.100110</ns3:Speed>
							</ns3:TPX>
						</Extensions>
					</Trackpoint>
					<Trackpoint>
						<Time>2569-03-15T08:24:09Z</Time>
						<Position>
							<LatitudeDegrees>13.219866</LatitudeDegrees>
							<LongitudeDegrees>100.964764</LongitudeDegrees>
						</Position>
						<AltitudeMeters>39.240000</AltitudeMeters>
						<HeartRateBpm>
							<Value>102</Value>
						</HeartRateBpm>
						<Cadence>52</Cadence>
						<Extensions>
							<ns3:TPX>
								<ns3:Speed>1.100110</ns3:Speed>
							</ns3:TPX>
						</Extensions>
					</Trackpoint>
					<Trackpoint>
						<Time>2569-03-15T08:24:10Z</Time>
						<Position>
							<LatitudeDegrees>13.219876</LatitudeDegrees>
							<LongitudeDegrees>100.964769</LongitudeDegrees>
						</Position>
						<AltitudeMeters>39.240000</AltitudeMeters>
						<HeartRateBpm>
							<Value>103</Value>
						</HeartRateBpm>
						<Cadence>52</Cadence>
						<Extensions>
							<ns3:TPX>
								<ns3:Speed>1.101320</ns3:Speed>
							</ns3:TPX>
						</Extensions>
					</Trackpoint>
					<Trackpoint>
						<Time>2569-03-15T08:24:11Z</Time>
						<Position>
							<LatitudeDegrees>13.219885</LatitudeDegrees>
							<LongitudeDegrees>100.964774</LongitudeDegrees>
						</Position>
						<AltitudeMeters>39.240000</AltitudeMeters>
						<HeartRateBpm>
							<Value>104</Value>
						</HeartRateBpm>
						<Cadence>52</Cadence>
						<Extensions>
							<ns3:TPX>
								<ns3:Speed>1.101320</ns3:Speed>
							</ns3:TPX>
						</Extensions>
					</Trackpoint>
					<Trackpoint>
						<Time>2569-03-15T08:24:12Z</Time>
						<Position>
							<LatitudeDegrees>13.219895</LatitudeDegrees>
							<LongitudeDegrees>100.964780</LongitudeDegrees>
						</Position>
						<AltitudeMeters>39.240000</AltitudeMeters>
						<HeartRateBpm>
							<Value>105</Value>
						</HeartRateBpm>
						<Cadence>52</Cadence>
						<Extensions>
							<ns3:TPX>
								<ns3:Speed>1.101320</ns3:Speed>
							</ns3:TPX>
						</Extensions>
					</Trackpoint>
					<Trackpoint>
						<Time>2569-03-15T08:24:13Z</Time>
						<Position>
							<LatitudeDegrees>13.219904</LatitudeDegrees>
							<LongitudeDegrees>100.964786</LongitudeDegrees>
						</Position>
						<AltitudeMeters>39.240000</AltitudeMeters>
						<HeartRateBpm>
							<Value>104</Value>
						</HeartRateBpm>
						<Cadence>52</Cadence>
						<Extensions>
							<ns3:TPX>
								<ns3:Speed>1.102540</ns3:Speed>
							</ns3:TPX>
						</Extensions>
					</Trackpoint>
					<Trackpoint>
						<Time>2569-03-15T08:24:14Z</Time>
						<Position>
							<LatitudeDegrees>13.219913</LatitudeDegrees>
							<LongitudeDegrees>100.964793</LongitudeDegrees>
						</Position>
						<AltitudeMeters>39.240000</AltitudeMeters>
						<HeartRateBpm>
							<Value>104</Value>
						</HeartRateBpm>
						<Cadence>52</Cadence>
						<Extensions>
							<ns3:TPX>
								<ns3:Speed>1.104970</ns3:Speed>
							</ns3:TPX>
						</Extensions>
					</Trackpoint>
					<Trackpoint>
						<Time>2569-03-15T08:24:15Z</Time>
						<Position>
							<LatitudeDegrees>13.219923</LatitudeDegrees>
							<LongitudeDegrees>100.964799</LongitudeDegrees>
						</Position>
						<AltitudeMeters>39.240000</AltitudeMeters>
						<HeartRateBpm>
							<Value>103</Value>
						</HeartRateBpm>
						<Cadence>53</Cadence>
						<Extensions>
							<ns3:TPX>
								<ns3:Speed>1.106190</ns3:Speed>
							</ns3:TPX>
						</Extensions>
					</Trackpoint>
					<Trackpoint>
						<Time>2569-03-15T08:24:16Z</Time>
						<Position>
							<LatitudeDegrees>13.219934</LatitudeDegrees>
							<LongitudeDegrees>100.964805</LongitudeDegrees>
						</Position>
						<AltitudeMeters>39.240000</AltitudeMeters>
						<HeartRateBpm>
							<Value>103</Value>
						</HeartRateBpm>
						<Cadence>53</Cadence>
						<Extensions>
							<ns3:TPX>
								<ns3:Speed>1.108650</ns3:Speed>
							</ns3:TPX>
						</Extensions>
					</Trackpoint>
					<Trackpoint>
						<Time>2569-03-15T08:24:17Z</Time>
						<Position>
							<LatitudeDegrees>13.219943</LatitudeDegrees>
							<LongitudeDegrees>100.964811</LongitudeDegrees>
						</Position>
						<AltitudeMeters>39.230000</AltitudeMeters>
						<HeartRateBpm>
							<Value>103</Value>
						</HeartRateBpm>
						<Cadence>53</Cadence>
						<Extensions>
							<ns3:TPX>
								<ns3:Speed>1.111110</ns3:Speed>
							</ns3:TPX>
						</Extensions>
					</Trackpoint>
					<Trackpoint>
						<Time>2569-03-15T08:24:18Z</Time>
						<Position>
							<LatitudeDegrees>13.219953</LatitudeDegrees>
							<LongitudeDegrees>100.964817</LongitudeDegrees>
						</Position>
						<AltitudeMeters>39.220000</AltitudeMeters>
						<HeartRateBpm>
							<Value>103</Value>
						</HeartRateBpm>
						<Cadence>53</Cadence>
						<Extensions>
							<ns3:TPX>
								<ns3:Speed>1.113590</ns3:Speed>
							</ns3:TPX>
						</Extensions>
					</Trackpoint>
					<Trackpoint>
						<Time>2569-03-15T08:24:19Z</Time>
						<Position>
							<LatitudeDegrees>13.219962</LatitudeDegrees>
							<LongitudeDegrees>100.964822</LongitudeDegrees>
						</Position>
						<AltitudeMeters>39.200000</AltitudeMeters>
						<HeartRateBpm>
							<Value>103</Value>
						</HeartRateBpm>
						<Cadence>52</Cadence>
						<Extensions>
							<ns3:TPX>
								<ns3:Speed>1.116070</ns3:Speed>
							</ns3:TPX>
						</Extensions>
					</Trackpoint>
					<Trackpoint>
						<Time>2569-03-15T08:24:20Z</Time>
						<Position>
							<LatitudeDegrees>13.219972</LatitudeDegrees>
							<LongitudeDegrees>100.964828</LongitudeDegrees>
						</Position>
						<AltitudeMeters>39.190000</AltitudeMeters>
						<HeartRateBpm>
							<Value>104</Value>
						</HeartRateBpm>
						<Cadence>52</Cadence>
						<Extensions>
							<ns3:TPX>
								<ns3:Speed>1.118570</ns3:Speed>
							</ns3:TPX>
						</Extensions>
					</Trackpoint>
					<Trackpoint>
						<Time>2569-03-15T08:24:21Z</Time>
						<Position>
							<LatitudeDegrees>13.219981</LatitudeDegrees>
							<LongitudeDegrees>100.964833</LongitudeDegrees>
						</Position>
						<AltitudeMeters>39.170000</AltitudeMeters>
						<HeartRateBpm>
							<Value>104</Value>
						</HeartRateBpm>
						<Cadence>52</Cadence>
						<Extensions>
							<ns3:TPX>
								<ns3:Speed>1.119820</ns3:Speed>
							</ns3:TPX>
						</Extensions>
					</Trackpoint>
					<Trackpoint>
						<Time>2569-03-15T08:24:22Z</Time>
						<Position>
							<LatitudeDegrees>13.219992</LatitudeDegrees>
							<LongitudeDegrees>100.964839</LongitudeDegrees>
						</Position>
						<AltitudeMeters>39.160000</AltitudeMeters>
						<HeartRateBpm>
							<Value>103</Value>
						</HeartRateBpm>
						<Cadence>52</Cadence>
						<Extensions>
							<ns3:TPX>
								<ns3:Speed>1.122330</ns3:Speed>
							</ns3:TPX>
						</Extensions>
					</Trackpoint>
					<Trackpoint>
						<Time>2569-03-15T08:24:23Z</Time>
						<Position>
							<LatitudeDegrees>13.220001</LatitudeDegrees>
							<LongitudeDegrees>100.964845</LongitudeDegrees>
						</Position>
						<AltitudeMeters>39.150000</AltitudeMeters>
						<HeartRateBpm>
							<Value>102</Value>
						</HeartRateBpm>
						<Cadence>51</Cadence>
						<Extensions>
							<ns3:TPX>
								<ns3:Speed>1.123600</ns3:Speed>
							</ns3:TPX>
						</Extensions>
					</Trackpoint>
					<Trackpoint>
						<Time>2569-03-15T08:24:24Z</Time>
						<Position>
							<LatitudeDegrees>13.220010</LatitudeDegrees>
							<LongitudeDegrees>100.964850</LongitudeDegrees>
						</Position>
						<AltitudeMeters>39.140000</AltitudeMeters>
						<HeartRateBpm>
							<Value>102</Value>
						</HeartRateBpm>
						<Cadence>51</Cadence>
						<Extensions>
							<ns3:TPX>
								<ns3:Speed>1.124860</ns3:Speed>
							</ns3:TPX>
						</Extensions>
					</Trackpoint>
					<Trackpoint>
						<Time>2569-03-15T08:24:25Z</Time>
						<Position>
							<LatitudeDegrees>13.220020</LatitudeDegrees>
							<LongitudeDegrees>100.964855</LongitudeDegrees>
						</Position>
						<AltitudeMeters>39.130000</AltitudeMeters>
						<HeartRateBpm>
							<Value>103</Value>
						</HeartRateBpm>
						<Cadence>51</Cadence>
						<Extensions>
							<ns3:TPX>
								<ns3:Speed>1.126130</ns3:Speed>
							</ns3:TPX>
						</Extensions>
					</Trackpoint>
					<Trackpoint>
						<Time>2569-03-15T08:24:26Z</Time>
						<Position>
							<LatitudeDegrees>13.220029</LatitudeDegrees>
							<LongitudeDegrees>100.964860</LongitudeDegrees>
						</Position>
						<AltitudeMeters>39.110000</AltitudeMeters>
						<HeartRateBpm>
							<Value>104</Value>
						</HeartRateBpm>
						<Cadence>51</Cadence>
						<Extensions>
							<ns3:TPX>
								<ns3:Speed>1.126130</ns3:Speed>
							</ns3:TPX>
						</Extensions>
					</Trackpoint>
					<Trackpoint>
						<Time>2569-03-15T08:24:27Z</Time>
						<Position>
							<LatitudeDegrees>13.220039</LatitudeDegrees>
							<LongitudeDegrees>100.964865</LongitudeDegrees>
						</Position>
						<AltitudeMeters>39.110000</AltitudeMeters>
						<HeartRateBpm>
							<Value>104</Value>
						</HeartRateBpm>
						<Cadence>51</Cadence>
						<Extensions>
							<ns3:TPX>
								<ns3:Speed>1.126130</ns3:Speed>
							</ns3:TPX>
						</Extensions>
					</Trackpoint>
					<Trackpoint>
						<Time>2569-03-15T08:24:28Z</Time>
						<Position>
							<LatitudeDegrees>13.220050</LatitudeDegrees>
							<LongitudeDegrees>100.964871</LongitudeDegrees>
						</Position>
						<AltitudeMeters>39.100000</AltitudeMeters>
						<HeartRateBpm>
							<Value>104</Value>
						</HeartRateBpm>
						<Cadence>51</Cadence>
						<Extensions>
							<ns3:TPX>
								<ns3:Speed>1.127400</ns3:Speed>
							</ns3:TPX>
						</Extensions>
					</Trackpoint>
					<Trackpoint>
						<Time>2569-03-15T08:24:29Z</Time>
						<Position>
							<LatitudeDegrees>13.220060</LatitudeDegrees>
							<LongitudeDegrees>100.964876</LongitudeDegrees>
						</Position>
						<AltitudeMeters>39.090000</AltitudeMeters>
						<HeartRateBpm>
							<Value>104</Value>
						</HeartRateBpm>
						<Cadence>51</Cadence>
						<Extensions>
							<ns3:TPX>
								<ns3:Speed>1.127400</ns3:Speed>
							</ns3:TPX>
						</Extensions>
					</Trackpoint>
					<Trackpoint>
						<Time>2569-03-15T08:24:30Z</Time>
						<Position>
							<LatitudeDegrees>13.220070</LatitudeDegrees>
							<LongitudeDegrees>100.964880</LongitudeDegrees>
						</Position>
						<AltitudeMeters>39.090000</AltitudeMeters>
						<HeartRateBpm>
							<Value>104</Value>
						</HeartRateBpm>
						<Cadence>52</Cadence>
						<Extensions>
							<ns3:TPX>
								<ns3:Speed>1.128670</ns3:Speed>
							</ns3:TPX>
						</Extensions>
					</Trackpoint>
					<Trackpoint>
						<Time>2569-03-15T08:24:31Z</Time>
						<Position>
							<LatitudeDegrees>13.220081</LatitudeDegrees>
							<LongitudeDegrees>100.964885</LongitudeDegrees>
						</Position>
						<AltitudeMeters>39.090000</AltitudeMeters>
						<HeartRateBpm>
							<Value>103</Value>
						</HeartRateBpm>
						<Cadence>52</Cadence>
						<Extensions>
							<ns3:TPX>
								<ns3:Speed>1.129940</ns3:Speed>
							</ns3:TPX>
						</Extensions>
					</Trackpoint>
					<Trackpoint>
						<Time>2569-03-15T08:24:32Z</Time>
						<Position>
							<LatitudeDegrees>13.220091</LatitudeDegrees>
							<LongitudeDegrees>100.964889</LongitudeDegrees>
						</Position>
						<AltitudeMeters>39.090000</AltitudeMeters>
						<HeartRateBpm>
							<Value>103</Value>
						</HeartRateBpm>
						<Cadence>53</Cadence>
						<Extensions>
							<ns3:TPX>
								<ns3:Speed>1.131220</ns3:Speed>
							</ns3:TPX>
						</Extensions>
					</Trackpoint>
					<Trackpoint>
						<Time>2569-03-15T08:24:33Z</Time>
						<Position>
							<LatitudeDegrees>13.220101</LatitudeDegrees>
							<LongitudeDegrees>100.964894</LongitudeDegrees>
						</Position>
						<AltitudeMeters>39.090000</AltitudeMeters>
						<HeartRateBpm>
							<Value>103</Value>
						</HeartRateBpm>
						<Cadence>52</Cadence>
						<Extensions>
							<ns3:TPX>
								<ns3:Speed>1.132500</ns3:Speed>
							</ns3:TPX>
						</Extensions>
					</Trackpoint>
					<Trackpoint>
						<Time>2569-03-15T08:24:34Z</Time>
						<Position>
							<LatitudeDegrees>13.220110</LatitudeDegrees>
							<LongitudeDegrees>100.964898</LongitudeDegrees>
						</Position>
						<AltitudeMeters>39.100000</AltitudeMeters>
						<HeartRateBpm>
							<Value>103</Value>
						</HeartRateBpm>
						<Cadence>52</Cadence>
						<Extensions>
							<ns3:TPX>
								<ns3:Speed>1.133790</ns3:Speed>
							</ns3:TPX>
						</Extensions>
					</Trackpoint>
					<Trackpoint>
						<Time>2569-03-15T08:24:35Z</Time>
						<Position>
							<LatitudeDegrees>13.220118</LatitudeDegrees>
							<LongitudeDegrees>100.964904</LongitudeDegrees>
						</Position>
						<AltitudeMeters>39.100000</AltitudeMeters>
						<HeartRateBpm>
							<Value>103</Value>
						</HeartRateBpm>
						<Cadence>51</Cadence>
						<Extensions>
							<ns3:TPX>
								<ns3:Speed>1.135070</ns3:Speed>
							</ns3:TPX>
						</Extensions>
					</Trackpoint>
					<Trackpoint>
						<Time>2569-03-15T08:24:36Z</Time>
						<Position>
							<LatitudeDegrees>13.220126</LatitudeDegrees>
							<LongitudeDegrees>100.964909</LongitudeDegrees>
						</Position>
						<AltitudeMeters>39.110000</AltitudeMeters>
						<HeartRateBpm>
							<Value>103</Value>
						</HeartRateBpm>
						<Cadence>51</Cadence>
						<Extensions>
							<ns3:TPX>
								<ns3:Speed>1.135070</ns3:Speed>
							</ns3:TPX>
						</Extensions>
					</Trackpoint>
					<Trackpoint>
						<Time>2569-03-15T08:24:37Z</Time>
						<Position>
							<LatitudeDegrees>13.220134</LatitudeDegrees>
							<LongitudeDegrees>100.964915</LongitudeDegrees>
						</Position>
						<AltitudeMeters>39.110000</AltitudeMeters>
						<HeartRateBpm>
							<Value>102</Value>
						</HeartRateBpm>
						<Cadence>50</Cadence>
						<Extensions>
							<ns3:TPX>
								<ns3:Speed>1.135070</ns3:Speed>
							</ns3:TPX>
						</Extensions>
					</Trackpoint>
					<Trackpoint>
						<Time>2569-03-15T08:24:38Z</Time>
						<Position>
							<LatitudeDegrees>13.220142</LatitudeDegrees>
							<LongitudeDegrees>100.964921</LongitudeDegrees>
						</Position>
						<AltitudeMeters>39.120000</AltitudeMeters>
						<HeartRateBpm>
							<Value>102</Value>
						</HeartRateBpm>
						<Cadence>50</Cadence>
						<Extensions>
							<ns3:TPX>
								<ns3:Speed>1.135070</ns3:Speed>
							</ns3:TPX>
						</Extensions>
					</Trackpoint>
					<Trackpoint>
						<Time>2569-03-15T08:24:39Z</Time>
						<Position>
							<LatitudeDegrees>13.220151</LatitudeDegrees>
							<LongitudeDegrees>100.964928</LongitudeDegrees>
						</Position>
						<AltitudeMeters>39.130000</AltitudeMeters>
						<HeartRateBpm>
							<Value>103</Value>
						</HeartRateBpm>
						<Cadence>50</Cadence>
						<Extensions>
							<ns3:TPX>
								<ns3:Speed>1.135070</ns3:Speed>
							</ns3:TPX>
						</Extensions>
					</Trackpoint>
					<Trackpoint>
						<Time>2569-03-15T08:24:40Z</Time>
						<Position>
							<LatitudeDegrees>13.220160</LatitudeDegrees>
							<LongitudeDegrees>100.964933</LongitudeDegrees>
						</Position>
						<AltitudeMeters>39.130000</AltitudeMeters>
						<HeartRateBpm>
							<Value>104</Value>
						</HeartRateBpm>
						<Cadence>51</Cadence>
						<Extensions>
							<ns3:TPX>
								<ns3:Speed>1.133790</ns3:Speed>
							</ns3:TPX>
						</Extensions>
					</Trackpoint>
					<Trackpoint>
						<Time>2569-03-15T08:24:41Z</Time>
						<Position>
							<LatitudeDegrees>13.220169</LatitudeDegrees>
							<LongitudeDegrees>100.964939</LongitudeDegrees>
						</Position>
						<AltitudeMeters>39.140000</AltitudeMeters>
						<HeartRateBpm>
							<Value>105</Value>
						</HeartRateBpm>
						<Cadence>51</Cadence>
						<Extensions>
							<ns3:TPX>
								<ns3:Speed>1.133790</ns3:Speed>
							</ns3:TPX>
						</Extensions>
					</Trackpoint>
					<Trackpoint>
						<Time>2569-03-15T08:24:42Z</Time>
						<Position>
							<LatitudeDegrees>13.220177</LatitudeDegrees>
							<LongitudeDegrees>100.964944</LongitudeDegrees>
						</Position>
						<AltitudeMeters>39.140000</AltitudeMeters>
						<HeartRateBpm>
							<Value>106</Value>
						</HeartRateBpm>
						<Cadence>51</Cadence>
						<Extensions>
							<ns3:TPX>
								<ns3:Speed>1.133790</ns3:Speed>
							</ns3:TPX>
						</Extensions>
					</Trackpoint>
					<Trackpoint>
						<Time>2569-03-15T08:24:43Z</Time>
						<Position>
							<LatitudeDegrees>13.220186</LatitudeDegrees>
							<LongitudeDegrees>100.964950</LongitudeDegrees>
						</Position>
						<AltitudeMeters>39.140000</AltitudeMeters>
						<HeartRateBpm>
							<Value>107</Value>
						</HeartRateBpm>
						<Cadence>52</Cadence>
						<Extensions>
							<ns3:TPX>
								<ns3:Speed>1.133790</ns3:Speed>
							</ns3:TPX>
						</Extensions>
					</Trackpoint>
					<Trackpoint>
						<Time>2569-03-15T08:24:44Z</Time>
						<Position>
							<LatitudeDegrees>13.220194</LatitudeDegrees>
							<LongitudeDegrees>100.964956</LongitudeDegrees>
						</Position>
						<AltitudeMeters>39.150000</AltitudeMeters>
						<HeartRateBpm>
							<Value>108</Value>
						</HeartRateBpm>
						<Cadence>52</Cadence>
						<Extensions>
							<ns3:TPX>
								<ns3:Speed>1.133790</ns3:Speed>
							</ns3:TPX>
						</Extensions>
					</Trackpoint>
					<Trackpoint>
						<Time>2569-03-15T08:24:45Z</Time>
						<Position>
							<LatitudeDegrees>13.220203</LatitudeDegrees>
							<LongitudeDegrees>100.964963</LongitudeDegrees>
						</Position>
						<AltitudeMeters>39.160000</AltitudeMeters>
						<HeartRateBpm>
							<Value>108</Value>
						</HeartRateBpm>
						<Cadence>52</Cadence>
						<Extensions>
							<ns3:TPX>
								<ns3:Speed>1.133790</ns3:Speed>
							</ns3:TPX>
						</Extensions>
					</Trackpoint>
					<Trackpoint>
						<Time>2569-03-15T08:24:46Z</Time>
						<Position>
							<LatitudeDegrees>13.220212</LatitudeDegrees>
							<LongitudeDegrees>100.964969</LongitudeDegrees>
						</Position>
						<AltitudeMeters>39.160000</AltitudeMeters>
						<HeartRateBpm>
							<Value>108</Value>
						</HeartRateBpm>
						<Cadence>52</Cadence>
						<Extensions>
							<ns3:TPX>
								<ns3:Speed>1.133790</ns3:Speed>
							</ns3:TPX>
						</Extensions>
					</Trackpoint>
					<Trackpoint>
						<Time>2569-03-15T08:24:47Z</Time>
						<Position>
							<LatitudeDegrees>13.220221</LatitudeDegrees>
							<LongitudeDegrees>100.964976</LongitudeDegrees>
						</Position>
						<AltitudeMeters>39.170000</AltitudeMeters>
						<HeartRateBpm>
							<Value>108</Value>
						</HeartRateBpm>
						<Cadence>52</Cadence>
						<Extensions>
							<ns3:TPX>
								<ns3:Speed>1.133790</ns3:Speed>
							</ns3:TPX>
						</Extensions>
					</Trackpoint>
					<Trackpoint>
						<Time>2569-03-15T08:24:48Z</Time>
						<Position>
							<LatitudeDegrees>13.220230</LatitudeDegrees>
							<LongitudeDegrees>100.964982</LongitudeDegrees>
						</Position>
						<AltitudeMeters>39.170000</AltitudeMeters>
						<HeartRateBpm>
							<Value>107</Value>
						</HeartRateBpm>
						<Cadence>52</Cadence>
						<Extensions>
							<ns3:TPX>
								<ns3:Speed>1.133790</ns3:Speed>
							</ns3:TPX>
						</Extensions>
					</Trackpoint>
					<Trackpoint>
						<Time>2569-03-15T08:24:49Z</Time>
						<Position>
							<LatitudeDegrees>13.220238</LatitudeDegrees>
							<LongitudeDegrees>100.964989</LongitudeDegrees>
						</Position>
						<AltitudeMeters>39.180000</AltitudeMeters>
						<HeartRateBpm>
							<Value>107</Value>
						</HeartRateBpm>
						<Cadence>52</Cadence>
						<Extensions>
							<ns3:TPX>
								<ns3:Speed>1.135070</ns3:Speed>
							</ns3:TPX>
						</Extensions>
					</Trackpoint>
					<Trackpoint>
						<Time>2569-03-15T08:24:50Z</Time>
						<Position>
							<LatitudeDegrees>13.220247</LatitudeDegrees>
							<LongitudeDegrees>100.964995</LongitudeDegrees>
						</Position>
						<AltitudeMeters>39.180000</AltitudeMeters>
						<HeartRateBpm>
							<Value>108</Value>
						</HeartRateBpm>
						<Cadence>51</Cadence>
						<Extensions>
							<ns3:TPX>
								<ns3:Speed>1.135070</ns3:Speed>
							</ns3:TPX>
						</Extensions>
					</Trackpoint>
					<Trackpoint>
						<Time>2569-03-15T08:24:51Z</Time>
						<Position>
							<LatitudeDegrees>13.220255</LatitudeDegrees>
							<LongitudeDegrees>100.965001</LongitudeDegrees>
						</Position>
						<AltitudeMeters>39.190000</AltitudeMeters>
						<HeartRateBpm>
							<Value>108</Value>
						</HeartRateBpm>
						<Cadence>51</Cadence>
						<Extensions>
							<ns3:TPX>
								<ns3:Speed>1.135070</ns3:Speed>
							</ns3:TPX>
						</Extensions>
					</Trackpoint>
					<Trackpoint>
						<Time>2569-03-15T08:24:52Z</Time>
						<Position>
							<LatitudeDegrees>13.220264</LatitudeDegrees>
							<LongitudeDegrees>100.965007</LongitudeDegrees>
						</Position>
						<AltitudeMeters>39.190000</AltitudeMeters>
						<HeartRateBpm>
							<Value>108</Value>
						</HeartRateBpm>
						<Cadence>51</Cadence>
						<Extensions>
							<ns3:TPX>
								<ns3:Speed>1.135070</ns3:Speed>
							</ns3:TPX>
						</Extensions>
					</Trackpoint>
					<Trackpoint>
						<Time>2569-03-15T08:24:53Z</Time>
						<Position>
							<LatitudeDegrees>13.220272</LatitudeDegrees>
							<LongitudeDegrees>100.965013</LongitudeDegrees>
						</Position>
						<AltitudeMeters>39.190000</AltitudeMeters>
						<HeartRateBpm>
							<Value>109</Value>
						</HeartRateBpm>
						<Cadence>51</Cadence>
						<Extensions>
							<ns3:TPX>
								<ns3:Speed>1.135070</ns3:Speed>
							</ns3:TPX>
						</Extensions>
					</Trackpoint>
					<Trackpoint>
						<Time>2569-03-15T08:24:54Z</Time>
						<Position>
							<LatitudeDegrees>13.220282</LatitudeDegrees>
							<LongitudeDegrees>100.965019</LongitudeDegrees>
						</Position>
						<AltitudeMeters>39.200000</AltitudeMeters>
						<HeartRateBpm>
							<Value>110</Value>
						</HeartRateBpm>
						<Cadence>51</Cadence>
						<Extensions>
							<ns3:TPX>
								<ns3:Speed>1.135070</ns3:Speed>
							</ns3:TPX>
						</Extensions>
					</Trackpoint>
					<Trackpoint>
						<Time>2569-03-15T08:24:55Z</Time>
						<Position>
							<LatitudeDegrees>13.220291</LatitudeDegrees>
							<LongitudeDegrees>100.965025</LongitudeDegrees>
						</Position>
						<AltitudeMeters>39.200000</AltitudeMeters>
						<HeartRateBpm>
							<Value>110</Value>
						</HeartRateBpm>
						<Cadence>52</Cadence>
						<Extensions>
							<ns3:TPX>
								<ns3:Speed>1.135070</ns3:Speed>
							</ns3:TPX>
						</Extensions>
					</Trackpoint>
					<Trackpoint>
						<Time>2569-03-15T08:24:56Z</Time>
						<Position>
							<LatitudeDegrees>13.220298</LatitudeDegrees>
							<LongitudeDegrees>100.965031</LongitudeDegrees>
						</Position>
						<AltitudeMeters>39.210000</AltitudeMeters>
						<HeartRateBpm>
							<Value>111</Value>
						</HeartRateBpm>
						<Cadence>52</Cadence>
						<Extensions>
							<ns3:TPX>
								<ns3:Speed>1.135070</ns3:Speed>
							</ns3:TPX>
						</Extensions>
					</Trackpoint>
					<Trackpoint>
						<Time>2569-03-15T08:24:57Z</Time>
						<Position>
							<LatitudeDegrees>13.220306</LatitudeDegrees>
							<LongitudeDegrees>100.965037</LongitudeDegrees>
						</Position>
						<AltitudeMeters>39.220000</AltitudeMeters>
						<HeartRateBpm>
							<Value>111</Value>
						</HeartRateBpm>
						<Cadence>52</Cadence>
						<Extensions>
							<ns3:TPX>
								<ns3:Speed>1.133790</ns3:Speed>
							</ns3:TPX>
						</Extensions>
					</Trackpoint>
					<Trackpoint>
						<Time>2569-03-15T08:24:58Z</Time>
						<Position>
							<LatitudeDegrees>13.220313</LatitudeDegrees>
							<LongitudeDegrees>100.965043</LongitudeDegrees>
						</Position>
						<AltitudeMeters>39.220000</AltitudeMeters>
						<HeartRateBpm>
							<Value>111</Value>
						</HeartRateBpm>
						<Cadence>52</Cadence>
						<Extensions>
							<ns3:TPX>
								<ns3:Speed>1.133790</ns3:Speed>
							</ns3:TPX>
						</Extensions>
					</Trackpoint>
					<Trackpoint>
						<Time>2569-03-15T08:24:59Z</Time>
						<Position>
							<LatitudeDegrees>13.220321</LatitudeDegrees>
							<LongitudeDegrees>100.965049</LongitudeDegrees>
						</Position>
						<AltitudeMeters>39.220000</AltitudeMeters>
						<HeartRateBpm>
							<Value>111</Value>
						</HeartRateBpm>
						<Cadence>52</Cadence>
						<Extensions>
							<ns3:TPX>
								<ns3:Speed>1.133790</ns3:Speed>
							</ns3:TPX>
						</Extensions>
					</Trackpoint>
					<Trackpoint>
						<Time>2569-03-15T08:25:00Z</Time>
						<Position>
							<LatitudeDegrees>13.220328</LatitudeDegrees>
							<LongitudeDegrees>100.965055</LongitudeDegrees>
						</Position>
						<AltitudeMeters>39.230000</AltitudeMeters>
						<HeartRateBpm>
							<Value>111</Value>
						</HeartRateBpm>
						<Cadence>52</Cadence>
						<Extensions>
							<ns3:TPX>
								<ns3:Speed>1.132500</ns3:Speed>
							</ns3:TPX>
						</Extensions>
					</Trackpoint>
					<Trackpoint>
						<Time>2569-03-15T08:25:01Z</Time>
						<Position>
							<LatitudeDegrees>13.220337</LatitudeDegrees>
							<LongitudeDegrees>100.965062</LongitudeDegrees>
						</Position>
						<AltitudeMeters>39.230000</AltitudeMeters>
						<HeartRateBpm>
							<Value>112</Value>
						</HeartRateBpm>
						<Cadence>52</Cadence>
						<Extensions>
							<ns3:TPX>
								<ns3:Speed>1.129940</ns3:Speed>
							</ns3:TPX>
						</Extensions>
					</Trackpoint>
					<Trackpoint>
						<Time>2569-03-15T08:25:02Z</Time>
						<Position>
							<LatitudeDegrees>13.220345</LatitudeDegrees>
							<LongitudeDegrees>100.965070</LongitudeDegrees>
						</Position>
						<AltitudeMeters>39.240000</AltitudeMeters>
						<HeartRateBpm>
							<Value>112</Value>
						</HeartRateBpm>
						<Cadence>52</Cadence>
						<Extensions>
							<ns3:TPX>
								<ns3:Speed>1.128670</ns3:Speed>
							</ns3:TPX>
						</Extensions>
					</Trackpoint>
					<Trackpoint>
						<Time>2569-03-15T08:25:03Z</Time>
						<Position>
							<LatitudeDegrees>13.220353</LatitudeDegrees>
							<LongitudeDegrees>100.965077</LongitudeDegrees>
						</Position>
						<AltitudeMeters>39.240000</AltitudeMeters>
						<HeartRateBpm>
							<Value>113</Value>
						</HeartRateBpm>
						<Cadence>52</Cadence>
						<Extensions>
							<ns3:TPX>
								<ns3:Speed>1.127400</ns3:Speed>
							</ns3:TPX>
						</Extensions>
					</Trackpoint>
					<Trackpoint>
						<Time>2569-03-15T08:25:04Z</Time>
						<Position>
							<LatitudeDegrees>13.220361</LatitudeDegrees>
							<LongitudeDegrees>100.965084</LongitudeDegrees>
						</Position>
						<AltitudeMeters>39.250000</AltitudeMeters>
						<HeartRateBpm>
							<Value>113</Value>
						</HeartRateBpm>
						<Cadence>51</Cadence>
						<Extensions>
							<ns3:TPX>
								<ns3:Speed>1.127400</ns3:Speed>
							</ns3:TPX>
						</Extensions>
					</Trackpoint>
					<Trackpoint>
						<Time>2569-03-15T08:25:05Z</Time>
						<Position>
							<LatitudeDegrees>13.220370</LatitudeDegrees>
							<LongitudeDegrees>100.965091</LongitudeDegrees>
						</Position>
						<AltitudeMeters>39.250000</AltitudeMeters>
						<HeartRateBpm>
							<Value>113</Value>
						</HeartRateBpm>
						<Cadence>51</Cadence>
						<Extensions>
							<ns3:TPX>
								<ns3:Speed>1.127400</ns3:Speed>
							</ns3:TPX>
						</Extensions>
					</Trackpoint>
					<Trackpoint>
						<Time>2569-03-15T08:25:06Z</Time>
						<Position>
							<LatitudeDegrees>13.220377</LatitudeDegrees>
							<LongitudeDegrees>100.965097</LongitudeDegrees>
						</Position>
						<AltitudeMeters>39.250000</AltitudeMeters>
						<HeartRateBpm>
							<Value>115</Value>
						</HeartRateBpm>
						<Cadence>52</Cadence>
						<Extensions>
							<ns3:TPX>
								<ns3:Speed>1.127400</ns3:Speed>
							</ns3:TPX>
						</Extensions>
					</Trackpoint>
					<Trackpoint>
						<Time>2569-03-15T08:25:07Z</Time>
						<Position>
							<LatitudeDegrees>13.220384</LatitudeDegrees>
							<LongitudeDegrees>100.965104</LongitudeDegrees>
						</Position>
						<AltitudeMeters>39.260000</AltitudeMeters>
						<HeartRateBpm>
							<Value>115</Value>
						</HeartRateBpm>
						<Cadence>52</Cadence>
						<Extensions>
							<ns3:TPX>
								<ns3:Speed>1.127400</ns3:Speed>
							</ns3:TPX>
						</Extensions>
					</Trackpoint>
					<Trackpoint>
						<Time>2569-03-15T08:25:08Z</Time>
						<Position>
							<LatitudeDegrees>13.220392</LatitudeDegrees>
							<LongitudeDegrees>100.965110</LongitudeDegrees>
						</Position>
						<AltitudeMeters>39.270000</AltitudeMeters>
						<HeartRateBpm>
							<Value>115</Value>
						</HeartRateBpm>
						<Cadence>52</Cadence>
						<Extensions>
							<ns3:TPX>
								<ns3:Speed>1.127400</ns3:Speed>
							</ns3:TPX>
						</Extensions>
					</Trackpoint>
					<Trackpoint>
						<Time>2569-03-15T08:25:09Z</Time>
						<Position>
							<LatitudeDegrees>13.220400</LatitudeDegrees>
							<LongitudeDegrees>100.965118</LongitudeDegrees>
						</Position>
						<AltitudeMeters>39.280000</AltitudeMeters>
						<HeartRateBpm>
							<Value>114</Value>
						</HeartRateBpm>
						<Cadence>52</Cadence>
						<Extensions>
							<ns3:TPX>
								<ns3:Speed>1.127400</ns3:Speed>
							</ns3:TPX>
						</Extensions>
					</Trackpoint>
					<Trackpoint>
						<Time>2569-03-15T08:25:10Z</Time>
						<Position>
							<LatitudeDegrees>13.220408</LatitudeDegrees>
							<LongitudeDegrees>100.965125</LongitudeDegrees>
						</Position>
						<AltitudeMeters>39.280000</AltitudeMeters>
						<HeartRateBpm>
							<Value>113</Value>
						</HeartRateBpm>
						<Cadence>52</Cadence>
						<Extensions>
							<ns3:TPX>
								<ns3:Speed>1.127400</ns3:Speed>
							</ns3:TPX>
						</Extensions>
					</Trackpoint>
					<Trackpoint>
						<Time>2569-03-15T08:25:11Z</Time>
						<Position>
							<LatitudeDegrees>13.220417</LatitudeDegrees>
							<LongitudeDegrees>100.965132</LongitudeDegrees>
						</Position>
						<AltitudeMeters>39.300000</AltitudeMeters>
						<HeartRateBpm>
							<Value>112</Value>
						</HeartRateBpm>
						<Cadence>52</Cadence>
						<Extensions>
							<ns3:TPX>
								<ns3:Speed>1.126130</ns3:Speed>
							</ns3:TPX>
						</Extensions>
					</Trackpoint>
					<Trackpoint>
						<Time>2569-03-15T08:25:12Z</Time>
						<Position>
							<LatitudeDegrees>13.220426</LatitudeDegrees>
							<LongitudeDegrees>100.965140</LongitudeDegrees>
						</Position>
						<AltitudeMeters>39.310000</AltitudeMeters>
						<HeartRateBpm>
							<Value>112</Value>
						</HeartRateBpm>
						<Cadence>52</Cadence>
						<Extensions>
							<ns3:TPX>
								<ns3:Speed>1.127400</ns3:Speed>
							</ns3:TPX>
						</Extensions>
					</Trackpoint>
					<Trackpoint>
						<Time>2569-03-15T08:25:13Z</Time>
						<Position>
							<LatitudeDegrees>13.220435</LatitudeDegrees>
							<LongitudeDegrees>100.965147</LongitudeDegrees>
						</Position>
						<AltitudeMeters>39.310000</AltitudeMeters>
						<HeartRateBpm>
							<Value>111</Value>
						</HeartRateBpm>
						<Cadence>52</Cadence>
						<Extensions>
							<ns3:TPX>
								<ns3:Speed>1.127400</ns3:Speed>
							</ns3:TPX>
						</Extensions>
					</Trackpoint>
					<Trackpoint>
						<Time>2569-03-15T08:25:14Z</Time>
						<Position>
							<LatitudeDegrees>13.220443</LatitudeDegrees>
							<LongitudeDegrees>100.965153</LongitudeDegrees>
						</Position>
						<AltitudeMeters>39.320000</AltitudeMeters>
						<HeartRateBpm>
							<Value>111</Value>
						</HeartRateBpm>
						<Cadence>53</Cadence>
						<Extensions>
							<ns3:TPX>
								<ns3:Speed>1.128670</ns3:Speed>
							</ns3:TPX>
						</Extensions>
					</Trackpoint>
					<Trackpoint>
						<Time>2569-03-15T08:25:15Z</Time>
						<Position>
							<LatitudeDegrees>13.220451</LatitudeDegrees>
							<LongitudeDegrees>100.965160</LongitudeDegrees>
						</Position>
						<AltitudeMeters>39.330000</AltitudeMeters>
						<HeartRateBpm>
							<Value>112</Value>
						</HeartRateBpm>
						<Cadence>53</Cadence>
						<Extensions>
							<ns3:TPX>
								<ns3:Speed>1.128670</ns3:Speed>
							</ns3:TPX>
						</Extensions>
					</Trackpoint>
					<Trackpoint>
						<Time>2569-03-15T08:25:16Z</Time>
						<Position>
							<LatitudeDegrees>13.220459</LatitudeDegrees>
							<LongitudeDegrees>100.965167</LongitudeDegrees>
						</Position>
						<AltitudeMeters>39.340000</AltitudeMeters>
						<HeartRateBpm>
							<Value>112</Value>
						</HeartRateBpm>
						<Cadence>54</Cadence>
						<Extensions>
							<ns3:TPX>
								<ns3:Speed>1.129940</ns3:Speed>
							</ns3:TPX>
						</Extensions>
					</Trackpoint>
					<Trackpoint>
						<Time>2569-03-15T08:25:17Z</Time>
						<Position>
							<LatitudeDegrees>13.220467</LatitudeDegrees>
							<LongitudeDegrees>100.965175</LongitudeDegrees>
						</Position>
						<AltitudeMeters>39.350000</AltitudeMeters>
						<HeartRateBpm>
							<Value>112</Value>
						</HeartRateBpm>
						<Cadence>53</Cadence>
						<Extensions>
							<ns3:TPX>
								<ns3:Speed>1.131220</ns3:Speed>
							</ns3:TPX>
						</Extensions>
					</Trackpoint>
					<Trackpoint>
						<Time>2569-03-15T08:25:18Z</Time>
						<Position>
							<LatitudeDegrees>13.220474</LatitudeDegrees>
							<LongitudeDegrees>100.965183</LongitudeDegrees>
						</Position>
						<AltitudeMeters>39.360000</AltitudeMeters>
						<HeartRateBpm>
							<Value>113</Value>
						</HeartRateBpm>
						<Cadence>53</Cadence>
						<Extensions>
							<ns3:TPX>
								<ns3:Speed>1.132500</ns3:Speed>
							</ns3:TPX>
						</Extensions>
					</Trackpoint>
					<Trackpoint>
						<Time>2569-03-15T08:25:19Z</Time>
						<Position>
							<LatitudeDegrees>13.220482</LatitudeDegrees>
							<LongitudeDegrees>100.965189</LongitudeDegrees>
						</Position>
						<AltitudeMeters>39.370000</AltitudeMeters>
						<HeartRateBpm>
							<Value>113</Value>
						</HeartRateBpm>
						<Cadence>53</Cadence>
						<Extensions>
							<ns3:TPX>
								<ns3:Speed>1.132500</ns3:Speed>
							</ns3:TPX>
						</Extensions>
					</Trackpoint>
					<Trackpoint>
						<Time>2569-03-15T08:25:20Z</Time>
						<Position>
							<LatitudeDegrees>13.220491</LatitudeDegrees>
							<LongitudeDegrees>100.965196</LongitudeDegrees>
						</Position>
						<AltitudeMeters>39.370000</AltitudeMeters>
						<HeartRateBpm>
							<Value>113</Value>
						</HeartRateBpm>
						<Cadence>53</Cadence>
						<Extensions>
							<ns3:TPX>
								<ns3:Speed>1.132500</ns3:Speed>
							</ns3:TPX>
						</Extensions>
					</Trackpoint>
					<Trackpoint>
						<Time>2569-03-15T08:25:21Z</Time>
						<Position>
							<LatitudeDegrees>13.220499</LatitudeDegrees>
							<LongitudeDegrees>100.965202</LongitudeDegrees>
						</Position>
						<AltitudeMeters>39.380000</AltitudeMeters>
						<HeartRateBpm>
							<Value>113</Value>
						</HeartRateBpm>
						<Cadence>53</Cadence>
						<Extensions>
							<ns3:TPX>
								<ns3:Speed>1.133790</ns3:Speed>
							</ns3:TPX>
						</Extensions>
					</Trackpoint>
					<Trackpoint>
						<Time>2569-03-15T08:25:22Z</Time>
						<Position>
							<LatitudeDegrees>13.220507</LatitudeDegrees>
							<LongitudeDegrees>100.965209</LongitudeDegrees>
						</Position>
						<AltitudeMeters>39.380000</AltitudeMeters>
						<HeartRateBpm>
							<Value>113</Value>
						</HeartRateBpm>
						<Cadence>54</Cadence>
						<Extensions>
							<ns3:TPX>
								<ns3:Speed>1.133790</ns3:Speed>
							</ns3:TPX>
						</Extensions>
					</Trackpoint>
					<Trackpoint>
						<Time>2569-03-15T08:25:23Z</Time>
						<Position>
							<LatitudeDegrees>13.220514</LatitudeDegrees>
							<LongitudeDegrees>100.965215</LongitudeDegrees>
						</Position>
						<AltitudeMeters>39.390000</AltitudeMeters>
						<HeartRateBpm>
							<Value>113</Value>
						</HeartRateBpm>
						<Cadence>54</Cadence>
						<Extensions>
							<ns3:TPX>
								<ns3:Speed>1.133790</ns3:Speed>
							</ns3:TPX>
						</Extensions>
					</Trackpoint>
					<Trackpoint>
						<Time>2569-03-15T08:25:24Z</Time>
						<Position>
							<LatitudeDegrees>13.220521</LatitudeDegrees>
							<LongitudeDegrees>100.965220</LongitudeDegrees>
						</Position>
						<AltitudeMeters>39.390000</AltitudeMeters>
						<HeartRateBpm>
							<Value>113</Value>
						</HeartRateBpm>
						<Cadence>53</Cadence>
						<Extensions>
							<ns3:TPX>
								<ns3:Speed>1.133790</ns3:Speed>
							</ns3:TPX>
						</Extensions>
					</Trackpoint>
					<Trackpoint>
						<Time>2569-03-15T08:25:25Z</Time>
						<Position>
							<LatitudeDegrees>13.220527</LatitudeDegrees>
							<LongitudeDegrees>100.965226</LongitudeDegrees>
						</Position>
						<AltitudeMeters>39.390000</AltitudeMeters>
						<HeartRateBpm>
							<Value>112</Value>
						</HeartRateBpm>
						<Cadence>53</Cadence>
						<Extensions>
							<ns3:TPX>
								<ns3:Speed>1.132500</ns3:Speed>
							</ns3:TPX>
						</Extensions>
					</Trackpoint>
					<Trackpoint>
						<Time>2569-03-15T08:25:26Z</Time>
						<Position>
							<LatitudeDegrees>13.220533</LatitudeDegrees>
							<LongitudeDegrees>100.965232</LongitudeDegrees>
						</Position>
						<AltitudeMeters>39.390000</AltitudeMeters>
						<HeartRateBpm>
							<Value>112</Value>
						</HeartRateBpm>
						<Cadence>52</Cadence>
						<Extensions>
							<ns3:TPX>
								<ns3:Speed>1.131220</ns3:Speed>
							</ns3:TPX>
						</Extensions>
					</Trackpoint>
					<Trackpoint>
						<Time>2569-03-15T08:25:27Z</Time>
						<Position>
							<LatitudeDegrees>13.220539</LatitudeDegrees>
							<LongitudeDegrees>100.965238</LongitudeDegrees>
						</Position>
						<AltitudeMeters>39.400000</AltitudeMeters>
						<HeartRateBpm>
							<Value>111</Value>
						</HeartRateBpm>
						<Cadence>51</Cadence>
						<Extensions>
							<ns3:TPX>
								<ns3:Speed>1.128670</ns3:Speed>
							</ns3:TPX>
						</Extensions>
					</Trackpoint>
					<Trackpoint>
						<Time>2569-03-15T08:25:28Z</Time>
						<Position>
							<LatitudeDegrees>13.220545</LatitudeDegrees>
							<LongitudeDegrees>100.965244</LongitudeDegrees>
						</Position>
						<AltitudeMeters>39.400000</AltitudeMeters>
						<HeartRateBpm>
							<Value>111</Value>
						</HeartRateBpm>
						<Cadence>51</Cadence>
						<Extensions>
							<ns3:TPX>
								<ns3:Speed>1.124860</ns3:Speed>
							</ns3:TPX>
						</Extensions>
					</Trackpoint>
					<Trackpoint>
						<Time>2569-03-15T08:25:29Z</Time>
						<Position>
							<LatitudeDegrees>13.220552</LatitudeDegrees>
							<LongitudeDegrees>100.965250</LongitudeDegrees>
						</Position>
						<AltitudeMeters>39.400000</AltitudeMeters>
						<HeartRateBpm>
							<Value>110</Value>
						</HeartRateBpm>
						<Cadence>51</Cadence>
						<Extensions>
							<ns3:TPX>
								<ns3:Speed>1.121080</ns3:Speed>
							</ns3:TPX>
						</Extensions>
					</Trackpoint>
					<Trackpoint>
						<Time>2569-03-15T08:25:30Z</Time>
						<Position>
							<LatitudeDegrees>13.220559</LatitudeDegrees>
							<LongitudeDegrees>100.965255</LongitudeDegrees>
						</Position>
						<AltitudeMeters>39.410000</AltitudeMeters>
						<HeartRateBpm>
							<Value>110</Value>
						</HeartRateBpm>
						<Cadence>50</Cadence>
						<Extensions>
							<ns3:TPX>
								<ns3:Speed>1.117320</ns3:Speed>
							</ns3:TPX>
						</Extensions>
					</Trackpoint>
					<Trackpoint>
						<Time>2569-03-15T08:25:31Z</Time>
						<Position>
							<LatitudeDegrees>13.220567</LatitudeDegrees>
							<LongitudeDegrees>100.965260</LongitudeDegrees>
						</Position>
						<AltitudeMeters>39.410000</AltitudeMeters>
						<HeartRateBpm>
							<Value>110</Value>
						</HeartRateBpm>
						<Cadence>50</Cadence>
						<Extensions>
							<ns3:TPX>
								<ns3:Speed>1.113590</ns3:Speed>
							</ns3:TPX>
						</Extensions>
					</Trackpoint>
					<Trackpoint>
						<Time>2569-03-15T08:25:32Z</Time>
						<Position>
							<LatitudeDegrees>13.220575</LatitudeDegrees>
							<LongitudeDegrees>100.965266</LongitudeDegrees>
						</Position>
						<AltitudeMeters>39.410000</AltitudeMeters>
						<HeartRateBpm>
							<Value>110</Value>
						</HeartRateBpm>
						<Cadence>50</Cadence>
						<Extensions>
							<ns3:TPX>
								<ns3:Speed>1.109880</ns3:Speed>
							</ns3:TPX>
						</Extensions>
					</Trackpoint>
					<Trackpoint>
						<Time>2569-03-15T08:25:33Z</Time>
						<Position>
							<LatitudeDegrees>13.220583</LatitudeDegrees>
							<LongitudeDegrees>100.965271</LongitudeDegrees>
						</Position>
						<AltitudeMeters>39.410000</AltitudeMeters>
						<HeartRateBpm>
							<Value>109</Value>
						</HeartRateBpm>
						<Cadence>50</Cadence>
						<Extensions>
							<ns3:TPX>
								<ns3:Speed>1.106190</ns3:Speed>
							</ns3:TPX>
						</Extensions>
					</Trackpoint>
					<Trackpoint>
						<Time>2569-03-15T08:25:34Z</Time>
						<Position>
							<LatitudeDegrees>13.220591</LatitudeDegrees>
							<LongitudeDegrees>100.965277</LongitudeDegrees>
						</Position>
						<AltitudeMeters>39.410000</AltitudeMeters>
						<HeartRateBpm>
							<Value>109</Value>
						</HeartRateBpm>
						<Cadence>51</Cadence>
						<Extensions>
							<ns3:TPX>
								<ns3:Speed>1.103750</ns3:Speed>
							</ns3:TPX>
						</Extensions>
					</Trackpoint>
					<Trackpoint>
						<Time>2569-03-15T08:25:35Z</Time>
						<Position>
							<LatitudeDegrees>13.220599</LatitudeDegrees>
							<LongitudeDegrees>100.965283</LongitudeDegrees>
						</Position>
						<AltitudeMeters>39.420000</AltitudeMeters>
						<HeartRateBpm>
							<Value>110</Value>
						</HeartRateBpm>
						<Cadence>51</Cadence>
						<Extensions>
							<ns3:TPX>
								<ns3:Speed>1.101320</ns3:Speed>
							</ns3:TPX>
						</Extensions>
					</Trackpoint>
					<Trackpoint>
						<Time>2569-03-15T08:25:36Z</Time>
						<Position>
							<LatitudeDegrees>13.220607</LatitudeDegrees>
							<LongitudeDegrees>100.965289</LongitudeDegrees>
						</Position>
						<AltitudeMeters>39.420000</AltitudeMeters>
						<HeartRateBpm>
							<Value>110</Value>
						</HeartRateBpm>
						<Cadence>52</Cadence>
						<Extensions>
							<ns3:TPX>
								<ns3:Speed>1.098900</ns3:Speed>
							</ns3:TPX>
						</Extensions>
					</Trackpoint>
					<Trackpoint>
						<Time>2569-03-15T08:25:37Z</Time>
						<Position>
							<LatitudeDegrees>13.220617</LatitudeDegrees>
							<LongitudeDegrees>100.965296</LongitudeDegrees>
						</Position>
						<AltitudeMeters>39.430000</AltitudeMeters>
						<HeartRateBpm>
							<Value>109</Value>
						</HeartRateBpm>
						<Cadence>52</Cadence>
						<Extensions>
							<ns3:TPX>
								<ns3:Speed>1.097690</ns3:Speed>
							</ns3:TPX>
						</Extensions>
					</Trackpoint>
					<Trackpoint>
						<Time>2569-03-15T08:25:38Z</Time>
						<Position>
							<LatitudeDegrees>13.220625</LatitudeDegrees>
							<LongitudeDegrees>100.965302</LongitudeDegrees>
						</Position>
						<AltitudeMeters>39.430000</AltitudeMeters>
						<HeartRateBpm>
							<Value>109</Value>
						</HeartRateBpm>
						<Cadence>52</Cadence>
						<Extensions>
							<ns3:TPX>
								<ns3:Speed>1.096490</ns3:Speed>
							</ns3:TPX>
						</Extensions>
					</Trackpoint>
					<Trackpoint>
						<Time>2569-03-15T08:25:39Z</Time>
						<Position>
							<LatitudeDegrees>13.220634</LatitudeDegrees>
							<LongitudeDegrees>100.965309</LongitudeDegrees>
						</Position>
						<AltitudeMeters>39.440000</AltitudeMeters>
						<HeartRateBpm>
							<Value>108</Value>
						</HeartRateBpm>
						<Cadence>52</Cadence>
						<Extensions>
							<ns3:TPX>
								<ns3:Speed>1.096490</ns3:Speed>
							</ns3:TPX>
						</Extensions>
					</Trackpoint>
					<Trackpoint>
						<Time>2569-03-15T08:25:40Z</Time>
						<Position>
							<LatitudeDegrees>13.220642</LatitudeDegrees>
							<LongitudeDegrees>100.965315</LongitudeDegrees>
						</Position>
						<AltitudeMeters>39.450000</AltitudeMeters>
						<HeartRateBpm>
							<Value>108</Value>
						</HeartRateBpm>
						<Cadence>52</Cadence>
						<Extensions>
							<ns3:TPX>
								<ns3:Speed>1.096490</ns3:Speed>
							</ns3:TPX>
						</Extensions>
					</Trackpoint>
					<Trackpoint>
						<Time>2569-03-15T08:25:41Z</Time>
						<Position>
							<LatitudeDegrees>13.220649</LatitudeDegrees>
							<LongitudeDegrees>100.965323</LongitudeDegrees>
						</Position>
						<AltitudeMeters>39.460000</AltitudeMeters>
						<HeartRateBpm>
							<Value>109</Value>
						</HeartRateBpm>
						<Cadence>52</Cadence>
						<Extensions>
							<ns3:TPX>
								<ns3:Speed>1.096490</ns3:Speed>
							</ns3:TPX>
						</Extensions>
					</Trackpoint>
					<Trackpoint>
						<Time>2569-03-15T08:25:42Z</Time>
						<Position>
							<LatitudeDegrees>13.220657</LatitudeDegrees>
							<LongitudeDegrees>100.965330</LongitudeDegrees>
						</Position>
						<AltitudeMeters>39.460000</AltitudeMeters>
						<HeartRateBpm>
							<Value>109</Value>
						</HeartRateBpm>
						<Cadence>52</Cadence>
						<Extensions>
							<ns3:TPX>
								<ns3:Speed>1.097690</ns3:Speed>
							</ns3:TPX>
						</Extensions>
					</Trackpoint>
					<Trackpoint>
						<Time>2569-03-15T08:25:43Z</Time>
						<Position>
							<LatitudeDegrees>13.220664</LatitudeDegrees>
							<LongitudeDegrees>100.965336</LongitudeDegrees>
						</Position>
						<AltitudeMeters>39.470000</AltitudeMeters>
						<HeartRateBpm>
							<Value>109</Value>
						</HeartRateBpm>
						<Cadence>52</Cadence>
						<Extensions>
							<ns3:TPX>
								<ns3:Speed>1.097690</ns3:Speed>
							</ns3:TPX>
						</Extensions>
					</Trackpoint>
					<Trackpoint>
						<Time>2569-03-15T08:25:44Z</Time>
						<Position>
							<LatitudeDegrees>13.220671</LatitudeDegrees>
							<LongitudeDegrees>100.965343</LongitudeDegrees>
						</Position>
						<AltitudeMeters>39.480000</AltitudeMeters>
						<HeartRateBpm>
							<Value>110</Value>
						</HeartRateBpm>
						<Cadence>52</Cadence>
						<Extensions>
							<ns3:TPX>
								<ns3:Speed>1.097690</ns3:Speed>
							</ns3:TPX>
						</Extensions>
					</Trackpoint>
					<Trackpoint>
						<Time>2569-03-15T08:25:45Z</Time>
						<Position>
							<LatitudeDegrees>13.220679</LatitudeDegrees>
							<LongitudeDegrees>100.965350</LongitudeDegrees>
						</Position>
						<AltitudeMeters>39.490000</AltitudeMeters>
						<HeartRateBpm>
							<Value>111</Value>
						</HeartRateBpm>
						<Cadence>52</Cadence>
						<Extensions>
							<ns3:TPX>
								<ns3:Speed>1.097690</ns3:Speed>
							</ns3:TPX>
						</Extensions>
					</Trackpoint>
					<Trackpoint>
						<Time>2569-03-15T08:25:46Z</Time>
						<Position>
							<LatitudeDegrees>13.220686</LatitudeDegrees>
							<LongitudeDegrees>100.965357</LongitudeDegrees>
						</Position>
						<AltitudeMeters>39.490000</AltitudeMeters>
						<HeartRateBpm>
							<Value>111</Value>
						</HeartRateBpm>
						<Cadence>52</Cadence>
						<Extensions>
							<ns3:TPX>
								<ns3:Speed>1.097690</ns3:Speed>
							</ns3:TPX>
						</Extensions>
					</Trackpoint>
					<Trackpoint>
						<Time>2569-03-15T08:25:47Z</Time>
						<Position>
							<LatitudeDegrees>13.220693</LatitudeDegrees>
							<LongitudeDegrees>100.965363</LongitudeDegrees>
						</Position>
						<AltitudeMeters>39.500000</AltitudeMeters>
						<HeartRateBpm>
							<Value>111</Value>
						</HeartRateBpm>
						<Cadence>52</Cadence>
						<Extensions>
							<ns3:TPX>
								<ns3:Speed>1.097690</ns3:Speed>
							</ns3:TPX>
						</Extensions>
					</Trackpoint>
					<Trackpoint>
						<Time>2569-03-15T08:25:48Z</Time>
						<Position>
							<LatitudeDegrees>13.220701</LatitudeDegrees>
							<LongitudeDegrees>100.965370</LongitudeDegrees>
						</Position>
						<AltitudeMeters>39.500000</AltitudeMeters>
						<HeartRateBpm>
							<Value>110</Value>
						</HeartRateBpm>
						<Cadence>52</Cadence>
						<Extensions>
							<ns3:TPX>
								<ns3:Speed>1.097690</ns3:Speed>
							</ns3:TPX>
						</Extensions>
					</Trackpoint>
					<Trackpoint>
						<Time>2569-03-15T08:25:49Z</Time>
						<Position>
							<LatitudeDegrees>13.220708</LatitudeDegrees>
							<LongitudeDegrees>100.965377</LongitudeDegrees>
						</Position>
						<AltitudeMeters>39.510000</AltitudeMeters>
						<HeartRateBpm>
							<Value>110</Value>
						</HeartRateBpm>
						<Cadence>51</Cadence>
						<Extensions>
							<ns3:TPX>
								<ns3:Speed>1.097690</ns3:Speed>
							</ns3:TPX>
						</Extensions>
					</Trackpoint>
					<Trackpoint>
						<Time>2569-03-15T08:25:50Z</Time>
						<Position>
							<LatitudeDegrees>13.220715</LatitudeDegrees>
							<LongitudeDegrees>100.965384</LongitudeDegrees>
						</Position>
						<AltitudeMeters>39.520000</AltitudeMeters>
						<HeartRateBpm>
							<Value>110</Value>
						</HeartRateBpm>
						<Cadence>52</Cadence>
						<Extensions>
							<ns3:TPX>
								<ns3:Speed>1.097690</ns3:Speed>
							</ns3:TPX>
						</Extensions>
					</Trackpoint>
					<Trackpoint>
						<Time>2569-03-15T08:25:51Z</Time>
						<Position>
							<LatitudeDegrees>13.220721</LatitudeDegrees>
							<LongitudeDegrees>100.965392</LongitudeDegrees>
						</Position>
						<AltitudeMeters>39.520000</AltitudeMeters>
						<HeartRateBpm>
							<Value>110</Value>
						</HeartRateBpm>
						<Cadence>52</Cadence>
						<Extensions>
							<ns3:TPX>
								<ns3:Speed>1.097690</ns3:Speed>
							</ns3:TPX>
						</Extensions>
					</Trackpoint>
					<Trackpoint>
						<Time>2569-03-15T08:25:52Z</Time>
						<Position>
							<LatitudeDegrees>13.220729</LatitudeDegrees>
							<LongitudeDegrees>100.965400</LongitudeDegrees>
						</Position>
						<AltitudeMeters>39.520000</AltitudeMeters>
						<HeartRateBpm>
							<Value>110</Value>
						</HeartRateBpm>
						<Cadence>52</Cadence>
						<Extensions>
							<ns3:TPX>
								<ns3:Speed>1.097690</ns3:Speed>
							</ns3:TPX>
						</Extensions>
					</Trackpoint>
					<Trackpoint>
						<Time>2569-03-15T08:25:53Z</Time>
						<Position>
							<LatitudeDegrees>13.220737</LatitudeDegrees>
							<LongitudeDegrees>100.965407</LongitudeDegrees>
						</Position>
						<AltitudeMeters>39.530000</AltitudeMeters>
						<HeartRateBpm>
							<Value>110</Value>
						</HeartRateBpm>
						<Cadence>52</Cadence>
						<Extensions>
							<ns3:TPX>
								<ns3:Speed>1.097690</ns3:Speed>
							</ns3:TPX>
						</Extensions>
					</Trackpoint>
					<Trackpoint>
						<Time>2569-03-15T08:25:54Z</Time>
						<Position>
							<LatitudeDegrees>13.220745</LatitudeDegrees>
							<LongitudeDegrees>100.965415</LongitudeDegrees>
						</Position>
						<AltitudeMeters>39.530000</AltitudeMeters>
						<HeartRateBpm>
							<Value>111</Value>
						</HeartRateBpm>
						<Cadence>53</Cadence>
						<Extensions>
							<ns3:TPX>
								<ns3:Speed>1.098900</ns3:Speed>
							</ns3:TPX>
						</Extensions>
					</Trackpoint>
					<Trackpoint>
						<Time>2569-03-15T08:25:55Z</Time>
						<Position>
							<LatitudeDegrees>13.220753</LatitudeDegrees>
							<LongitudeDegrees>100.965422</LongitudeDegrees>
						</Position>
						<AltitudeMeters>39.530000</AltitudeMeters>
						<HeartRateBpm>
							<Value>111</Value>
						</HeartRateBpm>
						<Cadence>53</Cadence>
						<Extensions>
							<ns3:TPX>
								<ns3:Speed>1.100110</ns3:Speed>
							</ns3:TPX>
						</Extensions>
					</Trackpoint>
					<Trackpoint>
						<Time>2569-03-15T08:25:57Z</Time>
						<Position>
							<LatitudeDegrees>13.220761</LatitudeDegrees>
							<LongitudeDegrees>100.965429</LongitudeDegrees>
						</Position>
						<AltitudeMeters>39.530000</AltitudeMeters>
						<HeartRateBpm>
							<Value>111</Value>
						</HeartRateBpm>
						<Cadence>53</Cadence>
						<Extensions>
							<ns3:TPX>
								<ns3:Speed>1.101320</ns3:Speed>
							</ns3:TPX>
						</Extensions>
					</Trackpoint>
					<Trackpoint>
						<Time>2569-03-15T08:25:58Z</Time>
						<Position>
							<LatitudeDegrees>13.220769</LatitudeDegrees>
							<LongitudeDegrees>100.965436</LongitudeDegrees>
						</Position>
						<AltitudeMeters>39.530000</AltitudeMeters>
						<HeartRateBpm>
							<Value>111</Value>
						</HeartRateBpm>
						<Cadence>53</Cadence>
						<Extensions>
							<ns3:TPX>
								<ns3:Speed>1.103750</ns3:Speed>
							</ns3:TPX>
						</Extensions>
					</Trackpoint>
					<Trackpoint>
						<Time>2569-03-15T08:25:59Z</Time>
						<Position>
							<LatitudeDegrees>13.220778</LatitudeDegrees>
							<LongitudeDegrees>100.965444</LongitudeDegrees>
						</Position>
						<AltitudeMeters>39.530000</AltitudeMeters>
						<HeartRateBpm>
							<Value>112</Value>
						</HeartRateBpm>
						<Cadence>53</Cadence>
						<Extensions>
							<ns3:TPX>
								<ns3:Speed>1.106190</ns3:Speed>
							</ns3:TPX>
						</Extensions>
					</Trackpoint>
					<Trackpoint>
						<Time>2569-03-15T08:26:00Z</Time>
						<Position>
							<LatitudeDegrees>13.220786</LatitudeDegrees>
							<LongitudeDegrees>100.965451</LongitudeDegrees>
						</Position>
						<AltitudeMeters>39.530000</AltitudeMeters>
						<HeartRateBpm>
							<Value>112</Value>
						</HeartRateBpm>
						<Cadence>53</Cadence>
						<Extensions>
							<ns3:TPX>
								<ns3:Speed>1.108650</ns3:Speed>
							</ns3:TPX>
						</Extensions>
					</Trackpoint>
					<Trackpoint>
						<Time>2569-03-15T08:26:01Z</Time>
						<Position>
							<LatitudeDegrees>13.220794</LatitudeDegrees>
							<LongitudeDegrees>100.965458</LongitudeDegrees>
						</Position>
						<AltitudeMeters>39.530000</AltitudeMeters>
						<HeartRateBpm>
							<Value>112</Value>
						</HeartRateBpm>
						<Cadence>53</Cadence>
						<Extensions>
							<ns3:TPX>
								<ns3:Speed>1.109880</ns3:Speed>
							</ns3:TPX>
						</Extensions>
					</Trackpoint>
					<Trackpoint>
						<Time>2569-03-15T08:26:02Z</Time>
						<Position>
							<LatitudeDegrees>13.220800</LatitudeDegrees>
							<LongitudeDegrees>100.965466</LongitudeDegrees>
						</Position>
						<AltitudeMeters>39.520000</AltitudeMeters>
						<HeartRateBpm>
							<Value>112</Value>
						</HeartRateBpm>
						<Cadence>53</Cadence>
						<Extensions>
							<ns3:TPX>
								<ns3:Speed>1.112350</ns3:Speed>
							</ns3:TPX>
						</Extensions>
					</Trackpoint>
					<Trackpoint>
						<Time>2569-03-15T08:26:03Z</Time>
						<Position>
							<LatitudeDegrees>13.220807</LatitudeDegrees>
							<LongitudeDegrees>100.965473</LongitudeDegrees>
						</Position>
						<AltitudeMeters>39.520000</AltitudeMeters>
						<HeartRateBpm>
							<Value>112</Value>
						</HeartRateBpm>
						<Cadence>53</Cadence>
						<Extensions>
							<ns3:TPX>
								<ns3:Speed>1.113590</ns3:Speed>
							</ns3:TPX>
						</Extensions>
					</Trackpoint>
					<Trackpoint>
						<Time>2569-03-15T08:26:04Z</Time>
						<Position>
							<LatitudeDegrees>13.220814</LatitudeDegrees>
							<LongitudeDegrees>100.965480</LongitudeDegrees>
						</Position>
						<AltitudeMeters>39.520000</AltitudeMeters>
						<HeartRateBpm>
							<Value>112</Value>
						</HeartRateBpm>
						<Cadence>53</Cadence>
						<Extensions>
							<ns3:TPX>
								<ns3:Speed>1.114830</ns3:Speed>
							</ns3:TPX>
						</Extensions>
					</Trackpoint>
					<Trackpoint>
						<Time>2569-03-15T08:26:05Z</Time>
						<Position>
							<LatitudeDegrees>13.220821</LatitudeDegrees>
							<LongitudeDegrees>100.965486</LongitudeDegrees>
						</Position>
						<AltitudeMeters>39.520000</AltitudeMeters>
						<HeartRateBpm>
							<Value>112</Value>
						</HeartRateBpm>
						<Cadence>53</Cadence>
						<Extensions>
							<ns3:TPX>
								<ns3:Speed>1.114830</ns3:Speed>
							</ns3:TPX>
						</Extensions>
					</Trackpoint>
					<Trackpoint>
						<Time>2569-03-15T08:26:06Z</Time>
						<Position>
							<LatitudeDegrees>13.220829</LatitudeDegrees>
							<LongitudeDegrees>100.965494</LongitudeDegrees>
						</Position>
						<AltitudeMeters>39.520000</AltitudeMeters>
						<HeartRateBpm>
							<Value>112</Value>
						</HeartRateBpm>
						<Cadence>53</Cadence>
						<Extensions>
							<ns3:TPX>
								<ns3:Speed>1.116070</ns3:Speed>
							</ns3:TPX>
						</Extensions>
					</Trackpoint>
					<Trackpoint>
						<Time>2569-03-15T08:26:07Z</Time>
						<Position>
							<LatitudeDegrees>13.220836</LatitudeDegrees>
							<LongitudeDegrees>100.965501</LongitudeDegrees>
						</Position>
						<AltitudeMeters>39.520000</AltitudeMeters>
						<HeartRateBpm>
							<Value>112</Value>
						</HeartRateBpm>
						<Cadence>53</Cadence>
						<Extensions>
							<ns3:TPX>
								<ns3:Speed>1.116070</ns3:Speed>
							</ns3:TPX>
						</Extensions>
					</Trackpoint>
					<Trackpoint>
						<Time>2569-03-15T08:26:08Z</Time>
						<Position>
							<LatitudeDegrees>13.220843</LatitudeDegrees>
							<LongitudeDegrees>100.965508</LongitudeDegrees>
						</Position>
						<AltitudeMeters>39.520000</AltitudeMeters>
						<HeartRateBpm>
							<Value>111</Value>
						</HeartRateBpm>
						<Cadence>53</Cadence>
						<Extensions>
							<ns3:TPX>
								<ns3:Speed>1.116070</ns3:Speed>
							</ns3:TPX>
						</Extensions>
					</Trackpoint>
					<Trackpoint>
						<Time>2569-03-15T08:26:09Z</Time>
						<Position>
							<LatitudeDegrees>13.220850</LatitudeDegrees>
							<LongitudeDegrees>100.965515</LongitudeDegrees>
						</Position>
						<AltitudeMeters>39.520000</AltitudeMeters>
						<HeartRateBpm>
							<Value>111</Value>
						</HeartRateBpm>
						<Cadence>53</Cadence>
						<Extensions>
							<ns3:TPX>
								<ns3:Speed>1.114830</ns3:Speed>
							</ns3:TPX>
						</Extensions>
					</Trackpoint>
					<Trackpoint>
						<Time>2569-03-15T08:26:10Z</Time>
						<Position>
							<LatitudeDegrees>13.220858</LatitudeDegrees>
							<LongitudeDegrees>100.965522</LongitudeDegrees>
						</Position>
						<AltitudeMeters>39.530000</AltitudeMeters>
						<HeartRateBpm>
							<Value>111</Value>
						</HeartRateBpm>
						<Cadence>53</Cadence>
						<Extensions>
							<ns3:TPX>
								<ns3:Speed>1.114830</ns3:Speed>
							</ns3:TPX>
						</Extensions>
					</Trackpoint>
					<Trackpoint>
						<Time>2569-03-15T08:26:11Z</Time>
						<Position>
							<LatitudeDegrees>13.220867</LatitudeDegrees>
							<LongitudeDegrees>100.965530</LongitudeDegrees>
						</Position>
						<AltitudeMeters>39.530000</AltitudeMeters>
						<HeartRateBpm>
							<Value>111</Value>
						</HeartRateBpm>
						<Cadence>53</Cadence>
						<Extensions>
							<ns3:TPX>
								<ns3:Speed>1.114830</ns3:Speed>
							</ns3:TPX>
						</Extensions>
					</Trackpoint>
					<Trackpoint>
						<Time>2569-03-15T08:26:12Z</Time>
						<Position>
							<LatitudeDegrees>13.220876</LatitudeDegrees>
							<LongitudeDegrees>100.965538</LongitudeDegrees>
						</Position>
						<AltitudeMeters>39.530000</AltitudeMeters>
						<HeartRateBpm>
							<Value>110</Value>
						</HeartRateBpm>
						<Cadence>53</Cadence>
						<Extensions>
							<ns3:TPX>
								<ns3:Speed>1.114830</ns3:Speed>
							</ns3:TPX>
						</Extensions>
					</Trackpoint>
					<Trackpoint>
						<Time>2569-03-15T08:26:13Z</Time>
						<Position>
							<LatitudeDegrees>13.220884</LatitudeDegrees>
							<LongitudeDegrees>100.965546</LongitudeDegrees>
						</Position>
						<AltitudeMeters>39.540000</AltitudeMeters>
						<HeartRateBpm>
							<Value>110</Value>
						</HeartRateBpm>
						<Cadence>53</Cadence>
						<Extensions>
							<ns3:TPX>
								<ns3:Speed>1.116070</ns3:Speed>
							</ns3:TPX>
						</Extensions>
					</Trackpoint>
					<Trackpoint>
						<Time>2569-03-15T08:26:14Z</Time>
						<Position>
							<LatitudeDegrees>13.220893</LatitudeDegrees>
							<LongitudeDegrees>100.965554</LongitudeDegrees>
						</Position>
						<AltitudeMeters>39.550000</AltitudeMeters>
						<HeartRateBpm>
							<Value>109</Value>
						</HeartRateBpm>
						<Cadence>53</Cadence>
						<Extensions>
							<ns3:TPX>
								<ns3:Speed>1.117320</ns3:Speed>
							</ns3:TPX>
						</Extensions>
					</Trackpoint>
					<Trackpoint>
						<Time>2569-03-15T08:26:15Z</Time>
						<Position>
							<LatitudeDegrees>13.220900</LatitudeDegrees>
							<LongitudeDegrees>100.965561</LongitudeDegrees>
						</Position>
						<AltitudeMeters>39.560000</AltitudeMeters>
						<HeartRateBpm>
							<Value>108</Value>
						</HeartRateBpm>
						<Cadence>53</Cadence>
						<Extensions>
							<ns3:TPX>
								<ns3:Speed>1.119820</ns3:Speed>
							</ns3:TPX>
						</Extensions>
					</Trackpoint>
					<Trackpoint>
						<Time>2569-03-15T08:26:16Z</Time>
						<Position>
							<LatitudeDegrees>13.220908</LatitudeDegrees>
							<LongitudeDegrees>100.965570</LongitudeDegrees>
						</Position>
						<AltitudeMeters>39.570000</AltitudeMeters>
						<HeartRateBpm>
							<Value>107</Value>
						</HeartRateBpm>
						<Cadence>53</Cadence>
						<Extensions>
							<ns3:TPX>
								<ns3:Speed>1.122330</ns3:Speed>
							</ns3:TPX>
						</Extensions>
					</Trackpoint>
					<Trackpoint>
						<Time>2569-03-15T08:26:17Z</Time>
						<Position>
							<LatitudeDegrees>13.220915</LatitudeDegrees>
							<LongitudeDegrees>100.965578</LongitudeDegrees>
						</Position>
						<AltitudeMeters>39.580000</AltitudeMeters>
						<HeartRateBpm>
							<Value>106</Value>
						</HeartRateBpm>
						<Cadence>53</Cadence>
						<Extensions>
							<ns3:TPX>
								<ns3:Speed>1.124860</ns3:Speed>
							</ns3:TPX>
						</Extensions>
					</Trackpoint>
					<Trackpoint>
						<Time>2569-03-15T08:26:18Z</Time>
						<Position>
							<LatitudeDegrees>13.220922</LatitudeDegrees>
							<LongitudeDegrees>100.965586</LongitudeDegrees>
						</Position>
						<AltitudeMeters>39.590000</AltitudeMeters>
						<HeartRateBpm>
							<Value>106</Value>
						</HeartRateBpm>
						<Cadence>53</Cadence>
						<Extensions>
							<ns3:TPX>
								<ns3:Speed>1.127400</ns3:Speed>
							</ns3:TPX>
						</Extensions>
					</Trackpoint>
					<Trackpoint>
						<Time>2569-03-15T08:26:19Z</Time>
						<Position>
							<LatitudeDegrees>13.220930</LatitudeDegrees>
							<LongitudeDegrees>100.965594</LongitudeDegrees>
						</Position>
						<AltitudeMeters>39.590000</AltitudeMeters>
						<HeartRateBpm>
							<Value>106</Value>
						</HeartRateBpm>
						<Cadence>53</Cadence>
						<Extensions>
							<ns3:TPX>
								<ns3:Speed>1.128670</ns3:Speed>
							</ns3:TPX>
						</Extensions>
					</Trackpoint>
					<Trackpoint>
						<Time>2569-03-15T08:26:20Z</Time>
						<Position>
							<LatitudeDegrees>13.220937</LatitudeDegrees>
							<LongitudeDegrees>100.965603</LongitudeDegrees>
						</Position>
						<AltitudeMeters>39.600000</AltitudeMeters>
						<HeartRateBpm>
							<Value>107</Value>
						</HeartRateBpm>
						<Cadence>52</Cadence>
						<Extensions>
							<ns3:TPX>
								<ns3:Speed>1.131220</ns3:Speed>
							</ns3:TPX>
						</Extensions>
					</Trackpoint>
					<Trackpoint>
						<Time>2569-03-15T08:26:21Z</Time>
						<Position>
							<LatitudeDegrees>13.220943</LatitudeDegrees>
							<LongitudeDegrees>100.965611</LongitudeDegrees>
						</Position>
						<AltitudeMeters>39.600000</AltitudeMeters>
						<HeartRateBpm>
							<Value>107</Value>
						</HeartRateBpm>
						<Cadence>52</Cadence>
						<Extensions>
							<ns3:TPX>
								<ns3:Speed>1.131220</ns3:Speed>
							</ns3:TPX>
						</Extensions>
					</Trackpoint>
					<Trackpoint>
						<Time>2569-03-15T08:26:22Z</Time>
						<Position>
							<LatitudeDegrees>13.220950</LatitudeDegrees>
							<LongitudeDegrees>100.965619</LongitudeDegrees>
						</Position>
						<AltitudeMeters>39.610000</AltitudeMeters>
						<HeartRateBpm>
							<Value>108</Value>
						</HeartRateBpm>
						<Cadence>52</Cadence>
						<Extensions>
							<ns3:TPX>
								<ns3:Speed>1.132500</ns3:Speed>
							</ns3:TPX>
						</Extensions>
					</Trackpoint>
					<Trackpoint>
						<Time>2569-03-15T08:26:23Z</Time>
						<Position>
							<LatitudeDegrees>13.220957</LatitudeDegrees>
							<LongitudeDegrees>100.965626</LongitudeDegrees>
						</Position>
						<AltitudeMeters>39.620000</AltitudeMeters>
						<HeartRateBpm>
							<Value>108</Value>
						</HeartRateBpm>
						<Cadence>52</Cadence>
						<Extensions>
							<ns3:TPX>
								<ns3:Speed>1.133790</ns3:Speed>
							</ns3:TPX>
						</Extensions>
					</Trackpoint>
					<Trackpoint>
						<Time>2569-03-15T08:26:24Z</Time>
						<Position>
							<LatitudeDegrees>13.220965</LatitudeDegrees>
							<LongitudeDegrees>100.965633</LongitudeDegrees>
						</Position>
						<AltitudeMeters>39.620000</AltitudeMeters>
						<HeartRateBpm>
							<Value>108</Value>
						</HeartRateBpm>
						<Cadence>52</Cadence>
						<Extensions>
							<ns3:TPX>
								<ns3:Speed>1.133790</ns3:Speed>
							</ns3:TPX>
						</Extensions>
					</Trackpoint>
					<Trackpoint>
						<Time>2569-03-15T08:26:25Z</Time>
						<Position>
							<LatitudeDegrees>13.220974</LatitudeDegrees>
							<LongitudeDegrees>100.965640</LongitudeDegrees>
						</Position>
						<AltitudeMeters>39.630000</AltitudeMeters>
						<HeartRateBpm>
							<Value>108</Value>
						</HeartRateBpm>
						<Cadence>52</Cadence>
						<Extensions>
							<ns3:TPX>
								<ns3:Speed>1.133790</ns3:Speed>
							</ns3:TPX>
						</Extensions>
					</Trackpoint>
					<Trackpoint>
						<Time>2569-03-15T08:26:26Z</Time>
						<Position>
							<LatitudeDegrees>13.220982</LatitudeDegrees>
							<LongitudeDegrees>100.965647</LongitudeDegrees>
						</Position>
						<AltitudeMeters>39.630000</AltitudeMeters>
						<HeartRateBpm>
							<Value>108</Value>
						</HeartRateBpm>
						<Cadence>52</Cadence>
						<Extensions>
							<ns3:TPX>
								<ns3:Speed>1.133790</ns3:Speed>
							</ns3:TPX>
						</Extensions>
					</Trackpoint>
					<Trackpoint>
						<Time>2569-03-15T08:26:27Z</Time>
						<Position>
							<LatitudeDegrees>13.220991</LatitudeDegrees>
							<LongitudeDegrees>100.965654</LongitudeDegrees>
						</Position>
						<AltitudeMeters>39.630000</AltitudeMeters>
						<HeartRateBpm>
							<Value>107</Value>
						</HeartRateBpm>
						<Cadence>52</Cadence>
						<Extensions>
							<ns3:TPX>
								<ns3:Speed>1.133790</ns3:Speed>
							</ns3:TPX>
						</Extensions>
					</Trackpoint>
					<Trackpoint>
						<Time>2569-03-15T08:26:28Z</Time>
						<Position>
							<LatitudeDegrees>13.220999</LatitudeDegrees>
							<LongitudeDegrees>100.965661</LongitudeDegrees>
						</Position>
						<AltitudeMeters>39.630000</AltitudeMeters>
						<HeartRateBpm>
							<Value>107</Value>
						</HeartRateBpm>
						<Cadence>52</Cadence>
						<Extensions>
							<ns3:TPX>
								<ns3:Speed>1.133790</ns3:Speed>
							</ns3:TPX>
						</Extensions>
					</Trackpoint>
					<Trackpoint>
						<Time>2569-03-15T08:26:29Z</Time>
						<Position>
							<LatitudeDegrees>13.221007</LatitudeDegrees>
							<LongitudeDegrees>100.965668</LongitudeDegrees>
						</Position>
						<AltitudeMeters>39.630000</AltitudeMeters>
						<HeartRateBpm>
							<Value>106</Value>
						</HeartRateBpm>
						<Cadence>53</Cadence>
						<Extensions>
							<ns3:TPX>
								<ns3:Speed>1.133790</ns3:Speed>
							</ns3:TPX>
						</Extensions>
					</Trackpoint>
					<Trackpoint>
						<Time>2569-03-15T08:26:30Z</Time>
						<Position>
							<LatitudeDegrees>13.221015</LatitudeDegrees>
							<LongitudeDegrees>100.965676</LongitudeDegrees>
						</Position>
						<AltitudeMeters>39.630000</AltitudeMeters>
						<HeartRateBpm>
							<Value>106</Value>
						</HeartRateBpm>
						<Cadence>53</Cadence>
						<Extensions>
							<ns3:TPX>
								<ns3:Speed>1.133790</ns3:Speed>
							</ns3:TPX>
						</Extensions>
					</Trackpoint>
					<Trackpoint>
						<Time>2569-03-15T08:26:31Z</Time>
						<Position>
							<LatitudeDegrees>13.221022</LatitudeDegrees>
							<LongitudeDegrees>100.965683</LongitudeDegrees>
						</Position>
						<AltitudeMeters>39.630000</AltitudeMeters>
						<HeartRateBpm>
							<Value>106</Value>
						</HeartRateBpm>
						<Cadence>53</Cadence>
						<Extensions>
							<ns3:TPX>
								<ns3:Speed>1.135070</ns3:Speed>
							</ns3:TPX>
						</Extensions>
					</Trackpoint>
					<Trackpoint>
						<Time>2569-03-15T08:26:32Z</Time>
						<Position>
							<LatitudeDegrees>13.221030</LatitudeDegrees>
							<LongitudeDegrees>100.965690</LongitudeDegrees>
						</Position>
						<AltitudeMeters>39.620000</AltitudeMeters>
						<Cadence>52</Cadence>
						<Extensions>
							<ns3:TPX>
								<ns3:Speed>1.136360</ns3:Speed>
							</ns3:TPX>
						</Extensions>
					</Trackpoint>
					<Trackpoint>
						<Time>2569-03-15T08:26:33Z</Time>
						<Position>
							<LatitudeDegrees>13.221038</LatitudeDegrees>
							<LongitudeDegrees>100.965697</LongitudeDegrees>
						</Position>
						<AltitudeMeters>39.620000</AltitudeMeters>
						<HeartRateBpm>
							<Value>106</Value>
						</HeartRateBpm>
						<Cadence>52</Cadence>
						<Extensions>
							<ns3:TPX>
								<ns3:Speed>1.136360</ns3:Speed>
							</ns3:TPX>
						</Extensions>
					</Trackpoint>
					<Trackpoint>
						<Time>2569-03-15T08:26:34Z</Time>
						<Position>
							<LatitudeDegrees>13.221046</LatitudeDegrees>
							<LongitudeDegrees>100.965704</LongitudeDegrees>
						</Position>
						<AltitudeMeters>39.620000</AltitudeMeters>
						<HeartRateBpm>
							<Value>106</Value>
						</HeartRateBpm>
						<Cadence>52</Cadence>
						<Extensions>
							<ns3:TPX>
								<ns3:Speed>1.137660</ns3:Speed>
							</ns3:TPX>
						</Extensions>
					</Trackpoint>
					<Trackpoint>
						<Time>2569-03-15T08:26:35Z</Time>
						<Position>
							<LatitudeDegrees>13.221053</LatitudeDegrees>
							<LongitudeDegrees>100.965711</LongitudeDegrees>
						</Position>
						<AltitudeMeters>39.620000</AltitudeMeters>
						<HeartRateBpm>
							<Value>106</Value>
						</HeartRateBpm>
						<Cadence>52</Cadence>
						<Extensions>
							<ns3:TPX>
								<ns3:Speed>1.137660</ns3:Speed>
							</ns3:TPX>
						</Extensions>
					</Trackpoint>
					<Trackpoint>
						<Time>2569-03-15T08:26:36Z</Time>
						<Position>
							<LatitudeDegrees>13.221061</LatitudeDegrees>
							<LongitudeDegrees>100.965718</LongitudeDegrees>
						</Position>
						<AltitudeMeters>39.620000</AltitudeMeters>
						<HeartRateBpm>
							<Value>107</Value>
						</HeartRateBpm>
						<Cadence>52</Cadence>
						<Extensions>
							<ns3:TPX>
								<ns3:Speed>1.137660</ns3:Speed>
							</ns3:TPX>
						</Extensions>
					</Trackpoint>
					<Trackpoint>
						<Time>2569-03-15T08:26:37Z</Time>
						<Position>
							<LatitudeDegrees>13.221068</LatitudeDegrees>
							<LongitudeDegrees>100.965725</LongitudeDegrees>
						</Position>
						<AltitudeMeters>39.610000</AltitudeMeters>
						<HeartRateBpm>
							<Value>107</Value>
						</HeartRateBpm>
						<Cadence>52</Cadence>
						<Extensions>
							<ns3:TPX>
								<ns3:Speed>1.137660</ns3:Speed>
							</ns3:TPX>
						</Extensions>
					</Trackpoint>
					<Trackpoint>
						<Time>2569-03-15T08:26:38Z</Time>
						<Position>
							<LatitudeDegrees>13.221076</LatitudeDegrees>
							<LongitudeDegrees>100.965732</LongitudeDegrees>
						</Position>
						<AltitudeMeters>39.610000</AltitudeMeters>
						<HeartRateBpm>
							<Value>107</Value>
						</HeartRateBpm>
						<Cadence>52</Cadence>
						<Extensions>
							<ns3:TPX>
								<ns3:Speed>1.137660</ns3:Speed>
							</ns3:TPX>
						</Extensions>
					</Trackpoint>
					<Trackpoint>
						<Time>2569-03-15T08:26:39Z</Time>
						<Position>
							<LatitudeDegrees>13.221083</LatitudeDegrees>
							<LongitudeDegrees>100.965738</LongitudeDegrees>
						</Position>
						<AltitudeMeters>39.620000</AltitudeMeters>
						<HeartRateBpm>
							<Value>107</Value>
						</HeartRateBpm>
						<Cadence>52</Cadence>
						<Extensions>
							<ns3:TPX>
								<ns3:Speed>1.137660</ns3:Speed>
							</ns3:TPX>
						</Extensions>
					</Trackpoint>
					<Trackpoint>
						<Time>2569-03-15T08:26:40Z</Time>
						<Position>
							<LatitudeDegrees>13.221091</LatitudeDegrees>
							<LongitudeDegrees>100.965745</LongitudeDegrees>
						</Position>
						<AltitudeMeters>39.620000</AltitudeMeters>
						<HeartRateBpm>
							<Value>107</Value>
						</HeartRateBpm>
						<Cadence>52</Cadence>
						<Extensions>
							<ns3:TPX>
								<ns3:Speed>1.137660</ns3:Speed>
							</ns3:TPX>
						</Extensions>
					</Trackpoint>
					<Trackpoint>
						<Time>2569-03-15T08:26:41Z</Time>
						<Position>
							<LatitudeDegrees>13.221099</LatitudeDegrees>
							<LongitudeDegrees>100.965752</LongitudeDegrees>
						</Position>
						<AltitudeMeters>39.620000</AltitudeMeters>
						<HeartRateBpm>
							<Value>106</Value>
						</HeartRateBpm>
						<Cadence>52</Cadence>
						<Extensions>
							<ns3:TPX>
								<ns3:Speed>1.137660</ns3:Speed>
							</ns3:TPX>
						</Extensions>
					</Trackpoint>
					<Trackpoint>
						<Time>2569-03-15T08:26:42Z</Time>
						<Position>
							<LatitudeDegrees>13.221107</LatitudeDegrees>
							<LongitudeDegrees>100.965759</LongitudeDegrees>
						</Position>
						<AltitudeMeters>39.620000</AltitudeMeters>
						<HeartRateBpm>
							<Value>106</Value>
						</HeartRateBpm>
						<Cadence>53</Cadence>
						<Extensions>
							<ns3:TPX>
								<ns3:Speed>1.136360</ns3:Speed>
							</ns3:TPX>
						</Extensions>
					</Trackpoint>
					<Trackpoint>
						<Time>2569-03-15T08:26:43Z</Time>
						<Position>
							<LatitudeDegrees>13.221114</LatitudeDegrees>
							<LongitudeDegrees>100.965768</LongitudeDegrees>
						</Position>
						<AltitudeMeters>39.620000</AltitudeMeters>
						<HeartRateBpm>
							<Value>105</Value>
						</HeartRateBpm>
						<Cadence>53</Cadence>
						<Extensions>
							<ns3:TPX>
								<ns3:Speed>1.136360</ns3:Speed>
							</ns3:TPX>
						</Extensions>
					</Trackpoint>
					<Trackpoint>
						<Time>2569-03-15T08:26:44Z</Time>
						<Position>
							<LatitudeDegrees>13.221122</LatitudeDegrees>
							<LongitudeDegrees>100.965775</LongitudeDegrees>
						</Position>
						<AltitudeMeters>39.630000</AltitudeMeters>
						<HeartRateBpm>
							<Value>105</Value>
						</HeartRateBpm>
						<Cadence>53</Cadence>
						<Extensions>
							<ns3:TPX>
								<ns3:Speed>1.136360</ns3:Speed>
							</ns3:TPX>
						</Extensions>
					</Trackpoint>
					<Trackpoint>
						<Time>2569-03-15T08:26:45Z</Time>
						<Position>
							<LatitudeDegrees>13.221129</LatitudeDegrees>
							<LongitudeDegrees>100.965783</LongitudeDegrees>
						</Position>
						<AltitudeMeters>39.630000</AltitudeMeters>
						<HeartRateBpm>
							<Value>105</Value>
						</HeartRateBpm>
						<Cadence>53</Cadence>
						<Extensions>
							<ns3:TPX>
								<ns3:Speed>1.136360</ns3:Speed>
							</ns3:TPX>
						</Extensions>
					</Trackpoint>
					<Trackpoint>
						<Time>2569-03-15T08:26:46Z</Time>
						<Position>
							<LatitudeDegrees>13.221137</LatitudeDegrees>
							<LongitudeDegrees>100.965790</LongitudeDegrees>
						</Position>
						<AltitudeMeters>39.640000</AltitudeMeters>
						<HeartRateBpm>
							<Value>104</Value>
						</HeartRateBpm>
						<Cadence>53</Cadence>
						<Extensions>
							<ns3:TPX>
								<ns3:Speed>1.136360</ns3:Speed>
							</ns3:TPX>
						</Extensions>
					</Trackpoint>
					<Trackpoint>
						<Time>2569-03-15T08:26:47Z</Time>
						<Position>
							<LatitudeDegrees>13.221145</LatitudeDegrees>
							<LongitudeDegrees>100.965797</LongitudeDegrees>
						</Position>
						<AltitudeMeters>39.650000</AltitudeMeters>
						<HeartRateBpm>
							<Value>104</Value>
						</HeartRateBpm>
						<Cadence>52</Cadence>
						<Extensions>
							<ns3:TPX>
								<ns3:Speed>1.136360</ns3:Speed>
							</ns3:TPX>
						</Extensions>
					</Trackpoint>
					<Trackpoint>
						<Time>2569-03-15T08:26:48Z</Time>
						<Position>
							<LatitudeDegrees>13.221152</LatitudeDegrees>
							<LongitudeDegrees>100.965805</LongitudeDegrees>
						</Position>
						<AltitudeMeters>39.650000</AltitudeMeters>
						<HeartRateBpm>
							<Value>104</Value>
						</HeartRateBpm>
						<Cadence>52</Cadence>
						<Extensions>
							<ns3:TPX>
								<ns3:Speed>1.137660</ns3:Speed>
							</ns3:TPX>
						</Extensions>
					</Trackpoint>
					<Trackpoint>
						<Time>2569-03-15T08:26:49Z</Time>
						<Position>
							<LatitudeDegrees>13.221159</LatitudeDegrees>
							<LongitudeDegrees>100.965813</LongitudeDegrees>
						</Position>
						<AltitudeMeters>39.660000</AltitudeMeters>
						<HeartRateBpm>
							<Value>104</Value>
						</HeartRateBpm>
						<Cadence>52</Cadence>
						<Extensions>
							<ns3:TPX>
								<ns3:Speed>1.137660</ns3:Speed>
							</ns3:TPX>
						</Extensions>
					</Trackpoint>
					<Trackpoint>
						<Time>2569-03-15T08:26:50Z</Time>
						<Position>
							<LatitudeDegrees>13.221166</LatitudeDegrees>
							<LongitudeDegrees>100.965822</LongitudeDegrees>
						</Position>
						<AltitudeMeters>39.660000</AltitudeMeters>
						<HeartRateBpm>
							<Value>104</Value>
						</HeartRateBpm>
						<Cadence>52</Cadence>
						<Extensions>
							<ns3:TPX>
								<ns3:Speed>1.137660</ns3:Speed>
							</ns3:TPX>
						</Extensions>
					</Trackpoint>
					<Trackpoint>
						<Time>2569-03-15T08:26:51Z</Time>
						<Position>
							<LatitudeDegrees>13.221174</LatitudeDegrees>
							<LongitudeDegrees>100.965830</LongitudeDegrees>
						</Position>
						<AltitudeMeters>39.670000</AltitudeMeters>
						<HeartRateBpm>
							<Value>105</Value>
						</HeartRateBpm>
						<Cadence>52</Cadence>
						<Extensions>
							<ns3:TPX>
								<ns3:Speed>1.137660</ns3:Speed>
							</ns3:TPX>
						</Extensions>
					</Trackpoint>
					<Trackpoint>
						<Time>2569-03-15T08:26:52Z</Time>
						<Position>
							<LatitudeDegrees>13.221181</LatitudeDegrees>
							<LongitudeDegrees>100.965838</LongitudeDegrees>
						</Position>
						<AltitudeMeters>39.670000</AltitudeMeters>
						<HeartRateBpm>
							<Value>106</Value>
						</HeartRateBpm>
						<Cadence>52</Cadence>
						<Extensions>
							<ns3:TPX>
								<ns3:Speed>1.137660</ns3:Speed>
							</ns3:TPX>
						</Extensions>
					</Trackpoint>
					<Trackpoint>
						<Time>2569-03-15T08:26:53Z</Time>
						<Position>
							<LatitudeDegrees>13.221187</LatitudeDegrees>
							<LongitudeDegrees>100.965846</LongitudeDegrees>
						</Position>
						<AltitudeMeters>39.680000</AltitudeMeters>
						<HeartRateBpm>
							<Value>106</Value>
						</HeartRateBpm>
						<Cadence>52</Cadence>
						<Extensions>
							<ns3:TPX>
								<ns3:Speed>1.137660</ns3:Speed>
							</ns3:TPX>
						</Extensions>
					</Trackpoint>
					<Trackpoint>
						<Time>2569-03-15T08:26:54Z</Time>
						<Position>
							<LatitudeDegrees>13.221200</LatitudeDegrees>
							<LongitudeDegrees>100.965862</LongitudeDegrees>
						</Position>
						<AltitudeMeters>39.680000</AltitudeMeters>
						<HeartRateBpm>
							<Value>107</Value>
						</HeartRateBpm>
						<Cadence>52</Cadence>
						<Extensions>
							<ns3:TPX>
								<ns3:Speed>1.137660</ns3:Speed>
							</ns3:TPX>
						</Extensions>
					</Trackpoint>
					<Trackpoint>
						<Time>2569-03-15T08:26:54Z</Time>
						<Position>
							<LatitudeDegrees>13.221200</LatitudeDegrees>
							<LongitudeDegrees>100.965862</LongitudeDegrees>
						</Position>
						<AltitudeMeters>39.680000</AltitudeMeters>
						<HeartRateBpm>
							<Value>107</Value>
						</HeartRateBpm>
						<Cadence>52</Cadence>
						<Extensions>
							<ns3:TPX>
								<ns3:Speed>1.137660</ns3:Speed>
							</ns3:TPX>
						</Extensions>
					</Trackpoint>
					<Trackpoint>
						<Time>2569-03-15T08:26:56Z</Time>
						<Position>
							<LatitudeDegrees>13.221206</LatitudeDegrees>
							<LongitudeDegrees>100.965870</LongitudeDegrees>
						</Position>
						<AltitudeMeters>39.690000</AltitudeMeters>
						<HeartRateBpm>
							<Value>107</Value>
						</HeartRateBpm>
						<Cadence>51</Cadence>
						<Extensions>
							<ns3:TPX>
								<ns3:Speed>1.136360</ns3:Speed>
							</ns3:TPX>
						</Extensions>
					</Trackpoint>
					<Trackpoint>
						<Time>2569-03-15T08:26:57Z</Time>
						<Position>
							<LatitudeDegrees>13.221220</LatitudeDegrees>
							<LongitudeDegrees>100.965886</LongitudeDegrees>
						</Position>
						<AltitudeMeters>39.700000</AltitudeMeters>
						<HeartRateBpm>
							<Value>108</Value>
						</HeartRateBpm>
						<Cadence>51</Cadence>
						<Extensions>
							<ns3:TPX>
								<ns3:Speed>1.136360</ns3:Speed>
							</ns3:TPX>
						</Extensions>
					</Trackpoint>
					<Trackpoint>
						<Time>2569-03-15T08:26:57Z</Time>
						<Position>
							<LatitudeDegrees>13.221220</LatitudeDegrees>
							<LongitudeDegrees>100.965886</LongitudeDegrees>
						</Position>
						<AltitudeMeters>39.700000</AltitudeMeters>
						<HeartRateBpm>
							<Value>108</Value>
						</HeartRateBpm>
						<Cadence>51</Cadence>
						<Extensions>
							<ns3:TPX>
								<ns3:Speed>1.136360</ns3:Speed>
							</ns3:TPX>
						</Extensions>
					</Trackpoint>
					<Trackpoint>
						<Time>2569-03-15T08:26:58Z</Time>
						<Position>
							<LatitudeDegrees>13.221226</LatitudeDegrees>
							<LongitudeDegrees>100.965894</LongitudeDegrees>
						</Position>
						<AltitudeMeters>39.700000</AltitudeMeters>
						<HeartRateBpm>
							<Value>108</Value>
						</HeartRateBpm>
						<Cadence>51</Cadence>
						<Extensions>
							<ns3:TPX>
								<ns3:Speed>1.135070</ns3:Speed>
							</ns3:TPX>
						</Extensions>
					</Trackpoint>
					<Trackpoint>
						<Time>2569-03-15T08:27:00Z</Time>
						<Position>
							<LatitudeDegrees>13.221238</LatitudeDegrees>
							<LongitudeDegrees>100.965911</LongitudeDegrees>
						</Position>
						<AltitudeMeters>39.710000</AltitudeMeters>
						<HeartRateBpm>
							<Value>109</Value>
						</HeartRateBpm>
						<Cadence>51</Cadence>
						<Extensions>
							<ns3:TPX>
								<ns3:Speed>1.133790</ns3:Speed>
							</ns3:TPX>
						</Extensions>
					</Trackpoint>
					<Trackpoint>
						<Time>2569-03-15T08:27:00Z</Time>
						<Position>
							<LatitudeDegrees>13.221238</LatitudeDegrees>
							<LongitudeDegrees>100.965911</LongitudeDegrees>
						</Position>
						<AltitudeMeters>39.710000</AltitudeMeters>
						<HeartRateBpm>
							<Value>109</Value>
						</HeartRateBpm>
						<Cadence>51</Cadence>
						<Extensions>
							<ns3:TPX>
								<ns3:Speed>1.133790</ns3:Speed>
							</ns3:TPX>
						</Extensions>
					</Trackpoint>
					<Trackpoint>
						<Time>2569-03-15T08:27:01Z</Time>
						<Position>
							<LatitudeDegrees>13.221243</LatitudeDegrees>
							<LongitudeDegrees>100.965919</LongitudeDegrees>
						</Position>
						<AltitudeMeters>39.710000</AltitudeMeters>
						<HeartRateBpm>
							<Value>110</Value>
						</HeartRateBpm>
						<Cadence>51</Cadence>
						<Extensions>
							<ns3:TPX>
								<ns3:Speed>1.132500</ns3:Speed>
							</ns3:TPX>
						</Extensions>
					</Trackpoint>
					<Trackpoint>
						<Time>2569-03-15T08:27:03Z</Time>
						<Position>
							<LatitudeDegrees>13.221256</LatitudeDegrees>
							<LongitudeDegrees>100.965933</LongitudeDegrees>
						</Position>
						<AltitudeMeters>39.720000</AltitudeMeters>
						<HeartRateBpm>
							<Value>110</Value>
						</HeartRateBpm>
						<Cadence>51</Cadence>
						<Extensions>
							<ns3:TPX>
								<ns3:Speed>1.129940</ns3:Speed>
							</ns3:TPX>
						</Extensions>
					</Trackpoint>
					<Trackpoint>
						<Time>2569-03-15T08:27:03Z</Time>
						<Position>
							<LatitudeDegrees>13.221256</LatitudeDegrees>
							<LongitudeDegrees>100.965933</LongitudeDegrees>
						</Position>
						<AltitudeMeters>39.720000</AltitudeMeters>
						<HeartRateBpm>
							<Value>110</Value>
						</HeartRateBpm>
						<Cadence>51</Cadence>
						<Extensions>
							<ns3:TPX>
								<ns3:Speed>1.129940</ns3:Speed>
							</ns3:TPX>
						</Extensions>
					</Trackpoint>
					<Trackpoint>
						<Time>2569-03-15T08:27:04Z</Time>
						<Position>
							<LatitudeDegrees>13.221262</LatitudeDegrees>
							<LongitudeDegrees>100.965941</LongitudeDegrees>
						</Position>
						<AltitudeMeters>39.720000</AltitudeMeters>
						<HeartRateBpm>
							<Value>111</Value>
						</HeartRateBpm>
						<Cadence>51</Cadence>
						<Extensions>
							<ns3:TPX>
								<ns3:Speed>1.127400</ns3:Speed>
							</ns3:TPX>
						</Extensions>
					</Trackpoint>
					<Trackpoint>
						<Time>2569-03-15T08:27:05Z</Time>
						<Position>
							<LatitudeDegrees>13.221269</LatitudeDegrees>
							<LongitudeDegrees>100.965948</LongitudeDegrees>
						</Position>
						<AltitudeMeters>39.720000</AltitudeMeters>
						<HeartRateBpm>
							<Value>110</Value>
						</HeartRateBpm>
						<Cadence>51</Cadence>
						<Extensions>
							<ns3:TPX>
								<ns3:Speed>1.126130</ns3:Speed>
							</ns3:TPX>
						</Extensions>
					</Trackpoint>
					<Trackpoint>
						<Time>2569-03-15T08:27:07Z</Time>
						<Position>
							<LatitudeDegrees>13.221276</LatitudeDegrees>
							<LongitudeDegrees>100.965955</LongitudeDegrees>
						</Position>
						<AltitudeMeters>39.730000</AltitudeMeters>
						<HeartRateBpm>
							<Value>109</Value>
						</HeartRateBpm>
						<Cadence>51</Cadence>
						<Extensions>
							<ns3:TPX>
								<ns3:Speed>1.121080</ns3:Speed>
							</ns3:TPX>
						</Extensions>
					</Trackpoint>
					<Trackpoint>
						<Time>2569-03-15T08:27:08Z</Time>
						<Position>
							<LatitudeDegrees>13.221284</LatitudeDegrees>
							<LongitudeDegrees>100.965962</LongitudeDegrees>
						</Position>
						<AltitudeMeters>39.740000</AltitudeMeters>
						<HeartRateBpm>
							<Value>108</Value>
						</HeartRateBpm>
						<Cadence>51</Cadence>
						<Extensions>
							<ns3:TPX>
								<ns3:Speed>1.119820</ns3:Speed>
							</ns3:TPX>
						</Extensions>
					</Trackpoint>
					<Trackpoint>
						<Time>2569-03-15T08:27:09Z</Time>
						<Position>
							<LatitudeDegrees>13.221296</LatitudeDegrees>
							<LongitudeDegrees>100.965976</LongitudeDegrees>
						</Position>
						<AltitudeMeters>39.740000</AltitudeMeters>
						<HeartRateBpm>
							<Value>109</Value>
						</HeartRateBpm>
						<Cadence>51</Cadence>
						<Extensions>
							<ns3:TPX>
								<ns3:Speed>1.117320</ns3:Speed>
							</ns3:TPX>
						</Extensions>
					</Trackpoint>
					<Trackpoint>
						<Time>2569-03-15T08:27:09Z</Time>
						<Position>
							<LatitudeDegrees>13.221296</LatitudeDegrees>
							<LongitudeDegrees>100.965976</LongitudeDegrees>
						</Position>
						<AltitudeMeters>39.740000</AltitudeMeters>
						<HeartRateBpm>
							<Value>109</Value>
						</HeartRateBpm>
						<Cadence>51</Cadence>
						<Extensions>
							<ns3:TPX>
								<ns3:Speed>1.117320</ns3:Speed>
							</ns3:TPX>
						</Extensions>
					</Trackpoint>
					<Trackpoint>
						<Time>2569-03-15T08:27:11Z</Time>
						<Position>
							<LatitudeDegrees>13.221302</LatitudeDegrees>
							<LongitudeDegrees>100.965984</LongitudeDegrees>
						</Position>
						<AltitudeMeters>39.750000</AltitudeMeters>
						<HeartRateBpm>
							<Value>108</Value>
						</HeartRateBpm>
						<Cadence>51</Cadence>
						<Extensions>
							<ns3:TPX>
								<ns3:Speed>1.114830</ns3:Speed>
							</ns3:TPX>
						</Extensions>
					</Trackpoint>
					<Trackpoint>
						<Time>2569-03-15T08:27:12Z</Time>
						<Position>
							<LatitudeDegrees>13.221315</LatitudeDegrees>
							<LongitudeDegrees>100.966000</LongitudeDegrees>
						</Position>
						<AltitudeMeters>39.750000</AltitudeMeters>
						<HeartRateBpm>
							<Value>108</Value>
						</HeartRateBpm>
						<Cadence>51</Cadence>
						<Extensions>
							<ns3:TPX>
								<ns3:Speed>1.113590</ns3:Speed>
							</ns3:TPX>
						</Extensions>
					</Trackpoint>
					<Trackpoint>
						<Time>2569-03-15T08:27:12Z</Time>
						<Position>
							<LatitudeDegrees>13.221315</LatitudeDegrees>
							<LongitudeDegrees>100.966000</LongitudeDegrees>
						</Position>
						<AltitudeMeters>39.750000</AltitudeMeters>
						<HeartRateBpm>
							<Value>108</Value>
						</HeartRateBpm>
						<Cadence>51</Cadence>
						<Extensions>
							<ns3:TPX>
								<ns3:Speed>1.113590</ns3:Speed>
							</ns3:TPX>
						</Extensions>
					</Trackpoint>
					<Trackpoint>
						<Time>2569-03-15T08:27:13Z</Time>
						<Position>
							<LatitudeDegrees>13.221322</LatitudeDegrees>
							<LongitudeDegrees>100.966008</LongitudeDegrees>
						</Position>
						<AltitudeMeters>39.760000</AltitudeMeters>
						<HeartRateBpm>
							<Value>107</Value>
						</HeartRateBpm>
						<Cadence>51</Cadence>
						<Extensions>
							<ns3:TPX>
								<ns3:Speed>1.112350</ns3:Speed>
							</ns3:TPX>
						</Extensions>
					</Trackpoint>
					<Trackpoint>
						<Time>2569-03-15T08:27:15Z</Time>
						<Position>
							<LatitudeDegrees>13.221335</LatitudeDegrees>
							<LongitudeDegrees>100.966023</LongitudeDegrees>
						</Position>
						<AltitudeMeters>39.780000</AltitudeMeters>
						<HeartRateBpm>
							<Value>106</Value>
						</HeartRateBpm>
						<Cadence>51</Cadence>
						<Extensions>
							<ns3:TPX>
								<ns3:Speed>1.111110</ns3:Speed>
							</ns3:TPX>
						</Extensions>
					</Trackpoint>
					<Trackpoint>
						<Time>2569-03-15T08:27:15Z</Time>
						<Position>
							<LatitudeDegrees>13.221335</LatitudeDegrees>
							<LongitudeDegrees>100.966023</LongitudeDegrees>
						</Position>
						<AltitudeMeters>39.780000</AltitudeMeters>
						<HeartRateBpm>
							<Value>106</Value>
						</HeartRateBpm>
						<Cadence>51</Cadence>
						<Extensions>
							<ns3:TPX>
								<ns3:Speed>1.111110</ns3:Speed>
							</ns3:TPX>
						</Extensions>
					</Trackpoint>
					<Trackpoint>
						<Time>2569-03-15T08:27:16Z</Time>
						<Position>
							<LatitudeDegrees>13.221342</LatitudeDegrees>
							<LongitudeDegrees>100.966030</LongitudeDegrees>
						</Position>
						<AltitudeMeters>39.790000</AltitudeMeters>
						<HeartRateBpm>
							<Value>106</Value>
						</HeartRateBpm>
						<Cadence>51</Cadence>
						<Extensions>
							<ns3:TPX>
								<ns3:Speed>1.109880</ns3:Speed>
							</ns3:TPX>
						</Extensions>
					</Trackpoint>
					<Trackpoint>
						<Time>2569-03-15T08:27:17Z</Time>
						<Position>
							<LatitudeDegrees>13.221348</LatitudeDegrees>
							<LongitudeDegrees>100.966037</LongitudeDegrees>
						</Position>
						<AltitudeMeters>39.800000</AltitudeMeters>
						<HeartRateBpm>
							<Value>107</Value>
						</HeartRateBpm>
						<Cadence>51</Cadence>
						<Extensions>
							<ns3:TPX>
								<ns3:Speed>1.109880</ns3:Speed>
							</ns3:TPX>
						</Extensions>
					</Trackpoint>
					<Trackpoint>
						<Time>2569-03-15T08:27:18Z</Time>
						<Position>
							<LatitudeDegrees>13.221355</LatitudeDegrees>
							<LongitudeDegrees>100.966045</LongitudeDegrees>
						</Position>
						<AltitudeMeters>39.810000</AltitudeMeters>
						<HeartRateBpm>
							<Value>107</Value>
						</HeartRateBpm>
						<Cadence>51</Cadence>
						<Extensions>
							<ns3:TPX>
								<ns3:Speed>1.108650</ns3:Speed>
							</ns3:TPX>
						</Extensions>
					</Trackpoint>
					<Trackpoint>
						<Time>2569-03-15T08:27:19Z</Time>
						<Position>
							<LatitudeDegrees>13.221361</LatitudeDegrees>
							<LongitudeDegrees>100.966053</LongitudeDegrees>
						</Position>
						<AltitudeMeters>39.830000</AltitudeMeters>
						<HeartRateBpm>
							<Value>109</Value>
						</HeartRateBpm>
						<Cadence>51</Cadence>
						<Extensions>
							<ns3:TPX>
								<ns3:Speed>1.108650</ns3:Speed>
							</ns3:TPX>
						</Extensions>
					</Trackpoint>
					<Trackpoint>
						<Time>2569-03-15T08:27:21Z</Time>
						<Position>
							<LatitudeDegrees>13.221376</LatitudeDegrees>
							<LongitudeDegrees>100.966068</LongitudeDegrees>
						</Position>
						<AltitudeMeters>39.850000</AltitudeMeters>
						<HeartRateBpm>
							<Value>109</Value>
						</HeartRateBpm>
						<Cadence>52</Cadence>
						<Extensions>
							<ns3:TPX>
								<ns3:Speed>1.107420</ns3:Speed>
							</ns3:TPX>
						</Extensions>
					</Trackpoint>
					<Trackpoint>
						<Time>2569-03-15T08:27:21Z</Time>
						<Position>
							<LatitudeDegrees>13.221376</LatitudeDegrees>
							<LongitudeDegrees>100.966068</LongitudeDegrees>
						</Position>
						<AltitudeMeters>39.850000</AltitudeMeters>
						<HeartRateBpm>
							<Value>109</Value>
						</HeartRateBpm>
						<Cadence>52</Cadence>
						<Extensions>
							<ns3:TPX>
								<ns3:Speed>1.107420</ns3:Speed>
							</ns3:TPX>
						</Extensions>
					</Trackpoint>
					<Trackpoint>
						<Time>2569-03-15T08:27:22Z</Time>
						<Position>
							<LatitudeDegrees>13.221383</LatitudeDegrees>
							<LongitudeDegrees>100.966075</LongitudeDegrees>
						</Position>
						<AltitudeMeters>39.850000</AltitudeMeters>
						<HeartRateBpm>
							<Value>109</Value>
						</HeartRateBpm>
						<Cadence>52</Cadence>
						<Extensions>
							<ns3:TPX>
								<ns3:Speed>1.107420</ns3:Speed>
							</ns3:TPX>
						</Extensions>
					</Trackpoint>
					<Trackpoint>
						<Time>2569-03-15T08:27:23Z</Time>
						<Position>
							<LatitudeDegrees>13.221390</LatitudeDegrees>
							<LongitudeDegrees>100.966082</LongitudeDegrees>
						</Position>
						<AltitudeMeters>39.860000</AltitudeMeters>
						<HeartRateBpm>
							<Value>109</Value>
						</HeartRateBpm>
						<Cadence>52</Cadence>
						<Extensions>
							<ns3:TPX>
								<ns3:Speed>1.106190</ns3:Speed>
							</ns3:TPX>
						</Extensions>
					</Trackpoint>
					<Trackpoint>
						<Time>2569-03-15T08:27:24Z</Time>
						<Position>
							<LatitudeDegrees>13.221396</LatitudeDegrees>
							<LongitudeDegrees>100.966089</LongitudeDegrees>
						</Position>
						<AltitudeMeters>39.870000</AltitudeMeters>
						<HeartRateBpm>
							<Value>109</Value>
						</HeartRateBpm>
						<Cadence>52</Cadence>
						<Extensions>
							<ns3:TPX>
								<ns3:Speed>1.106190</ns3:Speed>
							</ns3:TPX>
						</Extensions>
					</Trackpoint>
					<Trackpoint>
						<Time>2569-03-15T08:27:26Z</Time>
						<Position>
							<LatitudeDegrees>13.221404</LatitudeDegrees>
							<LongitudeDegrees>100.966096</LongitudeDegrees>
						</Position>
						<AltitudeMeters>39.890000</AltitudeMeters>
						<HeartRateBpm>
							<Value>110</Value>
						</HeartRateBpm>
						<Cadence>52</Cadence>
						<Extensions>
							<ns3:TPX>
								<ns3:Speed>1.106190</ns3:Speed>
							</ns3:TPX>
						</Extensions>
					</Trackpoint>
					<Trackpoint>
						<Time>2569-03-15T08:27:27Z</Time>
						<Position>
							<LatitudeDegrees>13.221418</LatitudeDegrees>
							<LongitudeDegrees>100.966111</LongitudeDegrees>
						</Position>
						<AltitudeMeters>39.890000</AltitudeMeters>
						<HeartRateBpm>
							<Value>110</Value>
						</HeartRateBpm>
						<Cadence>52</Cadence>
						<Extensions>
							<ns3:TPX>
								<ns3:Speed>1.106190</ns3:Speed>
							</ns3:TPX>
						</Extensions>
					</Trackpoint>
					<Trackpoint>
						<Time>2569-03-15T08:27:27Z</Time>
						<Position>
							<LatitudeDegrees>13.221418</LatitudeDegrees>
							<LongitudeDegrees>100.966111</LongitudeDegrees>
						</Position>
						<AltitudeMeters>39.890000</AltitudeMeters>
						<HeartRateBpm>
							<Value>110</Value>
						</HeartRateBpm>
						<Cadence>52</Cadence>
						<Extensions>
							<ns3:TPX>
								<ns3:Speed>1.106190</ns3:Speed>
							</ns3:TPX>
						</Extensions>
					</Trackpoint>
					<Trackpoint>
						<Time>2569-03-15T08:27:28Z</Time>
						<Position>
							<LatitudeDegrees>13.221426</LatitudeDegrees>
							<LongitudeDegrees>100.966119</LongitudeDegrees>
						</Position>
						<AltitudeMeters>39.900000</AltitudeMeters>
						<HeartRateBpm>
							<Value>109</Value>
						</HeartRateBpm>
						<Cadence>52</Cadence>
						<Extensions>
							<ns3:TPX>
								<ns3:Speed>1.106190</ns3:Speed>
							</ns3:TPX>
						</Extensions>
					</Trackpoint>
					<Trackpoint>
						<Time>2569-03-15T08:27:30Z</Time>
						<Position>
							<LatitudeDegrees>13.221439</LatitudeDegrees>
							<LongitudeDegrees>100.966136</LongitudeDegrees>
						</Position>
						<AltitudeMeters>39.900000</AltitudeMeters>
						<HeartRateBpm>
							<Value>109</Value>
						</HeartRateBpm>
						<Cadence>51</Cadence>
						<Extensions>
							<ns3:TPX>
								<ns3:Speed>1.107420</ns3:Speed>
							</ns3:TPX>
						</Extensions>
					</Trackpoint>
					<Trackpoint>
						<Time>2569-03-15T08:27:30Z</Time>
						<Position>
							<LatitudeDegrees>13.221439</LatitudeDegrees>
							<LongitudeDegrees>100.966136</LongitudeDegrees>
						</Position>
						<AltitudeMeters>39.900000</AltitudeMeters>
						<HeartRateBpm>
							<Value>109</Value>
						</HeartRateBpm>
						<Cadence>51</Cadence>
						<Extensions>
							<ns3:TPX>
								<ns3:Speed>1.107420</ns3:Speed>
							</ns3:TPX>
						</Extensions>
					</Trackpoint>
					<Trackpoint>
						<Time>2569-03-15T08:27:31Z</Time>
						<Position>
							<LatitudeDegrees>13.221445</LatitudeDegrees>
							<LongitudeDegrees>100.966144</LongitudeDegrees>
						</Position>
						<AltitudeMeters>39.900000</AltitudeMeters>
						<HeartRateBpm>
							<Value>109</Value>
						</HeartRateBpm>
						<Cadence>51</Cadence>
						<Extensions>
							<ns3:TPX>
								<ns3:Speed>1.107420</ns3:Speed>
							</ns3:TPX>
						</Extensions>
					</Trackpoint>
					<Trackpoint>
						<Time>2569-03-15T08:27:32Z</Time>
						<Position>
							<LatitudeDegrees>13.221451</LatitudeDegrees>
							<LongitudeDegrees>100.966152</LongitudeDegrees>
						</Position>
						<AltitudeMeters>39.900000</AltitudeMeters>
						<HeartRateBpm>
							<Value>109</Value>
						</HeartRateBpm>
						<Cadence>51</Cadence>
						<Extensions>
							<ns3:TPX>
								<ns3:Speed>1.107420</ns3:Speed>
							</ns3:TPX>
						</Extensions>
					</Trackpoint>
					<Trackpoint>
						<Time>2569-03-15T08:27:33Z</Time>
						<Position>
							<LatitudeDegrees>13.221457</LatitudeDegrees>
							<LongitudeDegrees>100.966160</LongitudeDegrees>
						</Position>
						<AltitudeMeters>39.900000</AltitudeMeters>
						<HeartRateBpm>
							<Value>108</Value>
						</HeartRateBpm>
						<Cadence>51</Cadence>
						<Extensions>
							<ns3:TPX>
								<ns3:Speed>1.108650</ns3:Speed>
							</ns3:TPX>
						</Extensions>
					</Trackpoint>
					<Trackpoint>
						<Time>2569-03-15T08:27:34Z</Time>
						<Position>
							<LatitudeDegrees>13.221463</LatitudeDegrees>
							<LongitudeDegrees>100.966168</LongitudeDegrees>
						</Position>
						<AltitudeMeters>39.900000</AltitudeMeters>
						<HeartRateBpm>
							<Value>109</Value>
						</HeartRateBpm>
						<Cadence>51</Cadence>
						<Extensions>
							<ns3:TPX>
								<ns3:Speed>1.108650</ns3:Speed>
							</ns3:TPX>
						</Extensions>
					</Trackpoint>
					<Trackpoint>
						<Time>2569-03-15T08:27:36Z</Time>
						<Position>
							<LatitudeDegrees>13.221471</LatitudeDegrees>
							<LongitudeDegrees>100.966176</LongitudeDegrees>
						</Position>
						<AltitudeMeters>39.900000</AltitudeMeters>
						<HeartRateBpm>
							<Value>109</Value>
						</HeartRateBpm>
						<Cadence>52</Cadence>
						<Extensions>
							<ns3:TPX>
								<ns3:Speed>1.107420</ns3:Speed>
							</ns3:TPX>
						</Extensions>
					</Trackpoint>
					<Trackpoint>
						<Time>2569-03-15T08:27:37Z</Time>
						<Position>
							<LatitudeDegrees>13.221478</LatitudeDegrees>
							<LongitudeDegrees>100.966183</LongitudeDegrees>
						</Position>
						<AltitudeMeters>39.900000</AltitudeMeters>
						<HeartRateBpm>
							<Value>110</Value>
						</HeartRateBpm>
						<Cadence>52</Cadence>
						<Extensions>
							<ns3:TPX>
								<ns3:Speed>1.107420</ns3:Speed>
							</ns3:TPX>
						</Extensions>
					</Trackpoint>
					<Trackpoint>
						<Time>2569-03-15T08:27:38Z</Time>
						<Position>
							<LatitudeDegrees>13.221484</LatitudeDegrees>
							<LongitudeDegrees>100.966192</LongitudeDegrees>
						</Position>
						<AltitudeMeters>39.900000</AltitudeMeters>
						<HeartRateBpm>
							<Value>110</Value>
						</HeartRateBpm>
						<Cadence>52</Cadence>
						<Extensions>
							<ns3:TPX>
								<ns3:Speed>1.106190</ns3:Speed>
							</ns3:TPX>
						</Extensions>
					</Trackpoint>
					<Trackpoint>
						<Time>2569-03-15T08:27:39Z</Time>
						<Position>
							<LatitudeDegrees>13.221496</LatitudeDegrees>
							<LongitudeDegrees>100.966210</LongitudeDegrees>
						</Position>
						<AltitudeMeters>39.900000</AltitudeMeters>
						<HeartRateBpm>
							<Value>109</Value>
						</HeartRateBpm>
						<Cadence>52</Cadence>
						<Extensions>
							<ns3:TPX>
								<ns3:Speed>1.106190</ns3:Speed>
							</ns3:TPX>
						</Extensions>
					</Trackpoint>
					<Trackpoint>
						<Time>2569-03-15T08:27:39Z</Time>
						<Position>
							<LatitudeDegrees>13.221496</LatitudeDegrees>
							<LongitudeDegrees>100.966210</LongitudeDegrees>
						</Position>
						<AltitudeMeters>39.900000</AltitudeMeters>
						<HeartRateBpm>
							<Value>109</Value>
						</HeartRateBpm>
						<Cadence>52</Cadence>
						<Extensions>
							<ns3:TPX>
								<ns3:Speed>1.106190</ns3:Speed>
							</ns3:TPX>
						</Extensions>
					</Trackpoint>
					<Trackpoint>
						<Time>2569-03-15T08:27:41Z</Time>
						<Position>
							<LatitudeDegrees>13.221502</LatitudeDegrees>
							<LongitudeDegrees>100.966218</LongitudeDegrees>
						</Position>
						<AltitudeMeters>39.900000</AltitudeMeters>
						<HeartRateBpm>
							<Value>109</Value>
						</HeartRateBpm>
						<Cadence>52</Cadence>
						<Extensions>
							<ns3:TPX>
								<ns3:Speed>1.106190</ns3:Speed>
							</ns3:TPX>
						</Extensions>
					</Trackpoint>
					<Trackpoint>
						<Time>2569-03-15T08:27:42Z</Time>
						<Position>
							<LatitudeDegrees>13.221508</LatitudeDegrees>
							<LongitudeDegrees>100.966226</LongitudeDegrees>
						</Position>
						<AltitudeMeters>39.910000</AltitudeMeters>
						<HeartRateBpm>
							<Value>109</Value>
						</HeartRateBpm>
						<Cadence>52</Cadence>
						<Extensions>
							<ns3:TPX>
								<ns3:Speed>1.106190</ns3:Speed>
							</ns3:TPX>
						</Extensions>
					</Trackpoint>
					<Trackpoint>
						<Time>2569-03-15T08:27:43Z</Time>
						<Position>
							<LatitudeDegrees>13.221514</LatitudeDegrees>
							<LongitudeDegrees>100.966234</LongitudeDegrees>
						</Position>
						<AltitudeMeters>39.910000</AltitudeMeters>
						<HeartRateBpm>
							<Value>108</Value>
						</HeartRateBpm>
						<Cadence>51</Cadence>
						<Extensions>
							<ns3:TPX>
								<ns3:Speed>1.106190</ns3:Speed>
							</ns3:TPX>
						</Extensions>
					</Trackpoint>
					<Trackpoint>
						<Time>2569-03-15T08:27:44Z</Time>
						<Position>
							<LatitudeDegrees>13.221521</LatitudeDegrees>
							<LongitudeDegrees>100.966242</LongitudeDegrees>
						</Position>
						<AltitudeMeters>39.920000</AltitudeMeters>
						<HeartRateBpm>
							<Value>108</Value>
						</HeartRateBpm>
						<Cadence>51</Cadence>
						<Extensions>
							<ns3:TPX>
								<ns3:Speed>1.106190</ns3:Speed>
							</ns3:TPX>
						</Extensions>
					</Trackpoint>
					<Trackpoint>
						<Time>2569-03-15T08:27:45Z</Time>
						<Position>
							<LatitudeDegrees>13.221532</LatitudeDegrees>
							<LongitudeDegrees>100.966259</LongitudeDegrees>
						</Position>
						<AltitudeMeters>39.920000</AltitudeMeters>
						<HeartRateBpm>
							<Value>108</Value>
						</HeartRateBpm>
						<Cadence>51</Cadence>
						<Extensions>
							<ns3:TPX>
								<ns3:Speed>1.107420</ns3:Speed>
							</ns3:TPX>
						</Extensions>
					</Trackpoint>
					<Trackpoint>
						<Time>2569-03-15T08:27:45Z</Time>
						<Position>
							<LatitudeDegrees>13.221532</LatitudeDegrees>
							<LongitudeDegrees>100.966259</LongitudeDegrees>
						</Position>
						<AltitudeMeters>39.920000</AltitudeMeters>
						<HeartRateBpm>
							<Value>108</Value>
						</HeartRateBpm>
						<Cadence>51</Cadence>
						<Extensions>
							<ns3:TPX>
								<ns3:Speed>1.107420</ns3:Speed>
							</ns3:TPX>
						</Extensions>
					</Trackpoint>
					<Trackpoint>
						<Time>2569-03-15T08:27:46Z</Time>
						<Position>
							<LatitudeDegrees>13.221539</LatitudeDegrees>
							<LongitudeDegrees>100.966267</LongitudeDegrees>
						</Position>
						<AltitudeMeters>39.920000</AltitudeMeters>
						<HeartRateBpm>
							<Value>109</Value>
						</HeartRateBpm>
						<Cadence>51</Cadence>
						<Extensions>
							<ns3:TPX>
								<ns3:Speed>1.107420</ns3:Speed>
							</ns3:TPX>
						</Extensions>
					</Trackpoint>
					<Trackpoint>
						<Time>2569-03-15T08:27:48Z</Time>
						<Position>
							<LatitudeDegrees>13.221546</LatitudeDegrees>
							<LongitudeDegrees>100.966276</LongitudeDegrees>
						</Position>
						<AltitudeMeters>39.930000</AltitudeMeters>
						<HeartRateBpm>
							<Value>109</Value>
						</HeartRateBpm>
						<Cadence>52</Cadence>
						<Extensions>
							<ns3:TPX>
								<ns3:Speed>1.108650</ns3:Speed>
							</ns3:TPX>
						</Extensions>
					</Trackpoint>
					<Trackpoint>
						<Time>2569-03-15T08:27:49Z</Time>
						<Position>
							<LatitudeDegrees>13.221553</LatitudeDegrees>
							<LongitudeDegrees>100.966283</LongitudeDegrees>
						</Position>
						<AltitudeMeters>39.930000</AltitudeMeters>
						<HeartRateBpm>
							<Value>110</Value>
						</HeartRateBpm>
						<Cadence>52</Cadence>
						<Extensions>
							<ns3:TPX>
								<ns3:Speed>1.108650</ns3:Speed>
							</ns3:TPX>
						</Extensions>
					</Trackpoint>
					<Trackpoint>
						<Time>2569-03-15T08:27:50Z</Time>
						<Position>
							<LatitudeDegrees>13.221561</LatitudeDegrees>
							<LongitudeDegrees>100.966291</LongitudeDegrees>
						</Position>
						<AltitudeMeters>39.930000</AltitudeMeters>
						<HeartRateBpm>
							<Value>110</Value>
						</HeartRateBpm>
						<Cadence>52</Cadence>
						<Extensions>
							<ns3:TPX>
								<ns3:Speed>1.109880</ns3:Speed>
							</ns3:TPX>
						</Extensions>
					</Trackpoint>
					<Trackpoint>
						<Time>2569-03-15T08:27:51Z</Time>
						<Position>
							<LatitudeDegrees>13.221568</LatitudeDegrees>
							<LongitudeDegrees>100.966300</LongitudeDegrees>
						</Position>
						<AltitudeMeters>39.920000</AltitudeMeters>
						<HeartRateBpm>
							<Value>109</Value>
						</HeartRateBpm>
						<Cadence>52</Cadence>
						<Extensions>
							<ns3:TPX>
								<ns3:Speed>1.109880</ns3:Speed>
							</ns3:TPX>
						</Extensions>
					</Trackpoint>
					<Trackpoint>
						<Time>2569-03-15T08:27:52Z</Time>
						<Position>
							<LatitudeDegrees>13.221576</LatitudeDegrees>
							<LongitudeDegrees>100.966309</LongitudeDegrees>
						</Position>
						<AltitudeMeters>39.920000</AltitudeMeters>
						<HeartRateBpm>
							<Value>109</Value>
						</HeartRateBpm>
						<Cadence>53</Cadence>
						<Extensions>
							<ns3:TPX>
								<ns3:Speed>1.111110</ns3:Speed>
							</ns3:TPX>
						</Extensions>
					</Trackpoint>
					<Trackpoint>
						<Time>2569-03-15T08:27:53Z</Time>
						<Position>
							<LatitudeDegrees>13.221590</LatitudeDegrees>
							<LongitudeDegrees>100.966327</LongitudeDegrees>
						</Position>
						<AltitudeMeters>39.920000</AltitudeMeters>
						<HeartRateBpm>
							<Value>109</Value>
						</HeartRateBpm>
						<Cadence>53</Cadence>
						<Extensions>
							<ns3:TPX>
								<ns3:Speed>1.112350</ns3:Speed>
							</ns3:TPX>
						</Extensions>
					</Trackpoint>
					<Trackpoint>
						<Time>2569-03-15T08:27:53Z</Time>
						<Position>
							<LatitudeDegrees>13.221590</LatitudeDegrees>
							<LongitudeDegrees>100.966327</LongitudeDegrees>
						</Position>
						<AltitudeMeters>39.920000</AltitudeMeters>
						<HeartRateBpm>
							<Value>109</Value>
						</HeartRateBpm>
						<Cadence>53</Cadence>
						<Extensions>
							<ns3:TPX>
								<ns3:Speed>1.112350</ns3:Speed>
							</ns3:TPX>
						</Extensions>
					</Trackpoint>
					<Trackpoint>
						<Time>2569-03-15T08:27:55Z</Time>
						<Position>
							<LatitudeDegrees>13.221596</LatitudeDegrees>
							<LongitudeDegrees>100.966335</LongitudeDegrees>
						</Position>
						<AltitudeMeters>39.910000</AltitudeMeters>
						<HeartRateBpm>
							<Value>110</Value>
						</HeartRateBpm>
						<Cadence>54</Cadence>
						<Extensions>
							<ns3:TPX>
								<ns3:Speed>1.116070</ns3:Speed>
							</ns3:TPX>
						</Extensions>
					</Trackpoint>
					<Trackpoint>
						<Time>2569-03-15T08:27:56Z</Time>
						<Position>
							<LatitudeDegrees>13.221601</LatitudeDegrees>
							<LongitudeDegrees>100.966344</LongitudeDegrees>
						</Position>
						<AltitudeMeters>39.900000</AltitudeMeters>
						<HeartRateBpm>
							<Value>109</Value>
						</HeartRateBpm>
						<Cadence>53</Cadence>
						<Extensions>
							<ns3:TPX>
								<ns3:Speed>1.118570</ns3:Speed>
							</ns3:TPX>
						</Extensions>
					</Trackpoint>
					<Trackpoint>
						<Time>2569-03-15T08:27:57Z</Time>
						<Position>
							<LatitudeDegrees>13.221607</LatitudeDegrees>
							<LongitudeDegrees>100.966352</LongitudeDegrees>
						</Position>
						<AltitudeMeters>39.890000</AltitudeMeters>
						<HeartRateBpm>
							<Value>109</Value>
						</HeartRateBpm>
						<Cadence>52</Cadence>
						<Extensions>
							<ns3:TPX>
								<ns3:Speed>1.119820</ns3:Speed>
							</ns3:TPX>
						</Extensions>
					</Trackpoint>
					<Trackpoint>
						<Time>2569-03-15T08:27:58Z</Time>
						<Position>
							<LatitudeDegrees>13.221614</LatitudeDegrees>
							<LongitudeDegrees>100.966361</LongitudeDegrees>
						</Position>
						<AltitudeMeters>39.890000</AltitudeMeters>
						<HeartRateBpm>
							<Value>109</Value>
						</HeartRateBpm>
						<Cadence>51</Cadence>
						<Extensions>
							<ns3:TPX>
								<ns3:Speed>1.121080</ns3:Speed>
							</ns3:TPX>
						</Extensions>
					</Trackpoint>
					<Trackpoint>
						<Time>2569-03-15T08:27:59Z</Time>
						<Position>
							<LatitudeDegrees>13.221620</LatitudeDegrees>
							<LongitudeDegrees>100.966368</LongitudeDegrees>
						</Position>
						<AltitudeMeters>39.880000</AltitudeMeters>
						<HeartRateBpm>
							<Value>109</Value>
						</HeartRateBpm>
						<Cadence>51</Cadence>
						<Extensions>
							<ns3:TPX>
								<ns3:Speed>1.121080</ns3:Speed>
							</ns3:TPX>
						</Extensions>
					</Trackpoint>
					<Trackpoint>
						<Time>2569-03-15T08:28:00Z</Time>
						<Position>
							<LatitudeDegrees>13.221633</LatitudeDegrees>
							<LongitudeDegrees>100.966383</LongitudeDegrees>
						</Position>
						<AltitudeMeters>39.880000</AltitudeMeters>
						<HeartRateBpm>
							<Value>110</Value>
						</HeartRateBpm>
						<Cadence>51</Cadence>
						<Extensions>
							<ns3:TPX>
								<ns3:Speed>1.121080</ns3:Speed>
							</ns3:TPX>
						</Extensions>
					</Trackpoint>
					<Trackpoint>
						<Time>2569-03-15T08:28:00Z</Time>
						<Position>
							<LatitudeDegrees>13.221633</LatitudeDegrees>
							<LongitudeDegrees>100.966383</LongitudeDegrees>
						</Position>
						<AltitudeMeters>39.880000</AltitudeMeters>
						<HeartRateBpm>
							<Value>110</Value>
						</HeartRateBpm>
						<Cadence>51</Cadence>
						<Extensions>
							<ns3:TPX>
								<ns3:Speed>1.121080</ns3:Speed>
							</ns3:TPX>
						</Extensions>
					</Trackpoint>
					<Trackpoint>
						<Time>2569-03-15T08:28:02Z</Time>
						<Position>
							<LatitudeDegrees>13.221641</LatitudeDegrees>
							<LongitudeDegrees>100.966390</LongitudeDegrees>
						</Position>
						<AltitudeMeters>39.870000</AltitudeMeters>
						<HeartRateBpm>
							<Value>109</Value>
						</HeartRateBpm>
						<Cadence>52</Cadence>
						<Extensions>
							<ns3:TPX>
								<ns3:Speed>1.118570</ns3:Speed>
							</ns3:TPX>
						</Extensions>
					</Trackpoint>
					<Trackpoint>
						<Time>2569-03-15T08:28:03Z</Time>
						<Position>
							<LatitudeDegrees>13.221648</LatitudeDegrees>
							<LongitudeDegrees>100.966398</LongitudeDegrees>
						</Position>
						<AltitudeMeters>39.870000</AltitudeMeters>
						<HeartRateBpm>
							<Value>109</Value>
						</HeartRateBpm>
						<Cadence>52</Cadence>
						<Extensions>
							<ns3:TPX>
								<ns3:Speed>1.118570</ns3:Speed>
							</ns3:TPX>
						</Extensions>
					</Trackpoint>
					<Trackpoint>
						<Time>2569-03-15T08:28:04Z</Time>
						<Position>
							<LatitudeDegrees>13.221661</LatitudeDegrees>
							<LongitudeDegrees>100.966413</LongitudeDegrees>
						</Position>
						<AltitudeMeters>39.870000</AltitudeMeters>
						<HeartRateBpm>
							<Value>108</Value>
						</HeartRateBpm>
						<Cadence>52</Cadence>
						<Extensions>
							<ns3:TPX>
								<ns3:Speed>1.117320</ns3:Speed>
							</ns3:TPX>
						</Extensions>
					</Trackpoint>
					<Trackpoint>
						<Time>2569-03-15T08:28:04Z</Time>
						<Position>
							<LatitudeDegrees>13.221661</LatitudeDegrees>
							<LongitudeDegrees>100.966413</LongitudeDegrees>
						</Position>
						<AltitudeMeters>39.870000</AltitudeMeters>
						<HeartRateBpm>
							<Value>108</Value>
						</HeartRateBpm>
						<Cadence>52</Cadence>
						<Extensions>
							<ns3:TPX>
								<ns3:Speed>1.117320</ns3:Speed>
							</ns3:TPX>
						</Extensions>
					</Trackpoint>
					<Trackpoint>
						<Time>2569-03-15T08:28:06Z</Time>
						<Position>
							<LatitudeDegrees>13.221668</LatitudeDegrees>
							<LongitudeDegrees>100.966421</LongitudeDegrees>
						</Position>
						<AltitudeMeters>39.860000</AltitudeMeters>
						<HeartRateBpm>
							<Value>107</Value>
						</HeartRateBpm>
						<Cadence>52</Cadence>
						<Extensions>
							<ns3:TPX>
								<ns3:Speed>1.114830</ns3:Speed>
							</ns3:TPX>
						</Extensions>
					</Trackpoint>
					<Trackpoint>
						<Time>2569-03-15T08:28:07Z</Time>
						<Position>
							<LatitudeDegrees>13.221675</LatitudeDegrees>
							<LongitudeDegrees>100.966428</LongitudeDegrees>
						</Position>
						<AltitudeMeters>39.870000</AltitudeMeters>
						<HeartRateBpm>
							<Value>107</Value>
						</HeartRateBpm>
						<Cadence>52</Cadence>
						<Extensions>
							<ns3:TPX>
								<ns3:Speed>1.113590</ns3:Speed>
							</ns3:TPX>
						</Extensions>
					</Trackpoint>
					<Trackpoint>
						<Time>2569-03-15T08:28:08Z</Time>
						<Position>
							<LatitudeDegrees>13.221681</LatitudeDegrees>
							<LongitudeDegrees>100.966436</LongitudeDegrees>
						</Position>
						<AltitudeMeters>39.870000</AltitudeMeters>
						<HeartRateBpm>
							<Value>107</Value>
						</HeartRateBpm>
						<Cadence>52</Cadence>
						<Extensions>
							<ns3:TPX>
								<ns3:Speed>1.113590</ns3:Speed>
							</ns3:TPX>
						</Extensions>
					</Trackpoint>
					<Trackpoint>
						<Time>2569-03-15T08:28:09Z</Time>
						<Position>
							<LatitudeDegrees>13.221694</LatitudeDegrees>
							<LongitudeDegrees>100.966451</LongitudeDegrees>
						</Position>
						<AltitudeMeters>39.870000</AltitudeMeters>
						<HeartRateBpm>
							<Value>107</Value>
						</HeartRateBpm>
						<Cadence>52</Cadence>
						<Extensions>
							<ns3:TPX>
								<ns3:Speed>1.112350</ns3:Speed>
							</ns3:TPX>
						</Extensions>
					</Trackpoint>
					<Trackpoint>
						<Time>2569-03-15T08:28:09Z</Time>
						<Position>
							<LatitudeDegrees>13.221694</LatitudeDegrees>
							<LongitudeDegrees>100.966451</LongitudeDegrees>
						</Position>
						<AltitudeMeters>39.870000</AltitudeMeters>
						<HeartRateBpm>
							<Value>107</Value>
						</HeartRateBpm>
						<Cadence>52</Cadence>
						<Extensions>
							<ns3:TPX>
								<ns3:Speed>1.112350</ns3:Speed>
							</ns3:TPX>
						</Extensions>
					</Trackpoint>
					<Trackpoint>
						<Time>2569-03-15T08:28:10Z</Time>
						<Position>
							<LatitudeDegrees>13.221700</LatitudeDegrees>
							<LongitudeDegrees>100.966458</LongitudeDegrees>
						</Position>
						<AltitudeMeters>39.870000</AltitudeMeters>
						<HeartRateBpm>
							<Value>108</Value>
						</HeartRateBpm>
						<Cadence>52</Cadence>
						<Extensions>
							<ns3:TPX>
								<ns3:Speed>1.111110</ns3:Speed>
							</ns3:TPX>
						</Extensions>
					</Trackpoint>
					<Trackpoint>
						<Time>2569-03-15T08:28:12Z</Time>
						<Position>
							<LatitudeDegrees>13.221713</LatitudeDegrees>
							<LongitudeDegrees>100.966473</LongitudeDegrees>
						</Position>
						<AltitudeMeters>39.870000</AltitudeMeters>
						<HeartRateBpm>
							<Value>109</Value>
						</HeartRateBpm>
						<Cadence>52</Cadence>
						<Extensions>
							<ns3:TPX>
								<ns3:Speed>1.108650</ns3:Speed>
							</ns3:TPX>
						</Extensions>
					</Trackpoint>
					<Trackpoint>
						<Time>2569-03-15T08:28:12Z</Time>
						<Position>
							<LatitudeDegrees>13.221713</LatitudeDegrees>
							<LongitudeDegrees>100.966473</LongitudeDegrees>
						</Position>
						<AltitudeMeters>39.870000</AltitudeMeters>
						<HeartRateBpm>
							<Value>109</Value>
						</HeartRateBpm>
						<Cadence>52</Cadence>
						<Extensions>
							<ns3:TPX>
								<ns3:Speed>1.108650</ns3:Speed>
							</ns3:TPX>
						</Extensions>
					</Trackpoint>
					<Trackpoint>
						<Time>2569-03-15T08:28:13Z</Time>
						<Position>
							<LatitudeDegrees>13.221720</LatitudeDegrees>
							<LongitudeDegrees>100.966482</LongitudeDegrees>
						</Position>
						<AltitudeMeters>39.870000</AltitudeMeters>
						<HeartRateBpm>
							<Value>109</Value>
						</HeartRateBpm>
						<Cadence>52</Cadence>
						<Extensions>
							<ns3:TPX>
								<ns3:Speed>1.107420</ns3:Speed>
							</ns3:TPX>
						</Extensions>
					</Trackpoint>
					<Trackpoint>
						<Time>2569-03-15T08:28:15Z</Time>
						<Position>
							<LatitudeDegrees>13.221731</LatitudeDegrees>
							<LongitudeDegrees>100.966500</LongitudeDegrees>
						</Position>
						<AltitudeMeters>39.880000</AltitudeMeters>
						<HeartRateBpm>
							<Value>109</Value>
						</HeartRateBpm>
						<Cadence>52</Cadence>
						<Extensions>
							<ns3:TPX>
								<ns3:Speed>1.106190</ns3:Speed>
							</ns3:TPX>
						</Extensions>
					</Trackpoint>
					<Trackpoint>
						<Time>2569-03-15T08:28:15Z</Time>
						<Position>
							<LatitudeDegrees>13.221731</LatitudeDegrees>
							<LongitudeDegrees>100.966500</LongitudeDegrees>
						</Position>
						<AltitudeMeters>39.880000</AltitudeMeters>
						<HeartRateBpm>
							<Value>109</Value>
						</HeartRateBpm>
						<Cadence>52</Cadence>
						<Extensions>
							<ns3:TPX>
								<ns3:Speed>1.106190</ns3:Speed>
							</ns3:TPX>
						</Extensions>
					</Trackpoint>
					<Trackpoint>
						<Time>2569-03-15T08:28:16Z</Time>
						<Position>
							<LatitudeDegrees>13.221737</LatitudeDegrees>
							<LongitudeDegrees>100.966509</LongitudeDegrees>
						</Position>
						<AltitudeMeters>39.880000</AltitudeMeters>
						<HeartRateBpm>
							<Value>108</Value>
						</HeartRateBpm>
						<Cadence>52</Cadence>
						<Extensions>
							<ns3:TPX>
								<ns3:Speed>1.106190</ns3:Speed>
							</ns3:TPX>
						</Extensions>
					</Trackpoint>
					<Trackpoint>
						<Time>2569-03-15T08:28:17Z</Time>
						<Position>
							<LatitudeDegrees>13.221742</LatitudeDegrees>
							<LongitudeDegrees>100.966518</LongitudeDegrees>
						</Position>
						<AltitudeMeters>39.880000</AltitudeMeters>
						<HeartRateBpm>
							<Value>108</Value>
						</HeartRateBpm>
						<Cadence>52</Cadence>
						<Extensions>
							<ns3:TPX>
								<ns3:Speed>1.106190</ns3:Speed>
							</ns3:TPX>
						</Extensions>
					</Trackpoint>
					<Trackpoint>
						<Time>2569-03-15T08:28:18Z</Time>
						<Position>
							<LatitudeDegrees>13.221747</LatitudeDegrees>
							<LongitudeDegrees>100.966527</LongitudeDegrees>
						</Position>
						<AltitudeMeters>39.880000</AltitudeMeters>
						<HeartRateBpm>
							<Value>108</Value>
						</HeartRateBpm>
						<Cadence>52</Cadence>
						<Extensions>
							<ns3:TPX>
								<ns3:Speed>1.106190</ns3:Speed>
							</ns3:TPX>
						</Extensions>
					</Trackpoint>
					<Trackpoint>
						<Time>2569-03-15T08:28:19Z</Time>
						<Position>
							<LatitudeDegrees>13.221752</LatitudeDegrees>
							<LongitudeDegrees>100.966535</LongitudeDegrees>
						</Position>
						<AltitudeMeters>39.880000</AltitudeMeters>
						<HeartRateBpm>
							<Value>107</Value>
						</HeartRateBpm>
						<Cadence>52</Cadence>
						<Extensions>
							<ns3:TPX>
								<ns3:Speed>1.106190</ns3:Speed>
							</ns3:TPX>
						</Extensions>
					</Trackpoint>
					<Trackpoint>
						<Time>2569-03-15T08:28:20Z</Time>
						<Position>
							<LatitudeDegrees>13.221757</LatitudeDegrees>
							<LongitudeDegrees>100.966544</LongitudeDegrees>
						</Position>
						<AltitudeMeters>39.880000</AltitudeMeters>
						<HeartRateBpm>
							<Value>107</Value>
						</HeartRateBpm>
						<Cadence>51</Cadence>
						<Extensions>
							<ns3:TPX>
								<ns3:Speed>1.106190</ns3:Speed>
							</ns3:TPX>
						</Extensions>
					</Trackpoint>
					<Trackpoint>
						<Time>2569-03-15T08:28:21Z</Time>
						<Position>
							<LatitudeDegrees>13.221763</LatitudeDegrees>
							<LongitudeDegrees>100.966553</LongitudeDegrees>
						</Position>
						<AltitudeMeters>39.880000</AltitudeMeters>
						<HeartRateBpm>
							<Value>107</Value>
						</HeartRateBpm>
						<Cadence>51</Cadence>
						<Extensions>
							<ns3:TPX>
								<ns3:Speed>1.106190</ns3:Speed>
							</ns3:TPX>
						</Extensions>
					</Trackpoint>
					<Trackpoint>
						<Time>2569-03-15T08:28:22Z</Time>
						<Position>
							<LatitudeDegrees>13.221768</LatitudeDegrees>
							<LongitudeDegrees>100.966561</LongitudeDegrees>
						</Position>
						<AltitudeMeters>39.880000</AltitudeMeters>
						<HeartRateBpm>
							<Value>107</Value>
						</HeartRateBpm>
						<Cadence>51</Cadence>
						<Extensions>
							<ns3:TPX>
								<ns3:Speed>1.104970</ns3:Speed>
							</ns3:TPX>
						</Extensions>
					</Trackpoint>
					<Trackpoint>
						<Time>2569-03-15T08:28:23Z</Time>
						<Position>
							<LatitudeDegrees>13.221774</LatitudeDegrees>
							<LongitudeDegrees>100.966569</LongitudeDegrees>
						</Position>
						<AltitudeMeters>39.880000</AltitudeMeters>
						<HeartRateBpm>
							<Value>108</Value>
						</HeartRateBpm>
						<Cadence>52</Cadence>
						<Extensions>
							<ns3:TPX>
								<ns3:Speed>1.104970</ns3:Speed>
							</ns3:TPX>
						</Extensions>
					</Trackpoint>
					<Trackpoint>
						<Time>2569-03-15T08:28:24Z</Time>
						<Position>
							<LatitudeDegrees>13.221780</LatitudeDegrees>
							<LongitudeDegrees>100.966577</LongitudeDegrees>
						</Position>
						<AltitudeMeters>39.880000</AltitudeMeters>
						<HeartRateBpm>
							<Value>108</Value>
						</HeartRateBpm>
						<Cadence>52</Cadence>
						<Extensions>
							<ns3:TPX>
								<ns3:Speed>1.104970</ns3:Speed>
							</ns3:TPX>
						</Extensions>
					</Trackpoint>
					<Trackpoint>
						<Time>2569-03-15T08:28:25Z</Time>
						<Position>
							<LatitudeDegrees>13.221785</LatitudeDegrees>
							<LongitudeDegrees>100.966585</LongitudeDegrees>
						</Position>
						<AltitudeMeters>39.880000</AltitudeMeters>
						<HeartRateBpm>
							<Value>109</Value>
						</HeartRateBpm>
						<Cadence>52</Cadence>
						<Extensions>
							<ns3:TPX>
								<ns3:Speed>1.103750</ns3:Speed>
							</ns3:TPX>
						</Extensions>
					</Trackpoint>
					<Trackpoint>
						<Time>2569-03-15T08:28:27Z</Time>
						<Position>
							<LatitudeDegrees>13.221796</LatitudeDegrees>
							<LongitudeDegrees>100.966602</LongitudeDegrees>
						</Position>
						<AltitudeMeters>39.880000</AltitudeMeters>
						<HeartRateBpm>
							<Value>109</Value>
						</HeartRateBpm>
						<Cadence>52</Cadence>
						<Extensions>
							<ns3:TPX>
								<ns3:Speed>1.102540</ns3:Speed>
							</ns3:TPX>
						</Extensions>
					</Trackpoint>
					<Trackpoint>
						<Time>2569-03-15T08:28:27Z</Time>
						<Position>
							<LatitudeDegrees>13.221796</LatitudeDegrees>
							<LongitudeDegrees>100.966602</LongitudeDegrees>
						</Position>
						<AltitudeMeters>39.880000</AltitudeMeters>
						<HeartRateBpm>
							<Value>109</Value>
						</HeartRateBpm>
						<Cadence>52</Cadence>
						<Extensions>
							<ns3:TPX>
								<ns3:Speed>1.102540</ns3:Speed>
							</ns3:TPX>
						</Extensions>
					</Trackpoint>
					<Trackpoint>
						<Time>2569-03-15T08:28:28Z</Time>
						<Position>
							<LatitudeDegrees>13.221802</LatitudeDegrees>
							<LongitudeDegrees>100.966610</LongitudeDegrees>
						</Position>
						<AltitudeMeters>39.880000</AltitudeMeters>
						<HeartRateBpm>
							<Value>110</Value>
						</HeartRateBpm>
						<Cadence>52</Cadence>
						<Extensions>
							<ns3:TPX>
								<ns3:Speed>1.101320</ns3:Speed>
							</ns3:TPX>
						</Extensions>
					</Trackpoint>
					<Trackpoint>
						<Time>2569-03-15T08:28:30Z</Time>
						<Position>
							<LatitudeDegrees>13.221812</LatitudeDegrees>
							<LongitudeDegrees>100.966628</LongitudeDegrees>
						</Position>
						<AltitudeMeters>39.880000</AltitudeMeters>
						<HeartRateBpm>
							<Value>109</Value>
						</HeartRateBpm>
						<Cadence>51</Cadence>
						<Extensions>
							<ns3:TPX>
								<ns3:Speed>1.098900</ns3:Speed>
							</ns3:TPX>
						</Extensions>
					</Trackpoint>
					<Trackpoint>
						<Time>2569-03-15T08:28:30Z</Time>
						<Position>
							<LatitudeDegrees>13.221812</LatitudeDegrees>
							<LongitudeDegrees>100.966628</LongitudeDegrees>
						</Position>
						<AltitudeMeters>39.880000</AltitudeMeters>
						<HeartRateBpm>
							<Value>109</Value>
						</HeartRateBpm>
						<Cadence>51</Cadence>
						<Extensions>
							<ns3:TPX>
								<ns3:Speed>1.098900</ns3:Speed>
							</ns3:TPX>
						</Extensions>
					</Trackpoint>
					<Trackpoint>
						<Time>2569-03-15T08:28:31Z</Time>
						<Position>
							<LatitudeDegrees>13.221817</LatitudeDegrees>
							<LongitudeDegrees>100.966637</LongitudeDegrees>
						</Position>
						<AltitudeMeters>39.880000</AltitudeMeters>
						<HeartRateBpm>
							<Value>108</Value>
						</HeartRateBpm>
						<Cadence>51</Cadence>
						<Extensions>
							<ns3:TPX>
								<ns3:Speed>1.098900</ns3:Speed>
							</ns3:TPX>
						</Extensions>
					</Trackpoint>
					<Trackpoint>
						<Time>2569-03-15T08:28:33Z</Time>
						<Position>
							<LatitudeDegrees>13.221823</LatitudeDegrees>
							<LongitudeDegrees>100.966645</LongitudeDegrees>
						</Position>
						<AltitudeMeters>39.890000</AltitudeMeters>
						<HeartRateBpm>
							<Value>108</Value>
						</HeartRateBpm>
						<Cadence>51</Cadence>
						<Extensions>
							<ns3:TPX>
								<ns3:Speed>1.096490</ns3:Speed>
							</ns3:TPX>
						</Extensions>
					</Trackpoint>
					<Trackpoint>
						<Time>2569-03-15T08:28:34Z</Time>
						<Position>
							<LatitudeDegrees>13.221835</LatitudeDegrees>
							<LongitudeDegrees>100.966662</LongitudeDegrees>
						</Position>
						<AltitudeMeters>39.900000</AltitudeMeters>
						<HeartRateBpm>
							<Value>108</Value>
						</HeartRateBpm>
						<Cadence>51</Cadence>
						<Extensions>
							<ns3:TPX>
								<ns3:Speed>1.096490</ns3:Speed>
							</ns3:TPX>
						</Extensions>
					</Trackpoint>
					<Trackpoint>
						<Time>2569-03-15T08:28:34Z</Time>
						<Position>
							<LatitudeDegrees>13.221835</LatitudeDegrees>
							<LongitudeDegrees>100.966662</LongitudeDegrees>
						</Position>
						<AltitudeMeters>39.900000</AltitudeMeters>
						<HeartRateBpm>
							<Value>108</Value>
						</HeartRateBpm>
						<Cadence>51</Cadence>
						<Extensions>
							<ns3:TPX>
								<ns3:Speed>1.096490</ns3:Speed>
							</ns3:TPX>
						</Extensions>
					</Trackpoint>
					<Trackpoint>
						<Time>2569-03-15T08:28:35Z</Time>
						<Position>
							<LatitudeDegrees>13.221842</LatitudeDegrees>
							<LongitudeDegrees>100.966671</LongitudeDegrees>
						</Position>
						<AltitudeMeters>39.900000</AltitudeMeters>
						<HeartRateBpm>
							<Value>109</Value>
						</HeartRateBpm>
						<Cadence>51</Cadence>
						<Extensions>
							<ns3:TPX>
								<ns3:Speed>1.095290</ns3:Speed>
							</ns3:TPX>
						</Extensions>
					</Trackpoint>
					<Trackpoint>
						<Time>2569-03-15T08:28:36Z</Time>
						<Position>
							<LatitudeDegrees>13.221848</LatitudeDegrees>
							<LongitudeDegrees>100.966679</LongitudeDegrees>
						</Position>
						<AltitudeMeters>39.910000</AltitudeMeters>
						<HeartRateBpm>
							<Value>110</Value>
						</HeartRateBpm>
						<Cadence>51</Cadence>
						<Extensions>
							<ns3:TPX>
								<ns3:Speed>1.095290</ns3:Speed>
							</ns3:TPX>
						</Extensions>
					</Trackpoint>
					<Trackpoint>
						<Time>2569-03-15T08:28:37Z</Time>
						<Position>
							<LatitudeDegrees>13.221855</LatitudeDegrees>
							<LongitudeDegrees>100.966688</LongitudeDegrees>
						</Position>
						<AltitudeMeters>39.910000</AltitudeMeters>
						<HeartRateBpm>
							<Value>112</Value>
						</HeartRateBpm>
						<Cadence>52</Cadence>
						<Extensions>
							<ns3:TPX>
								<ns3:Speed>1.095290</ns3:Speed>
							</ns3:TPX>
						</Extensions>
					</Trackpoint>
					<Trackpoint>
						<Time>2569-03-15T08:28:39Z</Time>
						<Position>
							<LatitudeDegrees>13.221867</LatitudeDegrees>
							<LongitudeDegrees>100.966703</LongitudeDegrees>
						</Position>
						<AltitudeMeters>39.930000</AltitudeMeters>
						<HeartRateBpm>
							<Value>112</Value>
						</HeartRateBpm>
						<Cadence>51</Cadence>
						<Extensions>
							<ns3:TPX>
								<ns3:Speed>1.095290</ns3:Speed>
							</ns3:TPX>
						</Extensions>
					</Trackpoint>
					<Trackpoint>
						<Time>2569-03-15T08:28:39Z</Time>
						<Position>
							<LatitudeDegrees>13.221867</LatitudeDegrees>
							<LongitudeDegrees>100.966703</LongitudeDegrees>
						</Position>
						<AltitudeMeters>39.930000</AltitudeMeters>
						<HeartRateBpm>
							<Value>112</Value>
						</HeartRateBpm>
						<Cadence>51</Cadence>
						<Extensions>
							<ns3:TPX>
								<ns3:Speed>1.095290</ns3:Speed>
							</ns3:TPX>
						</Extensions>
					</Trackpoint>
					<Trackpoint>
						<Time>2569-03-15T08:28:40Z</Time>
						<Position>
							<LatitudeDegrees>13.221873</LatitudeDegrees>
							<LongitudeDegrees>100.966711</LongitudeDegrees>
						</Position>
						<AltitudeMeters>39.940000</AltitudeMeters>
						<HeartRateBpm>
							<Value>112</Value>
						</HeartRateBpm>
						<Cadence>51</Cadence>
						<Extensions>
							<ns3:TPX>
								<ns3:Speed>1.095290</ns3:Speed>
							</ns3:TPX>
						</Extensions>
					</Trackpoint>
					<Trackpoint>
						<Time>2569-03-15T08:28:42Z</Time>
						<Position>
							<LatitudeDegrees>13.221885</LatitudeDegrees>
							<LongitudeDegrees>100.966728</LongitudeDegrees>
						</Position>
						<AltitudeMeters>39.960000</AltitudeMeters>
						<HeartRateBpm>
							<Value>110</Value>
						</HeartRateBpm>
						<Cadence>50</Cadence>
						<Extensions>
							<ns3:TPX>
								<ns3:Speed>1.095290</ns3:Speed>
							</ns3:TPX>
						</Extensions>
					</Trackpoint>
					<Trackpoint>
						<Time>2569-03-15T08:28:42Z</Time>
						<Position>
							<LatitudeDegrees>13.221885</LatitudeDegrees>
							<LongitudeDegrees>100.966728</LongitudeDegrees>
						</Position>
						<AltitudeMeters>39.960000</AltitudeMeters>
						<HeartRateBpm>
							<Value>110</Value>
						</HeartRateBpm>
						<Cadence>50</Cadence>
						<Extensions>
							<ns3:TPX>
								<ns3:Speed>1.095290</ns3:Speed>
							</ns3:TPX>
						</Extensions>
					</Trackpoint>
					<Trackpoint>
						<Time>2569-03-15T08:28:43Z</Time>
						<Position>
							<LatitudeDegrees>13.221891</LatitudeDegrees>
							<LongitudeDegrees>100.966738</LongitudeDegrees>
						</Position>
						<AltitudeMeters>39.610000</AltitudeMeters>
						<HeartRateBpm>
							<Value>109</Value>
						</HeartRateBpm>
						<Cadence>49</Cadence>
						<Extensions>
							<ns3:TPX>
								<ns3:Speed>1.095290</ns3:Speed>
							</ns3:TPX>
						</Extensions>
					</Trackpoint>
					<Trackpoint>
						<Time>2569-03-15T08:28:44Z</Time>
						<Position>
							<LatitudeDegrees>13.221897</LatitudeDegrees>
							<LongitudeDegrees>100.966746</LongitudeDegrees>
						</Position>
						<AltitudeMeters>39.490000</AltitudeMeters>
						<HeartRateBpm>
							<Value>109</Value>
						</HeartRateBpm>
						<Cadence>50</Cadence>
						<Extensions>
							<ns3:TPX>
								<ns3:Speed>1.094090</ns3:Speed>
							</ns3:TPX>
						</Extensions>
					</Trackpoint>
					<Trackpoint>
						<Time>2569-03-15T08:28:45Z</Time>
						<Position>
							<LatitudeDegrees>13.221902</LatitudeDegrees>
							<LongitudeDegrees>100.966755</LongitudeDegrees>
						</Position>
						<AltitudeMeters>39.440000</AltitudeMeters>
						<HeartRateBpm>
							<Value>109</Value>
						</HeartRateBpm>
						<Cadence>50</Cadence>
						<Extensions>
							<ns3:TPX>
								<ns3:Speed>1.094090</ns3:Speed>
							</ns3:TPX>
						</Extensions>
					</Trackpoint>
					<Trackpoint>
						<Time>2569-03-15T08:28:46Z</Time>
						<Position>
							<LatitudeDegrees>13.221908</LatitudeDegrees>
							<LongitudeDegrees>100.966763</LongitudeDegrees>
						</Position>
						<AltitudeMeters>39.420000</AltitudeMeters>
						<HeartRateBpm>
							<Value>108</Value>
						</HeartRateBpm>
						<Cadence>51</Cadence>
						<Extensions>
							<ns3:TPX>
								<ns3:Speed>1.092900</ns3:Speed>
							</ns3:TPX>
						</Extensions>
					</Trackpoint>
					<Trackpoint>
						<Time>2569-03-15T08:28:47Z</Time>
						<Position>
							<LatitudeDegrees>13.221913</LatitudeDegrees>
							<LongitudeDegrees>100.966773</LongitudeDegrees>
						</Position>
						<AltitudeMeters>39.380000</AltitudeMeters>
						<HeartRateBpm>
							<Value>108</Value>
						</HeartRateBpm>
						<Cadence>52</Cadence>
						<Extensions>
							<ns3:TPX>
								<ns3:Speed>1.092900</ns3:Speed>
							</ns3:TPX>
						</Extensions>
					</Trackpoint>
					<Trackpoint>
						<Time>2569-03-15T08:28:48Z</Time>
						<Position>
							<LatitudeDegrees>13.221919</LatitudeDegrees>
							<LongitudeDegrees>100.966782</LongitudeDegrees>
						</Position>
						<AltitudeMeters>39.340000</AltitudeMeters>
						<HeartRateBpm>
							<Value>108</Value>
						</HeartRateBpm>
						<Cadence>51</Cadence>
						<Extensions>
							<ns3:TPX>
								<ns3:Speed>1.092900</ns3:Speed>
							</ns3:TPX>
						</Extensions>
					</Trackpoint>
					<Trackpoint>
						<Time>2569-03-15T08:28:49Z</Time>
						<Position>
							<LatitudeDegrees>13.221924</LatitudeDegrees>
							<LongitudeDegrees>100.966790</LongitudeDegrees>
						</Position>
						<AltitudeMeters>39.340000</AltitudeMeters>
						<HeartRateBpm>
							<Value>109</Value>
						</HeartRateBpm>
						<Cadence>51</Cadence>
						<Extensions>
							<ns3:TPX>
								<ns3:Speed>1.094090</ns3:Speed>
							</ns3:TPX>
						</Extensions>
					</Trackpoint>
					<Trackpoint>
						<Time>2569-03-15T08:28:50Z</Time>
						<Position>
							<LatitudeDegrees>13.221930</LatitudeDegrees>
							<LongitudeDegrees>100.966799</LongitudeDegrees>
						</Position>
						<AltitudeMeters>39.320000</AltitudeMeters>
						<HeartRateBpm>
							<Value>109</Value>
						</HeartRateBpm>
						<Cadence>51</Cadence>
						<Extensions>
							<ns3:TPX>
								<ns3:Speed>1.094090</ns3:Speed>
							</ns3:TPX>
						</Extensions>
					</Trackpoint>
					<Trackpoint>
						<Time>2569-03-15T08:28:51Z</Time>
						<Position>
							<LatitudeDegrees>13.221936</LatitudeDegrees>
							<LongitudeDegrees>100.966807</LongitudeDegrees>
						</Position>
						<AltitudeMeters>39.350000</AltitudeMeters>
						<HeartRateBpm>
							<Value>109</Value>
						</HeartRateBpm>
						<Cadence>51</Cadence>
						<Extensions>
							<ns3:TPX>
								<ns3:Speed>1.094090</ns3:Speed>
							</ns3:TPX>
						</Extensions>
					</Trackpoint>
					<Trackpoint>
						<Time>2569-03-15T08:28:52Z</Time>
						<Position>
							<LatitudeDegrees>13.221941</LatitudeDegrees>
							<LongitudeDegrees>100.966816</LongitudeDegrees>
						</Position>
						<AltitudeMeters>39.330000</AltitudeMeters>
						<HeartRateBpm>
							<Value>109</Value>
						</HeartRateBpm>
						<Cadence>51</Cadence>
						<Extensions>
							<ns3:TPX>
								<ns3:Speed>1.095290</ns3:Speed>
							</ns3:TPX>
						</Extensions>
					</Trackpoint>
					<Trackpoint>
						<Time>2569-03-15T08:28:53Z</Time>
						<Position>
							<LatitudeDegrees>13.221947</LatitudeDegrees>
							<LongitudeDegrees>100.966825</LongitudeDegrees>
						</Position>
						<AltitudeMeters>39.360000</AltitudeMeters>
						<HeartRateBpm>
							<Value>108</Value>
						</HeartRateBpm>
						<Cadence>51</Cadence>
						<Extensions>
							<ns3:TPX>
								<ns3:Speed>1.095290</ns3:Speed>
							</ns3:TPX>
						</Extensions>
					</Trackpoint>
					<Trackpoint>
						<Time>2569-03-15T08:28:54Z</Time>
						<Position>
							<LatitudeDegrees>13.221953</LatitudeDegrees>
							<LongitudeDegrees>100.966833</LongitudeDegrees>
						</Position>
						<AltitudeMeters>39.350000</AltitudeMeters>
						<HeartRateBpm>
							<Value>108</Value>
						</HeartRateBpm>
						<Cadence>51</Cadence>
						<Extensions>
							<ns3:TPX>
								<ns3:Speed>1.095290</ns3:Speed>
							</ns3:TPX>
						</Extensions>
					</Trackpoint>
					<Trackpoint>
						<Time>2569-03-15T08:28:55Z</Time>
						<Position>
							<LatitudeDegrees>13.221958</LatitudeDegrees>
							<LongitudeDegrees>100.966842</LongitudeDegrees>
						</Position>
						<AltitudeMeters>39.340000</AltitudeMeters>
						<HeartRateBpm>
							<Value>108</Value>
						</HeartRateBpm>
						<Cadence>51</Cadence>
						<Extensions>
							<ns3:TPX>
								<ns3:Speed>1.095290</ns3:Speed>
							</ns3:TPX>
						</Extensions>
					</Trackpoint>
					<Trackpoint>
						<Time>2569-03-15T08:28:57Z</Time>
						<Position>
							<LatitudeDegrees>13.221969</LatitudeDegrees>
							<LongitudeDegrees>100.966859</LongitudeDegrees>
						</Position>
						<AltitudeMeters>39.420000</AltitudeMeters>
						<HeartRateBpm>
							<Value>108</Value>
						</HeartRateBpm>
						<Cadence>50</Cadence>
						<Extensions>
							<ns3:TPX>
								<ns3:Speed>1.095290</ns3:Speed>
							</ns3:TPX>
						</Extensions>
					</Trackpoint>
					<Trackpoint>
						<Time>2569-03-15T08:28:57Z</Time>
						<Position>
							<LatitudeDegrees>13.221969</LatitudeDegrees>
							<LongitudeDegrees>100.966859</LongitudeDegrees>
						</Position>
						<AltitudeMeters>39.420000</AltitudeMeters>
						<HeartRateBpm>
							<Value>108</Value>
						</HeartRateBpm>
						<Cadence>50</Cadence>
						<Extensions>
							<ns3:TPX>
								<ns3:Speed>1.095290</ns3:Speed>
							</ns3:TPX>
						</Extensions>
					</Trackpoint>
					<Trackpoint>
						<Time>2569-03-15T08:28:58Z</Time>
						<Position>
							<LatitudeDegrees>13.221974</LatitudeDegrees>
							<LongitudeDegrees>100.966866</LongitudeDegrees>
						</Position>
						<AltitudeMeters>39.430000</AltitudeMeters>
						<HeartRateBpm>
							<Value>109</Value>
						</HeartRateBpm>
						<Cadence>50</Cadence>
						<Extensions>
							<ns3:TPX>
								<ns3:Speed>1.095290</ns3:Speed>
							</ns3:TPX>
						</Extensions>
					</Trackpoint>
					<Trackpoint>
						<Time>2569-03-15T08:28:59Z</Time>
						<Position>
							<LatitudeDegrees>13.221981</LatitudeDegrees>
							<LongitudeDegrees>100.966873</LongitudeDegrees>
						</Position>
						<AltitudeMeters>39.470000</AltitudeMeters>
						<HeartRateBpm>
							<Value>109</Value>
						</HeartRateBpm>
						<Cadence>50</Cadence>
						<Extensions>
							<ns3:TPX>
								<ns3:Speed>1.095290</ns3:Speed>
							</ns3:TPX>
						</Extensions>
					</Trackpoint>
					<Trackpoint>
						<Time>2569-03-15T08:29:00Z</Time>
						<Position>
							<LatitudeDegrees>13.221986</LatitudeDegrees>
							<LongitudeDegrees>100.966881</LongitudeDegrees>
						</Position>
						<AltitudeMeters>39.460000</AltitudeMeters>
						<HeartRateBpm>
							<Value>110</Value>
						</HeartRateBpm>
						<Cadence>50</Cadence>
						<Extensions>
							<ns3:TPX>
								<ns3:Speed>1.095290</ns3:Speed>
							</ns3:TPX>
						</Extensions>
					</Trackpoint>
					<Trackpoint>
						<Time>2569-03-15T08:29:01Z</Time>
						<Position>
							<LatitudeDegrees>13.221992</LatitudeDegrees>
							<LongitudeDegrees>100.966889</LongitudeDegrees>
						</Position>
						<AltitudeMeters>39.530000</AltitudeMeters>
						<HeartRateBpm>
							<Value>111</Value>
						</HeartRateBpm>
						<Cadence>50</Cadence>
						<Extensions>
							<ns3:TPX>
								<ns3:Speed>1.095290</ns3:Speed>
							</ns3:TPX>
						</Extensions>
					</Trackpoint>
					<Trackpoint>
						<Time>2569-03-15T08:29:02Z</Time>
						<Position>
							<LatitudeDegrees>13.221999</LatitudeDegrees>
							<LongitudeDegrees>100.966895</LongitudeDegrees>
						</Position>
						<AltitudeMeters>39.580000</AltitudeMeters>
						<HeartRateBpm>
							<Value>111</Value>
						</HeartRateBpm>
						<Cadence>50</Cadence>
						<Extensions>
							<ns3:TPX>
								<ns3:Speed>1.094090</ns3:Speed>
							</ns3:TPX>
						</Extensions>
					</Trackpoint>
					<Trackpoint>
						<Time>2569-03-15T08:29:03Z</Time>
						<Position>
							<LatitudeDegrees>13.222008</LatitudeDegrees>
							<LongitudeDegrees>100.966901</LongitudeDegrees>
						</Position>
						<AltitudeMeters>39.600000</AltitudeMeters>
						<HeartRateBpm>
							<Value>111</Value>
						</HeartRateBpm>
						<Cadence>50</Cadence>
						<Extensions>
							<ns3:TPX>
								<ns3:Speed>1.091700</ns3:Speed>
							</ns3:TPX>
						</Extensions>
					</Trackpoint>
					<Trackpoint>
						<Time>2569-03-15T08:29:04Z</Time>
						<Position>
							<LatitudeDegrees>13.222017</LatitudeDegrees>
							<LongitudeDegrees>100.966908</LongitudeDegrees>
						</Position>
						<AltitudeMeters>39.620000</AltitudeMeters>
						<HeartRateBpm>
							<Value>110</Value>
						</HeartRateBpm>
						<Cadence>51</Cadence>
						<Extensions>
							<ns3:TPX>
								<ns3:Speed>1.090510</ns3:Speed>
							</ns3:TPX>
						</Extensions>
					</Trackpoint>
					<Trackpoint>
						<Time>2569-03-15T08:29:05Z</Time>
						<Position>
							<LatitudeDegrees>13.222026</LatitudeDegrees>
							<LongitudeDegrees>100.966915</LongitudeDegrees>
						</Position>
						<AltitudeMeters>39.680000</AltitudeMeters>
						<HeartRateBpm>
							<Value>109</Value>
						</HeartRateBpm>
						<Cadence>51</Cadence>
						<Extensions>
							<ns3:TPX>
								<ns3:Speed>1.088140</ns3:Speed>
							</ns3:TPX>
						</Extensions>
					</Trackpoint>
					<Trackpoint>
						<Time>2569-03-15T08:29:06Z</Time>
						<Position>
							<LatitudeDegrees>13.222034</LatitudeDegrees>
							<LongitudeDegrees>100.966924</LongitudeDegrees>
						</Position>
						<AltitudeMeters>39.720000</AltitudeMeters>
						<HeartRateBpm>
							<Value>109</Value>
						</HeartRateBpm>
						<Cadence>51</Cadence>
						<Extensions>
							<ns3:TPX>
								<ns3:Speed>1.086960</ns3:Speed>
							</ns3:TPX>
						</Extensions>
					</Trackpoint>
					<Trackpoint>
						<Time>2569-03-15T08:29:07Z</Time>
						<Position>
							<LatitudeDegrees>13.222041</LatitudeDegrees>
							<LongitudeDegrees>100.966933</LongitudeDegrees>
						</Position>
						<AltitudeMeters>39.810000</AltitudeMeters>
						<HeartRateBpm>
							<Value>109</Value>
						</HeartRateBpm>
						<Cadence>52</Cadence>
						<Extensions>
							<ns3:TPX>
								<ns3:Speed>1.086960</ns3:Speed>
							</ns3:TPX>
						</Extensions>
					</Trackpoint>
					<Trackpoint>
						<Time>2569-03-15T08:29:08Z</Time>
						<Position>
							<LatitudeDegrees>13.222046</LatitudeDegrees>
							<LongitudeDegrees>100.966943</LongitudeDegrees>
						</Position>
						<AltitudeMeters>39.870000</AltitudeMeters>
						<HeartRateBpm>
							<Value>108</Value>
						</HeartRateBpm>
						<Cadence>52</Cadence>
						<Extensions>
							<ns3:TPX>
								<ns3:Speed>1.088140</ns3:Speed>
							</ns3:TPX>
						</Extensions>
					</Trackpoint>
					<Trackpoint>
						<Time>2569-03-15T08:29:09Z</Time>
						<Position>
							<LatitudeDegrees>13.222051</LatitudeDegrees>
							<LongitudeDegrees>100.966953</LongitudeDegrees>
						</Position>
						<AltitudeMeters>39.950000</AltitudeMeters>
						<HeartRateBpm>
							<Value>108</Value>
						</HeartRateBpm>
						<Cadence>52</Cadence>
						<Extensions>
							<ns3:TPX>
								<ns3:Speed>1.091700</ns3:Speed>
							</ns3:TPX>
						</Extensions>
					</Trackpoint>
					<Trackpoint>
						<Time>2569-03-15T08:29:10Z</Time>
						<Position>
							<LatitudeDegrees>13.222056</LatitudeDegrees>
							<LongitudeDegrees>100.966962</LongitudeDegrees>
						</Position>
						<AltitudeMeters>40.060000</AltitudeMeters>
						<HeartRateBpm>
							<Value>108</Value>
						</HeartRateBpm>
						<Cadence>52</Cadence>
						<Extensions>
							<ns3:TPX>
								<ns3:Speed>1.095290</ns3:Speed>
							</ns3:TPX>
						</Extensions>
					</Trackpoint>
					<Trackpoint>
						<Time>2569-03-15T08:29:12Z</Time>
						<Position>
							<LatitudeDegrees>13.222069</LatitudeDegrees>
							<LongitudeDegrees>100.966978</LongitudeDegrees>
						</Position>
						<AltitudeMeters>40.210000</AltitudeMeters>
						<HeartRateBpm>
							<Value>108</Value>
						</HeartRateBpm>
						<Cadence>51</Cadence>
						<Extensions>
							<ns3:TPX>
								<ns3:Speed>1.101320</ns3:Speed>
							</ns3:TPX>
						</Extensions>
					</Trackpoint>
					<Trackpoint>
						<Time>2569-03-15T08:29:12Z</Time>
						<Position>
							<LatitudeDegrees>13.222069</LatitudeDegrees>
							<LongitudeDegrees>100.966978</LongitudeDegrees>
						</Position>
						<AltitudeMeters>40.210000</AltitudeMeters>
						<HeartRateBpm>
							<Value>108</Value>
						</HeartRateBpm>
						<Cadence>51</Cadence>
						<Extensions>
							<ns3:TPX>
								<ns3:Speed>1.101320</ns3:Speed>
							</ns3:TPX>
						</Extensions>
					</Trackpoint>
					<Trackpoint>
						<Time>2569-03-15T08:29:13Z</Time>
						<Position>
							<LatitudeDegrees>13.222075</LatitudeDegrees>
							<LongitudeDegrees>100.966985</LongitudeDegrees>
						</Position>
						<AltitudeMeters>40.260000</AltitudeMeters>
						<HeartRateBpm>
							<Value>109</Value>
						</HeartRateBpm>
						<Cadence>51</Cadence>
						<Extensions>
							<ns3:TPX>
								<ns3:Speed>1.103750</ns3:Speed>
							</ns3:TPX>
						</Extensions>
					</Trackpoint>
					<Trackpoint>
						<Time>2569-03-15T08:29:15Z</Time>
						<Position>
							<LatitudeDegrees>13.222086</LatitudeDegrees>
							<LongitudeDegrees>100.967001</LongitudeDegrees>
						</Position>
						<AltitudeMeters>40.310000</AltitudeMeters>
						<HeartRateBpm>
							<Value>109</Value>
						</HeartRateBpm>
						<Cadence>49</Cadence>
						<Extensions>
							<ns3:TPX>
								<ns3:Speed>1.107420</ns3:Speed>
							</ns3:TPX>
						</Extensions>
					</Trackpoint>
					<Trackpoint>
						<Time>2569-03-15T08:29:15Z</Time>
						<Position>
							<LatitudeDegrees>13.222086</LatitudeDegrees>
							<LongitudeDegrees>100.967001</LongitudeDegrees>
						</Position>
						<AltitudeMeters>40.310000</AltitudeMeters>
						<HeartRateBpm>
							<Value>109</Value>
						</HeartRateBpm>
						<Cadence>49</Cadence>
						<Extensions>
							<ns3:TPX>
								<ns3:Speed>1.107420</ns3:Speed>
							</ns3:TPX>
						</Extensions>
					</Trackpoint>
					<Trackpoint>
						<Time>2569-03-15T08:29:16Z</Time>
						<Position>
							<LatitudeDegrees>13.222091</LatitudeDegrees>
							<LongitudeDegrees>100.967010</LongitudeDegrees>
						</Position>
						<AltitudeMeters>40.340000</AltitudeMeters>
						<HeartRateBpm>
							<Value>108</Value>
						</HeartRateBpm>
						<Cadence>49</Cadence>
						<Extensions>
							<ns3:TPX>
								<ns3:Speed>1.106190</ns3:Speed>
							</ns3:TPX>
						</Extensions>
					</Trackpoint>
					<Trackpoint>
						<Time>2569-03-15T08:29:17Z</Time>
						<Position>
							<LatitudeDegrees>13.222096</LatitudeDegrees>
							<LongitudeDegrees>100.967018</LongitudeDegrees>
						</Position>
						<AltitudeMeters>40.370000</AltitudeMeters>
						<HeartRateBpm>
							<Value>108</Value>
						</HeartRateBpm>
						<Cadence>48</Cadence>
						<Extensions>
							<ns3:TPX>
								<ns3:Speed>1.106190</ns3:Speed>
							</ns3:TPX>
						</Extensions>
					</Trackpoint>
					<Trackpoint>
						<Time>2569-03-15T08:29:18Z</Time>
						<Position>
							<LatitudeDegrees>13.222102</LatitudeDegrees>
							<LongitudeDegrees>100.967024</LongitudeDegrees>
						</Position>
						<AltitudeMeters>40.400000</AltitudeMeters>
						<HeartRateBpm>
							<Value>108</Value>
						</HeartRateBpm>
						<Cadence>48</Cadence>
						<Extensions>
							<ns3:TPX>
								<ns3:Speed>1.103750</ns3:Speed>
							</ns3:TPX>
						</Extensions>
					</Trackpoint>
					<Trackpoint>
						<Time>2569-03-15T08:29:19Z</Time>
						<Position>
							<LatitudeDegrees>13.222108</LatitudeDegrees>
							<LongitudeDegrees>100.967030</LongitudeDegrees>
						</Position>
						<AltitudeMeters>40.430000</AltitudeMeters>
						<HeartRateBpm>
							<Value>109</Value>
						</HeartRateBpm>
						<Cadence>48</Cadence>
						<Extensions>
							<ns3:TPX>
								<ns3:Speed>1.101320</ns3:Speed>
							</ns3:TPX>
						</Extensions>
					</Trackpoint>
					<Trackpoint>
						<Time>2569-03-15T08:29:20Z</Time>
						<Position>
							<LatitudeDegrees>13.222115</LatitudeDegrees>
							<LongitudeDegrees>100.967034</LongitudeDegrees>
						</Position>
						<AltitudeMeters>40.460000</AltitudeMeters>
						<HeartRateBpm>
							<Value>109</Value>
						</HeartRateBpm>
						<Cadence>48</Cadence>
						<Extensions>
							<ns3:TPX>
								<ns3:Speed>1.098900</ns3:Speed>
							</ns3:TPX>
						</Extensions>
					</Trackpoint>
					<Trackpoint>
						<Time>2569-03-15T08:29:21Z</Time>
						<Position>
							<LatitudeDegrees>13.222123</LatitudeDegrees>
							<LongitudeDegrees>100.967038</LongitudeDegrees>
						</Position>
						<AltitudeMeters>40.460000</AltitudeMeters>
						<HeartRateBpm>
							<Value>108</Value>
						</HeartRateBpm>
						<Cadence>48</Cadence>
						<Extensions>
							<ns3:TPX>
								<ns3:Speed>1.095290</ns3:Speed>
							</ns3:TPX>
						</Extensions>
					</Trackpoint>
					<Trackpoint>
						<Time>2569-03-15T08:29:22Z</Time>
						<Position>
							<LatitudeDegrees>13.222131</LatitudeDegrees>
							<LongitudeDegrees>100.967040</LongitudeDegrees>
						</Position>
						<AltitudeMeters>40.490000</AltitudeMeters>
						<HeartRateBpm>
							<Value>108</Value>
						</HeartRateBpm>
						<Cadence>47</Cadence>
						<Extensions>
							<ns3:TPX>
								<ns3:Speed>1.090510</ns3:Speed>
							</ns3:TPX>
						</Extensions>
					</Trackpoint>
					<Trackpoint>
						<Time>2569-03-15T08:29:23Z</Time>
						<Position>
							<LatitudeDegrees>13.222138</LatitudeDegrees>
							<LongitudeDegrees>100.967041</LongitudeDegrees>
						</Position>
						<AltitudeMeters>40.500000</AltitudeMeters>
						<HeartRateBpm>
							<Value>108</Value>
						</HeartRateBpm>
						<Cadence>47</Cadence>
						<Extensions>
							<ns3:TPX>
								<ns3:Speed>1.085780</ns3:Speed>
							</ns3:TPX>
						</Extensions>
					</Trackpoint>
					<Trackpoint>
						<Time>2569-03-15T08:29:24Z</Time>
						<Position>
							<LatitudeDegrees>13.222144</LatitudeDegrees>
							<LongitudeDegrees>100.967040</LongitudeDegrees>
						</Position>
						<AltitudeMeters>40.490000</AltitudeMeters>
						<HeartRateBpm>
							<Value>108</Value>
						</HeartRateBpm>
						<Cadence>47</Cadence>
						<Extensions>
							<ns3:TPX>
								<ns3:Speed>1.079910</ns3:Speed>
							</ns3:TPX>
						</Extensions>
					</Trackpoint>
					<Trackpoint>
						<Time>2569-03-15T08:29:25Z</Time>
						<Position>
							<LatitudeDegrees>13.222151</LatitudeDegrees>
							<LongitudeDegrees>100.967039</LongitudeDegrees>
						</Position>
						<AltitudeMeters>40.500000</AltitudeMeters>
						<HeartRateBpm>
							<Value>107</Value>
						</HeartRateBpm>
						<Cadence>48</Cadence>
						<Extensions>
							<ns3:TPX>
								<ns3:Speed>1.074110</ns3:Speed>
							</ns3:TPX>
						</Extensions>
					</Trackpoint>
					<Trackpoint>
						<Time>2569-03-15T08:29:27Z</Time>
						<Position>
							<LatitudeDegrees>13.222163</LatitudeDegrees>
							<LongitudeDegrees>100.967034</LongitudeDegrees>
						</Position>
						<AltitudeMeters>40.490000</AltitudeMeters>
						<HeartRateBpm>
							<Value>107</Value>
						</HeartRateBpm>
						<Cadence>48</Cadence>
						<Extensions>
							<ns3:TPX>
								<ns3:Speed>1.061570</ns3:Speed>
							</ns3:TPX>
						</Extensions>
					</Trackpoint>
					<Trackpoint>
						<Time>2569-03-15T08:29:27Z</Time>
						<Position>
							<LatitudeDegrees>13.222163</LatitudeDegrees>
							<LongitudeDegrees>100.967034</LongitudeDegrees>
						</Position>
						<AltitudeMeters>40.490000</AltitudeMeters>
						<HeartRateBpm>
							<Value>107</Value>
						</HeartRateBpm>
						<Cadence>48</Cadence>
						<Extensions>
							<ns3:TPX>
								<ns3:Speed>1.061570</ns3:Speed>
							</ns3:TPX>
						</Extensions>
					</Trackpoint>
					<Trackpoint>
						<Time>2569-03-15T08:29:28Z</Time>
						<Position>
							<LatitudeDegrees>13.222168</LatitudeDegrees>
							<LongitudeDegrees>100.967030</LongitudeDegrees>
						</Position>
						<AltitudeMeters>40.490000</AltitudeMeters>
						<HeartRateBpm>
							<Value>107</Value>
						</HeartRateBpm>
						<Cadence>48</Cadence>
						<Extensions>
							<ns3:TPX>
								<ns3:Speed>1.053740</ns3:Speed>
							</ns3:TPX>
						</Extensions>
					</Trackpoint>
					<Trackpoint>
						<Time>2569-03-15T08:29:29Z</Time>
						<Position>
							<LatitudeDegrees>13.222173</LatitudeDegrees>
							<LongitudeDegrees>100.967025</LongitudeDegrees>
						</Position>
						<AltitudeMeters>40.490000</AltitudeMeters>
						<HeartRateBpm>
							<Value>106</Value>
						</HeartRateBpm>
						<Cadence>48</Cadence>
						<Extensions>
							<ns3:TPX>
								<ns3:Speed>1.044930</ns3:Speed>
							</ns3:TPX>
						</Extensions>
					</Trackpoint>
					<Trackpoint>
						<Time>2569-03-15T08:29:30Z</Time>
						<Position>
							<LatitudeDegrees>13.222179</LatitudeDegrees>
							<LongitudeDegrees>100.967018</LongitudeDegrees>
						</Position>
						<AltitudeMeters>40.480000</AltitudeMeters>
						<HeartRateBpm>
							<Value>106</Value>
						</HeartRateBpm>
						<Cadence>48</Cadence>
						<Extensions>
							<ns3:TPX>
								<ns3:Speed>1.037340</ns3:Speed>
							</ns3:TPX>
						</Extensions>
					</Trackpoint>
					<Trackpoint>
						<Time>2569-03-15T08:29:32Z</Time>
						<Position>
							<LatitudeDegrees>13.222183</LatitudeDegrees>
							<LongitudeDegrees>100.967004</LongitudeDegrees>
						</Position>
						<AltitudeMeters>40.440000</AltitudeMeters>
						<HeartRateBpm>
							<Value>105</Value>
						</HeartRateBpm>
						<Cadence>49</Cadence>
						<Extensions>
							<ns3:TPX>
								<ns3:Speed>1.021450</ns3:Speed>
							</ns3:TPX>
						</Extensions>
					</Trackpoint>
					<Trackpoint>
						<Time>2569-03-15T08:29:32Z</Time>
						<Position>
							<LatitudeDegrees>13.222183</LatitudeDegrees>
							<LongitudeDegrees>100.967004</LongitudeDegrees>
						</Position>
						<AltitudeMeters>40.440000</AltitudeMeters>
						<HeartRateBpm>
							<Value>105</Value>
						</HeartRateBpm>
						<Cadence>49</Cadence>
						<Extensions>
							<ns3:TPX>
								<ns3:Speed>1.021450</ns3:Speed>
							</ns3:TPX>
						</Extensions>
					</Trackpoint>
					<Trackpoint>
						<Time>2569-03-15T08:29:33Z</Time>
						<Position>
							<LatitudeDegrees>13.222183</LatitudeDegrees>
							<LongitudeDegrees>100.966996</LongitudeDegrees>
						</Position>
						<AltitudeMeters>40.410000</AltitudeMeters>
						<HeartRateBpm>
							<Value>105</Value>
						</HeartRateBpm>
						<Cadence>49</Cadence>
						<Extensions>
							<ns3:TPX>
								<ns3:Speed>1.015230</ns3:Speed>
							</ns3:TPX>
						</Extensions>
					</Trackpoint>
					<Trackpoint>
						<Time>2569-03-15T08:29:34Z</Time>
						<Position>
							<LatitudeDegrees>13.222182</LatitudeDegrees>
							<LongitudeDegrees>100.966988</LongitudeDegrees>
						</Position>
						<AltitudeMeters>40.400000</AltitudeMeters>
						<HeartRateBpm>
							<Value>104</Value>
						</HeartRateBpm>
						<Cadence>49</Cadence>
						<Extensions>
							<ns3:TPX>
								<ns3:Speed>1.010100</ns3:Speed>
							</ns3:TPX>
						</Extensions>
					</Trackpoint>
					<Trackpoint>
						<Time>2569-03-15T08:29:35Z</Time>
						<Position>
							<LatitudeDegrees>13.222179</LatitudeDegrees>
							<LongitudeDegrees>100.966980</LongitudeDegrees>
						</Position>
						<AltitudeMeters>40.360000</AltitudeMeters>
						<HeartRateBpm>
							<Value>104</Value>
						</HeartRateBpm>
						<Cadence>50</Cadence>
						<Extensions>
							<ns3:TPX>
								<ns3:Speed>1.005030</ns3:Speed>
							</ns3:TPX>
						</Extensions>
					</Trackpoint>
					<Trackpoint>
						<Time>2569-03-15T08:29:36Z</Time>
						<Position>
							<LatitudeDegrees>13.222174</LatitudeDegrees>
							<LongitudeDegrees>100.966972</LongitudeDegrees>
						</Position>
						<AltitudeMeters>40.330000</AltitudeMeters>
						<HeartRateBpm>
							<Value>103</Value>
						</HeartRateBpm>
						<Cadence>51</Cadence>
						<Extensions>
							<ns3:TPX>
								<ns3:Speed>1.001000</ns3:Speed>
							</ns3:TPX>
						</Extensions>
					</Trackpoint>
					<Trackpoint>
						<Time>2569-03-15T08:29:37Z</Time>
						<Position>
							<LatitudeDegrees>13.222169</LatitudeDegrees>
							<LongitudeDegrees>100.966965</LongitudeDegrees>
						</Position>
						<AltitudeMeters>40.290000</AltitudeMeters>
						<HeartRateBpm>
							<Value>103</Value>
						</HeartRateBpm>
						<Cadence>52</Cadence>
						<Extensions>
							<ns3:TPX>
								<ns3:Speed>0.997010</ns3:Speed>
							</ns3:TPX>
						</Extensions>
					</Trackpoint>
					<Trackpoint>
						<Time>2569-03-15T08:29:38Z</Time>
						<Position>
							<LatitudeDegrees>13.222163</LatitudeDegrees>
							<LongitudeDegrees>100.966956</LongitudeDegrees>
						</Position>
						<AltitudeMeters>40.250000</AltitudeMeters>
						<HeartRateBpm>
							<Value>104</Value>
						</HeartRateBpm>
						<Cadence>52</Cadence>
						<Extensions>
							<ns3:TPX>
								<ns3:Speed>0.993050</ns3:Speed>
							</ns3:TPX>
						</Extensions>
					</Trackpoint>
					<Trackpoint>
						<Time>2569-03-15T08:29:39Z</Time>
						<Position>
							<LatitudeDegrees>13.222157</LatitudeDegrees>
							<LongitudeDegrees>100.966947</LongitudeDegrees>
						</Position>
						<AltitudeMeters>40.210000</AltitudeMeters>
						<HeartRateBpm>
							<Value>105</Value>
						</HeartRateBpm>
						<Cadence>53</Cadence>
						<Extensions>
							<ns3:TPX>
								<ns3:Speed>0.991080</ns3:Speed>
							</ns3:TPX>
						</Extensions>
					</Trackpoint>
					<Trackpoint>
						<Time>2569-03-15T08:29:40Z</Time>
						<Position>
							<LatitudeDegrees>13.222151</LatitudeDegrees>
							<LongitudeDegrees>100.966938</LongitudeDegrees>
						</Position>
						<AltitudeMeters>40.160000</AltitudeMeters>
						<HeartRateBpm>
							<Value>105</Value>
						</HeartRateBpm>
						<Cadence>53</Cadence>
						<Extensions>
							<ns3:TPX>
								<ns3:Speed>0.989120</ns3:Speed>
							</ns3:TPX>
						</Extensions>
					</Trackpoint>
					<Trackpoint>
						<Time>2569-03-15T08:29:41Z</Time>
						<Position>
							<LatitudeDegrees>13.222145</LatitudeDegrees>
							<LongitudeDegrees>100.966929</LongitudeDegrees>
						</Position>
						<AltitudeMeters>40.130000</AltitudeMeters>
						<HeartRateBpm>
							<Value>105</Value>
						</HeartRateBpm>
						<Cadence>53</Cadence>
						<Extensions>
							<ns3:TPX>
								<ns3:Speed>0.988140</ns3:Speed>
							</ns3:TPX>
						</Extensions>
					</Trackpoint>
					<Trackpoint>
						<Time>2569-03-15T08:29:42Z</Time>
						<Position>
							<LatitudeDegrees>13.222139</LatitudeDegrees>
							<LongitudeDegrees>100.966921</LongitudeDegrees>
						</Position>
						<AltitudeMeters>40.090000</AltitudeMeters>
						<HeartRateBpm>
							<Value>106</Value>
						</HeartRateBpm>
						<Cadence>53</Cadence>
						<Extensions>
							<ns3:TPX>
								<ns3:Speed>0.989120</ns3:Speed>
							</ns3:TPX>
						</Extensions>
					</Trackpoint>
					<Trackpoint>
						<Time>2569-03-15T08:29:43Z</Time>
						<Position>
							<LatitudeDegrees>13.222132</LatitudeDegrees>
							<LongitudeDegrees>100.966914</LongitudeDegrees>
						</Position>
						<AltitudeMeters>40.060000</AltitudeMeters>
						<HeartRateBpm>
							<Value>107</Value>
						</HeartRateBpm>
						<Cadence>53</Cadence>
						<Extensions>
							<ns3:TPX>
								<ns3:Speed>0.991080</ns3:Speed>
							</ns3:TPX>
						</Extensions>
					</Trackpoint>
					<Trackpoint>
						<Time>2569-03-15T08:29:45Z</Time>
						<Position>
							<LatitudeDegrees>13.222119</LatitudeDegrees>
							<LongitudeDegrees>100.966898</LongitudeDegrees>
						</Position>
						<AltitudeMeters>39.990000</AltitudeMeters>
						<HeartRateBpm>
							<Value>106</Value>
						</HeartRateBpm>
						<Cadence>54</Cadence>
						<Extensions>
							<ns3:TPX>
								<ns3:Speed>0.996020</ns3:Speed>
							</ns3:TPX>
						</Extensions>
					</Trackpoint>
					<Trackpoint>
						<Time>2569-03-15T08:29:45Z</Time>
						<Position>
							<LatitudeDegrees>13.222119</LatitudeDegrees>
							<LongitudeDegrees>100.966898</LongitudeDegrees>
						</Position>
						<AltitudeMeters>39.990000</AltitudeMeters>
						<HeartRateBpm>
							<Value>106</Value>
						</HeartRateBpm>
						<Cadence>54</Cadence>
						<Extensions>
							<ns3:TPX>
								<ns3:Speed>0.996020</ns3:Speed>
							</ns3:TPX>
						</Extensions>
					</Trackpoint>
					<Trackpoint>
						<Time>2569-03-15T08:29:46Z</Time>
						<Position>
							<LatitudeDegrees>13.222112</LatitudeDegrees>
							<LongitudeDegrees>100.966889</LongitudeDegrees>
						</Position>
						<AltitudeMeters>39.860000</AltitudeMeters>
						<HeartRateBpm>
							<Value>106</Value>
						</HeartRateBpm>
						<Cadence>54</Cadence>
						<Extensions>
							<ns3:TPX>
								<ns3:Speed>0.998000</ns3:Speed>
							</ns3:TPX>
						</Extensions>
					</Trackpoint>
					<Trackpoint>
						<Time>2569-03-15T08:29:48Z</Time>
						<Position>
							<LatitudeDegrees>13.222098</LatitudeDegrees>
							<LongitudeDegrees>100.966873</LongitudeDegrees>
						</Position>
						<AltitudeMeters>39.690000</AltitudeMeters>
						<HeartRateBpm>
							<Value>105</Value>
						</HeartRateBpm>
						<Cadence>54</Cadence>
						<Extensions>
							<ns3:TPX>
								<ns3:Speed>1.004020</ns3:Speed>
							</ns3:TPX>
						</Extensions>
					</Trackpoint>
					<Trackpoint>
						<Time>2569-03-15T08:29:48Z</Time>
						<Position>
							<LatitudeDegrees>13.222098</LatitudeDegrees>
							<LongitudeDegrees>100.966873</LongitudeDegrees>
						</Position>
						<AltitudeMeters>39.690000</AltitudeMeters>
						<HeartRateBpm>
							<Value>105</Value>
						</HeartRateBpm>
						<Cadence>54</Cadence>
						<Extensions>
							<ns3:TPX>
								<ns3:Speed>1.004020</ns3:Speed>
							</ns3:TPX>
						</Extensions>
					</Trackpoint>
					<Trackpoint>
						<Time>2569-03-15T08:29:50Z</Time>
						<Position>
							<LatitudeDegrees>13.222092</LatitudeDegrees>
							<LongitudeDegrees>100.966866</LongitudeDegrees>
						</Position>
						<AltitudeMeters>39.550000</AltitudeMeters>
						<HeartRateBpm>
							<Value>105</Value>
						</HeartRateBpm>
						<Cadence>54</Cadence>
						<Extensions>
							<ns3:TPX>
								<ns3:Speed>1.011120</ns3:Speed>
							</ns3:TPX>
						</Extensions>
					</Trackpoint>
					<Trackpoint>
						<Time>2569-03-15T08:29:51Z</Time>
						<Position>
							<LatitudeDegrees>13.222081</LatitudeDegrees>
							<LongitudeDegrees>100.966850</LongitudeDegrees>
						</Position>
						<AltitudeMeters>39.480000</AltitudeMeters>
						<HeartRateBpm>
							<Value>106</Value>
						</HeartRateBpm>
						<Cadence>53</Cadence>
						<Extensions>
							<ns3:TPX>
								<ns3:Speed>1.014200</ns3:Speed>
							</ns3:TPX>
						</Extensions>
					</Trackpoint>
					<Trackpoint>
						<Time>2569-03-15T08:29:51Z</Time>
						<Position>
							<LatitudeDegrees>13.222081</LatitudeDegrees>
							<LongitudeDegrees>100.966850</LongitudeDegrees>
						</Position>
						<AltitudeMeters>39.480000</AltitudeMeters>
						<HeartRateBpm>
							<Value>106</Value>
						</HeartRateBpm>
						<Cadence>53</Cadence>
						<Extensions>
							<ns3:TPX>
								<ns3:Speed>1.014200</ns3:Speed>
							</ns3:TPX>
						</Extensions>
					</Trackpoint>
					<Trackpoint>
						<Time>2569-03-15T08:29:53Z</Time>
						<Position>
							<LatitudeDegrees>13.222070</LatitudeDegrees>
							<LongitudeDegrees>100.966835</LongitudeDegrees>
						</Position>
						<AltitudeMeters>39.370000</AltitudeMeters>
						<HeartRateBpm>
							<Value>108</Value>
						</HeartRateBpm>
						<Cadence>53</Cadence>
						<Extensions>
							<ns3:TPX>
								<ns3:Speed>1.020410</ns3:Speed>
							</ns3:TPX>
						</Extensions>
					</Trackpoint>
					<Trackpoint>
						<Time>2569-03-15T08:29:53Z</Time>
						<Position>
							<LatitudeDegrees>13.222070</LatitudeDegrees>
							<LongitudeDegrees>100.966835</LongitudeDegrees>
						</Position>
						<AltitudeMeters>39.370000</AltitudeMeters>
						<HeartRateBpm>
							<Value>108</Value>
						</HeartRateBpm>
						<Cadence>53</Cadence>
						<Extensions>
							<ns3:TPX>
								<ns3:Speed>1.020410</ns3:Speed>
							</ns3:TPX>
						</Extensions>
					</Trackpoint>
					<Trackpoint>
						<Time>2569-03-15T08:29:55Z</Time>
						<Position>
							<LatitudeDegrees>13.222065</LatitudeDegrees>
							<LongitudeDegrees>100.966827</LongitudeDegrees>
						</Position>
						<AltitudeMeters>39.220000</AltitudeMeters>
						<HeartRateBpm>
							<Value>110</Value>
						</HeartRateBpm>
						<Cadence>53</Cadence>
						<Extensions>
							<ns3:TPX>
								<ns3:Speed>1.022490</ns3:Speed>
							</ns3:TPX>
						</Extensions>
					</Trackpoint>
					<Trackpoint>
						<Time>2569-03-15T08:29:56Z</Time>
						<Position>
							<LatitudeDegrees>13.222061</LatitudeDegrees>
							<LongitudeDegrees>100.966817</LongitudeDegrees>
						</Position>
						<AltitudeMeters>39.150000</AltitudeMeters>
						<HeartRateBpm>
							<Value>109</Value>
						</HeartRateBpm>
						<Cadence>53</Cadence>
						<Extensions>
							<ns3:TPX>
								<ns3:Speed>1.023540</ns3:Speed>
							</ns3:TPX>
						</Extensions>
					</Trackpoint>
					<Trackpoint>
						<Time>2569-03-15T08:29:57Z</Time>
						<Position>
							<LatitudeDegrees>13.222052</LatitudeDegrees>
							<LongitudeDegrees>100.966797</LongitudeDegrees>
						</Position>
						<AltitudeMeters>39.120000</AltitudeMeters>
						<HeartRateBpm>
							<Value>109</Value>
						</HeartRateBpm>
						<Cadence>53</Cadence>
						<Extensions>
							<ns3:TPX>
								<ns3:Speed>1.024590</ns3:Speed>
							</ns3:TPX>
						</Extensions>
					</Trackpoint>
					<Trackpoint>
						<Time>2569-03-15T08:29:57Z</Time>
						<Position>
							<LatitudeDegrees>13.222052</LatitudeDegrees>
							<LongitudeDegrees>100.966797</LongitudeDegrees>
						</Position>
						<AltitudeMeters>39.120000</AltitudeMeters>
						<HeartRateBpm>
							<Value>109</Value>
						</HeartRateBpm>
						<Cadence>53</Cadence>
						<Extensions>
							<ns3:TPX>
								<ns3:Speed>1.024590</ns3:Speed>
							</ns3:TPX>
						</Extensions>
					</Trackpoint>
					<Trackpoint>
						<Time>2569-03-15T08:29:58Z</Time>
						<Position>
							<LatitudeDegrees>13.222048</LatitudeDegrees>
							<LongitudeDegrees>100.966788</LongitudeDegrees>
						</Position>
						<AltitudeMeters>39.060000</AltitudeMeters>
						<HeartRateBpm>
							<Value>109</Value>
						</HeartRateBpm>
						<Cadence>53</Cadence>
						<Extensions>
							<ns3:TPX>
								<ns3:Speed>1.025640</ns3:Speed>
							</ns3:TPX>
						</Extensions>
					</Trackpoint>
					<Trackpoint>
						<Time>2569-03-15T08:30:00Z</Time>
						<Position>
							<LatitudeDegrees>13.222043</LatitudeDegrees>
							<LongitudeDegrees>100.966778</LongitudeDegrees>
						</Position>
						<AltitudeMeters>38.920000</AltitudeMeters>
						<HeartRateBpm>
							<Value>109</Value>
						</HeartRateBpm>
						<Cadence>53</Cadence>
						<Extensions>
							<ns3:TPX>
								<ns3:Speed>1.029870</ns3:Speed>
							</ns3:TPX>
						</Extensions>
					</Trackpoint>
					<Trackpoint>
						<Time>2569-03-15T08:30:01Z</Time>
						<Position>
							<LatitudeDegrees>13.222039</LatitudeDegrees>
							<LongitudeDegrees>100.966767</LongitudeDegrees>
						</Position>
						<AltitudeMeters>38.840000</AltitudeMeters>
						<HeartRateBpm>
							<Value>108</Value>
						</HeartRateBpm>
						<Cadence>54</Cadence>
						<Extensions>
							<ns3:TPX>
								<ns3:Speed>1.031990</ns3:Speed>
							</ns3:TPX>
						</Extensions>
					</Trackpoint>
					<Trackpoint>
						<Time>2569-03-15T08:30:02Z</Time>
						<Position>
							<LatitudeDegrees>13.222034</LatitudeDegrees>
							<LongitudeDegrees>100.966758</LongitudeDegrees>
						</Position>
						<AltitudeMeters>38.740000</AltitudeMeters>
						<HeartRateBpm>
							<Value>109</Value>
						</HeartRateBpm>
						<Cadence>54</Cadence>
						<Extensions>
							<ns3:TPX>
								<ns3:Speed>1.035200</ns3:Speed>
							</ns3:TPX>
						</Extensions>
					</Trackpoint>
					<Trackpoint>
						<Time>2569-03-15T08:30:03Z</Time>
						<Position>
							<LatitudeDegrees>13.222032</LatitudeDegrees>
							<LongitudeDegrees>100.966748</LongitudeDegrees>
						</Position>
						<AltitudeMeters>38.670000</AltitudeMeters>
						<HeartRateBpm>
							<Value>110</Value>
						</HeartRateBpm>
						<Cadence>54</Cadence>
						<Extensions>
							<ns3:TPX>
								<ns3:Speed>1.038420</ns3:Speed>
							</ns3:TPX>
						</Extensions>
					</Trackpoint>
					<Trackpoint>
						<Time>2569-03-15T08:30:04Z</Time>
						<Position>
							<LatitudeDegrees>13.222029</LatitudeDegrees>
							<LongitudeDegrees>100.966737</LongitudeDegrees>
						</Position>
						<AltitudeMeters>38.640000</AltitudeMeters>
						<HeartRateBpm>
							<Value>111</Value>
						</HeartRateBpm>
						<Cadence>54</Cadence>
						<Extensions>
							<ns3:TPX>
								<ns3:Speed>1.040580</ns3:Speed>
							</ns3:TPX>
						</Extensions>
					</Trackpoint>
					<Trackpoint>
						<Time>2569-03-15T08:30:05Z</Time>
						<Position>
							<LatitudeDegrees>13.222022</LatitudeDegrees>
							<LongitudeDegrees>100.966714</LongitudeDegrees>
						</Position>
						<AltitudeMeters>38.570000</AltitudeMeters>
						<HeartRateBpm>
							<Value>111</Value>
						</HeartRateBpm>
						<Cadence>54</Cadence>
						<Extensions>
							<ns3:TPX>
								<ns3:Speed>1.043840</ns3:Speed>
							</ns3:TPX>
						</Extensions>
					</Trackpoint>
					<Trackpoint>
						<Time>2569-03-15T08:30:05Z</Time>
						<Position>
							<LatitudeDegrees>13.222022</LatitudeDegrees>
							<LongitudeDegrees>100.966714</LongitudeDegrees>
						</Position>
						<AltitudeMeters>38.570000</AltitudeMeters>
						<HeartRateBpm>
							<Value>111</Value>
						</HeartRateBpm>
						<Cadence>54</Cadence>
						<Extensions>
							<ns3:TPX>
								<ns3:Speed>1.043840</ns3:Speed>
							</ns3:TPX>
						</Extensions>
					</Trackpoint>
					<Trackpoint>
						<Time>2569-03-15T08:30:06Z</Time>
						<Position>
							<LatitudeDegrees>13.222018</LatitudeDegrees>
							<LongitudeDegrees>100.966702</LongitudeDegrees>
						</Position>
						<AltitudeMeters>38.480000</AltitudeMeters>
						<HeartRateBpm>
							<Value>112</Value>
						</HeartRateBpm>
						<Cadence>54</Cadence>
						<Extensions>
							<ns3:TPX>
								<ns3:Speed>1.047120</ns3:Speed>
							</ns3:TPX>
						</Extensions>
					</Trackpoint>
					<Trackpoint>
						<Time>2569-03-15T08:30:07Z</Time>
						<Position>
							<LatitudeDegrees>13.222013</LatitudeDegrees>
							<LongitudeDegrees>100.966690</LongitudeDegrees>
						</Position>
						<AltitudeMeters>38.340000</AltitudeMeters>
						<HeartRateBpm>
							<Value>112</Value>
						</HeartRateBpm>
						<Cadence>54</Cadence>
						<Extensions>
							<ns3:TPX>
								<ns3:Speed>1.050420</ns3:Speed>
							</ns3:TPX>
						</Extensions>
					</Trackpoint>
					<Trackpoint>
						<Time>2569-03-15T08:30:09Z</Time>
						<Position>
							<LatitudeDegrees>13.222005</LatitudeDegrees>
							<LongitudeDegrees>100.966664</LongitudeDegrees>
						</Position>
						<AltitudeMeters>38.080000</AltitudeMeters>
						<HeartRateBpm>
							<Value>113</Value>
						</HeartRateBpm>
						<Cadence>55</Cadence>
						<Extensions>
							<ns3:TPX>
								<ns3:Speed>1.061570</ns3:Speed>
							</ns3:TPX>
						</Extensions>
					</Trackpoint>
					<Trackpoint>
						<Time>2569-03-15T08:30:09Z</Time>
						<Position>
							<LatitudeDegrees>13.222005</LatitudeDegrees>
							<LongitudeDegrees>100.966664</LongitudeDegrees>
						</Position>
						<AltitudeMeters>38.080000</AltitudeMeters>
						<HeartRateBpm>
							<Value>113</Value>
						</HeartRateBpm>
						<Cadence>55</Cadence>
						<Extensions>
							<ns3:TPX>
								<ns3:Speed>1.061570</ns3:Speed>
							</ns3:TPX>
						</Extensions>
					</Trackpoint>
					<Trackpoint>
						<Time>2569-03-15T08:30:10Z</Time>
						<Position>
							<LatitudeDegrees>13.222001</LatitudeDegrees>
							<LongitudeDegrees>100.966652</LongitudeDegrees>
						</Position>
						<AltitudeMeters>37.870000</AltitudeMeters>
						<HeartRateBpm>
							<Value>113</Value>
						</HeartRateBpm>
						<Cadence>55</Cadence>
						<Extensions>
							<ns3:TPX>
								<ns3:Speed>1.067240</ns3:Speed>
							</ns3:TPX>
						</Extensions>
					</Trackpoint>
					<Trackpoint>
						<Time>2569-03-15T08:30:12Z</Time>
						<Position>
							<LatitudeDegrees>13.221991</LatitudeDegrees>
							<LongitudeDegrees>100.966629</LongitudeDegrees>
						</Position>
						<AltitudeMeters>37.510000</AltitudeMeters>
						<HeartRateBpm>
							<Value>112</Value>
						</HeartRateBpm>
						<Cadence>55</Cadence>
						<Extensions>
							<ns3:TPX>
								<ns3:Speed>1.081080</ns3:Speed>
							</ns3:TPX>
						</Extensions>
					</Trackpoint>
					<Trackpoint>
						<Time>2569-03-15T08:30:12Z</Time>
						<Position>
							<LatitudeDegrees>13.221991</LatitudeDegrees>
							<LongitudeDegrees>100.966629</LongitudeDegrees>
						</Position>
						<AltitudeMeters>37.510000</AltitudeMeters>
						<HeartRateBpm>
							<Value>112</Value>
						</HeartRateBpm>
						<Cadence>55</Cadence>
						<Extensions>
							<ns3:TPX>
								<ns3:Speed>1.081080</ns3:Speed>
							</ns3:TPX>
						</Extensions>
					</Trackpoint>
					<Trackpoint>
						<Time>2569-03-15T08:30:13Z</Time>
						<Position>
							<LatitudeDegrees>13.221986</LatitudeDegrees>
							<LongitudeDegrees>100.966618</LongitudeDegrees>
						</Position>
						<AltitudeMeters>37.440000</AltitudeMeters>
						<HeartRateBpm>
							<Value>111</Value>
						</HeartRateBpm>
						<Cadence>55</Cadence>
						<Extensions>
							<ns3:TPX>
								<ns3:Speed>1.088140</ns3:Speed>
							</ns3:TPX>
						</Extensions>
					</Trackpoint>
					<Trackpoint>
						<Time>2569-03-15T08:30:15Z</Time>
						<Position>
							<LatitudeDegrees>13.221980</LatitudeDegrees>
							<LongitudeDegrees>100.966607</LongitudeDegrees>
						</Position>
						<AltitudeMeters>37.230000</AltitudeMeters>
						<HeartRateBpm>
							<Value>111</Value>
						</HeartRateBpm>
						<Cadence>56</Cadence>
						<Extensions>
							<ns3:TPX>
								<ns3:Speed>1.101320</ns3:Speed>
							</ns3:TPX>
						</Extensions>
					</Trackpoint>
					<Trackpoint>
						<Time>2569-03-15T08:30:16Z</Time>
						<Position>
							<LatitudeDegrees>13.221974</LatitudeDegrees>
							<LongitudeDegrees>100.966597</LongitudeDegrees>
						</Position>
						<AltitudeMeters>37.150000</AltitudeMeters>
						<HeartRateBpm>
							<Value>111</Value>
						</HeartRateBpm>
						<Cadence>56</Cadence>
						<Extensions>
							<ns3:TPX>
								<ns3:Speed>1.107420</ns3:Speed>
							</ns3:TPX>
						</Extensions>
					</Trackpoint>
					<Trackpoint>
						<Time>2569-03-15T08:30:17Z</Time>
						<Position>
							<LatitudeDegrees>13.221968</LatitudeDegrees>
							<LongitudeDegrees>100.966586</LongitudeDegrees>
						</Position>
						<AltitudeMeters>37.020000</AltitudeMeters>
						<HeartRateBpm>
							<Value>112</Value>
						</HeartRateBpm>
						<Cadence>56</Cadence>
						<Extensions>
							<ns3:TPX>
								<ns3:Speed>1.112350</ns3:Speed>
							</ns3:TPX>
						</Extensions>
					</Trackpoint>
					<Trackpoint>
						<Time>2569-03-15T08:30:18Z</Time>
						<Position>
							<LatitudeDegrees>13.221960</LatitudeDegrees>
							<LongitudeDegrees>100.966576</LongitudeDegrees>
						</Position>
						<AltitudeMeters>36.980000</AltitudeMeters>
						<HeartRateBpm>
							<Value>111</Value>
						</HeartRateBpm>
						<Cadence>56</Cadence>
						<Extensions>
							<ns3:TPX>
								<ns3:Speed>1.118570</ns3:Speed>
							</ns3:TPX>
						</Extensions>
					</Trackpoint>
					<Trackpoint>
						<Time>2569-03-15T08:30:19Z</Time>
						<Position>
							<LatitudeDegrees>13.221954</LatitudeDegrees>
							<LongitudeDegrees>100.966566</LongitudeDegrees>
						</Position>
						<AltitudeMeters>36.880000</AltitudeMeters>
						<HeartRateBpm>
							<Value>112</Value>
						</HeartRateBpm>
						<Cadence>55</Cadence>
						<Extensions>
							<ns3:TPX>
								<ns3:Speed>1.123600</ns3:Speed>
							</ns3:TPX>
						</Extensions>
					</Trackpoint>
					<Trackpoint>
						<Time>2569-03-15T08:30:20Z</Time>
						<Position>
							<LatitudeDegrees>13.221948</LatitudeDegrees>
							<LongitudeDegrees>100.966556</LongitudeDegrees>
						</Position>
						<AltitudeMeters>36.780000</AltitudeMeters>
						<HeartRateBpm>
							<Value>111</Value>
						</HeartRateBpm>
						<Cadence>54</Cadence>
						<Extensions>
							<ns3:TPX>
								<ns3:Speed>1.128670</ns3:Speed>
							</ns3:TPX>
						</Extensions>
					</Trackpoint>
					<Trackpoint>
						<Time>2569-03-15T08:30:21Z</Time>
						<Position>
							<LatitudeDegrees>13.221936</LatitudeDegrees>
							<LongitudeDegrees>100.966536</LongitudeDegrees>
						</Position>
						<AltitudeMeters>36.680000</AltitudeMeters>
						<HeartRateBpm>
							<Value>111</Value>
						</HeartRateBpm>
						<Cadence>54</Cadence>
						<Extensions>
							<ns3:TPX>
								<ns3:Speed>1.132500</ns3:Speed>
							</ns3:TPX>
						</Extensions>
					</Trackpoint>
					<Trackpoint>
						<Time>2569-03-15T08:30:21Z</Time>
						<Position>
							<LatitudeDegrees>13.221936</LatitudeDegrees>
							<LongitudeDegrees>100.966536</LongitudeDegrees>
						</Position>
						<AltitudeMeters>36.680000</AltitudeMeters>
						<HeartRateBpm>
							<Value>111</Value>
						</HeartRateBpm>
						<Cadence>54</Cadence>
						<Extensions>
							<ns3:TPX>
								<ns3:Speed>1.132500</ns3:Speed>
							</ns3:TPX>
						</Extensions>
					</Trackpoint>
					<Trackpoint>
						<Time>2569-03-15T08:30:22Z</Time>
						<Position>
							<LatitudeDegrees>13.221929</LatitudeDegrees>
							<LongitudeDegrees>100.966527</LongitudeDegrees>
						</Position>
						<AltitudeMeters>36.590000</AltitudeMeters>
						<HeartRateBpm>
							<Value>111</Value>
						</HeartRateBpm>
						<Cadence>54</Cadence>
						<Extensions>
							<ns3:TPX>
								<ns3:Speed>1.137660</ns3:Speed>
							</ns3:TPX>
						</Extensions>
					</Trackpoint>
					<Trackpoint>
						<Time>2569-03-15T08:30:23Z</Time>
						<Position>
							<LatitudeDegrees>13.221924</LatitudeDegrees>
							<LongitudeDegrees>100.966517</LongitudeDegrees>
						</Position>
						<AltitudeMeters>36.510000</AltitudeMeters>
						<HeartRateBpm>
							<Value>111</Value>
						</HeartRateBpm>
						<Cadence>54</Cadence>
						<Extensions>
							<ns3:TPX>
								<ns3:Speed>1.141550</ns3:Speed>
							</ns3:TPX>
						</Extensions>
					</Trackpoint>
					<Trackpoint>
						<Time>2569-03-15T08:30:24Z</Time>
						<Position>
							<LatitudeDegrees>13.221918</LatitudeDegrees>
							<LongitudeDegrees>100.966508</LongitudeDegrees>
						</Position>
						<AltitudeMeters>36.440000</AltitudeMeters>
						<HeartRateBpm>
							<Value>109</Value>
						</HeartRateBpm>
						<Cadence>54</Cadence>
						<Extensions>
							<ns3:TPX>
								<ns3:Speed>1.145480</ns3:Speed>
							</ns3:TPX>
						</Extensions>
					</Trackpoint>
					<Trackpoint>
						<Time>2569-03-15T08:30:25Z</Time>
						<Position>
							<LatitudeDegrees>13.221913</LatitudeDegrees>
							<LongitudeDegrees>100.966498</LongitudeDegrees>
						</Position>
						<AltitudeMeters>36.370000</AltitudeMeters>
						<HeartRateBpm>
							<Value>108</Value>
						</HeartRateBpm>
						<Cadence>54</Cadence>
						<Extensions>
							<ns3:TPX>
								<ns3:Speed>1.149430</ns3:Speed>
							</ns3:TPX>
						</Extensions>
					</Trackpoint>
					<Trackpoint>
						<Time>2569-03-15T08:30:27Z</Time>
						<Position>
							<LatitudeDegrees>13.221902</LatitudeDegrees>
							<LongitudeDegrees>100.966479</LongitudeDegrees>
						</Position>
						<AltitudeMeters>36.240000</AltitudeMeters>
						<HeartRateBpm>
							<Value>107</Value>
						</HeartRateBpm>
						<Cadence>54</Cadence>
						<Extensions>
							<ns3:TPX>
								<ns3:Speed>1.156070</ns3:Speed>
							</ns3:TPX>
						</Extensions>
					</Trackpoint>
					<Trackpoint>
						<Time>2569-03-15T08:30:27Z</Time>
						<Position>
							<LatitudeDegrees>13.221902</LatitudeDegrees>
							<LongitudeDegrees>100.966479</LongitudeDegrees>
						</Position>
						<AltitudeMeters>36.240000</AltitudeMeters>
						<HeartRateBpm>
							<Value>107</Value>
						</HeartRateBpm>
						<Cadence>54</Cadence>
						<Extensions>
							<ns3:TPX>
								<ns3:Speed>1.156070</ns3:Speed>
							</ns3:TPX>
						</Extensions>
					</Trackpoint>
					<Trackpoint>
						<Time>2569-03-15T08:30:28Z</Time>
						<Position>
							<LatitudeDegrees>13.221896</LatitudeDegrees>
							<LongitudeDegrees>100.966470</LongitudeDegrees>
						</Position>
						<AltitudeMeters>36.180000</AltitudeMeters>
						<HeartRateBpm>
							<Value>106</Value>
						</HeartRateBpm>
						<Cadence>54</Cadence>
						<Extensions>
							<ns3:TPX>
								<ns3:Speed>1.158750</ns3:Speed>
							</ns3:TPX>
						</Extensions>
					</Trackpoint>
					<Trackpoint>
						<Time>2569-03-15T08:30:29Z</Time>
						<Position>
							<LatitudeDegrees>13.221890</LatitudeDegrees>
							<LongitudeDegrees>100.966461</LongitudeDegrees>
						</Position>
						<AltitudeMeters>36.170000</AltitudeMeters>
						<HeartRateBpm>
							<Value>106</Value>
						</HeartRateBpm>
						<Cadence>54</Cadence>
						<Extensions>
							<ns3:TPX>
								<ns3:Speed>1.161440</ns3:Speed>
							</ns3:TPX>
						</Extensions>
					</Trackpoint>
					<Trackpoint>
						<Time>2569-03-15T08:30:30Z</Time>
						<Position>
							<LatitudeDegrees>13.221884</LatitudeDegrees>
							<LongitudeDegrees>100.966452</LongitudeDegrees>
						</Position>
						<AltitudeMeters>36.120000</AltitudeMeters>
						<HeartRateBpm>
							<Value>106</Value>
						</HeartRateBpm>
						<Cadence>54</Cadence>
						<Extensions>
							<ns3:TPX>
								<ns3:Speed>1.162790</ns3:Speed>
							</ns3:TPX>
						</Extensions>
					</Trackpoint>
					<Trackpoint>
						<Time>2569-03-15T08:30:31Z</Time>
						<Position>
							<LatitudeDegrees>13.221878</LatitudeDegrees>
							<LongitudeDegrees>100.966442</LongitudeDegrees>
						</Position>
						<AltitudeMeters>36.070000</AltitudeMeters>
						<HeartRateBpm>
							<Value>105</Value>
						</HeartRateBpm>
						<Cadence>54</Cadence>
						<Extensions>
							<ns3:TPX>
								<ns3:Speed>1.165500</ns3:Speed>
							</ns3:TPX>
						</Extensions>
					</Trackpoint>
					<Trackpoint>
						<Time>2569-03-15T08:30:32Z</Time>
						<Position>
							<LatitudeDegrees>13.221873</LatitudeDegrees>
							<LongitudeDegrees>100.966433</LongitudeDegrees>
						</Position>
						<AltitudeMeters>36.030000</AltitudeMeters>
						<HeartRateBpm>
							<Value>104</Value>
						</HeartRateBpm>
						<Cadence>54</Cadence>
						<Extensions>
							<ns3:TPX>
								<ns3:Speed>1.166860</ns3:Speed>
							</ns3:TPX>
						</Extensions>
					</Trackpoint>
					<Trackpoint>
						<Time>2569-03-15T08:30:33Z</Time>
						<Position>
							<LatitudeDegrees>13.221867</LatitudeDegrees>
							<LongitudeDegrees>100.966424</LongitudeDegrees>
						</Position>
						<AltitudeMeters>35.990000</AltitudeMeters>
						<HeartRateBpm>
							<Value>103</Value>
						</HeartRateBpm>
						<Cadence>54</Cadence>
						<Extensions>
							<ns3:TPX>
								<ns3:Speed>1.168220</ns3:Speed>
							</ns3:TPX>
						</Extensions>
					</Trackpoint>
					<Trackpoint>
						<Time>2569-03-15T08:30:34Z</Time>
						<Position>
							<LatitudeDegrees>13.221861</LatitudeDegrees>
							<LongitudeDegrees>100.966415</LongitudeDegrees>
						</Position>
						<AltitudeMeters>35.950000</AltitudeMeters>
						<HeartRateBpm>
							<Value>102</Value>
						</HeartRateBpm>
						<Cadence>54</Cadence>
						<Extensions>
							<ns3:TPX>
								<ns3:Speed>1.170960</ns3:Speed>
							</ns3:TPX>
						</Extensions>
					</Trackpoint>
					<Trackpoint>
						<Time>2569-03-15T08:30:35Z</Time>
						<Position>
							<LatitudeDegrees>13.221855</LatitudeDegrees>
							<LongitudeDegrees>100.966406</LongitudeDegrees>
						</Position>
						<AltitudeMeters>35.910000</AltitudeMeters>
						<HeartRateBpm>
							<Value>101</Value>
						</HeartRateBpm>
						<Cadence>54</Cadence>
						<Extensions>
							<ns3:TPX>
								<ns3:Speed>1.170960</ns3:Speed>
							</ns3:TPX>
						</Extensions>
					</Trackpoint>
					<Trackpoint>
						<Time>2569-03-15T08:30:36Z</Time>
						<Position>
							<LatitudeDegrees>13.221849</LatitudeDegrees>
							<LongitudeDegrees>100.966398</LongitudeDegrees>
						</Position>
						<AltitudeMeters>35.870000</AltitudeMeters>
						<HeartRateBpm>
							<Value>101</Value>
						</HeartRateBpm>
						<Cadence>54</Cadence>
						<Extensions>
							<ns3:TPX>
								<ns3:Speed>1.172330</ns3:Speed>
							</ns3:TPX>
						</Extensions>
					</Trackpoint>
					<Trackpoint>
						<Time>2569-03-15T08:30:37Z</Time>
						<Position>
							<LatitudeDegrees>13.221842</LatitudeDegrees>
							<LongitudeDegrees>100.966390</LongitudeDegrees>
						</Position>
						<AltitudeMeters>35.820000</AltitudeMeters>
						<HeartRateBpm>
							<Value>100</Value>
						</HeartRateBpm>
						<Cadence>54</Cadence>
						<Extensions>
							<ns3:TPX>
								<ns3:Speed>1.173710</ns3:Speed>
							</ns3:TPX>
						</Extensions>
					</Trackpoint>
					<Trackpoint>
						<Time>2569-03-15T08:30:38Z</Time>
						<Position>
							<LatitudeDegrees>13.221836</LatitudeDegrees>
							<LongitudeDegrees>100.966381</LongitudeDegrees>
						</Position>
						<AltitudeMeters>35.770000</AltitudeMeters>
						<HeartRateBpm>
							<Value>100</Value>
						</HeartRateBpm>
						<Cadence>54</Cadence>
						<Extensions>
							<ns3:TPX>
								<ns3:Speed>1.175090</ns3:Speed>
							</ns3:TPX>
						</Extensions>
					</Trackpoint>
					<Trackpoint>
						<Time>2569-03-15T08:30:39Z</Time>
						<Position>
							<LatitudeDegrees>13.221829</LatitudeDegrees>
							<LongitudeDegrees>100.966372</LongitudeDegrees>
						</Position>
						<AltitudeMeters>35.710000</AltitudeMeters>
						<HeartRateBpm>
							<Value>99</Value>
						</HeartRateBpm>
						<Cadence>54</Cadence>
						<Extensions>
							<ns3:TPX>
								<ns3:Speed>1.176470</ns3:Speed>
							</ns3:TPX>
						</Extensions>
					</Trackpoint>
					<Trackpoint>
						<Time>2569-03-15T08:30:40Z</Time>
						<Position>
							<LatitudeDegrees>13.221824</LatitudeDegrees>
							<LongitudeDegrees>100.966363</LongitudeDegrees>
						</Position>
						<AltitudeMeters>35.650000</AltitudeMeters>
						<HeartRateBpm>
							<Value>99</Value>
						</HeartRateBpm>
						<Cadence>54</Cadence>
						<Extensions>
							<ns3:TPX>
								<ns3:Speed>1.176470</ns3:Speed>
							</ns3:TPX>
						</Extensions>
					</Trackpoint>
					<Trackpoint>
						<Time>2569-03-15T08:30:42Z</Time>
						<Position>
							<LatitudeDegrees>13.221814</LatitudeDegrees>
							<LongitudeDegrees>100.966341</LongitudeDegrees>
						</Position>
						<AltitudeMeters>35.530000</AltitudeMeters>
						<HeartRateBpm>
							<Value>99</Value>
						</HeartRateBpm>
						<Cadence>54</Cadence>
						<Extensions>
							<ns3:TPX>
								<ns3:Speed>1.179250</ns3:Speed>
							</ns3:TPX>
						</Extensions>
					</Trackpoint>
					<Trackpoint>
						<Time>2569-03-15T08:30:42Z</Time>
						<Position>
							<LatitudeDegrees>13.221814</LatitudeDegrees>
							<LongitudeDegrees>100.966341</LongitudeDegrees>
						</Position>
						<AltitudeMeters>35.530000</AltitudeMeters>
						<HeartRateBpm>
							<Value>99</Value>
						</HeartRateBpm>
						<Cadence>54</Cadence>
						<Extensions>
							<ns3:TPX>
								<ns3:Speed>1.179250</ns3:Speed>
							</ns3:TPX>
						</Extensions>
					</Trackpoint>
					<Trackpoint>
						<Time>2569-03-15T08:30:43Z</Time>
						<Position>
							<LatitudeDegrees>13.221809</LatitudeDegrees>
							<LongitudeDegrees>100.966331</LongitudeDegrees>
						</Position>
						<AltitudeMeters>35.450000</AltitudeMeters>
						<HeartRateBpm>
							<Value>100</Value>
						</HeartRateBpm>
						<Cadence>54</Cadence>
						<Extensions>
							<ns3:TPX>
								<ns3:Speed>1.180640</ns3:Speed>
							</ns3:TPX>
						</Extensions>
					</Trackpoint>
					<Trackpoint>
						<Time>2569-03-15T08:30:45Z</Time>
						<Position>
							<LatitudeDegrees>13.221805</LatitudeDegrees>
							<LongitudeDegrees>100.966320</LongitudeDegrees>
						</Position>
						<AltitudeMeters>35.330000</AltitudeMeters>
						<HeartRateBpm>
							<Value>100</Value>
						</HeartRateBpm>
						<Cadence>55</Cadence>
						<Extensions>
							<ns3:TPX>
								<ns3:Speed>1.183430</ns3:Speed>
							</ns3:TPX>
						</Extensions>
					</Trackpoint>
					<Trackpoint>
						<Time>2569-03-15T08:30:46Z</Time>
						<Position>
							<LatitudeDegrees>13.221795</LatitudeDegrees>
							<LongitudeDegrees>100.966299</LongitudeDegrees>
						</Position>
						<AltitudeMeters>35.270000</AltitudeMeters>
						<HeartRateBpm>
							<Value>99</Value>
						</HeartRateBpm>
						<Cadence>55</Cadence>
						<Extensions>
							<ns3:TPX>
								<ns3:Speed>1.184830</ns3:Speed>
							</ns3:TPX>
						</Extensions>
					</Trackpoint>
					<Trackpoint>
						<Time>2569-03-15T08:30:46Z</Time>
						<Position>
							<LatitudeDegrees>13.221795</LatitudeDegrees>
							<LongitudeDegrees>100.966299</LongitudeDegrees>
						</Position>
						<AltitudeMeters>35.270000</AltitudeMeters>
						<HeartRateBpm>
							<Value>99</Value>
						</HeartRateBpm>
						<Cadence>55</Cadence>
						<Extensions>
							<ns3:TPX>
								<ns3:Speed>1.184830</ns3:Speed>
							</ns3:TPX>
						</Extensions>
					</Trackpoint>
					<Trackpoint>
						<Time>2569-03-15T08:30:47Z</Time>
						<Position>
							<LatitudeDegrees>13.221789</LatitudeDegrees>
							<LongitudeDegrees>100.966289</LongitudeDegrees>
						</Position>
						<AltitudeMeters>35.210000</AltitudeMeters>
						<HeartRateBpm>
							<Value>99</Value>
						</HeartRateBpm>
						<Cadence>55</Cadence>
						<Extensions>
							<ns3:TPX>
								<ns3:Speed>1.187650</ns3:Speed>
							</ns3:TPX>
						</Extensions>
					</Trackpoint>
					<Trackpoint>
						<Time>2569-03-15T08:30:48Z</Time>
						<Position>
							<LatitudeDegrees>13.221785</LatitudeDegrees>
							<LongitudeDegrees>100.966279</LongitudeDegrees>
						</Position>
						<AltitudeMeters>35.150000</AltitudeMeters>
						<HeartRateBpm>
							<Value>100</Value>
						</HeartRateBpm>
						<Cadence>54</Cadence>
						<Extensions>
							<ns3:TPX>
								<ns3:Speed>1.190480</ns3:Speed>
							</ns3:TPX>
						</Extensions>
					</Trackpoint>
					<Trackpoint>
						<Time>2569-03-15T08:30:49Z</Time>
						<Position>
							<LatitudeDegrees>13.221780</LatitudeDegrees>
							<LongitudeDegrees>100.966270</LongitudeDegrees>
						</Position>
						<AltitudeMeters>35.090000</AltitudeMeters>
						<HeartRateBpm>
							<Value>100</Value>
						</HeartRateBpm>
						<Cadence>54</Cadence>
						<Extensions>
							<ns3:TPX>
								<ns3:Speed>1.191900</ns3:Speed>
							</ns3:TPX>
						</Extensions>
					</Trackpoint>
					<Trackpoint>
						<Time>2569-03-15T08:30:50Z</Time>
						<Position>
							<LatitudeDegrees>13.221776</LatitudeDegrees>
							<LongitudeDegrees>100.966261</LongitudeDegrees>
						</Position>
						<AltitudeMeters>35.030000</AltitudeMeters>
						<HeartRateBpm>
							<Value>100</Value>
						</HeartRateBpm>
						<Cadence>54</Cadence>
						<Extensions>
							<ns3:TPX>
								<ns3:Speed>1.194740</ns3:Speed>
							</ns3:TPX>
						</Extensions>
					</Trackpoint>
					<Trackpoint>
						<Time>2569-03-15T08:30:51Z</Time>
						<Position>
							<LatitudeDegrees>13.221772</LatitudeDegrees>
							<LongitudeDegrees>100.966253</LongitudeDegrees>
						</Position>
						<AltitudeMeters>34.980000</AltitudeMeters>
						<HeartRateBpm>
							<Value>100</Value>
						</HeartRateBpm>
						<Cadence>54</Cadence>
						<Extensions>
							<ns3:TPX>
								<ns3:Speed>1.196170</ns3:Speed>
							</ns3:TPX>
						</Extensions>
					</Trackpoint>
					<Trackpoint>
						<Time>2569-03-15T08:30:52Z</Time>
						<Position>
							<LatitudeDegrees>13.221766</LatitudeDegrees>
							<LongitudeDegrees>100.966245</LongitudeDegrees>
						</Position>
						<AltitudeMeters>34.930000</AltitudeMeters>
						<HeartRateBpm>
							<Value>99</Value>
						</HeartRateBpm>
						<Cadence>54</Cadence>
						<Extensions>
							<ns3:TPX>
								<ns3:Speed>1.196170</ns3:Speed>
							</ns3:TPX>
						</Extensions>
					</Trackpoint>
					<Trackpoint>
						<Time>2569-03-15T08:30:54Z</Time>
						<Position>
							<LatitudeDegrees>13.221754</LatitudeDegrees>
							<LongitudeDegrees>100.966229</LongitudeDegrees>
						</Position>
						<AltitudeMeters>34.850000</AltitudeMeters>
						<HeartRateBpm>
							<Value>99</Value>
						</HeartRateBpm>
						<Cadence>54</Cadence>
						<Extensions>
							<ns3:TPX>
								<ns3:Speed>1.194740</ns3:Speed>
							</ns3:TPX>
						</Extensions>
					</Trackpoint>
					<Trackpoint>
						<Time>2569-03-15T08:30:54Z</Time>
						<Position>
							<LatitudeDegrees>13.221754</LatitudeDegrees>
							<LongitudeDegrees>100.966229</LongitudeDegrees>
						</Position>
						<AltitudeMeters>34.850000</AltitudeMeters>
						<HeartRateBpm>
							<Value>99</Value>
						</HeartRateBpm>
						<Cadence>54</Cadence>
						<Extensions>
							<ns3:TPX>
								<ns3:Speed>1.194740</ns3:Speed>
							</ns3:TPX>
						</Extensions>
					</Trackpoint>
					<Trackpoint>
						<Time>2569-03-15T08:30:56Z</Time>
						<Position>
							<LatitudeDegrees>13.221748</LatitudeDegrees>
							<LongitudeDegrees>100.966220</LongitudeDegrees>
						</Position>
						<AltitudeMeters>34.790000</AltitudeMeters>
						<HeartRateBpm>
							<Value>100</Value>
						</HeartRateBpm>
						<Cadence>53</Cadence>
						<Extensions>
							<ns3:TPX>
								<ns3:Speed>1.191900</ns3:Speed>
							</ns3:TPX>
						</Extensions>
					</Trackpoint>
					<Trackpoint>
						<Time>2569-03-15T08:30:57Z</Time>
						<Position>
							<LatitudeDegrees>13.221737</LatitudeDegrees>
							<LongitudeDegrees>100.966202</LongitudeDegrees>
						</Position>
						<AltitudeMeters>34.740000</AltitudeMeters>
						<HeartRateBpm>
							<Value>99</Value>
						</HeartRateBpm>
						<Cadence>53</Cadence>
						<Extensions>
							<ns3:TPX>
								<ns3:Speed>1.189060</ns3:Speed>
							</ns3:TPX>
						</Extensions>
					</Trackpoint>
					<Trackpoint>
						<Time>2569-03-15T08:30:57Z</Time>
						<Position>
							<LatitudeDegrees>13.221737</LatitudeDegrees>
							<LongitudeDegrees>100.966202</LongitudeDegrees>
						</Position>
						<AltitudeMeters>34.740000</AltitudeMeters>
						<HeartRateBpm>
							<Value>99</Value>
						</HeartRateBpm>
						<Cadence>53</Cadence>
						<Extensions>
							<ns3:TPX>
								<ns3:Speed>1.189060</ns3:Speed>
							</ns3:TPX>
						</Extensions>
					</Trackpoint>
					<Trackpoint>
						<Time>2569-03-15T08:30:58Z</Time>
						<Position>
							<LatitudeDegrees>13.221731</LatitudeDegrees>
							<LongitudeDegrees>100.966193</LongitudeDegrees>
						</Position>
						<AltitudeMeters>34.700000</AltitudeMeters>
						<HeartRateBpm>
							<Value>99</Value>
						</HeartRateBpm>
						<Cadence>52</Cadence>
						<Extensions>
							<ns3:TPX>
								<ns3:Speed>1.187650</ns3:Speed>
							</ns3:TPX>
						</Extensions>
					</Trackpoint>
					<Trackpoint>
						<Time>2569-03-15T08:31:00Z</Time>
						<Position>
							<LatitudeDegrees>13.221719</LatitudeDegrees>
							<LongitudeDegrees>100.966175</LongitudeDegrees>
						</Position>
						<AltitudeMeters>34.600000</AltitudeMeters>
						<HeartRateBpm>
							<Value>100</Value>
						</HeartRateBpm>
						<Cadence>52</Cadence>
						<Extensions>
							<ns3:TPX>
								<ns3:Speed>1.184830</ns3:Speed>
							</ns3:TPX>
						</Extensions>
					</Trackpoint>
					<Trackpoint>
						<Time>2569-03-15T08:31:00Z</Time>
						<Position>
							<LatitudeDegrees>13.221719</LatitudeDegrees>
							<LongitudeDegrees>100.966175</LongitudeDegrees>
						</Position>
						<AltitudeMeters>34.600000</AltitudeMeters>
						<HeartRateBpm>
							<Value>100</Value>
						</HeartRateBpm>
						<Cadence>52</Cadence>
						<Extensions>
							<ns3:TPX>
								<ns3:Speed>1.184830</ns3:Speed>
							</ns3:TPX>
						</Extensions>
					</Trackpoint>
					<Trackpoint>
						<Time>2569-03-15T08:31:02Z</Time>
						<Position>
							<LatitudeDegrees>13.221713</LatitudeDegrees>
							<LongitudeDegrees>100.966166</LongitudeDegrees>
						</Position>
						<AltitudeMeters>34.500000</AltitudeMeters>
						<HeartRateBpm>
							<Value>100</Value>
						</HeartRateBpm>
						<Cadence>52</Cadence>
						<Extensions>
							<ns3:TPX>
								<ns3:Speed>1.183430</ns3:Speed>
							</ns3:TPX>
						</Extensions>
					</Trackpoint>
					<Trackpoint>
						<Time>2569-03-15T08:31:03Z</Time>
						<Position>
							<LatitudeDegrees>13.221706</LatitudeDegrees>
							<LongitudeDegrees>100.966158</LongitudeDegrees>
						</Position>
						<AltitudeMeters>34.450000</AltitudeMeters>
						<HeartRateBpm>
							<Value>100</Value>
						</HeartRateBpm>
						<Cadence>53</Cadence>
						<Extensions>
							<ns3:TPX>
								<ns3:Speed>1.182030</ns3:Speed>
							</ns3:TPX>
						</Extensions>
					</Trackpoint>
					<Trackpoint>
						<Time>2569-03-15T08:31:04Z</Time>
						<Position>
							<LatitudeDegrees>13.221692</LatitudeDegrees>
							<LongitudeDegrees>100.966141</LongitudeDegrees>
						</Position>
						<AltitudeMeters>34.400000</AltitudeMeters>
						<HeartRateBpm>
							<Value>101</Value>
						</HeartRateBpm>
						<Cadence>53</Cadence>
						<Extensions>
							<ns3:TPX>
								<ns3:Speed>1.182030</ns3:Speed>
							</ns3:TPX>
						</Extensions>
					</Trackpoint>
					<Trackpoint>
						<Time>2569-03-15T08:31:04Z</Time>
						<Position>
							<LatitudeDegrees>13.221692</LatitudeDegrees>
							<LongitudeDegrees>100.966141</LongitudeDegrees>
						</Position>
						<AltitudeMeters>34.400000</AltitudeMeters>
						<HeartRateBpm>
							<Value>101</Value>
						</HeartRateBpm>
						<Cadence>53</Cadence>
						<Extensions>
							<ns3:TPX>
								<ns3:Speed>1.182030</ns3:Speed>
							</ns3:TPX>
						</Extensions>
					</Trackpoint>
					<Trackpoint>
						<Time>2569-03-15T08:31:05Z</Time>
						<Position>
							<LatitudeDegrees>13.221685</LatitudeDegrees>
							<LongitudeDegrees>100.966132</LongitudeDegrees>
						</Position>
						<AltitudeMeters>34.360000</AltitudeMeters>
						<HeartRateBpm>
							<Value>101</Value>
						</HeartRateBpm>
						<Cadence>53</Cadence>
						<Extensions>
							<ns3:TPX>
								<ns3:Speed>1.182030</ns3:Speed>
							</ns3:TPX>
						</Extensions>
					</Trackpoint>
					<Trackpoint>
						<Time>2569-03-15T08:31:06Z</Time>
						<Position>
							<LatitudeDegrees>13.221679</LatitudeDegrees>
							<LongitudeDegrees>100.966123</LongitudeDegrees>
						</Position>
						<AltitudeMeters>34.280000</AltitudeMeters>
						<HeartRateBpm>
							<Value>101</Value>
						</HeartRateBpm>
						<Cadence>53</Cadence>
						<Extensions>
							<ns3:TPX>
								<ns3:Speed>1.182030</ns3:Speed>
							</ns3:TPX>
						</Extensions>
					</Trackpoint>
					<Trackpoint>
						<Time>2569-03-15T08:31:07Z</Time>
						<Position>
							<LatitudeDegrees>13.221673</LatitudeDegrees>
							<LongitudeDegrees>100.966115</LongitudeDegrees>
						</Position>
						<AltitudeMeters>34.230000</AltitudeMeters>
						<HeartRateBpm>
							<Value>100</Value>
						</HeartRateBpm>
						<Cadence>53</Cadence>
						<Extensions>
							<ns3:TPX>
								<ns3:Speed>1.182030</ns3:Speed>
							</ns3:TPX>
						</Extensions>
					</Trackpoint>
					<Trackpoint>
						<Time>2569-03-15T08:31:08Z</Time>
						<Position>
							<LatitudeDegrees>13.221666</LatitudeDegrees>
							<LongitudeDegrees>100.966105</LongitudeDegrees>
						</Position>
						<AltitudeMeters>34.180000</AltitudeMeters>
						<HeartRateBpm>
							<Value>99</Value>
						</HeartRateBpm>
						<Cadence>53</Cadence>
						<Extensions>
							<ns3:TPX>
								<ns3:Speed>1.180640</ns3:Speed>
							</ns3:TPX>
						</Extensions>
					</Trackpoint>
					<Trackpoint>
						<Time>2569-03-15T08:31:09Z</Time>
						<Position>
							<LatitudeDegrees>13.221660</LatitudeDegrees>
							<LongitudeDegrees>100.966096</LongitudeDegrees>
						</Position>
						<AltitudeMeters>34.150000</AltitudeMeters>
						<HeartRateBpm>
							<Value>99</Value>
						</HeartRateBpm>
						<Cadence>53</Cadence>
						<Extensions>
							<ns3:TPX>
								<ns3:Speed>1.180640</ns3:Speed>
							</ns3:TPX>
						</Extensions>
					</Trackpoint>
					<Trackpoint>
						<Time>2569-03-15T08:31:10Z</Time>
						<Position>
							<LatitudeDegrees>13.221656</LatitudeDegrees>
							<LongitudeDegrees>100.966086</LongitudeDegrees>
						</Position>
						<AltitudeMeters>34.100000</AltitudeMeters>
						<HeartRateBpm>
							<Value>100</Value>
						</HeartRateBpm>
						<Cadence>53</Cadence>
						<Extensions>
							<ns3:TPX>
								<ns3:Speed>1.180640</ns3:Speed>
							</ns3:TPX>
						</Extensions>
					</Trackpoint>
					<Trackpoint>
						<Time>2569-03-15T08:31:12Z</Time>
						<Position>
							<LatitudeDegrees>13.221652</LatitudeDegrees>
							<LongitudeDegrees>100.966076</LongitudeDegrees>
						</Position>
						<AltitudeMeters>34.000000</AltitudeMeters>
						<HeartRateBpm>
							<Value>101</Value>
						</HeartRateBpm>
						<Cadence>52</Cadence>
						<Extensions>
							<ns3:TPX>
								<ns3:Speed>1.180640</ns3:Speed>
							</ns3:TPX>
						</Extensions>
					</Trackpoint>
					<Trackpoint>
						<Time>2569-03-15T08:31:13Z</Time>
						<Position>
							<LatitudeDegrees>13.221644</LatitudeDegrees>
							<LongitudeDegrees>100.966054</LongitudeDegrees>
						</Position>
						<AltitudeMeters>33.930000</AltitudeMeters>
						<HeartRateBpm>
							<Value>102</Value>
						</HeartRateBpm>
						<Cadence>52</Cadence>
						<Extensions>
							<ns3:TPX>
								<ns3:Speed>1.180640</ns3:Speed>
							</ns3:TPX>
						</Extensions>
					</Trackpoint>
					<Trackpoint>
						<Time>2569-03-15T08:31:13Z</Time>
						<Position>
							<LatitudeDegrees>13.221644</LatitudeDegrees>
							<LongitudeDegrees>100.966054</LongitudeDegrees>
						</Position>
						<AltitudeMeters>33.930000</AltitudeMeters>
						<HeartRateBpm>
							<Value>102</Value>
						</HeartRateBpm>
						<Cadence>52</Cadence>
						<Extensions>
							<ns3:TPX>
								<ns3:Speed>1.180640</ns3:Speed>
							</ns3:TPX>
						</Extensions>
					</Trackpoint>
					<Trackpoint>
						<Time>2569-03-15T08:31:15Z</Time>
						<Position>
							<LatitudeDegrees>13.221637</LatitudeDegrees>
							<LongitudeDegrees>100.966030</LongitudeDegrees>
						</Position>
						<AltitudeMeters>33.840000</AltitudeMeters>
						<HeartRateBpm>
							<Value>103</Value>
						</HeartRateBpm>
						<Cadence>53</Cadence>
						<Extensions>
							<ns3:TPX>
								<ns3:Speed>1.182030</ns3:Speed>
							</ns3:TPX>
						</Extensions>
					</Trackpoint>
					<Trackpoint>
						<Time>2569-03-15T08:31:15Z</Time>
						<Position>
							<LatitudeDegrees>13.221637</LatitudeDegrees>
							<LongitudeDegrees>100.966030</LongitudeDegrees>
						</Position>
						<AltitudeMeters>33.840000</AltitudeMeters>
						<HeartRateBpm>
							<Value>103</Value>
						</HeartRateBpm>
						<Cadence>53</Cadence>
						<Extensions>
							<ns3:TPX>
								<ns3:Speed>1.182030</ns3:Speed>
							</ns3:TPX>
						</Extensions>
					</Trackpoint>
					<Trackpoint>
						<Time>2569-03-15T08:31:16Z</Time>
						<Position>
							<LatitudeDegrees>13.221635</LatitudeDegrees>
							<LongitudeDegrees>100.966019</LongitudeDegrees>
						</Position>
						<AltitudeMeters>33.800000</AltitudeMeters>
						<HeartRateBpm>
							<Value>104</Value>
						</HeartRateBpm>
						<Cadence>54</Cadence>
						<Extensions>
							<ns3:TPX>
								<ns3:Speed>1.183430</ns3:Speed>
							</ns3:TPX>
						</Extensions>
					</Trackpoint>
					<Trackpoint>
						<Time>2569-03-15T08:31:18Z</Time>
						<Position>
							<LatitudeDegrees>13.221632</LatitudeDegrees>
							<LongitudeDegrees>100.966007</LongitudeDegrees>
						</Position>
						<AltitudeMeters>33.710000</AltitudeMeters>
						<HeartRateBpm>
							<Value>105</Value>
						</HeartRateBpm>
						<Cadence>54</Cadence>
						<Extensions>
							<ns3:TPX>
								<ns3:Speed>1.186240</ns3:Speed>
							</ns3:TPX>
						</Extensions>
					</Trackpoint>
					<Trackpoint>
						<Time>2569-03-15T08:31:19Z</Time>
						<Position>
							<LatitudeDegrees>13.221626</LatitudeDegrees>
							<LongitudeDegrees>100.965985</LongitudeDegrees>
						</Position>
						<AltitudeMeters>33.670000</AltitudeMeters>
						<HeartRateBpm>
							<Value>105</Value>
						</HeartRateBpm>
						<Cadence>54</Cadence>
						<Extensions>
							<ns3:TPX>
								<ns3:Speed>1.189060</ns3:Speed>
							</ns3:TPX>
						</Extensions>
					</Trackpoint>
					<Trackpoint>
						<Time>2569-03-15T08:31:19Z</Time>
						<Position>
							<LatitudeDegrees>13.221626</LatitudeDegrees>
							<LongitudeDegrees>100.965985</LongitudeDegrees>
						</Position>
						<AltitudeMeters>33.670000</AltitudeMeters>
						<HeartRateBpm>
							<Value>105</Value>
						</HeartRateBpm>
						<Cadence>54</Cadence>
						<Extensions>
							<ns3:TPX>
								<ns3:Speed>1.189060</ns3:Speed>
							</ns3:TPX>
						</Extensions>
					</Trackpoint>
					<Trackpoint>
						<Time>2569-03-15T08:31:20Z</Time>
						<Position>
							<LatitudeDegrees>13.221622</LatitudeDegrees>
							<LongitudeDegrees>100.965974</LongitudeDegrees>
						</Position>
						<AltitudeMeters>33.630000</AltitudeMeters>
						<HeartRateBpm>
							<Value>105</Value>
						</HeartRateBpm>
						<Cadence>54</Cadence>
						<Extensions>
							<ns3:TPX>
								<ns3:Speed>1.191900</ns3:Speed>
							</ns3:TPX>
						</Extensions>
					</Trackpoint>
					<Trackpoint>
						<Time>2569-03-15T08:31:21Z</Time>
						<Position>
							<LatitudeDegrees>13.221619</LatitudeDegrees>
							<LongitudeDegrees>100.965964</LongitudeDegrees>
						</Position>
						<AltitudeMeters>33.570000</AltitudeMeters>
						<HeartRateBpm>
							<Value>104</Value>
						</HeartRateBpm>
						<Cadence>54</Cadence>
						<Extensions>
							<ns3:TPX>
								<ns3:Speed>1.194740</ns3:Speed>
							</ns3:TPX>
						</Extensions>
					</Trackpoint>
					<Trackpoint>
						<Time>2569-03-15T08:31:22Z</Time>
						<Position>
							<LatitudeDegrees>13.221616</LatitudeDegrees>
							<LongitudeDegrees>100.965954</LongitudeDegrees>
						</Position>
						<AltitudeMeters>33.420000</AltitudeMeters>
						<HeartRateBpm>
							<Value>105</Value>
						</HeartRateBpm>
						<Cadence>54</Cadence>
						<Extensions>
							<ns3:TPX>
								<ns3:Speed>1.196170</ns3:Speed>
							</ns3:TPX>
						</Extensions>
					</Trackpoint>
					<Trackpoint>
						<Time>2569-03-15T08:31:24Z</Time>
						<Position>
							<LatitudeDegrees>13.221610</LatitudeDegrees>
							<LongitudeDegrees>100.965934</LongitudeDegrees>
						</Position>
						<AltitudeMeters>33.310000</AltitudeMeters>
						<HeartRateBpm>
							<Value>105</Value>
						</HeartRateBpm>
						<Cadence>54</Cadence>
						<Extensions>
							<ns3:TPX>
								<ns3:Speed>1.199040</ns3:Speed>
							</ns3:TPX>
						</Extensions>
					</Trackpoint>
					<Trackpoint>
						<Time>2569-03-15T08:31:24Z</Time>
						<Position>
							<LatitudeDegrees>13.221610</LatitudeDegrees>
							<LongitudeDegrees>100.965934</LongitudeDegrees>
						</Position>
						<AltitudeMeters>33.310000</AltitudeMeters>
						<HeartRateBpm>
							<Value>105</Value>
						</HeartRateBpm>
						<Cadence>54</Cadence>
						<Extensions>
							<ns3:TPX>
								<ns3:Speed>1.199040</ns3:Speed>
							</ns3:TPX>
						</Extensions>
					</Trackpoint>
					<Trackpoint>
						<Time>2569-03-15T08:31:25Z</Time>
						<Position>
							<LatitudeDegrees>13.221605</LatitudeDegrees>
							<LongitudeDegrees>100.965925</LongitudeDegrees>
						</Position>
						<AltitudeMeters>33.290000</AltitudeMeters>
						<HeartRateBpm>
							<Value>104</Value>
						</HeartRateBpm>
						<Cadence>53</Cadence>
						<Extensions>
							<ns3:TPX>
								<ns3:Speed>1.199040</ns3:Speed>
							</ns3:TPX>
						</Extensions>
					</Trackpoint>
					<Trackpoint>
						<Time>2569-03-15T08:31:27Z</Time>
						<Position>
							<LatitudeDegrees>13.221595</LatitudeDegrees>
							<LongitudeDegrees>100.965905</LongitudeDegrees>
						</Position>
						<AltitudeMeters>33.190000</AltitudeMeters>
						<HeartRateBpm>
							<Value>103</Value>
						</HeartRateBpm>
						<Cadence>53</Cadence>
						<Extensions>
							<ns3:TPX>
								<ns3:Speed>1.197600</ns3:Speed>
							</ns3:TPX>
						</Extensions>
					</Trackpoint>
					<Trackpoint>
						<Time>2569-03-15T08:31:27Z</Time>
						<Position>
							<LatitudeDegrees>13.221595</LatitudeDegrees>
							<LongitudeDegrees>100.965905</LongitudeDegrees>
						</Position>
						<AltitudeMeters>33.190000</AltitudeMeters>
						<HeartRateBpm>
							<Value>103</Value>
						</HeartRateBpm>
						<Cadence>53</Cadence>
						<Extensions>
							<ns3:TPX>
								<ns3:Speed>1.197600</ns3:Speed>
							</ns3:TPX>
						</Extensions>
					</Trackpoint>
					<Trackpoint>
						<Time>2569-03-15T08:31:28Z</Time>
						<Position>
							<LatitudeDegrees>13.221591</LatitudeDegrees>
							<LongitudeDegrees>100.965895</LongitudeDegrees>
						</Position>
						<AltitudeMeters>33.160000</AltitudeMeters>
						<HeartRateBpm>
							<Value>103</Value>
						</HeartRateBpm>
						<Cadence>53</Cadence>
						<Extensions>
							<ns3:TPX>
								<ns3:Speed>1.196170</ns3:Speed>
							</ns3:TPX>
						</Extensions>
					</Trackpoint>
					<Trackpoint>
						<Time>2569-03-15T08:31:29Z</Time>
						<Position>
							<LatitudeDegrees>13.221587</LatitudeDegrees>
							<LongitudeDegrees>100.965885</LongitudeDegrees>
						</Position>
						<AltitudeMeters>33.120000</AltitudeMeters>
						<HeartRateBpm>
							<Value>103</Value>
						</HeartRateBpm>
						<Cadence>53</Cadence>
						<Extensions>
							<ns3:TPX>
								<ns3:Speed>1.194740</ns3:Speed>
							</ns3:TPX>
						</Extensions>
					</Trackpoint>
					<Trackpoint>
						<Time>2569-03-15T08:31:30Z</Time>
						<Position>
							<LatitudeDegrees>13.221582</LatitudeDegrees>
							<LongitudeDegrees>100.965876</LongitudeDegrees>
						</Position>
						<AltitudeMeters>33.080000</AltitudeMeters>
						<HeartRateBpm>
							<Value>103</Value>
						</HeartRateBpm>
						<Cadence>53</Cadence>
						<Extensions>
							<ns3:TPX>
								<ns3:Speed>1.193320</ns3:Speed>
							</ns3:TPX>
						</Extensions>
					</Trackpoint>
					<Trackpoint>
						<Time>2569-03-15T08:31:31Z</Time>
						<Position>
							<LatitudeDegrees>13.221577</LatitudeDegrees>
							<LongitudeDegrees>100.965866</LongitudeDegrees>
						</Position>
						<AltitudeMeters>33.050000</AltitudeMeters>
						<HeartRateBpm>
							<Value>102</Value>
						</HeartRateBpm>
						<Cadence>53</Cadence>
						<Extensions>
							<ns3:TPX>
								<ns3:Speed>1.191900</ns3:Speed>
							</ns3:TPX>
						</Extensions>
					</Trackpoint>
					<Trackpoint>
						<Time>2569-03-15T08:31:32Z</Time>
						<Position>
							<LatitudeDegrees>13.221573</LatitudeDegrees>
							<LongitudeDegrees>100.965857</LongitudeDegrees>
						</Position>
						<AltitudeMeters>33.020000</AltitudeMeters>
						<HeartRateBpm>
							<Value>102</Value>
						</HeartRateBpm>
						<Cadence>53</Cadence>
						<Extensions>
							<ns3:TPX>
								<ns3:Speed>1.191900</ns3:Speed>
							</ns3:TPX>
						</Extensions>
					</Trackpoint>
					<Trackpoint>
						<Time>2569-03-15T08:31:33Z</Time>
						<Position>
							<LatitudeDegrees>13.221570</LatitudeDegrees>
							<LongitudeDegrees>100.965847</LongitudeDegrees>
						</Position>
						<AltitudeMeters>32.990000</AltitudeMeters>
						<HeartRateBpm>
							<Value>102</Value>
						</HeartRateBpm>
						<Cadence>53</Cadence>
						<Extensions>
							<ns3:TPX>
								<ns3:Speed>1.190480</ns3:Speed>
							</ns3:TPX>
						</Extensions>
					</Trackpoint>
					<Trackpoint>
						<Time>2569-03-15T08:31:35Z</Time>
						<Position>
							<LatitudeDegrees>13.221571</LatitudeDegrees>
							<LongitudeDegrees>100.965835</LongitudeDegrees>
						</Position>
						<AltitudeMeters>32.940000</AltitudeMeters>
						<HeartRateBpm>
							<Value>101</Value>
						</HeartRateBpm>
						<Cadence>54</Cadence>
						<Extensions>
							<ns3:TPX>
								<ns3:Speed>1.189060</ns3:Speed>
							</ns3:TPX>
						</Extensions>
					</Trackpoint>
					<Trackpoint>
						<Time>2569-03-15T08:31:35Z</Time>
						<Position>
							<LatitudeDegrees>13.221571</LatitudeDegrees>
							<LongitudeDegrees>100.965835</LongitudeDegrees>
						</Position>
						<AltitudeMeters>32.940000</AltitudeMeters>
						<HeartRateBpm>
							<Value>101</Value>
						</HeartRateBpm>
						<Cadence>54</Cadence>
						<Extensions>
							<ns3:TPX>
								<ns3:Speed>1.189060</ns3:Speed>
							</ns3:TPX>
						</Extensions>
					</Trackpoint>
					<Trackpoint>
						<Time>2569-03-15T08:31:36Z</Time>
						<Position>
							<LatitudeDegrees>13.221572</LatitudeDegrees>
							<LongitudeDegrees>100.965834</LongitudeDegrees>
						</Position>
						<AltitudeMeters>32.940000</AltitudeMeters>
						<HeartRateBpm>
							<Value>101</Value>
						</HeartRateBpm>
						<Cadence>54</Cadence>
						<Extensions>
							<ns3:TPX>
								<ns3:Speed>1.187650</ns3:Speed>
							</ns3:TPX>
						</Extensions>
					</Trackpoint>
					<Trackpoint>
						<Time>2569-03-15T08:31:37Z</Time>
						<Position>
							<LatitudeDegrees>13.221574</LatitudeDegrees>
							<LongitudeDegrees>100.965836</LongitudeDegrees>
						</Position>
						<AltitudeMeters>32.920000</AltitudeMeters>
						<HeartRateBpm>
							<Value>102</Value>
						</HeartRateBpm>
						<Cadence>54</Cadence>
						<Extensions>
							<ns3:TPX>
								<ns3:Speed>1.182030</ns3:Speed>
							</ns3:TPX>
						</Extensions>
					</Trackpoint>
					<Trackpoint>
						<Time>2569-03-15T08:31:38Z</Time>
						<Position>
							<LatitudeDegrees>13.221574</LatitudeDegrees>
							<LongitudeDegrees>100.965836</LongitudeDegrees>
						</Position>
						<AltitudeMeters>32.930000</AltitudeMeters>
						<HeartRateBpm>
							<Value>102</Value>
						</HeartRateBpm>
						<Cadence>55</Cadence>
						<Extensions>
							<ns3:TPX>
								<ns3:Speed>1.166860</ns3:Speed>
							</ns3:TPX>
						</Extensions>
					</Trackpoint>
					<Trackpoint>
						<Time>2569-03-15T08:31:39Z</Time>
						<Position>
							<LatitudeDegrees>13.221574</LatitudeDegrees>
							<LongitudeDegrees>100.965836</LongitudeDegrees>
						</Position>
						<AltitudeMeters>32.930000</AltitudeMeters>
						<HeartRateBpm>
							<Value>103</Value>
						</HeartRateBpm>
						<Cadence>55</Cadence>
						<Extensions>
							<ns3:TPX>
								<ns3:Speed>0.622280</ns3:Speed>
							</ns3:TPX>
						</Extensions>
					</Trackpoint>
					<Trackpoint>
						<Time>2569-03-15T08:31:40Z</Time>
						<Position>
							<LatitudeDegrees>13.221573</LatitudeDegrees>
							<LongitudeDegrees>100.965834</LongitudeDegrees>
						</Position>
						<AltitudeMeters>32.930000</AltitudeMeters>
						<HeartRateBpm>
							<Value>103</Value>
						</HeartRateBpm>
						<Cadence>56</Cadence>
					</Trackpoint>
					<Trackpoint>
						<Time>2569-03-15T08:31:41Z</Time>
						<Position>
							<LatitudeDegrees>13.221570</LatitudeDegrees>
							<LongitudeDegrees>100.965831</LongitudeDegrees>
						</Position>
						<AltitudeMeters>32.930000</AltitudeMeters>
						<HeartRateBpm>
							<Value>103</Value>
						</HeartRateBpm>
						<Cadence>56</Cadence>
						<Extensions>
							<ns3:TPX>
								<ns3:Speed>0.158100</ns3:Speed>
							</ns3:TPX>
						</Extensions>
					</Trackpoint>
					<Trackpoint>
						<Time>2569-03-15T08:31:42Z</Time>
						<Position>
							<LatitudeDegrees>13.221566</LatitudeDegrees>
							<LongitudeDegrees>100.965826</LongitudeDegrees>
						</Position>
						<AltitudeMeters>32.920000</AltitudeMeters>
						<HeartRateBpm>
							<Value>102</Value>
						</HeartRateBpm>
						<Cadence>58</Cadence>
						<Extensions>
							<ns3:TPX>
								<ns3:Speed>0.220170</ns3:Speed>
							</ns3:TPX>
						</Extensions>
					</Trackpoint>
					<Trackpoint>
						<Time>2569-03-15T08:31:43Z</Time>
						<Position>
							<LatitudeDegrees>13.221560</LatitudeDegrees>
							<LongitudeDegrees>100.965820</LongitudeDegrees>
						</Position>
						<AltitudeMeters>32.910000</AltitudeMeters>
						<HeartRateBpm>
							<Value>102</Value>
						</HeartRateBpm>
						<Cadence>59</Cadence>
						<Extensions>
							<ns3:TPX>
								<ns3:Speed>0.220170</ns3:Speed>
							</ns3:TPX>
						</Extensions>
					</Trackpoint>
					<Trackpoint>
						<Time>2569-03-15T08:31:44Z</Time>
						<Position>
							<LatitudeDegrees>13.221554</LatitudeDegrees>
							<LongitudeDegrees>100.965815</LongitudeDegrees>
						</Position>
						<AltitudeMeters>32.890000</AltitudeMeters>
						<HeartRateBpm>
							<Value>102</Value>
						</HeartRateBpm>
						<Cadence>58</Cadence>
						<Extensions>
							<ns3:TPX>
								<ns3:Speed>0.300210</ns3:Speed>
							</ns3:TPX>
						</Extensions>
					</Trackpoint>
					<Trackpoint>
						<Time>2569-03-15T08:31:45Z</Time>
						<Position>
							<LatitudeDegrees>13.221548</LatitudeDegrees>
							<LongitudeDegrees>100.965809</LongitudeDegrees>
						</Position>
						<AltitudeMeters>32.880000</AltitudeMeters>
						<HeartRateBpm>
							<Value>102</Value>
						</HeartRateBpm>
						<Cadence>53</Cadence>
						<Extensions>
							<ns3:TPX>
								<ns3:Speed>0.434970</ns3:Speed>
							</ns3:TPX>
						</Extensions>
					</Trackpoint>
					<Trackpoint>
						<Time>2569-03-15T08:31:46Z</Time>
						<Position>
							<LatitudeDegrees>13.221541</LatitudeDegrees>
							<LongitudeDegrees>100.965803</LongitudeDegrees>
						</Position>
						<AltitudeMeters>32.850000</AltitudeMeters>
						<HeartRateBpm>
							<Value>103</Value>
						</HeartRateBpm>
						<Cadence>50</Cadence>
						<Extensions>
							<ns3:TPX>
								<ns3:Speed>0.560850</ns3:Speed>
							</ns3:TPX>
						</Extensions>
					</Trackpoint>
					<Trackpoint>
						<Time>2569-03-15T08:31:47Z</Time>
						<Position>
							<LatitudeDegrees>13.221535</LatitudeDegrees>
							<LongitudeDegrees>100.965796</LongitudeDegrees>
						</Position>
						<AltitudeMeters>32.830000</AltitudeMeters>
						<HeartRateBpm>
							<Value>103</Value>
						</HeartRateBpm>
						<Cadence>51</Cadence>
						<Extensions>
							<ns3:TPX>
								<ns3:Speed>0.550960</ns3:Speed>
							</ns3:TPX>
						</Extensions>
					</Trackpoint>
					<Trackpoint>
						<Time>2569-03-15T08:31:48Z</Time>
						<Position>
							<LatitudeDegrees>13.221529</LatitudeDegrees>
							<LongitudeDegrees>100.965789</LongitudeDegrees>
						</Position>
						<AltitudeMeters>32.830000</AltitudeMeters>
						<HeartRateBpm>
							<Value>102</Value>
						</HeartRateBpm>
						<Cadence>51</Cadence>
						<Extensions>
							<ns3:TPX>
								<ns3:Speed>0.522190</ns3:Speed>
							</ns3:TPX>
						</Extensions>
					</Trackpoint>
					<Trackpoint>
						<Time>2569-03-15T08:31:49Z</Time>
						<Position>
							<LatitudeDegrees>13.221523</LatitudeDegrees>
							<LongitudeDegrees>100.965781</LongitudeDegrees>
						</Position>
						<AltitudeMeters>32.810000</AltitudeMeters>
						<HeartRateBpm>
							<Value>101</Value>
						</HeartRateBpm>
						<Cadence>52</Cadence>
						<Extensions>
							<ns3:TPX>
								<ns3:Speed>0.606430</ns3:Speed>
							</ns3:TPX>
						</Extensions>
					</Trackpoint>
					<Trackpoint>
						<Time>2569-03-15T08:31:50Z</Time>
						<Position>
							<LatitudeDegrees>13.221518</LatitudeDegrees>
							<LongitudeDegrees>100.965773</LongitudeDegrees>
						</Position>
						<AltitudeMeters>32.790000</AltitudeMeters>
						<HeartRateBpm>
							<Value>100</Value>
						</HeartRateBpm>
						<Cadence>51</Cadence>
						<Extensions>
							<ns3:TPX>
								<ns3:Speed>0.763940</ns3:Speed>
							</ns3:TPX>
						</Extensions>
					</Trackpoint>
					<Trackpoint>
						<Time>2569-03-15T08:31:51Z</Time>
						<Position>
							<LatitudeDegrees>13.221512</LatitudeDegrees>
							<LongitudeDegrees>100.965765</LongitudeDegrees>
						</Position>
						<AltitudeMeters>32.780000</AltitudeMeters>
						<HeartRateBpm>
							<Value>99</Value>
						</HeartRateBpm>
						<Cadence>51</Cadence>
						<Extensions>
							<ns3:TPX>
								<ns3:Speed>0.921660</ns3:Speed>
							</ns3:TPX>
						</Extensions>
					</Trackpoint>
					<Trackpoint>
						<Time>2569-03-15T08:31:52Z</Time>
						<Position>
							<LatitudeDegrees>13.221505</LatitudeDegrees>
							<LongitudeDegrees>100.965757</LongitudeDegrees>
						</Position>
						<AltitudeMeters>32.760000</AltitudeMeters>
						<HeartRateBpm>
							<Value>99</Value>
						</HeartRateBpm>
						<Cadence>50</Cadence>
						<Extensions>
							<ns3:TPX>
								<ns3:Speed>0.963390</ns3:Speed>
							</ns3:TPX>
						</Extensions>
					</Trackpoint>
					<Trackpoint>
						<Time>2569-03-15T08:31:53Z</Time>
						<Position>
							<LatitudeDegrees>13.221498</LatitudeDegrees>
							<LongitudeDegrees>100.965748</LongitudeDegrees>
						</Position>
						<AltitudeMeters>32.750000</AltitudeMeters>
						<HeartRateBpm>
							<Value>98</Value>
						</HeartRateBpm>
						<Cadence>50</Cadence>
						<Extensions>
							<ns3:TPX>
								<ns3:Speed>0.978470</ns3:Speed>
							</ns3:TPX>
						</Extensions>
					</Trackpoint>
					<Trackpoint>
						<Time>2569-03-15T08:31:54Z</Time>
						<Position>
							<LatitudeDegrees>13.221492</LatitudeDegrees>
							<LongitudeDegrees>100.965740</LongitudeDegrees>
						</Position>
						<AltitudeMeters>32.730000</AltitudeMeters>
						<HeartRateBpm>
							<Value>98</Value>
						</HeartRateBpm>
						<Cadence>51</Cadence>
						<Extensions>
							<ns3:TPX>
								<ns3:Speed>0.993050</ns3:Speed>
							</ns3:TPX>
						</Extensions>
					</Trackpoint>
					<Trackpoint>
						<Time>2569-03-15T08:31:55Z</Time>
						<Position>
							<LatitudeDegrees>13.221486</LatitudeDegrees>
							<LongitudeDegrees>100.965731</LongitudeDegrees>
						</Position>
						<AltitudeMeters>32.690000</AltitudeMeters>
						<HeartRateBpm>
							<Value>98</Value>
						</HeartRateBpm>
						<Cadence>51</Cadence>
						<Extensions>
							<ns3:TPX>
								<ns3:Speed>1.025640</ns3:Speed>
							</ns3:TPX>
						</Extensions>
					</Trackpoint>
					<Trackpoint>
						<Time>2569-03-15T08:31:57Z</Time>
						<Position>
							<LatitudeDegrees>13.221475</LatitudeDegrees>
							<LongitudeDegrees>100.965715</LongitudeDegrees>
						</Position>
						<AltitudeMeters>32.580000</AltitudeMeters>
						<HeartRateBpm>
							<Value>99</Value>
						</HeartRateBpm>
						<Cadence>52</Cadence>
						<Extensions>
							<ns3:TPX>
								<ns3:Speed>1.078750</ns3:Speed>
							</ns3:TPX>
						</Extensions>
					</Trackpoint>
					<Trackpoint>
						<Time>2569-03-15T08:31:57Z</Time>
						<Position>
							<LatitudeDegrees>13.221475</LatitudeDegrees>
							<LongitudeDegrees>100.965715</LongitudeDegrees>
						</Position>
						<AltitudeMeters>32.580000</AltitudeMeters>
						<HeartRateBpm>
							<Value>99</Value>
						</HeartRateBpm>
						<Cadence>52</Cadence>
						<Extensions>
							<ns3:TPX>
								<ns3:Speed>1.078750</ns3:Speed>
							</ns3:TPX>
						</Extensions>
					</Trackpoint>
					<Trackpoint>
						<Time>2569-03-15T08:31:58Z</Time>
						<Position>
							<LatitudeDegrees>13.221470</LatitudeDegrees>
							<LongitudeDegrees>100.965706</LongitudeDegrees>
						</Position>
						<AltitudeMeters>32.560000</AltitudeMeters>
						<HeartRateBpm>
							<Value>99</Value>
						</HeartRateBpm>
						<Cadence>52</Cadence>
						<Extensions>
							<ns3:TPX>
								<ns3:Speed>1.084600</ns3:Speed>
							</ns3:TPX>
						</Extensions>
					</Trackpoint>
					<Trackpoint>
						<Time>2569-03-15T08:32:00Z</Time>
						<Position>
							<LatitudeDegrees>13.221459</LatitudeDegrees>
							<LongitudeDegrees>100.965689</LongitudeDegrees>
						</Position>
						<AltitudeMeters>32.490000</AltitudeMeters>
						<HeartRateBpm>
							<Value>98</Value>
						</HeartRateBpm>
						<Cadence>52</Cadence>
						<Extensions>
							<ns3:TPX>
								<ns3:Speed>1.103750</ns3:Speed>
							</ns3:TPX>
						</Extensions>
					</Trackpoint>
					<Trackpoint>
						<Time>2569-03-15T08:32:00Z</Time>
						<Position>
							<LatitudeDegrees>13.221459</LatitudeDegrees>
							<LongitudeDegrees>100.965689</LongitudeDegrees>
						</Position>
						<AltitudeMeters>32.490000</AltitudeMeters>
						<HeartRateBpm>
							<Value>98</Value>
						</HeartRateBpm>
						<Cadence>52</Cadence>
						<Extensions>
							<ns3:TPX>
								<ns3:Speed>1.103750</ns3:Speed>
							</ns3:TPX>
						</Extensions>
					</Trackpoint>
					<Trackpoint>
						<Time>2569-03-15T08:32:01Z</Time>
						<Position>
							<LatitudeDegrees>13.221454</LatitudeDegrees>
							<LongitudeDegrees>100.965682</LongitudeDegrees>
						</Position>
						<AltitudeMeters>32.470000</AltitudeMeters>
						<HeartRateBpm>
							<Value>98</Value>
						</HeartRateBpm>
						<Cadence>52</Cadence>
						<Extensions>
							<ns3:TPX>
								<ns3:Speed>1.095290</ns3:Speed>
							</ns3:TPX>
						</Extensions>
					</Trackpoint>
					<Trackpoint>
						<Time>2569-03-15T08:32:03Z</Time>
						<Position>
							<LatitudeDegrees>13.221441</LatitudeDegrees>
							<LongitudeDegrees>100.965666</LongitudeDegrees>
						</Position>
						<AltitudeMeters>32.410000</AltitudeMeters>
						<HeartRateBpm>
							<Value>98</Value>
						</HeartRateBpm>
						<Cadence>51</Cadence>
						<Extensions>
							<ns3:TPX>
								<ns3:Speed>1.075270</ns3:Speed>
							</ns3:TPX>
						</Extensions>
					</Trackpoint>
					<Trackpoint>
						<Time>2569-03-15T08:32:03Z</Time>
						<Position>
							<LatitudeDegrees>13.221441</LatitudeDegrees>
							<LongitudeDegrees>100.965666</LongitudeDegrees>
						</Position>
						<AltitudeMeters>32.410000</AltitudeMeters>
						<HeartRateBpm>
							<Value>98</Value>
						</HeartRateBpm>
						<Cadence>51</Cadence>
						<Extensions>
							<ns3:TPX>
								<ns3:Speed>1.075270</ns3:Speed>
							</ns3:TPX>
						</Extensions>
					</Trackpoint>
					<Trackpoint>
						<Time>2569-03-15T08:32:04Z</Time>
						<Position>
							<LatitudeDegrees>13.221435</LatitudeDegrees>
							<LongitudeDegrees>100.965658</LongitudeDegrees>
						</Position>
						<AltitudeMeters>32.390000</AltitudeMeters>
						<HeartRateBpm>
							<Value>97</Value>
						</HeartRateBpm>
						<Cadence>51</Cadence>
						<Extensions>
							<ns3:TPX>
								<ns3:Speed>1.069520</ns3:Speed>
							</ns3:TPX>
						</Extensions>
					</Trackpoint>
					<Trackpoint>
						<Time>2569-03-15T08:32:05Z</Time>
						<Position>
							<LatitudeDegrees>13.221429</LatitudeDegrees>
							<LongitudeDegrees>100.965651</LongitudeDegrees>
						</Position>
						<AltitudeMeters>32.360000</AltitudeMeters>
						<HeartRateBpm>
							<Value>96</Value>
						</HeartRateBpm>
						<Cadence>51</Cadence>
						<Extensions>
							<ns3:TPX>
								<ns3:Speed>1.071810</ns3:Speed>
							</ns3:TPX>
						</Extensions>
					</Trackpoint>
					<Trackpoint>
						<Time>2569-03-15T08:32:06Z</Time>
						<Position>
							<LatitudeDegrees>13.221424</LatitudeDegrees>
							<LongitudeDegrees>100.965644</LongitudeDegrees>
						</Position>
						<AltitudeMeters>32.320000</AltitudeMeters>
						<HeartRateBpm>
							<Value>96</Value>
						</HeartRateBpm>
						<Cadence>52</Cadence>
						<Extensions>
							<ns3:TPX>
								<ns3:Speed>1.070660</ns3:Speed>
							</ns3:TPX>
						</Extensions>
					</Trackpoint>
					<Trackpoint>
						<Time>2569-03-15T08:32:08Z</Time>
						<Position>
							<LatitudeDegrees>13.221418</LatitudeDegrees>
							<LongitudeDegrees>100.965637</LongitudeDegrees>
						</Position>
						<AltitudeMeters>32.240000</AltitudeMeters>
						<HeartRateBpm>
							<Value>97</Value>
						</HeartRateBpm>
						<Cadence>52</Cadence>
						<Extensions>
							<ns3:TPX>
								<ns3:Speed>1.054850</ns3:Speed>
							</ns3:TPX>
						</Extensions>
					</Trackpoint>
					<Trackpoint>
						<Time>2569-03-15T08:32:09Z</Time>
						<Position>
							<LatitudeDegrees>13.221406</LatitudeDegrees>
							<LongitudeDegrees>100.965623</LongitudeDegrees>
						</Position>
						<AltitudeMeters>32.220000</AltitudeMeters>
						<HeartRateBpm>
							<Value>97</Value>
						</HeartRateBpm>
						<Cadence>52</Cadence>
						<Extensions>
							<ns3:TPX>
								<ns3:Speed>1.048220</ns3:Speed>
							</ns3:TPX>
						</Extensions>
					</Trackpoint>
					<Trackpoint>
						<Time>2569-03-15T08:32:09Z</Time>
						<Position>
							<LatitudeDegrees>13.221406</LatitudeDegrees>
							<LongitudeDegrees>100.965623</LongitudeDegrees>
						</Position>
						<AltitudeMeters>32.220000</AltitudeMeters>
						<HeartRateBpm>
							<Value>97</Value>
						</HeartRateBpm>
						<Cadence>52</Cadence>
						<Extensions>
							<ns3:TPX>
								<ns3:Speed>1.048220</ns3:Speed>
							</ns3:TPX>
						</Extensions>
					</Trackpoint>
					<Trackpoint>
						<Time>2569-03-15T08:32:10Z</Time>
						<Position>
							<LatitudeDegrees>13.221400</LatitudeDegrees>
							<LongitudeDegrees>100.965616</LongitudeDegrees>
						</Position>
						<AltitudeMeters>32.180000</AltitudeMeters>
						<HeartRateBpm>
							<Value>97</Value>
						</HeartRateBpm>
						<Cadence>52</Cadence>
						<Extensions>
							<ns3:TPX>
								<ns3:Speed>1.048220</ns3:Speed>
							</ns3:TPX>
						</Extensions>
					</Trackpoint>
					<Trackpoint>
						<Time>2569-03-15T08:32:12Z</Time>
						<Position>
							<LatitudeDegrees>13.221393</LatitudeDegrees>
							<LongitudeDegrees>100.965609</LongitudeDegrees>
						</Position>
						<AltitudeMeters>32.120000</AltitudeMeters>
						<HeartRateBpm>
							<Value>96</Value>
						</HeartRateBpm>
						<Cadence>52</Cadence>
						<Extensions>
							<ns3:TPX>
								<ns3:Speed>1.049320</ns3:Speed>
							</ns3:TPX>
						</Extensions>
					</Trackpoint>
					<Trackpoint>
						<Time>2569-03-15T08:32:13Z</Time>
						<Position>
							<LatitudeDegrees>13.221387</LatitudeDegrees>
							<LongitudeDegrees>100.965602</LongitudeDegrees>
						</Position>
						<AltitudeMeters>32.080000</AltitudeMeters>
						<HeartRateBpm>
							<Value>96</Value>
						</HeartRateBpm>
						<Cadence>52</Cadence>
						<Extensions>
							<ns3:TPX>
								<ns3:Speed>1.049320</ns3:Speed>
							</ns3:TPX>
						</Extensions>
					</Trackpoint>
					<Trackpoint>
						<Time>2569-03-15T08:32:14Z</Time>
						<Position>
							<LatitudeDegrees>13.221380</LatitudeDegrees>
							<LongitudeDegrees>100.965595</LongitudeDegrees>
						</Position>
						<AltitudeMeters>32.050000</AltitudeMeters>
						<HeartRateBpm>
							<Value>96</Value>
						</HeartRateBpm>
						<Cadence>53</Cadence>
						<Extensions>
							<ns3:TPX>
								<ns3:Speed>1.050420</ns3:Speed>
							</ns3:TPX>
						</Extensions>
					</Trackpoint>
					<Trackpoint>
						<Time>2569-03-15T08:32:15Z</Time>
						<Position>
							<LatitudeDegrees>13.221370</LatitudeDegrees>
							<LongitudeDegrees>100.965575</LongitudeDegrees>
						</Position>
						<AltitudeMeters>32.010000</AltitudeMeters>
						<HeartRateBpm>
							<Value>97</Value>
						</HeartRateBpm>
						<Cadence>53</Cadence>
						<Extensions>
							<ns3:TPX>
								<ns3:Speed>1.051520</ns3:Speed>
							</ns3:TPX>
						</Extensions>
					</Trackpoint>
					<Trackpoint>
						<Time>2569-03-15T08:32:15Z</Time>
						<Position>
							<LatitudeDegrees>13.221370</LatitudeDegrees>
							<LongitudeDegrees>100.965575</LongitudeDegrees>
						</Position>
						<AltitudeMeters>32.010000</AltitudeMeters>
						<HeartRateBpm>
							<Value>97</Value>
						</HeartRateBpm>
						<Cadence>53</Cadence>
						<Extensions>
							<ns3:TPX>
								<ns3:Speed>1.051520</ns3:Speed>
							</ns3:TPX>
						</Extensions>
					</Trackpoint>
					<Trackpoint>
						<Time>2569-03-15T08:32:16Z</Time>
						<Position>
							<LatitudeDegrees>13.221365</LatitudeDegrees>
							<LongitudeDegrees>100.965566</LongitudeDegrees>
						</Position>
						<AltitudeMeters>31.970000</AltitudeMeters>
						<HeartRateBpm>
							<Value>98</Value>
						</HeartRateBpm>
						<Cadence>53</Cadence>
						<Extensions>
							<ns3:TPX>
								<ns3:Speed>1.053740</ns3:Speed>
							</ns3:TPX>
						</Extensions>
					</Trackpoint>
					<Trackpoint>
						<Time>2569-03-15T08:32:18Z</Time>
						<Position>
							<LatitudeDegrees>13.221362</LatitudeDegrees>
							<LongitudeDegrees>100.965554</LongitudeDegrees>
						</Position>
						<AltitudeMeters>31.880000</AltitudeMeters>
						<HeartRateBpm>
							<Value>99</Value>
						</HeartRateBpm>
						<Cadence>53</Cadence>
						<Extensions>
							<ns3:TPX>
								<ns3:Speed>1.059320</ns3:Speed>
							</ns3:TPX>
						</Extensions>
					</Trackpoint>
					<Trackpoint>
						<Time>2569-03-15T08:32:19Z</Time>
						<Position>
							<LatitudeDegrees>13.221359</LatitudeDegrees>
							<LongitudeDegrees>100.965532</LongitudeDegrees>
						</Position>
						<AltitudeMeters>31.840000</AltitudeMeters>
						<HeartRateBpm>
							<Value>99</Value>
						</HeartRateBpm>
						<Cadence>54</Cadence>
						<Extensions>
							<ns3:TPX>
								<ns3:Speed>1.064960</ns3:Speed>
							</ns3:TPX>
						</Extensions>
					</Trackpoint>
					<Trackpoint>
						<Time>2569-03-15T08:32:19Z</Time>
						<Position>
							<LatitudeDegrees>13.221359</LatitudeDegrees>
							<LongitudeDegrees>100.965532</LongitudeDegrees>
						</Position>
						<AltitudeMeters>31.840000</AltitudeMeters>
						<HeartRateBpm>
							<Value>99</Value>
						</HeartRateBpm>
						<Cadence>54</Cadence>
						<Extensions>
							<ns3:TPX>
								<ns3:Speed>1.064960</ns3:Speed>
							</ns3:TPX>
						</Extensions>
					</Trackpoint>
					<Trackpoint>
						<Time>2569-03-15T08:32:21Z</Time>
						<Position>
							<LatitudeDegrees>13.221352</LatitudeDegrees>
							<LongitudeDegrees>100.965517</LongitudeDegrees>
						</Position>
						<AltitudeMeters>31.800000</AltitudeMeters>
						<HeartRateBpm>
							<Value>98</Value>
						</HeartRateBpm>
						<Cadence>54</Cadence>
						<Extensions>
							<ns3:TPX>
								<ns3:Speed>1.076430</ns3:Speed>
							</ns3:TPX>
						</Extensions>
					</Trackpoint>
					<Trackpoint>
						<Time>2569-03-15T08:32:21Z</Time>
						<Position>
							<LatitudeDegrees>13.221352</LatitudeDegrees>
							<LongitudeDegrees>100.965517</LongitudeDegrees>
						</Position>
						<AltitudeMeters>31.800000</AltitudeMeters>
						<HeartRateBpm>
							<Value>98</Value>
						</HeartRateBpm>
						<Cadence>54</Cadence>
						<Extensions>
							<ns3:TPX>
								<ns3:Speed>1.076430</ns3:Speed>
							</ns3:TPX>
						</Extensions>
					</Trackpoint>
					<Trackpoint>
						<Time>2569-03-15T08:32:22Z</Time>
						<Position>
							<LatitudeDegrees>13.221345</LatitudeDegrees>
							<LongitudeDegrees>100.965511</LongitudeDegrees>
						</Position>
						<AltitudeMeters>31.760000</AltitudeMeters>
						<HeartRateBpm>
							<Value>98</Value>
						</HeartRateBpm>
						<Cadence>54</Cadence>
						<Extensions>
							<ns3:TPX>
								<ns3:Speed>1.081080</ns3:Speed>
							</ns3:TPX>
						</Extensions>
					</Trackpoint>
					<Trackpoint>
						<Time>2569-03-15T08:32:23Z</Time>
						<Position>
							<LatitudeDegrees>13.221338</LatitudeDegrees>
							<LongitudeDegrees>100.965506</LongitudeDegrees>
						</Position>
						<AltitudeMeters>31.720000</AltitudeMeters>
						<HeartRateBpm>
							<Value>98</Value>
						</HeartRateBpm>
						<Cadence>54</Cadence>
						<Extensions>
							<ns3:TPX>
								<ns3:Speed>1.085780</ns3:Speed>
							</ns3:TPX>
						</Extensions>
					</Trackpoint>
					<Trackpoint>
						<Time>2569-03-15T08:32:25Z</Time>
						<Position>
							<LatitudeDegrees>13.221330</LatitudeDegrees>
							<LongitudeDegrees>100.965500</LongitudeDegrees>
						</Position>
						<AltitudeMeters>31.660000</AltitudeMeters>
						<HeartRateBpm>
							<Value>100</Value>
						</HeartRateBpm>
						<Cadence>54</Cadence>
						<Extensions>
							<ns3:TPX>
								<ns3:Speed>1.085780</ns3:Speed>
							</ns3:TPX>
						</Extensions>
					</Trackpoint>
					<Trackpoint>
						<Time>2569-03-15T08:32:26Z</Time>
						<Position>
							<LatitudeDegrees>13.221322</LatitudeDegrees>
							<LongitudeDegrees>100.965494</LongitudeDegrees>
						</Position>
						<AltitudeMeters>31.620000</AltitudeMeters>
						<HeartRateBpm>
							<Value>100</Value>
						</HeartRateBpm>
						<Cadence>55</Cadence>
						<Extensions>
							<ns3:TPX>
								<ns3:Speed>1.084600</ns3:Speed>
							</ns3:TPX>
						</Extensions>
					</Trackpoint>
					<Trackpoint>
						<Time>2569-03-15T08:32:27Z</Time>
						<Position>
							<LatitudeDegrees>13.221303</LatitudeDegrees>
							<LongitudeDegrees>100.965483</LongitudeDegrees>
						</Position>
						<AltitudeMeters>31.580000</AltitudeMeters>
						<HeartRateBpm>
							<Value>100</Value>
						</HeartRateBpm>
						<Cadence>55</Cadence>
						<Extensions>
							<ns3:TPX>
								<ns3:Speed>1.083420</ns3:Speed>
							</ns3:TPX>
						</Extensions>
					</Trackpoint>
					<Trackpoint>
						<Time>2569-03-15T08:32:27Z</Time>
						<Position>
							<LatitudeDegrees>13.221303</LatitudeDegrees>
							<LongitudeDegrees>100.965483</LongitudeDegrees>
						</Position>
						<AltitudeMeters>31.580000</AltitudeMeters>
						<HeartRateBpm>
							<Value>100</Value>
						</HeartRateBpm>
						<Cadence>55</Cadence>
						<Extensions>
							<ns3:TPX>
								<ns3:Speed>1.083420</ns3:Speed>
							</ns3:TPX>
						</Extensions>
					</Trackpoint>
					<Trackpoint>
						<Time>2569-03-15T08:32:28Z</Time>
						<Position>
							<LatitudeDegrees>13.221293</LatitudeDegrees>
							<LongitudeDegrees>100.965477</LongitudeDegrees>
						</Position>
						<AltitudeMeters>31.540000</AltitudeMeters>
						<HeartRateBpm>
							<Value>100</Value>
						</HeartRateBpm>
						<Cadence>56</Cadence>
						<Extensions>
							<ns3:TPX>
								<ns3:Speed>1.082250</ns3:Speed>
							</ns3:TPX>
						</Extensions>
					</Trackpoint>
					<Trackpoint>
						<Time>2569-03-15T08:32:30Z</Time>
						<Position>
							<LatitudeDegrees>13.221275</LatitudeDegrees>
							<LongitudeDegrees>100.965465</LongitudeDegrees>
						</Position>
						<AltitudeMeters>31.460000</AltitudeMeters>
						<HeartRateBpm>
							<Value>100</Value>
						</HeartRateBpm>
						<Cadence>56</Cadence>
						<Extensions>
							<ns3:TPX>
								<ns3:Speed>1.084600</ns3:Speed>
							</ns3:TPX>
						</Extensions>
					</Trackpoint>
					<Trackpoint>
						<Time>2569-03-15T08:32:30Z</Time>
						<Position>
							<LatitudeDegrees>13.221275</LatitudeDegrees>
							<LongitudeDegrees>100.965465</LongitudeDegrees>
						</Position>
						<AltitudeMeters>31.460000</AltitudeMeters>
						<HeartRateBpm>
							<Value>100</Value>
						</HeartRateBpm>
						<Cadence>56</Cadence>
						<Extensions>
							<ns3:TPX>
								<ns3:Speed>1.084600</ns3:Speed>
							</ns3:TPX>
						</Extensions>
					</Trackpoint>
					<Trackpoint>
						<Time>2569-03-15T08:32:31Z</Time>
						<Position>
							<LatitudeDegrees>13.221267</LatitudeDegrees>
							<LongitudeDegrees>100.965458</LongitudeDegrees>
						</Position>
						<AltitudeMeters>31.430000</AltitudeMeters>
						<HeartRateBpm>
							<Value>101</Value>
						</HeartRateBpm>
						<Cadence>55</Cadence>
						<Extensions>
							<ns3:TPX>
								<ns3:Speed>1.088140</ns3:Speed>
							</ns3:TPX>
						</Extensions>
					</Trackpoint>
					<Trackpoint>
						<Time>2569-03-15T08:32:33Z</Time>
						<Position>
							<LatitudeDegrees>13.221252</LatitudeDegrees>
							<LongitudeDegrees>100.965442</LongitudeDegrees>
						</Position>
						<AltitudeMeters>31.340000</AltitudeMeters>
						<HeartRateBpm>
							<Value>101</Value>
						</HeartRateBpm>
						<Cadence>55</Cadence>
						<Extensions>
							<ns3:TPX>
								<ns3:Speed>1.092900</ns3:Speed>
							</ns3:TPX>
						</Extensions>
					</Trackpoint>
					<Trackpoint>
						<Time>2569-03-15T08:32:33Z</Time>
						<Position>
							<LatitudeDegrees>13.221252</LatitudeDegrees>
							<LongitudeDegrees>100.965442</LongitudeDegrees>
						</Position>
						<AltitudeMeters>31.340000</AltitudeMeters>
						<HeartRateBpm>
							<Value>101</Value>
						</HeartRateBpm>
						<Cadence>55</Cadence>
						<Extensions>
							<ns3:TPX>
								<ns3:Speed>1.092900</ns3:Speed>
							</ns3:TPX>
						</Extensions>
					</Trackpoint>
					<Trackpoint>
						<Time>2569-03-15T08:32:34Z</Time>
						<Position>
							<LatitudeDegrees>13.221246</LatitudeDegrees>
							<LongitudeDegrees>100.965433</LongitudeDegrees>
						</Position>
						<AltitudeMeters>31.290000</AltitudeMeters>
						<HeartRateBpm>
							<Value>103</Value>
						</HeartRateBpm>
						<Cadence>54</Cadence>
						<Extensions>
							<ns3:TPX>
								<ns3:Speed>1.096490</ns3:Speed>
							</ns3:TPX>
						</Extensions>
					</Trackpoint>
					<Trackpoint>
						<Time>2569-03-15T08:32:36Z</Time>
						<Position>
							<LatitudeDegrees>13.221235</LatitudeDegrees>
							<LongitudeDegrees>100.965416</LongitudeDegrees>
						</Position>
						<AltitudeMeters>31.220000</AltitudeMeters>
						<HeartRateBpm>
							<Value>103</Value>
						</HeartRateBpm>
						<Cadence>54</Cadence>
						<Extensions>
							<ns3:TPX>
								<ns3:Speed>1.102540</ns3:Speed>
							</ns3:TPX>
						</Extensions>
					</Trackpoint>
					<Trackpoint>
						<Time>2569-03-15T08:32:36Z</Time>
						<Position>
							<LatitudeDegrees>13.221235</LatitudeDegrees>
							<LongitudeDegrees>100.965416</LongitudeDegrees>
						</Position>
						<AltitudeMeters>31.220000</AltitudeMeters>
						<HeartRateBpm>
							<Value>103</Value>
						</HeartRateBpm>
						<Cadence>54</Cadence>
						<Extensions>
							<ns3:TPX>
								<ns3:Speed>1.102540</ns3:Speed>
							</ns3:TPX>
						</Extensions>
					</Trackpoint>
					<Trackpoint>
						<Time>2569-03-15T08:32:37Z</Time>
						<Position>
							<LatitudeDegrees>13.221228</LatitudeDegrees>
							<LongitudeDegrees>100.965407</LongitudeDegrees>
						</Position>
						<AltitudeMeters>31.170000</AltitudeMeters>
						<HeartRateBpm>
							<Value>103</Value>
						</HeartRateBpm>
						<Cadence>54</Cadence>
						<Extensions>
							<ns3:TPX>
								<ns3:Speed>1.103750</ns3:Speed>
							</ns3:TPX>
						</Extensions>
					</Trackpoint>
					<Trackpoint>
						<Time>2569-03-15T08:32:38Z</Time>
						<Position>
							<LatitudeDegrees>13.221220</LatitudeDegrees>
							<LongitudeDegrees>100.965399</LongitudeDegrees>
						</Position>
						<AltitudeMeters>31.130000</AltitudeMeters>
						<HeartRateBpm>
							<Value>102</Value>
						</HeartRateBpm>
						<Cadence>54</Cadence>
						<Extensions>
							<ns3:TPX>
								<ns3:Speed>1.106190</ns3:Speed>
							</ns3:TPX>
						</Extensions>
					</Trackpoint>
					<Trackpoint>
						<Time>2569-03-15T08:32:39Z</Time>
						<Position>
							<LatitudeDegrees>13.221212</LatitudeDegrees>
							<LongitudeDegrees>100.965391</LongitudeDegrees>
						</Position>
						<AltitudeMeters>31.100000</AltitudeMeters>
						<HeartRateBpm>
							<Value>101</Value>
						</HeartRateBpm>
						<Cadence>53</Cadence>
						<Extensions>
							<ns3:TPX>
								<ns3:Speed>1.108650</ns3:Speed>
							</ns3:TPX>
						</Extensions>
					</Trackpoint>
					<Trackpoint>
						<Time>2569-03-15T08:32:41Z</Time>
						<Position>
							<LatitudeDegrees>13.221204</LatitudeDegrees>
							<LongitudeDegrees>100.965385</LongitudeDegrees>
						</Position>
						<AltitudeMeters>31.030000</AltitudeMeters>
						<HeartRateBpm>
							<Value>101</Value>
						</HeartRateBpm>
						<Cadence>53</Cadence>
						<Extensions>
							<ns3:TPX>
								<ns3:Speed>1.112350</ns3:Speed>
							</ns3:TPX>
						</Extensions>
					</Trackpoint>
					<Trackpoint>
						<Time>2569-03-15T08:32:42Z</Time>
						<Position>
							<LatitudeDegrees>13.221186</LatitudeDegrees>
							<LongitudeDegrees>100.965374</LongitudeDegrees>
						</Position>
						<AltitudeMeters>31.010000</AltitudeMeters>
						<HeartRateBpm>
							<Value>101</Value>
						</HeartRateBpm>
						<Cadence>54</Cadence>
						<Extensions>
							<ns3:TPX>
								<ns3:Speed>1.114830</ns3:Speed>
							</ns3:TPX>
						</Extensions>
					</Trackpoint>
					<Trackpoint>
						<Time>2569-03-15T08:32:42Z</Time>
						<Position>
							<LatitudeDegrees>13.221186</LatitudeDegrees>
							<LongitudeDegrees>100.965374</LongitudeDegrees>
						</Position>
						<AltitudeMeters>31.010000</AltitudeMeters>
						<HeartRateBpm>
							<Value>101</Value>
						</HeartRateBpm>
						<Cadence>54</Cadence>
						<Extensions>
							<ns3:TPX>
								<ns3:Speed>1.114830</ns3:Speed>
							</ns3:TPX>
						</Extensions>
					</Trackpoint>
					<Trackpoint>
						<Time>2569-03-15T08:32:43Z</Time>
						<Position>
							<LatitudeDegrees>13.221178</LatitudeDegrees>
							<LongitudeDegrees>100.965368</LongitudeDegrees>
						</Position>
						<AltitudeMeters>30.980000</AltitudeMeters>
						<HeartRateBpm>
							<Value>102</Value>
						</HeartRateBpm>
						<Cadence>54</Cadence>
						<Extensions>
							<ns3:TPX>
								<ns3:Speed>1.116070</ns3:Speed>
							</ns3:TPX>
						</Extensions>
					</Trackpoint>
					<Trackpoint>
						<Time>2569-03-15T08:32:45Z</Time>
						<Position>
							<LatitudeDegrees>13.221163</LatitudeDegrees>
							<LongitudeDegrees>100.965355</LongitudeDegrees>
						</Position>
						<AltitudeMeters>30.910000</AltitudeMeters>
						<HeartRateBpm>
							<Value>103</Value>
						</HeartRateBpm>
						<Cadence>54</Cadence>
						<Extensions>
							<ns3:TPX>
								<ns3:Speed>1.119820</ns3:Speed>
							</ns3:TPX>
						</Extensions>
					</Trackpoint>
					<Trackpoint>
						<Time>2569-03-15T08:32:45Z</Time>
						<Position>
							<LatitudeDegrees>13.221163</LatitudeDegrees>
							<LongitudeDegrees>100.965355</LongitudeDegrees>
						</Position>
						<AltitudeMeters>30.910000</AltitudeMeters>
						<HeartRateBpm>
							<Value>103</Value>
						</HeartRateBpm>
						<Cadence>54</Cadence>
						<Extensions>
							<ns3:TPX>
								<ns3:Speed>1.119820</ns3:Speed>
							</ns3:TPX>
						</Extensions>
					</Trackpoint>
					<Trackpoint>
						<Time>2569-03-15T08:32:46Z</Time>
						<Position>
							<LatitudeDegrees>13.221156</LatitudeDegrees>
							<LongitudeDegrees>100.965348</LongitudeDegrees>
						</Position>
						<AltitudeMeters>30.910000</AltitudeMeters>
						<HeartRateBpm>
							<Value>103</Value>
						</HeartRateBpm>
						<Cadence>54</Cadence>
						<Extensions>
							<ns3:TPX>
								<ns3:Speed>1.121080</ns3:Speed>
							</ns3:TPX>
						</Extensions>
					</Trackpoint>
					<Trackpoint>
						<Time>2569-03-15T08:32:47Z</Time>
						<Position>
							<LatitudeDegrees>13.221151</LatitudeDegrees>
							<LongitudeDegrees>100.965338</LongitudeDegrees>
						</Position>
						<AltitudeMeters>30.870000</AltitudeMeters>
						<HeartRateBpm>
							<Value>103</Value>
						</HeartRateBpm>
						<Cadence>54</Cadence>
						<Extensions>
							<ns3:TPX>
								<ns3:Speed>1.122330</ns3:Speed>
							</ns3:TPX>
						</Extensions>
					</Trackpoint>
					<Trackpoint>
						<Time>2569-03-15T08:32:48Z</Time>
						<Position>
							<LatitudeDegrees>13.221145</LatitudeDegrees>
							<LongitudeDegrees>100.965329</LongitudeDegrees>
						</Position>
						<AltitudeMeters>30.840000</AltitudeMeters>
						<HeartRateBpm>
							<Value>103</Value>
						</HeartRateBpm>
						<Cadence>54</Cadence>
						<Extensions>
							<ns3:TPX>
								<ns3:Speed>1.122330</ns3:Speed>
							</ns3:TPX>
						</Extensions>
					</Trackpoint>
					<Trackpoint>
						<Time>2569-03-15T08:32:50Z</Time>
						<Position>
							<LatitudeDegrees>13.221136</LatitudeDegrees>
							<LongitudeDegrees>100.965308</LongitudeDegrees>
						</Position>
						<AltitudeMeters>30.770000</AltitudeMeters>
						<HeartRateBpm>
							<Value>103</Value>
						</HeartRateBpm>
						<Cadence>54</Cadence>
						<Extensions>
							<ns3:TPX>
								<ns3:Speed>1.124860</ns3:Speed>
							</ns3:TPX>
						</Extensions>
					</Trackpoint>
					<Trackpoint>
						<Time>2569-03-15T08:32:50Z</Time>
						<Position>
							<LatitudeDegrees>13.221136</LatitudeDegrees>
							<LongitudeDegrees>100.965308</LongitudeDegrees>
						</Position>
						<AltitudeMeters>30.770000</AltitudeMeters>
						<HeartRateBpm>
							<Value>103</Value>
						</HeartRateBpm>
						<Cadence>54</Cadence>
						<Extensions>
							<ns3:TPX>
								<ns3:Speed>1.124860</ns3:Speed>
							</ns3:TPX>
						</Extensions>
					</Trackpoint>
					<Trackpoint>
						<Time>2569-03-15T08:32:51Z</Time>
						<Position>
							<LatitudeDegrees>13.221131</LatitudeDegrees>
							<LongitudeDegrees>100.965297</LongitudeDegrees>
						</Position>
						<AltitudeMeters>30.740000</AltitudeMeters>
						<HeartRateBpm>
							<Value>103</Value>
						</HeartRateBpm>
						<Cadence>54</Cadence>
						<Extensions>
							<ns3:TPX>
								<ns3:Speed>1.126130</ns3:Speed>
							</ns3:TPX>
						</Extensions>
					</Trackpoint>
					<Trackpoint>
						<Time>2569-03-15T08:32:52Z</Time>
						<Position>
							<LatitudeDegrees>13.221125</LatitudeDegrees>
							<LongitudeDegrees>100.965287</LongitudeDegrees>
						</Position>
						<AltitudeMeters>30.720000</AltitudeMeters>
						<HeartRateBpm>
							<Value>102</Value>
						</HeartRateBpm>
						<Cadence>54</Cadence>
						<Extensions>
							<ns3:TPX>
								<ns3:Speed>1.127400</ns3:Speed>
							</ns3:TPX>
						</Extensions>
					</Trackpoint>
					<Trackpoint>
						<Time>2569-03-15T08:32:53Z</Time>
						<Position>
							<LatitudeDegrees>13.221119</LatitudeDegrees>
							<LongitudeDegrees>100.965277</LongitudeDegrees>
						</Position>
						<AltitudeMeters>30.690000</AltitudeMeters>
						<HeartRateBpm>
							<Value>103</Value>
						</HeartRateBpm>
						<Cadence>53</Cadence>
						<Extensions>
							<ns3:TPX>
								<ns3:Speed>1.128670</ns3:Speed>
							</ns3:TPX>
						</Extensions>
					</Trackpoint>
					<Trackpoint>
						<Time>2569-03-15T08:32:54Z</Time>
						<Position>
							<LatitudeDegrees>13.221112</LatitudeDegrees>
							<LongitudeDegrees>100.965268</LongitudeDegrees>
						</Position>
						<AltitudeMeters>30.660000</AltitudeMeters>
						<HeartRateBpm>
							<Value>103</Value>
						</HeartRateBpm>
						<Cadence>53</Cadence>
						<Extensions>
							<ns3:TPX>
								<ns3:Speed>1.131220</ns3:Speed>
							</ns3:TPX>
						</Extensions>
					</Trackpoint>
					<Trackpoint>
						<Time>2569-03-15T08:32:55Z</Time>
						<Position>
							<LatitudeDegrees>13.221103</LatitudeDegrees>
							<LongitudeDegrees>100.965259</LongitudeDegrees>
						</Position>
						<AltitudeMeters>30.610000</AltitudeMeters>
						<HeartRateBpm>
							<Value>103</Value>
						</HeartRateBpm>
						<Cadence>53</Cadence>
						<Extensions>
							<ns3:TPX>
								<ns3:Speed>1.133790</ns3:Speed>
							</ns3:TPX>
						</Extensions>
					</Trackpoint>
					<Trackpoint>
						<Time>2569-03-15T08:32:57Z</Time>
						<Position>
							<LatitudeDegrees>13.221086</LatitudeDegrees>
							<LongitudeDegrees>100.965241</LongitudeDegrees>
						</Position>
						<AltitudeMeters>30.550000</AltitudeMeters>
						<HeartRateBpm>
							<Value>103</Value>
						</HeartRateBpm>
						<Cadence>53</Cadence>
						<Extensions>
							<ns3:TPX>
								<ns3:Speed>1.138950</ns3:Speed>
							</ns3:TPX>
						</Extensions>
					</Trackpoint>
					<Trackpoint>
						<Time>2569-03-15T08:32:57Z</Time>
						<Position>
							<LatitudeDegrees>13.221086</LatitudeDegrees>
							<LongitudeDegrees>100.965241</LongitudeDegrees>
						</Position>
						<AltitudeMeters>30.550000</AltitudeMeters>
						<HeartRateBpm>
							<Value>103</Value>
						</HeartRateBpm>
						<Cadence>53</Cadence>
						<Extensions>
							<ns3:TPX>
								<ns3:Speed>1.138950</ns3:Speed>
							</ns3:TPX>
						</Extensions>
					</Trackpoint>
					<Trackpoint>
						<Time>2569-03-15T08:32:58Z</Time>
						<Position>
							<LatitudeDegrees>13.221078</LatitudeDegrees>
							<LongitudeDegrees>100.965230</LongitudeDegrees>
						</Position>
						<AltitudeMeters>30.500000</AltitudeMeters>
						<HeartRateBpm>
							<Value>103</Value>
						</HeartRateBpm>
						<Cadence>53</Cadence>
						<Extensions>
							<ns3:TPX>
								<ns3:Speed>1.142860</ns3:Speed>
							</ns3:TPX>
						</Extensions>
					</Trackpoint>
					<Trackpoint>
						<Time>2569-03-15T08:33:00Z</Time>
						<Position>
							<LatitudeDegrees>13.221064</LatitudeDegrees>
							<LongitudeDegrees>100.965208</LongitudeDegrees>
						</Position>
						<AltitudeMeters>30.430000</AltitudeMeters>
						<HeartRateBpm>
							<Value>103</Value>
						</HeartRateBpm>
						<Cadence>53</Cadence>
						<Extensions>
							<ns3:TPX>
								<ns3:Speed>1.150750</ns3:Speed>
							</ns3:TPX>
						</Extensions>
					</Trackpoint>
					<Trackpoint>
						<Time>2569-03-15T08:33:00Z</Time>
						<Position>
							<LatitudeDegrees>13.221064</LatitudeDegrees>
							<LongitudeDegrees>100.965208</LongitudeDegrees>
						</Position>
						<AltitudeMeters>30.430000</AltitudeMeters>
						<HeartRateBpm>
							<Value>103</Value>
						</HeartRateBpm>
						<Cadence>53</Cadence>
						<Extensions>
							<ns3:TPX>
								<ns3:Speed>1.150750</ns3:Speed>
							</ns3:TPX>
						</Extensions>
					</Trackpoint>
					<Trackpoint>
						<Time>2569-03-15T08:33:01Z</Time>
						<Position>
							<LatitudeDegrees>13.221057</LatitudeDegrees>
							<LongitudeDegrees>100.965197</LongitudeDegrees>
						</Position>
						<AltitudeMeters>30.400000</AltitudeMeters>
						<HeartRateBpm>
							<Value>102</Value>
						</HeartRateBpm>
						<Cadence>53</Cadence>
						<Extensions>
							<ns3:TPX>
								<ns3:Speed>1.154730</ns3:Speed>
							</ns3:TPX>
						</Extensions>
					</Trackpoint>
					<Trackpoint>
						<Time>2569-03-15T08:33:02Z</Time>
						<Position>
							<LatitudeDegrees>13.221049</LatitudeDegrees>
							<LongitudeDegrees>100.965186</LongitudeDegrees>
						</Position>
						<AltitudeMeters>30.370000</AltitudeMeters>
						<HeartRateBpm>
							<Value>102</Value>
						</HeartRateBpm>
						<Cadence>53</Cadence>
						<Extensions>
							<ns3:TPX>
								<ns3:Speed>1.160090</ns3:Speed>
							</ns3:TPX>
						</Extensions>
					</Trackpoint>
					<Trackpoint>
						<Time>2569-03-15T08:33:03Z</Time>
						<Position>
							<LatitudeDegrees>13.221042</LatitudeDegrees>
							<LongitudeDegrees>100.965176</LongitudeDegrees>
						</Position>
						<AltitudeMeters>30.320000</AltitudeMeters>
						<HeartRateBpm>
							<Value>102</Value>
						</HeartRateBpm>
						<Cadence>53</Cadence>
						<Extensions>
							<ns3:TPX>
								<ns3:Speed>1.165500</ns3:Speed>
							</ns3:TPX>
						</Extensions>
					</Trackpoint>
					<Trackpoint>
						<Time>2569-03-15T08:33:04Z</Time>
						<Position>
							<LatitudeDegrees>13.221035</LatitudeDegrees>
							<LongitudeDegrees>100.965166</LongitudeDegrees>
						</Position>
						<AltitudeMeters>30.290000</AltitudeMeters>
						<HeartRateBpm>
							<Value>102</Value>
						</HeartRateBpm>
						<Cadence>52</Cadence>
						<Extensions>
							<ns3:TPX>
								<ns3:Speed>1.170960</ns3:Speed>
							</ns3:TPX>
						</Extensions>
					</Trackpoint>
					<Trackpoint>
						<Time>2569-03-15T08:33:06Z</Time>
						<Position>
							<LatitudeDegrees>13.221028</LatitudeDegrees>
							<LongitudeDegrees>100.965157</LongitudeDegrees>
						</Position>
						<AltitudeMeters>30.230000</AltitudeMeters>
						<HeartRateBpm>
							<Value>101</Value>
						</HeartRateBpm>
						<Cadence>52</Cadence>
						<Extensions>
							<ns3:TPX>
								<ns3:Speed>1.182030</ns3:Speed>
							</ns3:TPX>
						</Extensions>
					</Trackpoint>
					<Trackpoint>
						<Time>2569-03-15T08:33:07Z</Time>
						<Position>
							<LatitudeDegrees>13.221021</LatitudeDegrees>
							<LongitudeDegrees>100.965147</LongitudeDegrees>
						</Position>
						<AltitudeMeters>30.190000</AltitudeMeters>
						<HeartRateBpm>
							<Value>101</Value>
						</HeartRateBpm>
						<Cadence>52</Cadence>
						<Extensions>
							<ns3:TPX>
								<ns3:Speed>1.184830</ns3:Speed>
							</ns3:TPX>
						</Extensions>
					</Trackpoint>
					<Trackpoint>
						<Time>2569-03-15T08:33:08Z</Time>
						<Position>
							<LatitudeDegrees>13.221014</LatitudeDegrees>
							<LongitudeDegrees>100.965137</LongitudeDegrees>
						</Position>
						<AltitudeMeters>30.140000</AltitudeMeters>
						<HeartRateBpm>
							<Value>101</Value>
						</HeartRateBpm>
						<Cadence>53</Cadence>
						<Extensions>
							<ns3:TPX>
								<ns3:Speed>1.189060</ns3:Speed>
							</ns3:TPX>
						</Extensions>
					</Trackpoint>
					<Trackpoint>
						<Time>2569-03-15T08:33:09Z</Time>
						<Position>
							<LatitudeDegrees>13.221006</LatitudeDegrees>
							<LongitudeDegrees>100.965128</LongitudeDegrees>
						</Position>
						<AltitudeMeters>30.110000</AltitudeMeters>
						<HeartRateBpm>
							<Value>102</Value>
						</HeartRateBpm>
						<Cadence>53</Cadence>
						<Extensions>
							<ns3:TPX>
								<ns3:Speed>1.191900</ns3:Speed>
							</ns3:TPX>
						</Extensions>
					</Trackpoint>
					<Trackpoint>
						<Time>2569-03-15T08:33:10Z</Time>
						<Position>
							<LatitudeDegrees>13.220989</LatitudeDegrees>
							<LongitudeDegrees>100.965112</LongitudeDegrees>
						</Position>
						<AltitudeMeters>30.090000</AltitudeMeters>
						<HeartRateBpm>
							<Value>102</Value>
						</HeartRateBpm>
						<Cadence>53</Cadence>
						<Extensions>
							<ns3:TPX>
								<ns3:Speed>1.194740</ns3:Speed>
							</ns3:TPX>
						</Extensions>
					</Trackpoint>
					<Trackpoint>
						<Time>2569-03-15T08:33:10Z</Time>
						<Position>
							<LatitudeDegrees>13.220989</LatitudeDegrees>
							<LongitudeDegrees>100.965112</LongitudeDegrees>
						</Position>
						<AltitudeMeters>30.090000</AltitudeMeters>
						<HeartRateBpm>
							<Value>102</Value>
						</HeartRateBpm>
						<Cadence>53</Cadence>
						<Extensions>
							<ns3:TPX>
								<ns3:Speed>1.194740</ns3:Speed>
							</ns3:TPX>
						</Extensions>
					</Trackpoint>
					<Trackpoint>
						<Time>2569-03-15T08:33:12Z</Time>
						<Position>
							<LatitudeDegrees>13.220973</LatitudeDegrees>
							<LongitudeDegrees>100.965096</LongitudeDegrees>
						</Position>
						<AltitudeMeters>30.020000</AltitudeMeters>
						<HeartRateBpm>
							<Value>103</Value>
						</HeartRateBpm>
						<Cadence>53</Cadence>
						<Extensions>
							<ns3:TPX>
								<ns3:Speed>1.199040</ns3:Speed>
							</ns3:TPX>
						</Extensions>
					</Trackpoint>
					<Trackpoint>
						<Time>2569-03-15T08:33:12Z</Time>
						<Position>
							<LatitudeDegrees>13.220973</LatitudeDegrees>
							<LongitudeDegrees>100.965096</LongitudeDegrees>
						</Position>
						<AltitudeMeters>30.020000</AltitudeMeters>
						<HeartRateBpm>
							<Value>103</Value>
						</HeartRateBpm>
						<Cadence>53</Cadence>
						<Extensions>
							<ns3:TPX>
								<ns3:Speed>1.199040</ns3:Speed>
							</ns3:TPX>
						</Extensions>
					</Trackpoint>
					<Trackpoint>
						<Time>2569-03-15T08:33:14Z</Time>
						<Position>
							<LatitudeDegrees>13.220966</LatitudeDegrees>
							<LongitudeDegrees>100.965085</LongitudeDegrees>
						</Position>
						<AltitudeMeters>29.930000</AltitudeMeters>
						<HeartRateBpm>
							<Value>103</Value>
						</HeartRateBpm>
						<Cadence>53</Cadence>
						<Extensions>
							<ns3:TPX>
								<ns3:Speed>1.201920</ns3:Speed>
							</ns3:TPX>
						</Extensions>
					</Trackpoint>
					<Trackpoint>
						<Time>2569-03-15T08:33:15Z</Time>
						<Position>
							<LatitudeDegrees>13.220953</LatitudeDegrees>
							<LongitudeDegrees>100.965067</LongitudeDegrees>
						</Position>
						<AltitudeMeters>29.890000</AltitudeMeters>
						<HeartRateBpm>
							<Value>104</Value>
						</HeartRateBpm>
						<Cadence>53</Cadence>
						<Extensions>
							<ns3:TPX>
								<ns3:Speed>1.203370</ns3:Speed>
							</ns3:TPX>
						</Extensions>
					</Trackpoint>
					<Trackpoint>
						<Time>2569-03-15T08:33:15Z</Time>
						<Position>
							<LatitudeDegrees>13.220953</LatitudeDegrees>
							<LongitudeDegrees>100.965067</LongitudeDegrees>
						</Position>
						<AltitudeMeters>29.890000</AltitudeMeters>
						<HeartRateBpm>
							<Value>104</Value>
						</HeartRateBpm>
						<Cadence>53</Cadence>
						<Extensions>
							<ns3:TPX>
								<ns3:Speed>1.203370</ns3:Speed>
							</ns3:TPX>
						</Extensions>
					</Trackpoint>
					<Trackpoint>
						<Time>2569-03-15T08:33:16Z</Time>
						<Position>
							<LatitudeDegrees>13.220947</LatitudeDegrees>
							<LongitudeDegrees>100.965057</LongitudeDegrees>
						</Position>
						<AltitudeMeters>29.840000</AltitudeMeters>
						<HeartRateBpm>
							<Value>106</Value>
						</HeartRateBpm>
						<Cadence>53</Cadence>
						<Extensions>
							<ns3:TPX>
								<ns3:Speed>1.203370</ns3:Speed>
							</ns3:TPX>
						</Extensions>
					</Trackpoint>
					<Trackpoint>
						<Time>2569-03-15T08:33:18Z</Time>
						<Position>
							<LatitudeDegrees>13.220942</LatitudeDegrees>
							<LongitudeDegrees>100.965047</LongitudeDegrees>
						</Position>
						<AltitudeMeters>29.740000</AltitudeMeters>
						<HeartRateBpm>
							<Value>108</Value>
						</HeartRateBpm>
						<Cadence>52</Cadence>
						<Extensions>
							<ns3:TPX>
								<ns3:Speed>1.206270</ns3:Speed>
							</ns3:TPX>
						</Extensions>
					</Trackpoint>
					<Trackpoint>
						<Time>2569-03-15T08:33:19Z</Time>
						<Position>
							<LatitudeDegrees>13.220936</LatitudeDegrees>
							<LongitudeDegrees>100.965038</LongitudeDegrees>
						</Position>
						<AltitudeMeters>29.690000</AltitudeMeters>
						<HeartRateBpm>
							<Value>105</Value>
						</HeartRateBpm>
						<Cadence>51</Cadence>
						<Extensions>
							<ns3:TPX>
								<ns3:Speed>1.206270</ns3:Speed>
							</ns3:TPX>
						</Extensions>
					</Trackpoint>
					<Trackpoint>
						<Time>2569-03-15T08:33:20Z</Time>
						<Position>
							<LatitudeDegrees>13.220929</LatitudeDegrees>
							<LongitudeDegrees>100.965030</LongitudeDegrees>
						</Position>
						<AltitudeMeters>29.660000</AltitudeMeters>
						<HeartRateBpm>
							<Value>105</Value>
						</HeartRateBpm>
						<Cadence>51</Cadence>
						<Extensions>
							<ns3:TPX>
								<ns3:Speed>1.206270</ns3:Speed>
							</ns3:TPX>
						</Extensions>
					</Trackpoint>
					<Trackpoint>
						<Time>2569-03-15T08:33:21Z</Time>
						<Position>
							<LatitudeDegrees>13.220915</LatitudeDegrees>
							<LongitudeDegrees>100.965017</LongitudeDegrees>
						</Position>
						<AltitudeMeters>29.610000</AltitudeMeters>
						<HeartRateBpm>
							<Value>104</Value>
						</HeartRateBpm>
						<Cadence>51</Cadence>
						<Extensions>
							<ns3:TPX>
								<ns3:Speed>1.207730</ns3:Speed>
							</ns3:TPX>
						</Extensions>
					</Trackpoint>
					<Trackpoint>
						<Time>2569-03-15T08:33:21Z</Time>
						<Position>
							<LatitudeDegrees>13.220915</LatitudeDegrees>
							<LongitudeDegrees>100.965017</LongitudeDegrees>
						</Position>
						<AltitudeMeters>29.610000</AltitudeMeters>
						<HeartRateBpm>
							<Value>104</Value>
						</HeartRateBpm>
						<Cadence>51</Cadence>
						<Extensions>
							<ns3:TPX>
								<ns3:Speed>1.207730</ns3:Speed>
							</ns3:TPX>
						</Extensions>
					</Trackpoint>
					<Trackpoint>
						<Time>2569-03-15T08:33:22Z</Time>
						<Position>
							<LatitudeDegrees>13.220906</LatitudeDegrees>
							<LongitudeDegrees>100.965009</LongitudeDegrees>
						</Position>
						<AltitudeMeters>29.560000</AltitudeMeters>
						<HeartRateBpm>
							<Value>104</Value>
						</HeartRateBpm>
						<Cadence>52</Cadence>
						<Extensions>
							<ns3:TPX>
								<ns3:Speed>1.207730</ns3:Speed>
							</ns3:TPX>
						</Extensions>
					</Trackpoint>
					<Trackpoint>
						<Time>2569-03-15T08:33:23Z</Time>
						<Position>
							<LatitudeDegrees>13.220897</LatitudeDegrees>
							<LongitudeDegrees>100.965002</LongitudeDegrees>
						</Position>
						<AltitudeMeters>29.510000</AltitudeMeters>
						<HeartRateBpm>
							<Value>102</Value>
						</HeartRateBpm>
						<Cadence>52</Cadence>
						<Extensions>
							<ns3:TPX>
								<ns3:Speed>1.207730</ns3:Speed>
							</ns3:TPX>
						</Extensions>
					</Trackpoint>
					<Trackpoint>
						<Time>2569-03-15T08:33:25Z</Time>
						<Position>
							<LatitudeDegrees>13.220888</LatitudeDegrees>
							<LongitudeDegrees>100.964995</LongitudeDegrees>
						</Position>
						<AltitudeMeters>29.420000</AltitudeMeters>
						<HeartRateBpm>
							<Value>102</Value>
						</HeartRateBpm>
						<Cadence>53</Cadence>
						<Extensions>
							<ns3:TPX>
								<ns3:Speed>1.207730</ns3:Speed>
							</ns3:TPX>
						</Extensions>
					</Trackpoint>
					<Trackpoint>
						<Time>2569-03-15T08:33:26Z</Time>
						<Position>
							<LatitudeDegrees>13.220879</LatitudeDegrees>
							<LongitudeDegrees>100.964988</LongitudeDegrees>
						</Position>
						<AltitudeMeters>29.380000</AltitudeMeters>
						<HeartRateBpm>
							<Value>103</Value>
						</HeartRateBpm>
						<Cadence>53</Cadence>
						<Extensions>
							<ns3:TPX>
								<ns3:Speed>1.207730</ns3:Speed>
							</ns3:TPX>
						</Extensions>
					</Trackpoint>
					<Trackpoint>
						<Time>2569-03-15T08:33:27Z</Time>
						<Position>
							<LatitudeDegrees>13.220862</LatitudeDegrees>
							<LongitudeDegrees>100.964974</LongitudeDegrees>
						</Position>
						<AltitudeMeters>29.340000</AltitudeMeters>
						<HeartRateBpm>
							<Value>103</Value>
						</HeartRateBpm>
						<Cadence>53</Cadence>
						<Extensions>
							<ns3:TPX>
								<ns3:Speed>1.207730</ns3:Speed>
							</ns3:TPX>
						</Extensions>
					</Trackpoint>
					<Trackpoint>
						<Time>2569-03-15T08:33:27Z</Time>
						<Position>
							<LatitudeDegrees>13.220862</LatitudeDegrees>
							<LongitudeDegrees>100.964974</LongitudeDegrees>
						</Position>
						<AltitudeMeters>29.340000</AltitudeMeters>
						<HeartRateBpm>
							<Value>103</Value>
						</HeartRateBpm>
						<Cadence>53</Cadence>
						<Extensions>
							<ns3:TPX>
								<ns3:Speed>1.207730</ns3:Speed>
							</ns3:TPX>
						</Extensions>
					</Trackpoint>
					<Trackpoint>
						<Time>2569-03-15T08:33:28Z</Time>
						<Position>
							<LatitudeDegrees>13.220854</LatitudeDegrees>
							<LongitudeDegrees>100.964967</LongitudeDegrees>
						</Position>
						<AltitudeMeters>29.310000</AltitudeMeters>
						<HeartRateBpm>
							<Value>104</Value>
						</HeartRateBpm>
						<Cadence>53</Cadence>
						<Extensions>
							<ns3:TPX>
								<ns3:Speed>1.207730</ns3:Speed>
							</ns3:TPX>
						</Extensions>
					</Trackpoint>
					<Trackpoint>
						<Time>2569-03-15T08:33:30Z</Time>
						<Position>
							<LatitudeDegrees>13.220846</LatitudeDegrees>
							<LongitudeDegrees>100.964960</LongitudeDegrees>
						</Position>
						<AltitudeMeters>29.240000</AltitudeMeters>
						<HeartRateBpm>
							<Value>105</Value>
						</HeartRateBpm>
						<Cadence>53</Cadence>
						<Extensions>
							<ns3:TPX>
								<ns3:Speed>1.209190</ns3:Speed>
							</ns3:TPX>
						</Extensions>
					</Trackpoint>
					<Trackpoint>
						<Time>2569-03-15T08:33:31Z</Time>
						<Position>
							<LatitudeDegrees>13.220838</LatitudeDegrees>
							<LongitudeDegrees>100.964953</LongitudeDegrees>
						</Position>
						<AltitudeMeters>29.200000</AltitudeMeters>
						<HeartRateBpm>
							<Value>106</Value>
						</HeartRateBpm>
						<Cadence>53</Cadence>
						<Extensions>
							<ns3:TPX>
								<ns3:Speed>1.209190</ns3:Speed>
							</ns3:TPX>
						</Extensions>
					</Trackpoint>
					<Trackpoint>
						<Time>2569-03-15T08:33:32Z</Time>
						<Position>
							<LatitudeDegrees>13.220830</LatitudeDegrees>
							<LongitudeDegrees>100.964946</LongitudeDegrees>
						</Position>
						<AltitudeMeters>29.160000</AltitudeMeters>
						<HeartRateBpm>
							<Value>106</Value>
						</HeartRateBpm>
						<Cadence>53</Cadence>
						<Extensions>
							<ns3:TPX>
								<ns3:Speed>1.210650</ns3:Speed>
							</ns3:TPX>
						</Extensions>
					</Trackpoint>
					<Trackpoint>
						<Time>2569-03-15T08:33:33Z</Time>
						<Position>
							<LatitudeDegrees>13.220820</LatitudeDegrees>
							<LongitudeDegrees>100.964941</LongitudeDegrees>
						</Position>
						<AltitudeMeters>29.120000</AltitudeMeters>
						<HeartRateBpm>
							<Value>106</Value>
						</HeartRateBpm>
						<Cadence>54</Cadence>
						<Extensions>
							<ns3:TPX>
								<ns3:Speed>1.210650</ns3:Speed>
							</ns3:TPX>
						</Extensions>
					</Trackpoint>
					<Trackpoint>
						<Time>2569-03-15T08:33:34Z</Time>
						<Position>
							<LatitudeDegrees>13.220812</LatitudeDegrees>
							<LongitudeDegrees>100.964935</LongitudeDegrees>
						</Position>
						<AltitudeMeters>29.080000</AltitudeMeters>
						<HeartRateBpm>
							<Value>106</Value>
						</HeartRateBpm>
						<Cadence>54</Cadence>
						<Extensions>
							<ns3:TPX>
								<ns3:Speed>1.210650</ns3:Speed>
							</ns3:TPX>
						</Extensions>
					</Trackpoint>
					<Trackpoint>
						<Time>2569-03-15T08:33:35Z</Time>
						<Position>
							<LatitudeDegrees>13.220803</LatitudeDegrees>
							<LongitudeDegrees>100.964929</LongitudeDegrees>
						</Position>
						<AltitudeMeters>29.070000</AltitudeMeters>
						<HeartRateBpm>
							<Value>107</Value>
						</HeartRateBpm>
						<Cadence>54</Cadence>
						<Extensions>
							<ns3:TPX>
								<ns3:Speed>1.209190</ns3:Speed>
							</ns3:TPX>
						</Extensions>
					</Trackpoint>
					<Trackpoint>
						<Time>2569-03-15T08:33:36Z</Time>
						<Position>
							<LatitudeDegrees>13.220794</LatitudeDegrees>
							<LongitudeDegrees>100.964924</LongitudeDegrees>
						</Position>
						<AltitudeMeters>29.040000</AltitudeMeters>
						<HeartRateBpm>
							<Value>106</Value>
						</HeartRateBpm>
						<Cadence>54</Cadence>
						<Extensions>
							<ns3:TPX>
								<ns3:Speed>1.209190</ns3:Speed>
							</ns3:TPX>
						</Extensions>
					</Trackpoint>
					<Trackpoint>
						<Time>2569-03-15T08:33:37Z</Time>
						<Position>
							<LatitudeDegrees>13.220785</LatitudeDegrees>
							<LongitudeDegrees>100.964917</LongitudeDegrees>
						</Position>
						<AltitudeMeters>29.010000</AltitudeMeters>
						<HeartRateBpm>
							<Value>105</Value>
						</HeartRateBpm>
						<Cadence>54</Cadence>
						<Extensions>
							<ns3:TPX>
								<ns3:Speed>1.207730</ns3:Speed>
							</ns3:TPX>
						</Extensions>
					</Trackpoint>
					<Trackpoint>
						<Time>2569-03-15T08:33:38Z</Time>
						<Position>
							<LatitudeDegrees>13.220777</LatitudeDegrees>
							<LongitudeDegrees>100.964910</LongitudeDegrees>
						</Position>
						<AltitudeMeters>28.980000</AltitudeMeters>
						<HeartRateBpm>
							<Value>106</Value>
						</HeartRateBpm>
						<Cadence>53</Cadence>
						<Extensions>
							<ns3:TPX>
								<ns3:Speed>1.207730</ns3:Speed>
							</ns3:TPX>
						</Extensions>
					</Trackpoint>
					<Trackpoint>
						<Time>2569-03-15T08:33:39Z</Time>
						<Position>
							<LatitudeDegrees>13.220760</LatitudeDegrees>
							<LongitudeDegrees>100.964893</LongitudeDegrees>
						</Position>
						<AltitudeMeters>28.950000</AltitudeMeters>
						<HeartRateBpm>
							<Value>105</Value>
						</HeartRateBpm>
						<Cadence>53</Cadence>
						<Extensions>
							<ns3:TPX>
								<ns3:Speed>1.206270</ns3:Speed>
							</ns3:TPX>
						</Extensions>
					</Trackpoint>
					<Trackpoint>
						<Time>2569-03-15T08:33:39Z</Time>
						<Position>
							<LatitudeDegrees>13.220760</LatitudeDegrees>
							<LongitudeDegrees>100.964893</LongitudeDegrees>
						</Position>
						<AltitudeMeters>28.950000</AltitudeMeters>
						<HeartRateBpm>
							<Value>105</Value>
						</HeartRateBpm>
						<Cadence>53</Cadence>
						<Extensions>
							<ns3:TPX>
								<ns3:Speed>1.206270</ns3:Speed>
							</ns3:TPX>
						</Extensions>
					</Trackpoint>
					<Trackpoint>
						<Time>2569-03-15T08:33:41Z</Time>
						<Position>
							<LatitudeDegrees>13.220752</LatitudeDegrees>
							<LongitudeDegrees>100.964886</LongitudeDegrees>
						</Position>
						<AltitudeMeters>28.890000</AltitudeMeters>
						<HeartRateBpm>
							<Value>104</Value>
						</HeartRateBpm>
						<Cadence>52</Cadence>
						<Extensions>
							<ns3:TPX>
								<ns3:Speed>1.206270</ns3:Speed>
							</ns3:TPX>
						</Extensions>
					</Trackpoint>
					<Trackpoint>
						<Time>2569-03-15T08:33:42Z</Time>
						<Position>
							<LatitudeDegrees>13.220737</LatitudeDegrees>
							<LongitudeDegrees>100.964869</LongitudeDegrees>
						</Position>
						<AltitudeMeters>28.860000</AltitudeMeters>
						<HeartRateBpm>
							<Value>104</Value>
						</HeartRateBpm>
						<Cadence>52</Cadence>
						<Extensions>
							<ns3:TPX>
								<ns3:Speed>1.204820</ns3:Speed>
							</ns3:TPX>
						</Extensions>
					</Trackpoint>
					<Trackpoint>
						<Time>2569-03-15T08:33:42Z</Time>
						<Position>
							<LatitudeDegrees>13.220737</LatitudeDegrees>
							<LongitudeDegrees>100.964869</LongitudeDegrees>
						</Position>
						<AltitudeMeters>28.860000</AltitudeMeters>
						<HeartRateBpm>
							<Value>104</Value>
						</HeartRateBpm>
						<Cadence>52</Cadence>
						<Extensions>
							<ns3:TPX>
								<ns3:Speed>1.204820</ns3:Speed>
							</ns3:TPX>
						</Extensions>
					</Trackpoint>
					<Trackpoint>
						<Time>2569-03-15T08:33:43Z</Time>
						<Position>
							<LatitudeDegrees>13.220728</LatitudeDegrees>
							<LongitudeDegrees>100.964860</LongitudeDegrees>
						</Position>
						<AltitudeMeters>28.840000</AltitudeMeters>
						<HeartRateBpm>
							<Value>103</Value>
						</HeartRateBpm>
						<Cadence>53</Cadence>
						<Extensions>
							<ns3:TPX>
								<ns3:Speed>1.204820</ns3:Speed>
							</ns3:TPX>
						</Extensions>
					</Trackpoint>
					<Trackpoint>
						<Time>2569-03-15T08:33:45Z</Time>
						<Position>
							<LatitudeDegrees>13.220710</LatitudeDegrees>
							<LongitudeDegrees>100.964844</LongitudeDegrees>
						</Position>
						<AltitudeMeters>28.800000</AltitudeMeters>
						<HeartRateBpm>
							<Value>103</Value>
						</HeartRateBpm>
						<Cadence>53</Cadence>
						<Extensions>
							<ns3:TPX>
								<ns3:Speed>1.206270</ns3:Speed>
							</ns3:TPX>
						</Extensions>
					</Trackpoint>
					<Trackpoint>
						<Time>2569-03-15T08:33:45Z</Time>
						<Position>
							<LatitudeDegrees>13.220710</LatitudeDegrees>
							<LongitudeDegrees>100.964844</LongitudeDegrees>
						</Position>
						<AltitudeMeters>28.800000</AltitudeMeters>
						<HeartRateBpm>
							<Value>103</Value>
						</HeartRateBpm>
						<Cadence>53</Cadence>
						<Extensions>
							<ns3:TPX>
								<ns3:Speed>1.206270</ns3:Speed>
							</ns3:TPX>
						</Extensions>
					</Trackpoint>
					<Trackpoint>
						<Time>2569-03-15T08:33:46Z</Time>
						<Position>
							<LatitudeDegrees>13.220701</LatitudeDegrees>
							<LongitudeDegrees>100.964837</LongitudeDegrees>
						</Position>
						<AltitudeMeters>28.760000</AltitudeMeters>
						<HeartRateBpm>
							<Value>102</Value>
						</HeartRateBpm>
						<Cadence>53</Cadence>
						<Extensions>
							<ns3:TPX>
								<ns3:Speed>1.207730</ns3:Speed>
							</ns3:TPX>
						</Extensions>
					</Trackpoint>
					<Trackpoint>
						<Time>2569-03-15T08:33:48Z</Time>
						<Position>
							<LatitudeDegrees>13.220682</LatitudeDegrees>
							<LongitudeDegrees>100.964822</LongitudeDegrees>
						</Position>
						<AltitudeMeters>28.680000</AltitudeMeters>
						<HeartRateBpm>
							<Value>101</Value>
						</HeartRateBpm>
						<Cadence>53</Cadence>
						<Extensions>
							<ns3:TPX>
								<ns3:Speed>1.212120</ns3:Speed>
							</ns3:TPX>
						</Extensions>
					</Trackpoint>
					<Trackpoint>
						<Time>2569-03-15T08:33:48Z</Time>
						<Position>
							<LatitudeDegrees>13.220682</LatitudeDegrees>
							<LongitudeDegrees>100.964822</LongitudeDegrees>
						</Position>
						<AltitudeMeters>28.680000</AltitudeMeters>
						<HeartRateBpm>
							<Value>101</Value>
						</HeartRateBpm>
						<Cadence>53</Cadence>
						<Extensions>
							<ns3:TPX>
								<ns3:Speed>1.212120</ns3:Speed>
							</ns3:TPX>
						</Extensions>
					</Trackpoint>
					<Trackpoint>
						<Time>2569-03-15T08:33:50Z</Time>
						<Position>
							<LatitudeDegrees>13.220672</LatitudeDegrees>
							<LongitudeDegrees>100.964814</LongitudeDegrees>
						</Position>
						<AltitudeMeters>28.610000</AltitudeMeters>
						<HeartRateBpm>
							<Value>101</Value>
						</HeartRateBpm>
						<Cadence>53</Cadence>
						<Extensions>
							<ns3:TPX>
								<ns3:Speed>1.215070</ns3:Speed>
							</ns3:TPX>
						</Extensions>
					</Trackpoint>
					<Trackpoint>
						<Time>2569-03-15T08:33:51Z</Time>
						<Position>
							<LatitudeDegrees>13.220654</LatitudeDegrees>
							<LongitudeDegrees>100.964799</LongitudeDegrees>
						</Position>
						<AltitudeMeters>28.570000</AltitudeMeters>
						<HeartRateBpm>
							<Value>100</Value>
						</HeartRateBpm>
						<Cadence>52</Cadence>
						<Extensions>
							<ns3:TPX>
								<ns3:Speed>1.216550</ns3:Speed>
							</ns3:TPX>
						</Extensions>
					</Trackpoint>
					<Trackpoint>
						<Time>2569-03-15T08:33:51Z</Time>
						<Position>
							<LatitudeDegrees>13.220654</LatitudeDegrees>
							<LongitudeDegrees>100.964799</LongitudeDegrees>
						</Position>
						<AltitudeMeters>28.570000</AltitudeMeters>
						<HeartRateBpm>
							<Value>100</Value>
						</HeartRateBpm>
						<Cadence>52</Cadence>
						<Extensions>
							<ns3:TPX>
								<ns3:Speed>1.216550</ns3:Speed>
							</ns3:TPX>
						</Extensions>
					</Trackpoint>
					<Trackpoint>
						<Time>2569-03-15T08:33:52Z</Time>
						<Position>
							<LatitudeDegrees>13.220645</LatitudeDegrees>
							<LongitudeDegrees>100.964792</LongitudeDegrees>
						</Position>
						<AltitudeMeters>28.520000</AltitudeMeters>
						<HeartRateBpm>
							<Value>100</Value>
						</HeartRateBpm>
						<Cadence>52</Cadence>
						<Extensions>
							<ns3:TPX>
								<ns3:Speed>1.219510</ns3:Speed>
							</ns3:TPX>
						</Extensions>
					</Trackpoint>
					<Trackpoint>
						<Time>2569-03-15T08:33:54Z</Time>
						<Position>
							<LatitudeDegrees>13.220637</LatitudeDegrees>
							<LongitudeDegrees>100.964784</LongitudeDegrees>
						</Position>
						<AltitudeMeters>28.440000</AltitudeMeters>
						<HeartRateBpm>
							<Value>101</Value>
						</HeartRateBpm>
						<Cadence>53</Cadence>
						<Extensions>
							<ns3:TPX>
								<ns3:Speed>1.222490</ns3:Speed>
							</ns3:TPX>
						</Extensions>
					</Trackpoint>
					<Trackpoint>
						<Time>2569-03-15T08:33:55Z</Time>
						<Position>
							<LatitudeDegrees>13.220629</LatitudeDegrees>
							<LongitudeDegrees>100.964777</LongitudeDegrees>
						</Position>
						<AltitudeMeters>28.400000</AltitudeMeters>
						<HeartRateBpm>
							<Value>101</Value>
						</HeartRateBpm>
						<Cadence>53</Cadence>
						<Extensions>
							<ns3:TPX>
								<ns3:Speed>1.222490</ns3:Speed>
							</ns3:TPX>
						</Extensions>
					</Trackpoint>
					<Trackpoint>
						<Time>2569-03-15T08:33:56Z</Time>
						<Position>
							<LatitudeDegrees>13.220621</LatitudeDegrees>
							<LongitudeDegrees>100.964769</LongitudeDegrees>
						</Position>
						<AltitudeMeters>28.370000</AltitudeMeters>
						<HeartRateBpm>
							<Value>101</Value>
						</HeartRateBpm>
						<Cadence>53</Cadence>
						<Extensions>
							<ns3:TPX>
								<ns3:Speed>1.223990</ns3:Speed>
							</ns3:TPX>
						</Extensions>
					</Trackpoint>
					<Trackpoint>
						<Time>2569-03-15T08:33:57Z</Time>
						<Position>
							<LatitudeDegrees>13.220614</LatitudeDegrees>
							<LongitudeDegrees>100.964763</LongitudeDegrees>
						</Position>
						<AltitudeMeters>28.330000</AltitudeMeters>
						<HeartRateBpm>
							<Value>101</Value>
						</HeartRateBpm>
						<Cadence>54</Cadence>
						<Extensions>
							<ns3:TPX>
								<ns3:Speed>1.225490</ns3:Speed>
							</ns3:TPX>
						</Extensions>
					</Trackpoint>
					<Trackpoint>
						<Time>2569-03-15T08:33:58Z</Time>
						<Position>
							<LatitudeDegrees>13.220608</LatitudeDegrees>
							<LongitudeDegrees>100.964757</LongitudeDegrees>
						</Position>
						<AltitudeMeters>28.330000</AltitudeMeters>
						<HeartRateBpm>
							<Value>100</Value>
						</HeartRateBpm>
						<Cadence>54</Cadence>
						<Extensions>
							<ns3:TPX>
								<ns3:Speed>1.225490</ns3:Speed>
							</ns3:TPX>
						</Extensions>
					</Trackpoint>
					<Trackpoint>
						<Time>2569-03-15T08:33:59Z</Time>
						<Position>
							<LatitudeDegrees>13.220602</LatitudeDegrees>
							<LongitudeDegrees>100.964752</LongitudeDegrees>
						</Position>
						<AltitudeMeters>28.300000</AltitudeMeters>
						<HeartRateBpm>
							<Value>100</Value>
						</HeartRateBpm>
						<Cadence>54</Cadence>
						<Extensions>
							<ns3:TPX>
								<ns3:Speed>1.225490</ns3:Speed>
							</ns3:TPX>
						</Extensions>
					</Trackpoint>
					<Trackpoint>
						<Time>2569-03-15T08:34:00Z</Time>
						<Position>
							<LatitudeDegrees>13.220596</LatitudeDegrees>
							<LongitudeDegrees>100.964747</LongitudeDegrees>
						</Position>
						<AltitudeMeters>28.280000</AltitudeMeters>
						<HeartRateBpm>
							<Value>101</Value>
						</HeartRateBpm>
						<Cadence>53</Cadence>
						<Extensions>
							<ns3:TPX>
								<ns3:Speed>1.222490</ns3:Speed>
							</ns3:TPX>
						</Extensions>
					</Trackpoint>
					<Trackpoint>
						<Time>2569-03-15T08:34:01Z</Time>
						<Position>
							<LatitudeDegrees>13.220588</LatitudeDegrees>
							<LongitudeDegrees>100.964742</LongitudeDegrees>
						</Position>
						<AltitudeMeters>28.270000</AltitudeMeters>
						<HeartRateBpm>
							<Value>101</Value>
						</HeartRateBpm>
						<Cadence>53</Cadence>
						<Extensions>
							<ns3:TPX>
								<ns3:Speed>1.219510</ns3:Speed>
							</ns3:TPX>
						</Extensions>
					</Trackpoint>
					<Trackpoint>
						<Time>2569-03-15T08:34:02Z</Time>
						<Position>
							<LatitudeDegrees>13.220579</LatitudeDegrees>
							<LongitudeDegrees>100.964737</LongitudeDegrees>
						</Position>
						<AltitudeMeters>28.240000</AltitudeMeters>
						<HeartRateBpm>
							<Value>101</Value>
						</HeartRateBpm>
						<Cadence>53</Cadence>
						<Extensions>
							<ns3:TPX>
								<ns3:Speed>1.215070</ns3:Speed>
							</ns3:TPX>
						</Extensions>
					</Trackpoint>
					<Trackpoint>
						<Time>2569-03-15T08:34:03Z</Time>
						<Position>
							<LatitudeDegrees>13.220561</LatitudeDegrees>
							<LongitudeDegrees>100.964729</LongitudeDegrees>
						</Position>
						<AltitudeMeters>28.220000</AltitudeMeters>
						<HeartRateBpm>
							<Value>102</Value>
						</HeartRateBpm>
						<Cadence>53</Cadence>
						<Extensions>
							<ns3:TPX>
								<ns3:Speed>1.210650</ns3:Speed>
							</ns3:TPX>
						</Extensions>
					</Trackpoint>
					<Trackpoint>
						<Time>2569-03-15T08:34:03Z</Time>
						<Position>
							<LatitudeDegrees>13.220561</LatitudeDegrees>
							<LongitudeDegrees>100.964729</LongitudeDegrees>
						</Position>
						<AltitudeMeters>28.220000</AltitudeMeters>
						<HeartRateBpm>
							<Value>102</Value>
						</HeartRateBpm>
						<Cadence>53</Cadence>
						<Extensions>
							<ns3:TPX>
								<ns3:Speed>1.210650</ns3:Speed>
							</ns3:TPX>
						</Extensions>
					</Trackpoint>
					<Trackpoint>
						<Time>2569-03-15T08:34:04Z</Time>
						<Position>
							<LatitudeDegrees>13.220553</LatitudeDegrees>
							<LongitudeDegrees>100.964724</LongitudeDegrees>
						</Position>
						<AltitudeMeters>28.200000</AltitudeMeters>
						<HeartRateBpm>
							<Value>101</Value>
						</HeartRateBpm>
						<Cadence>53</Cadence>
						<Extensions>
							<ns3:TPX>
								<ns3:Speed>1.206270</ns3:Speed>
							</ns3:TPX>
						</Extensions>
					</Trackpoint>
					<Trackpoint>
						<Time>2569-03-15T08:34:05Z</Time>
						<Position>
							<LatitudeDegrees>13.220545</LatitudeDegrees>
							<LongitudeDegrees>100.964718</LongitudeDegrees>
						</Position>
						<AltitudeMeters>28.180000</AltitudeMeters>
						<HeartRateBpm>
							<Value>101</Value>
						</HeartRateBpm>
						<Cadence>52</Cadence>
						<Extensions>
							<ns3:TPX>
								<ns3:Speed>1.201920</ns3:Speed>
							</ns3:TPX>
						</Extensions>
					</Trackpoint>
					<Trackpoint>
						<Time>2569-03-15T08:34:06Z</Time>
						<Position>
							<LatitudeDegrees>13.220537</LatitudeDegrees>
							<LongitudeDegrees>100.964712</LongitudeDegrees>
						</Position>
						<AltitudeMeters>28.170000</AltitudeMeters>
						<HeartRateBpm>
							<Value>101</Value>
						</HeartRateBpm>
						<Cadence>52</Cadence>
						<Extensions>
							<ns3:TPX>
								<ns3:Speed>1.199040</ns3:Speed>
							</ns3:TPX>
						</Extensions>
					</Trackpoint>
					<Trackpoint>
						<Time>2569-03-15T08:34:07Z</Time>
						<Position>
							<LatitudeDegrees>13.220529</LatitudeDegrees>
							<LongitudeDegrees>100.964705</LongitudeDegrees>
						</Position>
						<AltitudeMeters>28.150000</AltitudeMeters>
						<HeartRateBpm>
							<Value>101</Value>
						</HeartRateBpm>
						<Cadence>51</Cadence>
						<Extensions>
							<ns3:TPX>
								<ns3:Speed>1.196170</ns3:Speed>
							</ns3:TPX>
						</Extensions>
					</Trackpoint>
					<Trackpoint>
						<Time>2569-03-15T08:34:08Z</Time>
						<Position>
							<LatitudeDegrees>13.220522</LatitudeDegrees>
							<LongitudeDegrees>100.964697</LongitudeDegrees>
						</Position>
						<AltitudeMeters>28.130000</AltitudeMeters>
						<HeartRateBpm>
							<Value>101</Value>
						</HeartRateBpm>
						<Cadence>51</Cadence>
						<Extensions>
							<ns3:TPX>
								<ns3:Speed>1.193320</ns3:Speed>
							</ns3:TPX>
						</Extensions>
					</Trackpoint>
					<Trackpoint>
						<Time>2569-03-15T08:34:09Z</Time>
						<Position>
							<LatitudeDegrees>13.220514</LatitudeDegrees>
							<LongitudeDegrees>100.964690</LongitudeDegrees>
						</Position>
						<AltitudeMeters>28.120000</AltitudeMeters>
						<HeartRateBpm>
							<Value>101</Value>
						</HeartRateBpm>
						<Cadence>51</Cadence>
						<Extensions>
							<ns3:TPX>
								<ns3:Speed>1.190480</ns3:Speed>
							</ns3:TPX>
						</Extensions>
					</Trackpoint>
					<Trackpoint>
						<Time>2569-03-15T08:34:10Z</Time>
						<Position>
							<LatitudeDegrees>13.220505</LatitudeDegrees>
							<LongitudeDegrees>100.964683</LongitudeDegrees>
						</Position>
						<AltitudeMeters>28.100000</AltitudeMeters>
						<HeartRateBpm>
							<Value>102</Value>
						</HeartRateBpm>
						<Cadence>51</Cadence>
						<Extensions>
							<ns3:TPX>
								<ns3:Speed>1.189060</ns3:Speed>
							</ns3:TPX>
						</Extensions>
					</Trackpoint>
					<Trackpoint>
						<Time>2569-03-15T08:34:12Z</Time>
						<Position>
							<LatitudeDegrees>13.220486</LatitudeDegrees>
							<LongitudeDegrees>100.964670</LongitudeDegrees>
						</Position>
						<AltitudeMeters>28.070000</AltitudeMeters>
						<HeartRateBpm>
							<Value>102</Value>
						</HeartRateBpm>
						<Cadence>52</Cadence>
						<Extensions>
							<ns3:TPX>
								<ns3:Speed>1.184830</ns3:Speed>
							</ns3:TPX>
						</Extensions>
					</Trackpoint>
					<Trackpoint>
						<Time>2569-03-15T08:34:12Z</Time>
						<Position>
							<LatitudeDegrees>13.220486</LatitudeDegrees>
							<LongitudeDegrees>100.964670</LongitudeDegrees>
						</Position>
						<AltitudeMeters>28.070000</AltitudeMeters>
						<HeartRateBpm>
							<Value>102</Value>
						</HeartRateBpm>
						<Cadence>52</Cadence>
						<Extensions>
							<ns3:TPX>
								<ns3:Speed>1.184830</ns3:Speed>
							</ns3:TPX>
						</Extensions>
					</Trackpoint>
					<Trackpoint>
						<Time>2569-03-15T08:34:13Z</Time>
						<Position>
							<LatitudeDegrees>13.220477</LatitudeDegrees>
							<LongitudeDegrees>100.964664</LongitudeDegrees>
						</Position>
						<AltitudeMeters>28.050000</AltitudeMeters>
						<HeartRateBpm>
							<Value>102</Value>
						</HeartRateBpm>
						<Cadence>52</Cadence>
						<Extensions>
							<ns3:TPX>
								<ns3:Speed>1.184830</ns3:Speed>
							</ns3:TPX>
						</Extensions>
					</Trackpoint>
					<Trackpoint>
						<Time>2569-03-15T08:34:14Z</Time>
						<Position>
							<LatitudeDegrees>13.220469</LatitudeDegrees>
							<LongitudeDegrees>100.964658</LongitudeDegrees>
						</Position>
						<AltitudeMeters>28.040000</AltitudeMeters>
						<HeartRateBpm>
							<Value>102</Value>
						</HeartRateBpm>
						<Cadence>52</Cadence>
						<Extensions>
							<ns3:TPX>
								<ns3:Speed>1.183430</ns3:Speed>
							</ns3:TPX>
						</Extensions>
					</Trackpoint>
					<Trackpoint>
						<Time>2569-03-15T08:34:15Z</Time>
						<Position>
							<LatitudeDegrees>13.220459</LatitudeDegrees>
							<LongitudeDegrees>100.964653</LongitudeDegrees>
						</Position>
						<AltitudeMeters>28.030000</AltitudeMeters>
						<HeartRateBpm>
							<Value>102</Value>
						</HeartRateBpm>
						<Cadence>52</Cadence>
						<Extensions>
							<ns3:TPX>
								<ns3:Speed>1.183430</ns3:Speed>
							</ns3:TPX>
						</Extensions>
					</Trackpoint>
					<Trackpoint>
						<Time>2569-03-15T08:34:16Z</Time>
						<Position>
							<LatitudeDegrees>13.220450</LatitudeDegrees>
							<LongitudeDegrees>100.964645</LongitudeDegrees>
						</Position>
						<AltitudeMeters>28.000000</AltitudeMeters>
						<HeartRateBpm>
							<Value>103</Value>
						</HeartRateBpm>
						<Cadence>52</Cadence>
						<Extensions>
							<ns3:TPX>
								<ns3:Speed>1.182030</ns3:Speed>
							</ns3:TPX>
						</Extensions>
					</Trackpoint>
					<Trackpoint>
						<Time>2569-03-15T08:34:17Z</Time>
						<Position>
							<LatitudeDegrees>13.220441</LatitudeDegrees>
							<LongitudeDegrees>100.964638</LongitudeDegrees>
						</Position>
						<AltitudeMeters>27.980000</AltitudeMeters>
						<HeartRateBpm>
							<Value>104</Value>
						</HeartRateBpm>
						<Cadence>52</Cadence>
						<Extensions>
							<ns3:TPX>
								<ns3:Speed>1.182030</ns3:Speed>
							</ns3:TPX>
						</Extensions>
					</Trackpoint>
					<Trackpoint>
						<Time>2569-03-15T08:34:18Z</Time>
						<Position>
							<LatitudeDegrees>13.220432</LatitudeDegrees>
							<LongitudeDegrees>100.964631</LongitudeDegrees>
						</Position>
						<AltitudeMeters>27.960000</AltitudeMeters>
						<HeartRateBpm>
							<Value>103</Value>
						</HeartRateBpm>
						<Cadence>52</Cadence>
						<Extensions>
							<ns3:TPX>
								<ns3:Speed>1.182030</ns3:Speed>
							</ns3:TPX>
						</Extensions>
					</Trackpoint>
					<Trackpoint>
						<Time>2569-03-15T08:34:19Z</Time>
						<Position>
							<LatitudeDegrees>13.220423</LatitudeDegrees>
							<LongitudeDegrees>100.964624</LongitudeDegrees>
						</Position>
						<AltitudeMeters>27.930000</AltitudeMeters>
						<HeartRateBpm>
							<Value>104</Value>
						</HeartRateBpm>
						<Cadence>52</Cadence>
						<Extensions>
							<ns3:TPX>
								<ns3:Speed>1.183430</ns3:Speed>
							</ns3:TPX>
						</Extensions>
					</Trackpoint>
					<Trackpoint>
						<Time>2569-03-15T08:34:20Z</Time>
						<Position>
							<LatitudeDegrees>13.220415</LatitudeDegrees>
							<LongitudeDegrees>100.964617</LongitudeDegrees>
						</Position>
						<AltitudeMeters>27.910000</AltitudeMeters>
						<HeartRateBpm>
							<Value>103</Value>
						</HeartRateBpm>
						<Cadence>52</Cadence>
						<Extensions>
							<ns3:TPX>
								<ns3:Speed>1.183430</ns3:Speed>
							</ns3:TPX>
						</Extensions>
					</Trackpoint>
					<Trackpoint>
						<Time>2569-03-15T08:34:21Z</Time>
						<Position>
							<LatitudeDegrees>13.220407</LatitudeDegrees>
							<LongitudeDegrees>100.964609</LongitudeDegrees>
						</Position>
						<AltitudeMeters>27.890000</AltitudeMeters>
						<HeartRateBpm>
							<Value>102</Value>
						</HeartRateBpm>
						<Cadence>53</Cadence>
						<Extensions>
							<ns3:TPX>
								<ns3:Speed>1.183430</ns3:Speed>
							</ns3:TPX>
						</Extensions>
					</Trackpoint>
					<Trackpoint>
						<Time>2569-03-15T08:34:22Z</Time>
						<Position>
							<LatitudeDegrees>13.220399</LatitudeDegrees>
							<LongitudeDegrees>100.964601</LongitudeDegrees>
						</Position>
						<AltitudeMeters>27.860000</AltitudeMeters>
						<HeartRateBpm>
							<Value>102</Value>
						</HeartRateBpm>
						<Cadence>53</Cadence>
						<Extensions>
							<ns3:TPX>
								<ns3:Speed>1.184830</ns3:Speed>
							</ns3:TPX>
						</Extensions>
					</Trackpoint>
					<Trackpoint>
						<Time>2569-03-15T08:34:23Z</Time>
						<Position>
							<LatitudeDegrees>13.220392</LatitudeDegrees>
							<LongitudeDegrees>100.964593</LongitudeDegrees>
						</Position>
						<AltitudeMeters>27.840000</AltitudeMeters>
						<HeartRateBpm>
							<Value>102</Value>
						</HeartRateBpm>
						<Cadence>53</Cadence>
						<Extensions>
							<ns3:TPX>
								<ns3:Speed>1.184830</ns3:Speed>
							</ns3:TPX>
						</Extensions>
					</Trackpoint>
					<Trackpoint>
						<Time>2569-03-15T08:34:24Z</Time>
						<Position>
							<LatitudeDegrees>13.220385</LatitudeDegrees>
							<LongitudeDegrees>100.964583</LongitudeDegrees>
						</Position>
						<AltitudeMeters>27.810000</AltitudeMeters>
						<HeartRateBpm>
							<Value>102</Value>
						</HeartRateBpm>
						<Cadence>53</Cadence>
						<Extensions>
							<ns3:TPX>
								<ns3:Speed>1.186240</ns3:Speed>
							</ns3:TPX>
						</Extensions>
					</Trackpoint>
					<Trackpoint>
						<Time>2569-03-15T08:34:25Z</Time>
						<Position>
							<LatitudeDegrees>13.220379</LatitudeDegrees>
							<LongitudeDegrees>100.964573</LongitudeDegrees>
						</Position>
						<AltitudeMeters>27.780000</AltitudeMeters>
						<HeartRateBpm>
							<Value>102</Value>
						</HeartRateBpm>
						<Cadence>53</Cadence>
						<Extensions>
							<ns3:TPX>
								<ns3:Speed>1.186240</ns3:Speed>
							</ns3:TPX>
						</Extensions>
					</Trackpoint>
					<Trackpoint>
						<Time>2569-03-15T08:34:27Z</Time>
						<Position>
							<LatitudeDegrees>13.220365</LatitudeDegrees>
							<LongitudeDegrees>100.964554</LongitudeDegrees>
						</Position>
						<AltitudeMeters>27.720000</AltitudeMeters>
						<HeartRateBpm>
							<Value>100</Value>
						</HeartRateBpm>
						<Cadence>53</Cadence>
						<Extensions>
							<ns3:TPX>
								<ns3:Speed>1.189060</ns3:Speed>
							</ns3:TPX>
						</Extensions>
					</Trackpoint>
					<Trackpoint>
						<Time>2569-03-15T08:34:27Z</Time>
						<Position>
							<LatitudeDegrees>13.220365</LatitudeDegrees>
							<LongitudeDegrees>100.964554</LongitudeDegrees>
						</Position>
						<AltitudeMeters>27.720000</AltitudeMeters>
						<HeartRateBpm>
							<Value>100</Value>
						</HeartRateBpm>
						<Cadence>53</Cadence>
						<Extensions>
							<ns3:TPX>
								<ns3:Speed>1.189060</ns3:Speed>
							</ns3:TPX>
						</Extensions>
					</Trackpoint>
					<Trackpoint>
						<Time>2569-03-15T08:34:28Z</Time>
						<Position>
							<LatitudeDegrees>13.220359</LatitudeDegrees>
							<LongitudeDegrees>100.964546</LongitudeDegrees>
						</Position>
						<AltitudeMeters>27.680000</AltitudeMeters>
						<HeartRateBpm>
							<Value>100</Value>
						</HeartRateBpm>
						<Cadence>53</Cadence>
						<Extensions>
							<ns3:TPX>
								<ns3:Speed>1.190480</ns3:Speed>
							</ns3:TPX>
						</Extensions>
					</Trackpoint>
					<Trackpoint>
						<Time>2569-03-15T08:34:29Z</Time>
						<Position>
							<LatitudeDegrees>13.220352</LatitudeDegrees>
							<LongitudeDegrees>100.964539</LongitudeDegrees>
						</Position>
						<AltitudeMeters>27.650000</AltitudeMeters>
						<HeartRateBpm>
							<Value>100</Value>
						</HeartRateBpm>
						<Cadence>53</Cadence>
						<Extensions>
							<ns3:TPX>
								<ns3:Speed>1.191900</ns3:Speed>
							</ns3:TPX>
						</Extensions>
					</Trackpoint>
					<Trackpoint>
						<Time>2569-03-15T08:34:30Z</Time>
						<Position>
							<LatitudeDegrees>13.220344</LatitudeDegrees>
							<LongitudeDegrees>100.964532</LongitudeDegrees>
						</Position>
						<AltitudeMeters>27.620000</AltitudeMeters>
						<HeartRateBpm>
							<Value>99</Value>
						</HeartRateBpm>
						<Cadence>53</Cadence>
						<Extensions>
							<ns3:TPX>
								<ns3:Speed>1.191900</ns3:Speed>
							</ns3:TPX>
						</Extensions>
					</Trackpoint>
					<Trackpoint>
						<Time>2569-03-15T08:34:31Z</Time>
						<Position>
							<LatitudeDegrees>13.220337</LatitudeDegrees>
							<LongitudeDegrees>100.964525</LongitudeDegrees>
						</Position>
						<AltitudeMeters>27.590000</AltitudeMeters>
						<HeartRateBpm>
							<Value>100</Value>
						</HeartRateBpm>
						<Cadence>53</Cadence>
						<Extensions>
							<ns3:TPX>
								<ns3:Speed>1.193320</ns3:Speed>
							</ns3:TPX>
						</Extensions>
					</Trackpoint>
					<Trackpoint>
						<Time>2569-03-15T08:34:32Z</Time>
						<Position>
							<LatitudeDegrees>13.220329</LatitudeDegrees>
							<LongitudeDegrees>100.964519</LongitudeDegrees>
						</Position>
						<AltitudeMeters>27.570000</AltitudeMeters>
						<HeartRateBpm>
							<Value>100</Value>
						</HeartRateBpm>
						<Cadence>52</Cadence>
						<Extensions>
							<ns3:TPX>
								<ns3:Speed>1.194740</ns3:Speed>
							</ns3:TPX>
						</Extensions>
					</Trackpoint>
					<Trackpoint>
						<Time>2569-03-15T08:34:33Z</Time>
						<Position>
							<LatitudeDegrees>13.220321</LatitudeDegrees>
							<LongitudeDegrees>100.964512</LongitudeDegrees>
						</Position>
						<AltitudeMeters>27.540000</AltitudeMeters>
						<HeartRateBpm>
							<Value>101</Value>
						</HeartRateBpm>
						<Cadence>52</Cadence>
						<Extensions>
							<ns3:TPX>
								<ns3:Speed>1.194740</ns3:Speed>
							</ns3:TPX>
						</Extensions>
					</Trackpoint>
					<Trackpoint>
						<Time>2569-03-15T08:34:34Z</Time>
						<Position>
							<LatitudeDegrees>13.220313</LatitudeDegrees>
							<LongitudeDegrees>100.964505</LongitudeDegrees>
						</Position>
						<AltitudeMeters>27.520000</AltitudeMeters>
						<HeartRateBpm>
							<Value>102</Value>
						</HeartRateBpm>
						<Cadence>52</Cadence>
						<Extensions>
							<ns3:TPX>
								<ns3:Speed>1.194740</ns3:Speed>
							</ns3:TPX>
						</Extensions>
					</Trackpoint>
					<Trackpoint>
						<Time>2569-03-15T08:34:35Z</Time>
						<Position>
							<LatitudeDegrees>13.220304</LatitudeDegrees>
							<LongitudeDegrees>100.964498</LongitudeDegrees>
						</Position>
						<AltitudeMeters>27.490000</AltitudeMeters>
						<HeartRateBpm>
							<Value>102</Value>
						</HeartRateBpm>
						<Cadence>52</Cadence>
						<Extensions>
							<ns3:TPX>
								<ns3:Speed>1.193320</ns3:Speed>
							</ns3:TPX>
						</Extensions>
					</Trackpoint>
					<Trackpoint>
						<Time>2569-03-15T08:34:36Z</Time>
						<Position>
							<LatitudeDegrees>13.220293</LatitudeDegrees>
							<LongitudeDegrees>100.964491</LongitudeDegrees>
						</Position>
						<AltitudeMeters>27.470000</AltitudeMeters>
						<HeartRateBpm>
							<Value>102</Value>
						</HeartRateBpm>
						<Cadence>52</Cadence>
						<Extensions>
							<ns3:TPX>
								<ns3:Speed>1.193320</ns3:Speed>
							</ns3:TPX>
						</Extensions>
					</Trackpoint>
					<Trackpoint>
						<Time>2569-03-15T08:34:37Z</Time>
						<Position>
							<LatitudeDegrees>13.220283</LatitudeDegrees>
							<LongitudeDegrees>100.964485</LongitudeDegrees>
						</Position>
						<AltitudeMeters>27.450000</AltitudeMeters>
						<HeartRateBpm>
							<Value>103</Value>
						</HeartRateBpm>
						<Cadence>53</Cadence>
						<Extensions>
							<ns3:TPX>
								<ns3:Speed>1.193320</ns3:Speed>
							</ns3:TPX>
						</Extensions>
					</Trackpoint>
					<Trackpoint>
						<Time>2569-03-15T08:34:38Z</Time>
						<Position>
							<LatitudeDegrees>13.220273</LatitudeDegrees>
							<LongitudeDegrees>100.964479</LongitudeDegrees>
						</Position>
						<AltitudeMeters>27.430000</AltitudeMeters>
						<HeartRateBpm>
							<Value>102</Value>
						</HeartRateBpm>
						<Cadence>53</Cadence>
						<Extensions>
							<ns3:TPX>
								<ns3:Speed>1.193320</ns3:Speed>
							</ns3:TPX>
						</Extensions>
					</Trackpoint>
					<Trackpoint>
						<Time>2569-03-15T08:34:39Z</Time>
						<Position>
							<LatitudeDegrees>13.220262</LatitudeDegrees>
							<LongitudeDegrees>100.964474</LongitudeDegrees>
						</Position>
						<AltitudeMeters>27.420000</AltitudeMeters>
						<HeartRateBpm>
							<Value>102</Value>
						</HeartRateBpm>
						<Cadence>53</Cadence>
						<Extensions>
							<ns3:TPX>
								<ns3:Speed>1.193320</ns3:Speed>
							</ns3:TPX>
						</Extensions>
					</Trackpoint>
					<Trackpoint>
						<Time>2569-03-15T08:34:40Z</Time>
						<Position>
							<LatitudeDegrees>13.220252</LatitudeDegrees>
							<LongitudeDegrees>100.964469</LongitudeDegrees>
						</Position>
						<AltitudeMeters>27.410000</AltitudeMeters>
						<HeartRateBpm>
							<Value>102</Value>
						</HeartRateBpm>
						<Cadence>53</Cadence>
						<Extensions>
							<ns3:TPX>
								<ns3:Speed>1.193320</ns3:Speed>
							</ns3:TPX>
						</Extensions>
					</Trackpoint>
					<Trackpoint>
						<Time>2569-03-15T08:34:42Z</Time>
						<Position>
							<LatitudeDegrees>13.220234</LatitudeDegrees>
							<LongitudeDegrees>100.964461</LongitudeDegrees>
						</Position>
						<AltitudeMeters>27.380000</AltitudeMeters>
						<HeartRateBpm>
							<Value>102</Value>
						</HeartRateBpm>
						<Cadence>53</Cadence>
						<Extensions>
							<ns3:TPX>
								<ns3:Speed>1.196170</ns3:Speed>
							</ns3:TPX>
						</Extensions>
					</Trackpoint>
					<Trackpoint>
						<Time>2569-03-15T08:34:42Z</Time>
						<Position>
							<LatitudeDegrees>13.220234</LatitudeDegrees>
							<LongitudeDegrees>100.964461</LongitudeDegrees>
						</Position>
						<AltitudeMeters>27.380000</AltitudeMeters>
						<HeartRateBpm>
							<Value>102</Value>
						</HeartRateBpm>
						<Cadence>53</Cadence>
						<Extensions>
							<ns3:TPX>
								<ns3:Speed>1.196170</ns3:Speed>
							</ns3:TPX>
						</Extensions>
					</Trackpoint>
					<Trackpoint>
						<Time>2569-03-15T08:34:43Z</Time>
						<Position>
							<LatitudeDegrees>13.220225</LatitudeDegrees>
							<LongitudeDegrees>100.964456</LongitudeDegrees>
						</Position>
						<AltitudeMeters>27.380000</AltitudeMeters>
						<HeartRateBpm>
							<Value>103</Value>
						</HeartRateBpm>
						<Cadence>53</Cadence>
						<Extensions>
							<ns3:TPX>
								<ns3:Speed>1.197600</ns3:Speed>
							</ns3:TPX>
						</Extensions>
					</Trackpoint>
					<Trackpoint>
						<Time>2569-03-15T08:34:44Z</Time>
						<Position>
							<LatitudeDegrees>13.220216</LatitudeDegrees>
							<LongitudeDegrees>100.964452</LongitudeDegrees>
						</Position>
						<AltitudeMeters>27.370000</AltitudeMeters>
						<HeartRateBpm>
							<Value>103</Value>
						</HeartRateBpm>
						<Cadence>53</Cadence>
						<Extensions>
							<ns3:TPX>
								<ns3:Speed>1.197600</ns3:Speed>
							</ns3:TPX>
						</Extensions>
					</Trackpoint>
					<Trackpoint>
						<Time>2569-03-15T08:34:45Z</Time>
						<Position>
							<LatitudeDegrees>13.220206</LatitudeDegrees>
							<LongitudeDegrees>100.964447</LongitudeDegrees>
						</Position>
						<AltitudeMeters>27.350000</AltitudeMeters>
						<HeartRateBpm>
							<Value>103</Value>
						</HeartRateBpm>
						<Cadence>53</Cadence>
						<Extensions>
							<ns3:TPX>
								<ns3:Speed>1.196170</ns3:Speed>
							</ns3:TPX>
						</Extensions>
					</Trackpoint>
					<Trackpoint>
						<Time>2569-03-15T08:34:46Z</Time>
						<Position>
							<LatitudeDegrees>13.220196</LatitudeDegrees>
							<LongitudeDegrees>100.964443</LongitudeDegrees>
						</Position>
						<AltitudeMeters>27.340000</AltitudeMeters>
						<HeartRateBpm>
							<Value>104</Value>
						</HeartRateBpm>
						<Cadence>53</Cadence>
						<Extensions>
							<ns3:TPX>
								<ns3:Speed>1.194740</ns3:Speed>
							</ns3:TPX>
						</Extensions>
					</Trackpoint>
					<Trackpoint>
						<Time>2569-03-15T08:34:47Z</Time>
						<Position>
							<LatitudeDegrees>13.220187</LatitudeDegrees>
							<LongitudeDegrees>100.964438</LongitudeDegrees>
						</Position>
						<AltitudeMeters>27.330000</AltitudeMeters>
						<HeartRateBpm>
							<Value>104</Value>
						</HeartRateBpm>
						<Cadence>53</Cadence>
						<Extensions>
							<ns3:TPX>
								<ns3:Speed>1.193320</ns3:Speed>
							</ns3:TPX>
						</Extensions>
					</Trackpoint>
					<Trackpoint>
						<Time>2569-03-15T08:34:48Z</Time>
						<Position>
							<LatitudeDegrees>13.220177</LatitudeDegrees>
							<LongitudeDegrees>100.964434</LongitudeDegrees>
						</Position>
						<AltitudeMeters>27.320000</AltitudeMeters>
						<HeartRateBpm>
							<Value>104</Value>
						</HeartRateBpm>
						<Cadence>52</Cadence>
						<Extensions>
							<ns3:TPX>
								<ns3:Speed>1.191900</ns3:Speed>
							</ns3:TPX>
						</Extensions>
					</Trackpoint>
					<Trackpoint>
						<Time>2569-03-15T08:34:49Z</Time>
						<Position>
							<LatitudeDegrees>13.220166</LatitudeDegrees>
							<LongitudeDegrees>100.964430</LongitudeDegrees>
						</Position>
						<AltitudeMeters>27.300000</AltitudeMeters>
						<HeartRateBpm>
							<Value>104</Value>
						</HeartRateBpm>
						<Cadence>52</Cadence>
						<Extensions>
							<ns3:TPX>
								<ns3:Speed>1.191900</ns3:Speed>
							</ns3:TPX>
						</Extensions>
					</Trackpoint>
					<Trackpoint>
						<Time>2569-03-15T08:34:50Z</Time>
						<Position>
							<LatitudeDegrees>13.220155</LatitudeDegrees>
							<LongitudeDegrees>100.964425</LongitudeDegrees>
						</Position>
						<AltitudeMeters>27.290000</AltitudeMeters>
						<HeartRateBpm>
							<Value>104</Value>
						</HeartRateBpm>
						<Cadence>52</Cadence>
						<Extensions>
							<ns3:TPX>
								<ns3:Speed>1.190480</ns3:Speed>
							</ns3:TPX>
						</Extensions>
					</Trackpoint>
					<Trackpoint>
						<Time>2569-03-15T08:34:51Z</Time>
						<Position>
							<LatitudeDegrees>13.220144</LatitudeDegrees>
							<LongitudeDegrees>100.964421</LongitudeDegrees>
						</Position>
						<AltitudeMeters>27.270000</AltitudeMeters>
						<HeartRateBpm>
							<Value>104</Value>
						</HeartRateBpm>
						<Cadence>51</Cadence>
						<Extensions>
							<ns3:TPX>
								<ns3:Speed>1.190480</ns3:Speed>
							</ns3:TPX>
						</Extensions>
					</Trackpoint>
					<Trackpoint>
						<Time>2569-03-15T08:34:52Z</Time>
						<Position>
							<LatitudeDegrees>13.220134</LatitudeDegrees>
							<LongitudeDegrees>100.964417</LongitudeDegrees>
						</Position>
						<AltitudeMeters>27.260000</AltitudeMeters>
						<HeartRateBpm>
							<Value>104</Value>
						</HeartRateBpm>
						<Cadence>51</Cadence>
						<Extensions>
							<ns3:TPX>
								<ns3:Speed>1.191900</ns3:Speed>
							</ns3:TPX>
						</Extensions>
					</Trackpoint>
					<Trackpoint>
						<Time>2569-03-15T08:34:53Z</Time>
						<Position>
							<LatitudeDegrees>13.220127</LatitudeDegrees>
							<LongitudeDegrees>100.964412</LongitudeDegrees>
						</Position>
						<AltitudeMeters>27.240000</AltitudeMeters>
						<HeartRateBpm>
							<Value>104</Value>
						</HeartRateBpm>
						<Cadence>51</Cadence>
						<Extensions>
							<ns3:TPX>
								<ns3:Speed>1.191900</ns3:Speed>
							</ns3:TPX>
						</Extensions>
					</Trackpoint>
					<Trackpoint>
						<Time>2569-03-15T08:34:54Z</Time>
						<Position>
							<LatitudeDegrees>13.220121</LatitudeDegrees>
							<LongitudeDegrees>100.964410</LongitudeDegrees>
						</Position>
						<AltitudeMeters>27.240000</AltitudeMeters>
						<HeartRateBpm>
							<Value>103</Value>
						</HeartRateBpm>
						<Cadence>52</Cadence>
						<Extensions>
							<ns3:TPX>
								<ns3:Speed>1.191900</ns3:Speed>
							</ns3:TPX>
						</Extensions>
					</Trackpoint>
					<Trackpoint>
						<Time>2569-03-15T08:34:55Z</Time>
						<Position>
							<LatitudeDegrees>13.220113</LatitudeDegrees>
							<LongitudeDegrees>100.964404</LongitudeDegrees>
						</Position>
						<AltitudeMeters>27.220000</AltitudeMeters>
						<HeartRateBpm>
							<Value>103</Value>
						</HeartRateBpm>
						<Cadence>53</Cadence>
						<Extensions>
							<ns3:TPX>
								<ns3:Speed>1.190480</ns3:Speed>
							</ns3:TPX>
						</Extensions>
					</Trackpoint>
					<Trackpoint>
						<Time>2569-03-15T08:34:56Z</Time>
						<Position>
							<LatitudeDegrees>13.220104</LatitudeDegrees>
							<LongitudeDegrees>100.964396</LongitudeDegrees>
						</Position>
						<AltitudeMeters>27.200000</AltitudeMeters>
						<HeartRateBpm>
							<Value>103</Value>
						</HeartRateBpm>
						<Cadence>53</Cadence>
						<Extensions>
							<ns3:TPX>
								<ns3:Speed>1.190480</ns3:Speed>
							</ns3:TPX>
						</Extensions>
					</Trackpoint>
					<Trackpoint>
						<Time>2569-03-15T08:34:57Z</Time>
						<Position>
							<LatitudeDegrees>13.220096</LatitudeDegrees>
							<LongitudeDegrees>100.964387</LongitudeDegrees>
						</Position>
						<AltitudeMeters>27.180000</AltitudeMeters>
						<HeartRateBpm>
							<Value>103</Value>
						</HeartRateBpm>
						<Cadence>53</Cadence>
						<Extensions>
							<ns3:TPX>
								<ns3:Speed>1.189060</ns3:Speed>
							</ns3:TPX>
						</Extensions>
					</Trackpoint>
					<Trackpoint>
						<Time>2569-03-15T08:34:58Z</Time>
						<Position>
							<LatitudeDegrees>13.220088</LatitudeDegrees>
							<LongitudeDegrees>100.964378</LongitudeDegrees>
						</Position>
						<AltitudeMeters>27.150000</AltitudeMeters>
						<HeartRateBpm>
							<Value>103</Value>
						</HeartRateBpm>
						<Cadence>53</Cadence>
						<Extensions>
							<ns3:TPX>
								<ns3:Speed>1.187650</ns3:Speed>
							</ns3:TPX>
						</Extensions>
					</Trackpoint>
					<Trackpoint>
						<Time>2569-03-15T08:34:59Z</Time>
						<Position>
							<LatitudeDegrees>13.220080</LatitudeDegrees>
							<LongitudeDegrees>100.964371</LongitudeDegrees>
						</Position>
						<AltitudeMeters>27.140000</AltitudeMeters>
						<HeartRateBpm>
							<Value>103</Value>
						</HeartRateBpm>
						<Cadence>52</Cadence>
						<Extensions>
							<ns3:TPX>
								<ns3:Speed>1.186240</ns3:Speed>
							</ns3:TPX>
						</Extensions>
					</Trackpoint>
					<Trackpoint>
						<Time>2569-03-15T08:35:00Z</Time>
						<Position>
							<LatitudeDegrees>13.220073</LatitudeDegrees>
							<LongitudeDegrees>100.964363</LongitudeDegrees>
						</Position>
						<AltitudeMeters>27.120000</AltitudeMeters>
						<HeartRateBpm>
							<Value>103</Value>
						</HeartRateBpm>
						<Cadence>52</Cadence>
						<Extensions>
							<ns3:TPX>
								<ns3:Speed>1.186240</ns3:Speed>
							</ns3:TPX>
						</Extensions>
					</Trackpoint>
					<Trackpoint>
						<Time>2569-03-15T08:35:01Z</Time>
						<Position>
							<LatitudeDegrees>13.220065</LatitudeDegrees>
							<LongitudeDegrees>100.964355</LongitudeDegrees>
						</Position>
						<AltitudeMeters>27.110000</AltitudeMeters>
						<HeartRateBpm>
							<Value>103</Value>
						</HeartRateBpm>
						<Cadence>52</Cadence>
						<Extensions>
							<ns3:TPX>
								<ns3:Speed>1.184830</ns3:Speed>
							</ns3:TPX>
						</Extensions>
					</Trackpoint>
					<Trackpoint>
						<Time>2569-03-15T08:35:02Z</Time>
						<Position>
							<LatitudeDegrees>13.220057</LatitudeDegrees>
							<LongitudeDegrees>100.964349</LongitudeDegrees>
						</Position>
						<AltitudeMeters>27.100000</AltitudeMeters>
						<HeartRateBpm>
							<Value>103</Value>
						</HeartRateBpm>
						<Cadence>52</Cadence>
						<Extensions>
							<ns3:TPX>
								<ns3:Speed>1.184830</ns3:Speed>
							</ns3:TPX>
						</Extensions>
					</Trackpoint>
					<Trackpoint>
						<Time>2569-03-15T08:35:03Z</Time>
						<Position>
							<LatitudeDegrees>13.220050</LatitudeDegrees>
							<LongitudeDegrees>100.964345</LongitudeDegrees>
						</Position>
						<AltitudeMeters>27.080000</AltitudeMeters>
						<HeartRateBpm>
							<Value>102</Value>
						</HeartRateBpm>
						<Cadence>52</Cadence>
						<Extensions>
							<ns3:TPX>
								<ns3:Speed>1.183430</ns3:Speed>
							</ns3:TPX>
						</Extensions>
					</Trackpoint>
					<Trackpoint>
						<Time>2569-03-15T08:35:04Z</Time>
						<Position>
							<LatitudeDegrees>13.220041</LatitudeDegrees>
							<LongitudeDegrees>100.964340</LongitudeDegrees>
						</Position>
						<AltitudeMeters>27.060000</AltitudeMeters>
						<HeartRateBpm>
							<Value>103</Value>
						</HeartRateBpm>
						<Cadence>52</Cadence>
						<Extensions>
							<ns3:TPX>
								<ns3:Speed>1.182030</ns3:Speed>
							</ns3:TPX>
						</Extensions>
					</Trackpoint>
					<Trackpoint>
						<Time>2569-03-15T08:35:05Z</Time>
						<Position>
							<LatitudeDegrees>13.220032</LatitudeDegrees>
							<LongitudeDegrees>100.964335</LongitudeDegrees>
						</Position>
						<AltitudeMeters>27.050000</AltitudeMeters>
						<HeartRateBpm>
							<Value>102</Value>
						</HeartRateBpm>
						<Cadence>52</Cadence>
						<Extensions>
							<ns3:TPX>
								<ns3:Speed>1.180640</ns3:Speed>
							</ns3:TPX>
						</Extensions>
					</Trackpoint>
					<Trackpoint>
						<Time>2569-03-15T08:35:06Z</Time>
						<Position>
							<LatitudeDegrees>13.220023</LatitudeDegrees>
							<LongitudeDegrees>100.964329</LongitudeDegrees>
						</Position>
						<AltitudeMeters>27.030000</AltitudeMeters>
						<HeartRateBpm>
							<Value>102</Value>
						</HeartRateBpm>
						<Cadence>53</Cadence>
						<Extensions>
							<ns3:TPX>
								<ns3:Speed>1.180640</ns3:Speed>
							</ns3:TPX>
						</Extensions>
					</Trackpoint>
					<Trackpoint>
						<Time>2569-03-15T08:35:07Z</Time>
						<Position>
							<LatitudeDegrees>13.220014</LatitudeDegrees>
							<LongitudeDegrees>100.964324</LongitudeDegrees>
						</Position>
						<AltitudeMeters>27.000000</AltitudeMeters>
						<HeartRateBpm>
							<Value>102</Value>
						</HeartRateBpm>
						<Cadence>53</Cadence>
						<Extensions>
							<ns3:TPX>
								<ns3:Speed>1.179250</ns3:Speed>
							</ns3:TPX>
						</Extensions>
					</Trackpoint>
					<Trackpoint>
						<Time>2569-03-15T08:35:08Z</Time>
						<Position>
							<LatitudeDegrees>13.220006</LatitudeDegrees>
							<LongitudeDegrees>100.964319</LongitudeDegrees>
						</Position>
						<AltitudeMeters>26.980000</AltitudeMeters>
						<HeartRateBpm>
							<Value>102</Value>
						</HeartRateBpm>
						<Cadence>53</Cadence>
						<Extensions>
							<ns3:TPX>
								<ns3:Speed>1.176470</ns3:Speed>
							</ns3:TPX>
						</Extensions>
					</Trackpoint>
					<Trackpoint>
						<Time>2569-03-15T08:35:09Z</Time>
						<Position>
							<LatitudeDegrees>13.219998</LatitudeDegrees>
							<LongitudeDegrees>100.964315</LongitudeDegrees>
						</Position>
						<AltitudeMeters>26.980000</AltitudeMeters>
						<HeartRateBpm>
							<Value>103</Value>
						</HeartRateBpm>
						<Cadence>53</Cadence>
						<Extensions>
							<ns3:TPX>
								<ns3:Speed>1.175090</ns3:Speed>
							</ns3:TPX>
						</Extensions>
					</Trackpoint>
					<Trackpoint>
						<Time>2569-03-15T08:35:10Z</Time>
						<Position>
							<LatitudeDegrees>13.219992</LatitudeDegrees>
							<LongitudeDegrees>100.964310</LongitudeDegrees>
						</Position>
						<AltitudeMeters>26.960000</AltitudeMeters>
						<HeartRateBpm>
							<Value>103</Value>
						</HeartRateBpm>
						<Cadence>53</Cadence>
						<Extensions>
							<ns3:TPX>
								<ns3:Speed>1.172330</ns3:Speed>
							</ns3:TPX>
						</Extensions>
					</Trackpoint>
					<Trackpoint>
						<Time>2569-03-15T08:35:11Z</Time>
						<Position>
							<LatitudeDegrees>13.219986</LatitudeDegrees>
							<LongitudeDegrees>100.964307</LongitudeDegrees>
						</Position>
						<AltitudeMeters>26.940000</AltitudeMeters>
						<HeartRateBpm>
							<Value>103</Value>
						</HeartRateBpm>
						<Cadence>53</Cadence>
						<Extensions>
							<ns3:TPX>
								<ns3:Speed>1.170960</ns3:Speed>
							</ns3:TPX>
						</Extensions>
					</Trackpoint>
					<Trackpoint>
						<Time>2569-03-15T08:35:12Z</Time>
						<Position>
							<LatitudeDegrees>13.219979</LatitudeDegrees>
							<LongitudeDegrees>100.964302</LongitudeDegrees>
						</Position>
						<AltitudeMeters>26.940000</AltitudeMeters>
						<HeartRateBpm>
							<Value>104</Value>
						</HeartRateBpm>
						<Cadence>52</Cadence>
						<Extensions>
							<ns3:TPX>
								<ns3:Speed>1.166860</ns3:Speed>
							</ns3:TPX>
						</Extensions>
					</Trackpoint>
					<Trackpoint>
						<Time>2569-03-15T08:35:13Z</Time>
						<Position>
							<LatitudeDegrees>13.219972</LatitudeDegrees>
							<LongitudeDegrees>100.964297</LongitudeDegrees>
						</Position>
						<AltitudeMeters>26.930000</AltitudeMeters>
						<HeartRateBpm>
							<Value>104</Value>
						</HeartRateBpm>
						<Cadence>52</Cadence>
						<Extensions>
							<ns3:TPX>
								<ns3:Speed>1.162790</ns3:Speed>
							</ns3:TPX>
						</Extensions>
					</Trackpoint>
					<Trackpoint>
						<Time>2569-03-15T08:35:14Z</Time>
						<Position>
							<LatitudeDegrees>13.219964</LatitudeDegrees>
							<LongitudeDegrees>100.964292</LongitudeDegrees>
						</Position>
						<AltitudeMeters>26.910000</AltitudeMeters>
						<HeartRateBpm>
							<Value>104</Value>
						</HeartRateBpm>
						<Cadence>52</Cadence>
						<Extensions>
							<ns3:TPX>
								<ns3:Speed>1.158750</ns3:Speed>
							</ns3:TPX>
						</Extensions>
					</Trackpoint>
					<Trackpoint>
						<Time>2569-03-15T08:35:15Z</Time>
						<Position>
							<LatitudeDegrees>13.219957</LatitudeDegrees>
							<LongitudeDegrees>100.964286</LongitudeDegrees>
						</Position>
						<AltitudeMeters>26.890000</AltitudeMeters>
						<HeartRateBpm>
							<Value>104</Value>
						</HeartRateBpm>
						<Cadence>52</Cadence>
						<Extensions>
							<ns3:TPX>
								<ns3:Speed>1.154730</ns3:Speed>
							</ns3:TPX>
						</Extensions>
					</Trackpoint>
					<Trackpoint>
						<Time>2569-03-15T08:35:16Z</Time>
						<Position>
							<LatitudeDegrees>13.219948</LatitudeDegrees>
							<LongitudeDegrees>100.964281</LongitudeDegrees>
						</Position>
						<AltitudeMeters>26.890000</AltitudeMeters>
						<HeartRateBpm>
							<Value>104</Value>
						</HeartRateBpm>
					</Trackpoint>
					<Trackpoint>
						<Time>2569-03-15T08:35:17Z</Time>
						<Position>
							<LatitudeDegrees>13.219939</LatitudeDegrees>
							<LongitudeDegrees>100.964275</LongitudeDegrees>
						</Position>
						<AltitudeMeters>26.860000</AltitudeMeters>
						<HeartRateBpm>
							<Value>104</Value>
						</HeartRateBpm>
						<Cadence>53</Cadence>
						<Extensions>
							<ns3:TPX>
								<ns3:Speed>1.152070</ns3:Speed>
							</ns3:TPX>
						</Extensions>
					</Trackpoint>
					<Trackpoint>
						<Time>2569-03-15T08:35:18Z</Time>
						<Position>
							<LatitudeDegrees>13.219928</LatitudeDegrees>
							<LongitudeDegrees>100.964271</LongitudeDegrees>
						</Position>
						<AltitudeMeters>26.840000</AltitudeMeters>
						<HeartRateBpm>
							<Value>104</Value>
						</HeartRateBpm>
						<Cadence>53</Cadence>
						<Extensions>
							<ns3:TPX>
								<ns3:Speed>1.149430</ns3:Speed>
							</ns3:TPX>
						</Extensions>
					</Trackpoint>
					<Trackpoint>
						<Time>2569-03-15T08:35:19Z</Time>
						<Position>
							<LatitudeDegrees>13.219919</LatitudeDegrees>
							<LongitudeDegrees>100.964266</LongitudeDegrees>
						</Position>
						<AltitudeMeters>26.820000</AltitudeMeters>
						<HeartRateBpm>
							<Value>105</Value>
						</HeartRateBpm>
						<Cadence>53</Cadence>
						<Extensions>
							<ns3:TPX>
								<ns3:Speed>1.146790</ns3:Speed>
							</ns3:TPX>
						</Extensions>
					</Trackpoint>
					<Trackpoint>
						<Time>2569-03-15T08:35:20Z</Time>
						<Position>
							<LatitudeDegrees>13.219909</LatitudeDegrees>
							<LongitudeDegrees>100.964261</LongitudeDegrees>
						</Position>
						<AltitudeMeters>26.790000</AltitudeMeters>
						<HeartRateBpm>
							<Value>105</Value>
						</HeartRateBpm>
						<Cadence>53</Cadence>
						<Extensions>
							<ns3:TPX>
								<ns3:Speed>1.146790</ns3:Speed>
							</ns3:TPX>
						</Extensions>
					</Trackpoint>
					<Trackpoint>
						<Time>2569-03-15T08:35:21Z</Time>
						<Position>
							<LatitudeDegrees>13.219900</LatitudeDegrees>
							<LongitudeDegrees>100.964255</LongitudeDegrees>
						</Position>
						<AltitudeMeters>26.740000</AltitudeMeters>
						<HeartRateBpm>
							<Value>105</Value>
						</HeartRateBpm>
						<Cadence>53</Cadence>
						<Extensions>
							<ns3:TPX>
								<ns3:Speed>1.146790</ns3:Speed>
							</ns3:TPX>
						</Extensions>
					</Trackpoint>
					<Trackpoint>
						<Time>2569-03-15T08:35:22Z</Time>
						<Position>
							<LatitudeDegrees>13.219890</LatitudeDegrees>
							<LongitudeDegrees>100.964249</LongitudeDegrees>
						</Position>
						<AltitudeMeters>26.740000</AltitudeMeters>
						<HeartRateBpm>
							<Value>105</Value>
						</HeartRateBpm>
					</Trackpoint>
					<Trackpoint>
						<Time>2569-03-15T08:35:23Z</Time>
						<Position>
							<LatitudeDegrees>13.219881</LatitudeDegrees>
							<LongitudeDegrees>100.964242</LongitudeDegrees>
						</Position>
						<AltitudeMeters>26.720000</AltitudeMeters>
						<HeartRateBpm>
							<Value>106</Value>
						</HeartRateBpm>
						<Cadence>53</Cadence>
						<Extensions>
							<ns3:TPX>
								<ns3:Speed>1.148110</ns3:Speed>
							</ns3:TPX>
						</Extensions>
					</Trackpoint>
					<Trackpoint>
						<Time>2569-03-15T08:35:24Z</Time>
						<Position>
							<LatitudeDegrees>13.219871</LatitudeDegrees>
							<LongitudeDegrees>100.964234</LongitudeDegrees>
						</Position>
						<AltitudeMeters>26.690000</AltitudeMeters>
						<HeartRateBpm>
							<Value>106</Value>
						</HeartRateBpm>
						<Cadence>53</Cadence>
						<Extensions>
							<ns3:TPX>
								<ns3:Speed>1.150750</ns3:Speed>
							</ns3:TPX>
						</Extensions>
					</Trackpoint>
					<Trackpoint>
						<Time>2569-03-15T08:35:25Z</Time>
						<Position>
							<LatitudeDegrees>13.219863</LatitudeDegrees>
							<LongitudeDegrees>100.964227</LongitudeDegrees>
						</Position>
						<AltitudeMeters>26.670000</AltitudeMeters>
						<HeartRateBpm>
							<Value>105</Value>
						</HeartRateBpm>
						<Cadence>53</Cadence>
						<Extensions>
							<ns3:TPX>
								<ns3:Speed>1.152070</ns3:Speed>
							</ns3:TPX>
						</Extensions>
					</Trackpoint>
					<Trackpoint>
						<Time>2569-03-15T08:35:26Z</Time>
						<Position>
							<LatitudeDegrees>13.219856</LatitudeDegrees>
							<LongitudeDegrees>100.964218</LongitudeDegrees>
						</Position>
						<AltitudeMeters>26.630000</AltitudeMeters>
						<HeartRateBpm>
							<Value>105</Value>
						</HeartRateBpm>
						<Cadence>53</Cadence>
						<Extensions>
							<ns3:TPX>
								<ns3:Speed>1.154730</ns3:Speed>
							</ns3:TPX>
						</Extensions>
					</Trackpoint>
					<Trackpoint>
						<Time>2569-03-15T08:35:27Z</Time>
						<Position>
							<LatitudeDegrees>13.219849</LatitudeDegrees>
							<LongitudeDegrees>100.964211</LongitudeDegrees>
						</Position>
						<AltitudeMeters>26.610000</AltitudeMeters>
						<HeartRateBpm>
							<Value>105</Value>
						</HeartRateBpm>
						<Cadence>54</Cadence>
						<Extensions>
							<ns3:TPX>
								<ns3:Speed>1.156070</ns3:Speed>
							</ns3:TPX>
						</Extensions>
					</Trackpoint>
					<Trackpoint>
						<Time>2569-03-15T08:35:28Z</Time>
						<Position>
							<LatitudeDegrees>13.219841</LatitudeDegrees>
							<LongitudeDegrees>100.964204</LongitudeDegrees>
						</Position>
						<AltitudeMeters>26.590000</AltitudeMeters>
						<HeartRateBpm>
							<Value>104</Value>
						</HeartRateBpm>
						<Cadence>54</Cadence>
						<Extensions>
							<ns3:TPX>
								<ns3:Speed>1.158750</ns3:Speed>
							</ns3:TPX>
						</Extensions>
					</Trackpoint>
					<Trackpoint>
						<Time>2569-03-15T08:35:29Z</Time>
						<Position>
							<LatitudeDegrees>13.219831</LatitudeDegrees>
							<LongitudeDegrees>100.964198</LongitudeDegrees>
						</Position>
						<AltitudeMeters>26.570000</AltitudeMeters>
						<HeartRateBpm>
							<Value>104</Value>
						</HeartRateBpm>
						<Cadence>54</Cadence>
						<Extensions>
							<ns3:TPX>
								<ns3:Speed>1.160090</ns3:Speed>
							</ns3:TPX>
						</Extensions>
					</Trackpoint>
					<Trackpoint>
						<Time>2569-03-15T08:35:30Z</Time>
						<Position>
							<LatitudeDegrees>13.219822</LatitudeDegrees>
							<LongitudeDegrees>100.964192</LongitudeDegrees>
						</Position>
						<AltitudeMeters>26.550000</AltitudeMeters>
						<HeartRateBpm>
							<Value>105</Value>
						</HeartRateBpm>
						<Cadence>53</Cadence>
						<Extensions>
							<ns3:TPX>
								<ns3:Speed>1.161440</ns3:Speed>
							</ns3:TPX>
						</Extensions>
					</Trackpoint>
					<Trackpoint>
						<Time>2569-03-15T08:35:31Z</Time>
						<Position>
							<LatitudeDegrees>13.219812</LatitudeDegrees>
							<LongitudeDegrees>100.964187</LongitudeDegrees>
						</Position>
						<AltitudeMeters>26.540000</AltitudeMeters>
						<HeartRateBpm>
							<Value>105</Value>
						</HeartRateBpm>
						<Cadence>53</Cadence>
						<Extensions>
							<ns3:TPX>
								<ns3:Speed>1.162790</ns3:Speed>
							</ns3:TPX>
						</Extensions>
					</Trackpoint>
					<Trackpoint>
						<Time>2569-03-15T08:35:32Z</Time>
						<Position>
							<LatitudeDegrees>13.219802</LatitudeDegrees>
							<LongitudeDegrees>100.964181</LongitudeDegrees>
						</Position>
						<AltitudeMeters>26.530000</AltitudeMeters>
						<HeartRateBpm>
							<Value>105</Value>
						</HeartRateBpm>
						<Cadence>52</Cadence>
						<Extensions>
							<ns3:TPX>
								<ns3:Speed>1.164140</ns3:Speed>
							</ns3:TPX>
						</Extensions>
					</Trackpoint>
					<Trackpoint>
						<Time>2569-03-15T08:35:33Z</Time>
						<Position>
							<LatitudeDegrees>13.219794</LatitudeDegrees>
							<LongitudeDegrees>100.964175</LongitudeDegrees>
						</Position>
						<AltitudeMeters>26.520000</AltitudeMeters>
						<HeartRateBpm>
							<Value>106</Value>
						</HeartRateBpm>
						<Cadence>52</Cadence>
						<Extensions>
							<ns3:TPX>
								<ns3:Speed>1.165500</ns3:Speed>
							</ns3:TPX>
						</Extensions>
					</Trackpoint>
					<Trackpoint>
						<Time>2569-03-15T08:35:34Z</Time>
						<Position>
							<LatitudeDegrees>13.219786</LatitudeDegrees>
							<LongitudeDegrees>100.964169</LongitudeDegrees>
						</Position>
						<AltitudeMeters>26.510000</AltitudeMeters>
						<HeartRateBpm>
							<Value>105</Value>
						</HeartRateBpm>
						<Cadence>52</Cadence>
						<Extensions>
							<ns3:TPX>
								<ns3:Speed>1.165500</ns3:Speed>
							</ns3:TPX>
						</Extensions>
					</Trackpoint>
					<Trackpoint>
						<Time>2569-03-15T08:35:35Z</Time>
						<Position>
							<LatitudeDegrees>13.219778</LatitudeDegrees>
							<LongitudeDegrees>100.964163</LongitudeDegrees>
						</Position>
						<AltitudeMeters>26.500000</AltitudeMeters>
						<HeartRateBpm>
							<Value>105</Value>
						</HeartRateBpm>
						<Cadence>52</Cadence>
						<Extensions>
							<ns3:TPX>
								<ns3:Speed>1.166860</ns3:Speed>
							</ns3:TPX>
						</Extensions>
					</Trackpoint>
					<Trackpoint>
						<Time>2569-03-15T08:35:36Z</Time>
						<Position>
							<LatitudeDegrees>13.219770</LatitudeDegrees>
							<LongitudeDegrees>100.964158</LongitudeDegrees>
						</Position>
						<AltitudeMeters>26.490000</AltitudeMeters>
						<HeartRateBpm>
							<Value>104</Value>
						</HeartRateBpm>
						<Cadence>52</Cadence>
						<Extensions>
							<ns3:TPX>
								<ns3:Speed>1.166860</ns3:Speed>
							</ns3:TPX>
						</Extensions>
					</Trackpoint>
					<Trackpoint>
						<Time>2569-03-15T08:35:37Z</Time>
						<Position>
							<LatitudeDegrees>13.219761</LatitudeDegrees>
							<LongitudeDegrees>100.964152</LongitudeDegrees>
						</Position>
						<AltitudeMeters>26.480000</AltitudeMeters>
						<HeartRateBpm>
							<Value>104</Value>
						</HeartRateBpm>
						<Cadence>52</Cadence>
						<Extensions>
							<ns3:TPX>
								<ns3:Speed>1.166860</ns3:Speed>
							</ns3:TPX>
						</Extensions>
					</Trackpoint>
					<Trackpoint>
						<Time>2569-03-15T08:35:38Z</Time>
						<Position>
							<LatitudeDegrees>13.219751</LatitudeDegrees>
							<LongitudeDegrees>100.964146</LongitudeDegrees>
						</Position>
						<AltitudeMeters>26.470000</AltitudeMeters>
						<HeartRateBpm>
							<Value>105</Value>
						</HeartRateBpm>
						<Cadence>53</Cadence>
						<Extensions>
							<ns3:TPX>
								<ns3:Speed>1.166860</ns3:Speed>
							</ns3:TPX>
						</Extensions>
					</Trackpoint>
					<Trackpoint>
						<Time>2569-03-15T08:35:39Z</Time>
						<Position>
							<LatitudeDegrees>13.219742</LatitudeDegrees>
							<LongitudeDegrees>100.964142</LongitudeDegrees>
						</Position>
						<AltitudeMeters>26.470000</AltitudeMeters>
						<HeartRateBpm>
							<Value>105</Value>
						</HeartRateBpm>
						<Cadence>53</Cadence>
						<Extensions>
							<ns3:TPX>
								<ns3:Speed>1.166860</ns3:Speed>
							</ns3:TPX>
						</Extensions>
					</Trackpoint>
					<Trackpoint>
						<Time>2569-03-15T08:35:40Z</Time>
						<Position>
							<LatitudeDegrees>13.219734</LatitudeDegrees>
							<LongitudeDegrees>100.964137</LongitudeDegrees>
						</Position>
						<AltitudeMeters>26.460000</AltitudeMeters>
						<HeartRateBpm>
							<Value>106</Value>
						</HeartRateBpm>
						<Cadence>53</Cadence>
						<Extensions>
							<ns3:TPX>
								<ns3:Speed>1.165500</ns3:Speed>
							</ns3:TPX>
						</Extensions>
					</Trackpoint>
					<Trackpoint>
						<Time>2569-03-15T08:35:41Z</Time>
						<Position>
							<LatitudeDegrees>13.219724</LatitudeDegrees>
							<LongitudeDegrees>100.964132</LongitudeDegrees>
						</Position>
						<AltitudeMeters>26.460000</AltitudeMeters>
						<HeartRateBpm>
							<Value>107</Value>
						</HeartRateBpm>
						<Cadence>53</Cadence>
						<Extensions>
							<ns3:TPX>
								<ns3:Speed>1.165500</ns3:Speed>
							</ns3:TPX>
						</Extensions>
					</Trackpoint>
					<Trackpoint>
						<Time>2569-03-15T08:35:42Z</Time>
						<Position>
							<LatitudeDegrees>13.219713</LatitudeDegrees>
							<LongitudeDegrees>100.964127</LongitudeDegrees>
						</Position>
						<AltitudeMeters>26.450000</AltitudeMeters>
						<HeartRateBpm>
							<Value>108</Value>
						</HeartRateBpm>
						<Cadence>53</Cadence>
						<Extensions>
							<ns3:TPX>
								<ns3:Speed>1.164140</ns3:Speed>
							</ns3:TPX>
						</Extensions>
					</Trackpoint>
					<Trackpoint>
						<Time>2569-03-15T08:35:43Z</Time>
						<Position>
							<LatitudeDegrees>13.219703</LatitudeDegrees>
							<LongitudeDegrees>100.964122</LongitudeDegrees>
						</Position>
						<AltitudeMeters>26.450000</AltitudeMeters>
						<HeartRateBpm>
							<Value>107</Value>
						</HeartRateBpm>
						<Cadence>52</Cadence>
						<Extensions>
							<ns3:TPX>
								<ns3:Speed>1.164140</ns3:Speed>
							</ns3:TPX>
						</Extensions>
					</Trackpoint>
					<Trackpoint>
						<Time>2569-03-15T08:35:44Z</Time>
						<Position>
							<LatitudeDegrees>13.219693</LatitudeDegrees>
							<LongitudeDegrees>100.964117</LongitudeDegrees>
						</Position>
						<AltitudeMeters>26.440000</AltitudeMeters>
						<HeartRateBpm>
							<Value>107</Value>
						</HeartRateBpm>
						<Cadence>52</Cadence>
						<Extensions>
							<ns3:TPX>
								<ns3:Speed>1.165500</ns3:Speed>
							</ns3:TPX>
						</Extensions>
					</Trackpoint>
					<Trackpoint>
						<Time>2569-03-15T08:35:45Z</Time>
						<Position>
							<LatitudeDegrees>13.219683</LatitudeDegrees>
							<LongitudeDegrees>100.964113</LongitudeDegrees>
						</Position>
						<AltitudeMeters>26.440000</AltitudeMeters>
						<HeartRateBpm>
							<Value>108</Value>
						</HeartRateBpm>
						<Cadence>52</Cadence>
						<Extensions>
							<ns3:TPX>
								<ns3:Speed>1.165500</ns3:Speed>
							</ns3:TPX>
						</Extensions>
					</Trackpoint>
					<Trackpoint>
						<Time>2569-03-15T08:35:46Z</Time>
						<Position>
							<LatitudeDegrees>13.219673</LatitudeDegrees>
							<LongitudeDegrees>100.964109</LongitudeDegrees>
						</Position>
						<AltitudeMeters>26.430000</AltitudeMeters>
						<HeartRateBpm>
							<Value>108</Value>
						</HeartRateBpm>
						<Cadence>52</Cadence>
						<Extensions>
							<ns3:TPX>
								<ns3:Speed>1.166860</ns3:Speed>
							</ns3:TPX>
						</Extensions>
					</Trackpoint>
					<Trackpoint>
						<Time>2569-03-15T08:35:47Z</Time>
						<Position>
							<LatitudeDegrees>13.219663</LatitudeDegrees>
							<LongitudeDegrees>100.964104</LongitudeDegrees>
						</Position>
						<AltitudeMeters>26.430000</AltitudeMeters>
						<HeartRateBpm>
							<Value>108</Value>
						</HeartRateBpm>
						<Cadence>53</Cadence>
						<Extensions>
							<ns3:TPX>
								<ns3:Speed>1.168220</ns3:Speed>
							</ns3:TPX>
						</Extensions>
					</Trackpoint>
					<Trackpoint>
						<Time>2569-03-15T08:35:48Z</Time>
						<Position>
							<LatitudeDegrees>13.219654</LatitudeDegrees>
							<LongitudeDegrees>100.964100</LongitudeDegrees>
						</Position>
						<AltitudeMeters>26.420000</AltitudeMeters>
						<HeartRateBpm>
							<Value>107</Value>
						</HeartRateBpm>
						<Cadence>53</Cadence>
						<Extensions>
							<ns3:TPX>
								<ns3:Speed>1.168220</ns3:Speed>
							</ns3:TPX>
						</Extensions>
					</Trackpoint>
					<Trackpoint>
						<Time>2569-03-15T08:35:49Z</Time>
						<Position>
							<LatitudeDegrees>13.219644</LatitudeDegrees>
							<LongitudeDegrees>100.964094</LongitudeDegrees>
						</Position>
						<AltitudeMeters>26.420000</AltitudeMeters>
						<HeartRateBpm>
							<Value>107</Value>
						</HeartRateBpm>
						<Cadence>53</Cadence>
						<Extensions>
							<ns3:TPX>
								<ns3:Speed>1.169590</ns3:Speed>
							</ns3:TPX>
						</Extensions>
					</Trackpoint>
					<Trackpoint>
						<Time>2569-03-15T08:35:50Z</Time>
						<Position>
							<LatitudeDegrees>13.219634</LatitudeDegrees>
							<LongitudeDegrees>100.964089</LongitudeDegrees>
						</Position>
						<AltitudeMeters>26.410000</AltitudeMeters>
						<HeartRateBpm>
							<Value>107</Value>
						</HeartRateBpm>
						<Cadence>53</Cadence>
						<Extensions>
							<ns3:TPX>
								<ns3:Speed>1.170960</ns3:Speed>
							</ns3:TPX>
						</Extensions>
					</Trackpoint>
					<Trackpoint>
						<Time>2569-03-15T08:35:51Z</Time>
						<Position>
							<LatitudeDegrees>13.219624</LatitudeDegrees>
							<LongitudeDegrees>100.964084</LongitudeDegrees>
						</Position>
						<AltitudeMeters>26.410000</AltitudeMeters>
						<HeartRateBpm>
							<Value>107</Value>
						</HeartRateBpm>
						<Cadence>53</Cadence>
						<Extensions>
							<ns3:TPX>
								<ns3:Speed>1.170960</ns3:Speed>
							</ns3:TPX>
						</Extensions>
					</Trackpoint>
					<Trackpoint>
						<Time>2569-03-15T08:35:52Z</Time>
						<Position>
							<LatitudeDegrees>13.219613</LatitudeDegrees>
							<LongitudeDegrees>100.964079</LongitudeDegrees>
						</Position>
						<AltitudeMeters>26.390000</AltitudeMeters>
						<HeartRateBpm>
							<Value>107</Value>
						</HeartRateBpm>
						<Cadence>52</Cadence>
						<Extensions>
							<ns3:TPX>
								<ns3:Speed>1.172330</ns3:Speed>
							</ns3:TPX>
						</Extensions>
					</Trackpoint>
					<Trackpoint>
						<Time>2569-03-15T08:35:53Z</Time>
						<Position>
							<LatitudeDegrees>13.219602</LatitudeDegrees>
							<LongitudeDegrees>100.964074</LongitudeDegrees>
						</Position>
						<AltitudeMeters>26.380000</AltitudeMeters>
						<HeartRateBpm>
							<Value>108</Value>
						</HeartRateBpm>
						<Cadence>52</Cadence>
						<Extensions>
							<ns3:TPX>
								<ns3:Speed>1.173710</ns3:Speed>
							</ns3:TPX>
						</Extensions>
					</Trackpoint>
					<Trackpoint>
						<Time>2569-03-15T08:35:54Z</Time>
						<Position>
							<LatitudeDegrees>13.219592</LatitudeDegrees>
							<LongitudeDegrees>100.964070</LongitudeDegrees>
						</Position>
						<AltitudeMeters>26.360000</AltitudeMeters>
						<HeartRateBpm>
							<Value>108</Value>
						</HeartRateBpm>
						<Cadence>52</Cadence>
						<Extensions>
							<ns3:TPX>
								<ns3:Speed>1.175090</ns3:Speed>
							</ns3:TPX>
						</Extensions>
					</Trackpoint>
					<Trackpoint>
						<Time>2569-03-15T08:35:55Z</Time>
						<Position>
							<LatitudeDegrees>13.219581</LatitudeDegrees>
							<LongitudeDegrees>100.964065</LongitudeDegrees>
						</Position>
						<AltitudeMeters>26.360000</AltitudeMeters>
						<HeartRateBpm>
							<Value>108</Value>
						</HeartRateBpm>
					</Trackpoint>
					<Trackpoint>
						<Time>2569-03-15T08:35:56Z</Time>
						<Position>
							<LatitudeDegrees>13.219570</LatitudeDegrees>
							<LongitudeDegrees>100.964060</LongitudeDegrees>
						</Position>
						<AltitudeMeters>26.330000</AltitudeMeters>
						<HeartRateBpm>
							<Value>108</Value>
						</HeartRateBpm>
						<Cadence>52</Cadence>
						<Extensions>
							<ns3:TPX>
								<ns3:Speed>1.179250</ns3:Speed>
							</ns3:TPX>
						</Extensions>
					</Trackpoint>
					<Trackpoint>
						<Time>2569-03-15T08:35:57Z</Time>
						<Position>
							<LatitudeDegrees>13.219560</LatitudeDegrees>
							<LongitudeDegrees>100.964055</LongitudeDegrees>
						</Position>
						<AltitudeMeters>26.330000</AltitudeMeters>
						<HeartRateBpm>
							<Value>108</Value>
						</HeartRateBpm>
					</Trackpoint>
					<Trackpoint>
						<Time>2569-03-15T08:35:58Z</Time>
						<Position>
							<LatitudeDegrees>13.219551</LatitudeDegrees>
							<LongitudeDegrees>100.964050</LongitudeDegrees>
						</Position>
						<AltitudeMeters>26.320000</AltitudeMeters>
						<HeartRateBpm>
							<Value>108</Value>
						</HeartRateBpm>
						<Cadence>52</Cadence>
						<Extensions>
							<ns3:TPX>
								<ns3:Speed>1.182030</ns3:Speed>
							</ns3:TPX>
						</Extensions>
					</Trackpoint>
					<Trackpoint>
						<Time>2569-03-15T08:35:59Z</Time>
						<Position>
							<LatitudeDegrees>13.219540</LatitudeDegrees>
							<LongitudeDegrees>100.964045</LongitudeDegrees>
						</Position>
						<AltitudeMeters>26.300000</AltitudeMeters>
						<HeartRateBpm>
							<Value>107</Value>
						</HeartRateBpm>
						<Cadence>53</Cadence>
						<Extensions>
							<ns3:TPX>
								<ns3:Speed>1.183430</ns3:Speed>
							</ns3:TPX>
						</Extensions>
					</Trackpoint>
					<Trackpoint>
						<Time>2569-03-15T08:36:00Z</Time>
						<Position>
							<LatitudeDegrees>13.219530</LatitudeDegrees>
							<LongitudeDegrees>100.964040</LongitudeDegrees>
						</Position>
						<AltitudeMeters>26.280000</AltitudeMeters>
						<HeartRateBpm>
							<Value>107</Value>
						</HeartRateBpm>
						<Cadence>54</Cadence>
						<Extensions>
							<ns3:TPX>
								<ns3:Speed>1.186240</ns3:Speed>
							</ns3:TPX>
						</Extensions>
					</Trackpoint>
					<Trackpoint>
						<Time>2569-03-15T08:36:01Z</Time>
						<Position>
							<LatitudeDegrees>13.219522</LatitudeDegrees>
							<LongitudeDegrees>100.964036</LongitudeDegrees>
						</Position>
						<AltitudeMeters>26.260000</AltitudeMeters>
						<HeartRateBpm>
							<Value>107</Value>
						</HeartRateBpm>
						<Cadence>54</Cadence>
						<Extensions>
							<ns3:TPX>
								<ns3:Speed>1.187650</ns3:Speed>
							</ns3:TPX>
						</Extensions>
					</Trackpoint>
					<Trackpoint>
						<Time>2569-03-15T08:36:02Z</Time>
						<Position>
							<LatitudeDegrees>13.219513</LatitudeDegrees>
							<LongitudeDegrees>100.964031</LongitudeDegrees>
						</Position>
						<AltitudeMeters>26.250000</AltitudeMeters>
						<HeartRateBpm>
							<Value>108</Value>
						</HeartRateBpm>
						<Cadence>54</Cadence>
						<Extensions>
							<ns3:TPX>
								<ns3:Speed>1.189060</ns3:Speed>
							</ns3:TPX>
						</Extensions>
					</Trackpoint>
					<Trackpoint>
						<Time>2569-03-15T08:36:03Z</Time>
						<Position>
							<LatitudeDegrees>13.219505</LatitudeDegrees>
							<LongitudeDegrees>100.964026</LongitudeDegrees>
						</Position>
						<AltitudeMeters>26.230000</AltitudeMeters>
						<HeartRateBpm>
							<Value>107</Value>
						</HeartRateBpm>
						<Cadence>53</Cadence>
						<Extensions>
							<ns3:TPX>
								<ns3:Speed>1.190480</ns3:Speed>
							</ns3:TPX>
						</Extensions>
					</Trackpoint>
					<Trackpoint>
						<Time>2569-03-15T08:36:04Z</Time>
						<Position>
							<LatitudeDegrees>13.219497</LatitudeDegrees>
							<LongitudeDegrees>100.964021</LongitudeDegrees>
						</Position>
						<AltitudeMeters>26.220000</AltitudeMeters>
						<HeartRateBpm>
							<Value>108</Value>
						</HeartRateBpm>
						<Cadence>52</Cadence>
						<Extensions>
							<ns3:TPX>
								<ns3:Speed>1.190480</ns3:Speed>
							</ns3:TPX>
						</Extensions>
					</Trackpoint>
					<Trackpoint>
						<Time>2569-03-15T08:36:05Z</Time>
						<Position>
							<LatitudeDegrees>13.219488</LatitudeDegrees>
							<LongitudeDegrees>100.964017</LongitudeDegrees>
						</Position>
						<AltitudeMeters>26.210000</AltitudeMeters>
						<HeartRateBpm>
							<Value>108</Value>
						</HeartRateBpm>
						<Cadence>52</Cadence>
						<Extensions>
							<ns3:TPX>
								<ns3:Speed>1.189060</ns3:Speed>
							</ns3:TPX>
						</Extensions>
					</Trackpoint>
					<Trackpoint>
						<Time>2569-03-15T08:36:06Z</Time>
						<Position>
							<LatitudeDegrees>13.219480</LatitudeDegrees>
							<LongitudeDegrees>100.964012</LongitudeDegrees>
						</Position>
						<AltitudeMeters>26.200000</AltitudeMeters>
						<HeartRateBpm>
							<Value>108</Value>
						</HeartRateBpm>
						<Cadence>51</Cadence>
						<Extensions>
							<ns3:TPX>
								<ns3:Speed>1.187650</ns3:Speed>
							</ns3:TPX>
						</Extensions>
					</Trackpoint>
					<Trackpoint>
						<Time>2569-03-15T08:36:07Z</Time>
						<Position>
							<LatitudeDegrees>13.219472</LatitudeDegrees>
							<LongitudeDegrees>100.964008</LongitudeDegrees>
						</Position>
						<AltitudeMeters>26.180000</AltitudeMeters>
						<HeartRateBpm>
							<Value>107</Value>
						</HeartRateBpm>
						<Cadence>51</Cadence>
						<Extensions>
							<ns3:TPX>
								<ns3:Speed>1.184830</ns3:Speed>
							</ns3:TPX>
						</Extensions>
					</Trackpoint>
					<Trackpoint>
						<Time>2569-03-15T08:36:08Z</Time>
						<Position>
							<LatitudeDegrees>13.219463</LatitudeDegrees>
							<LongitudeDegrees>100.964004</LongitudeDegrees>
						</Position>
						<AltitudeMeters>26.180000</AltitudeMeters>
						<HeartRateBpm>
							<Value>107</Value>
						</HeartRateBpm>
						<Cadence>51</Cadence>
						<Extensions>
							<ns3:TPX>
								<ns3:Speed>1.182030</ns3:Speed>
							</ns3:TPX>
						</Extensions>
					</Trackpoint>
					<Trackpoint>
						<Time>2569-03-15T08:36:09Z</Time>
						<Position>
							<LatitudeDegrees>13.219453</LatitudeDegrees>
							<LongitudeDegrees>100.964000</LongitudeDegrees>
						</Position>
						<AltitudeMeters>26.170000</AltitudeMeters>
						<HeartRateBpm>
							<Value>106</Value>
						</HeartRateBpm>
						<Cadence>51</Cadence>
						<Extensions>
							<ns3:TPX>
								<ns3:Speed>1.179250</ns3:Speed>
							</ns3:TPX>
						</Extensions>
					</Trackpoint>
					<Trackpoint>
						<Time>2569-03-15T08:36:10Z</Time>
						<Position>
							<LatitudeDegrees>13.219443</LatitudeDegrees>
							<LongitudeDegrees>100.963996</LongitudeDegrees>
						</Position>
						<AltitudeMeters>26.160000</AltitudeMeters>
						<HeartRateBpm>
							<Value>106</Value>
						</HeartRateBpm>
						<Cadence>51</Cadence>
						<Extensions>
							<ns3:TPX>
								<ns3:Speed>1.176470</ns3:Speed>
							</ns3:TPX>
						</Extensions>
					</Trackpoint>
					<Trackpoint>
						<Time>2569-03-15T08:36:11Z</Time>
						<Position>
							<LatitudeDegrees>13.219432</LatitudeDegrees>
							<LongitudeDegrees>100.963993</LongitudeDegrees>
						</Position>
						<AltitudeMeters>26.150000</AltitudeMeters>
						<HeartRateBpm>
							<Value>106</Value>
						</HeartRateBpm>
						<Cadence>51</Cadence>
						<Extensions>
							<ns3:TPX>
								<ns3:Speed>1.173710</ns3:Speed>
							</ns3:TPX>
						</Extensions>
					</Trackpoint>
					<Trackpoint>
						<Time>2569-03-15T08:36:12Z</Time>
						<Position>
							<LatitudeDegrees>13.219421</LatitudeDegrees>
							<LongitudeDegrees>100.963989</LongitudeDegrees>
						</Position>
						<AltitudeMeters>26.140000</AltitudeMeters>
						<HeartRateBpm>
							<Value>106</Value>
						</HeartRateBpm>
						<Cadence>52</Cadence>
						<Extensions>
							<ns3:TPX>
								<ns3:Speed>1.172330</ns3:Speed>
							</ns3:TPX>
						</Extensions>
					</Trackpoint>
					<Trackpoint>
						<Time>2569-03-15T08:36:13Z</Time>
						<Position>
							<LatitudeDegrees>13.219410</LatitudeDegrees>
							<LongitudeDegrees>100.963984</LongitudeDegrees>
						</Position>
						<AltitudeMeters>26.130000</AltitudeMeters>
						<HeartRateBpm>
							<Value>106</Value>
						</HeartRateBpm>
						<Cadence>52</Cadence>
						<Extensions>
							<ns3:TPX>
								<ns3:Speed>1.170960</ns3:Speed>
							</ns3:TPX>
						</Extensions>
					</Trackpoint>
					<Trackpoint>
						<Time>2569-03-15T08:36:14Z</Time>
						<Position>
							<LatitudeDegrees>13.219400</LatitudeDegrees>
							<LongitudeDegrees>100.963980</LongitudeDegrees>
						</Position>
						<AltitudeMeters>26.130000</AltitudeMeters>
						<HeartRateBpm>
							<Value>106</Value>
						</HeartRateBpm>
						<Cadence>53</Cadence>
						<Extensions>
							<ns3:TPX>
								<ns3:Speed>1.172330</ns3:Speed>
							</ns3:TPX>
						</Extensions>
					</Trackpoint>
					<Trackpoint>
						<Time>2569-03-15T08:36:15Z</Time>
						<Position>
							<LatitudeDegrees>13.219390</LatitudeDegrees>
							<LongitudeDegrees>100.963975</LongitudeDegrees>
						</Position>
						<AltitudeMeters>26.120000</AltitudeMeters>
						<HeartRateBpm>
							<Value>106</Value>
						</HeartRateBpm>
						<Cadence>53</Cadence>
						<Extensions>
							<ns3:TPX>
								<ns3:Speed>1.173710</ns3:Speed>
							</ns3:TPX>
						</Extensions>
					</Trackpoint>
					<Trackpoint>
						<Time>2569-03-15T08:36:16Z</Time>
						<Position>
							<LatitudeDegrees>13.219380</LatitudeDegrees>
							<LongitudeDegrees>100.963970</LongitudeDegrees>
						</Position>
						<AltitudeMeters>26.110000</AltitudeMeters>
						<HeartRateBpm>
							<Value>107</Value>
						</HeartRateBpm>
						<Cadence>53</Cadence>
						<Extensions>
							<ns3:TPX>
								<ns3:Speed>1.175090</ns3:Speed>
							</ns3:TPX>
						</Extensions>
					</Trackpoint>
					<Trackpoint>
						<Time>2569-03-15T08:36:17Z</Time>
						<Position>
							<LatitudeDegrees>13.219371</LatitudeDegrees>
							<LongitudeDegrees>100.963966</LongitudeDegrees>
						</Position>
						<AltitudeMeters>26.100000</AltitudeMeters>
						<HeartRateBpm>
							<Value>108</Value>
						</HeartRateBpm>
						<Cadence>53</Cadence>
						<Extensions>
							<ns3:TPX>
								<ns3:Speed>1.177860</ns3:Speed>
							</ns3:TPX>
						</Extensions>
					</Trackpoint>
					<Trackpoint>
						<Time>2569-03-15T08:36:18Z</Time>
						<Position>
							<LatitudeDegrees>13.219362</LatitudeDegrees>
							<LongitudeDegrees>100.963961</LongitudeDegrees>
						</Position>
						<AltitudeMeters>26.090000</AltitudeMeters>
						<HeartRateBpm>
							<Value>108</Value>
						</HeartRateBpm>
						<Cadence>53</Cadence>
						<Extensions>
							<ns3:TPX>
								<ns3:Speed>1.179250</ns3:Speed>
							</ns3:TPX>
						</Extensions>
					</Trackpoint>
					<Trackpoint>
						<Time>2569-03-15T08:36:19Z</Time>
						<Position>
							<LatitudeDegrees>13.219354</LatitudeDegrees>
							<LongitudeDegrees>100.963955</LongitudeDegrees>
						</Position>
						<AltitudeMeters>26.090000</AltitudeMeters>
						<HeartRateBpm>
							<Value>107</Value>
						</HeartRateBpm>
						<Cadence>53</Cadence>
						<Extensions>
							<ns3:TPX>
								<ns3:Speed>1.180640</ns3:Speed>
							</ns3:TPX>
						</Extensions>
					</Trackpoint>
					<Trackpoint>
						<Time>2569-03-15T08:36:20Z</Time>
						<Position>
							<LatitudeDegrees>13.219347</LatitudeDegrees>
							<LongitudeDegrees>100.963948</LongitudeDegrees>
						</Position>
						<AltitudeMeters>26.080000</AltitudeMeters>
						<HeartRateBpm>
							<Value>107</Value>
						</HeartRateBpm>
						<Cadence>53</Cadence>
						<Extensions>
							<ns3:TPX>
								<ns3:Speed>1.182030</ns3:Speed>
							</ns3:TPX>
						</Extensions>
					</Trackpoint>
					<Trackpoint>
						<Time>2569-03-15T08:36:21Z</Time>
						<Position>
							<LatitudeDegrees>13.219341</LatitudeDegrees>
							<LongitudeDegrees>100.963939</LongitudeDegrees>
						</Position>
						<AltitudeMeters>26.080000</AltitudeMeters>
						<HeartRateBpm>
							<Value>107</Value>
						</HeartRateBpm>
						<Cadence>53</Cadence>
						<Extensions>
							<ns3:TPX>
								<ns3:Speed>1.182030</ns3:Speed>
							</ns3:TPX>
						</Extensions>
					</Trackpoint>
					<Trackpoint>
						<Time>2569-03-15T08:36:22Z</Time>
						<Position>
							<LatitudeDegrees>13.219336</LatitudeDegrees>
							<LongitudeDegrees>100.963928</LongitudeDegrees>
						</Position>
						<AltitudeMeters>26.070000</AltitudeMeters>
						<HeartRateBpm>
							<Value>108</Value>
						</HeartRateBpm>
						<Cadence>53</Cadence>
						<Extensions>
							<ns3:TPX>
								<ns3:Speed>1.182030</ns3:Speed>
							</ns3:TPX>
						</Extensions>
					</Trackpoint>
					<Trackpoint>
						<Time>2569-03-15T08:36:23Z</Time>
						<Position>
							<LatitudeDegrees>13.219329</LatitudeDegrees>
							<LongitudeDegrees>100.963918</LongitudeDegrees>
						</Position>
						<AltitudeMeters>26.070000</AltitudeMeters>
						<HeartRateBpm>
							<Value>107</Value>
						</HeartRateBpm>
						<Cadence>53</Cadence>
						<Extensions>
							<ns3:TPX>
								<ns3:Speed>1.182030</ns3:Speed>
							</ns3:TPX>
						</Extensions>
					</Trackpoint>
					<Trackpoint>
						<Time>2569-03-15T08:36:24Z</Time>
						<Position>
							<LatitudeDegrees>13.219321</LatitudeDegrees>
							<LongitudeDegrees>100.963909</LongitudeDegrees>
						</Position>
						<AltitudeMeters>26.070000</AltitudeMeters>
						<HeartRateBpm>
							<Value>107</Value>
						</HeartRateBpm>
						<Cadence>53</Cadence>
						<Extensions>
							<ns3:TPX>
								<ns3:Speed>1.182030</ns3:Speed>
							</ns3:TPX>
						</Extensions>
					</Trackpoint>
					<Trackpoint>
						<Time>2569-03-15T08:36:25Z</Time>
						<Position>
							<LatitudeDegrees>13.219312</LatitudeDegrees>
							<LongitudeDegrees>100.963902</LongitudeDegrees>
						</Position>
						<AltitudeMeters>26.060000</AltitudeMeters>
						<HeartRateBpm>
							<Value>107</Value>
						</HeartRateBpm>
						<Cadence>53</Cadence>
						<Extensions>
							<ns3:TPX>
								<ns3:Speed>1.182030</ns3:Speed>
							</ns3:TPX>
						</Extensions>
					</Trackpoint>
					<Trackpoint>
						<Time>2569-03-15T08:36:26Z</Time>
						<Position>
							<LatitudeDegrees>13.219302</LatitudeDegrees>
							<LongitudeDegrees>100.963897</LongitudeDegrees>
						</Position>
						<AltitudeMeters>26.060000</AltitudeMeters>
						<HeartRateBpm>
							<Value>106</Value>
						</HeartRateBpm>
						<Cadence>54</Cadence>
						<Extensions>
							<ns3:TPX>
								<ns3:Speed>1.183430</ns3:Speed>
							</ns3:TPX>
						</Extensions>
					</Trackpoint>
					<Trackpoint>
						<Time>2569-03-15T08:36:27Z</Time>
						<Position>
							<LatitudeDegrees>13.219292</LatitudeDegrees>
							<LongitudeDegrees>100.963892</LongitudeDegrees>
						</Position>
						<AltitudeMeters>26.060000</AltitudeMeters>
						<HeartRateBpm>
							<Value>106</Value>
						</HeartRateBpm>
						<Cadence>55</Cadence>
						<Extensions>
							<ns3:TPX>
								<ns3:Speed>1.184830</ns3:Speed>
							</ns3:TPX>
						</Extensions>
					</Trackpoint>
					<Trackpoint>
						<Time>2569-03-15T08:36:28Z</Time>
						<Position>
							<LatitudeDegrees>13.219282</LatitudeDegrees>
							<LongitudeDegrees>100.963888</LongitudeDegrees>
						</Position>
						<AltitudeMeters>26.050000</AltitudeMeters>
						<HeartRateBpm>
							<Value>106</Value>
						</HeartRateBpm>
						<Cadence>55</Cadence>
						<Extensions>
							<ns3:TPX>
								<ns3:Speed>1.187650</ns3:Speed>
							</ns3:TPX>
						</Extensions>
					</Trackpoint>
					<Trackpoint>
						<Time>2569-03-15T08:36:29Z</Time>
						<Position>
							<LatitudeDegrees>13.219271</LatitudeDegrees>
							<LongitudeDegrees>100.963884</LongitudeDegrees>
						</Position>
						<AltitudeMeters>26.050000</AltitudeMeters>
						<HeartRateBpm>
							<Value>105</Value>
						</HeartRateBpm>
						<Cadence>50</Cadence>
						<Extensions>
							<ns3:TPX>
								<ns3:Speed>1.190480</ns3:Speed>
							</ns3:TPX>
						</Extensions>
					</Trackpoint>
					<Trackpoint>
						<Time>2569-03-15T08:36:30Z</Time>
						<Position>
							<LatitudeDegrees>13.219259</LatitudeDegrees>
							<LongitudeDegrees>100.963880</LongitudeDegrees>
						</Position>
						<AltitudeMeters>26.040000</AltitudeMeters>
						<HeartRateBpm>
							<Value>105</Value>
						</HeartRateBpm>
						<Cadence>49</Cadence>
						<Extensions>
							<ns3:TPX>
								<ns3:Speed>1.191900</ns3:Speed>
							</ns3:TPX>
						</Extensions>
					</Trackpoint>
					<Trackpoint>
						<Time>2569-03-15T08:36:31Z</Time>
						<Position>
							<LatitudeDegrees>13.219248</LatitudeDegrees>
							<LongitudeDegrees>100.963876</LongitudeDegrees>
						</Position>
						<AltitudeMeters>26.030000</AltitudeMeters>
						<HeartRateBpm>
							<Value>104</Value>
						</HeartRateBpm>
						<Cadence>52</Cadence>
						<Extensions>
							<ns3:TPX>
								<ns3:Speed>1.194740</ns3:Speed>
							</ns3:TPX>
						</Extensions>
					</Trackpoint>
					<Trackpoint>
						<Time>2569-03-15T08:36:32Z</Time>
						<Position>
							<LatitudeDegrees>13.219237</LatitudeDegrees>
							<LongitudeDegrees>100.963871</LongitudeDegrees>
						</Position>
						<AltitudeMeters>26.020000</AltitudeMeters>
						<HeartRateBpm>
							<Value>104</Value>
						</HeartRateBpm>
						<Cadence>52</Cadence>
						<Extensions>
							<ns3:TPX>
								<ns3:Speed>1.196170</ns3:Speed>
							</ns3:TPX>
						</Extensions>
					</Trackpoint>
					<Trackpoint>
						<Time>2569-03-15T08:36:33Z</Time>
						<Position>
							<LatitudeDegrees>13.219227</LatitudeDegrees>
							<LongitudeDegrees>100.963867</LongitudeDegrees>
						</Position>
						<AltitudeMeters>26.010000</AltitudeMeters>
						<HeartRateBpm>
							<Value>105</Value>
						</HeartRateBpm>
						<Cadence>52</Cadence>
						<Extensions>
							<ns3:TPX>
								<ns3:Speed>1.197600</ns3:Speed>
							</ns3:TPX>
						</Extensions>
					</Trackpoint>
					<Trackpoint>
						<Time>2569-03-15T08:36:34Z</Time>
						<Position>
							<LatitudeDegrees>13.219216</LatitudeDegrees>
							<LongitudeDegrees>100.963863</LongitudeDegrees>
						</Position>
						<AltitudeMeters>26.000000</AltitudeMeters>
						<HeartRateBpm>
							<Value>106</Value>
						</HeartRateBpm>
						<Cadence>52</Cadence>
						<Extensions>
							<ns3:TPX>
								<ns3:Speed>1.199040</ns3:Speed>
							</ns3:TPX>
						</Extensions>
					</Trackpoint>
					<Trackpoint>
						<Time>2569-03-15T08:36:35Z</Time>
						<Position>
							<LatitudeDegrees>13.219206</LatitudeDegrees>
							<LongitudeDegrees>100.963858</LongitudeDegrees>
						</Position>
						<AltitudeMeters>25.980000</AltitudeMeters>
						<HeartRateBpm>
							<Value>106</Value>
						</HeartRateBpm>
						<Cadence>53</Cadence>
						<Extensions>
							<ns3:TPX>
								<ns3:Speed>1.201920</ns3:Speed>
							</ns3:TPX>
						</Extensions>
					</Trackpoint>
					<Trackpoint>
						<Time>2569-03-15T08:36:36Z</Time>
						<Position>
							<LatitudeDegrees>13.219196</LatitudeDegrees>
							<LongitudeDegrees>100.963853</LongitudeDegrees>
						</Position>
						<AltitudeMeters>25.960000</AltitudeMeters>
						<HeartRateBpm>
							<Value>107</Value>
						</HeartRateBpm>
						<Cadence>53</Cadence>
						<Extensions>
							<ns3:TPX>
								<ns3:Speed>1.203370</ns3:Speed>
							</ns3:TPX>
						</Extensions>
					</Trackpoint>
					<Trackpoint>
						<Time>2569-03-15T08:36:37Z</Time>
						<Position>
							<LatitudeDegrees>13.219186</LatitudeDegrees>
							<LongitudeDegrees>100.963849</LongitudeDegrees>
						</Position>
						<AltitudeMeters>25.940000</AltitudeMeters>
						<HeartRateBpm>
							<Value>107</Value>
						</HeartRateBpm>
						<Cadence>54</Cadence>
						<Extensions>
							<ns3:TPX>
								<ns3:Speed>1.204820</ns3:Speed>
							</ns3:TPX>
						</Extensions>
					</Trackpoint>
					<Trackpoint>
						<Time>2569-03-15T08:36:38Z</Time>
						<Position>
							<LatitudeDegrees>13.219175</LatitudeDegrees>
							<LongitudeDegrees>100.963845</LongitudeDegrees>
						</Position>
						<AltitudeMeters>25.920000</AltitudeMeters>
						<HeartRateBpm>
							<Value>106</Value>
						</HeartRateBpm>
						<Cadence>54</Cadence>
						<Extensions>
							<ns3:TPX>
								<ns3:Speed>1.206270</ns3:Speed>
							</ns3:TPX>
						</Extensions>
					</Trackpoint>
					<Trackpoint>
						<Time>2569-03-15T08:36:39Z</Time>
						<Position>
							<LatitudeDegrees>13.219165</LatitudeDegrees>
							<LongitudeDegrees>100.963840</LongitudeDegrees>
						</Position>
						<AltitudeMeters>25.900000</AltitudeMeters>
						<HeartRateBpm>
							<Value>105</Value>
						</HeartRateBpm>
						<Cadence>54</Cadence>
						<Extensions>
							<ns3:TPX>
								<ns3:Speed>1.206270</ns3:Speed>
							</ns3:TPX>
						</Extensions>
					</Trackpoint>
					<Trackpoint>
						<Time>2569-03-15T08:36:40Z</Time>
						<Position>
							<LatitudeDegrees>13.219155</LatitudeDegrees>
							<LongitudeDegrees>100.963834</LongitudeDegrees>
						</Position>
						<AltitudeMeters>25.880000</AltitudeMeters>
						<HeartRateBpm>
							<Value>105</Value>
						</HeartRateBpm>
						<Cadence>53</Cadence>
						<Extensions>
							<ns3:TPX>
								<ns3:Speed>1.207730</ns3:Speed>
							</ns3:TPX>
						</Extensions>
					</Trackpoint>
					<Trackpoint>
						<Time>2569-03-15T08:36:41Z</Time>
						<Position>
							<LatitudeDegrees>13.219144</LatitudeDegrees>
							<LongitudeDegrees>100.963828</LongitudeDegrees>
						</Position>
						<AltitudeMeters>25.860000</AltitudeMeters>
						<HeartRateBpm>
							<Value>104</Value>
						</HeartRateBpm>
						<Cadence>53</Cadence>
						<Extensions>
							<ns3:TPX>
								<ns3:Speed>1.209190</ns3:Speed>
							</ns3:TPX>
						</Extensions>
					</Trackpoint>
					<Trackpoint>
						<Time>2569-03-15T08:36:42Z</Time>
						<Position>
							<LatitudeDegrees>13.219133</LatitudeDegrees>
							<LongitudeDegrees>100.963823</LongitudeDegrees>
						</Position>
						<AltitudeMeters>25.850000</AltitudeMeters>
						<HeartRateBpm>
							<Value>103</Value>
						</HeartRateBpm>
						<Cadence>52</Cadence>
						<Extensions>
							<ns3:TPX>
								<ns3:Speed>1.209190</ns3:Speed>
							</ns3:TPX>
						</Extensions>
					</Trackpoint>
					<Trackpoint>
						<Time>2569-03-15T08:36:43Z</Time>
						<Position>
							<LatitudeDegrees>13.219121</LatitudeDegrees>
							<LongitudeDegrees>100.963819</LongitudeDegrees>
						</Position>
						<AltitudeMeters>25.830000</AltitudeMeters>
						<HeartRateBpm>
							<Value>103</Value>
						</HeartRateBpm>
						<Cadence>52</Cadence>
						<Extensions>
							<ns3:TPX>
								<ns3:Speed>1.210650</ns3:Speed>
							</ns3:TPX>
						</Extensions>
					</Trackpoint>
					<Trackpoint>
						<Time>2569-03-15T08:36:44Z</Time>
						<Position>
							<LatitudeDegrees>13.219109</LatitudeDegrees>
							<LongitudeDegrees>100.963815</LongitudeDegrees>
						</Position>
						<AltitudeMeters>25.810000</AltitudeMeters>
						<HeartRateBpm>
							<Value>103</Value>
						</HeartRateBpm>
						<Cadence>53</Cadence>
						<Extensions>
							<ns3:TPX>
								<ns3:Speed>1.212120</ns3:Speed>
							</ns3:TPX>
						</Extensions>
					</Trackpoint>
					<Trackpoint>
						<Time>2569-03-15T08:36:45Z</Time>
						<Position>
							<LatitudeDegrees>13.219097</LatitudeDegrees>
							<LongitudeDegrees>100.963811</LongitudeDegrees>
						</Position>
						<AltitudeMeters>25.800000</AltitudeMeters>
						<HeartRateBpm>
							<Value>102</Value>
						</HeartRateBpm>
						<Cadence>53</Cadence>
						<Extensions>
							<ns3:TPX>
								<ns3:Speed>1.213590</ns3:Speed>
							</ns3:TPX>
						</Extensions>
					</Trackpoint>
					<Trackpoint>
						<Time>2569-03-15T08:36:46Z</Time>
						<Position>
							<LatitudeDegrees>13.219085</LatitudeDegrees>
							<LongitudeDegrees>100.963809</LongitudeDegrees>
						</Position>
						<AltitudeMeters>25.800000</AltitudeMeters>
						<HeartRateBpm>
							<Value>102</Value>
						</HeartRateBpm>
						<Cadence>53</Cadence>
						<Extensions>
							<ns3:TPX>
								<ns3:Speed>1.215070</ns3:Speed>
							</ns3:TPX>
						</Extensions>
					</Trackpoint>
					<Trackpoint>
						<Time>2569-03-15T08:36:47Z</Time>
						<Position>
							<LatitudeDegrees>13.219073</LatitudeDegrees>
							<LongitudeDegrees>100.963806</LongitudeDegrees>
						</Position>
						<AltitudeMeters>25.790000</AltitudeMeters>
						<HeartRateBpm>
							<Value>102</Value>
						</HeartRateBpm>
						<Cadence>53</Cadence>
						<Extensions>
							<ns3:TPX>
								<ns3:Speed>1.216550</ns3:Speed>
							</ns3:TPX>
						</Extensions>
					</Trackpoint>
					<Trackpoint>
						<Time>2569-03-15T08:36:48Z</Time>
						<Position>
							<LatitudeDegrees>13.219062</LatitudeDegrees>
							<LongitudeDegrees>100.963802</LongitudeDegrees>
						</Position>
						<AltitudeMeters>25.790000</AltitudeMeters>
						<HeartRateBpm>
							<Value>102</Value>
						</HeartRateBpm>
						<Cadence>53</Cadence>
						<Extensions>
							<ns3:TPX>
								<ns3:Speed>1.219510</ns3:Speed>
							</ns3:TPX>
						</Extensions>
					</Trackpoint>
					<Trackpoint>
						<Time>2569-03-15T08:36:49Z</Time>
						<Position>
							<LatitudeDegrees>13.219052</LatitudeDegrees>
							<LongitudeDegrees>100.963798</LongitudeDegrees>
						</Position>
						<AltitudeMeters>25.780000</AltitudeMeters>
						<HeartRateBpm>
							<Value>102</Value>
						</HeartRateBpm>
						<Cadence>52</Cadence>
						<Extensions>
							<ns3:TPX>
								<ns3:Speed>1.221000</ns3:Speed>
							</ns3:TPX>
						</Extensions>
					</Trackpoint>
					<Trackpoint>
						<Time>2569-03-15T08:36:50Z</Time>
						<Position>
							<LatitudeDegrees>13.219042</LatitudeDegrees>
							<LongitudeDegrees>100.963793</LongitudeDegrees>
						</Position>
						<AltitudeMeters>25.770000</AltitudeMeters>
						<HeartRateBpm>
							<Value>102</Value>
						</HeartRateBpm>
						<Cadence>52</Cadence>
						<Extensions>
							<ns3:TPX>
								<ns3:Speed>1.222490</ns3:Speed>
							</ns3:TPX>
						</Extensions>
					</Trackpoint>
					<Trackpoint>
						<Time>2569-03-15T08:36:51Z</Time>
						<Position>
							<LatitudeDegrees>13.219031</LatitudeDegrees>
							<LongitudeDegrees>100.963790</LongitudeDegrees>
						</Position>
						<AltitudeMeters>25.760000</AltitudeMeters>
						<HeartRateBpm>
							<Value>102</Value>
						</HeartRateBpm>
						<Cadence>52</Cadence>
						<Extensions>
							<ns3:TPX>
								<ns3:Speed>1.225490</ns3:Speed>
							</ns3:TPX>
						</Extensions>
					</Trackpoint>
					<Trackpoint>
						<Time>2569-03-15T08:36:52Z</Time>
						<Position>
							<LatitudeDegrees>13.219020</LatitudeDegrees>
							<LongitudeDegrees>100.963787</LongitudeDegrees>
						</Position>
						<AltitudeMeters>25.760000</AltitudeMeters>
						<HeartRateBpm>
							<Value>103</Value>
						</HeartRateBpm>
						<Cadence>52</Cadence>
						<Extensions>
							<ns3:TPX>
								<ns3:Speed>1.225490</ns3:Speed>
							</ns3:TPX>
						</Extensions>
					</Trackpoint>
					<Trackpoint>
						<Time>2569-03-15T08:36:53Z</Time>
						<Position>
							<LatitudeDegrees>13.219009</LatitudeDegrees>
							<LongitudeDegrees>100.963784</LongitudeDegrees>
						</Position>
						<AltitudeMeters>25.750000</AltitudeMeters>
						<HeartRateBpm>
							<Value>103</Value>
						</HeartRateBpm>
						<Cadence>52</Cadence>
						<Extensions>
							<ns3:TPX>
								<ns3:Speed>1.226990</ns3:Speed>
							</ns3:TPX>
						</Extensions>
					</Trackpoint>
					<Trackpoint>
						<Time>2569-03-15T08:36:54Z</Time>
						<Position>
							<LatitudeDegrees>13.218998</LatitudeDegrees>
							<LongitudeDegrees>100.963781</LongitudeDegrees>
						</Position>
						<AltitudeMeters>25.740000</AltitudeMeters>
						<HeartRateBpm>
							<Value>103</Value>
						</HeartRateBpm>
						<Cadence>52</Cadence>
						<Extensions>
							<ns3:TPX>
								<ns3:Speed>1.226990</ns3:Speed>
							</ns3:TPX>
						</Extensions>
					</Trackpoint>
					<Trackpoint>
						<Time>2569-03-15T08:36:55Z</Time>
						<Position>
							<LatitudeDegrees>13.218988</LatitudeDegrees>
							<LongitudeDegrees>100.963778</LongitudeDegrees>
						</Position>
						<AltitudeMeters>25.730000</AltitudeMeters>
						<HeartRateBpm>
							<Value>104</Value>
						</HeartRateBpm>
						<Cadence>52</Cadence>
						<Extensions>
							<ns3:TPX>
								<ns3:Speed>1.226990</ns3:Speed>
							</ns3:TPX>
						</Extensions>
					</Trackpoint>
					<Trackpoint>
						<Time>2569-03-15T08:36:56Z</Time>
						<Position>
							<LatitudeDegrees>13.218977</LatitudeDegrees>
							<LongitudeDegrees>100.963774</LongitudeDegrees>
						</Position>
						<AltitudeMeters>25.720000</AltitudeMeters>
						<HeartRateBpm>
							<Value>103</Value>
						</HeartRateBpm>
						<Cadence>52</Cadence>
						<Extensions>
							<ns3:TPX>
								<ns3:Speed>1.226990</ns3:Speed>
							</ns3:TPX>
						</Extensions>
					</Trackpoint>
					<Trackpoint>
						<Time>2569-03-15T08:36:57Z</Time>
						<Position>
							<LatitudeDegrees>13.218966</LatitudeDegrees>
							<LongitudeDegrees>100.963769</LongitudeDegrees>
						</Position>
						<AltitudeMeters>25.700000</AltitudeMeters>
						<HeartRateBpm>
							<Value>102</Value>
						</HeartRateBpm>
						<Cadence>52</Cadence>
						<Extensions>
							<ns3:TPX>
								<ns3:Speed>1.226990</ns3:Speed>
							</ns3:TPX>
						</Extensions>
					</Trackpoint>
					<Trackpoint>
						<Time>2569-03-15T08:36:58Z</Time>
						<Position>
							<LatitudeDegrees>13.218955</LatitudeDegrees>
							<LongitudeDegrees>100.963765</LongitudeDegrees>
						</Position>
						<AltitudeMeters>25.670000</AltitudeMeters>
						<HeartRateBpm>
							<Value>102</Value>
						</HeartRateBpm>
						<Cadence>52</Cadence>
						<Extensions>
							<ns3:TPX>
								<ns3:Speed>1.226990</ns3:Speed>
							</ns3:TPX>
						</Extensions>
					</Trackpoint>
					<Trackpoint>
						<Time>2569-03-15T08:36:59Z</Time>
						<Position>
							<LatitudeDegrees>13.218943</LatitudeDegrees>
							<LongitudeDegrees>100.963759</LongitudeDegrees>
						</Position>
						<AltitudeMeters>25.650000</AltitudeMeters>
						<HeartRateBpm>
							<Value>101</Value>
						</HeartRateBpm>
						<Cadence>52</Cadence>
						<Extensions>
							<ns3:TPX>
								<ns3:Speed>1.226990</ns3:Speed>
							</ns3:TPX>
						</Extensions>
					</Trackpoint>
					<Trackpoint>
						<Time>2569-03-15T08:37:00Z</Time>
						<Position>
							<LatitudeDegrees>13.218933</LatitudeDegrees>
							<LongitudeDegrees>100.963754</LongitudeDegrees>
						</Position>
						<AltitudeMeters>25.640000</AltitudeMeters>
						<HeartRateBpm>
							<Value>101</Value>
						</HeartRateBpm>
						<Cadence>52</Cadence>
						<Extensions>
							<ns3:TPX>
								<ns3:Speed>1.226990</ns3:Speed>
							</ns3:TPX>
						</Extensions>
					</Trackpoint>
					<Trackpoint>
						<Time>2569-03-15T08:37:01Z</Time>
						<Position>
							<LatitudeDegrees>13.218923</LatitudeDegrees>
							<LongitudeDegrees>100.963749</LongitudeDegrees>
						</Position>
						<AltitudeMeters>25.620000</AltitudeMeters>
						<HeartRateBpm>
							<Value>101</Value>
						</HeartRateBpm>
						<Cadence>52</Cadence>
						<Extensions>
							<ns3:TPX>
								<ns3:Speed>1.226990</ns3:Speed>
							</ns3:TPX>
						</Extensions>
					</Trackpoint>
					<Trackpoint>
						<Time>2569-03-15T08:37:02Z</Time>
						<Position>
							<LatitudeDegrees>13.218913</LatitudeDegrees>
							<LongitudeDegrees>100.963743</LongitudeDegrees>
						</Position>
						<AltitudeMeters>25.610000</AltitudeMeters>
						<HeartRateBpm>
							<Value>102</Value>
						</HeartRateBpm>
						<Cadence>53</Cadence>
						<Extensions>
							<ns3:TPX>
								<ns3:Speed>1.228500</ns3:Speed>
							</ns3:TPX>
						</Extensions>
					</Trackpoint>
					<Trackpoint>
						<Time>2569-03-15T08:37:03Z</Time>
						<Position>
							<LatitudeDegrees>13.218903</LatitudeDegrees>
							<LongitudeDegrees>100.963738</LongitudeDegrees>
						</Position>
						<AltitudeMeters>25.600000</AltitudeMeters>
						<HeartRateBpm>
							<Value>103</Value>
						</HeartRateBpm>
						<Cadence>53</Cadence>
						<Extensions>
							<ns3:TPX>
								<ns3:Speed>1.228500</ns3:Speed>
							</ns3:TPX>
						</Extensions>
					</Trackpoint>
					<Trackpoint>
						<Time>2569-03-15T08:37:04Z</Time>
						<Position>
							<LatitudeDegrees>13.218892</LatitudeDegrees>
							<LongitudeDegrees>100.963734</LongitudeDegrees>
						</Position>
						<AltitudeMeters>25.590000</AltitudeMeters>
						<HeartRateBpm>
							<Value>103</Value>
						</HeartRateBpm>
						<Cadence>53</Cadence>
						<Extensions>
							<ns3:TPX>
								<ns3:Speed>1.230010</ns3:Speed>
							</ns3:TPX>
						</Extensions>
					</Trackpoint>
					<Trackpoint>
						<Time>2569-03-15T08:37:05Z</Time>
						<Position>
							<LatitudeDegrees>13.218882</LatitudeDegrees>
							<LongitudeDegrees>100.963730</LongitudeDegrees>
						</Position>
						<AltitudeMeters>25.580000</AltitudeMeters>
						<HeartRateBpm>
							<Value>103</Value>
						</HeartRateBpm>
						<Cadence>53</Cadence>
						<Extensions>
							<ns3:TPX>
								<ns3:Speed>1.230010</ns3:Speed>
							</ns3:TPX>
						</Extensions>
					</Trackpoint>
					<Trackpoint>
						<Time>2569-03-15T08:37:06Z</Time>
						<Position>
							<LatitudeDegrees>13.218871</LatitudeDegrees>
							<LongitudeDegrees>100.963727</LongitudeDegrees>
						</Position>
						<AltitudeMeters>25.570000</AltitudeMeters>
						<HeartRateBpm>
							<Value>103</Value>
						</HeartRateBpm>
						<Cadence>53</Cadence>
						<Extensions>
							<ns3:TPX>
								<ns3:Speed>1.230010</ns3:Speed>
							</ns3:TPX>
						</Extensions>
					</Trackpoint>
					<Trackpoint>
						<Time>2569-03-15T08:37:07Z</Time>
						<Position>
							<LatitudeDegrees>13.218860</LatitudeDegrees>
							<LongitudeDegrees>100.963724</LongitudeDegrees>
						</Position>
						<AltitudeMeters>25.560000</AltitudeMeters>
						<HeartRateBpm>
							<Value>102</Value>
						</HeartRateBpm>
						<Cadence>53</Cadence>
						<Extensions>
							<ns3:TPX>
								<ns3:Speed>1.231530</ns3:Speed>
							</ns3:TPX>
						</Extensions>
					</Trackpoint>
					<Trackpoint>
						<Time>2569-03-15T08:37:08Z</Time>
						<Position>
							<LatitudeDegrees>13.218850</LatitudeDegrees>
							<LongitudeDegrees>100.963722</LongitudeDegrees>
						</Position>
						<AltitudeMeters>25.560000</AltitudeMeters>
						<HeartRateBpm>
							<Value>102</Value>
						</HeartRateBpm>
						<Cadence>54</Cadence>
						<Extensions>
							<ns3:TPX>
								<ns3:Speed>1.231530</ns3:Speed>
							</ns3:TPX>
						</Extensions>
					</Trackpoint>
					<Trackpoint>
						<Time>2569-03-15T08:37:09Z</Time>
						<Position>
							<LatitudeDegrees>13.218840</LatitudeDegrees>
							<LongitudeDegrees>100.963720</LongitudeDegrees>
						</Position>
						<AltitudeMeters>25.560000</AltitudeMeters>
						<HeartRateBpm>
							<Value>101</Value>
						</HeartRateBpm>
						<Cadence>54</Cadence>
						<Extensions>
							<ns3:TPX>
								<ns3:Speed>1.231530</ns3:Speed>
							</ns3:TPX>
						</Extensions>
					</Trackpoint>
					<Trackpoint>
						<Time>2569-03-15T08:37:10Z</Time>
						<Position>
							<LatitudeDegrees>13.218831</LatitudeDegrees>
							<LongitudeDegrees>100.963717</LongitudeDegrees>
						</Position>
						<AltitudeMeters>25.560000</AltitudeMeters>
						<HeartRateBpm>
							<Value>101</Value>
						</HeartRateBpm>
						<Cadence>54</Cadence>
						<Extensions>
							<ns3:TPX>
								<ns3:Speed>1.231530</ns3:Speed>
							</ns3:TPX>
						</Extensions>
					</Trackpoint>
					<Trackpoint>
						<Time>2569-03-15T08:37:11Z</Time>
						<Position>
							<LatitudeDegrees>13.218821</LatitudeDegrees>
							<LongitudeDegrees>100.963713</LongitudeDegrees>
						</Position>
						<AltitudeMeters>25.560000</AltitudeMeters>
						<HeartRateBpm>
							<Value>101</Value>
						</HeartRateBpm>
						<Cadence>54</Cadence>
						<Extensions>
							<ns3:TPX>
								<ns3:Speed>1.231530</ns3:Speed>
							</ns3:TPX>
						</Extensions>
					</Trackpoint>
					<Trackpoint>
						<Time>2569-03-15T08:37:12Z</Time>
						<Position>
							<LatitudeDegrees>13.218811</LatitudeDegrees>
							<LongitudeDegrees>100.963709</LongitudeDegrees>
						</Position>
						<AltitudeMeters>25.560000</AltitudeMeters>
						<HeartRateBpm>
							<Value>102</Value>
						</HeartRateBpm>
						<Cadence>54</Cadence>
						<Extensions>
							<ns3:TPX>
								<ns3:Speed>1.230010</ns3:Speed>
							</ns3:TPX>
						</Extensions>
					</Trackpoint>
					<Trackpoint>
						<Time>2569-03-15T08:37:13Z</Time>
						<Position>
							<LatitudeDegrees>13.218801</LatitudeDegrees>
							<LongitudeDegrees>100.963705</LongitudeDegrees>
						</Position>
						<AltitudeMeters>25.560000</AltitudeMeters>
						<HeartRateBpm>
							<Value>103</Value>
						</HeartRateBpm>
						<Cadence>53</Cadence>
						<Extensions>
							<ns3:TPX>
								<ns3:Speed>1.230010</ns3:Speed>
							</ns3:TPX>
						</Extensions>
					</Trackpoint>
					<Trackpoint>
						<Time>2569-03-15T08:37:14Z</Time>
						<Position>
							<LatitudeDegrees>13.218790</LatitudeDegrees>
							<LongitudeDegrees>100.963701</LongitudeDegrees>
						</Position>
						<AltitudeMeters>25.550000</AltitudeMeters>
						<HeartRateBpm>
							<Value>103</Value>
						</HeartRateBpm>
						<Cadence>53</Cadence>
						<Extensions>
							<ns3:TPX>
								<ns3:Speed>1.228500</ns3:Speed>
							</ns3:TPX>
						</Extensions>
					</Trackpoint>
					<Trackpoint>
						<Time>2569-03-15T08:37:15Z</Time>
						<Position>
							<LatitudeDegrees>13.218780</LatitudeDegrees>
							<LongitudeDegrees>100.963696</LongitudeDegrees>
						</Position>
						<AltitudeMeters>25.550000</AltitudeMeters>
						<HeartRateBpm>
							<Value>103</Value>
						</HeartRateBpm>
						<Cadence>53</Cadence>
						<Extensions>
							<ns3:TPX>
								<ns3:Speed>1.226990</ns3:Speed>
							</ns3:TPX>
						</Extensions>
					</Trackpoint>
					<Trackpoint>
						<Time>2569-03-15T08:37:16Z</Time>
						<Position>
							<LatitudeDegrees>13.218769</LatitudeDegrees>
							<LongitudeDegrees>100.963690</LongitudeDegrees>
						</Position>
						<AltitudeMeters>25.550000</AltitudeMeters>
						<HeartRateBpm>
							<Value>102</Value>
						</HeartRateBpm>
						<Cadence>53</Cadence>
						<Extensions>
							<ns3:TPX>
								<ns3:Speed>1.225490</ns3:Speed>
							</ns3:TPX>
						</Extensions>
					</Trackpoint>
					<Trackpoint>
						<Time>2569-03-15T08:37:17Z</Time>
						<Position>
							<LatitudeDegrees>13.218759</LatitudeDegrees>
							<LongitudeDegrees>100.963685</LongitudeDegrees>
						</Position>
						<AltitudeMeters>25.550000</AltitudeMeters>
						<HeartRateBpm>
							<Value>101</Value>
						</HeartRateBpm>
						<Cadence>53</Cadence>
						<Extensions>
							<ns3:TPX>
								<ns3:Speed>1.225490</ns3:Speed>
							</ns3:TPX>
						</Extensions>
					</Trackpoint>
					<Trackpoint>
						<Time>2569-03-15T08:37:18Z</Time>
						<Position>
							<LatitudeDegrees>13.218748</LatitudeDegrees>
							<LongitudeDegrees>100.963679</LongitudeDegrees>
						</Position>
						<AltitudeMeters>25.550000</AltitudeMeters>
						<HeartRateBpm>
							<Value>101</Value>
						</HeartRateBpm>
						<Cadence>53</Cadence>
						<Extensions>
							<ns3:TPX>
								<ns3:Speed>1.225490</ns3:Speed>
							</ns3:TPX>
						</Extensions>
					</Trackpoint>
					<Trackpoint>
						<Time>2569-03-15T08:37:19Z</Time>
						<Position>
							<LatitudeDegrees>13.218738</LatitudeDegrees>
							<LongitudeDegrees>100.963673</LongitudeDegrees>
						</Position>
						<AltitudeMeters>25.550000</AltitudeMeters>
						<HeartRateBpm>
							<Value>102</Value>
						</HeartRateBpm>
						<Cadence>54</Cadence>
						<Extensions>
							<ns3:TPX>
								<ns3:Speed>1.225490</ns3:Speed>
							</ns3:TPX>
						</Extensions>
					</Trackpoint>
					<Trackpoint>
						<Time>2569-03-15T08:37:20Z</Time>
						<Position>
							<LatitudeDegrees>13.218727</LatitudeDegrees>
							<LongitudeDegrees>100.963668</LongitudeDegrees>
						</Position>
						<AltitudeMeters>25.540000</AltitudeMeters>
						<HeartRateBpm>
							<Value>102</Value>
						</HeartRateBpm>
						<Cadence>55</Cadence>
						<Extensions>
							<ns3:TPX>
								<ns3:Speed>1.225490</ns3:Speed>
							</ns3:TPX>
						</Extensions>
					</Trackpoint>
					<Trackpoint>
						<Time>2569-03-15T08:37:21Z</Time>
						<Position>
							<LatitudeDegrees>13.218716</LatitudeDegrees>
							<LongitudeDegrees>100.963664</LongitudeDegrees>
						</Position>
						<AltitudeMeters>25.530000</AltitudeMeters>
						<HeartRateBpm>
							<Value>102</Value>
						</HeartRateBpm>
						<Cadence>55</Cadence>
						<Extensions>
							<ns3:TPX>
								<ns3:Speed>1.226990</ns3:Speed>
							</ns3:TPX>
						</Extensions>
					</Trackpoint>
					<Trackpoint>
						<Time>2569-03-15T08:37:22Z</Time>
						<Position>
							<LatitudeDegrees>13.218705</LatitudeDegrees>
							<LongitudeDegrees>100.963661</LongitudeDegrees>
						</Position>
						<AltitudeMeters>25.530000</AltitudeMeters>
						<HeartRateBpm>
							<Value>102</Value>
						</HeartRateBpm>
						<Cadence>55</Cadence>
						<Extensions>
							<ns3:TPX>
								<ns3:Speed>1.228500</ns3:Speed>
							</ns3:TPX>
						</Extensions>
					</Trackpoint>
					<Trackpoint>
						<Time>2569-03-15T08:37:23Z</Time>
						<Position>
							<LatitudeDegrees>13.218695</LatitudeDegrees>
							<LongitudeDegrees>100.963658</LongitudeDegrees>
						</Position>
						<AltitudeMeters>25.510000</AltitudeMeters>
						<HeartRateBpm>
							<Value>102</Value>
						</HeartRateBpm>
						<Cadence>55</Cadence>
						<Extensions>
							<ns3:TPX>
								<ns3:Speed>1.230010</ns3:Speed>
							</ns3:TPX>
						</Extensions>
					</Trackpoint>
					<Trackpoint>
						<Time>2569-03-15T08:37:24Z</Time>
						<Position>
							<LatitudeDegrees>13.218685</LatitudeDegrees>
							<LongitudeDegrees>100.963655</LongitudeDegrees>
						</Position>
						<AltitudeMeters>25.500000</AltitudeMeters>
						<HeartRateBpm>
							<Value>103</Value>
						</HeartRateBpm>
						<Cadence>54</Cadence>
						<Extensions>
							<ns3:TPX>
								<ns3:Speed>1.231530</ns3:Speed>
							</ns3:TPX>
						</Extensions>
					</Trackpoint>
					<Trackpoint>
						<Time>2569-03-15T08:37:25Z</Time>
						<Position>
							<LatitudeDegrees>13.218675</LatitudeDegrees>
							<LongitudeDegrees>100.963652</LongitudeDegrees>
						</Position>
						<AltitudeMeters>25.490000</AltitudeMeters>
						<HeartRateBpm>
							<Value>103</Value>
						</HeartRateBpm>
						<Cadence>53</Cadence>
						<Extensions>
							<ns3:TPX>
								<ns3:Speed>1.233050</ns3:Speed>
							</ns3:TPX>
						</Extensions>
					</Trackpoint>
					<Trackpoint>
						<Time>2569-03-15T08:37:26Z</Time>
						<Position>
							<LatitudeDegrees>13.218664</LatitudeDegrees>
							<LongitudeDegrees>100.963650</LongitudeDegrees>
						</Position>
						<AltitudeMeters>25.480000</AltitudeMeters>
						<HeartRateBpm>
							<Value>103</Value>
						</HeartRateBpm>
						<Cadence>52</Cadence>
						<Extensions>
							<ns3:TPX>
								<ns3:Speed>1.233050</ns3:Speed>
							</ns3:TPX>
						</Extensions>
					</Trackpoint>
					<Trackpoint>
						<Time>2569-03-15T08:37:27Z</Time>
						<Position>
							<LatitudeDegrees>13.218654</LatitudeDegrees>
							<LongitudeDegrees>100.963648</LongitudeDegrees>
						</Position>
						<AltitudeMeters>25.470000</AltitudeMeters>
						<HeartRateBpm>
							<Value>103</Value>
						</HeartRateBpm>
						<Cadence>52</Cadence>
						<Extensions>
							<ns3:TPX>
								<ns3:Speed>1.233050</ns3:Speed>
							</ns3:TPX>
						</Extensions>
					</Trackpoint>
					<Trackpoint>
						<Time>2569-03-15T08:37:28Z</Time>
						<Position>
							<LatitudeDegrees>13.218644</LatitudeDegrees>
							<LongitudeDegrees>100.963648</LongitudeDegrees>
						</Position>
						<AltitudeMeters>25.460000</AltitudeMeters>
						<HeartRateBpm>
							<Value>104</Value>
						</HeartRateBpm>
						<Cadence>52</Cadence>
						<Extensions>
							<ns3:TPX>
								<ns3:Speed>1.231530</ns3:Speed>
							</ns3:TPX>
						</Extensions>
					</Trackpoint>
					<Trackpoint>
						<Time>2569-03-15T08:37:29Z</Time>
						<Position>
							<LatitudeDegrees>13.218635</LatitudeDegrees>
							<LongitudeDegrees>100.963646</LongitudeDegrees>
						</Position>
						<AltitudeMeters>25.450000</AltitudeMeters>
						<HeartRateBpm>
							<Value>105</Value>
						</HeartRateBpm>
						<Cadence>52</Cadence>
						<Extensions>
							<ns3:TPX>
								<ns3:Speed>1.230010</ns3:Speed>
							</ns3:TPX>
						</Extensions>
					</Trackpoint>
					<Trackpoint>
						<Time>2569-03-15T08:37:30Z</Time>
						<Position>
							<LatitudeDegrees>13.218625</LatitudeDegrees>
							<LongitudeDegrees>100.963646</LongitudeDegrees>
						</Position>
						<AltitudeMeters>25.440000</AltitudeMeters>
						<HeartRateBpm>
							<Value>105</Value>
						</HeartRateBpm>
						<Cadence>52</Cadence>
						<Extensions>
							<ns3:TPX>
								<ns3:Speed>1.228500</ns3:Speed>
							</ns3:TPX>
						</Extensions>
					</Trackpoint>
					<Trackpoint>
						<Time>2569-03-15T08:37:31Z</Time>
						<Position>
							<LatitudeDegrees>13.218616</LatitudeDegrees>
							<LongitudeDegrees>100.963644</LongitudeDegrees>
						</Position>
						<AltitudeMeters>25.440000</AltitudeMeters>
						<HeartRateBpm>
							<Value>104</Value>
						</HeartRateBpm>
						<Cadence>52</Cadence>
						<Extensions>
							<ns3:TPX>
								<ns3:Speed>1.226990</ns3:Speed>
							</ns3:TPX>
						</Extensions>
					</Trackpoint>
					<Trackpoint>
						<Time>2569-03-15T08:37:32Z</Time>
						<Position>
							<LatitudeDegrees>13.218608</LatitudeDegrees>
							<LongitudeDegrees>100.963644</LongitudeDegrees>
						</Position>
						<AltitudeMeters>25.430000</AltitudeMeters>
						<HeartRateBpm>
							<Value>104</Value>
						</HeartRateBpm>
						<Cadence>51</Cadence>
						<Extensions>
							<ns3:TPX>
								<ns3:Speed>1.223990</ns3:Speed>
							</ns3:TPX>
						</Extensions>
					</Trackpoint>
					<Trackpoint>
						<Time>2569-03-15T08:37:33Z</Time>
						<Position>
							<LatitudeDegrees>13.218599</LatitudeDegrees>
							<LongitudeDegrees>100.963643</LongitudeDegrees>
						</Position>
						<AltitudeMeters>25.430000</AltitudeMeters>
						<HeartRateBpm>
							<Value>103</Value>
						</HeartRateBpm>
						<Cadence>51</Cadence>
						<Extensions>
							<ns3:TPX>
								<ns3:Speed>1.219510</ns3:Speed>
							</ns3:TPX>
						</Extensions>
					</Trackpoint>
					<Trackpoint>
						<Time>2569-03-15T08:37:34Z</Time>
						<Position>
							<LatitudeDegrees>13.218590</LatitudeDegrees>
							<LongitudeDegrees>100.963641</LongitudeDegrees>
						</Position>
						<AltitudeMeters>25.430000</AltitudeMeters>
						<HeartRateBpm>
							<Value>102</Value>
						</HeartRateBpm>
						<Cadence>50</Cadence>
						<Extensions>
							<ns3:TPX>
								<ns3:Speed>1.215070</ns3:Speed>
							</ns3:TPX>
						</Extensions>
					</Trackpoint>
					<Trackpoint>
						<Time>2569-03-15T08:37:35Z</Time>
						<Position>
							<LatitudeDegrees>13.218581</LatitudeDegrees>
							<LongitudeDegrees>100.963639</LongitudeDegrees>
						</Position>
						<AltitudeMeters>25.430000</AltitudeMeters>
						<HeartRateBpm>
							<Value>102</Value>
						</HeartRateBpm>
						<Cadence>50</Cadence>
						<Extensions>
							<ns3:TPX>
								<ns3:Speed>1.210650</ns3:Speed>
							</ns3:TPX>
						</Extensions>
					</Trackpoint>
					<Trackpoint>
						<Time>2569-03-15T08:37:36Z</Time>
						<Position>
							<LatitudeDegrees>13.218572</LatitudeDegrees>
							<LongitudeDegrees>100.963637</LongitudeDegrees>
						</Position>
						<AltitudeMeters>25.420000</AltitudeMeters>
						<HeartRateBpm>
							<Value>102</Value>
						</HeartRateBpm>
						<Cadence>49</Cadence>
						<Extensions>
							<ns3:TPX>
								<ns3:Speed>1.206270</ns3:Speed>
							</ns3:TPX>
						</Extensions>
					</Trackpoint>
					<Trackpoint>
						<Time>2569-03-15T08:37:37Z</Time>
						<Position>
							<LatitudeDegrees>13.218563</LatitudeDegrees>
							<LongitudeDegrees>100.963634</LongitudeDegrees>
						</Position>
						<AltitudeMeters>25.430000</AltitudeMeters>
						<HeartRateBpm>
							<Value>103</Value>
						</HeartRateBpm>
						<Cadence>49</Cadence>
						<Extensions>
							<ns3:TPX>
								<ns3:Speed>1.200480</ns3:Speed>
							</ns3:TPX>
						</Extensions>
					</Trackpoint>
					<Trackpoint>
						<Time>2569-03-15T08:37:38Z</Time>
						<Position>
							<LatitudeDegrees>13.218554</LatitudeDegrees>
							<LongitudeDegrees>100.963630</LongitudeDegrees>
						</Position>
						<AltitudeMeters>25.430000</AltitudeMeters>
						<HeartRateBpm>
							<Value>103</Value>
						</HeartRateBpm>
						<Cadence>50</Cadence>
						<Extensions>
							<ns3:TPX>
								<ns3:Speed>1.194740</ns3:Speed>
							</ns3:TPX>
						</Extensions>
					</Trackpoint>
					<Trackpoint>
						<Time>2569-03-15T08:37:39Z</Time>
						<Position>
							<LatitudeDegrees>13.218544</LatitudeDegrees>
							<LongitudeDegrees>100.963626</LongitudeDegrees>
						</Position>
						<AltitudeMeters>25.420000</AltitudeMeters>
						<HeartRateBpm>
							<Value>104</Value>
						</HeartRateBpm>
						<Cadence>50</Cadence>
						<Extensions>
							<ns3:TPX>
								<ns3:Speed>1.190480</ns3:Speed>
							</ns3:TPX>
						</Extensions>
					</Trackpoint>
					<Trackpoint>
						<Time>2569-03-15T08:37:40Z</Time>
						<Position>
							<LatitudeDegrees>13.218535</LatitudeDegrees>
							<LongitudeDegrees>100.963621</LongitudeDegrees>
						</Position>
						<AltitudeMeters>25.420000</AltitudeMeters>
						<HeartRateBpm>
							<Value>104</Value>
						</HeartRateBpm>
						<Cadence>51</Cadence>
						<Extensions>
							<ns3:TPX>
								<ns3:Speed>1.184830</ns3:Speed>
							</ns3:TPX>
						</Extensions>
					</Trackpoint>
					<Trackpoint>
						<Time>2569-03-15T08:37:41Z</Time>
						<Position>
							<LatitudeDegrees>13.218525</LatitudeDegrees>
							<LongitudeDegrees>100.963617</LongitudeDegrees>
						</Position>
						<AltitudeMeters>25.420000</AltitudeMeters>
						<HeartRateBpm>
							<Value>104</Value>
						</HeartRateBpm>
						<Cadence>51</Cadence>
						<Extensions>
							<ns3:TPX>
								<ns3:Speed>1.180640</ns3:Speed>
							</ns3:TPX>
						</Extensions>
					</Trackpoint>
					<Trackpoint>
						<Time>2569-03-15T08:37:42Z</Time>
						<Position>
							<LatitudeDegrees>13.218516</LatitudeDegrees>
							<LongitudeDegrees>100.963613</LongitudeDegrees>
						</Position>
						<AltitudeMeters>25.420000</AltitudeMeters>
						<HeartRateBpm>
							<Value>103</Value>
						</HeartRateBpm>
						<Cadence>51</Cadence>
						<Extensions>
							<ns3:TPX>
								<ns3:Speed>1.177860</ns3:Speed>
							</ns3:TPX>
						</Extensions>
					</Trackpoint>
					<Trackpoint>
						<Time>2569-03-15T08:37:43Z</Time>
						<Position>
							<LatitudeDegrees>13.218508</LatitudeDegrees>
							<LongitudeDegrees>100.963610</LongitudeDegrees>
						</Position>
						<AltitudeMeters>25.420000</AltitudeMeters>
						<HeartRateBpm>
							<Value>103</Value>
						</HeartRateBpm>
						<Cadence>51</Cadence>
						<Extensions>
							<ns3:TPX>
								<ns3:Speed>1.175090</ns3:Speed>
							</ns3:TPX>
						</Extensions>
					</Trackpoint>
					<Trackpoint>
						<Time>2569-03-15T08:37:44Z</Time>
						<Position>
							<LatitudeDegrees>13.218499</LatitudeDegrees>
							<LongitudeDegrees>100.963606</LongitudeDegrees>
						</Position>
						<AltitudeMeters>25.420000</AltitudeMeters>
						<HeartRateBpm>
							<Value>103</Value>
						</HeartRateBpm>
						<Cadence>51</Cadence>
						<Extensions>
							<ns3:TPX>
								<ns3:Speed>1.172330</ns3:Speed>
							</ns3:TPX>
						</Extensions>
					</Trackpoint>
					<Trackpoint>
						<Time>2569-03-15T08:37:45Z</Time>
						<Position>
							<LatitudeDegrees>13.218489</LatitudeDegrees>
							<LongitudeDegrees>100.963601</LongitudeDegrees>
						</Position>
						<AltitudeMeters>25.420000</AltitudeMeters>
						<HeartRateBpm>
							<Value>103</Value>
						</HeartRateBpm>
						<Cadence>51</Cadence>
						<Extensions>
							<ns3:TPX>
								<ns3:Speed>1.169590</ns3:Speed>
							</ns3:TPX>
						</Extensions>
					</Trackpoint>
					<Trackpoint>
						<Time>2569-03-15T08:37:46Z</Time>
						<Position>
							<LatitudeDegrees>13.218478</LatitudeDegrees>
							<LongitudeDegrees>100.963598</LongitudeDegrees>
						</Position>
						<AltitudeMeters>25.410000</AltitudeMeters>
						<HeartRateBpm>
							<Value>103</Value>
						</HeartRateBpm>
						<Cadence>50</Cadence>
						<Extensions>
							<ns3:TPX>
								<ns3:Speed>1.166860</ns3:Speed>
							</ns3:TPX>
						</Extensions>
					</Trackpoint>
					<Trackpoint>
						<Time>2569-03-15T08:37:47Z</Time>
						<Position>
							<LatitudeDegrees>13.218467</LatitudeDegrees>
							<LongitudeDegrees>100.963594</LongitudeDegrees>
						</Position>
						<AltitudeMeters>25.400000</AltitudeMeters>
						<HeartRateBpm>
							<Value>103</Value>
						</HeartRateBpm>
						<Cadence>50</Cadence>
						<Extensions>
							<ns3:TPX>
								<ns3:Speed>1.164140</ns3:Speed>
							</ns3:TPX>
						</Extensions>
					</Trackpoint>
					<Trackpoint>
						<Time>2569-03-15T08:37:48Z</Time>
						<Position>
							<LatitudeDegrees>13.218455</LatitudeDegrees>
							<LongitudeDegrees>100.963592</LongitudeDegrees>
						</Position>
						<AltitudeMeters>25.390000</AltitudeMeters>
						<HeartRateBpm>
							<Value>103</Value>
						</HeartRateBpm>
						<Cadence>50</Cadence>
						<Extensions>
							<ns3:TPX>
								<ns3:Speed>1.162790</ns3:Speed>
							</ns3:TPX>
						</Extensions>
					</Trackpoint>
					<Trackpoint>
						<Time>2569-03-15T08:37:49Z</Time>
						<Position>
							<LatitudeDegrees>13.218444</LatitudeDegrees>
							<LongitudeDegrees>100.963588</LongitudeDegrees>
						</Position>
						<AltitudeMeters>25.390000</AltitudeMeters>
						<HeartRateBpm>
							<Value>103</Value>
						</HeartRateBpm>
						<Cadence>50</Cadence>
						<Extensions>
							<ns3:TPX>
								<ns3:Speed>1.161440</ns3:Speed>
							</ns3:TPX>
						</Extensions>
					</Trackpoint>
					<Trackpoint>
						<Time>2569-03-15T08:37:50Z</Time>
						<Position>
							<LatitudeDegrees>13.218434</LatitudeDegrees>
							<LongitudeDegrees>100.963585</LongitudeDegrees>
						</Position>
						<AltitudeMeters>25.380000</AltitudeMeters>
						<HeartRateBpm>
							<Value>103</Value>
						</HeartRateBpm>
						<Cadence>50</Cadence>
						<Extensions>
							<ns3:TPX>
								<ns3:Speed>1.161440</ns3:Speed>
							</ns3:TPX>
						</Extensions>
					</Trackpoint>
					<Trackpoint>
						<Time>2569-03-15T08:37:51Z</Time>
						<Position>
							<LatitudeDegrees>13.218425</LatitudeDegrees>
							<LongitudeDegrees>100.963581</LongitudeDegrees>
						</Position>
						<AltitudeMeters>25.380000</AltitudeMeters>
						<HeartRateBpm>
							<Value>103</Value>
						</HeartRateBpm>
						<Cadence>51</Cadence>
						<Extensions>
							<ns3:TPX>
								<ns3:Speed>1.161440</ns3:Speed>
							</ns3:TPX>
						</Extensions>
					</Trackpoint>
					<Trackpoint>
						<Time>2569-03-15T08:37:52Z</Time>
						<Position>
							<LatitudeDegrees>13.218415</LatitudeDegrees>
							<LongitudeDegrees>100.963577</LongitudeDegrees>
						</Position>
						<AltitudeMeters>25.370000</AltitudeMeters>
						<HeartRateBpm>
							<Value>104</Value>
						</HeartRateBpm>
						<Cadence>51</Cadence>
						<Extensions>
							<ns3:TPX>
								<ns3:Speed>1.161440</ns3:Speed>
							</ns3:TPX>
						</Extensions>
					</Trackpoint>
					<Trackpoint>
						<Time>2569-03-15T08:37:53Z</Time>
						<Position>
							<LatitudeDegrees>13.218406</LatitudeDegrees>
							<LongitudeDegrees>100.963574</LongitudeDegrees>
						</Position>
						<AltitudeMeters>25.360000</AltitudeMeters>
						<HeartRateBpm>
							<Value>104</Value>
						</HeartRateBpm>
						<Cadence>51</Cadence>
						<Extensions>
							<ns3:TPX>
								<ns3:Speed>1.160090</ns3:Speed>
							</ns3:TPX>
						</Extensions>
					</Trackpoint>
					<Trackpoint>
						<Time>2569-03-15T08:37:54Z</Time>
						<Position>
							<LatitudeDegrees>13.218397</LatitudeDegrees>
							<LongitudeDegrees>100.963570</LongitudeDegrees>
						</Position>
						<AltitudeMeters>25.360000</AltitudeMeters>
						<HeartRateBpm>
							<Value>104</Value>
						</HeartRateBpm>
						<Cadence>51</Cadence>
						<Extensions>
							<ns3:TPX>
								<ns3:Speed>1.158750</ns3:Speed>
							</ns3:TPX>
						</Extensions>
					</Trackpoint>
					<Trackpoint>
						<Time>2569-03-15T08:37:55Z</Time>
						<Position>
							<LatitudeDegrees>13.218388</LatitudeDegrees>
							<LongitudeDegrees>100.963565</LongitudeDegrees>
						</Position>
						<AltitudeMeters>25.350000</AltitudeMeters>
						<HeartRateBpm>
							<Value>104</Value>
						</HeartRateBpm>
						<Cadence>51</Cadence>
						<Extensions>
							<ns3:TPX>
								<ns3:Speed>1.157410</ns3:Speed>
							</ns3:TPX>
						</Extensions>
					</Trackpoint>
					<Trackpoint>
						<Time>2569-03-15T08:37:56Z</Time>
						<Position>
							<LatitudeDegrees>13.218379</LatitudeDegrees>
							<LongitudeDegrees>100.963561</LongitudeDegrees>
						</Position>
						<AltitudeMeters>25.340000</AltitudeMeters>
						<HeartRateBpm>
							<Value>104</Value>
						</HeartRateBpm>
						<Cadence>51</Cadence>
						<Extensions>
							<ns3:TPX>
								<ns3:Speed>1.154730</ns3:Speed>
							</ns3:TPX>
						</Extensions>
					</Trackpoint>
					<Trackpoint>
						<Time>2569-03-15T08:37:57Z</Time>
						<Position>
							<LatitudeDegrees>13.218371</LatitudeDegrees>
							<LongitudeDegrees>100.963557</LongitudeDegrees>
						</Position>
						<AltitudeMeters>25.340000</AltitudeMeters>
						<HeartRateBpm>
							<Value>104</Value>
						</HeartRateBpm>
						<Cadence>51</Cadence>
						<Extensions>
							<ns3:TPX>
								<ns3:Speed>1.152070</ns3:Speed>
							</ns3:TPX>
						</Extensions>
					</Trackpoint>
					<Trackpoint>
						<Time>2569-03-15T08:37:58Z</Time>
						<Position>
							<LatitudeDegrees>13.218360</LatitudeDegrees>
							<LongitudeDegrees>100.963555</LongitudeDegrees>
						</Position>
						<AltitudeMeters>25.340000</AltitudeMeters>
						<HeartRateBpm>
							<Value>104</Value>
						</HeartRateBpm>
						<Cadence>51</Cadence>
						<Extensions>
							<ns3:TPX>
								<ns3:Speed>1.150750</ns3:Speed>
							</ns3:TPX>
						</Extensions>
					</Trackpoint>
					<Trackpoint>
						<Time>2569-03-15T08:37:59Z</Time>
						<Position>
							<LatitudeDegrees>13.218349</LatitudeDegrees>
							<LongitudeDegrees>100.963552</LongitudeDegrees>
						</Position>
						<AltitudeMeters>25.340000</AltitudeMeters>
						<HeartRateBpm>
							<Value>105</Value>
						</HeartRateBpm>
						<Cadence>51</Cadence>
						<Extensions>
							<ns3:TPX>
								<ns3:Speed>1.148110</ns3:Speed>
							</ns3:TPX>
						</Extensions>
					</Trackpoint>
					<Trackpoint>
						<Time>2569-03-15T08:38:00Z</Time>
						<Position>
							<LatitudeDegrees>13.218339</LatitudeDegrees>
							<LongitudeDegrees>100.963549</LongitudeDegrees>
						</Position>
						<AltitudeMeters>25.330000</AltitudeMeters>
						<HeartRateBpm>
							<Value>105</Value>
						</HeartRateBpm>
						<Cadence>51</Cadence>
						<Extensions>
							<ns3:TPX>
								<ns3:Speed>1.145480</ns3:Speed>
							</ns3:TPX>
						</Extensions>
					</Trackpoint>
					<Trackpoint>
						<Time>2569-03-15T08:38:01Z</Time>
						<Position>
							<LatitudeDegrees>13.218329</LatitudeDegrees>
							<LongitudeDegrees>100.963546</LongitudeDegrees>
						</Position>
						<AltitudeMeters>25.330000</AltitudeMeters>
						<HeartRateBpm>
							<Value>106</Value>
						</HeartRateBpm>
						<Cadence>52</Cadence>
						<Extensions>
							<ns3:TPX>
								<ns3:Speed>1.142860</ns3:Speed>
							</ns3:TPX>
						</Extensions>
					</Trackpoint>
					<Trackpoint>
						<Time>2569-03-15T08:38:02Z</Time>
						<Position>
							<LatitudeDegrees>13.218320</LatitudeDegrees>
							<LongitudeDegrees>100.963544</LongitudeDegrees>
						</Position>
						<AltitudeMeters>25.330000</AltitudeMeters>
						<HeartRateBpm>
							<Value>107</Value>
						</HeartRateBpm>
						<Cadence>53</Cadence>
						<Extensions>
							<ns3:TPX>
								<ns3:Speed>1.140250</ns3:Speed>
							</ns3:TPX>
						</Extensions>
					</Trackpoint>
					<Trackpoint>
						<Time>2569-03-15T08:38:03Z</Time>
						<Position>
							<LatitudeDegrees>13.218310</LatitudeDegrees>
							<LongitudeDegrees>100.963543</LongitudeDegrees>
						</Position>
						<AltitudeMeters>25.330000</AltitudeMeters>
						<HeartRateBpm>
							<Value>106</Value>
						</HeartRateBpm>
					</Trackpoint>
					<Trackpoint>
						<Time>2569-03-15T08:38:04Z</Time>
						<Position>
							<LatitudeDegrees>13.218300</LatitudeDegrees>
							<LongitudeDegrees>100.963542</LongitudeDegrees>
						</Position>
						<AltitudeMeters>25.320000</AltitudeMeters>
						<HeartRateBpm>
							<Value>105</Value>
						</HeartRateBpm>
						<Cadence>52</Cadence>
						<Extensions>
							<ns3:TPX>
								<ns3:Speed>1.138950</ns3:Speed>
							</ns3:TPX>
						</Extensions>
					</Trackpoint>
					<Trackpoint>
						<Time>2569-03-15T08:38:05Z</Time>
						<Position>
							<LatitudeDegrees>13.218290</LatitudeDegrees>
							<LongitudeDegrees>100.963542</LongitudeDegrees>
						</Position>
						<AltitudeMeters>25.320000</AltitudeMeters>
						<HeartRateBpm>
							<Value>104</Value>
						</HeartRateBpm>
						<Cadence>52</Cadence>
						<Extensions>
							<ns3:TPX>
								<ns3:Speed>1.137660</ns3:Speed>
							</ns3:TPX>
						</Extensions>
					</Trackpoint>
					<Trackpoint>
						<Time>2569-03-15T08:38:06Z</Time>
						<Position>
							<LatitudeDegrees>13.218281</LatitudeDegrees>
							<LongitudeDegrees>100.963541</LongitudeDegrees>
						</Position>
						<AltitudeMeters>25.320000</AltitudeMeters>
						<HeartRateBpm>
							<Value>104</Value>
						</HeartRateBpm>
						<Cadence>52</Cadence>
						<Extensions>
							<ns3:TPX>
								<ns3:Speed>1.137660</ns3:Speed>
							</ns3:TPX>
						</Extensions>
					</Trackpoint>
					<Trackpoint>
						<Time>2569-03-15T08:38:07Z</Time>
						<Position>
							<LatitudeDegrees>13.218272</LatitudeDegrees>
							<LongitudeDegrees>100.963539</LongitudeDegrees>
						</Position>
						<AltitudeMeters>25.320000</AltitudeMeters>
						<HeartRateBpm>
							<Value>104</Value>
						</HeartRateBpm>
						<Cadence>51</Cadence>
						<Extensions>
							<ns3:TPX>
								<ns3:Speed>1.135070</ns3:Speed>
							</ns3:TPX>
						</Extensions>
					</Trackpoint>
					<Trackpoint>
						<Time>2569-03-15T08:38:08Z</Time>
						<Position>
							<LatitudeDegrees>13.218263</LatitudeDegrees>
							<LongitudeDegrees>100.963536</LongitudeDegrees>
						</Position>
						<AltitudeMeters>25.310000</AltitudeMeters>
						<HeartRateBpm>
							<Value>103</Value>
						</HeartRateBpm>
						<Cadence>51</Cadence>
						<Extensions>
							<ns3:TPX>
								<ns3:Speed>1.133790</ns3:Speed>
							</ns3:TPX>
						</Extensions>
					</Trackpoint>
					<Trackpoint>
						<Time>2569-03-15T08:38:09Z</Time>
						<Position>
							<LatitudeDegrees>13.218254</LatitudeDegrees>
							<LongitudeDegrees>100.963532</LongitudeDegrees>
						</Position>
						<AltitudeMeters>25.310000</AltitudeMeters>
						<HeartRateBpm>
							<Value>103</Value>
						</HeartRateBpm>
						<Cadence>51</Cadence>
						<Extensions>
							<ns3:TPX>
								<ns3:Speed>1.132500</ns3:Speed>
							</ns3:TPX>
						</Extensions>
					</Trackpoint>
					<Trackpoint>
						<Time>2569-03-15T08:38:10Z</Time>
						<Position>
							<LatitudeDegrees>13.218246</LatitudeDegrees>
							<LongitudeDegrees>100.963529</LongitudeDegrees>
						</Position>
						<AltitudeMeters>25.300000</AltitudeMeters>
						<HeartRateBpm>
							<Value>103</Value>
						</HeartRateBpm>
						<Cadence>50</Cadence>
						<Extensions>
							<ns3:TPX>
								<ns3:Speed>1.129940</ns3:Speed>
							</ns3:TPX>
						</Extensions>
					</Trackpoint>
					<Trackpoint>
						<Time>2569-03-15T08:38:11Z</Time>
						<Position>
							<LatitudeDegrees>13.218236</LatitudeDegrees>
							<LongitudeDegrees>100.963527</LongitudeDegrees>
						</Position>
						<AltitudeMeters>25.300000</AltitudeMeters>
						<HeartRateBpm>
							<Value>103</Value>
						</HeartRateBpm>
						<Cadence>50</Cadence>
						<Extensions>
							<ns3:TPX>
								<ns3:Speed>1.128670</ns3:Speed>
							</ns3:TPX>
						</Extensions>
					</Trackpoint>
					<Trackpoint>
						<Time>2569-03-15T08:38:12Z</Time>
						<Position>
							<LatitudeDegrees>13.218228</LatitudeDegrees>
							<LongitudeDegrees>100.963524</LongitudeDegrees>
						</Position>
						<AltitudeMeters>25.290000</AltitudeMeters>
						<HeartRateBpm>
							<Value>103</Value>
						</HeartRateBpm>
						<Cadence>50</Cadence>
						<Extensions>
							<ns3:TPX>
								<ns3:Speed>1.126130</ns3:Speed>
							</ns3:TPX>
						</Extensions>
					</Trackpoint>
					<Trackpoint>
						<Time>2569-03-15T08:38:13Z</Time>
						<Position>
							<LatitudeDegrees>13.218218</LatitudeDegrees>
							<LongitudeDegrees>100.963522</LongitudeDegrees>
						</Position>
						<AltitudeMeters>25.280000</AltitudeMeters>
						<HeartRateBpm>
							<Value>104</Value>
						</HeartRateBpm>
						<Cadence>50</Cadence>
						<Extensions>
							<ns3:TPX>
								<ns3:Speed>1.123600</ns3:Speed>
							</ns3:TPX>
						</Extensions>
					</Trackpoint>
					<Trackpoint>
						<Time>2569-03-15T08:38:14Z</Time>
						<Position>
							<LatitudeDegrees>13.218208</LatitudeDegrees>
							<LongitudeDegrees>100.963520</LongitudeDegrees>
						</Position>
						<AltitudeMeters>25.270000</AltitudeMeters>
						<HeartRateBpm>
							<Value>103</Value>
						</HeartRateBpm>
						<Cadence>50</Cadence>
						<Extensions>
							<ns3:TPX>
								<ns3:Speed>1.121080</ns3:Speed>
							</ns3:TPX>
						</Extensions>
					</Trackpoint>
					<Trackpoint>
						<Time>2569-03-15T08:38:15Z</Time>
						<Position>
							<LatitudeDegrees>13.218198</LatitudeDegrees>
							<LongitudeDegrees>100.963516</LongitudeDegrees>
						</Position>
						<AltitudeMeters>25.260000</AltitudeMeters>
						<HeartRateBpm>
							<Value>103</Value>
						</HeartRateBpm>
						<Cadence>50</Cadence>
						<Extensions>
							<ns3:TPX>
								<ns3:Speed>1.119820</ns3:Speed>
							</ns3:TPX>
						</Extensions>
					</Trackpoint>
					<Trackpoint>
						<Time>2569-03-15T08:38:16Z</Time>
						<Position>
							<LatitudeDegrees>13.218188</LatitudeDegrees>
							<LongitudeDegrees>100.963514</LongitudeDegrees>
						</Position>
						<AltitudeMeters>25.250000</AltitudeMeters>
						<HeartRateBpm>
							<Value>104</Value>
						</HeartRateBpm>
						<Cadence>50</Cadence>
						<Extensions>
							<ns3:TPX>
								<ns3:Speed>1.117320</ns3:Speed>
							</ns3:TPX>
						</Extensions>
					</Trackpoint>
					<Trackpoint>
						<Time>2569-03-15T08:38:17Z</Time>
						<Position>
							<LatitudeDegrees>13.218178</LatitudeDegrees>
							<LongitudeDegrees>100.963512</LongitudeDegrees>
						</Position>
						<AltitudeMeters>25.240000</AltitudeMeters>
						<HeartRateBpm>
							<Value>103</Value>
						</HeartRateBpm>
						<Cadence>50</Cadence>
						<Extensions>
							<ns3:TPX>
								<ns3:Speed>1.116070</ns3:Speed>
							</ns3:TPX>
						</Extensions>
					</Trackpoint>
					<Trackpoint>
						<Time>2569-03-15T08:38:18Z</Time>
						<Position>
							<LatitudeDegrees>13.218168</LatitudeDegrees>
							<LongitudeDegrees>100.963511</LongitudeDegrees>
						</Position>
						<AltitudeMeters>25.230000</AltitudeMeters>
						<HeartRateBpm>
							<Value>102</Value>
						</HeartRateBpm>
						<Cadence>50</Cadence>
						<Extensions>
							<ns3:TPX>
								<ns3:Speed>1.114830</ns3:Speed>
							</ns3:TPX>
						</Extensions>
					</Trackpoint>
					<Trackpoint>
						<Time>2569-03-15T08:38:19Z</Time>
						<Position>
							<LatitudeDegrees>13.218158</LatitudeDegrees>
							<LongitudeDegrees>100.963510</LongitudeDegrees>
						</Position>
						<AltitudeMeters>25.220000</AltitudeMeters>
						<HeartRateBpm>
							<Value>101</Value>
						</HeartRateBpm>
						<Cadence>50</Cadence>
						<Extensions>
							<ns3:TPX>
								<ns3:Speed>1.114830</ns3:Speed>
							</ns3:TPX>
						</Extensions>
					</Trackpoint>
					<Trackpoint>
						<Time>2569-03-15T08:38:20Z</Time>
						<Position>
							<LatitudeDegrees>13.218148</LatitudeDegrees>
							<LongitudeDegrees>100.963509</LongitudeDegrees>
						</Position>
						<AltitudeMeters>25.200000</AltitudeMeters>
						<HeartRateBpm>
							<Value>101</Value>
						</HeartRateBpm>
						<Cadence>50</Cadence>
						<Extensions>
							<ns3:TPX>
								<ns3:Speed>1.113590</ns3:Speed>
							</ns3:TPX>
						</Extensions>
					</Trackpoint>
					<Trackpoint>
						<Time>2569-03-15T08:38:21Z</Time>
						<Position>
							<LatitudeDegrees>13.218138</LatitudeDegrees>
							<LongitudeDegrees>100.963506</LongitudeDegrees>
						</Position>
						<AltitudeMeters>25.180000</AltitudeMeters>
						<HeartRateBpm>
							<Value>101</Value>
						</HeartRateBpm>
						<Cadence>51</Cadence>
						<Extensions>
							<ns3:TPX>
								<ns3:Speed>1.112350</ns3:Speed>
							</ns3:TPX>
						</Extensions>
					</Trackpoint>
					<Trackpoint>
						<Time>2569-03-15T08:38:22Z</Time>
						<Position>
							<LatitudeDegrees>13.218128</LatitudeDegrees>
							<LongitudeDegrees>100.963504</LongitudeDegrees>
						</Position>
						<AltitudeMeters>25.180000</AltitudeMeters>
						<HeartRateBpm>
							<Value>102</Value>
						</HeartRateBpm>
						<Cadence>51</Cadence>
						<Extensions>
							<ns3:TPX>
								<ns3:Speed>1.111110</ns3:Speed>
							</ns3:TPX>
						</Extensions>
					</Trackpoint>
					<Trackpoint>
						<Time>2569-03-15T08:38:23Z</Time>
						<Position>
							<LatitudeDegrees>13.218118</LatitudeDegrees>
							<LongitudeDegrees>100.963500</LongitudeDegrees>
						</Position>
						<AltitudeMeters>25.160000</AltitudeMeters>
						<HeartRateBpm>
							<Value>102</Value>
						</HeartRateBpm>
						<Cadence>51</Cadence>
						<Extensions>
							<ns3:TPX>
								<ns3:Speed>1.111110</ns3:Speed>
							</ns3:TPX>
						</Extensions>
					</Trackpoint>
					<Trackpoint>
						<Time>2569-03-15T08:38:24Z</Time>
						<Position>
							<LatitudeDegrees>13.218108</LatitudeDegrees>
							<LongitudeDegrees>100.963497</LongitudeDegrees>
						</Position>
						<AltitudeMeters>25.150000</AltitudeMeters>
						<HeartRateBpm>
							<Value>103</Value>
						</HeartRateBpm>
						<Cadence>51</Cadence>
						<Extensions>
							<ns3:TPX>
								<ns3:Speed>1.109880</ns3:Speed>
							</ns3:TPX>
						</Extensions>
					</Trackpoint>
					<Trackpoint>
						<Time>2569-03-15T08:38:25Z</Time>
						<Position>
							<LatitudeDegrees>13.218099</LatitudeDegrees>
							<LongitudeDegrees>100.963493</LongitudeDegrees>
						</Position>
						<AltitudeMeters>25.130000</AltitudeMeters>
						<HeartRateBpm>
							<Value>103</Value>
						</HeartRateBpm>
						<Cadence>51</Cadence>
						<Extensions>
							<ns3:TPX>
								<ns3:Speed>1.108650</ns3:Speed>
							</ns3:TPX>
						</Extensions>
					</Trackpoint>
					<Trackpoint>
						<Time>2569-03-15T08:38:26Z</Time>
						<Position>
							<LatitudeDegrees>13.218091</LatitudeDegrees>
							<LongitudeDegrees>100.963488</LongitudeDegrees>
						</Position>
						<AltitudeMeters>25.110000</AltitudeMeters>
						<HeartRateBpm>
							<Value>102</Value>
						</HeartRateBpm>
						<Cadence>51</Cadence>
						<Extensions>
							<ns3:TPX>
								<ns3:Speed>1.107420</ns3:Speed>
							</ns3:TPX>
						</Extensions>
					</Trackpoint>
					<Trackpoint>
						<Time>2569-03-15T08:38:27Z</Time>
						<Position>
							<LatitudeDegrees>13.218082</LatitudeDegrees>
							<LongitudeDegrees>100.963483</LongitudeDegrees>
						</Position>
						<AltitudeMeters>25.100000</AltitudeMeters>
						<HeartRateBpm>
							<Value>101</Value>
						</HeartRateBpm>
						<Cadence>51</Cadence>
						<Extensions>
							<ns3:TPX>
								<ns3:Speed>1.107420</ns3:Speed>
							</ns3:TPX>
						</Extensions>
					</Trackpoint>
					<Trackpoint>
						<Time>2569-03-15T08:38:28Z</Time>
						<Position>
							<LatitudeDegrees>13.218073</LatitudeDegrees>
							<LongitudeDegrees>100.963479</LongitudeDegrees>
						</Position>
						<AltitudeMeters>25.080000</AltitudeMeters>
						<HeartRateBpm>
							<Value>101</Value>
						</HeartRateBpm>
						<Cadence>51</Cadence>
						<Extensions>
							<ns3:TPX>
								<ns3:Speed>1.106190</ns3:Speed>
							</ns3:TPX>
						</Extensions>
					</Trackpoint>
					<Trackpoint>
						<Time>2569-03-15T08:38:29Z</Time>
						<Position>
							<LatitudeDegrees>13.218064</LatitudeDegrees>
							<LongitudeDegrees>100.963474</LongitudeDegrees>
						</Position>
						<AltitudeMeters>25.060000</AltitudeMeters>
						<HeartRateBpm>
							<Value>101</Value>
						</HeartRateBpm>
						<Cadence>52</Cadence>
						<Extensions>
							<ns3:TPX>
								<ns3:Speed>1.104970</ns3:Speed>
							</ns3:TPX>
						</Extensions>
					</Trackpoint>
					<Trackpoint>
						<Time>2569-03-15T08:38:30Z</Time>
						<Position>
							<LatitudeDegrees>13.218054</LatitudeDegrees>
							<LongitudeDegrees>100.963470</LongitudeDegrees>
						</Position>
						<AltitudeMeters>25.030000</AltitudeMeters>
						<HeartRateBpm>
							<Value>101</Value>
						</HeartRateBpm>
						<Cadence>52</Cadence>
						<Extensions>
							<ns3:TPX>
								<ns3:Speed>1.104970</ns3:Speed>
							</ns3:TPX>
						</Extensions>
					</Trackpoint>
					<Trackpoint>
						<Time>2569-03-15T08:38:31Z</Time>
						<Position>
							<LatitudeDegrees>13.218044</LatitudeDegrees>
							<LongitudeDegrees>100.963467</LongitudeDegrees>
						</Position>
						<AltitudeMeters>25.010000</AltitudeMeters>
						<HeartRateBpm>
							<Value>101</Value>
						</HeartRateBpm>
						<Cadence>52</Cadence>
						<Extensions>
							<ns3:TPX>
								<ns3:Speed>1.104970</ns3:Speed>
							</ns3:TPX>
						</Extensions>
					</Trackpoint>
					<Trackpoint>
						<Time>2569-03-15T08:38:32Z</Time>
						<Position>
							<LatitudeDegrees>13.218032</LatitudeDegrees>
							<LongitudeDegrees>100.963464</LongitudeDegrees>
						</Position>
						<AltitudeMeters>24.990000</AltitudeMeters>
						<HeartRateBpm>
							<Value>101</Value>
						</HeartRateBpm>
						<Cadence>53</Cadence>
						<Extensions>
							<ns3:TPX>
								<ns3:Speed>1.104970</ns3:Speed>
							</ns3:TPX>
						</Extensions>
					</Trackpoint>
					<Trackpoint>
						<Time>2569-03-15T08:38:33Z</Time>
						<Position>
							<LatitudeDegrees>13.218021</LatitudeDegrees>
							<LongitudeDegrees>100.963462</LongitudeDegrees>
						</Position>
						<AltitudeMeters>24.970000</AltitudeMeters>
						<HeartRateBpm>
							<Value>101</Value>
						</HeartRateBpm>
						<Cadence>53</Cadence>
						<Extensions>
							<ns3:TPX>
								<ns3:Speed>1.106190</ns3:Speed>
							</ns3:TPX>
						</Extensions>
					</Trackpoint>
					<Trackpoint>
						<Time>2569-03-15T08:38:34Z</Time>
						<Position>
							<LatitudeDegrees>13.218008</LatitudeDegrees>
							<LongitudeDegrees>100.963460</LongitudeDegrees>
						</Position>
						<AltitudeMeters>24.950000</AltitudeMeters>
						<HeartRateBpm>
							<Value>102</Value>
						</HeartRateBpm>
						<Cadence>53</Cadence>
						<Extensions>
							<ns3:TPX>
								<ns3:Speed>1.107420</ns3:Speed>
							</ns3:TPX>
						</Extensions>
					</Trackpoint>
					<Trackpoint>
						<Time>2569-03-15T08:38:35Z</Time>
						<Position>
							<LatitudeDegrees>13.217996</LatitudeDegrees>
							<LongitudeDegrees>100.963458</LongitudeDegrees>
						</Position>
						<AltitudeMeters>24.920000</AltitudeMeters>
						<HeartRateBpm>
							<Value>102</Value>
						</HeartRateBpm>
						<Cadence>53</Cadence>
						<Extensions>
							<ns3:TPX>
								<ns3:Speed>1.109880</ns3:Speed>
							</ns3:TPX>
						</Extensions>
					</Trackpoint>
					<Trackpoint>
						<Time>2569-03-15T08:38:36Z</Time>
						<Position>
							<LatitudeDegrees>13.217983</LatitudeDegrees>
							<LongitudeDegrees>100.963457</LongitudeDegrees>
						</Position>
						<AltitudeMeters>24.910000</AltitudeMeters>
						<HeartRateBpm>
							<Value>103</Value>
						</HeartRateBpm>
						<Cadence>53</Cadence>
						<Extensions>
							<ns3:TPX>
								<ns3:Speed>1.113590</ns3:Speed>
							</ns3:TPX>
						</Extensions>
					</Trackpoint>
					<Trackpoint>
						<Time>2569-03-15T08:38:37Z</Time>
						<Position>
							<LatitudeDegrees>13.217971</LatitudeDegrees>
							<LongitudeDegrees>100.963455</LongitudeDegrees>
						</Position>
						<AltitudeMeters>24.890000</AltitudeMeters>
						<HeartRateBpm>
							<Value>103</Value>
						</HeartRateBpm>
						<Cadence>52</Cadence>
						<Extensions>
							<ns3:TPX>
								<ns3:Speed>1.117320</ns3:Speed>
							</ns3:TPX>
						</Extensions>
					</Trackpoint>
					<Trackpoint>
						<Time>2569-03-15T08:38:38Z</Time>
						<Position>
							<LatitudeDegrees>13.217958</LatitudeDegrees>
							<LongitudeDegrees>100.963454</LongitudeDegrees>
						</Position>
						<AltitudeMeters>24.890000</AltitudeMeters>
						<HeartRateBpm>
							<Value>103</Value>
						</HeartRateBpm>
						<Cadence>51</Cadence>
						<Extensions>
							<ns3:TPX>
								<ns3:Speed>1.122330</ns3:Speed>
							</ns3:TPX>
						</Extensions>
					</Trackpoint>
					<Trackpoint>
						<Time>2569-03-15T08:38:39Z</Time>
						<Position>
							<LatitudeDegrees>13.217947</LatitudeDegrees>
							<LongitudeDegrees>100.963451</LongitudeDegrees>
						</Position>
						<AltitudeMeters>24.870000</AltitudeMeters>
						<HeartRateBpm>
							<Value>103</Value>
						</HeartRateBpm>
						<Cadence>51</Cadence>
						<Extensions>
							<ns3:TPX>
								<ns3:Speed>1.127400</ns3:Speed>
							</ns3:TPX>
						</Extensions>
					</Trackpoint>
					<Trackpoint>
						<Time>2569-03-15T08:38:40Z</Time>
						<Position>
							<LatitudeDegrees>13.217936</LatitudeDegrees>
							<LongitudeDegrees>100.963450</LongitudeDegrees>
						</Position>
						<AltitudeMeters>24.870000</AltitudeMeters>
						<HeartRateBpm>
							<Value>104</Value>
						</HeartRateBpm>
						<Cadence>51</Cadence>
						<Extensions>
							<ns3:TPX>
								<ns3:Speed>1.132500</ns3:Speed>
							</ns3:TPX>
						</Extensions>
					</Trackpoint>
					<Trackpoint>
						<Time>2569-03-15T08:38:41Z</Time>
						<Position>
							<LatitudeDegrees>13.217925</LatitudeDegrees>
							<LongitudeDegrees>100.963449</LongitudeDegrees>
						</Position>
						<AltitudeMeters>24.870000</AltitudeMeters>
						<HeartRateBpm>
							<Value>103</Value>
						</HeartRateBpm>
						<Cadence>51</Cadence>
						<Extensions>
							<ns3:TPX>
								<ns3:Speed>1.137660</ns3:Speed>
							</ns3:TPX>
						</Extensions>
					</Trackpoint>
					<Trackpoint>
						<Time>2569-03-15T08:38:42Z</Time>
						<Position>
							<LatitudeDegrees>13.217914</LatitudeDegrees>
							<LongitudeDegrees>100.963447</LongitudeDegrees>
						</Position>
						<AltitudeMeters>24.870000</AltitudeMeters>
						<HeartRateBpm>
							<Value>103</Value>
						</HeartRateBpm>
						<Cadence>51</Cadence>
						<Extensions>
							<ns3:TPX>
								<ns3:Speed>1.141550</ns3:Speed>
							</ns3:TPX>
						</Extensions>
					</Trackpoint>
					<Trackpoint>
						<Time>2569-03-15T08:38:43Z</Time>
						<Position>
							<LatitudeDegrees>13.217904</LatitudeDegrees>
							<LongitudeDegrees>100.963445</LongitudeDegrees>
						</Position>
						<AltitudeMeters>24.880000</AltitudeMeters>
						<HeartRateBpm>
							<Value>103</Value>
						</HeartRateBpm>
						<Cadence>51</Cadence>
						<Extensions>
							<ns3:TPX>
								<ns3:Speed>1.145480</ns3:Speed>
							</ns3:TPX>
						</Extensions>
					</Trackpoint>
					<Trackpoint>
						<Time>2569-03-15T08:38:44Z</Time>
						<Position>
							<LatitudeDegrees>13.217894</LatitudeDegrees>
							<LongitudeDegrees>100.963443</LongitudeDegrees>
						</Position>
						<AltitudeMeters>24.880000</AltitudeMeters>
						<HeartRateBpm>
							<Value>103</Value>
						</HeartRateBpm>
						<Cadence>51</Cadence>
						<Extensions>
							<ns3:TPX>
								<ns3:Speed>1.148110</ns3:Speed>
							</ns3:TPX>
						</Extensions>
					</Trackpoint>
					<Trackpoint>
						<Time>2569-03-15T08:38:45Z</Time>
						<Position>
							<LatitudeDegrees>13.217885</LatitudeDegrees>
							<LongitudeDegrees>100.963440</LongitudeDegrees>
						</Position>
						<AltitudeMeters>24.890000</AltitudeMeters>
						<HeartRateBpm>
							<Value>103</Value>
						</HeartRateBpm>
						<Cadence>51</Cadence>
						<Extensions>
							<ns3:TPX>
								<ns3:Speed>1.149430</ns3:Speed>
							</ns3:TPX>
						</Extensions>
					</Trackpoint>
					<Trackpoint>
						<Time>2569-03-15T08:38:46Z</Time>
						<Position>
							<LatitudeDegrees>13.217875</LatitudeDegrees>
							<LongitudeDegrees>100.963437</LongitudeDegrees>
						</Position>
						<AltitudeMeters>24.900000</AltitudeMeters>
						<HeartRateBpm>
							<Value>103</Value>
						</HeartRateBpm>
						<Cadence>51</Cadence>
						<Extensions>
							<ns3:TPX>
								<ns3:Speed>1.150750</ns3:Speed>
							</ns3:TPX>
						</Extensions>
					</Trackpoint>
					<Trackpoint>
						<Time>2569-03-15T08:38:47Z</Time>
						<Position>
							<LatitudeDegrees>13.217865</LatitudeDegrees>
							<LongitudeDegrees>100.963435</LongitudeDegrees>
						</Position>
						<AltitudeMeters>24.910000</AltitudeMeters>
						<HeartRateBpm>
							<Value>103</Value>
						</HeartRateBpm>
						<Cadence>51</Cadence>
						<Extensions>
							<ns3:TPX>
								<ns3:Speed>1.152070</ns3:Speed>
							</ns3:TPX>
						</Extensions>
					</Trackpoint>
					<Trackpoint>
						<Time>2569-03-15T08:38:48Z</Time>
						<Position>
							<LatitudeDegrees>13.217855</LatitudeDegrees>
							<LongitudeDegrees>100.963434</LongitudeDegrees>
						</Position>
						<AltitudeMeters>24.920000</AltitudeMeters>
						<HeartRateBpm>
							<Value>103</Value>
						</HeartRateBpm>
						<Cadence>51</Cadence>
						<Extensions>
							<ns3:TPX>
								<ns3:Speed>1.152070</ns3:Speed>
							</ns3:TPX>
						</Extensions>
					</Trackpoint>
					<Trackpoint>
						<Time>2569-03-15T08:38:49Z</Time>
						<Position>
							<LatitudeDegrees>13.217845</LatitudeDegrees>
							<LongitudeDegrees>100.963431</LongitudeDegrees>
						</Position>
						<AltitudeMeters>24.920000</AltitudeMeters>
						<HeartRateBpm>
							<Value>104</Value>
						</HeartRateBpm>
						<Cadence>51</Cadence>
						<Extensions>
							<ns3:TPX>
								<ns3:Speed>1.152070</ns3:Speed>
							</ns3:TPX>
						</Extensions>
					</Trackpoint>
					<Trackpoint>
						<Time>2569-03-15T08:38:50Z</Time>
						<Position>
							<LatitudeDegrees>13.217835</LatitudeDegrees>
							<LongitudeDegrees>100.963428</LongitudeDegrees>
						</Position>
						<AltitudeMeters>24.920000</AltitudeMeters>
						<HeartRateBpm>
							<Value>104</Value>
						</HeartRateBpm>
						<Cadence>51</Cadence>
						<Extensions>
							<ns3:TPX>
								<ns3:Speed>1.152070</ns3:Speed>
							</ns3:TPX>
						</Extensions>
					</Trackpoint>
					<Trackpoint>
						<Time>2569-03-15T08:38:51Z</Time>
						<Position>
							<LatitudeDegrees>13.217825</LatitudeDegrees>
							<LongitudeDegrees>100.963425</LongitudeDegrees>
						</Position>
						<AltitudeMeters>24.920000</AltitudeMeters>
						<HeartRateBpm>
							<Value>105</Value>
						</HeartRateBpm>
						<Cadence>51</Cadence>
						<Extensions>
							<ns3:TPX>
								<ns3:Speed>1.152070</ns3:Speed>
							</ns3:TPX>
						</Extensions>
					</Trackpoint>
					<Trackpoint>
						<Time>2569-03-15T08:38:52Z</Time>
						<Position>
							<LatitudeDegrees>13.217815</LatitudeDegrees>
							<LongitudeDegrees>100.963422</LongitudeDegrees>
						</Position>
						<AltitudeMeters>24.920000</AltitudeMeters>
						<HeartRateBpm>
							<Value>105</Value>
						</HeartRateBpm>
						<Cadence>51</Cadence>
						<Extensions>
							<ns3:TPX>
								<ns3:Speed>1.152070</ns3:Speed>
							</ns3:TPX>
						</Extensions>
					</Trackpoint>
					<Trackpoint>
						<Time>2569-03-15T08:38:53Z</Time>
						<Position>
							<LatitudeDegrees>13.217806</LatitudeDegrees>
							<LongitudeDegrees>100.963418</LongitudeDegrees>
						</Position>
						<AltitudeMeters>24.910000</AltitudeMeters>
						<HeartRateBpm>
							<Value>104</Value>
						</HeartRateBpm>
						<Cadence>52</Cadence>
						<Extensions>
							<ns3:TPX>
								<ns3:Speed>1.152070</ns3:Speed>
							</ns3:TPX>
						</Extensions>
					</Trackpoint>
					<Trackpoint>
						<Time>2569-03-15T08:38:54Z</Time>
						<Position>
							<LatitudeDegrees>13.217797</LatitudeDegrees>
							<LongitudeDegrees>100.963413</LongitudeDegrees>
						</Position>
						<AltitudeMeters>24.920000</AltitudeMeters>
						<HeartRateBpm>
							<Value>104</Value>
						</HeartRateBpm>
						<Cadence>51</Cadence>
						<Extensions>
							<ns3:TPX>
								<ns3:Speed>1.152070</ns3:Speed>
							</ns3:TPX>
						</Extensions>
					</Trackpoint>
					<Trackpoint>
						<Time>2569-03-15T08:38:55Z</Time>
						<Position>
							<LatitudeDegrees>13.217787</LatitudeDegrees>
							<LongitudeDegrees>100.963407</LongitudeDegrees>
						</Position>
						<AltitudeMeters>24.920000</AltitudeMeters>
						<HeartRateBpm>
							<Value>104</Value>
						</HeartRateBpm>
						<Cadence>51</Cadence>
						<Extensions>
							<ns3:TPX>
								<ns3:Speed>1.153400</ns3:Speed>
							</ns3:TPX>
						</Extensions>
					</Trackpoint>
					<Trackpoint>
						<Time>2569-03-15T08:38:56Z</Time>
						<Position>
							<LatitudeDegrees>13.217778</LatitudeDegrees>
							<LongitudeDegrees>100.963402</LongitudeDegrees>
						</Position>
						<AltitudeMeters>24.920000</AltitudeMeters>
						<HeartRateBpm>
							<Value>103</Value>
						</HeartRateBpm>
						<Cadence>51</Cadence>
						<Extensions>
							<ns3:TPX>
								<ns3:Speed>1.153400</ns3:Speed>
							</ns3:TPX>
						</Extensions>
					</Trackpoint>
					<Trackpoint>
						<Time>2569-03-15T08:38:57Z</Time>
						<Position>
							<LatitudeDegrees>13.217770</LatitudeDegrees>
							<LongitudeDegrees>100.963396</LongitudeDegrees>
						</Position>
						<AltitudeMeters>24.920000</AltitudeMeters>
						<HeartRateBpm>
							<Value>103</Value>
						</HeartRateBpm>
						<Cadence>51</Cadence>
						<Extensions>
							<ns3:TPX>
								<ns3:Speed>1.153400</ns3:Speed>
							</ns3:TPX>
						</Extensions>
					</Trackpoint>
					<Trackpoint>
						<Time>2569-03-15T08:38:58Z</Time>
						<Position>
							<LatitudeDegrees>13.217761</LatitudeDegrees>
							<LongitudeDegrees>100.963390</LongitudeDegrees>
						</Position>
						<AltitudeMeters>24.920000</AltitudeMeters>
						<HeartRateBpm>
							<Value>103</Value>
						</HeartRateBpm>
						<Cadence>51</Cadence>
						<Extensions>
							<ns3:TPX>
								<ns3:Speed>1.153400</ns3:Speed>
							</ns3:TPX>
						</Extensions>
					</Trackpoint>
					<Trackpoint>
						<Time>2569-03-15T08:38:59Z</Time>
						<Position>
							<LatitudeDegrees>13.217753</LatitudeDegrees>
							<LongitudeDegrees>100.963384</LongitudeDegrees>
						</Position>
						<AltitudeMeters>24.910000</AltitudeMeters>
						<HeartRateBpm>
							<Value>103</Value>
						</HeartRateBpm>
						<Cadence>51</Cadence>
						<Extensions>
							<ns3:TPX>
								<ns3:Speed>1.154730</ns3:Speed>
							</ns3:TPX>
						</Extensions>
					</Trackpoint>
					<Trackpoint>
						<Time>2569-03-15T08:39:00Z</Time>
						<Position>
							<LatitudeDegrees>13.217744</LatitudeDegrees>
							<LongitudeDegrees>100.963378</LongitudeDegrees>
						</Position>
						<AltitudeMeters>24.910000</AltitudeMeters>
						<HeartRateBpm>
							<Value>103</Value>
						</HeartRateBpm>
						<Cadence>51</Cadence>
						<Extensions>
							<ns3:TPX>
								<ns3:Speed>1.154730</ns3:Speed>
							</ns3:TPX>
						</Extensions>
					</Trackpoint>
					<Trackpoint>
						<Time>2569-03-15T08:39:01Z</Time>
						<Position>
							<LatitudeDegrees>13.217735</LatitudeDegrees>
							<LongitudeDegrees>100.963372</LongitudeDegrees>
						</Position>
						<AltitudeMeters>24.900000</AltitudeMeters>
						<HeartRateBpm>
							<Value>103</Value>
						</HeartRateBpm>
						<Cadence>51</Cadence>
						<Extensions>
							<ns3:TPX>
								<ns3:Speed>1.154730</ns3:Speed>
							</ns3:TPX>
						</Extensions>
					</Trackpoint>
					<Trackpoint>
						<Time>2569-03-15T08:39:02Z</Time>
						<Position>
							<LatitudeDegrees>13.217726</LatitudeDegrees>
							<LongitudeDegrees>100.963367</LongitudeDegrees>
						</Position>
						<AltitudeMeters>24.890000</AltitudeMeters>
						<HeartRateBpm>
							<Value>103</Value>
						</HeartRateBpm>
						<Cadence>52</Cadence>
						<Extensions>
							<ns3:TPX>
								<ns3:Speed>1.156070</ns3:Speed>
							</ns3:TPX>
						</Extensions>
					</Trackpoint>
					<Trackpoint>
						<Time>2569-03-15T08:39:03Z</Time>
						<Position>
							<LatitudeDegrees>13.217716</LatitudeDegrees>
							<LongitudeDegrees>100.963363</LongitudeDegrees>
						</Position>
						<AltitudeMeters>24.890000</AltitudeMeters>
						<HeartRateBpm>
							<Value>103</Value>
						</HeartRateBpm>
						<Cadence>52</Cadence>
						<Extensions>
							<ns3:TPX>
								<ns3:Speed>1.156070</ns3:Speed>
							</ns3:TPX>
						</Extensions>
					</Trackpoint>
					<Trackpoint>
						<Time>2569-03-15T08:39:04Z</Time>
						<Position>
							<LatitudeDegrees>13.217706</LatitudeDegrees>
							<LongitudeDegrees>100.963360</LongitudeDegrees>
						</Position>
						<AltitudeMeters>24.890000</AltitudeMeters>
						<HeartRateBpm>
							<Value>104</Value>
						</HeartRateBpm>
						<Cadence>52</Cadence>
						<Extensions>
							<ns3:TPX>
								<ns3:Speed>1.157410</ns3:Speed>
							</ns3:TPX>
						</Extensions>
					</Trackpoint>
					<Trackpoint>
						<Time>2569-03-15T08:39:05Z</Time>
						<Position>
							<LatitudeDegrees>13.217696</LatitudeDegrees>
							<LongitudeDegrees>100.963357</LongitudeDegrees>
						</Position>
						<AltitudeMeters>24.890000</AltitudeMeters>
						<HeartRateBpm>
							<Value>106</Value>
						</HeartRateBpm>
						<Cadence>52</Cadence>
						<Extensions>
							<ns3:TPX>
								<ns3:Speed>1.157410</ns3:Speed>
							</ns3:TPX>
						</Extensions>
					</Trackpoint>
					<Trackpoint>
						<Time>2569-03-15T08:39:06Z</Time>
						<Position>
							<LatitudeDegrees>13.217684</LatitudeDegrees>
							<LongitudeDegrees>100.963354</LongitudeDegrees>
						</Position>
						<AltitudeMeters>24.900000</AltitudeMeters>
						<HeartRateBpm>
							<Value>106</Value>
						</HeartRateBpm>
						<Cadence>52</Cadence>
						<Extensions>
							<ns3:TPX>
								<ns3:Speed>1.157410</ns3:Speed>
							</ns3:TPX>
						</Extensions>
					</Trackpoint>
				</Track>
			</Lap>
			<Creator xsi:type="Device_t">
				<Name>Amazfit Active 2 (Round)</Name>
			</Creator>
		</Activity>
	</Activities>
	<Author xsi:type="Application_t">
		<Name>Zepp</Name>
	</Author>
</TrainingCenterDatabase>