<?xml version="1.0" encoding="utf-8" standalone="no"?>
<TrainingCenterDatabase xmlns="http://www.garmin.com/xmlschemas/TrainingCenterDatabase/v2" xmlns:ns2="http://www.garmin.com/xmlschemas/UserProfile/v2" xmlns:ns3="http://www.garmin.com/xmlschemas/ActivityExtension/v2" xmlns:ns4="http://www.garmin.com/xmlschemas/ProfileExtension/v1" xmlns:ns5="http://www.garmin.com/xmlschemas/ActivityGoals/v1" xmlns:xsi="http://www.w3.org/2001/XMLSchema-instance" xsi:schemaLocation="http://www.garmin.com/xmlschemas/TrainingCenterDatabase/v2 http://www.garmin.com/xmlschemas/TrainingCenterDatabasev2.xsd">
	<Activities>
		<Activity Sport="Running">
			<Id>2569-05-19T14:05:53Z</Id>
			<Notes>การเดิน</Notes>
			<Lap StartTime="2569-05-19T14:05:53Z">
				<TotalTimeSeconds>2887</TotalTimeSeconds>
				<DistanceMeters>1424</DistanceMeters>
				<MaximumSpeed>0</MaximumSpeed>
				<Calories>216</Calories>
				<AverageHeartRateBpm>
					<Value>96</Value>
				</AverageHeartRateBpm>
				<MaximumHeartRateBpm>
					<Value>126</Value>
				</MaximumHeartRateBpm>
				<Intensity>Active</Intensity>
				<TriggerMethod>Manual</TriggerMethod>
				<Extensions>
					<ns3:LX>
						<ns3:AvgSpeed>2.027135</ns3:AvgSpeed>
						<ns3:maxRunCadence>168</ns3:maxRunCadence>
						<ns3:AvgRunCadence>41</ns3:AvgRunCadence>
					</ns3:LX>
				</Extensions>
				<Track>
					<Trackpoint>
						<Time>2569-05-19T14:05:53Z</Time>
						<Position>
							<LatitudeDegrees>9.137112</LatitudeDegrees>
							<LongitudeDegrees>99.330569</LongitudeDegrees>
						</Position>
						<AltitudeMeters>42.970000</AltitudeMeters>
						<HeartRateBpm>
							<Value>98</Value>
						</HeartRateBpm>
					</Trackpoint>
					<Trackpoint>
						<Time>2569-05-19T14:05:54Z</Time>
						<Position>
							<LatitudeDegrees>9.137110</LatitudeDegrees>
							<LongitudeDegrees>99.330566</LongitudeDegrees>
						</Position>
						<AltitudeMeters>42.970000</AltitudeMeters>
						<HeartRateBpm>
							<Value>98</Value>
						</HeartRateBpm>
					</Trackpoint>
					<Trackpoint>
						<Time>2569-05-19T14:05:55Z</Time>
						<Position>
							<LatitudeDegrees>9.137110</LatitudeDegrees>
							<LongitudeDegrees>99.330562</LongitudeDegrees>
						</Position>
						<AltitudeMeters>42.970000</AltitudeMeters>
						<HeartRateBpm>
							<Value>98</Value>
						</HeartRateBpm>
					</Trackpoint>
					<Trackpoint>
						<Time>2569-05-19T14:05:56Z</Time>
						<Position>
							<LatitudeDegrees>9.137113</LatitudeDegrees>
							<LongitudeDegrees>99.330559</LongitudeDegrees>
						</Position>
						<AltitudeMeters>42.970000</AltitudeMeters>
						<HeartRateBpm>
							<Value>98</Value>
						</HeartRateBpm>
					</Trackpoint>
					<Trackpoint>
						<Time>2569-05-19T14:05:57Z</Time>
						<Position>
							<LatitudeDegrees>9.137117</LatitudeDegrees>
							<LongitudeDegrees>99.330557</LongitudeDegrees>
						</Position>
						<AltitudeMeters>42.970000</AltitudeMeters>
						<HeartRateBpm>
							<Value>99</Value>
						</HeartRateBpm>
					</Trackpoint>
					<Trackpoint>
						<Time>2569-05-19T14:05:58Z</Time>
						<Position>
							<LatitudeDegrees>9.137121</LatitudeDegrees>
							<LongitudeDegrees>99.330556</LongitudeDegrees>
						</Position>
						<AltitudeMeters>42.970000</AltitudeMeters>
						<HeartRateBpm>
							<Value>99</Value>
						</HeartRateBpm>
					</Trackpoint>
					<Trackpoint>
						<Time>2569-05-19T14:05:59Z</Time>
						<Position>
							<LatitudeDegrees>9.137128</LatitudeDegrees>
							<LongitudeDegrees>99.330554</LongitudeDegrees>
						</Position>
						<AltitudeMeters>42.960000</AltitudeMeters>
						<HeartRateBpm>
							<Value>99</Value>
						</HeartRateBpm>
					</Trackpoint>
					<Trackpoint>
						<Time>2569-05-19T14:06:00Z</Time>
						<Position>
							<LatitudeDegrees>9.137134</LatitudeDegrees>
							<LongitudeDegrees>99.330554</LongitudeDegrees>
						</Position>
						<AltitudeMeters>42.960000</AltitudeMeters>
						<HeartRateBpm>
							<Value>99</Value>
						</HeartRateBpm>
						<Cadence>47</Cadence>
						<Extensions>
							<ns3:TPX>
								<ns3:Speed>0.543770</ns3:Speed>
							</ns3:TPX>
						</Extensions>
					</Trackpoint>
					<Trackpoint>
						<Time>2569-05-19T14:06:01Z</Time>
						<Position>
							<LatitudeDegrees>9.137140</LatitudeDegrees>
							<LongitudeDegrees>99.330552</LongitudeDegrees>
						</Position>
						<AltitudeMeters>42.960000</AltitudeMeters>
						<HeartRateBpm>
							<Value>99</Value>
						</HeartRateBpm>
						<Cadence>48</Cadence>
						<Extensions>
							<ns3:TPX>
								<ns3:Speed>0.566250</ns3:Speed>
							</ns3:TPX>
						</Extensions>
					</Trackpoint>
					<Trackpoint>
						<Time>2569-05-19T14:06:02Z</Time>
						<Position>
							<LatitudeDegrees>9.137147</LatitudeDegrees>
							<LongitudeDegrees>99.330549</LongitudeDegrees>
						</Position>
						<AltitudeMeters>42.960000</AltitudeMeters>
						<HeartRateBpm>
							<Value>98</Value>
						</HeartRateBpm>
						<Cadence>53</Cadence>
						<Extensions>
							<ns3:TPX>
								<ns3:Speed>0.595240</ns3:Speed>
							</ns3:TPX>
						</Extensions>
					</Trackpoint>
					<Trackpoint>
						<Time>2569-05-19T14:06:03Z</Time>
						<Position>
							<LatitudeDegrees>9.137154</LatitudeDegrees>
							<LongitudeDegrees>99.330544</LongitudeDegrees>
						</Position>
						<AltitudeMeters>42.960000</AltitudeMeters>
						<HeartRateBpm>
							<Value>99</Value>
						</HeartRateBpm>
						<Cadence>53</Cadence>
						<Extensions>
							<ns3:TPX>
								<ns3:Speed>0.608640</ns3:Speed>
							</ns3:TPX>
						</Extensions>
					</Trackpoint>
					<Trackpoint>
						<Time>2569-05-19T14:06:04Z</Time>
						<Position>
							<LatitudeDegrees>9.137159</LatitudeDegrees>
							<LongitudeDegrees>99.330540</LongitudeDegrees>
						</Position>
						<AltitudeMeters>42.960000</AltitudeMeters>
						<HeartRateBpm>
							<Value>100</Value>
						</HeartRateBpm>
						<Cadence>54</Cadence>
						<Extensions>
							<ns3:TPX>
								<ns3:Speed>0.603500</ns3:Speed>
							</ns3:TPX>
						</Extensions>
					</Trackpoint>
					<Trackpoint>
						<Time>2569-05-19T14:06:05Z</Time>
						<Position>
							<LatitudeDegrees>9.137164</LatitudeDegrees>
							<LongitudeDegrees>99.330534</LongitudeDegrees>
						</Position>
						<AltitudeMeters>42.960000</AltitudeMeters>
						<HeartRateBpm>
							<Value>99</Value>
						</HeartRateBpm>
						<Cadence>54</Cadence>
						<Extensions>
							<ns3:TPX>
								<ns3:Speed>0.595240</ns3:Speed>
							</ns3:TPX>
						</Extensions>
					</Trackpoint>
					<Trackpoint>
						<Time>2569-05-19T14:06:06Z</Time>
						<Position>
							<LatitudeDegrees>9.137166</LatitudeDegrees>
							<LongitudeDegrees>99.330528</LongitudeDegrees>
						</Position>
						<AltitudeMeters>42.960000</AltitudeMeters>
						<HeartRateBpm>
							<Value>100</Value>
						</HeartRateBpm>
						<Cadence>54</Cadence>
						<Extensions>
							<ns3:TPX>
								<ns3:Speed>0.599520</ns3:Speed>
							</ns3:TPX>
						</Extensions>
					</Trackpoint>
					<Trackpoint>
						<Time>2569-05-19T14:06:07Z</Time>
						<Position>
							<LatitudeDegrees>9.137165</LatitudeDegrees>
							<LongitudeDegrees>99.330523</LongitudeDegrees>
						</Position>
						<AltitudeMeters>42.950000</AltitudeMeters>
						<HeartRateBpm>
							<Value>99</Value>
						</HeartRateBpm>
						<Cadence>54</Cadence>
						<Extensions>
							<ns3:TPX>
								<ns3:Speed>0.603860</ns3:Speed>
							</ns3:TPX>
						</Extensions>
					</Trackpoint>
					<Trackpoint>
						<Time>2569-05-19T14:06:08Z</Time>
						<Position>
							<LatitudeDegrees>9.137165</LatitudeDegrees>
							<LongitudeDegrees>99.330518</LongitudeDegrees>
						</Position>
						<AltitudeMeters>42.950000</AltitudeMeters>
						<HeartRateBpm>
							<Value>99</Value>
						</HeartRateBpm>
						<Cadence>51</Cadence>
						<Extensions>
							<ns3:TPX>
								<ns3:Speed>0.644330</ns3:Speed>
							</ns3:TPX>
						</Extensions>
					</Trackpoint>
					<Trackpoint>
						<Time>2569-05-19T14:06:09Z</Time>
						<Position>
							<LatitudeDegrees>9.137165</LatitudeDegrees>
							<LongitudeDegrees>99.330514</LongitudeDegrees>
						</Position>
						<AltitudeMeters>42.950000</AltitudeMeters>
						<HeartRateBpm>
							<Value>99</Value>
						</HeartRateBpm>
						<Cadence>50</Cadence>
						<Extensions>
							<ns3:TPX>
								<ns3:Speed>0.661810</ns3:Speed>
							</ns3:TPX>
						</Extensions>
					</Trackpoint>
					<Trackpoint>
						<Time>2569-05-19T14:06:10Z</Time>
						<Position>
							<LatitudeDegrees>9.137167</LatitudeDegrees>
							<LongitudeDegrees>99.330510</LongitudeDegrees>
						</Position>
						<AltitudeMeters>42.950000</AltitudeMeters>
						<HeartRateBpm>
							<Value>99</Value>
						</HeartRateBpm>
						<Cadence>50</Cadence>
						<Extensions>
							<ns3:TPX>
								<ns3:Speed>0.616900</ns3:Speed>
							</ns3:TPX>
						</Extensions>
					</Trackpoint>
					<Trackpoint>
						<Time>2569-05-19T14:06:11Z</Time>
						<Position>
							<LatitudeDegrees>9.137170</LatitudeDegrees>
							<LongitudeDegrees>99.330505</LongitudeDegrees>
						</Position>
						<AltitudeMeters>42.960000</AltitudeMeters>
						<HeartRateBpm>
							<Value>100</Value>
						</HeartRateBpm>
						<Cadence>50</Cadence>
						<Extensions>
							<ns3:TPX>
								<ns3:Speed>0.592420</ns3:Speed>
							</ns3:TPX>
						</Extensions>
					</Trackpoint>
					<Trackpoint>
						<Time>2569-05-19T14:06:12Z</Time>
						<Position>
							<LatitudeDegrees>9.137172</LatitudeDegrees>
							<LongitudeDegrees>99.330499</LongitudeDegrees>
						</Position>
						<AltitudeMeters>42.970000</AltitudeMeters>
						<HeartRateBpm>
							<Value>101</Value>
						</HeartRateBpm>
						<Cadence>52</Cadence>
						<Extensions>
							<ns3:TPX>
								<ns3:Speed>0.589620</ns3:Speed>
							</ns3:TPX>
						</Extensions>
					</Trackpoint>
					<Trackpoint>
						<Time>2569-05-19T14:06:13Z</Time>
						<Position>
							<LatitudeDegrees>9.137176</LatitudeDegrees>
							<LongitudeDegrees>99.330492</LongitudeDegrees>
						</Position>
						<AltitudeMeters>42.970000</AltitudeMeters>
						<HeartRateBpm>
							<Value>100</Value>
						</HeartRateBpm>
						<Cadence>53</Cadence>
						<Extensions>
							<ns3:TPX>
								<ns3:Speed>0.589620</ns3:Speed>
							</ns3:TPX>
						</Extensions>
					</Trackpoint>
					<Trackpoint>
						<Time>2569-05-19T14:06:14Z</Time>
						<Position>
							<LatitudeDegrees>9.137180</LatitudeDegrees>
							<LongitudeDegrees>99.330485</LongitudeDegrees>
						</Position>
						<AltitudeMeters>42.980000</AltitudeMeters>
						<HeartRateBpm>
							<Value>100</Value>
						</HeartRateBpm>
						<Cadence>53</Cadence>
						<Extensions>
							<ns3:TPX>
								<ns3:Speed>0.610130</ns3:Speed>
							</ns3:TPX>
						</Extensions>
					</Trackpoint>
					<Trackpoint>
						<Time>2569-05-19T14:06:15Z</Time>
						<Position>
							<LatitudeDegrees>9.137184</LatitudeDegrees>
							<LongitudeDegrees>99.330478</LongitudeDegrees>
						</Position>
						<AltitudeMeters>42.980000</AltitudeMeters>
						<HeartRateBpm>
							<Value>99</Value>
						</HeartRateBpm>
					</Trackpoint>
					<Trackpoint>
						<Time>2569-05-19T14:06:16Z</Time>
						<Position>
							<LatitudeDegrees>9.137188</LatitudeDegrees>
							<LongitudeDegrees>99.330472</LongitudeDegrees>
						</Position>
						<AltitudeMeters>42.980000</AltitudeMeters>
						<HeartRateBpm>
							<Value>99</Value>
						</HeartRateBpm>
						<Cadence>54</Cadence>
						<Extensions>
							<ns3:TPX>
								<ns3:Speed>0.663130</ns3:Speed>
							</ns3:TPX>
						</Extensions>
					</Trackpoint>
					<Trackpoint>
						<Time>2569-05-19T14:06:17Z</Time>
						<Position>
							<LatitudeDegrees>9.137192</LatitudeDegrees>
							<LongitudeDegrees>99.330466</LongitudeDegrees>
						</Position>
						<AltitudeMeters>42.990000</AltitudeMeters>
						<HeartRateBpm>
							<Value>99</Value>
						</HeartRateBpm>
						<Cadence>54</Cadence>
						<Extensions>
							<ns3:TPX>
								<ns3:Speed>0.726220</ns3:Speed>
							</ns3:TPX>
						</Extensions>
					</Trackpoint>
					<Trackpoint>
						<Time>2569-05-19T14:06:18Z</Time>
						<Position>
							<LatitudeDegrees>9.137198</LatitudeDegrees>
							<LongitudeDegrees>99.330461</LongitudeDegrees>
						</Position>
						<AltitudeMeters>43.020000</AltitudeMeters>
						<HeartRateBpm>
							<Value>99</Value>
						</HeartRateBpm>
						<Cadence>54</Cadence>
						<Extensions>
							<ns3:TPX>
								<ns3:Speed>0.771600</ns3:Speed>
							</ns3:TPX>
						</Extensions>
					</Trackpoint>
					<Trackpoint>
						<Time>2569-05-19T14:06:19Z</Time>
						<Position>
							<LatitudeDegrees>9.137204</LatitudeDegrees>
							<LongitudeDegrees>99.330455</LongitudeDegrees>
						</Position>
						<AltitudeMeters>43.030000</AltitudeMeters>
						<HeartRateBpm>
							<Value>99</Value>
						</HeartRateBpm>
						<Cadence>56</Cadence>
						<Extensions>
							<ns3:TPX>
								<ns3:Speed>0.800640</ns3:Speed>
							</ns3:TPX>
						</Extensions>
					</Trackpoint>
					<Trackpoint>
						<Time>2569-05-19T14:06:20Z</Time>
						<Position>
							<LatitudeDegrees>9.137210</LatitudeDegrees>
							<LongitudeDegrees>99.330448</LongitudeDegrees>
						</Position>
						<AltitudeMeters>43.030000</AltitudeMeters>
						<HeartRateBpm>
							<Value>100</Value>
						</HeartRateBpm>
						<Cadence>56</Cadence>
						<Extensions>
							<ns3:TPX>
								<ns3:Speed>0.801280</ns3:Speed>
							</ns3:TPX>
						</Extensions>
					</Trackpoint>
					<Trackpoint>
						<Time>2569-05-19T14:06:21Z</Time>
						<Position>
							<LatitudeDegrees>9.137214</LatitudeDegrees>
							<LongitudeDegrees>99.330440</LongitudeDegrees>
						</Position>
						<AltitudeMeters>43.040000</AltitudeMeters>
						<HeartRateBpm>
							<Value>100</Value>
						</HeartRateBpm>
						<Cadence>56</Cadence>
						<Extensions>
							<ns3:TPX>
								<ns3:Speed>0.814330</ns3:Speed>
							</ns3:TPX>
						</Extensions>
					</Trackpoint>
					<Trackpoint>
						<Time>2569-05-19T14:06:22Z</Time>
						<Position>
							<LatitudeDegrees>9.137219</LatitudeDegrees>
							<LongitudeDegrees>99.330432</LongitudeDegrees>
						</Position>
						<AltitudeMeters>43.050000</AltitudeMeters>
						<HeartRateBpm>
							<Value>100</Value>
						</HeartRateBpm>
						<Cadence>56</Cadence>
						<Extensions>
							<ns3:TPX>
								<ns3:Speed>0.844590</ns3:Speed>
							</ns3:TPX>
						</Extensions>
					</Trackpoint>
					<Trackpoint>
						<Time>2569-05-19T14:06:24Z</Time>
						<Position>
							<LatitudeDegrees>9.137227</LatitudeDegrees>
							<LongitudeDegrees>99.330417</LongitudeDegrees>
						</Position>
						<AltitudeMeters>43.060000</AltitudeMeters>
						<HeartRateBpm>
							<Value>100</Value>
						</HeartRateBpm>
						<Cadence>55</Cadence>
						<Extensions>
							<ns3:TPX>
								<ns3:Speed>0.844590</ns3:Speed>
							</ns3:TPX>
						</Extensions>
					</Trackpoint>
					<Trackpoint>
						<Time>2569-05-19T14:06:24Z</Time>
						<Position>
							<LatitudeDegrees>9.137227</LatitudeDegrees>
							<LongitudeDegrees>99.330417</LongitudeDegrees>
						</Position>
						<AltitudeMeters>43.060000</AltitudeMeters>
						<HeartRateBpm>
							<Value>100</Value>
						</HeartRateBpm>
						<Cadence>55</Cadence>
						<Extensions>
							<ns3:TPX>
								<ns3:Speed>0.844590</ns3:Speed>
							</ns3:TPX>
						</Extensions>
					</Trackpoint>
					<Trackpoint>
						<Time>2569-05-19T14:06:26Z</Time>
						<Position>
							<LatitudeDegrees>9.137234</LatitudeDegrees>
							<LongitudeDegrees>99.330404</LongitudeDegrees>
						</Position>
						<AltitudeMeters>43.070000</AltitudeMeters>
						<HeartRateBpm>
							<Value>100</Value>
						</HeartRateBpm>
						<Cadence>55</Cadence>
						<Extensions>
							<ns3:TPX>
								<ns3:Speed>0.896060</ns3:Speed>
							</ns3:TPX>
						</Extensions>
					</Trackpoint>
					<Trackpoint>
						<Time>2569-05-19T14:06:26Z</Time>
						<Position>
							<LatitudeDegrees>9.137234</LatitudeDegrees>
							<LongitudeDegrees>99.330404</LongitudeDegrees>
						</Position>
						<AltitudeMeters>43.070000</AltitudeMeters>
						<HeartRateBpm>
							<Value>100</Value>
						</HeartRateBpm>
						<Cadence>55</Cadence>
						<Extensions>
							<ns3:TPX>
								<ns3:Speed>0.896060</ns3:Speed>
							</ns3:TPX>
						</Extensions>
					</Trackpoint>
					<Trackpoint>
						<Time>2569-05-19T14:06:27Z</Time>
						<Position>
							<LatitudeDegrees>9.137238</LatitudeDegrees>
							<LongitudeDegrees>99.330397</LongitudeDegrees>
						</Position>
						<AltitudeMeters>43.080000</AltitudeMeters>
						<HeartRateBpm>
							<Value>100</Value>
						</HeartRateBpm>
						<Cadence>55</Cadence>
						<Extensions>
							<ns3:TPX>
								<ns3:Speed>0.895260</ns3:Speed>
							</ns3:TPX>
						</Extensions>
					</Trackpoint>
					<Trackpoint>
						<Time>2569-05-19T14:06:28Z</Time>
						<Position>
							<LatitudeDegrees>9.137241</LatitudeDegrees>
							<LongitudeDegrees>99.330391</LongitudeDegrees>
						</Position>
						<AltitudeMeters>43.080000</AltitudeMeters>
						<HeartRateBpm>
							<Value>101</Value>
						</HeartRateBpm>
						<Cadence>55</Cadence>
						<Extensions>
							<ns3:TPX>
								<ns3:Speed>0.878730</ns3:Speed>
							</ns3:TPX>
						</Extensions>
					</Trackpoint>
					<Trackpoint>
						<Time>2569-05-19T14:06:29Z</Time>
						<Position>
							<LatitudeDegrees>9.137245</LatitudeDegrees>
							<LongitudeDegrees>99.330385</LongitudeDegrees>
						</Position>
						<AltitudeMeters>43.080000</AltitudeMeters>
						<HeartRateBpm>
							<Value>101</Value>
						</HeartRateBpm>
						<Cadence>55</Cadence>
						<Extensions>
							<ns3:TPX>
								<ns3:Speed>0.835420</ns3:Speed>
							</ns3:TPX>
						</Extensions>
					</Trackpoint>
					<Trackpoint>
						<Time>2569-05-19T14:06:31Z</Time>
						<Position>
							<LatitudeDegrees>9.137250</LatitudeDegrees>
							<LongitudeDegrees>99.330374</LongitudeDegrees>
						</Position>
						<AltitudeMeters>43.090000</AltitudeMeters>
						<HeartRateBpm>
							<Value>102</Value>
						</HeartRateBpm>
						<Cadence>51</Cadence>
						<Extensions>
							<ns3:TPX>
								<ns3:Speed>0.783700</ns3:Speed>
							</ns3:TPX>
						</Extensions>
					</Trackpoint>
					<Trackpoint>
						<Time>2569-05-19T14:06:31Z</Time>
						<Position>
							<LatitudeDegrees>9.137250</LatitudeDegrees>
							<LongitudeDegrees>99.330374</LongitudeDegrees>
						</Position>
						<AltitudeMeters>43.090000</AltitudeMeters>
						<HeartRateBpm>
							<Value>102</Value>
						</HeartRateBpm>
						<Cadence>51</Cadence>
						<Extensions>
							<ns3:TPX>
								<ns3:Speed>0.783700</ns3:Speed>
							</ns3:TPX>
						</Extensions>
					</Trackpoint>
					<Trackpoint>
						<Time>2569-05-19T14:06:33Z</Time>
						<Position>
							<LatitudeDegrees>9.137255</LatitudeDegrees>
							<LongitudeDegrees>99.330359</LongitudeDegrees>
						</Position>
						<AltitudeMeters>43.080000</AltitudeMeters>
						<HeartRateBpm>
							<Value>100</Value>
						</HeartRateBpm>
						<Cadence>50</Cadence>
						<Extensions>
							<ns3:TPX>
								<ns3:Speed>0.736920</ns3:Speed>
							</ns3:TPX>
						</Extensions>
					</Trackpoint>
					<Trackpoint>
						<Time>2569-05-19T14:06:33Z</Time>
						<Position>
							<LatitudeDegrees>9.137255</LatitudeDegrees>
							<LongitudeDegrees>99.330359</LongitudeDegrees>
						</Position>
						<AltitudeMeters>43.080000</AltitudeMeters>
						<HeartRateBpm>
							<Value>100</Value>
						</HeartRateBpm>
						<Cadence>50</Cadence>
						<Extensions>
							<ns3:TPX>
								<ns3:Speed>0.736920</ns3:Speed>
							</ns3:TPX>
						</Extensions>
					</Trackpoint>
					<Trackpoint>
						<Time>2569-05-19T14:06:34Z</Time>
						<Position>
							<LatitudeDegrees>9.137257</LatitudeDegrees>
							<LongitudeDegrees>99.330352</LongitudeDegrees>
						</Position>
						<AltitudeMeters>43.080000</AltitudeMeters>
						<HeartRateBpm>
							<Value>101</Value>
						</HeartRateBpm>
						<Cadence>51</Cadence>
						<Extensions>
							<ns3:TPX>
								<ns3:Speed>0.727800</ns3:Speed>
							</ns3:TPX>
						</Extensions>
					</Trackpoint>
					<Trackpoint>
						<Time>2569-05-19T14:06:35Z</Time>
						<Position>
							<LatitudeDegrees>9.137260</LatitudeDegrees>
							<LongitudeDegrees>99.330348</LongitudeDegrees>
						</Position>
						<AltitudeMeters>43.070000</AltitudeMeters>
						<HeartRateBpm>
							<Value>101</Value>
						</HeartRateBpm>
						<Cadence>51</Cadence>
						<Extensions>
							<ns3:TPX>
								<ns3:Speed>0.727800</ns3:Speed>
							</ns3:TPX>
						</Extensions>
					</Trackpoint>
					<Trackpoint>
						<Time>2569-05-19T14:06:36Z</Time>
						<Position>
							<LatitudeDegrees>9.137262</LatitudeDegrees>
							<LongitudeDegrees>99.330343</LongitudeDegrees>
						</Position>
						<AltitudeMeters>43.070000</AltitudeMeters>
						<HeartRateBpm>
							<Value>101</Value>
						</HeartRateBpm>
						<Cadence>51</Cadence>
						<Extensions>
							<ns3:TPX>
								<ns3:Speed>0.727270</ns3:Speed>
							</ns3:TPX>
						</Extensions>
					</Trackpoint>
					<Trackpoint>
						<Time>2569-05-19T14:06:37Z</Time>
						<Position>
							<LatitudeDegrees>9.137264</LatitudeDegrees>
							<LongitudeDegrees>99.330345</LongitudeDegrees>
						</Position>
						<AltitudeMeters>43.070000</AltitudeMeters>
						<HeartRateBpm>
							<Value>101</Value>
						</HeartRateBpm>
						<Cadence>52</Cadence>
						<Extensions>
							<ns3:TPX>
								<ns3:Speed>0.725690</ns3:Speed>
							</ns3:TPX>
						</Extensions>
					</Trackpoint>
					<Trackpoint>
						<Time>2569-05-19T14:06:38Z</Time>
						<Position>
							<LatitudeDegrees>9.137266</LatitudeDegrees>
							<LongitudeDegrees>99.330346</LongitudeDegrees>
						</Position>
						<AltitudeMeters>43.070000</AltitudeMeters>
						<HeartRateBpm>
							<Value>101</Value>
						</HeartRateBpm>
						<Cadence>52</Cadence>
						<Extensions>
							<ns3:TPX>
								<ns3:Speed>0.723070</ns3:Speed>
							</ns3:TPX>
						</Extensions>
					</Trackpoint>
					<Trackpoint>
						<Time>2569-05-19T14:06:39Z</Time>
						<Position>
							<LatitudeDegrees>9.137269</LatitudeDegrees>
							<LongitudeDegrees>99.330348</LongitudeDegrees>
						</Position>
						<AltitudeMeters>43.060000</AltitudeMeters>
						<HeartRateBpm>
							<Value>100</Value>
						</HeartRateBpm>
						<Cadence>51</Cadence>
						<Extensions>
							<ns3:TPX>
								<ns3:Speed>0.717880</ns3:Speed>
							</ns3:TPX>
						</Extensions>
					</Trackpoint>
					<Trackpoint>
						<Time>2569-05-19T14:06:41Z</Time>
						<Position>
							<LatitudeDegrees>9.137272</LatitudeDegrees>
							<LongitudeDegrees>99.330347</LongitudeDegrees>
						</Position>
						<AltitudeMeters>43.060000</AltitudeMeters>
						<HeartRateBpm>
							<Value>102</Value>
						</HeartRateBpm>
						<Cadence>51</Cadence>
						<Extensions>
							<ns3:TPX>
								<ns3:Speed>0.696380</ns3:Speed>
							</ns3:TPX>
						</Extensions>
					</Trackpoint>
					<Trackpoint>
						<Time>2569-05-19T14:06:42Z</Time>
						<Position>
							<LatitudeDegrees>9.137276</LatitudeDegrees>
							<LongitudeDegrees>99.330343</LongitudeDegrees>
						</Position>
						<AltitudeMeters>43.060000</AltitudeMeters>
						<HeartRateBpm>
							<Value>103</Value>
						</HeartRateBpm>
						<Cadence>51</Cadence>
						<Extensions>
							<ns3:TPX>
								<ns3:Speed>0.683990</ns3:Speed>
							</ns3:TPX>
						</Extensions>
					</Trackpoint>
					<Trackpoint>
						<Time>2569-05-19T14:06:43Z</Time>
						<Position>
							<LatitudeDegrees>9.137277</LatitudeDegrees>
							<LongitudeDegrees>99.330340</LongitudeDegrees>
						</Position>
						<AltitudeMeters>43.060000</AltitudeMeters>
						<HeartRateBpm>
							<Value>103</Value>
						</HeartRateBpm>
						<Cadence>51</Cadence>
						<Extensions>
							<ns3:TPX>
								<ns3:Speed>0.671590</ns3:Speed>
							</ns3:TPX>
						</Extensions>
					</Trackpoint>
					<Trackpoint>
						<Time>2569-05-19T14:06:44Z</Time>
						<Position>
							<LatitudeDegrees>9.137286</LatitudeDegrees>
							<LongitudeDegrees>99.330331</LongitudeDegrees>
						</Position>
						<AltitudeMeters>43.050000</AltitudeMeters>
						<HeartRateBpm>
							<Value>103</Value>
						</HeartRateBpm>
						<Cadence>51</Cadence>
						<Extensions>
							<ns3:TPX>
								<ns3:Speed>0.659200</ns3:Speed>
							</ns3:TPX>
						</Extensions>
					</Trackpoint>
					<Trackpoint>
						<Time>2569-05-19T14:06:44Z</Time>
						<Position>
							<LatitudeDegrees>9.137286</LatitudeDegrees>
							<LongitudeDegrees>99.330331</LongitudeDegrees>
						</Position>
						<AltitudeMeters>43.050000</AltitudeMeters>
						<HeartRateBpm>
							<Value>103</Value>
						</HeartRateBpm>
						<Cadence>51</Cadence>
						<Extensions>
							<ns3:TPX>
								<ns3:Speed>0.659200</ns3:Speed>
							</ns3:TPX>
						</Extensions>
					</Trackpoint>
					<Trackpoint>
						<Time>2569-05-19T14:06:46Z</Time>
						<Position>
							<LatitudeDegrees>9.137297</LatitudeDegrees>
							<LongitudeDegrees>99.330320</LongitudeDegrees>
						</Position>
						<AltitudeMeters>43.050000</AltitudeMeters>
						<HeartRateBpm>
							<Value>102</Value>
						</HeartRateBpm>
						<Cadence>50</Cadence>
						<Extensions>
							<ns3:TPX>
								<ns3:Speed>0.641440</ns3:Speed>
							</ns3:TPX>
						</Extensions>
					</Trackpoint>
					<Trackpoint>
						<Time>2569-05-19T14:06:46Z</Time>
						<Position>
							<LatitudeDegrees>9.137297</LatitudeDegrees>
							<LongitudeDegrees>99.330320</LongitudeDegrees>
						</Position>
						<AltitudeMeters>43.050000</AltitudeMeters>
						<HeartRateBpm>
							<Value>102</Value>
						</HeartRateBpm>
						<Cadence>50</Cadence>
						<Extensions>
							<ns3:TPX>
								<ns3:Speed>0.641440</ns3:Speed>
							</ns3:TPX>
						</Extensions>
					</Trackpoint>
					<Trackpoint>
						<Time>2569-05-19T14:06:48Z</Time>
						<Position>
							<LatitudeDegrees>9.137301</LatitudeDegrees>
							<LongitudeDegrees>99.330315</LongitudeDegrees>
						</Position>
						<AltitudeMeters>43.050000</AltitudeMeters>
						<HeartRateBpm>
							<Value>101</Value>
						</HeartRateBpm>
						<Cadence>49</Cadence>
						<Extensions>
							<ns3:TPX>
								<ns3:Speed>0.635320</ns3:Speed>
							</ns3:TPX>
						</Extensions>
					</Trackpoint>
					<Trackpoint>
						<Time>2569-05-19T14:06:49Z</Time>
						<Position>
							<LatitudeDegrees>9.137309</LatitudeDegrees>
							<LongitudeDegrees>99.330295</LongitudeDegrees>
						</Position>
						<AltitudeMeters>43.050000</AltitudeMeters>
						<HeartRateBpm>
							<Value>101</Value>
						</HeartRateBpm>
						<Cadence>49</Cadence>
						<Extensions>
							<ns3:TPX>
								<ns3:Speed>0.635320</ns3:Speed>
							</ns3:TPX>
						</Extensions>
					</Trackpoint>
					<Trackpoint>
						<Time>2569-05-19T14:06:49Z</Time>
						<Position>
							<LatitudeDegrees>9.137309</LatitudeDegrees>
							<LongitudeDegrees>99.330295</LongitudeDegrees>
						</Position>
						<AltitudeMeters>43.050000</AltitudeMeters>
						<HeartRateBpm>
							<Value>101</Value>
						</HeartRateBpm>
						<Cadence>49</Cadence>
						<Extensions>
							<ns3:TPX>
								<ns3:Speed>0.635320</ns3:Speed>
							</ns3:TPX>
						</Extensions>
					</Trackpoint>
					<Trackpoint>
						<Time>2569-05-19T14:06:51Z</Time>
						<Position>
							<LatitudeDegrees>9.137314</LatitudeDegrees>
							<LongitudeDegrees>99.330287</LongitudeDegrees>
						</Position>
						<AltitudeMeters>43.050000</AltitudeMeters>
						<HeartRateBpm>
							<Value>102</Value>
						</HeartRateBpm>
						<Cadence>50</Cadence>
						<Extensions>
							<ns3:TPX>
								<ns3:Speed>0.636130</ns3:Speed>
							</ns3:TPX>
						</Extensions>
					</Trackpoint>
					<Trackpoint>
						<Time>2569-05-19T14:06:52Z</Time>
						<Position>
							<LatitudeDegrees>9.137324</LatitudeDegrees>
							<LongitudeDegrees>99.330278</LongitudeDegrees>
						</Position>
						<AltitudeMeters>43.050000</AltitudeMeters>
						<HeartRateBpm>
							<Value>102</Value>
						</HeartRateBpm>
						<Cadence>51</Cadence>
						<Extensions>
							<ns3:TPX>
								<ns3:Speed>0.637350</ns3:Speed>
							</ns3:TPX>
						</Extensions>
					</Trackpoint>
					<Trackpoint>
						<Time>2569-05-19T14:06:53Z</Time>
						<Position>
							<LatitudeDegrees>9.137331</LatitudeDegrees>
							<LongitudeDegrees>99.330273</LongitudeDegrees>
						</Position>
						<AltitudeMeters>43.050000</AltitudeMeters>
						<HeartRateBpm>
							<Value>102</Value>
						</HeartRateBpm>
						<Cadence>51</Cadence>
						<Extensions>
							<ns3:TPX>
								<ns3:Speed>0.640200</ns3:Speed>
							</ns3:TPX>
						</Extensions>
					</Trackpoint>
					<Trackpoint>
						<Time>2569-05-19T14:06:54Z</Time>
						<Position>
							<LatitudeDegrees>9.137337</LatitudeDegrees>
							<LongitudeDegrees>99.330269</LongitudeDegrees>
						</Position>
						<AltitudeMeters>43.050000</AltitudeMeters>
						<HeartRateBpm>
							<Value>102</Value>
						</HeartRateBpm>
						<Cadence>51</Cadence>
						<Extensions>
							<ns3:TPX>
								<ns3:Speed>0.643500</ns3:Speed>
							</ns3:TPX>
						</Extensions>
					</Trackpoint>
					<Trackpoint>
						<Time>2569-05-19T14:06:55Z</Time>
						<Position>
							<LatitudeDegrees>9.137342</LatitudeDegrees>
							<LongitudeDegrees>99.330266</LongitudeDegrees>
						</Position>
						<AltitudeMeters>43.050000</AltitudeMeters>
						<HeartRateBpm>
							<Value>103</Value>
						</HeartRateBpm>
						<Cadence>52</Cadence>
						<Extensions>
							<ns3:TPX>
								<ns3:Speed>0.646410</ns3:Speed>
							</ns3:TPX>
						</Extensions>
					</Trackpoint>
					<Trackpoint>
						<Time>2569-05-19T14:06:56Z</Time>
						<Position>
							<LatitudeDegrees>9.137351</LatitudeDegrees>
							<LongitudeDegrees>99.330262</LongitudeDegrees>
						</Position>
						<AltitudeMeters>43.050000</AltitudeMeters>
						<HeartRateBpm>
							<Value>102</Value>
						</HeartRateBpm>
						<Cadence>52</Cadence>
						<Extensions>
							<ns3:TPX>
								<ns3:Speed>0.649770</ns3:Speed>
							</ns3:TPX>
						</Extensions>
					</Trackpoint>
					<Trackpoint>
						<Time>2569-05-19T14:06:57Z</Time>
						<Position>
							<LatitudeDegrees>9.137364</LatitudeDegrees>
							<LongitudeDegrees>99.330258</LongitudeDegrees>
						</Position>
						<AltitudeMeters>43.050000</AltitudeMeters>
						<HeartRateBpm>
							<Value>103</Value>
						</HeartRateBpm>
						<Cadence>52</Cadence>
						<Extensions>
							<ns3:TPX>
								<ns3:Speed>0.654020</ns3:Speed>
							</ns3:TPX>
						</Extensions>
					</Trackpoint>
					<Trackpoint>
						<Time>2569-05-19T14:06:58Z</Time>
						<Position>
							<LatitudeDegrees>9.137374</LatitudeDegrees>
							<LongitudeDegrees>99.330255</LongitudeDegrees>
						</Position>
						<AltitudeMeters>43.050000</AltitudeMeters>
						<HeartRateBpm>
							<Value>104</Value>
						</HeartRateBpm>
						<Cadence>52</Cadence>
						<Extensions>
							<ns3:TPX>
								<ns3:Speed>0.658330</ns3:Speed>
							</ns3:TPX>
						</Extensions>
					</Trackpoint>
					<Trackpoint>
						<Time>2569-05-19T14:06:59Z</Time>
						<Position>
							<LatitudeDegrees>9.137391</LatitudeDegrees>
							<LongitudeDegrees>99.330252</LongitudeDegrees>
						</Position>
						<AltitudeMeters>43.050000</AltitudeMeters>
						<HeartRateBpm>
							<Value>104</Value>
						</HeartRateBpm>
						<Cadence>52</Cadence>
						<Extensions>
							<ns3:TPX>
								<ns3:Speed>0.665340</ns3:Speed>
							</ns3:TPX>
						</Extensions>
					</Trackpoint>
					<Trackpoint>
						<Time>2569-05-19T14:06:59Z</Time>
						<Position>
							<LatitudeDegrees>9.137391</LatitudeDegrees>
							<LongitudeDegrees>99.330252</LongitudeDegrees>
						</Position>
						<AltitudeMeters>43.050000</AltitudeMeters>
						<HeartRateBpm>
							<Value>104</Value>
						</HeartRateBpm>
						<Cadence>52</Cadence>
						<Extensions>
							<ns3:TPX>
								<ns3:Speed>0.665340</ns3:Speed>
							</ns3:TPX>
						</Extensions>
					</Trackpoint>
					<Trackpoint>
						<Time>2569-05-19T14:07:00Z</Time>
						<Position>
							<LatitudeDegrees>9.137398</LatitudeDegrees>
							<LongitudeDegrees>99.330251</LongitudeDegrees>
						</Position>
						<AltitudeMeters>43.060000</AltitudeMeters>
						<HeartRateBpm>
							<Value>105</Value>
						</HeartRateBpm>
						<Cadence>53</Cadence>
						<Extensions>
							<ns3:TPX>
								<ns3:Speed>0.674310</ns3:Speed>
							</ns3:TPX>
						</Extensions>
					</Trackpoint>
					<Trackpoint>
						<Time>2569-05-19T14:07:01Z</Time>
						<Position>
							<LatitudeDegrees>9.137406</LatitudeDegrees>
							<LongitudeDegrees>99.330249</LongitudeDegrees>
						</Position>
						<AltitudeMeters>43.060000</AltitudeMeters>
						<HeartRateBpm>
							<Value>106</Value>
						</HeartRateBpm>
						<Cadence>54</Cadence>
						<Extensions>
							<ns3:TPX>
								<ns3:Speed>0.682590</ns3:Speed>
							</ns3:TPX>
						</Extensions>
					</Trackpoint>
					<Trackpoint>
						<Time>2569-05-19T14:07:02Z</Time>
						<Position>
							<LatitudeDegrees>9.137413</LatitudeDegrees>
							<LongitudeDegrees>99.330247</LongitudeDegrees>
						</Position>
						<AltitudeMeters>43.060000</AltitudeMeters>
						<HeartRateBpm>
							<Value>106</Value>
						</HeartRateBpm>
						<Cadence>53</Cadence>
						<Extensions>
							<ns3:TPX>
								<ns3:Speed>0.690610</ns3:Speed>
							</ns3:TPX>
						</Extensions>
					</Trackpoint>
					<Trackpoint>
						<Time>2569-05-19T14:07:03Z</Time>
						<Position>
							<LatitudeDegrees>9.137420</LatitudeDegrees>
							<LongitudeDegrees>99.330243</LongitudeDegrees>
						</Position>
						<AltitudeMeters>43.060000</AltitudeMeters>
						<HeartRateBpm>
							<Value>107</Value>
						</HeartRateBpm>
						<Cadence>53</Cadence>
						<Extensions>
							<ns3:TPX>
								<ns3:Speed>0.697840</ns3:Speed>
							</ns3:TPX>
						</Extensions>
					</Trackpoint>
					<Trackpoint>
						<Time>2569-05-19T14:07:04Z</Time>
						<Position>
							<LatitudeDegrees>9.137427</LatitudeDegrees>
							<LongitudeDegrees>99.330241</LongitudeDegrees>
						</Position>
						<AltitudeMeters>43.060000</AltitudeMeters>
						<HeartRateBpm>
							<Value>107</Value>
						</HeartRateBpm>
						<Cadence>52</Cadence>
						<Extensions>
							<ns3:TPX>
								<ns3:Speed>0.703230</ns3:Speed>
							</ns3:TPX>
						</Extensions>
					</Trackpoint>
					<Trackpoint>
						<Time>2569-05-19T14:07:05Z</Time>
						<Position>
							<LatitudeDegrees>9.137432</LatitudeDegrees>
							<LongitudeDegrees>99.330238</LongitudeDegrees>
						</Position>
						<AltitudeMeters>43.060000</AltitudeMeters>
						<HeartRateBpm>
							<Value>106</Value>
						</HeartRateBpm>
						<Cadence>52</Cadence>
						<Extensions>
							<ns3:TPX>
								<ns3:Speed>0.707710</ns3:Speed>
							</ns3:TPX>
						</Extensions>
					</Trackpoint>
					<Trackpoint>
						<Time>2569-05-19T14:07:06Z</Time>
						<Position>
							<LatitudeDegrees>9.137436</LatitudeDegrees>
							<LongitudeDegrees>99.330234</LongitudeDegrees>
						</Position>
						<AltitudeMeters>43.070000</AltitudeMeters>
						<HeartRateBpm>
							<Value>105</Value>
						</HeartRateBpm>
						<Cadence>52</Cadence>
						<Extensions>
							<ns3:TPX>
								<ns3:Speed>0.711240</ns3:Speed>
							</ns3:TPX>
						</Extensions>
					</Trackpoint>
					<Trackpoint>
						<Time>2569-05-19T14:07:07Z</Time>
						<Position>
							<LatitudeDegrees>9.137439</LatitudeDegrees>
							<LongitudeDegrees>99.330227</LongitudeDegrees>
						</Position>
						<AltitudeMeters>43.070000</AltitudeMeters>
						<HeartRateBpm>
							<Value>105</Value>
						</HeartRateBpm>
						<Cadence>53</Cadence>
						<Extensions>
							<ns3:TPX>
								<ns3:Speed>0.713780</ns3:Speed>
							</ns3:TPX>
						</Extensions>
					</Trackpoint>
					<Trackpoint>
						<Time>2569-05-19T14:07:08Z</Time>
						<Position>
							<LatitudeDegrees>9.137441</LatitudeDegrees>
							<LongitudeDegrees>99.330218</LongitudeDegrees>
						</Position>
						<AltitudeMeters>43.070000</AltitudeMeters>
						<HeartRateBpm>
							<Value>105</Value>
						</HeartRateBpm>
						<Cadence>53</Cadence>
						<Extensions>
							<ns3:TPX>
								<ns3:Speed>0.713270</ns3:Speed>
							</ns3:TPX>
						</Extensions>
					</Trackpoint>
					<Trackpoint>
						<Time>2569-05-19T14:07:09Z</Time>
						<Position>
							<LatitudeDegrees>9.137442</LatitudeDegrees>
							<LongitudeDegrees>99.330209</LongitudeDegrees>
						</Position>
						<AltitudeMeters>43.070000</AltitudeMeters>
						<HeartRateBpm>
							<Value>107</Value>
						</HeartRateBpm>
						<Cadence>53</Cadence>
						<Extensions>
							<ns3:TPX>
								<ns3:Speed>0.710230</ns3:Speed>
							</ns3:TPX>
						</Extensions>
					</Trackpoint>
					<Trackpoint>
						<Time>2569-05-19T14:07:11Z</Time>
						<Position>
							<LatitudeDegrees>9.137441</LatitudeDegrees>
							<LongitudeDegrees>99.330198</LongitudeDegrees>
						</Position>
						<AltitudeMeters>43.070000</AltitudeMeters>
						<HeartRateBpm>
							<Value>106</Value>
						</HeartRateBpm>
						<Cadence>53</Cadence>
						<Extensions>
							<ns3:TPX>
								<ns3:Speed>0.702250</ns3:Speed>
							</ns3:TPX>
						</Extensions>
					</Trackpoint>
					<Trackpoint>
						<Time>2569-05-19T14:07:12Z</Time>
						<Position>
							<LatitudeDegrees>9.137447</LatitudeDegrees>
							<LongitudeDegrees>99.330187</LongitudeDegrees>
						</Position>
						<AltitudeMeters>43.080000</AltitudeMeters>
						<HeartRateBpm>
							<Value>107</Value>
						</HeartRateBpm>
						<Cadence>53</Cadence>
						<Extensions>
							<ns3:TPX>
								<ns3:Speed>0.694930</ns3:Speed>
							</ns3:TPX>
						</Extensions>
					</Trackpoint>
					<Trackpoint>
						<Time>2569-05-19T14:07:13Z</Time>
						<Position>
							<LatitudeDegrees>9.137454</LatitudeDegrees>
							<LongitudeDegrees>99.330176</LongitudeDegrees>
						</Position>
						<AltitudeMeters>43.090000</AltitudeMeters>
						<HeartRateBpm>
							<Value>107</Value>
						</HeartRateBpm>
						<Cadence>52</Cadence>
						<Extensions>
							<ns3:TPX>
								<ns3:Speed>0.686810</ns3:Speed>
							</ns3:TPX>
						</Extensions>
					</Trackpoint>
					<Trackpoint>
						<Time>2569-05-19T14:07:14Z</Time>
						<Position>
							<LatitudeDegrees>9.137473</LatitudeDegrees>
							<LongitudeDegrees>99.330152</LongitudeDegrees>
						</Position>
						<AltitudeMeters>43.120000</AltitudeMeters>
						<HeartRateBpm>
							<Value>107</Value>
						</HeartRateBpm>
						<Cadence>52</Cadence>
						<Extensions>
							<ns3:TPX>
								<ns3:Speed>0.677970</ns3:Speed>
							</ns3:TPX>
						</Extensions>
					</Trackpoint>
					<Trackpoint>
						<Time>2569-05-19T14:07:14Z</Time>
						<Position>
							<LatitudeDegrees>9.137473</LatitudeDegrees>
							<LongitudeDegrees>99.330152</LongitudeDegrees>
						</Position>
						<AltitudeMeters>43.120000</AltitudeMeters>
						<HeartRateBpm>
							<Value>107</Value>
						</HeartRateBpm>
						<Cadence>52</Cadence>
						<Extensions>
							<ns3:TPX>
								<ns3:Speed>0.677970</ns3:Speed>
							</ns3:TPX>
						</Extensions>
					</Trackpoint>
					<Trackpoint>
						<Time>2569-05-19T14:07:16Z</Time>
						<Position>
							<LatitudeDegrees>9.137485</LatitudeDegrees>
							<LongitudeDegrees>99.330144</LongitudeDegrees>
						</Position>
						<AltitudeMeters>43.140000</AltitudeMeters>
						<HeartRateBpm>
							<Value>107</Value>
						</HeartRateBpm>
						<Cadence>52</Cadence>
						<Extensions>
							<ns3:TPX>
								<ns3:Speed>0.547950</ns3:Speed>
							</ns3:TPX>
						</Extensions>
					</Trackpoint>
					<Trackpoint>
						<Time>2569-05-19T14:07:17Z</Time>
						<Position>
							<LatitudeDegrees>9.137506</LatitudeDegrees>
							<LongitudeDegrees>99.330133</LongitudeDegrees>
						</Position>
						<AltitudeMeters>43.170000</AltitudeMeters>
						<HeartRateBpm>
							<Value>107</Value>
						</HeartRateBpm>
						<Cadence>53</Cadence>
						<Extensions>
							<ns3:TPX>
								<ns3:Speed>0.433090</ns3:Speed>
							</ns3:TPX>
						</Extensions>
					</Trackpoint>
					<Trackpoint>
						<Time>2569-05-19T14:07:17Z</Time>
						<Position>
							<LatitudeDegrees>9.137506</LatitudeDegrees>
							<LongitudeDegrees>99.330133</LongitudeDegrees>
						</Position>
						<AltitudeMeters>43.170000</AltitudeMeters>
						<HeartRateBpm>
							<Value>107</Value>
						</HeartRateBpm>
						<Cadence>53</Cadence>
						<Extensions>
							<ns3:TPX>
								<ns3:Speed>0.433090</ns3:Speed>
							</ns3:TPX>
						</Extensions>
					</Trackpoint>
					<Trackpoint>
						<Time>2569-05-19T14:07:18Z</Time>
						<Position>
							<LatitudeDegrees>9.137513</LatitudeDegrees>
							<LongitudeDegrees>99.330131</LongitudeDegrees>
						</Position>
						<AltitudeMeters>43.180000</AltitudeMeters>
						<HeartRateBpm>
							<Value>109</Value>
						</HeartRateBpm>
						<Cadence>78</Cadence>
						<Extensions>
							<ns3:TPX>
								<ns3:Speed>0.444250</ns3:Speed>
							</ns3:TPX>
						</Extensions>
					</Trackpoint>
					<Trackpoint>
						<Time>2569-05-19T14:07:19Z</Time>
						<Position>
							<LatitudeDegrees>9.137522</LatitudeDegrees>
							<LongitudeDegrees>99.330128</LongitudeDegrees>
						</Position>
						<AltitudeMeters>43.200000</AltitudeMeters>
						<HeartRateBpm>
							<Value>108</Value>
						</HeartRateBpm>
						<Cadence>78</Cadence>
						<Extensions>
							<ns3:TPX>
								<ns3:Speed>0.468160</ns3:Speed>
							</ns3:TPX>
						</Extensions>
					</Trackpoint>
					<Trackpoint>
						<Time>2569-05-19T14:07:21Z</Time>
						<Position>
							<LatitudeDegrees>9.137540</LatitudeDegrees>
							<LongitudeDegrees>99.330115</LongitudeDegrees>
						</Position>
						<AltitudeMeters>43.310000</AltitudeMeters>
						<HeartRateBpm>
							<Value>108</Value>
						</HeartRateBpm>
						<Cadence>77</Cadence>
						<Extensions>
							<ns3:TPX>
								<ns3:Speed>0.541130</ns3:Speed>
							</ns3:TPX>
						</Extensions>
					</Trackpoint>
					<Trackpoint>
						<Time>2569-05-19T14:07:21Z</Time>
						<Position>
							<LatitudeDegrees>9.137540</LatitudeDegrees>
							<LongitudeDegrees>99.330115</LongitudeDegrees>
						</Position>
						<AltitudeMeters>43.310000</AltitudeMeters>
						<HeartRateBpm>
							<Value>108</Value>
						</HeartRateBpm>
						<Cadence>77</Cadence>
						<Extensions>
							<ns3:TPX>
								<ns3:Speed>0.541130</ns3:Speed>
							</ns3:TPX>
						</Extensions>
					</Trackpoint>
					<Trackpoint>
						<Time>2569-05-19T14:07:22Z</Time>
						<Position>
							<LatitudeDegrees>9.137547</LatitudeDegrees>
							<LongitudeDegrees>99.330111</LongitudeDegrees>
						</Position>
						<AltitudeMeters>43.320000</AltitudeMeters>
						<HeartRateBpm>
							<Value>109</Value>
						</HeartRateBpm>
						<Cadence>76</Cadence>
						<Extensions>
							<ns3:TPX>
								<ns3:Speed>0.547950</ns3:Speed>
							</ns3:TPX>
						</Extensions>
					</Trackpoint>
					<Trackpoint>
						<Time>2569-05-19T14:07:23Z</Time>
						<Position>
							<LatitudeDegrees>9.137553</LatitudeDegrees>
							<LongitudeDegrees>99.330109</LongitudeDegrees>
						</Position>
						<AltitudeMeters>43.330000</AltitudeMeters>
						<HeartRateBpm>
							<Value>109</Value>
						</HeartRateBpm>
						<Cadence>76</Cadence>
						<Extensions>
							<ns3:TPX>
								<ns3:Speed>0.544660</ns3:Speed>
							</ns3:TPX>
						</Extensions>
					</Trackpoint>
					<Trackpoint>
						<Time>2569-05-19T14:07:24Z</Time>
						<Position>
							<LatitudeDegrees>9.137558</LatitudeDegrees>
							<LongitudeDegrees>99.330105</LongitudeDegrees>
						</Position>
						<AltitudeMeters>43.330000</AltitudeMeters>
						<HeartRateBpm>
							<Value>110</Value>
						</HeartRateBpm>
						<Cadence>76</Cadence>
						<Extensions>
							<ns3:TPX>
								<ns3:Speed>0.535910</ns3:Speed>
							</ns3:TPX>
						</Extensions>
					</Trackpoint>
					<Trackpoint>
						<Time>2569-05-19T14:07:26Z</Time>
						<Position>
							<LatitudeDegrees>9.137569</LatitudeDegrees>
							<LongitudeDegrees>99.330097</LongitudeDegrees>
						</Position>
						<AltitudeMeters>43.340000</AltitudeMeters>
						<HeartRateBpm>
							<Value>110</Value>
						</HeartRateBpm>
						<Cadence>56</Cadence>
						<Extensions>
							<ns3:TPX>
								<ns3:Speed>0.523290</ns3:Speed>
							</ns3:TPX>
						</Extensions>
					</Trackpoint>
					<Trackpoint>
						<Time>2569-05-19T14:07:26Z</Time>
						<Position>
							<LatitudeDegrees>9.137569</LatitudeDegrees>
							<LongitudeDegrees>99.330097</LongitudeDegrees>
						</Position>
						<AltitudeMeters>43.340000</AltitudeMeters>
						<HeartRateBpm>
							<Value>110</Value>
						</HeartRateBpm>
						<Cadence>56</Cadence>
						<Extensions>
							<ns3:TPX>
								<ns3:Speed>0.523290</ns3:Speed>
							</ns3:TPX>
						</Extensions>
					</Trackpoint>
					<Trackpoint>
						<Time>2569-05-19T14:07:27Z</Time>
						<Position>
							<LatitudeDegrees>9.137574</LatitudeDegrees>
							<LongitudeDegrees>99.330093</LongitudeDegrees>
						</Position>
						<AltitudeMeters>43.350000</AltitudeMeters>
						<HeartRateBpm>
							<Value>110</Value>
						</HeartRateBpm>
						<Cadence>57</Cadence>
						<Extensions>
							<ns3:TPX>
								<ns3:Speed>0.501760</ns3:Speed>
							</ns3:TPX>
						</Extensions>
					</Trackpoint>
					<Trackpoint>
						<Time>2569-05-19T14:07:28Z</Time>
						<Position>
							<LatitudeDegrees>9.137581</LatitudeDegrees>
							<LongitudeDegrees>99.330090</LongitudeDegrees>
						</Position>
						<AltitudeMeters>43.350000</AltitudeMeters>
						<HeartRateBpm>
							<Value>110</Value>
						</HeartRateBpm>
						<Cadence>57</Cadence>
						<Extensions>
							<ns3:TPX>
								<ns3:Speed>0.491400</ns3:Speed>
							</ns3:TPX>
						</Extensions>
					</Trackpoint>
					<Trackpoint>
						<Time>2569-05-19T14:07:29Z</Time>
						<Position>
							<LatitudeDegrees>9.137588</LatitudeDegrees>
							<LongitudeDegrees>99.330088</LongitudeDegrees>
						</Position>
						<AltitudeMeters>43.350000</AltitudeMeters>
						<HeartRateBpm>
							<Value>110</Value>
						</HeartRateBpm>
						<Cadence>57</Cadence>
						<Extensions>
							<ns3:TPX>
								<ns3:Speed>0.492370</ns3:Speed>
							</ns3:TPX>
						</Extensions>
					</Trackpoint>
					<Trackpoint>
						<Time>2569-05-19T14:07:30Z</Time>
						<Position>
							<LatitudeDegrees>9.137594</LatitudeDegrees>
							<LongitudeDegrees>99.330084</LongitudeDegrees>
						</Position>
						<AltitudeMeters>43.360000</AltitudeMeters>
						<HeartRateBpm>
							<Value>110</Value>
						</HeartRateBpm>
						<Cadence>56</Cadence>
						<Extensions>
							<ns3:TPX>
								<ns3:Speed>0.492370</ns3:Speed>
							</ns3:TPX>
						</Extensions>
					</Trackpoint>
					<Trackpoint>
						<Time>2569-05-19T14:07:32Z</Time>
						<Position>
							<LatitudeDegrees>9.137604</LatitudeDegrees>
							<LongitudeDegrees>99.330072</LongitudeDegrees>
						</Position>
						<AltitudeMeters>43.360000</AltitudeMeters>
						<HeartRateBpm>
							<Value>108</Value>
						</HeartRateBpm>
					</Trackpoint>
					<Trackpoint>
						<Time>2569-05-19T14:07:32Z</Time>
						<Position>
							<LatitudeDegrees>9.137604</LatitudeDegrees>
							<LongitudeDegrees>99.330072</LongitudeDegrees>
						</Position>
						<AltitudeMeters>43.360000</AltitudeMeters>
						<HeartRateBpm>
							<Value>108</Value>
						</HeartRateBpm>
					</Trackpoint>
					<Trackpoint>
						<Time>2569-05-19T14:07:33Z</Time>
						<Position>
							<LatitudeDegrees>9.137610</LatitudeDegrees>
							<LongitudeDegrees>99.330065</LongitudeDegrees>
						</Position>
						<AltitudeMeters>43.360000</AltitudeMeters>
						<HeartRateBpm>
							<Value>107</Value>
						</HeartRateBpm>
					</Trackpoint>
					<Trackpoint>
						<Time>2569-05-19T14:07:34Z</Time>
						<Position>
							<LatitudeDegrees>9.137616</LatitudeDegrees>
							<LongitudeDegrees>99.330056</LongitudeDegrees>
						</Position>
						<AltitudeMeters>43.370000</AltitudeMeters>
						<HeartRateBpm>
							<Value>107</Value>
						</HeartRateBpm>
					</Trackpoint>
					<Trackpoint>
						<Time>2569-05-19T14:07:35Z</Time>
						<Position>
							<LatitudeDegrees>9.137621</LatitudeDegrees>
							<LongitudeDegrees>99.330046</LongitudeDegrees>
						</Position>
						<AltitudeMeters>43.370000</AltitudeMeters>
						<HeartRateBpm>
							<Value>105</Value>
						</HeartRateBpm>
					</Trackpoint>
					<Trackpoint>
						<Time>2569-05-19T14:07:36Z</Time>
						<Position>
							<LatitudeDegrees>9.137623</LatitudeDegrees>
							<LongitudeDegrees>99.330043</LongitudeDegrees>
						</Position>
						<AltitudeMeters>43.370000</AltitudeMeters>
						<HeartRateBpm>
							<Value>104</Value>
						</HeartRateBpm>
					</Trackpoint>
					<Trackpoint>
						<Time>2569-05-19T14:07:37Z</Time>
						<Position>
							<LatitudeDegrees>9.137626</LatitudeDegrees>
							<LongitudeDegrees>99.330040</LongitudeDegrees>
						</Position>
						<AltitudeMeters>43.380000</AltitudeMeters>
						<HeartRateBpm>
							<Value>103</Value>
						</HeartRateBpm>
					</Trackpoint>
					<Trackpoint>
						<Time>2569-05-19T14:07:38Z</Time>
						<Position>
							<LatitudeDegrees>9.137626</LatitudeDegrees>
							<LongitudeDegrees>99.330039</LongitudeDegrees>
						</Position>
						<AltitudeMeters>43.380000</AltitudeMeters>
						<HeartRateBpm>
							<Value>103</Value>
						</HeartRateBpm>
					</Trackpoint>
					<Trackpoint>
						<Time>2569-05-19T14:07:39Z</Time>
						<Position>
							<LatitudeDegrees>9.137628</LatitudeDegrees>
							<LongitudeDegrees>99.330037</LongitudeDegrees>
						</Position>
						<AltitudeMeters>43.380000</AltitudeMeters>
						<HeartRateBpm>
							<Value>102</Value>
						</HeartRateBpm>
						<Cadence>60</Cadence>
						<Extensions>
							<ns3:TPX>
								<ns3:Speed>0.163850</ns3:Speed>
							</ns3:TPX>
						</Extensions>
					</Trackpoint>
					<Trackpoint>
						<Time>2569-05-19T14:07:41Z</Time>
						<Position>
							<LatitudeDegrees>9.137629</LatitudeDegrees>
							<LongitudeDegrees>99.330035</LongitudeDegrees>
						</Position>
						<AltitudeMeters>43.370000</AltitudeMeters>
						<HeartRateBpm>
							<Value>102</Value>
						</HeartRateBpm>
					</Trackpoint>
					<Trackpoint>
						<Time>2569-05-19T14:07:41Z</Time>
						<Position>
							<LatitudeDegrees>9.137629</LatitudeDegrees>
							<LongitudeDegrees>99.330035</LongitudeDegrees>
						</Position>
						<AltitudeMeters>43.370000</AltitudeMeters>
						<HeartRateBpm>
							<Value>102</Value>
						</HeartRateBpm>
					</Trackpoint>
					<Trackpoint>
						<Time>2569-05-19T14:07:43Z</Time>
						<Position>
							<LatitudeDegrees>9.137629</LatitudeDegrees>
							<LongitudeDegrees>99.330034</LongitudeDegrees>
						</Position>
						<AltitudeMeters>43.380000</AltitudeMeters>
						<HeartRateBpm>
							<Value>100</Value>
						</HeartRateBpm>
					</Trackpoint>
					<Trackpoint>
						<Time>2569-05-19T14:07:43Z</Time>
						<Position>
							<LatitudeDegrees>9.137629</LatitudeDegrees>
							<LongitudeDegrees>99.330034</LongitudeDegrees>
						</Position>
						<AltitudeMeters>43.380000</AltitudeMeters>
						<HeartRateBpm>
							<Value>100</Value>
						</HeartRateBpm>
					</Trackpoint>
					<Trackpoint>
						<Time>2569-05-19T14:07:44Z</Time>
						<Position>
							<LatitudeDegrees>9.137629</LatitudeDegrees>
							<LongitudeDegrees>99.330034</LongitudeDegrees>
						</Position>
						<AltitudeMeters>43.380000</AltitudeMeters>
						<HeartRateBpm>
							<Value>100</Value>
						</HeartRateBpm>
					</Trackpoint>
					<Trackpoint>
						<Time>2569-05-19T14:07:45Z</Time>
						<Position>
							<LatitudeDegrees>9.137629</LatitudeDegrees>
							<LongitudeDegrees>99.330034</LongitudeDegrees>
						</Position>
						<AltitudeMeters>43.380000</AltitudeMeters>
						<HeartRateBpm>
							<Value>100</Value>
						</HeartRateBpm>
					</Trackpoint>
					<Trackpoint>
						<Time>2569-05-19T14:07:46Z</Time>
						<Position>
							<LatitudeDegrees>9.137629</LatitudeDegrees>
							<LongitudeDegrees>99.330034</LongitudeDegrees>
						</Position>
						<AltitudeMeters>43.380000</AltitudeMeters>
						<HeartRateBpm>
							<Value>99</Value>
						</HeartRateBpm>
					</Trackpoint>
					<Trackpoint>
						<Time>2569-05-19T14:07:47Z</Time>
						<Position>
							<LatitudeDegrees>9.137629</LatitudeDegrees>
							<LongitudeDegrees>99.330034</LongitudeDegrees>
						</Position>
						<AltitudeMeters>43.380000</AltitudeMeters>
						<HeartRateBpm>
							<Value>99</Value>
						</HeartRateBpm>
					</Trackpoint>
					<Trackpoint>
						<Time>2569-05-19T14:07:48Z</Time>
						<Position>
							<LatitudeDegrees>9.137630</LatitudeDegrees>
							<LongitudeDegrees>99.330034</LongitudeDegrees>
						</Position>
						<AltitudeMeters>43.380000</AltitudeMeters>
						<HeartRateBpm>
							<Value>98</Value>
						</HeartRateBpm>
					</Trackpoint>
					<Trackpoint>
						<Time>2569-05-19T14:07:49Z</Time>
						<Position>
							<LatitudeDegrees>9.137630</LatitudeDegrees>
							<LongitudeDegrees>99.330034</LongitudeDegrees>
						</Position>
						<AltitudeMeters>43.380000</AltitudeMeters>
						<HeartRateBpm>
							<Value>98</Value>
						</HeartRateBpm>
					</Trackpoint>
					<Trackpoint>
						<Time>2569-05-19T14:07:50Z</Time>
						<Position>
							<LatitudeDegrees>9.137631</LatitudeDegrees>
							<LongitudeDegrees>99.330034</LongitudeDegrees>
						</Position>
						<AltitudeMeters>43.380000</AltitudeMeters>
						<HeartRateBpm>
							<Value>98</Value>
						</HeartRateBpm>
					</Trackpoint>
					<Trackpoint>
						<Time>2569-05-19T14:07:51Z</Time>
						<Position>
							<LatitudeDegrees>9.137631</LatitudeDegrees>
							<LongitudeDegrees>99.330034</LongitudeDegrees>
						</Position>
						<AltitudeMeters>43.380000</AltitudeMeters>
						<HeartRateBpm>
							<Value>99</Value>
						</HeartRateBpm>
					</Trackpoint>
					<Trackpoint>
						<Time>2569-05-19T14:07:53Z</Time>
						<Position>
							<LatitudeDegrees>9.137631</LatitudeDegrees>
							<LongitudeDegrees>99.330033</LongitudeDegrees>
						</Position>
						<AltitudeMeters>43.380000</AltitudeMeters>
						<HeartRateBpm>
							<Value>99</Value>
						</HeartRateBpm>
					</Trackpoint>
					<Trackpoint>
						<Time>2569-05-19T14:07:53Z</Time>
						<Position>
							<LatitudeDegrees>9.137631</LatitudeDegrees>
							<LongitudeDegrees>99.330033</LongitudeDegrees>
						</Position>
						<AltitudeMeters>43.380000</AltitudeMeters>
						<HeartRateBpm>
							<Value>99</Value>
						</HeartRateBpm>
					</Trackpoint>
					<Trackpoint>
						<Time>2569-05-19T14:07:55Z</Time>
						<Position>
							<LatitudeDegrees>9.137631</LatitudeDegrees>
							<LongitudeDegrees>99.330033</LongitudeDegrees>
						</Position>
						<AltitudeMeters>43.380000</AltitudeMeters>
						<HeartRateBpm>
							<Value>100</Value>
						</HeartRateBpm>
					</Trackpoint>
					<Trackpoint>
						<Time>2569-05-19T14:07:56Z</Time>
						<Position>
							<LatitudeDegrees>9.137631</LatitudeDegrees>
							<LongitudeDegrees>99.330033</LongitudeDegrees>
						</Position>
						<AltitudeMeters>43.370000</AltitudeMeters>
						<HeartRateBpm>
							<Value>99</Value>
						</HeartRateBpm>
					</Trackpoint>
					<Trackpoint>
						<Time>2569-05-19T14:07:56Z</Time>
						<Position>
							<LatitudeDegrees>9.137631</LatitudeDegrees>
							<LongitudeDegrees>99.330033</LongitudeDegrees>
						</Position>
						<AltitudeMeters>43.370000</AltitudeMeters>
						<HeartRateBpm>
							<Value>99</Value>
						</HeartRateBpm>
					</Trackpoint>
					<Trackpoint>
						<Time>2569-05-19T14:07:57Z</Time>
						<Position>
							<LatitudeDegrees>9.137631</LatitudeDegrees>
							<LongitudeDegrees>99.330033</LongitudeDegrees>
						</Position>
						<AltitudeMeters>43.370000</AltitudeMeters>
						<HeartRateBpm>
							<Value>98</Value>
						</HeartRateBpm>
					</Trackpoint>
					<Trackpoint>
						<Time>2569-05-19T14:07:58Z</Time>
						<Position>
							<LatitudeDegrees>9.137631</LatitudeDegrees>
							<LongitudeDegrees>99.330033</LongitudeDegrees>
						</Position>
						<AltitudeMeters>43.370000</AltitudeMeters>
						<HeartRateBpm>
							<Value>98</Value>
						</HeartRateBpm>
					</Trackpoint>
					<Trackpoint>
						<Time>2569-05-19T14:07:59Z</Time>
						<Position>
							<LatitudeDegrees>9.137631</LatitudeDegrees>
							<LongitudeDegrees>99.330033</LongitudeDegrees>
						</Position>
						<AltitudeMeters>43.370000</AltitudeMeters>
						<HeartRateBpm>
							<Value>99</Value>
						</HeartRateBpm>
					</Trackpoint>
					<Trackpoint>
						<Time>2569-05-19T14:08:00Z</Time>
						<Position>
							<LatitudeDegrees>9.137631</LatitudeDegrees>
							<LongitudeDegrees>99.330033</LongitudeDegrees>
						</Position>
						<AltitudeMeters>43.370000</AltitudeMeters>
						<HeartRateBpm>
							<Value>100</Value>
						</HeartRateBpm>
					</Trackpoint>
					<Trackpoint>
						<Time>2569-05-19T14:08:01Z</Time>
						<Position>
							<LatitudeDegrees>9.137632</LatitudeDegrees>
							<LongitudeDegrees>99.330030</LongitudeDegrees>
						</Position>
						<AltitudeMeters>43.370000</AltitudeMeters>
						<HeartRateBpm>
							<Value>101</Value>
						</HeartRateBpm>
					</Trackpoint>
					<Trackpoint>
						<Time>2569-05-19T14:08:02Z</Time>
						<Position>
							<LatitudeDegrees>9.137635</LatitudeDegrees>
							<LongitudeDegrees>99.330027</LongitudeDegrees>
						</Position>
						<AltitudeMeters>43.370000</AltitudeMeters>
						<HeartRateBpm>
							<Value>102</Value>
						</HeartRateBpm>
					</Trackpoint>
					<Trackpoint>
						<Time>2569-05-19T14:08:03Z</Time>
						<Position>
							<LatitudeDegrees>9.137638</LatitudeDegrees>
							<LongitudeDegrees>99.330022</LongitudeDegrees>
						</Position>
						<AltitudeMeters>43.370000</AltitudeMeters>
						<HeartRateBpm>
							<Value>103</Value>
						</HeartRateBpm>
					</Trackpoint>
					<Trackpoint>
						<Time>2569-05-19T14:08:05Z</Time>
						<Position>
							<LatitudeDegrees>9.137642</LatitudeDegrees>
							<LongitudeDegrees>99.330016</LongitudeDegrees>
						</Position>
						<AltitudeMeters>43.360000</AltitudeMeters>
						<HeartRateBpm>
							<Value>103</Value>
						</HeartRateBpm>
					</Trackpoint>
					<Trackpoint>
						<Time>2569-05-19T14:08:06Z</Time>
						<Position>
							<LatitudeDegrees>9.137647</LatitudeDegrees>
							<LongitudeDegrees>99.330009</LongitudeDegrees>
						</Position>
						<AltitudeMeters>43.360000</AltitudeMeters>
						<Cadence>53</Cadence>
						<Extensions>
							<ns3:TPX>
								<ns3:Speed>0.503780</ns3:Speed>
							</ns3:TPX>
						</Extensions>
					</Trackpoint>
					<Trackpoint>
						<Time>2569-05-19T14:08:07Z</Time>
						<Position>
							<LatitudeDegrees>9.137653</LatitudeDegrees>
							<LongitudeDegrees>99.330003</LongitudeDegrees>
						</Position>
						<AltitudeMeters>43.360000</AltitudeMeters>
						<HeartRateBpm>
							<Value>103</Value>
						</HeartRateBpm>
						<Cadence>53</Cadence>
						<Extensions>
							<ns3:TPX>
								<ns3:Speed>0.609010</ns3:Speed>
							</ns3:TPX>
						</Extensions>
					</Trackpoint>
					<Trackpoint>
						<Time>2569-05-19T14:08:08Z</Time>
						<Position>
							<LatitudeDegrees>9.137657</LatitudeDegrees>
							<LongitudeDegrees>99.329997</LongitudeDegrees>
						</Position>
						<AltitudeMeters>43.360000</AltitudeMeters>
						<HeartRateBpm>
							<Value>103</Value>
						</HeartRateBpm>
						<Cadence>54</Cadence>
						<Extensions>
							<ns3:TPX>
								<ns3:Speed>0.712760</ns3:Speed>
							</ns3:TPX>
						</Extensions>
					</Trackpoint>
					<Trackpoint>
						<Time>2569-05-19T14:08:09Z</Time>
						<Position>
							<LatitudeDegrees>9.137663</LatitudeDegrees>
							<LongitudeDegrees>99.329992</LongitudeDegrees>
						</Position>
						<AltitudeMeters>43.360000</AltitudeMeters>
						<HeartRateBpm>
							<Value>104</Value>
						</HeartRateBpm>
						<Cadence>54</Cadence>
						<Extensions>
							<ns3:TPX>
								<ns3:Speed>0.781250</ns3:Speed>
							</ns3:TPX>
						</Extensions>
					</Trackpoint>
					<Trackpoint>
						<Time>2569-05-19T14:08:10Z</Time>
						<Position>
							<LatitudeDegrees>9.137668</LatitudeDegrees>
							<LongitudeDegrees>99.329986</LongitudeDegrees>
						</Position>
						<AltitudeMeters>43.360000</AltitudeMeters>
						<HeartRateBpm>
							<Value>104</Value>
						</HeartRateBpm>
						<Cadence>54</Cadence>
						<Extensions>
							<ns3:TPX>
								<ns3:Speed>0.805800</ns3:Speed>
							</ns3:TPX>
						</Extensions>
					</Trackpoint>
					<Trackpoint>
						<Time>2569-05-19T14:08:11Z</Time>
						<Position>
							<LatitudeDegrees>9.137673</LatitudeDegrees>
							<LongitudeDegrees>99.329981</LongitudeDegrees>
						</Position>
						<AltitudeMeters>43.360000</AltitudeMeters>
						<HeartRateBpm>
							<Value>103</Value>
						</HeartRateBpm>
						<Cadence>55</Cadence>
						<Extensions>
							<ns3:TPX>
								<ns3:Speed>0.814330</ns3:Speed>
							</ns3:TPX>
						</Extensions>
					</Trackpoint>
					<Trackpoint>
						<Time>2569-05-19T14:08:12Z</Time>
						<Position>
							<LatitudeDegrees>9.137678</LatitudeDegrees>
							<LongitudeDegrees>99.329974</LongitudeDegrees>
						</Position>
						<AltitudeMeters>43.360000</AltitudeMeters>
						<HeartRateBpm>
							<Value>103</Value>
						</HeartRateBpm>
						<Cadence>54</Cadence>
						<Extensions>
							<ns3:TPX>
								<ns3:Speed>0.827130</ns3:Speed>
							</ns3:TPX>
						</Extensions>
					</Trackpoint>
					<Trackpoint>
						<Time>2569-05-19T14:08:13Z</Time>
						<Position>
							<LatitudeDegrees>9.137683</LatitudeDegrees>
							<LongitudeDegrees>99.329965</LongitudeDegrees>
						</Position>
						<AltitudeMeters>43.350000</AltitudeMeters>
						<HeartRateBpm>
							<Value>102</Value>
						</HeartRateBpm>
						<Cadence>53</Cadence>
						<Extensions>
							<ns3:TPX>
								<ns3:Speed>0.838220</ns3:Speed>
							</ns3:TPX>
						</Extensions>
					</Trackpoint>
					<Trackpoint>
						<Time>2569-05-19T14:08:14Z</Time>
						<Position>
							<LatitudeDegrees>9.137691</LatitudeDegrees>
							<LongitudeDegrees>99.329953</LongitudeDegrees>
						</Position>
						<AltitudeMeters>43.350000</AltitudeMeters>
						<HeartRateBpm>
							<Value>102</Value>
						</HeartRateBpm>
						<Cadence>52</Cadence>
						<Extensions>
							<ns3:TPX>
								<ns3:Speed>0.838220</ns3:Speed>
							</ns3:TPX>
						</Extensions>
					</Trackpoint>
					<Trackpoint>
						<Time>2569-05-19T14:08:15Z</Time>
						<Position>
							<LatitudeDegrees>9.137697</LatitudeDegrees>
							<LongitudeDegrees>99.329944</LongitudeDegrees>
						</Position>
						<AltitudeMeters>43.350000</AltitudeMeters>
						<HeartRateBpm>
							<Value>101</Value>
						</HeartRateBpm>
						<Cadence>52</Cadence>
						<Extensions>
							<ns3:TPX>
								<ns3:Speed>0.860590</ns3:Speed>
							</ns3:TPX>
						</Extensions>
					</Trackpoint>
					<Trackpoint>
						<Time>2569-05-19T14:08:16Z</Time>
						<Position>
							<LatitudeDegrees>9.137701</LatitudeDegrees>
							<LongitudeDegrees>99.329939</LongitudeDegrees>
						</Position>
						<AltitudeMeters>43.350000</AltitudeMeters>
						<HeartRateBpm>
							<Value>101</Value>
						</HeartRateBpm>
						<Cadence>52</Cadence>
						<Extensions>
							<ns3:TPX>
								<ns3:Speed>0.881060</ns3:Speed>
							</ns3:TPX>
						</Extensions>
					</Trackpoint>
					<Trackpoint>
						<Time>2569-05-19T14:08:17Z</Time>
						<Position>
							<LatitudeDegrees>9.137706</LatitudeDegrees>
							<LongitudeDegrees>99.329934</LongitudeDegrees>
						</Position>
						<AltitudeMeters>43.350000</AltitudeMeters>
						<HeartRateBpm>
							<Value>101</Value>
						</HeartRateBpm>
						<Cadence>52</Cadence>
						<Extensions>
							<ns3:TPX>
								<ns3:Speed>0.879510</ns3:Speed>
							</ns3:TPX>
						</Extensions>
					</Trackpoint>
					<Trackpoint>
						<Time>2569-05-19T14:08:18Z</Time>
						<Position>
							<LatitudeDegrees>9.137710</LatitudeDegrees>
							<LongitudeDegrees>99.329930</LongitudeDegrees>
						</Position>
						<AltitudeMeters>43.340000</AltitudeMeters>
						<HeartRateBpm>
							<Value>101</Value>
						</HeartRateBpm>
						<Cadence>52</Cadence>
						<Extensions>
							<ns3:TPX>
								<ns3:Speed>0.866550</ns3:Speed>
							</ns3:TPX>
						</Extensions>
					</Trackpoint>
					<Trackpoint>
						<Time>2569-05-19T14:08:19Z</Time>
						<Position>
							<LatitudeDegrees>9.137717</LatitudeDegrees>
							<LongitudeDegrees>99.329925</LongitudeDegrees>
						</Position>
						<AltitudeMeters>43.320000</AltitudeMeters>
						<HeartRateBpm>
							<Value>102</Value>
						</HeartRateBpm>
						<Cadence>53</Cadence>
						<Extensions>
							<ns3:TPX>
								<ns3:Speed>0.777600</ns3:Speed>
							</ns3:TPX>
						</Extensions>
					</Trackpoint>
					<Trackpoint>
						<Time>2569-05-19T14:08:20Z</Time>
						<Position>
							<LatitudeDegrees>9.137723</LatitudeDegrees>
							<LongitudeDegrees>99.329915</LongitudeDegrees>
						</Position>
						<AltitudeMeters>43.310000</AltitudeMeters>
						<HeartRateBpm>
							<Value>103</Value>
						</HeartRateBpm>
						<Cadence>53</Cadence>
						<Extensions>
							<ns3:TPX>
								<ns3:Speed>0.701750</ns3:Speed>
							</ns3:TPX>
						</Extensions>
					</Trackpoint>
					<Trackpoint>
						<Time>2569-05-19T14:08:21Z</Time>
						<Position>
							<LatitudeDegrees>9.137730</LatitudeDegrees>
							<LongitudeDegrees>99.329906</LongitudeDegrees>
						</Position>
						<AltitudeMeters>43.310000</AltitudeMeters>
						<HeartRateBpm>
							<Value>104</Value>
						</HeartRateBpm>
						<Cadence>53</Cadence>
						<Extensions>
							<ns3:TPX>
								<ns3:Speed>0.689660</ns3:Speed>
							</ns3:TPX>
						</Extensions>
					</Trackpoint>
					<Trackpoint>
						<Time>2569-05-19T14:08:22Z</Time>
						<Position>
							<LatitudeDegrees>9.137736</LatitudeDegrees>
							<LongitudeDegrees>99.329900</LongitudeDegrees>
						</Position>
						<AltitudeMeters>43.310000</AltitudeMeters>
						<HeartRateBpm>
							<Value>104</Value>
						</HeartRateBpm>
						<Cadence>53</Cadence>
						<Extensions>
							<ns3:TPX>
								<ns3:Speed>0.676590</ns3:Speed>
							</ns3:TPX>
						</Extensions>
					</Trackpoint>
					<Trackpoint>
						<Time>2569-05-19T14:08:23Z</Time>
						<Position>
							<LatitudeDegrees>9.137746</LatitudeDegrees>
							<LongitudeDegrees>99.329888</LongitudeDegrees>
						</Position>
						<AltitudeMeters>43.300000</AltitudeMeters>
						<HeartRateBpm>
							<Value>104</Value>
						</HeartRateBpm>
						<Cadence>52</Cadence>
						<Extensions>
							<ns3:TPX>
								<ns3:Speed>0.669790</ns3:Speed>
							</ns3:TPX>
						</Extensions>
					</Trackpoint>
					<Trackpoint>
						<Time>2569-05-19T14:08:24Z</Time>
						<Position>
							<LatitudeDegrees>9.137753</LatitudeDegrees>
							<LongitudeDegrees>99.329874</LongitudeDegrees>
						</Position>
						<AltitudeMeters>43.300000</AltitudeMeters>
						<HeartRateBpm>
							<Value>103</Value>
						</HeartRateBpm>
						<Cadence>51</Cadence>
						<Extensions>
							<ns3:TPX>
								<ns3:Speed>0.666220</ns3:Speed>
							</ns3:TPX>
						</Extensions>
					</Trackpoint>
					<Trackpoint>
						<Time>2569-05-19T14:08:25Z</Time>
						<Position>
							<LatitudeDegrees>9.137763</LatitudeDegrees>
							<LongitudeDegrees>99.329861</LongitudeDegrees>
						</Position>
						<AltitudeMeters>43.290000</AltitudeMeters>
						<HeartRateBpm>
							<Value>102</Value>
						</HeartRateBpm>
						<Cadence>51</Cadence>
						<Extensions>
							<ns3:TPX>
								<ns3:Speed>0.676590</ns3:Speed>
							</ns3:TPX>
						</Extensions>
					</Trackpoint>
					<Trackpoint>
						<Time>2569-05-19T14:08:26Z</Time>
						<Position>
							<LatitudeDegrees>9.137773</LatitudeDegrees>
							<LongitudeDegrees>99.329848</LongitudeDegrees>
						</Position>
						<AltitudeMeters>43.280000</AltitudeMeters>
						<HeartRateBpm>
							<Value>102</Value>
						</HeartRateBpm>
						<Cadence>51</Cadence>
						<Extensions>
							<ns3:TPX>
								<ns3:Speed>0.701750</ns3:Speed>
							</ns3:TPX>
						</Extensions>
					</Trackpoint>
					<Trackpoint>
						<Time>2569-05-19T14:08:27Z</Time>
						<Position>
							<LatitudeDegrees>9.137784</LatitudeDegrees>
							<LongitudeDegrees>99.329838</LongitudeDegrees>
						</Position>
						<AltitudeMeters>43.260000</AltitudeMeters>
						<HeartRateBpm>
							<Value>102</Value>
						</HeartRateBpm>
						<Cadence>51</Cadence>
						<Extensions>
							<ns3:TPX>
								<ns3:Speed>0.776400</ns3:Speed>
							</ns3:TPX>
						</Extensions>
					</Trackpoint>
					<Trackpoint>
						<Time>2569-05-19T14:08:28Z</Time>
						<Position>
							<LatitudeDegrees>9.137795</LatitudeDegrees>
							<LongitudeDegrees>99.329828</LongitudeDegrees>
						</Position>
						<AltitudeMeters>43.250000</AltitudeMeters>
						<HeartRateBpm>
							<Value>102</Value>
						</HeartRateBpm>
						<Cadence>53</Cadence>
						<Extensions>
							<ns3:TPX>
								<ns3:Speed>0.834030</ns3:Speed>
							</ns3:TPX>
						</Extensions>
					</Trackpoint>
					<Trackpoint>
						<Time>2569-05-19T14:08:29Z</Time>
						<Position>
							<LatitudeDegrees>9.137804</LatitudeDegrees>
							<LongitudeDegrees>99.329819</LongitudeDegrees>
						</Position>
						<AltitudeMeters>43.240000</AltitudeMeters>
						<HeartRateBpm>
							<Value>101</Value>
						</HeartRateBpm>
						<Cadence>54</Cadence>
						<Extensions>
							<ns3:TPX>
								<ns3:Speed>0.834030</ns3:Speed>
							</ns3:TPX>
						</Extensions>
					</Trackpoint>
					<Trackpoint>
						<Time>2569-05-19T14:08:30Z</Time>
						<Position>
							<LatitudeDegrees>9.137809</LatitudeDegrees>
							<LongitudeDegrees>99.329810</LongitudeDegrees>
						</Position>
						<AltitudeMeters>43.230000</AltitudeMeters>
						<HeartRateBpm>
							<Value>100</Value>
						</HeartRateBpm>
						<Cadence>55</Cadence>
						<Extensions>
							<ns3:TPX>
								<ns3:Speed>0.889680</ns3:Speed>
							</ns3:TPX>
						</Extensions>
					</Trackpoint>
					<Trackpoint>
						<Time>2569-05-19T14:08:31Z</Time>
						<Position>
							<LatitudeDegrees>9.137815</LatitudeDegrees>
							<LongitudeDegrees>99.329801</LongitudeDegrees>
						</Position>
						<AltitudeMeters>43.220000</AltitudeMeters>
						<HeartRateBpm>
							<Value>100</Value>
						</HeartRateBpm>
						<Cadence>55</Cadence>
						<Extensions>
							<ns3:TPX>
								<ns3:Speed>0.985220</ns3:Speed>
							</ns3:TPX>
						</Extensions>
					</Trackpoint>
					<Trackpoint>
						<Time>2569-05-19T14:08:32Z</Time>
						<Position>
							<LatitudeDegrees>9.137822</LatitudeDegrees>
							<LongitudeDegrees>99.329791</LongitudeDegrees>
						</Position>
						<AltitudeMeters>43.210000</AltitudeMeters>
						<HeartRateBpm>
							<Value>101</Value>
						</HeartRateBpm>
						<Cadence>55</Cadence>
						<Extensions>
							<ns3:TPX>
								<ns3:Speed>1.025640</ns3:Speed>
							</ns3:TPX>
						</Extensions>
					</Trackpoint>
					<Trackpoint>
						<Time>2569-05-19T14:08:33Z</Time>
						<Position>
							<LatitudeDegrees>9.137829</LatitudeDegrees>
							<LongitudeDegrees>99.329778</LongitudeDegrees>
						</Position>
						<AltitudeMeters>43.200000</AltitudeMeters>
						<HeartRateBpm>
							<Value>101</Value>
						</HeartRateBpm>
						<Cadence>55</Cadence>
						<Extensions>
							<ns3:TPX>
								<ns3:Speed>1.024590</ns3:Speed>
							</ns3:TPX>
						</Extensions>
					</Trackpoint>
					<Trackpoint>
						<Time>2569-05-19T14:08:34Z</Time>
						<Position>
							<LatitudeDegrees>9.137835</LatitudeDegrees>
							<LongitudeDegrees>99.329766</LongitudeDegrees>
						</Position>
						<AltitudeMeters>43.190000</AltitudeMeters>
						<HeartRateBpm>
							<Value>101</Value>
						</HeartRateBpm>
						<Cadence>54</Cadence>
						<Extensions>
							<ns3:TPX>
								<ns3:Speed>0.997010</ns3:Speed>
							</ns3:TPX>
						</Extensions>
					</Trackpoint>
					<Trackpoint>
						<Time>2569-05-19T14:08:35Z</Time>
						<Position>
							<LatitudeDegrees>9.137842</LatitudeDegrees>
							<LongitudeDegrees>99.329755</LongitudeDegrees>
						</Position>
						<AltitudeMeters>43.190000</AltitudeMeters>
						<HeartRateBpm>
							<Value>101</Value>
						</HeartRateBpm>
						<Cadence>54</Cadence>
						<Extensions>
							<ns3:TPX>
								<ns3:Speed>0.963390</ns3:Speed>
							</ns3:TPX>
						</Extensions>
					</Trackpoint>
					<Trackpoint>
						<Time>2569-05-19T14:08:36Z</Time>
						<Position>
							<LatitudeDegrees>9.137846</LatitudeDegrees>
							<LongitudeDegrees>99.329743</LongitudeDegrees>
						</Position>
						<AltitudeMeters>43.190000</AltitudeMeters>
						<HeartRateBpm>
							<Value>101</Value>
						</HeartRateBpm>
						<Cadence>53</Cadence>
						<Extensions>
							<ns3:TPX>
								<ns3:Speed>0.927640</ns3:Speed>
							</ns3:TPX>
						</Extensions>
					</Trackpoint>
					<Trackpoint>
						<Time>2569-05-19T14:08:37Z</Time>
						<Position>
							<LatitudeDegrees>9.137854</LatitudeDegrees>
							<LongitudeDegrees>99.329733</LongitudeDegrees>
						</Position>
						<AltitudeMeters>43.180000</AltitudeMeters>
						<HeartRateBpm>
							<Value>101</Value>
						</HeartRateBpm>
						<Cadence>52</Cadence>
						<Extensions>
							<ns3:TPX>
								<ns3:Speed>0.877190</ns3:Speed>
							</ns3:TPX>
						</Extensions>
					</Trackpoint>
					<Trackpoint>
						<Time>2569-05-19T14:08:38Z</Time>
						<Position>
							<LatitudeDegrees>9.137864</LatitudeDegrees>
							<LongitudeDegrees>99.329728</LongitudeDegrees>
						</Position>
						<AltitudeMeters>43.190000</AltitudeMeters>
						<HeartRateBpm>
							<Value>101</Value>
						</HeartRateBpm>
						<Cadence>51</Cadence>
						<Extensions>
							<ns3:TPX>
								<ns3:Speed>0.857630</ns3:Speed>
							</ns3:TPX>
						</Extensions>
					</Trackpoint>
					<Trackpoint>
						<Time>2569-05-19T14:08:39Z</Time>
						<Position>
							<LatitudeDegrees>9.137873</LatitudeDegrees>
							<LongitudeDegrees>99.329722</LongitudeDegrees>
						</Position>
						<AltitudeMeters>43.180000</AltitudeMeters>
						<HeartRateBpm>
							<Value>100</Value>
						</HeartRateBpm>
						<Cadence>51</Cadence>
						<Extensions>
							<ns3:TPX>
								<ns3:Speed>0.857630</ns3:Speed>
							</ns3:TPX>
						</Extensions>
					</Trackpoint>
					<Trackpoint>
						<Time>2569-05-19T14:08:40Z</Time>
						<Position>
							<LatitudeDegrees>9.137882</LatitudeDegrees>
							<LongitudeDegrees>99.329718</LongitudeDegrees>
						</Position>
						<AltitudeMeters>43.180000</AltitudeMeters>
						<HeartRateBpm>
							<Value>100</Value>
						</HeartRateBpm>
						<Cadence>51</Cadence>
						<Extensions>
							<ns3:TPX>
								<ns3:Speed>0.873360</ns3:Speed>
							</ns3:TPX>
						</Extensions>
					</Trackpoint>
					<Trackpoint>
						<Time>2569-05-19T14:08:41Z</Time>
						<Position>
							<LatitudeDegrees>9.137890</LatitudeDegrees>
							<LongitudeDegrees>99.329714</LongitudeDegrees>
						</Position>
						<AltitudeMeters>43.180000</AltitudeMeters>
						<HeartRateBpm>
							<Value>100</Value>
						</HeartRateBpm>
						<Cadence>51</Cadence>
						<Extensions>
							<ns3:TPX>
								<ns3:Speed>0.890470</ns3:Speed>
							</ns3:TPX>
						</Extensions>
					</Trackpoint>
					<Trackpoint>
						<Time>2569-05-19T14:08:42Z</Time>
						<Position>
							<LatitudeDegrees>9.137897</LatitudeDegrees>
							<LongitudeDegrees>99.329711</LongitudeDegrees>
						</Position>
						<AltitudeMeters>43.180000</AltitudeMeters>
						<HeartRateBpm>
							<Value>100</Value>
						</HeartRateBpm>
						<Cadence>52</Cadence>
						<Extensions>
							<ns3:TPX>
								<ns3:Speed>0.899280</ns3:Speed>
							</ns3:TPX>
						</Extensions>
					</Trackpoint>
					<Trackpoint>
						<Time>2569-05-19T14:08:43Z</Time>
						<Position>
							<LatitudeDegrees>9.137904</LatitudeDegrees>
							<LongitudeDegrees>99.329708</LongitudeDegrees>
						</Position>
						<AltitudeMeters>43.180000</AltitudeMeters>
						<HeartRateBpm>
							<Value>100</Value>
						</HeartRateBpm>
						<Cadence>53</Cadence>
						<Extensions>
							<ns3:TPX>
								<ns3:Speed>0.910750</ns3:Speed>
							</ns3:TPX>
						</Extensions>
					</Trackpoint>
					<Trackpoint>
						<Time>2569-05-19T14:08:44Z</Time>
						<Position>
							<LatitudeDegrees>9.137914</LatitudeDegrees>
							<LongitudeDegrees>99.329708</LongitudeDegrees>
						</Position>
						<AltitudeMeters>43.170000</AltitudeMeters>
						<HeartRateBpm>
							<Value>100</Value>
						</HeartRateBpm>
						<Cadence>52</Cadence>
						<Extensions>
							<ns3:TPX>
								<ns3:Speed>0.919120</ns3:Speed>
							</ns3:TPX>
						</Extensions>
					</Trackpoint>
					<Trackpoint>
						<Time>2569-05-19T14:08:45Z</Time>
						<Position>
							<LatitudeDegrees>9.137923</LatitudeDegrees>
							<LongitudeDegrees>99.329707</LongitudeDegrees>
						</Position>
						<AltitudeMeters>43.170000</AltitudeMeters>
						<HeartRateBpm>
							<Value>100</Value>
						</HeartRateBpm>
						<Cadence>52</Cadence>
						<Extensions>
							<ns3:TPX>
								<ns3:Speed>0.924210</ns3:Speed>
							</ns3:TPX>
						</Extensions>
					</Trackpoint>
					<Trackpoint>
						<Time>2569-05-19T14:08:46Z</Time>
						<Position>
							<LatitudeDegrees>9.137933</LatitudeDegrees>
							<LongitudeDegrees>99.329707</LongitudeDegrees>
						</Position>
						<AltitudeMeters>43.170000</AltitudeMeters>
						<HeartRateBpm>
							<Value>99</Value>
						</HeartRateBpm>
						<Cadence>51</Cadence>
						<Extensions>
							<ns3:TPX>
								<ns3:Speed>0.927640</ns3:Speed>
							</ns3:TPX>
						</Extensions>
					</Trackpoint>
					<Trackpoint>
						<Time>2569-05-19T14:08:47Z</Time>
						<Position>
							<LatitudeDegrees>9.137943</LatitudeDegrees>
							<LongitudeDegrees>99.329706</LongitudeDegrees>
						</Position>
						<AltitudeMeters>43.160000</AltitudeMeters>
						<HeartRateBpm>
							<Value>100</Value>
						</HeartRateBpm>
						<Cadence>50</Cadence>
						<Extensions>
							<ns3:TPX>
								<ns3:Speed>0.928510</ns3:Speed>
							</ns3:TPX>
						</Extensions>
					</Trackpoint>
					<Trackpoint>
						<Time>2569-05-19T14:08:48Z</Time>
						<Position>
							<LatitudeDegrees>9.137954</LatitudeDegrees>
							<LongitudeDegrees>99.329702</LongitudeDegrees>
						</Position>
						<AltitudeMeters>43.160000</AltitudeMeters>
						<HeartRateBpm>
							<Value>100</Value>
						</HeartRateBpm>
						<Cadence>50</Cadence>
						<Extensions>
							<ns3:TPX>
								<ns3:Speed>0.930230</ns3:Speed>
							</ns3:TPX>
						</Extensions>
					</Trackpoint>
					<Trackpoint>
						<Time>2569-05-19T14:08:49Z</Time>
						<Position>
							<LatitudeDegrees>9.137962</LatitudeDegrees>
							<LongitudeDegrees>99.329687</LongitudeDegrees>
						</Position>
						<AltitudeMeters>43.160000</AltitudeMeters>
						<HeartRateBpm>
							<Value>100</Value>
						</HeartRateBpm>
						<Cadence>50</Cadence>
						<Extensions>
							<ns3:TPX>
								<ns3:Speed>0.927640</ns3:Speed>
							</ns3:TPX>
						</Extensions>
					</Trackpoint>
					<Trackpoint>
						<Time>2569-05-19T14:08:50Z</Time>
						<Position>
							<LatitudeDegrees>9.137967</LatitudeDegrees>
							<LongitudeDegrees>99.329664</LongitudeDegrees>
						</Position>
						<AltitudeMeters>43.150000</AltitudeMeters>
						<HeartRateBpm>
							<Value>100</Value>
						</HeartRateBpm>
						<Cadence>50</Cadence>
						<Extensions>
							<ns3:TPX>
								<ns3:Speed>0.922510</ns3:Speed>
							</ns3:TPX>
						</Extensions>
					</Trackpoint>
					<Trackpoint>
						<Time>2569-05-19T14:08:51Z</Time>
						<Position>
							<LatitudeDegrees>9.137971</LatitudeDegrees>
							<LongitudeDegrees>99.329642</LongitudeDegrees>
						</Position>
						<AltitudeMeters>43.150000</AltitudeMeters>
						<HeartRateBpm>
							<Value>101</Value>
						</HeartRateBpm>
						<Cadence>49</Cadence>
						<Extensions>
							<ns3:TPX>
								<ns3:Speed>0.915750</ns3:Speed>
							</ns3:TPX>
						</Extensions>
					</Trackpoint>
					<Trackpoint>
						<Time>2569-05-19T14:08:52Z</Time>
						<Position>
							<LatitudeDegrees>9.137979</LatitudeDegrees>
							<LongitudeDegrees>99.329629</LongitudeDegrees>
						</Position>
						<AltitudeMeters>43.150000</AltitudeMeters>
						<HeartRateBpm>
							<Value>100</Value>
						</HeartRateBpm>
						<Cadence>49</Cadence>
						<Extensions>
							<ns3:TPX>
								<ns3:Speed>0.909920</ns3:Speed>
							</ns3:TPX>
						</Extensions>
					</Trackpoint>
					<Trackpoint>
						<Time>2569-05-19T14:08:53Z</Time>
						<Position>
							<LatitudeDegrees>9.137992</LatitudeDegrees>
							<LongitudeDegrees>99.329623</LongitudeDegrees>
						</Position>
						<AltitudeMeters>43.140000</AltitudeMeters>
						<HeartRateBpm>
							<Value>100</Value>
						</HeartRateBpm>
						<Cadence>49</Cadence>
						<Extensions>
							<ns3:TPX>
								<ns3:Speed>0.905800</ns3:Speed>
							</ns3:TPX>
						</Extensions>
					</Trackpoint>
					<Trackpoint>
						<Time>2569-05-19T14:08:54Z</Time>
						<Position>
							<LatitudeDegrees>9.138008</LatitudeDegrees>
							<LongitudeDegrees>99.329616</LongitudeDegrees>
						</Position>
						<AltitudeMeters>43.130000</AltitudeMeters>
						<HeartRateBpm>
							<Value>100</Value>
						</HeartRateBpm>
						<Cadence>49</Cadence>
						<Extensions>
							<ns3:TPX>
								<ns3:Speed>0.903340</ns3:Speed>
							</ns3:TPX>
						</Extensions>
					</Trackpoint>
					<Trackpoint>
						<Time>2569-05-19T14:08:55Z</Time>
						<Position>
							<LatitudeDegrees>9.138022</LatitudeDegrees>
							<LongitudeDegrees>99.329612</LongitudeDegrees>
						</Position>
						<AltitudeMeters>43.120000</AltitudeMeters>
						<HeartRateBpm>
							<Value>100</Value>
						</HeartRateBpm>
						<Cadence>49</Cadence>
						<Extensions>
							<ns3:TPX>
								<ns3:Speed>0.900900</ns3:Speed>
							</ns3:TPX>
						</Extensions>
					</Trackpoint>
					<Trackpoint>
						<Time>2569-05-19T14:08:56Z</Time>
						<Position>
							<LatitudeDegrees>9.138036</LatitudeDegrees>
							<LongitudeDegrees>99.329607</LongitudeDegrees>
						</Position>
						<AltitudeMeters>43.120000</AltitudeMeters>
						<HeartRateBpm>
							<Value>100</Value>
						</HeartRateBpm>
						<Cadence>49</Cadence>
						<Extensions>
							<ns3:TPX>
								<ns3:Speed>0.899280</ns3:Speed>
							</ns3:TPX>
						</Extensions>
					</Trackpoint>
					<Trackpoint>
						<Time>2569-05-19T14:08:57Z</Time>
						<Position>
							<LatitudeDegrees>9.138048</LatitudeDegrees>
							<LongitudeDegrees>99.329601</LongitudeDegrees>
						</Position>
						<AltitudeMeters>43.110000</AltitudeMeters>
						<HeartRateBpm>
							<Value>100</Value>
						</HeartRateBpm>
						<Cadence>49</Cadence>
						<Extensions>
							<ns3:TPX>
								<ns3:Speed>0.899280</ns3:Speed>
							</ns3:TPX>
						</Extensions>
					</Trackpoint>
					<Trackpoint>
						<Time>2569-05-19T14:08:58Z</Time>
						<Position>
							<LatitudeDegrees>9.138059</LatitudeDegrees>
							<LongitudeDegrees>99.329596</LongitudeDegrees>
						</Position>
						<AltitudeMeters>43.100000</AltitudeMeters>
						<HeartRateBpm>
							<Value>101</Value>
						</HeartRateBpm>
						<Cadence>49</Cadence>
						<Extensions>
							<ns3:TPX>
								<ns3:Speed>0.900090</ns3:Speed>
							</ns3:TPX>
						</Extensions>
					</Trackpoint>
					<Trackpoint>
						<Time>2569-05-19T14:08:59Z</Time>
						<Position>
							<LatitudeDegrees>9.138068</LatitudeDegrees>
							<LongitudeDegrees>99.329592</LongitudeDegrees>
						</Position>
						<AltitudeMeters>43.100000</AltitudeMeters>
						<HeartRateBpm>
							<Value>101</Value>
						</HeartRateBpm>
						<Cadence>49</Cadence>
						<Extensions>
							<ns3:TPX>
								<ns3:Speed>0.901710</ns3:Speed>
							</ns3:TPX>
						</Extensions>
					</Trackpoint>
					<Trackpoint>
						<Time>2569-05-19T14:09:00Z</Time>
						<Position>
							<LatitudeDegrees>9.138078</LatitudeDegrees>
							<LongitudeDegrees>99.329587</LongitudeDegrees>
						</Position>
						<AltitudeMeters>43.090000</AltitudeMeters>
						<HeartRateBpm>
							<Value>101</Value>
						</HeartRateBpm>
						<Cadence>50</Cadence>
						<Extensions>
							<ns3:TPX>
								<ns3:Speed>0.904160</ns3:Speed>
							</ns3:TPX>
						</Extensions>
					</Trackpoint>
					<Trackpoint>
						<Time>2569-05-19T14:09:01Z</Time>
						<Position>
							<LatitudeDegrees>9.138090</LatitudeDegrees>
							<LongitudeDegrees>99.329583</LongitudeDegrees>
						</Position>
						<AltitudeMeters>43.090000</AltitudeMeters>
						<HeartRateBpm>
							<Value>102</Value>
						</HeartRateBpm>
						<Cadence>50</Cadence>
						<Extensions>
							<ns3:TPX>
								<ns3:Speed>0.905800</ns3:Speed>
							</ns3:TPX>
						</Extensions>
					</Trackpoint>
					<Trackpoint>
						<Time>2569-05-19T14:09:02Z</Time>
						<Position>
							<LatitudeDegrees>9.138101</LatitudeDegrees>
							<LongitudeDegrees>99.329580</LongitudeDegrees>
						</Position>
						<AltitudeMeters>43.080000</AltitudeMeters>
						<HeartRateBpm>
							<Value>102</Value>
						</HeartRateBpm>
						<Cadence>50</Cadence>
						<Extensions>
							<ns3:TPX>
								<ns3:Speed>0.905800</ns3:Speed>
							</ns3:TPX>
						</Extensions>
					</Trackpoint>
					<Trackpoint>
						<Time>2569-05-19T14:09:03Z</Time>
						<Position>
							<LatitudeDegrees>9.138110</LatitudeDegrees>
							<LongitudeDegrees>99.329575</LongitudeDegrees>
						</Position>
						<AltitudeMeters>43.080000</AltitudeMeters>
						<HeartRateBpm>
							<Value>102</Value>
						</HeartRateBpm>
						<Cadence>50</Cadence>
						<Extensions>
							<ns3:TPX>
								<ns3:Speed>0.905800</ns3:Speed>
							</ns3:TPX>
						</Extensions>
					</Trackpoint>
					<Trackpoint>
						<Time>2569-05-19T14:09:04Z</Time>
						<Position>
							<LatitudeDegrees>9.138119</LatitudeDegrees>
							<LongitudeDegrees>99.329571</LongitudeDegrees>
						</Position>
						<AltitudeMeters>43.080000</AltitudeMeters>
						<HeartRateBpm>
							<Value>102</Value>
						</HeartRateBpm>
						<Cadence>50</Cadence>
						<Extensions>
							<ns3:TPX>
								<ns3:Speed>0.904160</ns3:Speed>
							</ns3:TPX>
						</Extensions>
					</Trackpoint>
					<Trackpoint>
						<Time>2569-05-19T14:09:05Z</Time>
						<Position>
							<LatitudeDegrees>9.138128</LatitudeDegrees>
							<LongitudeDegrees>99.329568</LongitudeDegrees>
						</Position>
						<AltitudeMeters>43.090000</AltitudeMeters>
						<HeartRateBpm>
							<Value>102</Value>
						</HeartRateBpm>
						<Cadence>50</Cadence>
						<Extensions>
							<ns3:TPX>
								<ns3:Speed>0.901710</ns3:Speed>
							</ns3:TPX>
						</Extensions>
					</Trackpoint>
					<Trackpoint>
						<Time>2569-05-19T14:09:06Z</Time>
						<Position>
							<LatitudeDegrees>9.138135</LatitudeDegrees>
							<LongitudeDegrees>99.329566</LongitudeDegrees>
						</Position>
						<AltitudeMeters>43.090000</AltitudeMeters>
						<HeartRateBpm>
							<Value>102</Value>
						</HeartRateBpm>
						<Cadence>50</Cadence>
						<Extensions>
							<ns3:TPX>
								<ns3:Speed>0.899280</ns3:Speed>
							</ns3:TPX>
						</Extensions>
					</Trackpoint>
					<Trackpoint>
						<Time>2569-05-19T14:09:07Z</Time>
						<Position>
							<LatitudeDegrees>9.138143</LatitudeDegrees>
							<LongitudeDegrees>99.329562</LongitudeDegrees>
						</Position>
						<AltitudeMeters>43.090000</AltitudeMeters>
						<HeartRateBpm>
							<Value>102</Value>
						</HeartRateBpm>
						<Cadence>49</Cadence>
						<Extensions>
							<ns3:TPX>
								<ns3:Speed>0.896060</ns3:Speed>
							</ns3:TPX>
						</Extensions>
					</Trackpoint>
					<Trackpoint>
						<Time>2569-05-19T14:09:08Z</Time>
						<Position>
							<LatitudeDegrees>9.138147</LatitudeDegrees>
							<LongitudeDegrees>99.329555</LongitudeDegrees>
						</Position>
						<AltitudeMeters>43.090000</AltitudeMeters>
						<HeartRateBpm>
							<Value>101</Value>
						</HeartRateBpm>
						<Cadence>49</Cadence>
						<Extensions>
							<ns3:TPX>
								<ns3:Speed>0.892060</ns3:Speed>
							</ns3:TPX>
						</Extensions>
					</Trackpoint>
					<Trackpoint>
						<Time>2569-05-19T14:09:09Z</Time>
						<Position>
							<LatitudeDegrees>9.138152</LatitudeDegrees>
							<LongitudeDegrees>99.329548</LongitudeDegrees>
						</Position>
						<AltitudeMeters>43.100000</AltitudeMeters>
						<HeartRateBpm>
							<Value>101</Value>
						</HeartRateBpm>
						<Cadence>49</Cadence>
						<Extensions>
							<ns3:TPX>
								<ns3:Speed>0.886520</ns3:Speed>
							</ns3:TPX>
						</Extensions>
					</Trackpoint>
					<Trackpoint>
						<Time>2569-05-19T14:09:10Z</Time>
						<Position>
							<LatitudeDegrees>9.138155</LatitudeDegrees>
							<LongitudeDegrees>99.329542</LongitudeDegrees>
						</Position>
						<AltitudeMeters>43.100000</AltitudeMeters>
						<HeartRateBpm>
							<Value>100</Value>
						</HeartRateBpm>
						<Cadence>50</Cadence>
						<Extensions>
							<ns3:TPX>
								<ns3:Speed>0.881060</ns3:Speed>
							</ns3:TPX>
						</Extensions>
					</Trackpoint>
					<Trackpoint>
						<Time>2569-05-19T14:09:11Z</Time>
						<Position>
							<LatitudeDegrees>9.138161</LatitudeDegrees>
							<LongitudeDegrees>99.329538</LongitudeDegrees>
						</Position>
						<AltitudeMeters>43.100000</AltitudeMeters>
						<HeartRateBpm>
							<Value>100</Value>
						</HeartRateBpm>
						<Cadence>50</Cadence>
						<Extensions>
							<ns3:TPX>
								<ns3:Speed>0.877190</ns3:Speed>
							</ns3:TPX>
						</Extensions>
					</Trackpoint>
					<Trackpoint>
						<Time>2569-05-19T14:09:12Z</Time>
						<Position>
							<LatitudeDegrees>9.138166</LatitudeDegrees>
							<LongitudeDegrees>99.329538</LongitudeDegrees>
						</Position>
						<AltitudeMeters>43.110000</AltitudeMeters>
						<HeartRateBpm>
							<Value>100</Value>
						</HeartRateBpm>
						<Cadence>50</Cadence>
						<Extensions>
							<ns3:TPX>
								<ns3:Speed>0.874130</ns3:Speed>
							</ns3:TPX>
						</Extensions>
					</Trackpoint>
					<Trackpoint>
						<Time>2569-05-19T14:09:13Z</Time>
						<Position>
							<LatitudeDegrees>9.138171</LatitudeDegrees>
							<LongitudeDegrees>99.329540</LongitudeDegrees>
						</Position>
						<AltitudeMeters>43.110000</AltitudeMeters>
						<HeartRateBpm>
							<Value>100</Value>
						</HeartRateBpm>
						<Cadence>51</Cadence>
						<Extensions>
							<ns3:TPX>
								<ns3:Speed>0.870320</ns3:Speed>
							</ns3:TPX>
						</Extensions>
					</Trackpoint>
					<Trackpoint>
						<Time>2569-05-19T14:09:14Z</Time>
						<Position>
							<LatitudeDegrees>9.138178</LatitudeDegrees>
							<LongitudeDegrees>99.329543</LongitudeDegrees>
						</Position>
						<AltitudeMeters>43.110000</AltitudeMeters>
						<HeartRateBpm>
							<Value>100</Value>
						</HeartRateBpm>
						<Cadence>51</Cadence>
						<Extensions>
							<ns3:TPX>
								<ns3:Speed>0.865800</ns3:Speed>
							</ns3:TPX>
						</Extensions>
					</Trackpoint>
					<Trackpoint>
						<Time>2569-05-19T14:09:15Z</Time>
						<Position>
							<LatitudeDegrees>9.138186</LatitudeDegrees>
							<LongitudeDegrees>99.329545</LongitudeDegrees>
						</Position>
						<AltitudeMeters>43.120000</AltitudeMeters>
						<HeartRateBpm>
							<Value>100</Value>
						</HeartRateBpm>
						<Cadence>51</Cadence>
						<Extensions>
							<ns3:TPX>
								<ns3:Speed>0.859850</ns3:Speed>
							</ns3:TPX>
						</Extensions>
					</Trackpoint>
					<Trackpoint>
						<Time>2569-05-19T14:09:16Z</Time>
						<Position>
							<LatitudeDegrees>9.138194</LatitudeDegrees>
							<LongitudeDegrees>99.329545</LongitudeDegrees>
						</Position>
						<AltitudeMeters>43.120000</AltitudeMeters>
						<HeartRateBpm>
							<Value>100</Value>
						</HeartRateBpm>
						<Cadence>51</Cadence>
						<Extensions>
							<ns3:TPX>
								<ns3:Speed>0.854700</ns3:Speed>
							</ns3:TPX>
						</Extensions>
					</Trackpoint>
					<Trackpoint>
						<Time>2569-05-19T14:09:17Z</Time>
						<Position>
							<LatitudeDegrees>9.138200</LatitudeDegrees>
							<LongitudeDegrees>99.329545</LongitudeDegrees>
						</Position>
						<AltitudeMeters>43.120000</AltitudeMeters>
						<HeartRateBpm>
							<Value>100</Value>
						</HeartRateBpm>
						<Cadence>52</Cadence>
						<Extensions>
							<ns3:TPX>
								<ns3:Speed>0.848900</ns3:Speed>
							</ns3:TPX>
						</Extensions>
					</Trackpoint>
					<Trackpoint>
						<Time>2569-05-19T14:09:18Z</Time>
						<Position>
							<LatitudeDegrees>9.138203</LatitudeDegrees>
							<LongitudeDegrees>99.329542</LongitudeDegrees>
						</Position>
						<AltitudeMeters>43.120000</AltitudeMeters>
						<HeartRateBpm>
							<Value>100</Value>
						</HeartRateBpm>
						<Cadence>52</Cadence>
						<Extensions>
							<ns3:TPX>
								<ns3:Speed>0.842460</ns3:Speed>
							</ns3:TPX>
						</Extensions>
					</Trackpoint>
					<Trackpoint>
						<Time>2569-05-19T14:09:19Z</Time>
						<Position>
							<LatitudeDegrees>9.138207</LatitudeDegrees>
							<LongitudeDegrees>99.329543</LongitudeDegrees>
						</Position>
						<AltitudeMeters>43.130000</AltitudeMeters>
						<HeartRateBpm>
							<Value>100</Value>
						</HeartRateBpm>
						<Cadence>53</Cadence>
						<Extensions>
							<ns3:TPX>
								<ns3:Speed>0.834720</ns3:Speed>
							</ns3:TPX>
						</Extensions>
					</Trackpoint>
					<Trackpoint>
						<Time>2569-05-19T14:09:20Z</Time>
						<Position>
							<LatitudeDegrees>9.138209</LatitudeDegrees>
							<LongitudeDegrees>99.329536</LongitudeDegrees>
						</Position>
						<AltitudeMeters>43.130000</AltitudeMeters>
						<HeartRateBpm>
							<Value>100</Value>
						</HeartRateBpm>
						<Cadence>53</Cadence>
						<Extensions>
							<ns3:TPX>
								<ns3:Speed>0.825080</ns3:Speed>
							</ns3:TPX>
						</Extensions>
					</Trackpoint>
					<Trackpoint>
						<Time>2569-05-19T14:09:21Z</Time>
						<Position>
							<LatitudeDegrees>9.138214</LatitudeDegrees>
							<LongitudeDegrees>99.329529</LongitudeDegrees>
						</Position>
						<AltitudeMeters>43.130000</AltitudeMeters>
						<HeartRateBpm>
							<Value>99</Value>
						</HeartRateBpm>
						<Cadence>53</Cadence>
						<Extensions>
							<ns3:TPX>
								<ns3:Speed>0.814330</ns3:Speed>
							</ns3:TPX>
						</Extensions>
					</Trackpoint>
					<Trackpoint>
						<Time>2569-05-19T14:09:22Z</Time>
						<Position>
							<LatitudeDegrees>9.138217</LatitudeDegrees>
							<LongitudeDegrees>99.329524</LongitudeDegrees>
						</Position>
						<AltitudeMeters>43.140000</AltitudeMeters>
						<HeartRateBpm>
							<Value>100</Value>
						</HeartRateBpm>
						<Cadence>53</Cadence>
						<Extensions>
							<ns3:TPX>
								<ns3:Speed>0.803860</ns3:Speed>
							</ns3:TPX>
						</Extensions>
					</Trackpoint>
					<Trackpoint>
						<Time>2569-05-19T14:09:23Z</Time>
						<Position>
							<LatitudeDegrees>9.138223</LatitudeDegrees>
							<LongitudeDegrees>99.329518</LongitudeDegrees>
						</Position>
						<AltitudeMeters>43.140000</AltitudeMeters>
						<HeartRateBpm>
							<Value>100</Value>
						</HeartRateBpm>
						<Cadence>53</Cadence>
						<Extensions>
							<ns3:TPX>
								<ns3:Speed>0.803860</ns3:Speed>
							</ns3:TPX>
						</Extensions>
					</Trackpoint>
					<Trackpoint>
						<Time>2569-05-19T14:09:24Z</Time>
						<Position>
							<LatitudeDegrees>9.138229</LatitudeDegrees>
							<LongitudeDegrees>99.329510</LongitudeDegrees>
						</Position>
						<AltitudeMeters>43.140000</AltitudeMeters>
						<HeartRateBpm>
							<Value>100</Value>
						</HeartRateBpm>
						<Cadence>52</Cadence>
						<Extensions>
							<ns3:TPX>
								<ns3:Speed>0.787400</ns3:Speed>
							</ns3:TPX>
						</Extensions>
					</Trackpoint>
					<Trackpoint>
						<Time>2569-05-19T14:09:25Z</Time>
						<Position>
							<LatitudeDegrees>9.138235</LatitudeDegrees>
							<LongitudeDegrees>99.329503</LongitudeDegrees>
						</Position>
						<AltitudeMeters>43.150000</AltitudeMeters>
						<HeartRateBpm>
							<Value>101</Value>
						</HeartRateBpm>
						<Cadence>52</Cadence>
						<Extensions>
							<ns3:TPX>
								<ns3:Speed>0.778820</ns3:Speed>
							</ns3:TPX>
						</Extensions>
					</Trackpoint>
					<Trackpoint>
						<Time>2569-05-19T14:09:26Z</Time>
						<Position>
							<LatitudeDegrees>9.138240</LatitudeDegrees>
							<LongitudeDegrees>99.329496</LongitudeDegrees>
						</Position>
						<AltitudeMeters>43.150000</AltitudeMeters>
						<HeartRateBpm>
							<Value>100</Value>
						</HeartRateBpm>
						<Cadence>51</Cadence>
						<Extensions>
							<ns3:TPX>
								<ns3:Speed>0.770420</ns3:Speed>
							</ns3:TPX>
						</Extensions>
					</Trackpoint>
					<Trackpoint>
						<Time>2569-05-19T14:09:27Z</Time>
						<Position>
							<LatitudeDegrees>9.138247</LatitudeDegrees>
							<LongitudeDegrees>99.329490</LongitudeDegrees>
						</Position>
						<AltitudeMeters>43.150000</AltitudeMeters>
						<HeartRateBpm>
							<Value>100</Value>
						</HeartRateBpm>
						<Cadence>50</Cadence>
						<Extensions>
							<ns3:TPX>
								<ns3:Speed>0.763940</ns3:Speed>
							</ns3:TPX>
						</Extensions>
					</Trackpoint>
					<Trackpoint>
						<Time>2569-05-19T14:09:28Z</Time>
						<Position>
							<LatitudeDegrees>9.138254</LatitudeDegrees>
							<LongitudeDegrees>99.329483</LongitudeDegrees>
						</Position>
						<AltitudeMeters>43.150000</AltitudeMeters>
						<HeartRateBpm>
							<Value>99</Value>
						</HeartRateBpm>
						<Cadence>50</Cadence>
						<Extensions>
							<ns3:TPX>
								<ns3:Speed>0.760460</ns3:Speed>
							</ns3:TPX>
						</Extensions>
					</Trackpoint>
					<Trackpoint>
						<Time>2569-05-19T14:09:29Z</Time>
						<Position>
							<LatitudeDegrees>9.138260</LatitudeDegrees>
							<LongitudeDegrees>99.329477</LongitudeDegrees>
						</Position>
						<AltitudeMeters>43.150000</AltitudeMeters>
						<HeartRateBpm>
							<Value>98</Value>
						</HeartRateBpm>
						<Cadence>50</Cadence>
						<Extensions>
							<ns3:TPX>
								<ns3:Speed>0.759300</ns3:Speed>
							</ns3:TPX>
						</Extensions>
					</Trackpoint>
					<Trackpoint>
						<Time>2569-05-19T14:09:30Z</Time>
						<Position>
							<LatitudeDegrees>9.138266</LatitudeDegrees>
							<LongitudeDegrees>99.329470</LongitudeDegrees>
						</Position>
						<AltitudeMeters>43.150000</AltitudeMeters>
						<HeartRateBpm>
							<Value>98</Value>
						</HeartRateBpm>
						<Cadence>50</Cadence>
						<Extensions>
							<ns3:TPX>
								<ns3:Speed>0.758150</ns3:Speed>
							</ns3:TPX>
						</Extensions>
					</Trackpoint>
					<Trackpoint>
						<Time>2569-05-19T14:09:31Z</Time>
						<Position>
							<LatitudeDegrees>9.138270</LatitudeDegrees>
							<LongitudeDegrees>99.329464</LongitudeDegrees>
						</Position>
						<AltitudeMeters>43.150000</AltitudeMeters>
						<HeartRateBpm>
							<Value>97</Value>
						</HeartRateBpm>
						<Cadence>50</Cadence>
						<Extensions>
							<ns3:TPX>
								<ns3:Speed>0.758150</ns3:Speed>
							</ns3:TPX>
						</Extensions>
					</Trackpoint>
					<Trackpoint>
						<Time>2569-05-19T14:09:32Z</Time>
						<Position>
							<LatitudeDegrees>9.138274</LatitudeDegrees>
							<LongitudeDegrees>99.329457</LongitudeDegrees>
						</Position>
						<AltitudeMeters>43.140000</AltitudeMeters>
						<HeartRateBpm>
							<Value>96</Value>
						</HeartRateBpm>
						<Cadence>50</Cadence>
						<Extensions>
							<ns3:TPX>
								<ns3:Speed>0.757580</ns3:Speed>
							</ns3:TPX>
						</Extensions>
					</Trackpoint>
					<Trackpoint>
						<Time>2569-05-19T14:09:33Z</Time>
						<Position>
							<LatitudeDegrees>9.138278</LatitudeDegrees>
							<LongitudeDegrees>99.329450</LongitudeDegrees>
						</Position>
						<AltitudeMeters>43.140000</AltitudeMeters>
						<HeartRateBpm>
							<Value>96</Value>
						</HeartRateBpm>
						<Cadence>50</Cadence>
						<Extensions>
							<ns3:TPX>
								<ns3:Speed>0.758730</ns3:Speed>
							</ns3:TPX>
						</Extensions>
					</Trackpoint>
					<Trackpoint>
						<Time>2569-05-19T14:09:34Z</Time>
						<Position>
							<LatitudeDegrees>9.138283</LatitudeDegrees>
							<LongitudeDegrees>99.329443</LongitudeDegrees>
						</Position>
						<AltitudeMeters>43.140000</AltitudeMeters>
						<HeartRateBpm>
							<Value>97</Value>
						</HeartRateBpm>
						<Cadence>50</Cadence>
						<Extensions>
							<ns3:TPX>
								<ns3:Speed>0.761610</ns3:Speed>
							</ns3:TPX>
						</Extensions>
					</Trackpoint>
					<Trackpoint>
						<Time>2569-05-19T14:09:35Z</Time>
						<Position>
							<LatitudeDegrees>9.138288</LatitudeDegrees>
							<LongitudeDegrees>99.329435</LongitudeDegrees>
						</Position>
						<AltitudeMeters>43.140000</AltitudeMeters>
						<HeartRateBpm>
							<Value>97</Value>
						</HeartRateBpm>
						<Cadence>51</Cadence>
						<Extensions>
							<ns3:TPX>
								<ns3:Speed>0.764530</ns3:Speed>
							</ns3:TPX>
						</Extensions>
					</Trackpoint>
					<Trackpoint>
						<Time>2569-05-19T14:09:36Z</Time>
						<Position>
							<LatitudeDegrees>9.138293</LatitudeDegrees>
							<LongitudeDegrees>99.329429</LongitudeDegrees>
						</Position>
						<AltitudeMeters>43.130000</AltitudeMeters>
						<HeartRateBpm>
							<Value>97</Value>
						</HeartRateBpm>
						<Cadence>52</Cadence>
						<Extensions>
							<ns3:TPX>
								<ns3:Speed>0.766870</ns3:Speed>
							</ns3:TPX>
						</Extensions>
					</Trackpoint>
					<Trackpoint>
						<Time>2569-05-19T14:09:37Z</Time>
						<Position>
							<LatitudeDegrees>9.138299</LatitudeDegrees>
							<LongitudeDegrees>99.329422</LongitudeDegrees>
						</Position>
						<AltitudeMeters>43.130000</AltitudeMeters>
						<HeartRateBpm>
							<Value>97</Value>
						</HeartRateBpm>
						<Cadence>53</Cadence>
						<Extensions>
							<ns3:TPX>
								<ns3:Speed>0.769230</ns3:Speed>
							</ns3:TPX>
						</Extensions>
					</Trackpoint>
					<Trackpoint>
						<Time>2569-05-19T14:09:38Z</Time>
						<Position>
							<LatitudeDegrees>9.138307</LatitudeDegrees>
							<LongitudeDegrees>99.329415</LongitudeDegrees>
						</Position>
						<AltitudeMeters>43.120000</AltitudeMeters>
						<HeartRateBpm>
							<Value>97</Value>
						</HeartRateBpm>
						<Cadence>53</Cadence>
						<Extensions>
							<ns3:TPX>
								<ns3:Speed>0.769820</ns3:Speed>
							</ns3:TPX>
						</Extensions>
					</Trackpoint>
					<Trackpoint>
						<Time>2569-05-19T14:09:39Z</Time>
						<Position>
							<LatitudeDegrees>9.138315</LatitudeDegrees>
							<LongitudeDegrees>99.329409</LongitudeDegrees>
						</Position>
						<AltitudeMeters>43.120000</AltitudeMeters>
						<HeartRateBpm>
							<Value>96</Value>
						</HeartRateBpm>
						<Cadence>53</Cadence>
						<Extensions>
							<ns3:TPX>
								<ns3:Speed>0.768050</ns3:Speed>
							</ns3:TPX>
						</Extensions>
					</Trackpoint>
					<Trackpoint>
						<Time>2569-05-19T14:09:40Z</Time>
						<Position>
							<LatitudeDegrees>9.138321</LatitudeDegrees>
							<LongitudeDegrees>99.329403</LongitudeDegrees>
						</Position>
						<AltitudeMeters>43.120000</AltitudeMeters>
						<HeartRateBpm>
							<Value>97</Value>
						</HeartRateBpm>
						<Cadence>53</Cadence>
						<Extensions>
							<ns3:TPX>
								<ns3:Speed>0.766280</ns3:Speed>
							</ns3:TPX>
						</Extensions>
					</Trackpoint>
					<Trackpoint>
						<Time>2569-05-19T14:09:41Z</Time>
						<Position>
							<LatitudeDegrees>9.138326</LatitudeDegrees>
							<LongitudeDegrees>99.329398</LongitudeDegrees>
						</Position>
						<AltitudeMeters>43.110000</AltitudeMeters>
						<HeartRateBpm>
							<Value>97</Value>
						</HeartRateBpm>
						<Cadence>53</Cadence>
						<Extensions>
							<ns3:TPX>
								<ns3:Speed>0.763940</ns3:Speed>
							</ns3:TPX>
						</Extensions>
					</Trackpoint>
					<Trackpoint>
						<Time>2569-05-19T14:09:42Z</Time>
						<Position>
							<LatitudeDegrees>9.138332</LatitudeDegrees>
							<LongitudeDegrees>99.329393</LongitudeDegrees>
						</Position>
						<AltitudeMeters>43.110000</AltitudeMeters>
						<HeartRateBpm>
							<Value>97</Value>
						</HeartRateBpm>
						<Cadence>53</Cadence>
						<Extensions>
							<ns3:TPX>
								<ns3:Speed>0.761610</ns3:Speed>
							</ns3:TPX>
						</Extensions>
					</Trackpoint>
					<Trackpoint>
						<Time>2569-05-19T14:09:43Z</Time>
						<Position>
							<LatitudeDegrees>9.138339</LatitudeDegrees>
							<LongitudeDegrees>99.329388</LongitudeDegrees>
						</Position>
						<AltitudeMeters>43.110000</AltitudeMeters>
						<HeartRateBpm>
							<Value>99</Value>
						</HeartRateBpm>
						<Cadence>54</Cadence>
						<Extensions>
							<ns3:TPX>
								<ns3:Speed>0.759300</ns3:Speed>
							</ns3:TPX>
						</Extensions>
					</Trackpoint>
					<Trackpoint>
						<Time>2569-05-19T14:09:44Z</Time>
						<Position>
							<LatitudeDegrees>9.138345</LatitudeDegrees>
							<LongitudeDegrees>99.329383</LongitudeDegrees>
						</Position>
						<AltitudeMeters>43.110000</AltitudeMeters>
						<HeartRateBpm>
							<Value>99</Value>
						</HeartRateBpm>
						<Cadence>54</Cadence>
						<Extensions>
							<ns3:TPX>
								<ns3:Speed>0.759300</ns3:Speed>
							</ns3:TPX>
						</Extensions>
					</Trackpoint>
					<Trackpoint>
						<Time>2569-05-19T14:09:45Z</Time>
						<Position>
							<LatitudeDegrees>9.138352</LatitudeDegrees>
							<LongitudeDegrees>99.329377</LongitudeDegrees>
						</Position>
						<AltitudeMeters>43.110000</AltitudeMeters>
						<HeartRateBpm>
							<Value>100</Value>
						</HeartRateBpm>
						<Cadence>54</Cadence>
						<Extensions>
							<ns3:TPX>
								<ns3:Speed>0.761040</ns3:Speed>
							</ns3:TPX>
						</Extensions>
					</Trackpoint>
					<Trackpoint>
						<Time>2569-05-19T14:09:46Z</Time>
						<Position>
							<LatitudeDegrees>9.138359</LatitudeDegrees>
							<LongitudeDegrees>99.329372</LongitudeDegrees>
						</Position>
						<AltitudeMeters>43.100000</AltitudeMeters>
						<HeartRateBpm>
							<Value>101</Value>
						</HeartRateBpm>
						<Cadence>55</Cadence>
						<Extensions>
							<ns3:TPX>
								<ns3:Speed>0.762780</ns3:Speed>
							</ns3:TPX>
						</Extensions>
					</Trackpoint>
					<Trackpoint>
						<Time>2569-05-19T14:09:47Z</Time>
						<Position>
							<LatitudeDegrees>9.138367</LatitudeDegrees>
							<LongitudeDegrees>99.329366</LongitudeDegrees>
						</Position>
						<AltitudeMeters>43.100000</AltitudeMeters>
						<HeartRateBpm>
							<Value>101</Value>
						</HeartRateBpm>
						<Cadence>55</Cadence>
						<Extensions>
							<ns3:TPX>
								<ns3:Speed>0.764530</ns3:Speed>
							</ns3:TPX>
						</Extensions>
					</Trackpoint>
					<Trackpoint>
						<Time>2569-05-19T14:09:48Z</Time>
						<Position>
							<LatitudeDegrees>9.138374</LatitudeDegrees>
							<LongitudeDegrees>99.329362</LongitudeDegrees>
						</Position>
						<AltitudeMeters>43.100000</AltitudeMeters>
						<HeartRateBpm>
							<Value>101</Value>
						</HeartRateBpm>
						<Cadence>55</Cadence>
						<Extensions>
							<ns3:TPX>
								<ns3:Speed>0.766870</ns3:Speed>
							</ns3:TPX>
						</Extensions>
					</Trackpoint>
					<Trackpoint>
						<Time>2569-05-19T14:09:49Z</Time>
						<Position>
							<LatitudeDegrees>9.138382</LatitudeDegrees>
							<LongitudeDegrees>99.329359</LongitudeDegrees>
						</Position>
						<AltitudeMeters>43.090000</AltitudeMeters>
						<HeartRateBpm>
							<Value>102</Value>
						</HeartRateBpm>
						<Cadence>55</Cadence>
						<Extensions>
							<ns3:TPX>
								<ns3:Speed>0.768640</ns3:Speed>
							</ns3:TPX>
						</Extensions>
					</Trackpoint>
					<Trackpoint>
						<Time>2569-05-19T14:09:50Z</Time>
						<Position>
							<LatitudeDegrees>9.138390</LatitudeDegrees>
							<LongitudeDegrees>99.329355</LongitudeDegrees>
						</Position>
						<AltitudeMeters>43.090000</AltitudeMeters>
						<HeartRateBpm>
							<Value>102</Value>
						</HeartRateBpm>
						<Cadence>54</Cadence>
						<Extensions>
							<ns3:TPX>
								<ns3:Speed>0.769820</ns3:Speed>
							</ns3:TPX>
						</Extensions>
					</Trackpoint>
					<Trackpoint>
						<Time>2569-05-19T14:09:51Z</Time>
						<Position>
							<LatitudeDegrees>9.138397</LatitudeDegrees>
							<LongitudeDegrees>99.329354</LongitudeDegrees>
						</Position>
						<AltitudeMeters>43.090000</AltitudeMeters>
						<HeartRateBpm>
							<Value>102</Value>
						</HeartRateBpm>
						<Cadence>54</Cadence>
						<Extensions>
							<ns3:TPX>
								<ns3:Speed>0.768640</ns3:Speed>
							</ns3:TPX>
						</Extensions>
					</Trackpoint>
					<Trackpoint>
						<Time>2569-05-19T14:09:52Z</Time>
						<Position>
							<LatitudeDegrees>9.138405</LatitudeDegrees>
							<LongitudeDegrees>99.329353</LongitudeDegrees>
						</Position>
						<AltitudeMeters>43.090000</AltitudeMeters>
						<HeartRateBpm>
							<Value>102</Value>
						</HeartRateBpm>
						<Cadence>53</Cadence>
						<Extensions>
							<ns3:TPX>
								<ns3:Speed>0.769230</ns3:Speed>
							</ns3:TPX>
						</Extensions>
					</Trackpoint>
					<Trackpoint>
						<Time>2569-05-19T14:09:53Z</Time>
						<Position>
							<LatitudeDegrees>9.138410</LatitudeDegrees>
							<LongitudeDegrees>99.329352</LongitudeDegrees>
						</Position>
						<AltitudeMeters>43.080000</AltitudeMeters>
						<HeartRateBpm>
							<Value>101</Value>
						</HeartRateBpm>
						<Cadence>52</Cadence>
						<Extensions>
							<ns3:TPX>
								<ns3:Speed>0.770420</ns3:Speed>
							</ns3:TPX>
						</Extensions>
					</Trackpoint>
					<Trackpoint>
						<Time>2569-05-19T14:09:54Z</Time>
						<Position>
							<LatitudeDegrees>9.138415</LatitudeDegrees>
							<LongitudeDegrees>99.329350</LongitudeDegrees>
						</Position>
						<AltitudeMeters>43.080000</AltitudeMeters>
						<HeartRateBpm>
							<Value>102</Value>
						</HeartRateBpm>
						<Cadence>52</Cadence>
						<Extensions>
							<ns3:TPX>
								<ns3:Speed>0.771010</ns3:Speed>
							</ns3:TPX>
						</Extensions>
					</Trackpoint>
					<Trackpoint>
						<Time>2569-05-19T14:09:55Z</Time>
						<Position>
							<LatitudeDegrees>9.138421</LatitudeDegrees>
							<LongitudeDegrees>99.329347</LongitudeDegrees>
						</Position>
						<AltitudeMeters>43.080000</AltitudeMeters>
						<HeartRateBpm>
							<Value>102</Value>
						</HeartRateBpm>
						<Cadence>52</Cadence>
						<Extensions>
							<ns3:TPX>
								<ns3:Speed>0.770420</ns3:Speed>
							</ns3:TPX>
						</Extensions>
					</Trackpoint>
					<Trackpoint>
						<Time>2569-05-19T14:09:56Z</Time>
						<Position>
							<LatitudeDegrees>9.138428</LatitudeDegrees>
							<LongitudeDegrees>99.329345</LongitudeDegrees>
						</Position>
						<AltitudeMeters>43.080000</AltitudeMeters>
						<HeartRateBpm>
							<Value>103</Value>
						</HeartRateBpm>
						<Cadence>52</Cadence>
						<Extensions>
							<ns3:TPX>
								<ns3:Speed>0.768640</ns3:Speed>
							</ns3:TPX>
						</Extensions>
					</Trackpoint>
					<Trackpoint>
						<Time>2569-05-19T14:09:57Z</Time>
						<Position>
							<LatitudeDegrees>9.138436</LatitudeDegrees>
							<LongitudeDegrees>99.329343</LongitudeDegrees>
						</Position>
						<AltitudeMeters>43.070000</AltitudeMeters>
						<HeartRateBpm>
							<Value>103</Value>
						</HeartRateBpm>
						<Cadence>52</Cadence>
						<Extensions>
							<ns3:TPX>
								<ns3:Speed>0.766280</ns3:Speed>
							</ns3:TPX>
						</Extensions>
					</Trackpoint>
					<Trackpoint>
						<Time>2569-05-19T14:09:58Z</Time>
						<Position>
							<LatitudeDegrees>9.138446</LatitudeDegrees>
							<LongitudeDegrees>99.329341</LongitudeDegrees>
						</Position>
						<AltitudeMeters>43.080000</AltitudeMeters>
						<HeartRateBpm>
							<Value>104</Value>
						</HeartRateBpm>
						<Cadence>52</Cadence>
						<Extensions>
							<ns3:TPX>
								<ns3:Speed>0.763360</ns3:Speed>
							</ns3:TPX>
						</Extensions>
					</Trackpoint>
					<Trackpoint>
						<Time>2569-05-19T14:09:59Z</Time>
						<Position>
							<LatitudeDegrees>9.138456</LatitudeDegrees>
							<LongitudeDegrees>99.329337</LongitudeDegrees>
						</Position>
						<AltitudeMeters>43.080000</AltitudeMeters>
						<HeartRateBpm>
							<Value>104</Value>
						</HeartRateBpm>
						<Cadence>52</Cadence>
						<Extensions>
							<ns3:TPX>
								<ns3:Speed>0.758150</ns3:Speed>
							</ns3:TPX>
						</Extensions>
					</Trackpoint>
					<Trackpoint>
						<Time>2569-05-19T14:10:00Z</Time>
						<Position>
							<LatitudeDegrees>9.138468</LatitudeDegrees>
							<LongitudeDegrees>99.329332</LongitudeDegrees>
						</Position>
						<AltitudeMeters>43.090000</AltitudeMeters>
						<HeartRateBpm>
							<Value>105</Value>
						</HeartRateBpm>
						<Cadence>52</Cadence>
						<Extensions>
							<ns3:TPX>
								<ns3:Speed>0.753010</ns3:Speed>
							</ns3:TPX>
						</Extensions>
					</Trackpoint>
					<Trackpoint>
						<Time>2569-05-19T14:10:01Z</Time>
						<Position>
							<LatitudeDegrees>9.138482</LatitudeDegrees>
							<LongitudeDegrees>99.329328</LongitudeDegrees>
						</Position>
						<AltitudeMeters>43.110000</AltitudeMeters>
						<HeartRateBpm>
							<Value>105</Value>
						</HeartRateBpm>
						<Cadence>52</Cadence>
						<Extensions>
							<ns3:TPX>
								<ns3:Speed>0.747940</ns3:Speed>
							</ns3:TPX>
						</Extensions>
					</Trackpoint>
					<Trackpoint>
						<Time>2569-05-19T14:10:02Z</Time>
						<Position>
							<LatitudeDegrees>9.138493</LatitudeDegrees>
							<LongitudeDegrees>99.329322</LongitudeDegrees>
						</Position>
						<AltitudeMeters>43.140000</AltitudeMeters>
						<HeartRateBpm>
							<Value>105</Value>
						</HeartRateBpm>
						<Cadence>52</Cadence>
						<Extensions>
							<ns3:TPX>
								<ns3:Speed>0.744050</ns3:Speed>
							</ns3:TPX>
						</Extensions>
					</Trackpoint>
					<Trackpoint>
						<Time>2569-05-19T14:10:03Z</Time>
						<Position>
							<LatitudeDegrees>9.138507</LatitudeDegrees>
							<LongitudeDegrees>99.329315</LongitudeDegrees>
						</Position>
						<AltitudeMeters>43.160000</AltitudeMeters>
						<HeartRateBpm>
							<Value>105</Value>
						</HeartRateBpm>
						<Cadence>52</Cadence>
						<Extensions>
							<ns3:TPX>
								<ns3:Speed>0.741290</ns3:Speed>
							</ns3:TPX>
						</Extensions>
					</Trackpoint>
					<Trackpoint>
						<Time>2569-05-19T14:10:04Z</Time>
						<Position>
							<LatitudeDegrees>9.138519</LatitudeDegrees>
							<LongitudeDegrees>99.329307</LongitudeDegrees>
						</Position>
						<AltitudeMeters>43.180000</AltitudeMeters>
						<HeartRateBpm>
							<Value>105</Value>
						</HeartRateBpm>
						<Cadence>53</Cadence>
						<Extensions>
							<ns3:TPX>
								<ns3:Speed>0.740740</ns3:Speed>
							</ns3:TPX>
						</Extensions>
					</Trackpoint>
					<Trackpoint>
						<Time>2569-05-19T14:10:05Z</Time>
						<Position>
							<LatitudeDegrees>9.138530</LatitudeDegrees>
							<LongitudeDegrees>99.329298</LongitudeDegrees>
						</Position>
						<AltitudeMeters>43.200000</AltitudeMeters>
						<HeartRateBpm>
							<Value>105</Value>
						</HeartRateBpm>
						<Cadence>53</Cadence>
						<Extensions>
							<ns3:TPX>
								<ns3:Speed>0.743490</ns3:Speed>
							</ns3:TPX>
						</Extensions>
					</Trackpoint>
					<Trackpoint>
						<Time>2569-05-19T14:10:06Z</Time>
						<Position>
							<LatitudeDegrees>9.138539</LatitudeDegrees>
							<LongitudeDegrees>99.329291</LongitudeDegrees>
						</Position>
						<AltitudeMeters>43.220000</AltitudeMeters>
						<HeartRateBpm>
							<Value>105</Value>
						</HeartRateBpm>
						<Cadence>53</Cadence>
						<Extensions>
							<ns3:TPX>
								<ns3:Speed>0.747380</ns3:Speed>
							</ns3:TPX>
						</Extensions>
					</Trackpoint>
					<Trackpoint>
						<Time>2569-05-19T14:10:07Z</Time>
						<Position>
							<LatitudeDegrees>9.138547</LatitudeDegrees>
							<LongitudeDegrees>99.329284</LongitudeDegrees>
						</Position>
						<AltitudeMeters>43.230000</AltitudeMeters>
						<HeartRateBpm>
							<Value>107</Value>
						</HeartRateBpm>
						<Cadence>54</Cadence>
						<Extensions>
							<ns3:TPX>
								<ns3:Speed>0.751310</ns3:Speed>
							</ns3:TPX>
						</Extensions>
					</Trackpoint>
					<Trackpoint>
						<Time>2569-05-19T14:10:08Z</Time>
						<Position>
							<LatitudeDegrees>9.138557</LatitudeDegrees>
							<LongitudeDegrees>99.329278</LongitudeDegrees>
						</Position>
						<AltitudeMeters>43.250000</AltitudeMeters>
						<HeartRateBpm>
							<Value>107</Value>
						</HeartRateBpm>
						<Cadence>53</Cadence>
						<Extensions>
							<ns3:TPX>
								<ns3:Speed>0.755860</ns3:Speed>
							</ns3:TPX>
						</Extensions>
					</Trackpoint>
					<Trackpoint>
						<Time>2569-05-19T14:10:09Z</Time>
						<Position>
							<LatitudeDegrees>9.138566</LatitudeDegrees>
							<LongitudeDegrees>99.329272</LongitudeDegrees>
						</Position>
						<AltitudeMeters>43.260000</AltitudeMeters>
						<HeartRateBpm>
							<Value>108</Value>
						</HeartRateBpm>
						<Cadence>54</Cadence>
						<Extensions>
							<ns3:TPX>
								<ns3:Speed>0.762780</ns3:Speed>
							</ns3:TPX>
						</Extensions>
					</Trackpoint>
					<Trackpoint>
						<Time>2569-05-19T14:10:10Z</Time>
						<Position>
							<LatitudeDegrees>9.138576</LatitudeDegrees>
							<LongitudeDegrees>99.329266</LongitudeDegrees>
						</Position>
						<AltitudeMeters>43.260000</AltitudeMeters>
						<HeartRateBpm>
							<Value>108</Value>
						</HeartRateBpm>
						<Cadence>54</Cadence>
						<Extensions>
							<ns3:TPX>
								<ns3:Speed>0.772800</ns3:Speed>
							</ns3:TPX>
						</Extensions>
					</Trackpoint>
					<Trackpoint>
						<Time>2569-05-19T14:10:11Z</Time>
						<Position>
							<LatitudeDegrees>9.138584</LatitudeDegrees>
							<LongitudeDegrees>99.329259</LongitudeDegrees>
						</Position>
						<AltitudeMeters>43.250000</AltitudeMeters>
						<HeartRateBpm>
							<Value>109</Value>
						</HeartRateBpm>
						<Cadence>54</Cadence>
						<Extensions>
							<ns3:TPX>
								<ns3:Speed>0.784930</ns3:Speed>
							</ns3:TPX>
						</Extensions>
					</Trackpoint>
					<Trackpoint>
						<Time>2569-05-19T14:10:12Z</Time>
						<Position>
							<LatitudeDegrees>9.138592</LatitudeDegrees>
							<LongitudeDegrees>99.329254</LongitudeDegrees>
						</Position>
						<AltitudeMeters>43.220000</AltitudeMeters>
						<HeartRateBpm>
							<Value>109</Value>
						</HeartRateBpm>
						<Cadence>55</Cadence>
						<Extensions>
							<ns3:TPX>
								<ns3:Speed>0.796810</ns3:Speed>
							</ns3:TPX>
						</Extensions>
					</Trackpoint>
					<Trackpoint>
						<Time>2569-05-19T14:10:13Z</Time>
						<Position>
							<LatitudeDegrees>9.138599</LatitudeDegrees>
							<LongitudeDegrees>99.329248</LongitudeDegrees>
						</Position>
						<AltitudeMeters>43.190000</AltitudeMeters>
						<HeartRateBpm>
							<Value>109</Value>
						</HeartRateBpm>
						<Cadence>55</Cadence>
						<Extensions>
							<ns3:TPX>
								<ns3:Speed>0.807100</ns3:Speed>
							</ns3:TPX>
						</Extensions>
					</Trackpoint>
					<Trackpoint>
						<Time>2569-05-19T14:10:14Z</Time>
						<Position>
							<LatitudeDegrees>9.138605</LatitudeDegrees>
							<LongitudeDegrees>99.329245</LongitudeDegrees>
						</Position>
						<AltitudeMeters>43.170000</AltitudeMeters>
						<HeartRateBpm>
							<Value>109</Value>
						</HeartRateBpm>
						<Cadence>55</Cadence>
						<Extensions>
							<ns3:TPX>
								<ns3:Speed>0.816330</ns3:Speed>
							</ns3:TPX>
						</Extensions>
					</Trackpoint>
					<Trackpoint>
						<Time>2569-05-19T14:10:15Z</Time>
						<Position>
							<LatitudeDegrees>9.138613</LatitudeDegrees>
							<LongitudeDegrees>99.329243</LongitudeDegrees>
						</Position>
						<AltitudeMeters>43.130000</AltitudeMeters>
						<HeartRateBpm>
							<Value>109</Value>
						</HeartRateBpm>
						<Cadence>56</Cadence>
						<Extensions>
							<ns3:TPX>
								<ns3:Speed>0.825080</ns3:Speed>
							</ns3:TPX>
						</Extensions>
					</Trackpoint>
					<Trackpoint>
						<Time>2569-05-19T14:10:16Z</Time>
						<Position>
							<LatitudeDegrees>9.138631</LatitudeDegrees>
							<LongitudeDegrees>99.329242</LongitudeDegrees>
						</Position>
						<AltitudeMeters>43.080000</AltitudeMeters>
						<HeartRateBpm>
							<Value>109</Value>
						</HeartRateBpm>
						<Cadence>56</Cadence>
						<Extensions>
							<ns3:TPX>
								<ns3:Speed>0.832640</ns3:Speed>
							</ns3:TPX>
						</Extensions>
					</Trackpoint>
					<Trackpoint>
						<Time>2569-05-19T14:10:17Z</Time>
						<Position>
							<LatitudeDegrees>9.138648</LatitudeDegrees>
							<LongitudeDegrees>99.329239</LongitudeDegrees>
						</Position>
						<AltitudeMeters>43.050000</AltitudeMeters>
						<HeartRateBpm>
							<Value>109</Value>
						</HeartRateBpm>
						<Cadence>55</Cadence>
						<Extensions>
							<ns3:TPX>
								<ns3:Speed>0.840340</ns3:Speed>
							</ns3:TPX>
						</Extensions>
					</Trackpoint>
					<Trackpoint>
						<Time>2569-05-19T14:10:18Z</Time>
						<Position>
							<LatitudeDegrees>9.138662</LatitudeDegrees>
							<LongitudeDegrees>99.329235</LongitudeDegrees>
						</Position>
						<AltitudeMeters>43.020000</AltitudeMeters>
						<HeartRateBpm>
							<Value>110</Value>
						</HeartRateBpm>
						<Cadence>55</Cadence>
						<Extensions>
							<ns3:TPX>
								<ns3:Speed>0.848900</ns3:Speed>
							</ns3:TPX>
						</Extensions>
					</Trackpoint>
					<Trackpoint>
						<Time>2569-05-19T14:10:19Z</Time>
						<Position>
							<LatitudeDegrees>9.138676</LatitudeDegrees>
							<LongitudeDegrees>99.329228</LongitudeDegrees>
						</Position>
						<AltitudeMeters>42.990000</AltitudeMeters>
						<HeartRateBpm>
							<Value>110</Value>
						</HeartRateBpm>
						<Cadence>55</Cadence>
						<Extensions>
							<ns3:TPX>
								<ns3:Speed>0.855430</ns3:Speed>
							</ns3:TPX>
						</Extensions>
					</Trackpoint>
					<Trackpoint>
						<Time>2569-05-19T14:10:20Z</Time>
						<Position>
							<LatitudeDegrees>9.138683</LatitudeDegrees>
							<LongitudeDegrees>99.329219</LongitudeDegrees>
						</Position>
						<AltitudeMeters>42.960000</AltitudeMeters>
						<HeartRateBpm>
							<Value>110</Value>
						</HeartRateBpm>
						<Cadence>54</Cadence>
						<Extensions>
							<ns3:TPX>
								<ns3:Speed>0.858370</ns3:Speed>
							</ns3:TPX>
						</Extensions>
					</Trackpoint>
					<Trackpoint>
						<Time>2569-05-19T14:10:21Z</Time>
						<Position>
							<LatitudeDegrees>9.138693</LatitudeDegrees>
							<LongitudeDegrees>99.329211</LongitudeDegrees>
						</Position>
						<AltitudeMeters>42.940000</AltitudeMeters>
						<HeartRateBpm>
							<Value>110</Value>
						</HeartRateBpm>
						<Cadence>54</Cadence>
						<Extensions>
							<ns3:TPX>
								<ns3:Speed>0.860590</ns3:Speed>
							</ns3:TPX>
						</Extensions>
					</Trackpoint>
					<Trackpoint>
						<Time>2569-05-19T14:10:22Z</Time>
						<Position>
							<LatitudeDegrees>9.138702</LatitudeDegrees>
							<LongitudeDegrees>99.329204</LongitudeDegrees>
						</Position>
						<AltitudeMeters>42.930000</AltitudeMeters>
						<HeartRateBpm>
							<Value>110</Value>
						</HeartRateBpm>
						<Cadence>54</Cadence>
						<Extensions>
							<ns3:TPX>
								<ns3:Speed>0.863560</ns3:Speed>
							</ns3:TPX>
						</Extensions>
					</Trackpoint>
					<Trackpoint>
						<Time>2569-05-19T14:10:23Z</Time>
						<Position>
							<LatitudeDegrees>9.138706</LatitudeDegrees>
							<LongitudeDegrees>99.329197</LongitudeDegrees>
						</Position>
						<AltitudeMeters>42.910000</AltitudeMeters>
						<HeartRateBpm>
							<Value>110</Value>
						</HeartRateBpm>
						<Cadence>54</Cadence>
						<Extensions>
							<ns3:TPX>
								<ns3:Speed>0.865800</ns3:Speed>
							</ns3:TPX>
						</Extensions>
					</Trackpoint>
					<Trackpoint>
						<Time>2569-05-19T14:10:24Z</Time>
						<Position>
							<LatitudeDegrees>9.138708</LatitudeDegrees>
							<LongitudeDegrees>99.329190</LongitudeDegrees>
						</Position>
						<AltitudeMeters>42.910000</AltitudeMeters>
						<HeartRateBpm>
							<Value>110</Value>
						</HeartRateBpm>
						<Cadence>55</Cadence>
						<Extensions>
							<ns3:TPX>
								<ns3:Speed>0.868060</ns3:Speed>
							</ns3:TPX>
						</Extensions>
					</Trackpoint>
					<Trackpoint>
						<Time>2569-05-19T14:10:25Z</Time>
						<Position>
							<LatitudeDegrees>9.138711</LatitudeDegrees>
							<LongitudeDegrees>99.329183</LongitudeDegrees>
						</Position>
						<AltitudeMeters>42.890000</AltitudeMeters>
						<HeartRateBpm>
							<Value>110</Value>
						</HeartRateBpm>
						<Cadence>55</Cadence>
						<Extensions>
							<ns3:TPX>
								<ns3:Speed>0.872600</ns3:Speed>
							</ns3:TPX>
						</Extensions>
					</Trackpoint>
					<Trackpoint>
						<Time>2569-05-19T14:10:26Z</Time>
						<Position>
							<LatitudeDegrees>9.138716</LatitudeDegrees>
							<LongitudeDegrees>99.329179</LongitudeDegrees>
						</Position>
						<AltitudeMeters>42.890000</AltitudeMeters>
						<HeartRateBpm>
							<Value>110</Value>
						</HeartRateBpm>
						<Cadence>55</Cadence>
						<Extensions>
							<ns3:TPX>
								<ns3:Speed>0.877190</ns3:Speed>
							</ns3:TPX>
						</Extensions>
					</Trackpoint>
					<Trackpoint>
						<Time>2569-05-19T14:10:27Z</Time>
						<Position>
							<LatitudeDegrees>9.138720</LatitudeDegrees>
							<LongitudeDegrees>99.329176</LongitudeDegrees>
						</Position>
						<AltitudeMeters>42.890000</AltitudeMeters>
						<HeartRateBpm>
							<Value>108</Value>
						</HeartRateBpm>
						<Cadence>53</Cadence>
						<Extensions>
							<ns3:TPX>
								<ns3:Speed>0.879510</ns3:Speed>
							</ns3:TPX>
						</Extensions>
					</Trackpoint>
					<Trackpoint>
						<Time>2569-05-19T14:10:28Z</Time>
						<Position>
							<LatitudeDegrees>9.138723</LatitudeDegrees>
							<LongitudeDegrees>99.329175</LongitudeDegrees>
						</Position>
						<AltitudeMeters>42.880000</AltitudeMeters>
						<HeartRateBpm>
							<Value>108</Value>
						</HeartRateBpm>
						<Cadence>52</Cadence>
						<Extensions>
							<ns3:TPX>
								<ns3:Speed>0.879510</ns3:Speed>
							</ns3:TPX>
						</Extensions>
					</Trackpoint>
					<Trackpoint>
						<Time>2569-05-19T14:10:29Z</Time>
						<Position>
							<LatitudeDegrees>9.138726</LatitudeDegrees>
							<LongitudeDegrees>99.329172</LongitudeDegrees>
						</Position>
						<AltitudeMeters>42.880000</AltitudeMeters>
						<HeartRateBpm>
							<Value>107</Value>
						</HeartRateBpm>
						<Cadence>51</Cadence>
						<Extensions>
							<ns3:TPX>
								<ns3:Speed>0.877960</ns3:Speed>
							</ns3:TPX>
						</Extensions>
					</Trackpoint>
					<Trackpoint>
						<Time>2569-05-19T14:10:30Z</Time>
						<Position>
							<LatitudeDegrees>9.138730</LatitudeDegrees>
							<LongitudeDegrees>99.329169</LongitudeDegrees>
						</Position>
						<AltitudeMeters>42.880000</AltitudeMeters>
						<HeartRateBpm>
							<Value>107</Value>
						</HeartRateBpm>
						<Cadence>49</Cadence>
						<Extensions>
							<ns3:TPX>
								<ns3:Speed>0.873360</ns3:Speed>
							</ns3:TPX>
						</Extensions>
					</Trackpoint>
					<Trackpoint>
						<Time>2569-05-19T14:10:31Z</Time>
						<Position>
							<LatitudeDegrees>9.138735</LatitudeDegrees>
							<LongitudeDegrees>99.329165</LongitudeDegrees>
						</Position>
						<AltitudeMeters>42.880000</AltitudeMeters>
						<HeartRateBpm>
							<Value>107</Value>
						</HeartRateBpm>
						<Cadence>47</Cadence>
						<Extensions>
							<ns3:TPX>
								<ns3:Speed>0.867300</ns3:Speed>
							</ns3:TPX>
						</Extensions>
					</Trackpoint>
					<Trackpoint>
						<Time>2569-05-19T14:10:32Z</Time>
						<Position>
							<LatitudeDegrees>9.138740</LatitudeDegrees>
							<LongitudeDegrees>99.329161</LongitudeDegrees>
						</Position>
						<AltitudeMeters>42.880000</AltitudeMeters>
						<HeartRateBpm>
							<Value>107</Value>
						</HeartRateBpm>
						<Cadence>47</Cadence>
						<Extensions>
							<ns3:TPX>
								<ns3:Speed>0.861330</ns3:Speed>
							</ns3:TPX>
						</Extensions>
					</Trackpoint>
					<Trackpoint>
						<Time>2569-05-19T14:10:33Z</Time>
						<Position>
							<LatitudeDegrees>9.138746</LatitudeDegrees>
							<LongitudeDegrees>99.329155</LongitudeDegrees>
						</Position>
						<AltitudeMeters>42.870000</AltitudeMeters>
						<HeartRateBpm>
							<Value>107</Value>
						</HeartRateBpm>
						<Cadence>47</Cadence>
						<Extensions>
							<ns3:TPX>
								<ns3:Speed>0.854700</ns3:Speed>
							</ns3:TPX>
						</Extensions>
					</Trackpoint>
					<Trackpoint>
						<Time>2569-05-19T14:10:34Z</Time>
						<Position>
							<LatitudeDegrees>9.138754</LatitudeDegrees>
							<LongitudeDegrees>99.329150</LongitudeDegrees>
						</Position>
						<AltitudeMeters>42.870000</AltitudeMeters>
						<HeartRateBpm>
							<Value>107</Value>
						</HeartRateBpm>
						<Cadence>47</Cadence>
						<Extensions>
							<ns3:TPX>
								<ns3:Speed>0.847460</ns3:Speed>
							</ns3:TPX>
						</Extensions>
					</Trackpoint>
					<Trackpoint>
						<Time>2569-05-19T14:10:35Z</Time>
						<Position>
							<LatitudeDegrees>9.138762</LatitudeDegrees>
							<LongitudeDegrees>99.329146</LongitudeDegrees>
						</Position>
						<AltitudeMeters>42.860000</AltitudeMeters>
						<HeartRateBpm>
							<Value>107</Value>
						</HeartRateBpm>
						<Cadence>50</Cadence>
						<Extensions>
							<ns3:TPX>
								<ns3:Speed>0.838220</ns3:Speed>
							</ns3:TPX>
						</Extensions>
					</Trackpoint>
					<Trackpoint>
						<Time>2569-05-19T14:10:36Z</Time>
						<Position>
							<LatitudeDegrees>9.138770</LatitudeDegrees>
							<LongitudeDegrees>99.329143</LongitudeDegrees>
						</Position>
						<AltitudeMeters>42.860000</AltitudeMeters>
						<HeartRateBpm>
							<Value>107</Value>
						</HeartRateBpm>
						<Cadence>51</Cadence>
						<Extensions>
							<ns3:TPX>
								<ns3:Speed>0.828500</ns3:Speed>
							</ns3:TPX>
						</Extensions>
					</Trackpoint>
					<Trackpoint>
						<Time>2569-05-19T14:10:37Z</Time>
						<Position>
							<LatitudeDegrees>9.138779</LatitudeDegrees>
							<LongitudeDegrees>99.329140</LongitudeDegrees>
						</Position>
						<AltitudeMeters>42.860000</AltitudeMeters>
						<HeartRateBpm>
							<Value>107</Value>
						</HeartRateBpm>
						<Cadence>52</Cadence>
						<Extensions>
							<ns3:TPX>
								<ns3:Speed>0.819000</ns3:Speed>
							</ns3:TPX>
						</Extensions>
					</Trackpoint>
					<Trackpoint>
						<Time>2569-05-19T14:10:38Z</Time>
						<Position>
							<LatitudeDegrees>9.138787</LatitudeDegrees>
							<LongitudeDegrees>99.329137</LongitudeDegrees>
						</Position>
						<AltitudeMeters>42.860000</AltitudeMeters>
						<HeartRateBpm>
							<Value>106</Value>
						</HeartRateBpm>
						<Cadence>53</Cadence>
						<Extensions>
							<ns3:TPX>
								<ns3:Speed>0.810370</ns3:Speed>
							</ns3:TPX>
						</Extensions>
					</Trackpoint>
					<Trackpoint>
						<Time>2569-05-19T14:10:39Z</Time>
						<Position>
							<LatitudeDegrees>9.138797</LatitudeDegrees>
							<LongitudeDegrees>99.329135</LongitudeDegrees>
						</Position>
						<AltitudeMeters>42.850000</AltitudeMeters>
						<HeartRateBpm>
							<Value>106</Value>
						</HeartRateBpm>
						<Cadence>54</Cadence>
						<Extensions>
							<ns3:TPX>
								<ns3:Speed>0.801920</ns3:Speed>
							</ns3:TPX>
						</Extensions>
					</Trackpoint>
					<Trackpoint>
						<Time>2569-05-19T14:10:40Z</Time>
						<Position>
							<LatitudeDegrees>9.138806</LatitudeDegrees>
							<LongitudeDegrees>99.329130</LongitudeDegrees>
						</Position>
						<AltitudeMeters>42.850000</AltitudeMeters>
						<HeartRateBpm>
							<Value>106</Value>
						</HeartRateBpm>
						<Cadence>55</Cadence>
						<Extensions>
							<ns3:TPX>
								<ns3:Speed>0.793650</ns3:Speed>
							</ns3:TPX>
						</Extensions>
					</Trackpoint>
					<Trackpoint>
						<Time>2569-05-19T14:10:41Z</Time>
						<Position>
							<LatitudeDegrees>9.138816</LatitudeDegrees>
							<LongitudeDegrees>99.329124</LongitudeDegrees>
						</Position>
						<AltitudeMeters>42.840000</AltitudeMeters>
						<HeartRateBpm>
							<Value>106</Value>
						</HeartRateBpm>
						<Cadence>55</Cadence>
						<Extensions>
							<ns3:TPX>
								<ns3:Speed>0.786160</ns3:Speed>
							</ns3:TPX>
						</Extensions>
					</Trackpoint>
					<Trackpoint>
						<Time>2569-05-19T14:10:42Z</Time>
						<Position>
							<LatitudeDegrees>9.138824</LatitudeDegrees>
							<LongitudeDegrees>99.329120</LongitudeDegrees>
						</Position>
						<AltitudeMeters>42.830000</AltitudeMeters>
						<HeartRateBpm>
							<Value>106</Value>
						</HeartRateBpm>
						<Cadence>55</Cadence>
						<Extensions>
							<ns3:TPX>
								<ns3:Speed>0.781250</ns3:Speed>
							</ns3:TPX>
						</Extensions>
					</Trackpoint>
					<Trackpoint>
						<Time>2569-05-19T14:10:43Z</Time>
						<Position>
							<LatitudeDegrees>9.138834</LatitudeDegrees>
							<LongitudeDegrees>99.329115</LongitudeDegrees>
						</Position>
						<AltitudeMeters>42.830000</AltitudeMeters>
						<HeartRateBpm>
							<Value>106</Value>
						</HeartRateBpm>
						<Cadence>54</Cadence>
						<Extensions>
							<ns3:TPX>
								<ns3:Speed>0.777000</ns3:Speed>
							</ns3:TPX>
						</Extensions>
					</Trackpoint>
					<Trackpoint>
						<Time>2569-05-19T14:10:44Z</Time>
						<Position>
							<LatitudeDegrees>9.138843</LatitudeDegrees>
							<LongitudeDegrees>99.329110</LongitudeDegrees>
						</Position>
						<AltitudeMeters>42.820000</AltitudeMeters>
						<HeartRateBpm>
							<Value>106</Value>
						</HeartRateBpm>
						<Cadence>54</Cadence>
						<Extensions>
							<ns3:TPX>
								<ns3:Speed>0.773400</ns3:Speed>
							</ns3:TPX>
						</Extensions>
					</Trackpoint>
					<Trackpoint>
						<Time>2569-05-19T14:10:45Z</Time>
						<Position>
							<LatitudeDegrees>9.138853</LatitudeDegrees>
							<LongitudeDegrees>99.329106</LongitudeDegrees>
						</Position>
						<AltitudeMeters>42.810000</AltitudeMeters>
						<HeartRateBpm>
							<Value>107</Value>
						</HeartRateBpm>
						<Cadence>53</Cadence>
						<Extensions>
							<ns3:TPX>
								<ns3:Speed>0.769820</ns3:Speed>
							</ns3:TPX>
						</Extensions>
					</Trackpoint>
					<Trackpoint>
						<Time>2569-05-19T14:10:46Z</Time>
						<Position>
							<LatitudeDegrees>9.138862</LatitudeDegrees>
							<LongitudeDegrees>99.329100</LongitudeDegrees>
						</Position>
						<AltitudeMeters>42.800000</AltitudeMeters>
						<HeartRateBpm>
							<Value>107</Value>
						</HeartRateBpm>
						<Cadence>52</Cadence>
						<Extensions>
							<ns3:TPX>
								<ns3:Speed>0.766870</ns3:Speed>
							</ns3:TPX>
						</Extensions>
					</Trackpoint>
					<Trackpoint>
						<Time>2569-05-19T14:10:47Z</Time>
						<Position>
							<LatitudeDegrees>9.138870</LatitudeDegrees>
							<LongitudeDegrees>99.329099</LongitudeDegrees>
						</Position>
						<AltitudeMeters>42.800000</AltitudeMeters>
						<HeartRateBpm>
							<Value>107</Value>
						</HeartRateBpm>
						<Cadence>52</Cadence>
						<Extensions>
							<ns3:TPX>
								<ns3:Speed>0.763360</ns3:Speed>
							</ns3:TPX>
						</Extensions>
					</Trackpoint>
					<Trackpoint>
						<Time>2569-05-19T14:10:48Z</Time>
						<Position>
							<LatitudeDegrees>9.138879</LatitudeDegrees>
							<LongitudeDegrees>99.329096</LongitudeDegrees>
						</Position>
						<AltitudeMeters>42.790000</AltitudeMeters>
						<HeartRateBpm>
							<Value>106</Value>
						</HeartRateBpm>
						<Cadence>51</Cadence>
						<Extensions>
							<ns3:TPX>
								<ns3:Speed>0.760460</ns3:Speed>
							</ns3:TPX>
						</Extensions>
					</Trackpoint>
					<Trackpoint>
						<Time>2569-05-19T14:10:49Z</Time>
						<Position>
							<LatitudeDegrees>9.138886</LatitudeDegrees>
							<LongitudeDegrees>99.329093</LongitudeDegrees>
						</Position>
						<AltitudeMeters>42.790000</AltitudeMeters>
						<HeartRateBpm>
							<Value>105</Value>
						</HeartRateBpm>
						<Cadence>51</Cadence>
						<Extensions>
							<ns3:TPX>
								<ns3:Speed>0.757580</ns3:Speed>
							</ns3:TPX>
						</Extensions>
					</Trackpoint>
					<Trackpoint>
						<Time>2569-05-19T14:10:50Z</Time>
						<Position>
							<LatitudeDegrees>9.138905</LatitudeDegrees>
							<LongitudeDegrees>99.329083</LongitudeDegrees>
						</Position>
						<AltitudeMeters>42.780000</AltitudeMeters>
						<HeartRateBpm>
							<Value>104</Value>
						</HeartRateBpm>
						<Cadence>51</Cadence>
						<Extensions>
							<ns3:TPX>
								<ns3:Speed>0.754720</ns3:Speed>
							</ns3:TPX>
						</Extensions>
					</Trackpoint>
					<Trackpoint>
						<Time>2569-05-19T14:10:50Z</Time>
						<Position>
							<LatitudeDegrees>9.138905</LatitudeDegrees>
							<LongitudeDegrees>99.329083</LongitudeDegrees>
						</Position>
						<AltitudeMeters>42.780000</AltitudeMeters>
						<HeartRateBpm>
							<Value>104</Value>
						</HeartRateBpm>
						<Cadence>51</Cadence>
						<Extensions>
							<ns3:TPX>
								<ns3:Speed>0.754720</ns3:Speed>
							</ns3:TPX>
						</Extensions>
					</Trackpoint>
					<Trackpoint>
						<Time>2569-05-19T14:10:51Z</Time>
						<Position>
							<LatitudeDegrees>9.138914</LatitudeDegrees>
							<LongitudeDegrees>99.329079</LongitudeDegrees>
						</Position>
						<AltitudeMeters>42.770000</AltitudeMeters>
						<HeartRateBpm>
							<Value>104</Value>
						</HeartRateBpm>
						<Cadence>51</Cadence>
						<Extensions>
							<ns3:TPX>
								<ns3:Speed>0.752450</ns3:Speed>
							</ns3:TPX>
						</Extensions>
					</Trackpoint>
					<Trackpoint>
						<Time>2569-05-19T14:10:52Z</Time>
						<Position>
							<LatitudeDegrees>9.138922</LatitudeDegrees>
							<LongitudeDegrees>99.329072</LongitudeDegrees>
						</Position>
						<AltitudeMeters>42.770000</AltitudeMeters>
						<HeartRateBpm>
							<Value>105</Value>
						</HeartRateBpm>
						<Cadence>51</Cadence>
						<Extensions>
							<ns3:TPX>
								<ns3:Speed>0.750190</ns3:Speed>
							</ns3:TPX>
						</Extensions>
					</Trackpoint>
					<Trackpoint>
						<Time>2569-05-19T14:10:53Z</Time>
						<Position>
							<LatitudeDegrees>9.138929</LatitudeDegrees>
							<LongitudeDegrees>99.329066</LongitudeDegrees>
						</Position>
						<AltitudeMeters>42.770000</AltitudeMeters>
						<HeartRateBpm>
							<Value>105</Value>
						</HeartRateBpm>
						<Cadence>51</Cadence>
						<Extensions>
							<ns3:TPX>
								<ns3:Speed>0.748500</ns3:Speed>
							</ns3:TPX>
						</Extensions>
					</Trackpoint>
					<Trackpoint>
						<Time>2569-05-19T14:10:54Z</Time>
						<Position>
							<LatitudeDegrees>9.138938</LatitudeDegrees>
							<LongitudeDegrees>99.329062</LongitudeDegrees>
						</Position>
						<AltitudeMeters>42.760000</AltitudeMeters>
						<HeartRateBpm>
							<Value>106</Value>
						</HeartRateBpm>
						<Cadence>50</Cadence>
						<Extensions>
							<ns3:TPX>
								<ns3:Speed>0.746830</ns3:Speed>
							</ns3:TPX>
						</Extensions>
					</Trackpoint>
					<Trackpoint>
						<Time>2569-05-19T14:10:56Z</Time>
						<Position>
							<LatitudeDegrees>9.138952</LatitudeDegrees>
							<LongitudeDegrees>99.329053</LongitudeDegrees>
						</Position>
						<AltitudeMeters>42.760000</AltitudeMeters>
						<HeartRateBpm>
							<Value>106</Value>
						</HeartRateBpm>
						<Cadence>50</Cadence>
						<Extensions>
							<ns3:TPX>
								<ns3:Speed>0.744600</ns3:Speed>
							</ns3:TPX>
						</Extensions>
					</Trackpoint>
					<Trackpoint>
						<Time>2569-05-19T14:10:56Z</Time>
						<Position>
							<LatitudeDegrees>9.138952</LatitudeDegrees>
							<LongitudeDegrees>99.329053</LongitudeDegrees>
						</Position>
						<AltitudeMeters>42.760000</AltitudeMeters>
						<HeartRateBpm>
							<Value>106</Value>
						</HeartRateBpm>
						<Cadence>50</Cadence>
						<Extensions>
							<ns3:TPX>
								<ns3:Speed>0.744600</ns3:Speed>
							</ns3:TPX>
						</Extensions>
					</Trackpoint>
					<Trackpoint>
						<Time>2569-05-19T14:10:57Z</Time>
						<Position>
							<LatitudeDegrees>9.138959</LatitudeDegrees>
							<LongitudeDegrees>99.329048</LongitudeDegrees>
						</Position>
						<AltitudeMeters>42.760000</AltitudeMeters>
						<HeartRateBpm>
							<Value>105</Value>
						</HeartRateBpm>
						<Cadence>50</Cadence>
						<Extensions>
							<ns3:TPX>
								<ns3:Speed>0.744050</ns3:Speed>
							</ns3:TPX>
						</Extensions>
					</Trackpoint>
					<Trackpoint>
						<Time>2569-05-19T14:10:58Z</Time>
						<Position>
							<LatitudeDegrees>9.138968</LatitudeDegrees>
							<LongitudeDegrees>99.329044</LongitudeDegrees>
						</Position>
						<AltitudeMeters>42.760000</AltitudeMeters>
						<HeartRateBpm>
							<Value>105</Value>
						</HeartRateBpm>
						<Cadence>50</Cadence>
						<Extensions>
							<ns3:TPX>
								<ns3:Speed>0.742940</ns3:Speed>
							</ns3:TPX>
						</Extensions>
					</Trackpoint>
					<Trackpoint>
						<Time>2569-05-19T14:10:59Z</Time>
						<Position>
							<LatitudeDegrees>9.138978</LatitudeDegrees>
							<LongitudeDegrees>99.329041</LongitudeDegrees>
						</Position>
						<AltitudeMeters>42.760000</AltitudeMeters>
						<HeartRateBpm>
							<Value>104</Value>
						</HeartRateBpm>
						<Cadence>50</Cadence>
						<Extensions>
							<ns3:TPX>
								<ns3:Speed>0.741840</ns3:Speed>
							</ns3:TPX>
						</Extensions>
					</Trackpoint>
					<Trackpoint>
						<Time>2569-05-19T14:11:01Z</Time>
						<Position>
							<LatitudeDegrees>9.138998</LatitudeDegrees>
							<LongitudeDegrees>99.329038</LongitudeDegrees>
						</Position>
						<AltitudeMeters>42.760000</AltitudeMeters>
						<HeartRateBpm>
							<Value>104</Value>
						</HeartRateBpm>
						<Cadence>51</Cadence>
						<Extensions>
							<ns3:TPX>
								<ns3:Speed>0.738550</ns3:Speed>
							</ns3:TPX>
						</Extensions>
					</Trackpoint>
					<Trackpoint>
						<Time>2569-05-19T14:11:01Z</Time>
						<Position>
							<LatitudeDegrees>9.138998</LatitudeDegrees>
							<LongitudeDegrees>99.329038</LongitudeDegrees>
						</Position>
						<AltitudeMeters>42.760000</AltitudeMeters>
						<HeartRateBpm>
							<Value>104</Value>
						</HeartRateBpm>
						<Cadence>51</Cadence>
						<Extensions>
							<ns3:TPX>
								<ns3:Speed>0.738550</ns3:Speed>
							</ns3:TPX>
						</Extensions>
					</Trackpoint>
					<Trackpoint>
						<Time>2569-05-19T14:11:02Z</Time>
						<Position>
							<LatitudeDegrees>9.139008</LatitudeDegrees>
							<LongitudeDegrees>99.329035</LongitudeDegrees>
						</Position>
						<AltitudeMeters>42.770000</AltitudeMeters>
						<HeartRateBpm>
							<Value>104</Value>
						</HeartRateBpm>
						<Cadence>52</Cadence>
						<Extensions>
							<ns3:TPX>
								<ns3:Speed>0.736380</ns3:Speed>
							</ns3:TPX>
						</Extensions>
					</Trackpoint>
					<Trackpoint>
						<Time>2569-05-19T14:11:03Z</Time>
						<Position>
							<LatitudeDegrees>9.139017</LatitudeDegrees>
							<LongitudeDegrees>99.329031</LongitudeDegrees>
						</Position>
						<AltitudeMeters>42.770000</AltitudeMeters>
						<HeartRateBpm>
							<Value>104</Value>
						</HeartRateBpm>
						<Cadence>52</Cadence>
						<Extensions>
							<ns3:TPX>
								<ns3:Speed>0.733680</ns3:Speed>
							</ns3:TPX>
						</Extensions>
					</Trackpoint>
					<Trackpoint>
						<Time>2569-05-19T14:11:04Z</Time>
						<Position>
							<LatitudeDegrees>9.139029</LatitudeDegrees>
							<LongitudeDegrees>99.329024</LongitudeDegrees>
						</Position>
						<AltitudeMeters>42.770000</AltitudeMeters>
						<HeartRateBpm>
							<Value>105</Value>
						</HeartRateBpm>
						<Cadence>53</Cadence>
						<Extensions>
							<ns3:TPX>
								<ns3:Speed>0.729930</ns3:Speed>
							</ns3:TPX>
						</Extensions>
					</Trackpoint>
					<Trackpoint>
						<Time>2569-05-19T14:11:05Z</Time>
						<Position>
							<LatitudeDegrees>9.139040</LatitudeDegrees>
							<LongitudeDegrees>99.329018</LongitudeDegrees>
						</Position>
						<AltitudeMeters>42.780000</AltitudeMeters>
						<HeartRateBpm>
							<Value>105</Value>
						</HeartRateBpm>
						<Cadence>53</Cadence>
						<Extensions>
							<ns3:TPX>
								<ns3:Speed>0.726740</ns3:Speed>
							</ns3:TPX>
						</Extensions>
					</Trackpoint>
					<Trackpoint>
						<Time>2569-05-19T14:11:06Z</Time>
						<Position>
							<LatitudeDegrees>9.139050</LatitudeDegrees>
							<LongitudeDegrees>99.329014</LongitudeDegrees>
						</Position>
						<AltitudeMeters>42.780000</AltitudeMeters>
						<HeartRateBpm>
							<Value>105</Value>
						</HeartRateBpm>
						<Cadence>53</Cadence>
						<Extensions>
							<ns3:TPX>
								<ns3:Speed>0.723590</ns3:Speed>
							</ns3:TPX>
						</Extensions>
					</Trackpoint>
					<Trackpoint>
						<Time>2569-05-19T14:11:07Z</Time>
						<Position>
							<LatitudeDegrees>9.139061</LatitudeDegrees>
							<LongitudeDegrees>99.329009</LongitudeDegrees>
						</Position>
						<AltitudeMeters>42.790000</AltitudeMeters>
						<HeartRateBpm>
							<Value>105</Value>
						</HeartRateBpm>
						<Cadence>53</Cadence>
						<Extensions>
							<ns3:TPX>
								<ns3:Speed>0.720980</ns3:Speed>
							</ns3:TPX>
						</Extensions>
					</Trackpoint>
					<Trackpoint>
						<Time>2569-05-19T14:11:08Z</Time>
						<Position>
							<LatitudeDegrees>9.139072</LatitudeDegrees>
							<LongitudeDegrees>99.329003</LongitudeDegrees>
						</Position>
						<AltitudeMeters>42.790000</AltitudeMeters>
						<HeartRateBpm>
							<Value>105</Value>
						</HeartRateBpm>
						<Cadence>52</Cadence>
						<Extensions>
							<ns3:TPX>
								<ns3:Speed>0.720460</ns3:Speed>
							</ns3:TPX>
						</Extensions>
					</Trackpoint>
					<Trackpoint>
						<Time>2569-05-19T14:11:09Z</Time>
						<Position>
							<LatitudeDegrees>9.139082</LatitudeDegrees>
							<LongitudeDegrees>99.328997</LongitudeDegrees>
						</Position>
						<AltitudeMeters>42.790000</AltitudeMeters>
						<HeartRateBpm>
							<Value>105</Value>
						</HeartRateBpm>
						<Cadence>51</Cadence>
						<Extensions>
							<ns3:TPX>
								<ns3:Speed>0.721500</ns3:Speed>
							</ns3:TPX>
						</Extensions>
					</Trackpoint>
					<Trackpoint>
						<Time>2569-05-19T14:11:11Z</Time>
						<Position>
							<LatitudeDegrees>9.139101</LatitudeDegrees>
							<LongitudeDegrees>99.328982</LongitudeDegrees>
						</Position>
						<AltitudeMeters>42.800000</AltitudeMeters>
						<HeartRateBpm>
							<Value>105</Value>
						</HeartRateBpm>
						<Cadence>50</Cadence>
						<Extensions>
							<ns3:TPX>
								<ns3:Speed>0.725160</ns3:Speed>
							</ns3:TPX>
						</Extensions>
					</Trackpoint>
					<Trackpoint>
						<Time>2569-05-19T14:11:11Z</Time>
						<Position>
							<LatitudeDegrees>9.139101</LatitudeDegrees>
							<LongitudeDegrees>99.328982</LongitudeDegrees>
						</Position>
						<AltitudeMeters>42.800000</AltitudeMeters>
						<HeartRateBpm>
							<Value>105</Value>
						</HeartRateBpm>
						<Cadence>50</Cadence>
						<Extensions>
							<ns3:TPX>
								<ns3:Speed>0.725160</ns3:Speed>
							</ns3:TPX>
						</Extensions>
					</Trackpoint>
					<Trackpoint>
						<Time>2569-05-19T14:11:12Z</Time>
						<Position>
							<LatitudeDegrees>9.139112</LatitudeDegrees>
							<LongitudeDegrees>99.328974</LongitudeDegrees>
						</Position>
						<AltitudeMeters>42.800000</AltitudeMeters>
						<HeartRateBpm>
							<Value>105</Value>
						</HeartRateBpm>
						<Cadence>50</Cadence>
						<Extensions>
							<ns3:TPX>
								<ns3:Speed>0.727270</ns3:Speed>
							</ns3:TPX>
						</Extensions>
					</Trackpoint>
					<Trackpoint>
						<Time>2569-05-19T14:11:13Z</Time>
						<Position>
							<LatitudeDegrees>9.139122</LatitudeDegrees>
							<LongitudeDegrees>99.328967</LongitudeDegrees>
						</Position>
						<AltitudeMeters>42.800000</AltitudeMeters>
						<HeartRateBpm>
							<Value>106</Value>
						</HeartRateBpm>
						<Cadence>50</Cadence>
						<Extensions>
							<ns3:TPX>
								<ns3:Speed>0.729390</ns3:Speed>
							</ns3:TPX>
						</Extensions>
					</Trackpoint>
					<Trackpoint>
						<Time>2569-05-19T14:11:14Z</Time>
						<Position>
							<LatitudeDegrees>9.139133</LatitudeDegrees>
							<LongitudeDegrees>99.328959</LongitudeDegrees>
						</Position>
						<AltitudeMeters>42.800000</AltitudeMeters>
						<HeartRateBpm>
							<Value>106</Value>
						</HeartRateBpm>
						<Cadence>50</Cadence>
						<Extensions>
							<ns3:TPX>
								<ns3:Speed>0.730460</ns3:Speed>
							</ns3:TPX>
						</Extensions>
					</Trackpoint>
					<Trackpoint>
						<Time>2569-05-19T14:11:15Z</Time>
						<Position>
							<LatitudeDegrees>9.139142</LatitudeDegrees>
							<LongitudeDegrees>99.328952</LongitudeDegrees>
						</Position>
						<AltitudeMeters>42.800000</AltitudeMeters>
						<HeartRateBpm>
							<Value>106</Value>
						</HeartRateBpm>
						<Cadence>50</Cadence>
						<Extensions>
							<ns3:TPX>
								<ns3:Speed>0.730990</ns3:Speed>
							</ns3:TPX>
						</Extensions>
					</Trackpoint>
					<Trackpoint>
						<Time>2569-05-19T14:11:16Z</Time>
						<Position>
							<LatitudeDegrees>9.139151</LatitudeDegrees>
							<LongitudeDegrees>99.328940</LongitudeDegrees>
						</Position>
						<AltitudeMeters>42.800000</AltitudeMeters>
						<HeartRateBpm>
							<Value>106</Value>
						</HeartRateBpm>
						<Cadence>49</Cadence>
						<Extensions>
							<ns3:TPX>
								<ns3:Speed>0.731530</ns3:Speed>
							</ns3:TPX>
						</Extensions>
					</Trackpoint>
					<Trackpoint>
						<Time>2569-05-19T14:11:17Z</Time>
						<Position>
							<LatitudeDegrees>9.139161</LatitudeDegrees>
							<LongitudeDegrees>99.328930</LongitudeDegrees>
						</Position>
						<AltitudeMeters>42.800000</AltitudeMeters>
						<HeartRateBpm>
							<Value>105</Value>
						</HeartRateBpm>
						<Cadence>49</Cadence>
						<Extensions>
							<ns3:TPX>
								<ns3:Speed>0.731530</ns3:Speed>
							</ns3:TPX>
						</Extensions>
					</Trackpoint>
					<Trackpoint>
						<Time>2569-05-19T14:11:18Z</Time>
						<Position>
							<LatitudeDegrees>9.139172</LatitudeDegrees>
							<LongitudeDegrees>99.328921</LongitudeDegrees>
						</Position>
						<AltitudeMeters>42.800000</AltitudeMeters>
						<HeartRateBpm>
							<Value>104</Value>
						</HeartRateBpm>
						<Cadence>49</Cadence>
						<Extensions>
							<ns3:TPX>
								<ns3:Speed>0.730990</ns3:Speed>
							</ns3:TPX>
						</Extensions>
					</Trackpoint>
					<Trackpoint>
						<Time>2569-05-19T14:11:19Z</Time>
						<Position>
							<LatitudeDegrees>9.139184</LatitudeDegrees>
							<LongitudeDegrees>99.328914</LongitudeDegrees>
						</Position>
						<AltitudeMeters>42.800000</AltitudeMeters>
						<HeartRateBpm>
							<Value>103</Value>
						</HeartRateBpm>
						<Cadence>48</Cadence>
						<Extensions>
							<ns3:TPX>
								<ns3:Speed>0.729930</ns3:Speed>
							</ns3:TPX>
						</Extensions>
					</Trackpoint>
					<Trackpoint>
						<Time>2569-05-19T14:11:20Z</Time>
						<Position>
							<LatitudeDegrees>9.139194</LatitudeDegrees>
							<LongitudeDegrees>99.328903</LongitudeDegrees>
						</Position>
						<AltitudeMeters>42.800000</AltitudeMeters>
						<HeartRateBpm>
							<Value>102</Value>
						</HeartRateBpm>
						<Cadence>49</Cadence>
						<Extensions>
							<ns3:TPX>
								<ns3:Speed>0.727800</ns3:Speed>
							</ns3:TPX>
						</Extensions>
					</Trackpoint>
					<Trackpoint>
						<Time>2569-05-19T14:11:21Z</Time>
						<Position>
							<LatitudeDegrees>9.139204</LatitudeDegrees>
							<LongitudeDegrees>99.328894</LongitudeDegrees>
						</Position>
						<AltitudeMeters>42.800000</AltitudeMeters>
						<HeartRateBpm>
							<Value>101</Value>
						</HeartRateBpm>
						<Cadence>48</Cadence>
						<Extensions>
							<ns3:TPX>
								<ns3:Speed>0.725160</ns3:Speed>
							</ns3:TPX>
						</Extensions>
					</Trackpoint>
					<Trackpoint>
						<Time>2569-05-19T14:11:23Z</Time>
						<Position>
							<LatitudeDegrees>9.139221</LatitudeDegrees>
							<LongitudeDegrees>99.328888</LongitudeDegrees>
						</Position>
						<AltitudeMeters>42.800000</AltitudeMeters>
						<HeartRateBpm>
							<Value>101</Value>
						</HeartRateBpm>
						<Cadence>48</Cadence>
						<Extensions>
							<ns3:TPX>
								<ns3:Speed>0.719420</ns3:Speed>
							</ns3:TPX>
						</Extensions>
					</Trackpoint>
					<Trackpoint>
						<Time>2569-05-19T14:11:23Z</Time>
						<Position>
							<LatitudeDegrees>9.139221</LatitudeDegrees>
							<LongitudeDegrees>99.328888</LongitudeDegrees>
						</Position>
						<AltitudeMeters>42.800000</AltitudeMeters>
						<HeartRateBpm>
							<Value>101</Value>
						</HeartRateBpm>
						<Cadence>48</Cadence>
						<Extensions>
							<ns3:TPX>
								<ns3:Speed>0.719420</ns3:Speed>
							</ns3:TPX>
						</Extensions>
					</Trackpoint>
					<Trackpoint>
						<Time>2569-05-19T14:11:24Z</Time>
						<Position>
							<LatitudeDegrees>9.139230</LatitudeDegrees>
							<LongitudeDegrees>99.328884</LongitudeDegrees>
						</Position>
						<AltitudeMeters>42.800000</AltitudeMeters>
						<HeartRateBpm>
							<Value>101</Value>
						</HeartRateBpm>
						<Cadence>49</Cadence>
						<Extensions>
							<ns3:TPX>
								<ns3:Speed>0.716850</ns3:Speed>
							</ns3:TPX>
						</Extensions>
					</Trackpoint>
					<Trackpoint>
						<Time>2569-05-19T14:11:26Z</Time>
						<Position>
							<LatitudeDegrees>9.139243</LatitudeDegrees>
							<LongitudeDegrees>99.328862</LongitudeDegrees>
						</Position>
						<AltitudeMeters>42.800000</AltitudeMeters>
						<HeartRateBpm>
							<Value>101</Value>
						</HeartRateBpm>
						<Cadence>49</Cadence>
						<Extensions>
							<ns3:TPX>
								<ns3:Speed>0.712760</ns3:Speed>
							</ns3:TPX>
						</Extensions>
					</Trackpoint>
					<Trackpoint>
						<Time>2569-05-19T14:11:26Z</Time>
						<Position>
							<LatitudeDegrees>9.139243</LatitudeDegrees>
							<LongitudeDegrees>99.328862</LongitudeDegrees>
						</Position>
						<AltitudeMeters>42.800000</AltitudeMeters>
						<HeartRateBpm>
							<Value>101</Value>
						</HeartRateBpm>
						<Cadence>49</Cadence>
						<Extensions>
							<ns3:TPX>
								<ns3:Speed>0.712760</ns3:Speed>
							</ns3:TPX>
						</Extensions>
					</Trackpoint>
					<Trackpoint>
						<Time>2569-05-19T14:11:27Z</Time>
						<Position>
							<LatitudeDegrees>9.139248</LatitudeDegrees>
							<LongitudeDegrees>99.328848</LongitudeDegrees>
						</Position>
						<AltitudeMeters>42.800000</AltitudeMeters>
						<HeartRateBpm>
							<Value>102</Value>
						</HeartRateBpm>
						<Cadence>49</Cadence>
						<Extensions>
							<ns3:TPX>
								<ns3:Speed>0.711240</ns3:Speed>
							</ns3:TPX>
						</Extensions>
					</Trackpoint>
					<Trackpoint>
						<Time>2569-05-19T14:11:28Z</Time>
						<Position>
							<LatitudeDegrees>9.139253</LatitudeDegrees>
							<LongitudeDegrees>99.328839</LongitudeDegrees>
						</Position>
						<AltitudeMeters>42.800000</AltitudeMeters>
						<HeartRateBpm>
							<Value>103</Value>
						</HeartRateBpm>
						<Cadence>49</Cadence>
						<Extensions>
							<ns3:TPX>
								<ns3:Speed>0.709720</ns3:Speed>
							</ns3:TPX>
						</Extensions>
					</Trackpoint>
					<Trackpoint>
						<Time>2569-05-19T14:11:29Z</Time>
						<Position>
							<LatitudeDegrees>9.139259</LatitudeDegrees>
							<LongitudeDegrees>99.328830</LongitudeDegrees>
						</Position>
						<AltitudeMeters>42.800000</AltitudeMeters>
						<HeartRateBpm>
							<Value>103</Value>
						</HeartRateBpm>
						<Cadence>49</Cadence>
						<Extensions>
							<ns3:TPX>
								<ns3:Speed>0.708720</ns3:Speed>
							</ns3:TPX>
						</Extensions>
					</Trackpoint>
					<Trackpoint>
						<Time>2569-05-19T14:11:30Z</Time>
						<Position>
							<LatitudeDegrees>9.139265</LatitudeDegrees>
							<LongitudeDegrees>99.328826</LongitudeDegrees>
						</Position>
						<AltitudeMeters>42.790000</AltitudeMeters>
						<HeartRateBpm>
							<Value>103</Value>
						</HeartRateBpm>
						<Cadence>49</Cadence>
						<Extensions>
							<ns3:TPX>
								<ns3:Speed>0.707210</ns3:Speed>
							</ns3:TPX>
						</Extensions>
					</Trackpoint>
					<Trackpoint>
						<Time>2569-05-19T14:11:31Z</Time>
						<Position>
							<LatitudeDegrees>9.139272</LatitudeDegrees>
							<LongitudeDegrees>99.328823</LongitudeDegrees>
						</Position>
						<AltitudeMeters>42.790000</AltitudeMeters>
						<HeartRateBpm>
							<Value>104</Value>
						</HeartRateBpm>
						<Cadence>49</Cadence>
						<Extensions>
							<ns3:TPX>
								<ns3:Speed>0.706210</ns3:Speed>
							</ns3:TPX>
						</Extensions>
					</Trackpoint>
					<Trackpoint>
						<Time>2569-05-19T14:11:32Z</Time>
						<Position>
							<LatitudeDegrees>9.139279</LatitudeDegrees>
							<LongitudeDegrees>99.328820</LongitudeDegrees>
						</Position>
						<AltitudeMeters>42.790000</AltitudeMeters>
						<HeartRateBpm>
							<Value>104</Value>
						</HeartRateBpm>
						<Cadence>48</Cadence>
						<Extensions>
							<ns3:TPX>
								<ns3:Speed>0.704720</ns3:Speed>
							</ns3:TPX>
						</Extensions>
					</Trackpoint>
					<Trackpoint>
						<Time>2569-05-19T14:11:33Z</Time>
						<Position>
							<LatitudeDegrees>9.139286</LatitudeDegrees>
							<LongitudeDegrees>99.328816</LongitudeDegrees>
						</Position>
						<AltitudeMeters>42.790000</AltitudeMeters>
						<HeartRateBpm>
							<Value>104</Value>
						</HeartRateBpm>
						<Cadence>48</Cadence>
						<Extensions>
							<ns3:TPX>
								<ns3:Speed>0.703230</ns3:Speed>
							</ns3:TPX>
						</Extensions>
					</Trackpoint>
					<Trackpoint>
						<Time>2569-05-19T14:11:34Z</Time>
						<Position>
							<LatitudeDegrees>9.139292</LatitudeDegrees>
							<LongitudeDegrees>99.328809</LongitudeDegrees>
						</Position>
						<AltitudeMeters>42.780000</AltitudeMeters>
						<HeartRateBpm>
							<Value>104</Value>
						</HeartRateBpm>
						<Cadence>47</Cadence>
						<Extensions>
							<ns3:TPX>
								<ns3:Speed>0.701750</ns3:Speed>
							</ns3:TPX>
						</Extensions>
					</Trackpoint>
					<Trackpoint>
						<Time>2569-05-19T14:11:35Z</Time>
						<Position>
							<LatitudeDegrees>9.139299</LatitudeDegrees>
							<LongitudeDegrees>99.328801</LongitudeDegrees>
						</Position>
						<AltitudeMeters>42.780000</AltitudeMeters>
						<HeartRateBpm>
							<Value>103</Value>
						</HeartRateBpm>
						<Cadence>46</Cadence>
						<Extensions>
							<ns3:TPX>
								<ns3:Speed>0.700280</ns3:Speed>
							</ns3:TPX>
						</Extensions>
					</Trackpoint>
					<Trackpoint>
						<Time>2569-05-19T14:11:36Z</Time>
						<Position>
							<LatitudeDegrees>9.139304</LatitudeDegrees>
							<LongitudeDegrees>99.328793</LongitudeDegrees>
						</Position>
						<AltitudeMeters>42.770000</AltitudeMeters>
						<HeartRateBpm>
							<Value>103</Value>
						</HeartRateBpm>
						<Cadence>45</Cadence>
						<Extensions>
							<ns3:TPX>
								<ns3:Speed>0.698320</ns3:Speed>
							</ns3:TPX>
						</Extensions>
					</Trackpoint>
					<Trackpoint>
						<Time>2569-05-19T14:11:37Z</Time>
						<Position>
							<LatitudeDegrees>9.139310</LatitudeDegrees>
							<LongitudeDegrees>99.328787</LongitudeDegrees>
						</Position>
						<AltitudeMeters>42.770000</AltitudeMeters>
						<HeartRateBpm>
							<Value>103</Value>
						</HeartRateBpm>
						<Cadence>44</Cadence>
						<Extensions>
							<ns3:TPX>
								<ns3:Speed>0.696860</ns3:Speed>
							</ns3:TPX>
						</Extensions>
					</Trackpoint>
					<Trackpoint>
						<Time>2569-05-19T14:11:38Z</Time>
						<Position>
							<LatitudeDegrees>9.139315</LatitudeDegrees>
							<LongitudeDegrees>99.328779</LongitudeDegrees>
						</Position>
						<AltitudeMeters>42.770000</AltitudeMeters>
						<HeartRateBpm>
							<Value>103</Value>
						</HeartRateBpm>
						<Cadence>44</Cadence>
						<Extensions>
							<ns3:TPX>
								<ns3:Speed>0.695410</ns3:Speed>
							</ns3:TPX>
						</Extensions>
					</Trackpoint>
					<Trackpoint>
						<Time>2569-05-19T14:11:39Z</Time>
						<Position>
							<LatitudeDegrees>9.139320</LatitudeDegrees>
							<LongitudeDegrees>99.328770</LongitudeDegrees>
						</Position>
						<AltitudeMeters>42.750000</AltitudeMeters>
						<HeartRateBpm>
							<Value>102</Value>
						</HeartRateBpm>
						<Cadence>44</Cadence>
						<Extensions>
							<ns3:TPX>
								<ns3:Speed>0.693480</ns3:Speed>
							</ns3:TPX>
						</Extensions>
					</Trackpoint>
					<Trackpoint>
						<Time>2569-05-19T14:11:41Z</Time>
						<Position>
							<LatitudeDegrees>9.139333</LatitudeDegrees>
							<LongitudeDegrees>99.328755</LongitudeDegrees>
						</Position>
						<AltitudeMeters>42.750000</AltitudeMeters>
						<HeartRateBpm>
							<Value>102</Value>
						</HeartRateBpm>
						<Cadence>46</Cadence>
						<Extensions>
							<ns3:TPX>
								<ns3:Speed>0.690610</ns3:Speed>
							</ns3:TPX>
						</Extensions>
					</Trackpoint>
					<Trackpoint>
						<Time>2569-05-19T14:11:41Z</Time>
						<Position>
							<LatitudeDegrees>9.139333</LatitudeDegrees>
							<LongitudeDegrees>99.328755</LongitudeDegrees>
						</Position>
						<AltitudeMeters>42.750000</AltitudeMeters>
						<HeartRateBpm>
							<Value>102</Value>
						</HeartRateBpm>
						<Cadence>46</Cadence>
						<Extensions>
							<ns3:TPX>
								<ns3:Speed>0.690610</ns3:Speed>
							</ns3:TPX>
						</Extensions>
					</Trackpoint>
					<Trackpoint>
						<Time>2569-05-19T14:11:42Z</Time>
						<Position>
							<LatitudeDegrees>9.139342</LatitudeDegrees>
							<LongitudeDegrees>99.328749</LongitudeDegrees>
						</Position>
						<AltitudeMeters>42.740000</AltitudeMeters>
						<HeartRateBpm>
							<Value>101</Value>
						</HeartRateBpm>
						<Cadence>46</Cadence>
						<Extensions>
							<ns3:TPX>
								<ns3:Speed>0.689180</ns3:Speed>
							</ns3:TPX>
						</Extensions>
					</Trackpoint>
					<Trackpoint>
						<Time>2569-05-19T14:11:43Z</Time>
						<Position>
							<LatitudeDegrees>9.139349</LatitudeDegrees>
							<LongitudeDegrees>99.328744</LongitudeDegrees>
						</Position>
						<AltitudeMeters>42.730000</AltitudeMeters>
						<HeartRateBpm>
							<Value>102</Value>
						</HeartRateBpm>
						<Cadence>46</Cadence>
						<Extensions>
							<ns3:TPX>
								<ns3:Speed>0.687760</ns3:Speed>
							</ns3:TPX>
						</Extensions>
					</Trackpoint>
					<Trackpoint>
						<Time>2569-05-19T14:11:45Z</Time>
						<Position>
							<LatitudeDegrees>9.139360</LatitudeDegrees>
							<LongitudeDegrees>99.328736</LongitudeDegrees>
						</Position>
						<AltitudeMeters>42.720000</AltitudeMeters>
						<HeartRateBpm>
							<Value>102</Value>
						</HeartRateBpm>
						<Cadence>42</Cadence>
						<Extensions>
							<ns3:TPX>
								<ns3:Speed>0.684930</ns3:Speed>
							</ns3:TPX>
						</Extensions>
					</Trackpoint>
					<Trackpoint>
						<Time>2569-05-19T14:11:45Z</Time>
						<Position>
							<LatitudeDegrees>9.139360</LatitudeDegrees>
							<LongitudeDegrees>99.328736</LongitudeDegrees>
						</Position>
						<AltitudeMeters>42.720000</AltitudeMeters>
						<HeartRateBpm>
							<Value>102</Value>
						</HeartRateBpm>
						<Cadence>42</Cadence>
						<Extensions>
							<ns3:TPX>
								<ns3:Speed>0.684930</ns3:Speed>
							</ns3:TPX>
						</Extensions>
					</Trackpoint>
					<Trackpoint>
						<Time>2569-05-19T14:11:46Z</Time>
						<Position>
							<LatitudeDegrees>9.139366</LatitudeDegrees>
							<LongitudeDegrees>99.328733</LongitudeDegrees>
						</Position>
						<AltitudeMeters>42.710000</AltitudeMeters>
						<HeartRateBpm>
							<Value>102</Value>
						</HeartRateBpm>
						<Cadence>41</Cadence>
						<Extensions>
							<ns3:TPX>
								<ns3:Speed>0.683990</ns3:Speed>
							</ns3:TPX>
						</Extensions>
					</Trackpoint>
					<Trackpoint>
						<Time>2569-05-19T14:11:47Z</Time>
						<Position>
							<LatitudeDegrees>9.139376</LatitudeDegrees>
							<LongitudeDegrees>99.328727</LongitudeDegrees>
						</Position>
						<AltitudeMeters>42.700000</AltitudeMeters>
						<HeartRateBpm>
							<Value>101</Value>
						</HeartRateBpm>
						<Cadence>42</Cadence>
						<Extensions>
							<ns3:TPX>
								<ns3:Speed>0.682590</ns3:Speed>
							</ns3:TPX>
						</Extensions>
					</Trackpoint>
					<Trackpoint>
						<Time>2569-05-19T14:11:48Z</Time>
						<Position>
							<LatitudeDegrees>9.139384</LatitudeDegrees>
							<LongitudeDegrees>99.328720</LongitudeDegrees>
						</Position>
						<AltitudeMeters>42.690000</AltitudeMeters>
						<HeartRateBpm>
							<Value>101</Value>
						</HeartRateBpm>
						<Cadence>43</Cadence>
						<Extensions>
							<ns3:TPX>
								<ns3:Speed>0.681200</ns3:Speed>
							</ns3:TPX>
						</Extensions>
					</Trackpoint>
					<Trackpoint>
						<Time>2569-05-19T14:11:49Z</Time>
						<Position>
							<LatitudeDegrees>9.139391</LatitudeDegrees>
							<LongitudeDegrees>99.328716</LongitudeDegrees>
						</Position>
						<AltitudeMeters>42.690000</AltitudeMeters>
						<HeartRateBpm>
							<Value>102</Value>
						</HeartRateBpm>
						<Cadence>44</Cadence>
						<Extensions>
							<ns3:TPX>
								<ns3:Speed>0.679810</ns3:Speed>
							</ns3:TPX>
						</Extensions>
					</Trackpoint>
					<Trackpoint>
						<Time>2569-05-19T14:11:50Z</Time>
						<Position>
							<LatitudeDegrees>9.139399</LatitudeDegrees>
							<LongitudeDegrees>99.328712</LongitudeDegrees>
						</Position>
						<AltitudeMeters>42.680000</AltitudeMeters>
						<HeartRateBpm>
							<Value>102</Value>
						</HeartRateBpm>
						<Cadence>43</Cadence>
						<Extensions>
							<ns3:TPX>
								<ns3:Speed>0.677970</ns3:Speed>
							</ns3:TPX>
						</Extensions>
					</Trackpoint>
					<Trackpoint>
						<Time>2569-05-19T14:11:51Z</Time>
						<Position>
							<LatitudeDegrees>9.139407</LatitudeDegrees>
							<LongitudeDegrees>99.328709</LongitudeDegrees>
						</Position>
						<AltitudeMeters>42.670000</AltitudeMeters>
						<HeartRateBpm>
							<Value>102</Value>
						</HeartRateBpm>
						<Cadence>43</Cadence>
						<Extensions>
							<ns3:TPX>
								<ns3:Speed>0.675680</ns3:Speed>
							</ns3:TPX>
						</Extensions>
					</Trackpoint>
					<Trackpoint>
						<Time>2569-05-19T14:11:52Z</Time>
						<Position>
							<LatitudeDegrees>9.139415</LatitudeDegrees>
							<LongitudeDegrees>99.328705</LongitudeDegrees>
						</Position>
						<AltitudeMeters>42.660000</AltitudeMeters>
						<HeartRateBpm>
							<Value>102</Value>
						</HeartRateBpm>
						<Cadence>44</Cadence>
						<Extensions>
							<ns3:TPX>
								<ns3:Speed>0.672040</ns3:Speed>
							</ns3:TPX>
						</Extensions>
					</Trackpoint>
					<Trackpoint>
						<Time>2569-05-19T14:11:53Z</Time>
						<Position>
							<LatitudeDegrees>9.139422</LatitudeDegrees>
							<LongitudeDegrees>99.328702</LongitudeDegrees>
						</Position>
						<AltitudeMeters>42.650000</AltitudeMeters>
						<HeartRateBpm>
							<Value>102</Value>
						</HeartRateBpm>
						<Cadence>46</Cadence>
						<Extensions>
							<ns3:TPX>
								<ns3:Speed>0.668450</ns3:Speed>
							</ns3:TPX>
						</Extensions>
					</Trackpoint>
					<Trackpoint>
						<Time>2569-05-19T14:11:54Z</Time>
						<Position>
							<LatitudeDegrees>9.139430</LatitudeDegrees>
							<LongitudeDegrees>99.328695</LongitudeDegrees>
						</Position>
						<AltitudeMeters>42.640000</AltitudeMeters>
						<HeartRateBpm>
							<Value>102</Value>
						</HeartRateBpm>
						<Cadence>46</Cadence>
						<Extensions>
							<ns3:TPX>
								<ns3:Speed>0.664450</ns3:Speed>
							</ns3:TPX>
						</Extensions>
					</Trackpoint>
					<Trackpoint>
						<Time>2569-05-19T14:11:56Z</Time>
						<Position>
							<LatitudeDegrees>9.139452</LatitudeDegrees>
							<LongitudeDegrees>99.328681</LongitudeDegrees>
						</Position>
						<AltitudeMeters>42.610000</AltitudeMeters>
						<HeartRateBpm>
							<Value>100</Value>
						</HeartRateBpm>
						<Cadence>47</Cadence>
						<Extensions>
							<ns3:TPX>
								<ns3:Speed>0.657030</ns3:Speed>
							</ns3:TPX>
						</Extensions>
					</Trackpoint>
					<Trackpoint>
						<Time>2569-05-19T14:11:56Z</Time>
						<Position>
							<LatitudeDegrees>9.139452</LatitudeDegrees>
							<LongitudeDegrees>99.328681</LongitudeDegrees>
						</Position>
						<AltitudeMeters>42.610000</AltitudeMeters>
						<HeartRateBpm>
							<Value>100</Value>
						</HeartRateBpm>
						<Cadence>47</Cadence>
						<Extensions>
							<ns3:TPX>
								<ns3:Speed>0.657030</ns3:Speed>
							</ns3:TPX>
						</Extensions>
					</Trackpoint>
					<Trackpoint>
						<Time>2569-05-19T14:11:57Z</Time>
						<Position>
							<LatitudeDegrees>9.139461</LatitudeDegrees>
							<LongitudeDegrees>99.328675</LongitudeDegrees>
						</Position>
						<AltitudeMeters>42.600000</AltitudeMeters>
						<HeartRateBpm>
							<Value>100</Value>
						</HeartRateBpm>
						<Cadence>48</Cadence>
						<Extensions>
							<ns3:TPX>
								<ns3:Speed>0.653170</ns3:Speed>
							</ns3:TPX>
						</Extensions>
					</Trackpoint>
					<Trackpoint>
						<Time>2569-05-19T14:11:58Z</Time>
						<Position>
							<LatitudeDegrees>9.139469</LatitudeDegrees>
							<LongitudeDegrees>99.328669</LongitudeDegrees>
						</Position>
						<AltitudeMeters>42.570000</AltitudeMeters>
						<HeartRateBpm>
							<Value>99</Value>
						</HeartRateBpm>
						<Cadence>48</Cadence>
						<Extensions>
							<ns3:TPX>
								<ns3:Speed>0.648510</ns3:Speed>
							</ns3:TPX>
						</Extensions>
					</Trackpoint>
					<Trackpoint>
						<Time>2569-05-19T14:11:59Z</Time>
						<Position>
							<LatitudeDegrees>9.139479</LatitudeDegrees>
							<LongitudeDegrees>99.328663</LongitudeDegrees>
						</Position>
						<AltitudeMeters>42.560000</AltitudeMeters>
						<HeartRateBpm>
							<Value>98</Value>
						</HeartRateBpm>
						<Cadence>47</Cadence>
						<Extensions>
							<ns3:TPX>
								<ns3:Speed>0.643500</ns3:Speed>
							</ns3:TPX>
						</Extensions>
					</Trackpoint>
					<Trackpoint>
						<Time>2569-05-19T14:12:00Z</Time>
						<Position>
							<LatitudeDegrees>9.139488</LatitudeDegrees>
							<LongitudeDegrees>99.328654</LongitudeDegrees>
						</Position>
						<AltitudeMeters>42.530000</AltitudeMeters>
						<HeartRateBpm>
							<Value>98</Value>
						</HeartRateBpm>
						<Cadence>46</Cadence>
						<Extensions>
							<ns3:TPX>
								<ns3:Speed>0.638160</ns3:Speed>
							</ns3:TPX>
						</Extensions>
					</Trackpoint>
					<Trackpoint>
						<Time>2569-05-19T14:12:01Z</Time>
						<Position>
							<LatitudeDegrees>9.139496</LatitudeDegrees>
							<LongitudeDegrees>99.328644</LongitudeDegrees>
						</Position>
						<AltitudeMeters>42.520000</AltitudeMeters>
						<HeartRateBpm>
							<Value>99</Value>
						</HeartRateBpm>
						<Cadence>45</Cadence>
						<Extensions>
							<ns3:TPX>
								<ns3:Speed>0.633710</ns3:Speed>
							</ns3:TPX>
						</Extensions>
					</Trackpoint>
					<Trackpoint>
						<Time>2569-05-19T14:12:02Z</Time>
						<Position>
							<LatitudeDegrees>9.139503</LatitudeDegrees>
							<LongitudeDegrees>99.328637</LongitudeDegrees>
						</Position>
						<AltitudeMeters>42.510000</AltitudeMeters>
						<HeartRateBpm>
							<Value>99</Value>
						</HeartRateBpm>
						<Cadence>45</Cadence>
						<Extensions>
							<ns3:TPX>
								<ns3:Speed>0.630120</ns3:Speed>
							</ns3:TPX>
						</Extensions>
					</Trackpoint>
					<Trackpoint>
						<Time>2569-05-19T14:12:03Z</Time>
						<Position>
							<LatitudeDegrees>9.139509</LatitudeDegrees>
							<LongitudeDegrees>99.328628</LongitudeDegrees>
						</Position>
						<AltitudeMeters>42.510000</AltitudeMeters>
						<HeartRateBpm>
							<Value>100</Value>
						</HeartRateBpm>
						<Cadence>46</Cadence>
						<Extensions>
							<ns3:TPX>
								<ns3:Speed>0.626570</ns3:Speed>
							</ns3:TPX>
						</Extensions>
					</Trackpoint>
					<Trackpoint>
						<Time>2569-05-19T14:12:04Z</Time>
						<Position>
							<LatitudeDegrees>9.139511</LatitudeDegrees>
							<LongitudeDegrees>99.328613</LongitudeDegrees>
						</Position>
						<AltitudeMeters>42.510000</AltitudeMeters>
						<HeartRateBpm>
							<Value>101</Value>
						</HeartRateBpm>
						<Cadence>47</Cadence>
						<Extensions>
							<ns3:TPX>
								<ns3:Speed>0.622280</ns3:Speed>
							</ns3:TPX>
						</Extensions>
					</Trackpoint>
					<Trackpoint>
						<Time>2569-05-19T14:12:05Z</Time>
						<Position>
							<LatitudeDegrees>9.139516</LatitudeDegrees>
							<LongitudeDegrees>99.328599</LongitudeDegrees>
						</Position>
						<AltitudeMeters>42.510000</AltitudeMeters>
						<HeartRateBpm>
							<Value>101</Value>
						</HeartRateBpm>
						<Cadence>47</Cadence>
						<Extensions>
							<ns3:TPX>
								<ns3:Speed>0.618430</ns3:Speed>
							</ns3:TPX>
						</Extensions>
					</Trackpoint>
					<Trackpoint>
						<Time>2569-05-19T14:12:06Z</Time>
						<Position>
							<LatitudeDegrees>9.139520</LatitudeDegrees>
							<LongitudeDegrees>99.328587</LongitudeDegrees>
						</Position>
						<AltitudeMeters>42.500000</AltitudeMeters>
						<HeartRateBpm>
							<Value>101</Value>
						</HeartRateBpm>
						<Cadence>48</Cadence>
						<Extensions>
							<ns3:TPX>
								<ns3:Speed>0.615380</ns3:Speed>
							</ns3:TPX>
						</Extensions>
					</Trackpoint>
					<Trackpoint>
						<Time>2569-05-19T14:12:07Z</Time>
						<Position>
							<LatitudeDegrees>9.139524</LatitudeDegrees>
							<LongitudeDegrees>99.328576</LongitudeDegrees>
						</Position>
						<AltitudeMeters>42.510000</AltitudeMeters>
						<HeartRateBpm>
							<Value>101</Value>
						</HeartRateBpm>
						<Cadence>48</Cadence>
						<Extensions>
							<ns3:TPX>
								<ns3:Speed>0.613870</ns3:Speed>
							</ns3:TPX>
						</Extensions>
					</Trackpoint>
					<Trackpoint>
						<Time>2569-05-19T14:12:08Z</Time>
						<Position>
							<LatitudeDegrees>9.139525</LatitudeDegrees>
							<LongitudeDegrees>99.328570</LongitudeDegrees>
						</Position>
						<AltitudeMeters>42.520000</AltitudeMeters>
						<HeartRateBpm>
							<Value>102</Value>
						</HeartRateBpm>
						<Cadence>49</Cadence>
						<Extensions>
							<ns3:TPX>
								<ns3:Speed>0.613870</ns3:Speed>
							</ns3:TPX>
						</Extensions>
					</Trackpoint>
					<Trackpoint>
						<Time>2569-05-19T14:12:09Z</Time>
						<Position>
							<LatitudeDegrees>9.139529</LatitudeDegrees>
							<LongitudeDegrees>99.328562</LongitudeDegrees>
						</Position>
						<AltitudeMeters>42.520000</AltitudeMeters>
						<HeartRateBpm>
							<Value>101</Value>
						</HeartRateBpm>
						<Cadence>50</Cadence>
						<Extensions>
							<ns3:TPX>
								<ns3:Speed>0.614630</ns3:Speed>
							</ns3:TPX>
						</Extensions>
					</Trackpoint>
					<Trackpoint>
						<Time>2569-05-19T14:12:10Z</Time>
						<Position>
							<LatitudeDegrees>9.139531</LatitudeDegrees>
							<LongitudeDegrees>99.328559</LongitudeDegrees>
						</Position>
						<AltitudeMeters>42.540000</AltitudeMeters>
						<HeartRateBpm>
							<Value>101</Value>
						</HeartRateBpm>
						<Cadence>50</Cadence>
						<Extensions>
							<ns3:TPX>
								<ns3:Speed>0.615760</ns3:Speed>
							</ns3:TPX>
						</Extensions>
					</Trackpoint>
					<Trackpoint>
						<Time>2569-05-19T14:12:11Z</Time>
						<Position>
							<LatitudeDegrees>9.139535</LatitudeDegrees>
							<LongitudeDegrees>99.328555</LongitudeDegrees>
						</Position>
						<AltitudeMeters>42.610000</AltitudeMeters>
						<HeartRateBpm>
							<Value>102</Value>
						</HeartRateBpm>
						<Cadence>50</Cadence>
						<Extensions>
							<ns3:TPX>
								<ns3:Speed>0.616900</ns3:Speed>
							</ns3:TPX>
						</Extensions>
					</Trackpoint>
					<Trackpoint>
						<Time>2569-05-19T14:12:12Z</Time>
						<Position>
							<LatitudeDegrees>9.139540</LatitudeDegrees>
							<LongitudeDegrees>99.328551</LongitudeDegrees>
						</Position>
						<AltitudeMeters>42.610000</AltitudeMeters>
						<HeartRateBpm>
							<Value>102</Value>
						</HeartRateBpm>
						<Cadence>49</Cadence>
						<Extensions>
							<ns3:TPX>
								<ns3:Speed>0.616900</ns3:Speed>
							</ns3:TPX>
						</Extensions>
					</Trackpoint>
					<Trackpoint>
						<Time>2569-05-19T14:12:13Z</Time>
						<Position>
							<LatitudeDegrees>9.139544</LatitudeDegrees>
							<LongitudeDegrees>99.328548</LongitudeDegrees>
						</Position>
						<AltitudeMeters>42.610000</AltitudeMeters>
						<HeartRateBpm>
							<Value>103</Value>
						</HeartRateBpm>
						<Cadence>48</Cadence>
						<Extensions>
							<ns3:TPX>
								<ns3:Speed>0.616140</ns3:Speed>
							</ns3:TPX>
						</Extensions>
					</Trackpoint>
					<Trackpoint>
						<Time>2569-05-19T14:12:14Z</Time>
						<Position>
							<LatitudeDegrees>9.139548</LatitudeDegrees>
							<LongitudeDegrees>99.328545</LongitudeDegrees>
						</Position>
						<AltitudeMeters>42.620000</AltitudeMeters>
						<HeartRateBpm>
							<Value>104</Value>
						</HeartRateBpm>
						<Cadence>43</Cadence>
						<Extensions>
							<ns3:TPX>
								<ns3:Speed>0.614630</ns3:Speed>
							</ns3:TPX>
						</Extensions>
					</Trackpoint>
					<Trackpoint>
						<Time>2569-05-19T14:12:15Z</Time>
						<Position>
							<LatitudeDegrees>9.139552</LatitudeDegrees>
							<LongitudeDegrees>99.328542</LongitudeDegrees>
						</Position>
						<AltitudeMeters>42.620000</AltitudeMeters>
						<HeartRateBpm>
							<Value>104</Value>
						</HeartRateBpm>
						<Cadence>41</Cadence>
						<Extensions>
							<ns3:TPX>
								<ns3:Speed>0.613120</ns3:Speed>
							</ns3:TPX>
						</Extensions>
					</Trackpoint>
					<Trackpoint>
						<Time>2569-05-19T14:12:16Z</Time>
						<Position>
							<LatitudeDegrees>9.139555</LatitudeDegrees>
							<LongitudeDegrees>99.328540</LongitudeDegrees>
						</Position>
						<AltitudeMeters>42.620000</AltitudeMeters>
						<HeartRateBpm>
							<Value>105</Value>
						</HeartRateBpm>
						<Cadence>41</Cadence>
						<Extensions>
							<ns3:TPX>
								<ns3:Speed>0.609760</ns3:Speed>
							</ns3:TPX>
						</Extensions>
					</Trackpoint>
					<Trackpoint>
						<Time>2569-05-19T14:12:17Z</Time>
						<Position>
							<LatitudeDegrees>9.139558</LatitudeDegrees>
							<LongitudeDegrees>99.328539</LongitudeDegrees>
						</Position>
						<AltitudeMeters>42.620000</AltitudeMeters>
						<HeartRateBpm>
							<Value>105</Value>
						</HeartRateBpm>
						<Cadence>42</Cadence>
						<Extensions>
							<ns3:TPX>
								<ns3:Speed>0.604230</ns3:Speed>
							</ns3:TPX>
						</Extensions>
					</Trackpoint>
					<Trackpoint>
						<Time>2569-05-19T14:12:18Z</Time>
						<Position>
							<LatitudeDegrees>9.139561</LatitudeDegrees>
							<LongitudeDegrees>99.328537</LongitudeDegrees>
						</Position>
						<AltitudeMeters>42.630000</AltitudeMeters>
						<HeartRateBpm>
							<Value>105</Value>
						</HeartRateBpm>
						<Cadence>43</Cadence>
						<Extensions>
							<ns3:TPX>
								<ns3:Speed>0.598800</ns3:Speed>
							</ns3:TPX>
						</Extensions>
					</Trackpoint>
					<Trackpoint>
						<Time>2569-05-19T14:12:19Z</Time>
						<Position>
							<LatitudeDegrees>9.139565</LatitudeDegrees>
							<LongitudeDegrees>99.328533</LongitudeDegrees>
						</Position>
						<AltitudeMeters>42.630000</AltitudeMeters>
						<HeartRateBpm>
							<Value>105</Value>
						</HeartRateBpm>
						<Cadence>43</Cadence>
						<Extensions>
							<ns3:TPX>
								<ns3:Speed>0.594180</ns3:Speed>
							</ns3:TPX>
						</Extensions>
					</Trackpoint>
					<Trackpoint>
						<Time>2569-05-19T14:12:20Z</Time>
						<Position>
							<LatitudeDegrees>9.139568</LatitudeDegrees>
							<LongitudeDegrees>99.328530</LongitudeDegrees>
						</Position>
						<AltitudeMeters>42.630000</AltitudeMeters>
						<HeartRateBpm>
							<Value>105</Value>
						</HeartRateBpm>
						<Cadence>45</Cadence>
						<Extensions>
							<ns3:TPX>
								<ns3:Speed>0.589620</ns3:Speed>
							</ns3:TPX>
						</Extensions>
					</Trackpoint>
					<Trackpoint>
						<Time>2569-05-19T14:12:21Z</Time>
						<Position>
							<LatitudeDegrees>9.139573</LatitudeDegrees>
							<LongitudeDegrees>99.328526</LongitudeDegrees>
						</Position>
						<AltitudeMeters>42.630000</AltitudeMeters>
						<HeartRateBpm>
							<Value>105</Value>
						</HeartRateBpm>
					</Trackpoint>
					<Trackpoint>
						<Time>2569-05-19T14:12:22Z</Time>
						<Position>
							<LatitudeDegrees>9.139578</LatitudeDegrees>
							<LongitudeDegrees>99.328523</LongitudeDegrees>
						</Position>
						<AltitudeMeters>42.640000</AltitudeMeters>
						<HeartRateBpm>
							<Value>105</Value>
						</HeartRateBpm>
					</Trackpoint>
					<Trackpoint>
						<Time>2569-05-19T14:12:23Z</Time>
						<Position>
							<LatitudeDegrees>9.139583</LatitudeDegrees>
							<LongitudeDegrees>99.328518</LongitudeDegrees>
						</Position>
						<AltitudeMeters>42.640000</AltitudeMeters>
						<HeartRateBpm>
							<Value>105</Value>
						</HeartRateBpm>
					</Trackpoint>
					<Trackpoint>
						<Time>2569-05-19T14:12:24Z</Time>
						<Position>
							<LatitudeDegrees>9.139588</LatitudeDegrees>
							<LongitudeDegrees>99.328513</LongitudeDegrees>
						</Position>
						<AltitudeMeters>42.640000</AltitudeMeters>
						<HeartRateBpm>
							<Value>106</Value>
						</HeartRateBpm>
						<Cadence>52</Cadence>
					</Trackpoint>
					<Trackpoint>
						<Time>2569-05-19T14:12:25Z</Time>
						<Position>
							<LatitudeDegrees>9.139592</LatitudeDegrees>
							<LongitudeDegrees>99.328507</LongitudeDegrees>
						</Position>
						<AltitudeMeters>42.640000</AltitudeMeters>
						<HeartRateBpm>
							<Value>106</Value>
						</HeartRateBpm>
						<Cadence>53</Cadence>
						<Extensions>
							<ns3:TPX>
								<ns3:Speed>0.374530</ns3:Speed>
							</ns3:TPX>
						</Extensions>
					</Trackpoint>
					<Trackpoint>
						<Time>2569-05-19T14:12:26Z</Time>
						<Position>
							<LatitudeDegrees>9.139598</LatitudeDegrees>
							<LongitudeDegrees>99.328500</LongitudeDegrees>
						</Position>
						<AltitudeMeters>42.640000</AltitudeMeters>
						<HeartRateBpm>
							<Value>106</Value>
						</HeartRateBpm>
						<Cadence>58</Cadence>
						<Extensions>
							<ns3:TPX>
								<ns3:Speed>0.394170</ns3:Speed>
							</ns3:TPX>
						</Extensions>
					</Trackpoint>
					<Trackpoint>
						<Time>2569-05-19T14:12:27Z</Time>
						<Position>
							<LatitudeDegrees>9.139602</LatitudeDegrees>
							<LongitudeDegrees>99.328493</LongitudeDegrees>
						</Position>
						<AltitudeMeters>42.640000</AltitudeMeters>
						<HeartRateBpm>
							<Value>105</Value>
						</HeartRateBpm>
						<Cadence>59</Cadence>
						<Extensions>
							<ns3:TPX>
								<ns3:Speed>0.414770</ns3:Speed>
							</ns3:TPX>
						</Extensions>
					</Trackpoint>
					<Trackpoint>
						<Time>2569-05-19T14:12:29Z</Time>
						<Position>
							<LatitudeDegrees>9.139609</LatitudeDegrees>
							<LongitudeDegrees>99.328479</LongitudeDegrees>
						</Position>
						<AltitudeMeters>42.640000</AltitudeMeters>
						<HeartRateBpm>
							<Value>104</Value>
						</HeartRateBpm>
						<Cadence>56</Cadence>
						<Extensions>
							<ns3:TPX>
								<ns3:Speed>0.429370</ns3:Speed>
							</ns3:TPX>
						</Extensions>
					</Trackpoint>
					<Trackpoint>
						<Time>2569-05-19T14:12:29Z</Time>
						<Position>
							<LatitudeDegrees>9.139609</LatitudeDegrees>
							<LongitudeDegrees>99.328479</LongitudeDegrees>
						</Position>
						<AltitudeMeters>42.640000</AltitudeMeters>
						<HeartRateBpm>
							<Value>104</Value>
						</HeartRateBpm>
						<Cadence>56</Cadence>
						<Extensions>
							<ns3:TPX>
								<ns3:Speed>0.429370</ns3:Speed>
							</ns3:TPX>
						</Extensions>
					</Trackpoint>
					<Trackpoint>
						<Time>2569-05-19T14:12:30Z</Time>
						<Position>
							<LatitudeDegrees>9.139612</LatitudeDegrees>
							<LongitudeDegrees>99.328474</LongitudeDegrees>
						</Position>
						<AltitudeMeters>42.640000</AltitudeMeters>
						<HeartRateBpm>
							<Value>103</Value>
						</HeartRateBpm>
						<Cadence>56</Cadence>
						<Extensions>
							<ns3:TPX>
								<ns3:Speed>0.426800</ns3:Speed>
							</ns3:TPX>
						</Extensions>
					</Trackpoint>
					<Trackpoint>
						<Time>2569-05-19T14:12:31Z</Time>
						<Position>
							<LatitudeDegrees>9.139616</LatitudeDegrees>
							<LongitudeDegrees>99.328469</LongitudeDegrees>
						</Position>
						<AltitudeMeters>42.630000</AltitudeMeters>
						<HeartRateBpm>
							<Value>103</Value>
						</HeartRateBpm>
						<Cadence>55</Cadence>
						<Extensions>
							<ns3:TPX>
								<ns3:Speed>0.418590</ns3:Speed>
							</ns3:TPX>
						</Extensions>
					</Trackpoint>
					<Trackpoint>
						<Time>2569-05-19T14:12:33Z</Time>
						<Position>
							<LatitudeDegrees>9.139621</LatitudeDegrees>
							<LongitudeDegrees>99.328462</LongitudeDegrees>
						</Position>
						<AltitudeMeters>42.630000</AltitudeMeters>
						<HeartRateBpm>
							<Value>103</Value>
						</HeartRateBpm>
						<Cadence>54</Cadence>
						<Extensions>
							<ns3:TPX>
								<ns3:Speed>0.410850</ns3:Speed>
							</ns3:TPX>
						</Extensions>
					</Trackpoint>
					<Trackpoint>
						<Time>2569-05-19T14:12:33Z</Time>
						<Position>
							<LatitudeDegrees>9.139621</LatitudeDegrees>
							<LongitudeDegrees>99.328462</LongitudeDegrees>
						</Position>
						<AltitudeMeters>42.630000</AltitudeMeters>
						<HeartRateBpm>
							<Value>103</Value>
						</HeartRateBpm>
						<Cadence>54</Cadence>
						<Extensions>
							<ns3:TPX>
								<ns3:Speed>0.410850</ns3:Speed>
							</ns3:TPX>
						</Extensions>
					</Trackpoint>
					<Trackpoint>
						<Time>2569-05-19T14:12:34Z</Time>
						<Position>
							<LatitudeDegrees>9.139622</LatitudeDegrees>
							<LongitudeDegrees>99.328460</LongitudeDegrees>
						</Position>
						<AltitudeMeters>42.630000</AltitudeMeters>
						<HeartRateBpm>
							<Value>102</Value>
						</HeartRateBpm>
						<Cadence>49</Cadence>
						<Extensions>
							<ns3:TPX>
								<ns3:Speed>0.391850</ns3:Speed>
							</ns3:TPX>
						</Extensions>
					</Trackpoint>
					<Trackpoint>
						<Time>2569-05-19T14:12:35Z</Time>
						<Position>
							<LatitudeDegrees>9.139623</LatitudeDegrees>
							<LongitudeDegrees>99.328458</LongitudeDegrees>
						</Position>
						<AltitudeMeters>42.630000</AltitudeMeters>
						<HeartRateBpm>
							<Value>101</Value>
						</HeartRateBpm>
						<Cadence>49</Cadence>
						<Extensions>
							<ns3:TPX>
								<ns3:Speed>0.357650</ns3:Speed>
							</ns3:TPX>
						</Extensions>
					</Trackpoint>
					<Trackpoint>
						<Time>2569-05-19T14:12:36Z</Time>
						<Position>
							<LatitudeDegrees>9.139623</LatitudeDegrees>
							<LongitudeDegrees>99.328458</LongitudeDegrees>
						</Position>
						<AltitudeMeters>42.630000</AltitudeMeters>
						<HeartRateBpm>
							<Value>101</Value>
						</HeartRateBpm>
					</Trackpoint>
					<Trackpoint>
						<Time>2569-05-19T14:12:37Z</Time>
						<Position>
							<LatitudeDegrees>9.139623</LatitudeDegrees>
							<LongitudeDegrees>99.328457</LongitudeDegrees>
						</Position>
						<AltitudeMeters>42.630000</AltitudeMeters>
						<HeartRateBpm>
							<Value>100</Value>
						</HeartRateBpm>
					</Trackpoint>
					<Trackpoint>
						<Time>2569-05-19T14:12:38Z</Time>
						<Position>
							<LatitudeDegrees>9.139623</LatitudeDegrees>
							<LongitudeDegrees>99.328457</LongitudeDegrees>
						</Position>
						<AltitudeMeters>42.630000</AltitudeMeters>
						<HeartRateBpm>
							<Value>101</Value>
						</HeartRateBpm>
					</Trackpoint>
					<Trackpoint>
						<Time>2569-05-19T14:12:40Z</Time>
						<Position>
							<LatitudeDegrees>9.139623</LatitudeDegrees>
							<LongitudeDegrees>99.328457</LongitudeDegrees>
						</Position>
						<AltitudeMeters>42.630000</AltitudeMeters>
						<HeartRateBpm>
							<Value>100</Value>
						</HeartRateBpm>
					</Trackpoint>
					<Trackpoint>
						<Time>2569-05-19T14:12:41Z</Time>
						<Position>
							<LatitudeDegrees>9.139623</LatitudeDegrees>
							<LongitudeDegrees>99.328456</LongitudeDegrees>
						</Position>
						<AltitudeMeters>42.630000</AltitudeMeters>
						<HeartRateBpm>
							<Value>100</Value>
						</HeartRateBpm>
					</Trackpoint>
					<Trackpoint>
						<Time>2569-05-19T14:12:41Z</Time>
						<Position>
							<LatitudeDegrees>9.139623</LatitudeDegrees>
							<LongitudeDegrees>99.328456</LongitudeDegrees>
						</Position>
						<AltitudeMeters>42.630000</AltitudeMeters>
						<HeartRateBpm>
							<Value>100</Value>
						</HeartRateBpm>
					</Trackpoint>
					<Trackpoint>
						<Time>2569-05-19T14:12:42Z</Time>
						<Position>
							<LatitudeDegrees>9.139624</LatitudeDegrees>
							<LongitudeDegrees>99.328456</LongitudeDegrees>
						</Position>
						<AltitudeMeters>42.630000</AltitudeMeters>
						<HeartRateBpm>
							<Value>100</Value>
						</HeartRateBpm>
					</Trackpoint>
					<Trackpoint>
						<Time>2569-05-19T14:12:43Z</Time>
						<Position>
							<LatitudeDegrees>9.139624</LatitudeDegrees>
							<LongitudeDegrees>99.328456</LongitudeDegrees>
						</Position>
						<AltitudeMeters>42.630000</AltitudeMeters>
						<HeartRateBpm>
							<Value>99</Value>
						</HeartRateBpm>
					</Trackpoint>
					<Trackpoint>
						<Time>2569-05-19T14:12:44Z</Time>
						<Position>
							<LatitudeDegrees>9.139624</LatitudeDegrees>
							<LongitudeDegrees>99.328456</LongitudeDegrees>
						</Position>
						<AltitudeMeters>42.630000</AltitudeMeters>
						<HeartRateBpm>
							<Value>99</Value>
						</HeartRateBpm>
					</Trackpoint>
					<Trackpoint>
						<Time>2569-05-19T14:12:45Z</Time>
						<Position>
							<LatitudeDegrees>9.139624</LatitudeDegrees>
							<LongitudeDegrees>99.328456</LongitudeDegrees>
						</Position>
						<AltitudeMeters>42.630000</AltitudeMeters>
						<HeartRateBpm>
							<Value>98</Value>
						</HeartRateBpm>
					</Trackpoint>
					<Trackpoint>
						<Time>2569-05-19T14:12:46Z</Time>
						<Position>
							<LatitudeDegrees>9.139624</LatitudeDegrees>
							<LongitudeDegrees>99.328456</LongitudeDegrees>
						</Position>
						<AltitudeMeters>42.620000</AltitudeMeters>
						<HeartRateBpm>
							<Value>98</Value>
						</HeartRateBpm>
					</Trackpoint>
					<Trackpoint>
						<Time>2569-05-19T14:12:47Z</Time>
						<Position>
							<LatitudeDegrees>9.139624</LatitudeDegrees>
							<LongitudeDegrees>99.328456</LongitudeDegrees>
						</Position>
						<AltitudeMeters>42.620000</AltitudeMeters>
						<HeartRateBpm>
							<Value>100</Value>
						</HeartRateBpm>
					</Trackpoint>
					<Trackpoint>
						<Time>2569-05-19T14:12:49Z</Time>
						<Position>
							<LatitudeDegrees>9.139624</LatitudeDegrees>
							<LongitudeDegrees>99.328455</LongitudeDegrees>
						</Position>
						<AltitudeMeters>42.620000</AltitudeMeters>
						<HeartRateBpm>
							<Value>100</Value>
						</HeartRateBpm>
					</Trackpoint>
					<Trackpoint>
						<Time>2569-05-19T14:12:49Z</Time>
						<Position>
							<LatitudeDegrees>9.139624</LatitudeDegrees>
							<LongitudeDegrees>99.328455</LongitudeDegrees>
						</Position>
						<AltitudeMeters>42.620000</AltitudeMeters>
						<HeartRateBpm>
							<Value>100</Value>
						</HeartRateBpm>
					</Trackpoint>
					<Trackpoint>
						<Time>2569-05-19T14:12:51Z</Time>
						<Position>
							<LatitudeDegrees>9.139624</LatitudeDegrees>
							<LongitudeDegrees>99.328455</LongitudeDegrees>
						</Position>
						<AltitudeMeters>42.620000</AltitudeMeters>
						<HeartRateBpm>
							<Value>99</Value>
						</HeartRateBpm>
					</Trackpoint>
					<Trackpoint>
						<Time>2569-05-19T14:12:51Z</Time>
						<Position>
							<LatitudeDegrees>9.139624</LatitudeDegrees>
							<LongitudeDegrees>99.328455</LongitudeDegrees>
						</Position>
						<AltitudeMeters>42.620000</AltitudeMeters>
						<HeartRateBpm>
							<Value>99</Value>
						</HeartRateBpm>
					</Trackpoint>
					<Trackpoint>
						<Time>2569-05-19T14:12:53Z</Time>
						<Position>
							<LatitudeDegrees>9.139622</LatitudeDegrees>
							<LongitudeDegrees>99.328455</LongitudeDegrees>
						</Position>
						<AltitudeMeters>42.610000</AltitudeMeters>
						<HeartRateBpm>
							<Value>99</Value>
						</HeartRateBpm>
					</Trackpoint>
					<Trackpoint>
						<Time>2569-05-19T14:12:53Z</Time>
						<Position>
							<LatitudeDegrees>9.139622</LatitudeDegrees>
							<LongitudeDegrees>99.328455</LongitudeDegrees>
						</Position>
						<AltitudeMeters>42.610000</AltitudeMeters>
						<HeartRateBpm>
							<Value>99</Value>
						</HeartRateBpm>
					</Trackpoint>
					<Trackpoint>
						<Time>2569-05-19T14:12:54Z</Time>
						<Position>
							<LatitudeDegrees>9.139622</LatitudeDegrees>
							<LongitudeDegrees>99.328455</LongitudeDegrees>
						</Position>
						<AltitudeMeters>42.610000</AltitudeMeters>
						<HeartRateBpm>
							<Value>99</Value>
						</HeartRateBpm>
					</Trackpoint>
					<Trackpoint>
						<Time>2569-05-19T14:12:56Z</Time>
						<Position>
							<LatitudeDegrees>9.139622</LatitudeDegrees>
							<LongitudeDegrees>99.328455</LongitudeDegrees>
						</Position>
						<AltitudeMeters>42.610000</AltitudeMeters>
						<HeartRateBpm>
							<Value>100</Value>
						</HeartRateBpm>
					</Trackpoint>
					<Trackpoint>
						<Time>2569-05-19T14:12:56Z</Time>
						<Position>
							<LatitudeDegrees>9.139622</LatitudeDegrees>
							<LongitudeDegrees>99.328455</LongitudeDegrees>
						</Position>
						<AltitudeMeters>42.610000</AltitudeMeters>
						<HeartRateBpm>
							<Value>100</Value>
						</HeartRateBpm>
					</Trackpoint>
					<Trackpoint>
						<Time>2569-05-19T14:12:57Z</Time>
						<Position>
							<LatitudeDegrees>9.139622</LatitudeDegrees>
							<LongitudeDegrees>99.328455</LongitudeDegrees>
						</Position>
						<AltitudeMeters>42.610000</AltitudeMeters>
						<HeartRateBpm>
							<Value>100</Value>
						</HeartRateBpm>
					</Trackpoint>
					<Trackpoint>
						<Time>2569-05-19T14:12:58Z</Time>
						<Position>
							<LatitudeDegrees>9.139622</LatitudeDegrees>
							<LongitudeDegrees>99.328455</LongitudeDegrees>
						</Position>
						<AltitudeMeters>42.610000</AltitudeMeters>
						<HeartRateBpm>
							<Value>100</Value>
						</HeartRateBpm>
					</Trackpoint>
					<Trackpoint>
						<Time>2569-05-19T14:12:59Z</Time>
						<Position>
							<LatitudeDegrees>9.139622</LatitudeDegrees>
							<LongitudeDegrees>99.328455</LongitudeDegrees>
						</Position>
						<AltitudeMeters>42.610000</AltitudeMeters>
						<HeartRateBpm>
							<Value>99</Value>
						</HeartRateBpm>
					</Trackpoint>
					<Trackpoint>
						<Time>2569-05-19T14:13:00Z</Time>
						<Position>
							<LatitudeDegrees>9.139622</LatitudeDegrees>
							<LongitudeDegrees>99.328455</LongitudeDegrees>
						</Position>
						<AltitudeMeters>42.610000</AltitudeMeters>
						<HeartRateBpm>
							<Value>100</Value>
						</HeartRateBpm>
					</Trackpoint>
					<Trackpoint>
						<Time>2569-05-19T14:13:02Z</Time>
						<Position>
							<LatitudeDegrees>9.139622</LatitudeDegrees>
							<LongitudeDegrees>99.328455</LongitudeDegrees>
						</Position>
						<AltitudeMeters>42.600000</AltitudeMeters>
						<HeartRateBpm>
							<Value>99</Value>
						</HeartRateBpm>
					</Trackpoint>
					<Trackpoint>
						<Time>2569-05-19T14:13:03Z</Time>
						<Position>
							<LatitudeDegrees>9.139623</LatitudeDegrees>
							<LongitudeDegrees>99.328453</LongitudeDegrees>
						</Position>
						<AltitudeMeters>42.600000</AltitudeMeters>
						<HeartRateBpm>
							<Value>100</Value>
						</HeartRateBpm>
					</Trackpoint>
					<Trackpoint>
						<Time>2569-05-19T14:13:03Z</Time>
						<Position>
							<LatitudeDegrees>9.139623</LatitudeDegrees>
							<LongitudeDegrees>99.328453</LongitudeDegrees>
						</Position>
						<AltitudeMeters>42.600000</AltitudeMeters>
						<HeartRateBpm>
							<Value>100</Value>
						</HeartRateBpm>
					</Trackpoint>
					<Trackpoint>
						<Time>2569-05-19T14:13:05Z</Time>
						<Position>
							<LatitudeDegrees>9.139626</LatitudeDegrees>
							<LongitudeDegrees>99.328448</LongitudeDegrees>
						</Position>
						<AltitudeMeters>42.600000</AltitudeMeters>
						<HeartRateBpm>
							<Value>101</Value>
						</HeartRateBpm>
					</Trackpoint>
					<Trackpoint>
						<Time>2569-05-19T14:13:05Z</Time>
						<Position>
							<LatitudeDegrees>9.139626</LatitudeDegrees>
							<LongitudeDegrees>99.328448</LongitudeDegrees>
						</Position>
						<AltitudeMeters>42.600000</AltitudeMeters>
						<HeartRateBpm>
							<Value>101</Value>
						</HeartRateBpm>
					</Trackpoint>
					<Trackpoint>
						<Time>2569-05-19T14:13:07Z</Time>
						<Position>
							<LatitudeDegrees>9.139630</LatitudeDegrees>
							<LongitudeDegrees>99.328444</LongitudeDegrees>
						</Position>
						<AltitudeMeters>42.600000</AltitudeMeters>
						<HeartRateBpm>
							<Value>100</Value>
						</HeartRateBpm>
					</Trackpoint>
					<Trackpoint>
						<Time>2569-05-19T14:13:08Z</Time>
						<Position>
							<LatitudeDegrees>9.139634</LatitudeDegrees>
							<LongitudeDegrees>99.328441</LongitudeDegrees>
						</Position>
						<AltitudeMeters>42.600000</AltitudeMeters>
						<HeartRateBpm>
							<Value>98</Value>
						</HeartRateBpm>
					</Trackpoint>
					<Trackpoint>
						<Time>2569-05-19T14:13:09Z</Time>
						<Position>
							<LatitudeDegrees>9.139642</LatitudeDegrees>
							<LongitudeDegrees>99.328434</LongitudeDegrees>
						</Position>
						<AltitudeMeters>42.600000</AltitudeMeters>
						<HeartRateBpm>
							<Value>97</Value>
						</HeartRateBpm>
					</Trackpoint>
					<Trackpoint>
						<Time>2569-05-19T14:13:10Z</Time>
						<Position>
							<LatitudeDegrees>9.139650</LatitudeDegrees>
							<LongitudeDegrees>99.328424</LongitudeDegrees>
						</Position>
						<AltitudeMeters>42.600000</AltitudeMeters>
						<HeartRateBpm>
							<Value>95</Value>
						</HeartRateBpm>
					</Trackpoint>
					<Trackpoint>
						<Time>2569-05-19T14:13:11Z</Time>
						<Position>
							<LatitudeDegrees>9.139657</LatitudeDegrees>
							<LongitudeDegrees>99.328412</LongitudeDegrees>
						</Position>
						<AltitudeMeters>42.590000</AltitudeMeters>
						<HeartRateBpm>
							<Value>95</Value>
						</HeartRateBpm>
					</Trackpoint>
					<Trackpoint>
						<Time>2569-05-19T14:13:12Z</Time>
						<Position>
							<LatitudeDegrees>9.139664</LatitudeDegrees>
							<LongitudeDegrees>99.328399</LongitudeDegrees>
						</Position>
						<AltitudeMeters>42.590000</AltitudeMeters>
						<HeartRateBpm>
							<Value>95</Value>
						</HeartRateBpm>
						<Cadence>53</Cadence>
						<Extensions>
							<ns3:TPX>
								<ns3:Speed>0.642670</ns3:Speed>
							</ns3:TPX>
						</Extensions>
					</Trackpoint>
					<Trackpoint>
						<Time>2569-05-19T14:13:13Z</Time>
						<Position>
							<LatitudeDegrees>9.139672</LatitudeDegrees>
							<LongitudeDegrees>99.328386</LongitudeDegrees>
						</Position>
						<AltitudeMeters>42.600000</AltitudeMeters>
						<HeartRateBpm>
							<Value>97</Value>
						</HeartRateBpm>
						<Cadence>53</Cadence>
						<Extensions>
							<ns3:TPX>
								<ns3:Speed>0.750190</ns3:Speed>
							</ns3:TPX>
						</Extensions>
					</Trackpoint>
					<Trackpoint>
						<Time>2569-05-19T14:13:14Z</Time>
						<Position>
							<LatitudeDegrees>9.139678</LatitudeDegrees>
							<LongitudeDegrees>99.328371</LongitudeDegrees>
						</Position>
						<AltitudeMeters>42.600000</AltitudeMeters>
						<HeartRateBpm>
							<Value>97</Value>
						</HeartRateBpm>
						<Cadence>54</Cadence>
						<Extensions>
							<ns3:TPX>
								<ns3:Speed>0.854700</ns3:Speed>
							</ns3:TPX>
						</Extensions>
					</Trackpoint>
					<Trackpoint>
						<Time>2569-05-19T14:13:15Z</Time>
						<Position>
							<LatitudeDegrees>9.139684</LatitudeDegrees>
							<LongitudeDegrees>99.328357</LongitudeDegrees>
						</Position>
						<AltitudeMeters>42.600000</AltitudeMeters>
						<HeartRateBpm>
							<Value>98</Value>
						</HeartRateBpm>
						<Cadence>54</Cadence>
						<Extensions>
							<ns3:TPX>
								<ns3:Speed>0.938970</ns3:Speed>
							</ns3:TPX>
						</Extensions>
					</Trackpoint>
					<Trackpoint>
						<Time>2569-05-19T14:13:16Z</Time>
						<Position>
							<LatitudeDegrees>9.139689</LatitudeDegrees>
							<LongitudeDegrees>99.328344</LongitudeDegrees>
						</Position>
						<AltitudeMeters>42.600000</AltitudeMeters>
						<HeartRateBpm>
							<Value>99</Value>
						</HeartRateBpm>
						<Cadence>54</Cadence>
						<Extensions>
							<ns3:TPX>
								<ns3:Speed>1.000000</ns3:Speed>
							</ns3:TPX>
						</Extensions>
					</Trackpoint>
					<Trackpoint>
						<Time>2569-05-19T14:13:17Z</Time>
						<Position>
							<LatitudeDegrees>9.139691</LatitudeDegrees>
							<LongitudeDegrees>99.328331</LongitudeDegrees>
						</Position>
						<AltitudeMeters>42.570000</AltitudeMeters>
						<HeartRateBpm>
							<Value>98</Value>
						</HeartRateBpm>
						<Cadence>54</Cadence>
						<Extensions>
							<ns3:TPX>
								<ns3:Speed>0.930230</ns3:Speed>
							</ns3:TPX>
						</Extensions>
					</Trackpoint>
					<Trackpoint>
						<Time>2569-05-19T14:13:18Z</Time>
						<Position>
							<LatitudeDegrees>9.139693</LatitudeDegrees>
							<LongitudeDegrees>99.328318</LongitudeDegrees>
						</Position>
						<AltitudeMeters>42.570000</AltitudeMeters>
						<HeartRateBpm>
							<Value>98</Value>
						</HeartRateBpm>
						<Cadence>53</Cadence>
						<Extensions>
							<ns3:TPX>
								<ns3:Speed>0.843170</ns3:Speed>
							</ns3:TPX>
						</Extensions>
					</Trackpoint>
					<Trackpoint>
						<Time>2569-05-19T14:13:19Z</Time>
						<Position>
							<LatitudeDegrees>9.139695</LatitudeDegrees>
							<LongitudeDegrees>99.328306</LongitudeDegrees>
						</Position>
						<AltitudeMeters>42.570000</AltitudeMeters>
						<HeartRateBpm>
							<Value>98</Value>
						</HeartRateBpm>
						<Cadence>52</Cadence>
						<Extensions>
							<ns3:TPX>
								<ns3:Speed>0.910750</ns3:Speed>
							</ns3:TPX>
						</Extensions>
					</Trackpoint>
					<Trackpoint>
						<Time>2569-05-19T14:13:20Z</Time>
						<Position>
							<LatitudeDegrees>9.139696</LatitudeDegrees>
							<LongitudeDegrees>99.328295</LongitudeDegrees>
						</Position>
						<AltitudeMeters>42.570000</AltitudeMeters>
						<HeartRateBpm>
							<Value>97</Value>
						</HeartRateBpm>
						<Cadence>52</Cadence>
						<Extensions>
							<ns3:TPX>
								<ns3:Speed>1.011120</ns3:Speed>
							</ns3:TPX>
						</Extensions>
					</Trackpoint>
					<Trackpoint>
						<Time>2569-05-19T14:13:21Z</Time>
						<Position>
							<LatitudeDegrees>9.139699</LatitudeDegrees>
							<LongitudeDegrees>99.328285</LongitudeDegrees>
						</Position>
						<AltitudeMeters>42.570000</AltitudeMeters>
						<HeartRateBpm>
							<Value>96</Value>
						</HeartRateBpm>
						<Cadence>51</Cadence>
						<Extensions>
							<ns3:TPX>
								<ns3:Speed>1.053740</ns3:Speed>
							</ns3:TPX>
						</Extensions>
					</Trackpoint>
					<Trackpoint>
						<Time>2569-05-19T14:13:22Z</Time>
						<Position>
							<LatitudeDegrees>9.139703</LatitudeDegrees>
							<LongitudeDegrees>99.328278</LongitudeDegrees>
						</Position>
						<AltitudeMeters>42.570000</AltitudeMeters>
						<HeartRateBpm>
							<Value>96</Value>
						</HeartRateBpm>
						<Cadence>50</Cadence>
						<Extensions>
							<ns3:TPX>
								<ns3:Speed>1.116070</ns3:Speed>
							</ns3:TPX>
						</Extensions>
					</Trackpoint>
					<Trackpoint>
						<Time>2569-05-19T14:13:23Z</Time>
						<Position>
							<LatitudeDegrees>9.139707</LatitudeDegrees>
							<LongitudeDegrees>99.328272</LongitudeDegrees>
						</Position>
						<AltitudeMeters>42.570000</AltitudeMeters>
						<HeartRateBpm>
							<Value>97</Value>
						</HeartRateBpm>
						<Cadence>50</Cadence>
						<Extensions>
							<ns3:TPX>
								<ns3:Speed>1.135070</ns3:Speed>
							</ns3:TPX>
						</Extensions>
					</Trackpoint>
					<Trackpoint>
						<Time>2569-05-19T14:13:24Z</Time>
						<Position>
							<LatitudeDegrees>9.139712</LatitudeDegrees>
							<LongitudeDegrees>99.328268</LongitudeDegrees>
						</Position>
						<AltitudeMeters>42.560000</AltitudeMeters>
						<HeartRateBpm>
							<Value>96</Value>
						</HeartRateBpm>
						<Cadence>53</Cadence>
						<Extensions>
							<ns3:TPX>
								<ns3:Speed>1.038420</ns3:Speed>
							</ns3:TPX>
						</Extensions>
					</Trackpoint>
					<Trackpoint>
						<Time>2569-05-19T14:13:25Z</Time>
						<Position>
							<LatitudeDegrees>9.139717</LatitudeDegrees>
							<LongitudeDegrees>99.328264</LongitudeDegrees>
						</Position>
						<AltitudeMeters>42.560000</AltitudeMeters>
						<HeartRateBpm>
							<Value>95</Value>
						</HeartRateBpm>
						<Cadence>57</Cadence>
						<Extensions>
							<ns3:TPX>
								<ns3:Speed>0.928510</ns3:Speed>
							</ns3:TPX>
						</Extensions>
					</Trackpoint>
					<Trackpoint>
						<Time>2569-05-19T14:13:26Z</Time>
						<Position>
							<LatitudeDegrees>9.139719</LatitudeDegrees>
							<LongitudeDegrees>99.328262</LongitudeDegrees>
						</Position>
						<AltitudeMeters>42.530000</AltitudeMeters>
						<HeartRateBpm>
							<Value>95</Value>
						</HeartRateBpm>
						<Cadence>58</Cadence>
						<Extensions>
							<ns3:TPX>
								<ns3:Speed>0.821690</ns3:Speed>
							</ns3:TPX>
						</Extensions>
					</Trackpoint>
					<Trackpoint>
						<Time>2569-05-19T14:13:27Z</Time>
						<Position>
							<LatitudeDegrees>9.139720</LatitudeDegrees>
							<LongitudeDegrees>99.328260</LongitudeDegrees>
						</Position>
						<AltitudeMeters>42.520000</AltitudeMeters>
						<HeartRateBpm>
							<Value>95</Value>
						</HeartRateBpm>
						<Cadence>57</Cadence>
						<Extensions>
							<ns3:TPX>
								<ns3:Speed>0.741840</ns3:Speed>
							</ns3:TPX>
						</Extensions>
					</Trackpoint>
					<Trackpoint>
						<Time>2569-05-19T14:13:28Z</Time>
						<Position>
							<LatitudeDegrees>9.139720</LatitudeDegrees>
							<LongitudeDegrees>99.328255</LongitudeDegrees>
						</Position>
						<AltitudeMeters>42.510000</AltitudeMeters>
						<HeartRateBpm>
							<Value>95</Value>
						</HeartRateBpm>
						<Cadence>57</Cadence>
						<Extensions>
							<ns3:TPX>
								<ns3:Speed>0.664890</ns3:Speed>
							</ns3:TPX>
						</Extensions>
					</Trackpoint>
					<Trackpoint>
						<Time>2569-05-19T14:13:29Z</Time>
						<Position>
							<LatitudeDegrees>9.139727</LatitudeDegrees>
							<LongitudeDegrees>99.328228</LongitudeDegrees>
						</Position>
						<AltitudeMeters>42.500000</AltitudeMeters>
						<HeartRateBpm>
							<Value>95</Value>
						</HeartRateBpm>
						<Cadence>57</Cadence>
						<Extensions>
							<ns3:TPX>
								<ns3:Speed>0.616520</ns3:Speed>
							</ns3:TPX>
						</Extensions>
					</Trackpoint>
					<Trackpoint>
						<Time>2569-05-19T14:13:29Z</Time>
						<Position>
							<LatitudeDegrees>9.139727</LatitudeDegrees>
							<LongitudeDegrees>99.328228</LongitudeDegrees>
						</Position>
						<AltitudeMeters>42.500000</AltitudeMeters>
						<HeartRateBpm>
							<Value>95</Value>
						</HeartRateBpm>
						<Cadence>57</Cadence>
						<Extensions>
							<ns3:TPX>
								<ns3:Speed>0.616520</ns3:Speed>
							</ns3:TPX>
						</Extensions>
					</Trackpoint>
					<Trackpoint>
						<Time>2569-05-19T14:13:31Z</Time>
						<Position>
							<LatitudeDegrees>9.139736</LatitudeDegrees>
							<LongitudeDegrees>99.328210</LongitudeDegrees>
						</Position>
						<AltitudeMeters>42.500000</AltitudeMeters>
						<HeartRateBpm>
							<Value>95</Value>
						</HeartRateBpm>
						<Cadence>57</Cadence>
						<Extensions>
							<ns3:TPX>
								<ns3:Speed>0.537350</ns3:Speed>
							</ns3:TPX>
						</Extensions>
					</Trackpoint>
					<Trackpoint>
						<Time>2569-05-19T14:13:32Z</Time>
						<Position>
							<LatitudeDegrees>9.139748</LatitudeDegrees>
							<LongitudeDegrees>99.328191</LongitudeDegrees>
						</Position>
						<AltitudeMeters>42.500000</AltitudeMeters>
						<HeartRateBpm>
							<Value>95</Value>
						</HeartRateBpm>
						<Cadence>59</Cadence>
						<Extensions>
							<ns3:TPX>
								<ns3:Speed>0.594530</ns3:Speed>
							</ns3:TPX>
						</Extensions>
					</Trackpoint>
					<Trackpoint>
						<Time>2569-05-19T14:13:33Z</Time>
						<Position>
							<LatitudeDegrees>9.139760</LatitudeDegrees>
							<LongitudeDegrees>99.328174</LongitudeDegrees>
						</Position>
						<AltitudeMeters>42.500000</AltitudeMeters>
						<HeartRateBpm>
							<Value>96</Value>
						</HeartRateBpm>
						<Cadence>59</Cadence>
						<Extensions>
							<ns3:TPX>
								<ns3:Speed>0.968990</ns3:Speed>
							</ns3:TPX>
						</Extensions>
					</Trackpoint>
					<Trackpoint>
						<Time>2569-05-19T14:13:34Z</Time>
						<Position>
							<LatitudeDegrees>9.139773</LatitudeDegrees>
							<LongitudeDegrees>99.328163</LongitudeDegrees>
						</Position>
						<AltitudeMeters>42.490000</AltitudeMeters>
						<HeartRateBpm>
							<Value>98</Value>
						</HeartRateBpm>
						<Cadence>59</Cadence>
						<Extensions>
							<ns3:TPX>
								<ns3:Speed>1.508300</ns3:Speed>
							</ns3:TPX>
						</Extensions>
					</Trackpoint>
					<Trackpoint>
						<Time>2569-05-19T14:13:35Z</Time>
						<Position>
							<LatitudeDegrees>9.139800</LatitudeDegrees>
							<LongitudeDegrees>99.328155</LongitudeDegrees>
						</Position>
						<AltitudeMeters>42.500000</AltitudeMeters>
						<HeartRateBpm>
							<Value>99</Value>
						</HeartRateBpm>
						<Cadence>82</Cadence>
						<Extensions>
							<ns3:TPX>
								<ns3:Speed>1.808320</ns3:Speed>
							</ns3:TPX>
						</Extensions>
					</Trackpoint>
					<Trackpoint>
						<Time>2569-05-19T14:13:35Z</Time>
						<Position>
							<LatitudeDegrees>9.139800</LatitudeDegrees>
							<LongitudeDegrees>99.328155</LongitudeDegrees>
						</Position>
						<AltitudeMeters>42.500000</AltitudeMeters>
						<HeartRateBpm>
							<Value>99</Value>
						</HeartRateBpm>
						<Cadence>82</Cadence>
						<Extensions>
							<ns3:TPX>
								<ns3:Speed>1.808320</ns3:Speed>
							</ns3:TPX>
						</Extensions>
					</Trackpoint>
					<Trackpoint>
						<Time>2569-05-19T14:13:36Z</Time>
						<Position>
							<LatitudeDegrees>9.139811</LatitudeDegrees>
							<LongitudeDegrees>99.328157</LongitudeDegrees>
						</Position>
						<AltitudeMeters>42.510000</AltitudeMeters>
						<HeartRateBpm>
							<Value>102</Value>
						</HeartRateBpm>
						<Cadence>82</Cadence>
						<Extensions>
							<ns3:TPX>
								<ns3:Speed>1.808320</ns3:Speed>
							</ns3:TPX>
						</Extensions>
					</Trackpoint>
					<Trackpoint>
						<Time>2569-05-19T14:13:37Z</Time>
						<Position>
							<LatitudeDegrees>9.139819</LatitudeDegrees>
							<LongitudeDegrees>99.328167</LongitudeDegrees>
						</Position>
						<AltitudeMeters>42.520000</AltitudeMeters>
						<HeartRateBpm>
							<Value>103</Value>
						</HeartRateBpm>
						<Cadence>82</Cadence>
						<Extensions>
							<ns3:TPX>
								<ns3:Speed>1.773050</ns3:Speed>
							</ns3:TPX>
						</Extensions>
					</Trackpoint>
					<Trackpoint>
						<Time>2569-05-19T14:13:38Z</Time>
						<Position>
							<LatitudeDegrees>9.139826</LatitudeDegrees>
							<LongitudeDegrees>99.328178</LongitudeDegrees>
						</Position>
						<AltitudeMeters>42.520000</AltitudeMeters>
						<HeartRateBpm>
							<Value>103</Value>
						</HeartRateBpm>
						<Cadence>82</Cadence>
						<Extensions>
							<ns3:TPX>
								<ns3:Speed>1.647450</ns3:Speed>
							</ns3:TPX>
						</Extensions>
					</Trackpoint>
					<Trackpoint>
						<Time>2569-05-19T14:13:39Z</Time>
						<Position>
							<LatitudeDegrees>9.139833</LatitudeDegrees>
							<LongitudeDegrees>99.328191</LongitudeDegrees>
						</Position>
						<AltitudeMeters>42.530000</AltitudeMeters>
						<HeartRateBpm>
							<Value>106</Value>
						</HeartRateBpm>
						<Cadence>82</Cadence>
						<Extensions>
							<ns3:TPX>
								<ns3:Speed>1.501500</ns3:Speed>
							</ns3:TPX>
						</Extensions>
					</Trackpoint>
					<Trackpoint>
						<Time>2569-05-19T14:13:41Z</Time>
						<Position>
							<LatitudeDegrees>9.139844</LatitudeDegrees>
							<LongitudeDegrees>99.328209</LongitudeDegrees>
						</Position>
						<AltitudeMeters>42.540000</AltitudeMeters>
						<HeartRateBpm>
							<Value>108</Value>
						</HeartRateBpm>
						<Cadence>80</Cadence>
						<Extensions>
							<ns3:TPX>
								<ns3:Speed>1.464130</ns3:Speed>
							</ns3:TPX>
						</Extensions>
					</Trackpoint>
					<Trackpoint>
						<Time>2569-05-19T14:13:41Z</Time>
						<Position>
							<LatitudeDegrees>9.139844</LatitudeDegrees>
							<LongitudeDegrees>99.328209</LongitudeDegrees>
						</Position>
						<AltitudeMeters>42.540000</AltitudeMeters>
						<HeartRateBpm>
							<Value>108</Value>
						</HeartRateBpm>
						<Cadence>80</Cadence>
						<Extensions>
							<ns3:TPX>
								<ns3:Speed>1.464130</ns3:Speed>
							</ns3:TPX>
						</Extensions>
					</Trackpoint>
					<Trackpoint>
						<Time>2569-05-19T14:13:43Z</Time>
						<Position>
							<LatitudeDegrees>9.139854</LatitudeDegrees>
							<LongitudeDegrees>99.328223</LongitudeDegrees>
						</Position>
						<AltitudeMeters>42.550000</AltitudeMeters>
						<HeartRateBpm>
							<Value>113</Value>
						</HeartRateBpm>
						<Cadence>78</Cadence>
						<Extensions>
							<ns3:TPX>
								<ns3:Speed>1.388890</ns3:Speed>
							</ns3:TPX>
						</Extensions>
					</Trackpoint>
					<Trackpoint>
						<Time>2569-05-19T14:13:43Z</Time>
						<Position>
							<LatitudeDegrees>9.139854</LatitudeDegrees>
							<LongitudeDegrees>99.328223</LongitudeDegrees>
						</Position>
						<AltitudeMeters>42.550000</AltitudeMeters>
						<HeartRateBpm>
							<Value>113</Value>
						</HeartRateBpm>
						<Cadence>78</Cadence>
						<Extensions>
							<ns3:TPX>
								<ns3:Speed>1.388890</ns3:Speed>
							</ns3:TPX>
						</Extensions>
					</Trackpoint>
					<Trackpoint>
						<Time>2569-05-19T14:13:44Z</Time>
						<Position>
							<LatitudeDegrees>9.139863</LatitudeDegrees>
							<LongitudeDegrees>99.328227</LongitudeDegrees>
						</Position>
						<AltitudeMeters>42.550000</AltitudeMeters>
						<HeartRateBpm>
							<Value>114</Value>
						</HeartRateBpm>
						<Cadence>78</Cadence>
						<Extensions>
							<ns3:TPX>
								<ns3:Speed>1.287000</ns3:Speed>
							</ns3:TPX>
						</Extensions>
					</Trackpoint>
					<Trackpoint>
						<Time>2569-05-19T14:13:45Z</Time>
						<Position>
							<LatitudeDegrees>9.139872</LatitudeDegrees>
							<LongitudeDegrees>99.328226</LongitudeDegrees>
						</Position>
						<AltitudeMeters>42.560000</AltitudeMeters>
						<HeartRateBpm>
							<Value>115</Value>
						</HeartRateBpm>
						<Cadence>60</Cadence>
						<Extensions>
							<ns3:TPX>
								<ns3:Speed>1.128670</ns3:Speed>
							</ns3:TPX>
						</Extensions>
					</Trackpoint>
					<Trackpoint>
						<Time>2569-05-19T14:13:46Z</Time>
						<Position>
							<LatitudeDegrees>9.139881</LatitudeDegrees>
							<LongitudeDegrees>99.328224</LongitudeDegrees>
						</Position>
						<AltitudeMeters>42.560000</AltitudeMeters>
						<HeartRateBpm>
							<Value>115</Value>
						</HeartRateBpm>
						<Cadence>55</Cadence>
						<Extensions>
							<ns3:TPX>
								<ns3:Speed>0.882610</ns3:Speed>
							</ns3:TPX>
						</Extensions>
					</Trackpoint>
					<Trackpoint>
						<Time>2569-05-19T14:13:47Z</Time>
						<Position>
							<LatitudeDegrees>9.139888</LatitudeDegrees>
							<LongitudeDegrees>99.328223</LongitudeDegrees>
						</Position>
						<AltitudeMeters>42.560000</AltitudeMeters>
						<HeartRateBpm>
							<Value>114</Value>
						</HeartRateBpm>
						<Cadence>51</Cadence>
						<Extensions>
							<ns3:TPX>
								<ns3:Speed>0.714290</ns3:Speed>
							</ns3:TPX>
						</Extensions>
					</Trackpoint>
					<Trackpoint>
						<Time>2569-05-19T14:13:48Z</Time>
						<Position>
							<LatitudeDegrees>9.139897</LatitudeDegrees>
							<LongitudeDegrees>99.328221</LongitudeDegrees>
						</Position>
						<AltitudeMeters>42.560000</AltitudeMeters>
						<HeartRateBpm>
							<Value>113</Value>
						</HeartRateBpm>
						<Cadence>51</Cadence>
						<Extensions>
							<ns3:TPX>
								<ns3:Speed>0.675680</ns3:Speed>
							</ns3:TPX>
						</Extensions>
					</Trackpoint>
					<Trackpoint>
						<Time>2569-05-19T14:13:49Z</Time>
						<Position>
							<LatitudeDegrees>9.139906</LatitudeDegrees>
							<LongitudeDegrees>99.328218</LongitudeDegrees>
						</Position>
						<AltitudeMeters>42.560000</AltitudeMeters>
						<HeartRateBpm>
							<Value>113</Value>
						</HeartRateBpm>
						<Cadence>50</Cadence>
						<Extensions>
							<ns3:TPX>
								<ns3:Speed>0.666220</ns3:Speed>
							</ns3:TPX>
						</Extensions>
					</Trackpoint>
					<Trackpoint>
						<Time>2569-05-19T14:13:50Z</Time>
						<Position>
							<LatitudeDegrees>9.139914</LatitudeDegrees>
							<LongitudeDegrees>99.328215</LongitudeDegrees>
						</Position>
						<AltitudeMeters>42.550000</AltitudeMeters>
						<HeartRateBpm>
							<Value>112</Value>
						</HeartRateBpm>
						<Cadence>48</Cadence>
						<Extensions>
							<ns3:TPX>
								<ns3:Speed>0.665780</ns3:Speed>
							</ns3:TPX>
						</Extensions>
					</Trackpoint>
					<Trackpoint>
						<Time>2569-05-19T14:13:51Z</Time>
						<Position>
							<LatitudeDegrees>9.139920</LatitudeDegrees>
							<LongitudeDegrees>99.328214</LongitudeDegrees>
						</Position>
						<AltitudeMeters>42.550000</AltitudeMeters>
						<HeartRateBpm>
							<Value>112</Value>
						</HeartRateBpm>
						<Cadence>47</Cadence>
						<Extensions>
							<ns3:TPX>
								<ns3:Speed>0.640610</ns3:Speed>
							</ns3:TPX>
						</Extensions>
					</Trackpoint>
					<Trackpoint>
						<Time>2569-05-19T14:13:52Z</Time>
						<Position>
							<LatitudeDegrees>9.139926</LatitudeDegrees>
							<LongitudeDegrees>99.328212</LongitudeDegrees>
						</Position>
						<AltitudeMeters>42.550000</AltitudeMeters>
						<HeartRateBpm>
							<Value>112</Value>
						</HeartRateBpm>
						<Cadence>46</Cadence>
						<Extensions>
							<ns3:TPX>
								<ns3:Speed>0.615010</ns3:Speed>
							</ns3:TPX>
						</Extensions>
					</Trackpoint>
					<Trackpoint>
						<Time>2569-05-19T14:13:53Z</Time>
						<Position>
							<LatitudeDegrees>9.139930</LatitudeDegrees>
							<LongitudeDegrees>99.328210</LongitudeDegrees>
						</Position>
						<AltitudeMeters>42.550000</AltitudeMeters>
						<HeartRateBpm>
							<Value>112</Value>
						</HeartRateBpm>
						<Cadence>46</Cadence>
						<Extensions>
							<ns3:TPX>
								<ns3:Speed>0.614250</ns3:Speed>
							</ns3:TPX>
						</Extensions>
					</Trackpoint>
					<Trackpoint>
						<Time>2569-05-19T14:13:54Z</Time>
						<Position>
							<LatitudeDegrees>9.139937</LatitudeDegrees>
							<LongitudeDegrees>99.328207</LongitudeDegrees>
						</Position>
						<AltitudeMeters>42.540000</AltitudeMeters>
						<HeartRateBpm>
							<Value>112</Value>
						</HeartRateBpm>
						<Cadence>47</Cadence>
						<Extensions>
							<ns3:TPX>
								<ns3:Speed>0.612370</ns3:Speed>
							</ns3:TPX>
						</Extensions>
					</Trackpoint>
					<Trackpoint>
						<Time>2569-05-19T14:13:56Z</Time>
						<Position>
							<LatitudeDegrees>9.139951</LatitudeDegrees>
							<LongitudeDegrees>99.328189</LongitudeDegrees>
						</Position>
						<AltitudeMeters>42.540000</AltitudeMeters>
						<HeartRateBpm>
							<Value>112</Value>
						</HeartRateBpm>
						<Cadence>50</Cadence>
						<Extensions>
							<ns3:TPX>
								<ns3:Speed>0.598800</ns3:Speed>
							</ns3:TPX>
						</Extensions>
					</Trackpoint>
					<Trackpoint>
						<Time>2569-05-19T14:13:56Z</Time>
						<Position>
							<LatitudeDegrees>9.139951</LatitudeDegrees>
							<LongitudeDegrees>99.328189</LongitudeDegrees>
						</Position>
						<AltitudeMeters>42.540000</AltitudeMeters>
						<HeartRateBpm>
							<Value>112</Value>
						</HeartRateBpm>
						<Cadence>50</Cadence>
						<Extensions>
							<ns3:TPX>
								<ns3:Speed>0.598800</ns3:Speed>
							</ns3:TPX>
						</Extensions>
					</Trackpoint>
					<Trackpoint>
						<Time>2569-05-19T14:13:58Z</Time>
						<Position>
							<LatitudeDegrees>9.139964</LatitudeDegrees>
							<LongitudeDegrees>99.328177</LongitudeDegrees>
						</Position>
						<AltitudeMeters>42.540000</AltitudeMeters>
						<HeartRateBpm>
							<Value>111</Value>
						</HeartRateBpm>
						<Cadence>52</Cadence>
						<Extensions>
							<ns3:TPX>
								<ns3:Speed>0.606430</ns3:Speed>
							</ns3:TPX>
						</Extensions>
					</Trackpoint>
					<Trackpoint>
						<Time>2569-05-19T14:13:58Z</Time>
						<Position>
							<LatitudeDegrees>9.139964</LatitudeDegrees>
							<LongitudeDegrees>99.328177</LongitudeDegrees>
						</Position>
						<AltitudeMeters>42.540000</AltitudeMeters>
						<HeartRateBpm>
							<Value>111</Value>
						</HeartRateBpm>
						<Cadence>52</Cadence>
						<Extensions>
							<ns3:TPX>
								<ns3:Speed>0.606430</ns3:Speed>
							</ns3:TPX>
						</Extensions>
					</Trackpoint>
					<Trackpoint>
						<Time>2569-05-19T14:13:59Z</Time>
						<Position>
							<LatitudeDegrees>9.139971</LatitudeDegrees>
							<LongitudeDegrees>99.328175</LongitudeDegrees>
						</Position>
						<AltitudeMeters>42.540000</AltitudeMeters>
						<HeartRateBpm>
							<Value>111</Value>
						</HeartRateBpm>
						<Cadence>52</Cadence>
						<Extensions>
							<ns3:TPX>
								<ns3:Speed>0.626960</ns3:Speed>
							</ns3:TPX>
						</Extensions>
					</Trackpoint>
					<Trackpoint>
						<Time>2569-05-19T14:14:01Z</Time>
						<Position>
							<LatitudeDegrees>9.139989</LatitudeDegrees>
							<LongitudeDegrees>99.328169</LongitudeDegrees>
						</Position>
						<AltitudeMeters>42.530000</AltitudeMeters>
						<HeartRateBpm>
							<Value>112</Value>
						</HeartRateBpm>
						<Cadence>51</Cadence>
						<Extensions>
							<ns3:TPX>
								<ns3:Speed>0.694930</ns3:Speed>
							</ns3:TPX>
						</Extensions>
					</Trackpoint>
					<Trackpoint>
						<Time>2569-05-19T14:14:01Z</Time>
						<Position>
							<LatitudeDegrees>9.139989</LatitudeDegrees>
							<LongitudeDegrees>99.328169</LongitudeDegrees>
						</Position>
						<AltitudeMeters>42.530000</AltitudeMeters>
						<HeartRateBpm>
							<Value>112</Value>
						</HeartRateBpm>
						<Cadence>51</Cadence>
						<Extensions>
							<ns3:TPX>
								<ns3:Speed>0.694930</ns3:Speed>
							</ns3:TPX>
						</Extensions>
					</Trackpoint>
					<Trackpoint>
						<Time>2569-05-19T14:14:02Z</Time>
						<Position>
							<LatitudeDegrees>9.139997</LatitudeDegrees>
							<LongitudeDegrees>99.328166</LongitudeDegrees>
						</Position>
						<AltitudeMeters>42.530000</AltitudeMeters>
						<HeartRateBpm>
							<Value>112</Value>
						</HeartRateBpm>
						<Cadence>51</Cadence>
						<Extensions>
							<ns3:TPX>
								<ns3:Speed>0.722020</ns3:Speed>
							</ns3:TPX>
						</Extensions>
					</Trackpoint>
					<Trackpoint>
						<Time>2569-05-19T14:14:03Z</Time>
						<Position>
							<LatitudeDegrees>9.140004</LatitudeDegrees>
							<LongitudeDegrees>99.328160</LongitudeDegrees>
						</Position>
						<AltitudeMeters>42.520000</AltitudeMeters>
						<HeartRateBpm>
							<Value>112</Value>
						</HeartRateBpm>
						<Cadence>50</Cadence>
						<Extensions>
							<ns3:TPX>
								<ns3:Speed>0.754150</ns3:Speed>
							</ns3:TPX>
						</Extensions>
					</Trackpoint>
					<Trackpoint>
						<Time>2569-05-19T14:14:04Z</Time>
						<Position>
							<LatitudeDegrees>9.140012</LatitudeDegrees>
							<LongitudeDegrees>99.328157</LongitudeDegrees>
						</Position>
						<AltitudeMeters>42.520000</AltitudeMeters>
						<HeartRateBpm>
							<Value>112</Value>
						</HeartRateBpm>
						<Cadence>51</Cadence>
						<Extensions>
							<ns3:TPX>
								<ns3:Speed>0.820340</ns3:Speed>
							</ns3:TPX>
						</Extensions>
					</Trackpoint>
					<Trackpoint>
						<Time>2569-05-19T14:14:05Z</Time>
						<Position>
							<LatitudeDegrees>9.140020</LatitudeDegrees>
							<LongitudeDegrees>99.328154</LongitudeDegrees>
						</Position>
						<AltitudeMeters>42.510000</AltitudeMeters>
						<HeartRateBpm>
							<Value>111</Value>
						</HeartRateBpm>
						<Cadence>51</Cadence>
						<Extensions>
							<ns3:TPX>
								<ns3:Speed>0.872600</ns3:Speed>
							</ns3:TPX>
						</Extensions>
					</Trackpoint>
					<Trackpoint>
						<Time>2569-05-19T14:14:06Z</Time>
						<Position>
							<LatitudeDegrees>9.140027</LatitudeDegrees>
							<LongitudeDegrees>99.328152</LongitudeDegrees>
						</Position>
						<AltitudeMeters>42.510000</AltitudeMeters>
						<HeartRateBpm>
							<Value>111</Value>
						</HeartRateBpm>
						<Cadence>51</Cadence>
						<Extensions>
							<ns3:TPX>
								<ns3:Speed>0.881060</ns3:Speed>
							</ns3:TPX>
						</Extensions>
					</Trackpoint>
					<Trackpoint>
						<Time>2569-05-19T14:14:08Z</Time>
						<Position>
							<LatitudeDegrees>9.140045</LatitudeDegrees>
							<LongitudeDegrees>99.328150</LongitudeDegrees>
						</Position>
						<AltitudeMeters>42.500000</AltitudeMeters>
						<HeartRateBpm>
							<Value>112</Value>
						</HeartRateBpm>
						<Cadence>52</Cadence>
						<Extensions>
							<ns3:TPX>
								<ns3:Speed>0.892060</ns3:Speed>
							</ns3:TPX>
						</Extensions>
					</Trackpoint>
					<Trackpoint>
						<Time>2569-05-19T14:14:08Z</Time>
						<Position>
							<LatitudeDegrees>9.140045</LatitudeDegrees>
							<LongitudeDegrees>99.328150</LongitudeDegrees>
						</Position>
						<AltitudeMeters>42.500000</AltitudeMeters>
						<HeartRateBpm>
							<Value>112</Value>
						</HeartRateBpm>
						<Cadence>52</Cadence>
						<Extensions>
							<ns3:TPX>
								<ns3:Speed>0.892060</ns3:Speed>
							</ns3:TPX>
						</Extensions>
					</Trackpoint>
					<Trackpoint>
						<Time>2569-05-19T14:14:09Z</Time>
						<Position>
							<LatitudeDegrees>9.140053</LatitudeDegrees>
							<LongitudeDegrees>99.328142</LongitudeDegrees>
						</Position>
						<AltitudeMeters>42.490000</AltitudeMeters>
						<HeartRateBpm>
							<Value>112</Value>
						</HeartRateBpm>
						<Cadence>52</Cadence>
						<Extensions>
							<ns3:TPX>
								<ns3:Speed>0.895260</ns3:Speed>
							</ns3:TPX>
						</Extensions>
					</Trackpoint>
					<Trackpoint>
						<Time>2569-05-19T14:14:11Z</Time>
						<Position>
							<LatitudeDegrees>9.140069</LatitudeDegrees>
							<LongitudeDegrees>99.328124</LongitudeDegrees>
						</Position>
						<AltitudeMeters>42.480000</AltitudeMeters>
						<HeartRateBpm>
							<Value>111</Value>
						</HeartRateBpm>
						<Cadence>52</Cadence>
						<Extensions>
							<ns3:TPX>
								<ns3:Speed>0.909920</ns3:Speed>
							</ns3:TPX>
						</Extensions>
					</Trackpoint>
					<Trackpoint>
						<Time>2569-05-19T14:14:11Z</Time>
						<Position>
							<LatitudeDegrees>9.140069</LatitudeDegrees>
							<LongitudeDegrees>99.328124</LongitudeDegrees>
						</Position>
						<AltitudeMeters>42.480000</AltitudeMeters>
						<HeartRateBpm>
							<Value>111</Value>
						</HeartRateBpm>
						<Cadence>52</Cadence>
						<Extensions>
							<ns3:TPX>
								<ns3:Speed>0.909920</ns3:Speed>
							</ns3:TPX>
						</Extensions>
					</Trackpoint>
					<Trackpoint>
						<Time>2569-05-19T14:14:12Z</Time>
						<Position>
							<LatitudeDegrees>9.140075</LatitudeDegrees>
							<LongitudeDegrees>99.328116</LongitudeDegrees>
						</Position>
						<AltitudeMeters>42.470000</AltitudeMeters>
						<HeartRateBpm>
							<Value>111</Value>
						</HeartRateBpm>
						<Cadence>52</Cadence>
						<Extensions>
							<ns3:TPX>
								<ns3:Speed>0.922510</ns3:Speed>
							</ns3:TPX>
						</Extensions>
					</Trackpoint>
					<Trackpoint>
						<Time>2569-05-19T14:14:13Z</Time>
						<Position>
							<LatitudeDegrees>9.140081</LatitudeDegrees>
							<LongitudeDegrees>99.328109</LongitudeDegrees>
						</Position>
						<AltitudeMeters>42.470000</AltitudeMeters>
						<HeartRateBpm>
							<Value>110</Value>
						</HeartRateBpm>
						<Cadence>52</Cadence>
						<Extensions>
							<ns3:TPX>
								<ns3:Speed>0.920810</ns3:Speed>
							</ns3:TPX>
						</Extensions>
					</Trackpoint>
					<Trackpoint>
						<Time>2569-05-19T14:14:14Z</Time>
						<Position>
							<LatitudeDegrees>9.140088</LatitudeDegrees>
							<LongitudeDegrees>99.328105</LongitudeDegrees>
						</Position>
						<AltitudeMeters>42.470000</AltitudeMeters>
						<HeartRateBpm>
							<Value>109</Value>
						</HeartRateBpm>
						<Cadence>51</Cadence>
						<Extensions>
							<ns3:TPX>
								<ns3:Speed>0.914080</ns3:Speed>
							</ns3:TPX>
						</Extensions>
					</Trackpoint>
					<Trackpoint>
						<Time>2569-05-19T14:14:15Z</Time>
						<Position>
							<LatitudeDegrees>9.140093</LatitudeDegrees>
							<LongitudeDegrees>99.328099</LongitudeDegrees>
						</Position>
						<AltitudeMeters>42.460000</AltitudeMeters>
						<HeartRateBpm>
							<Value>109</Value>
						</HeartRateBpm>
						<Cadence>51</Cadence>
						<Extensions>
							<ns3:TPX>
								<ns3:Speed>0.907440</ns3:Speed>
							</ns3:TPX>
						</Extensions>
					</Trackpoint>
					<Trackpoint>
						<Time>2569-05-19T14:14:16Z</Time>
						<Position>
							<LatitudeDegrees>9.140096</LatitudeDegrees>
							<LongitudeDegrees>99.328092</LongitudeDegrees>
						</Position>
						<AltitudeMeters>42.460000</AltitudeMeters>
						<HeartRateBpm>
							<Value>109</Value>
						</HeartRateBpm>
						<Cadence>50</Cadence>
						<Extensions>
							<ns3:TPX>
								<ns3:Speed>0.900900</ns3:Speed>
							</ns3:TPX>
						</Extensions>
					</Trackpoint>
					<Trackpoint>
						<Time>2569-05-19T14:14:17Z</Time>
						<Position>
							<LatitudeDegrees>9.140101</LatitudeDegrees>
							<LongitudeDegrees>99.328088</LongitudeDegrees>
						</Position>
						<AltitudeMeters>42.460000</AltitudeMeters>
						<HeartRateBpm>
							<Value>109</Value>
						</HeartRateBpm>
						<Cadence>49</Cadence>
						<Extensions>
							<ns3:TPX>
								<ns3:Speed>0.898470</ns3:Speed>
							</ns3:TPX>
						</Extensions>
					</Trackpoint>
					<Trackpoint>
						<Time>2569-05-19T14:14:18Z</Time>
						<Position>
							<LatitudeDegrees>9.140109</LatitudeDegrees>
							<LongitudeDegrees>99.328084</LongitudeDegrees>
						</Position>
						<AltitudeMeters>42.450000</AltitudeMeters>
						<HeartRateBpm>
							<Value>108</Value>
						</HeartRateBpm>
						<Cadence>49</Cadence>
						<Extensions>
							<ns3:TPX>
								<ns3:Speed>0.896860</ns3:Speed>
							</ns3:TPX>
						</Extensions>
					</Trackpoint>
					<Trackpoint>
						<Time>2569-05-19T14:14:19Z</Time>
						<Position>
							<LatitudeDegrees>9.140116</LatitudeDegrees>
							<LongitudeDegrees>99.328082</LongitudeDegrees>
						</Position>
						<AltitudeMeters>42.450000</AltitudeMeters>
						<HeartRateBpm>
							<Value>107</Value>
						</HeartRateBpm>
						<Cadence>49</Cadence>
						<Extensions>
							<ns3:TPX>
								<ns3:Speed>0.892860</ns3:Speed>
							</ns3:TPX>
						</Extensions>
					</Trackpoint>
					<Trackpoint>
						<Time>2569-05-19T14:14:20Z</Time>
						<Position>
							<LatitudeDegrees>9.140124</LatitudeDegrees>
							<LongitudeDegrees>99.328078</LongitudeDegrees>
						</Position>
						<AltitudeMeters>42.450000</AltitudeMeters>
						<HeartRateBpm>
							<Value>106</Value>
						</HeartRateBpm>
						<Cadence>49</Cadence>
						<Extensions>
							<ns3:TPX>
								<ns3:Speed>0.888100</ns3:Speed>
							</ns3:TPX>
						</Extensions>
					</Trackpoint>
					<Trackpoint>
						<Time>2569-05-19T14:14:21Z</Time>
						<Position>
							<LatitudeDegrees>9.140133</LatitudeDegrees>
							<LongitudeDegrees>99.328076</LongitudeDegrees>
						</Position>
						<AltitudeMeters>42.450000</AltitudeMeters>
						<HeartRateBpm>
							<Value>106</Value>
						</HeartRateBpm>
						<Cadence>50</Cadence>
						<Extensions>
							<ns3:TPX>
								<ns3:Speed>0.883390</ns3:Speed>
							</ns3:TPX>
						</Extensions>
					</Trackpoint>
					<Trackpoint>
						<Time>2569-05-19T14:14:22Z</Time>
						<Position>
							<LatitudeDegrees>9.140141</LatitudeDegrees>
							<LongitudeDegrees>99.328071</LongitudeDegrees>
						</Position>
						<AltitudeMeters>42.450000</AltitudeMeters>
						<HeartRateBpm>
							<Value>106</Value>
						</HeartRateBpm>
						<Cadence>50</Cadence>
						<Extensions>
							<ns3:TPX>
								<ns3:Speed>0.879510</ns3:Speed>
							</ns3:TPX>
						</Extensions>
					</Trackpoint>
					<Trackpoint>
						<Time>2569-05-19T14:14:23Z</Time>
						<Position>
							<LatitudeDegrees>9.140147</LatitudeDegrees>
							<LongitudeDegrees>99.328062</LongitudeDegrees>
						</Position>
						<AltitudeMeters>42.450000</AltitudeMeters>
						<HeartRateBpm>
							<Value>106</Value>
						</HeartRateBpm>
						<Cadence>51</Cadence>
						<Extensions>
							<ns3:TPX>
								<ns3:Speed>0.873360</ns3:Speed>
							</ns3:TPX>
						</Extensions>
					</Trackpoint>
					<Trackpoint>
						<Time>2569-05-19T14:14:24Z</Time>
						<Position>
							<LatitudeDegrees>9.140155</LatitudeDegrees>
							<LongitudeDegrees>99.328057</LongitudeDegrees>
						</Position>
						<AltitudeMeters>42.450000</AltitudeMeters>
						<HeartRateBpm>
							<Value>107</Value>
						</HeartRateBpm>
						<Cadence>51</Cadence>
						<Extensions>
							<ns3:TPX>
								<ns3:Speed>0.865800</ns3:Speed>
							</ns3:TPX>
						</Extensions>
					</Trackpoint>
					<Trackpoint>
						<Time>2569-05-19T14:14:26Z</Time>
						<Position>
							<LatitudeDegrees>9.140173</LatitudeDegrees>
							<LongitudeDegrees>99.328055</LongitudeDegrees>
						</Position>
						<AltitudeMeters>42.450000</AltitudeMeters>
						<HeartRateBpm>
							<Value>108</Value>
						</HeartRateBpm>
						<Cadence>51</Cadence>
						<Extensions>
							<ns3:TPX>
								<ns3:Speed>0.858370</ns3:Speed>
							</ns3:TPX>
						</Extensions>
					</Trackpoint>
					<Trackpoint>
						<Time>2569-05-19T14:14:26Z</Time>
						<Position>
							<LatitudeDegrees>9.140173</LatitudeDegrees>
							<LongitudeDegrees>99.328055</LongitudeDegrees>
						</Position>
						<AltitudeMeters>42.450000</AltitudeMeters>
						<HeartRateBpm>
							<Value>108</Value>
						</HeartRateBpm>
						<Cadence>51</Cadence>
						<Extensions>
							<ns3:TPX>
								<ns3:Speed>0.858370</ns3:Speed>
							</ns3:TPX>
						</Extensions>
					</Trackpoint>
					<Trackpoint>
						<Time>2569-05-19T14:14:27Z</Time>
						<Position>
							<LatitudeDegrees>9.140181</LatitudeDegrees>
							<LongitudeDegrees>99.328054</LongitudeDegrees>
						</Position>
						<AltitudeMeters>42.450000</AltitudeMeters>
						<HeartRateBpm>
							<Value>108</Value>
						</HeartRateBpm>
						<Cadence>51</Cadence>
						<Extensions>
							<ns3:TPX>
								<ns3:Speed>0.860590</ns3:Speed>
							</ns3:TPX>
						</Extensions>
					</Trackpoint>
					<Trackpoint>
						<Time>2569-05-19T14:14:28Z</Time>
						<Position>
							<LatitudeDegrees>9.140189</LatitudeDegrees>
							<LongitudeDegrees>99.328054</LongitudeDegrees>
						</Position>
						<AltitudeMeters>42.460000</AltitudeMeters>
						<HeartRateBpm>
							<Value>108</Value>
						</HeartRateBpm>
						<Cadence>51</Cadence>
						<Extensions>
							<ns3:TPX>
								<ns3:Speed>0.862070</ns3:Speed>
							</ns3:TPX>
						</Extensions>
					</Trackpoint>
					<Trackpoint>
						<Time>2569-05-19T14:14:29Z</Time>
						<Position>
							<LatitudeDegrees>9.140196</LatitudeDegrees>
							<LongitudeDegrees>99.328049</LongitudeDegrees>
						</Position>
						<AltitudeMeters>42.460000</AltitudeMeters>
						<HeartRateBpm>
							<Value>107</Value>
						</HeartRateBpm>
						<Cadence>51</Cadence>
						<Extensions>
							<ns3:TPX>
								<ns3:Speed>0.863560</ns3:Speed>
							</ns3:TPX>
						</Extensions>
					</Trackpoint>
					<Trackpoint>
						<Time>2569-05-19T14:14:30Z</Time>
						<Position>
							<LatitudeDegrees>9.140203</LatitudeDegrees>
							<LongitudeDegrees>99.328044</LongitudeDegrees>
						</Position>
						<AltitudeMeters>42.460000</AltitudeMeters>
						<HeartRateBpm>
							<Value>107</Value>
						</HeartRateBpm>
						<Cadence>51</Cadence>
						<Extensions>
							<ns3:TPX>
								<ns3:Speed>0.864300</ns3:Speed>
							</ns3:TPX>
						</Extensions>
					</Trackpoint>
					<Trackpoint>
						<Time>2569-05-19T14:14:31Z</Time>
						<Position>
							<LatitudeDegrees>9.140208</LatitudeDegrees>
							<LongitudeDegrees>99.328037</LongitudeDegrees>
						</Position>
						<AltitudeMeters>42.460000</AltitudeMeters>
						<HeartRateBpm>
							<Value>107</Value>
						</HeartRateBpm>
						<Cadence>52</Cadence>
						<Extensions>
							<ns3:TPX>
								<ns3:Speed>0.862070</ns3:Speed>
							</ns3:TPX>
						</Extensions>
					</Trackpoint>
					<Trackpoint>
						<Time>2569-05-19T14:14:32Z</Time>
						<Position>
							<LatitudeDegrees>9.140213</LatitudeDegrees>
							<LongitudeDegrees>99.328031</LongitudeDegrees>
						</Position>
						<AltitudeMeters>42.460000</AltitudeMeters>
						<HeartRateBpm>
							<Value>106</Value>
						</HeartRateBpm>
						<Cadence>51</Cadence>
						<Extensions>
							<ns3:TPX>
								<ns3:Speed>0.856900</ns3:Speed>
							</ns3:TPX>
						</Extensions>
					</Trackpoint>
					<Trackpoint>
						<Time>2569-05-19T14:14:33Z</Time>
						<Position>
							<LatitudeDegrees>9.140218</LatitudeDegrees>
							<LongitudeDegrees>99.328025</LongitudeDegrees>
						</Position>
						<AltitudeMeters>42.460000</AltitudeMeters>
						<HeartRateBpm>
							<Value>105</Value>
						</HeartRateBpm>
						<Cadence>50</Cadence>
						<Extensions>
							<ns3:TPX>
								<ns3:Speed>0.851790</ns3:Speed>
							</ns3:TPX>
						</Extensions>
					</Trackpoint>
					<Trackpoint>
						<Time>2569-05-19T14:14:34Z</Time>
						<Position>
							<LatitudeDegrees>9.140224</LatitudeDegrees>
							<LongitudeDegrees>99.328020</LongitudeDegrees>
						</Position>
						<AltitudeMeters>42.460000</AltitudeMeters>
						<HeartRateBpm>
							<Value>105</Value>
						</HeartRateBpm>
						<Cadence>49</Cadence>
						<Extensions>
							<ns3:TPX>
								<ns3:Speed>0.848900</ns3:Speed>
							</ns3:TPX>
						</Extensions>
					</Trackpoint>
					<Trackpoint>
						<Time>2569-05-19T14:14:35Z</Time>
						<Position>
							<LatitudeDegrees>9.140231</LatitudeDegrees>
							<LongitudeDegrees>99.328014</LongitudeDegrees>
						</Position>
						<AltitudeMeters>42.460000</AltitudeMeters>
						<HeartRateBpm>
							<Value>104</Value>
						</HeartRateBpm>
						<Cadence>49</Cadence>
						<Extensions>
							<ns3:TPX>
								<ns3:Speed>0.845310</ns3:Speed>
							</ns3:TPX>
						</Extensions>
					</Trackpoint>
					<Trackpoint>
						<Time>2569-05-19T14:14:36Z</Time>
						<Position>
							<LatitudeDegrees>9.140240</LatitudeDegrees>
							<LongitudeDegrees>99.328004</LongitudeDegrees>
						</Position>
						<AltitudeMeters>42.470000</AltitudeMeters>
						<HeartRateBpm>
							<Value>104</Value>
						</HeartRateBpm>
						<Cadence>50</Cadence>
						<Extensions>
							<ns3:TPX>
								<ns3:Speed>0.838930</ns3:Speed>
							</ns3:TPX>
						</Extensions>
					</Trackpoint>
					<Trackpoint>
						<Time>2569-05-19T14:14:37Z</Time>
						<Position>
							<LatitudeDegrees>9.140251</LatitudeDegrees>
							<LongitudeDegrees>99.327991</LongitudeDegrees>
						</Position>
						<AltitudeMeters>42.470000</AltitudeMeters>
						<HeartRateBpm>
							<Value>103</Value>
						</HeartRateBpm>
						<Cadence>52</Cadence>
						<Extensions>
							<ns3:TPX>
								<ns3:Speed>0.831950</ns3:Speed>
							</ns3:TPX>
						</Extensions>
					</Trackpoint>
					<Trackpoint>
						<Time>2569-05-19T14:14:38Z</Time>
						<Position>
							<LatitudeDegrees>9.140261</LatitudeDegrees>
							<LongitudeDegrees>99.327978</LongitudeDegrees>
						</Position>
						<AltitudeMeters>42.470000</AltitudeMeters>
						<HeartRateBpm>
							<Value>103</Value>
						</HeartRateBpm>
						<Cadence>53</Cadence>
						<Extensions>
							<ns3:TPX>
								<ns3:Speed>0.824400</ns3:Speed>
							</ns3:TPX>
						</Extensions>
					</Trackpoint>
					<Trackpoint>
						<Time>2569-05-19T14:14:39Z</Time>
						<Position>
							<LatitudeDegrees>9.140271</LatitudeDegrees>
							<LongitudeDegrees>99.327968</LongitudeDegrees>
						</Position>
						<AltitudeMeters>42.470000</AltitudeMeters>
						<HeartRateBpm>
							<Value>103</Value>
						</HeartRateBpm>
						<Cadence>53</Cadence>
						<Extensions>
							<ns3:TPX>
								<ns3:Speed>0.816990</ns3:Speed>
							</ns3:TPX>
						</Extensions>
					</Trackpoint>
					<Trackpoint>
						<Time>2569-05-19T14:14:41Z</Time>
						<Position>
							<LatitudeDegrees>9.140288</LatitudeDegrees>
							<LongitudeDegrees>99.327949</LongitudeDegrees>
						</Position>
						<AltitudeMeters>42.480000</AltitudeMeters>
						<HeartRateBpm>
							<Value>103</Value>
						</HeartRateBpm>
						<Cadence>53</Cadence>
						<Extensions>
							<ns3:TPX>
								<ns3:Speed>0.803860</ns3:Speed>
							</ns3:TPX>
						</Extensions>
					</Trackpoint>
					<Trackpoint>
						<Time>2569-05-19T14:14:41Z</Time>
						<Position>
							<LatitudeDegrees>9.140288</LatitudeDegrees>
							<LongitudeDegrees>99.327949</LongitudeDegrees>
						</Position>
						<AltitudeMeters>42.480000</AltitudeMeters>
						<HeartRateBpm>
							<Value>103</Value>
						</HeartRateBpm>
						<Cadence>53</Cadence>
						<Extensions>
							<ns3:TPX>
								<ns3:Speed>0.803860</ns3:Speed>
							</ns3:TPX>
						</Extensions>
					</Trackpoint>
					<Trackpoint>
						<Time>2569-05-19T14:14:42Z</Time>
						<Position>
							<LatitudeDegrees>9.140296</LatitudeDegrees>
							<LongitudeDegrees>99.327940</LongitudeDegrees>
						</Position>
						<AltitudeMeters>42.480000</AltitudeMeters>
						<HeartRateBpm>
							<Value>103</Value>
						</HeartRateBpm>
						<Cadence>53</Cadence>
						<Extensions>
							<ns3:TPX>
								<ns3:Speed>0.800000</ns3:Speed>
							</ns3:TPX>
						</Extensions>
					</Trackpoint>
					<Trackpoint>
						<Time>2569-05-19T14:14:43Z</Time>
						<Position>
							<LatitudeDegrees>9.140304</LatitudeDegrees>
							<LongitudeDegrees>99.327933</LongitudeDegrees>
						</Position>
						<AltitudeMeters>42.490000</AltitudeMeters>
						<HeartRateBpm>
							<Value>103</Value>
						</HeartRateBpm>
						<Cadence>52</Cadence>
						<Extensions>
							<ns3:TPX>
								<ns3:Speed>0.795540</ns3:Speed>
							</ns3:TPX>
						</Extensions>
					</Trackpoint>
					<Trackpoint>
						<Time>2569-05-19T14:14:44Z</Time>
						<Position>
							<LatitudeDegrees>9.140311</LatitudeDegrees>
							<LongitudeDegrees>99.327927</LongitudeDegrees>
						</Position>
						<AltitudeMeters>42.490000</AltitudeMeters>
						<HeartRateBpm>
							<Value>103</Value>
						</HeartRateBpm>
						<Cadence>52</Cadence>
						<Extensions>
							<ns3:TPX>
								<ns3:Speed>0.792390</ns3:Speed>
							</ns3:TPX>
						</Extensions>
					</Trackpoint>
					<Trackpoint>
						<Time>2569-05-19T14:14:45Z</Time>
						<Position>
							<LatitudeDegrees>9.140321</LatitudeDegrees>
							<LongitudeDegrees>99.327921</LongitudeDegrees>
						</Position>
						<AltitudeMeters>42.500000</AltitudeMeters>
						<HeartRateBpm>
							<Value>104</Value>
						</HeartRateBpm>
						<Cadence>51</Cadence>
						<Extensions>
							<ns3:TPX>
								<ns3:Speed>0.790510</ns3:Speed>
							</ns3:TPX>
						</Extensions>
					</Trackpoint>
					<Trackpoint>
						<Time>2569-05-19T14:14:46Z</Time>
						<Position>
							<LatitudeDegrees>9.140334</LatitudeDegrees>
							<LongitudeDegrees>99.327912</LongitudeDegrees>
						</Position>
						<AltitudeMeters>42.500000</AltitudeMeters>
						<HeartRateBpm>
							<Value>104</Value>
						</HeartRateBpm>
						<Cadence>50</Cadence>
						<Extensions>
							<ns3:TPX>
								<ns3:Speed>0.789270</ns3:Speed>
							</ns3:TPX>
						</Extensions>
					</Trackpoint>
					<Trackpoint>
						<Time>2569-05-19T14:14:47Z</Time>
						<Position>
							<LatitudeDegrees>9.140347</LatitudeDegrees>
							<LongitudeDegrees>99.327900</LongitudeDegrees>
						</Position>
						<AltitudeMeters>42.500000</AltitudeMeters>
						<HeartRateBpm>
							<Value>104</Value>
						</HeartRateBpm>
						<Cadence>50</Cadence>
						<Extensions>
							<ns3:TPX>
								<ns3:Speed>0.788640</ns3:Speed>
							</ns3:TPX>
						</Extensions>
					</Trackpoint>
					<Trackpoint>
						<Time>2569-05-19T14:14:48Z</Time>
						<Position>
							<LatitudeDegrees>9.140357</LatitudeDegrees>
							<LongitudeDegrees>99.327891</LongitudeDegrees>
						</Position>
						<AltitudeMeters>42.490000</AltitudeMeters>
						<HeartRateBpm>
							<Value>104</Value>
						</HeartRateBpm>
						<Cadence>49</Cadence>
						<Extensions>
							<ns3:TPX>
								<ns3:Speed>0.787400</ns3:Speed>
							</ns3:TPX>
						</Extensions>
					</Trackpoint>
					<Trackpoint>
						<Time>2569-05-19T14:14:49Z</Time>
						<Position>
							<LatitudeDegrees>9.140365</LatitudeDegrees>
							<LongitudeDegrees>99.327881</LongitudeDegrees>
						</Position>
						<AltitudeMeters>42.490000</AltitudeMeters>
						<HeartRateBpm>
							<Value>104</Value>
						</HeartRateBpm>
						<Cadence>49</Cadence>
						<Extensions>
							<ns3:TPX>
								<ns3:Speed>0.786160</ns3:Speed>
							</ns3:TPX>
						</Extensions>
					</Trackpoint>
					<Trackpoint>
						<Time>2569-05-19T14:14:50Z</Time>
						<Position>
							<LatitudeDegrees>9.140374</LatitudeDegrees>
							<LongitudeDegrees>99.327873</LongitudeDegrees>
						</Position>
						<AltitudeMeters>42.480000</AltitudeMeters>
						<HeartRateBpm>
							<Value>104</Value>
						</HeartRateBpm>
						<Cadence>50</Cadence>
						<Extensions>
							<ns3:TPX>
								<ns3:Speed>0.784930</ns3:Speed>
							</ns3:TPX>
						</Extensions>
					</Trackpoint>
					<Trackpoint>
						<Time>2569-05-19T14:14:51Z</Time>
						<Position>
							<LatitudeDegrees>9.140382</LatitudeDegrees>
							<LongitudeDegrees>99.327866</LongitudeDegrees>
						</Position>
						<AltitudeMeters>42.470000</AltitudeMeters>
						<HeartRateBpm>
							<Value>104</Value>
						</HeartRateBpm>
						<Cadence>50</Cadence>
						<Extensions>
							<ns3:TPX>
								<ns3:Speed>0.783090</ns3:Speed>
							</ns3:TPX>
						</Extensions>
					</Trackpoint>
					<Trackpoint>
						<Time>2569-05-19T14:14:52Z</Time>
						<Position>
							<LatitudeDegrees>9.140391</LatitudeDegrees>
							<LongitudeDegrees>99.327859</LongitudeDegrees>
						</Position>
						<AltitudeMeters>42.460000</AltitudeMeters>
						<HeartRateBpm>
							<Value>105</Value>
						</HeartRateBpm>
						<Cadence>50</Cadence>
						<Extensions>
							<ns3:TPX>
								<ns3:Speed>0.782470</ns3:Speed>
							</ns3:TPX>
						</Extensions>
					</Trackpoint>
					<Trackpoint>
						<Time>2569-05-19T14:14:53Z</Time>
						<Position>
							<LatitudeDegrees>9.140399</LatitudeDegrees>
							<LongitudeDegrees>99.327855</LongitudeDegrees>
						</Position>
						<AltitudeMeters>42.450000</AltitudeMeters>
						<HeartRateBpm>
							<Value>105</Value>
						</HeartRateBpm>
						<Cadence>50</Cadence>
						<Extensions>
							<ns3:TPX>
								<ns3:Speed>0.781250</ns3:Speed>
							</ns3:TPX>
						</Extensions>
					</Trackpoint>
					<Trackpoint>
						<Time>2569-05-19T14:14:54Z</Time>
						<Position>
							<LatitudeDegrees>9.140406</LatitudeDegrees>
							<LongitudeDegrees>99.327850</LongitudeDegrees>
						</Position>
						<AltitudeMeters>42.440000</AltitudeMeters>
						<HeartRateBpm>
							<Value>106</Value>
						</HeartRateBpm>
						<Cadence>51</Cadence>
						<Extensions>
							<ns3:TPX>
								<ns3:Speed>0.780640</ns3:Speed>
							</ns3:TPX>
						</Extensions>
					</Trackpoint>
					<Trackpoint>
						<Time>2569-05-19T14:14:55Z</Time>
						<Position>
							<LatitudeDegrees>9.140414</LatitudeDegrees>
							<LongitudeDegrees>99.327844</LongitudeDegrees>
						</Position>
						<AltitudeMeters>42.420000</AltitudeMeters>
						<HeartRateBpm>
							<Value>106</Value>
						</HeartRateBpm>
						<Cadence>51</Cadence>
						<Extensions>
							<ns3:TPX>
								<ns3:Speed>0.780640</ns3:Speed>
							</ns3:TPX>
						</Extensions>
					</Trackpoint>
					<Trackpoint>
						<Time>2569-05-19T14:14:56Z</Time>
						<Position>
							<LatitudeDegrees>9.140420</LatitudeDegrees>
							<LongitudeDegrees>99.327840</LongitudeDegrees>
						</Position>
						<AltitudeMeters>42.420000</AltitudeMeters>
						<HeartRateBpm>
							<Value>106</Value>
						</HeartRateBpm>
						<Cadence>52</Cadence>
						<Extensions>
							<ns3:TPX>
								<ns3:Speed>0.780640</ns3:Speed>
							</ns3:TPX>
						</Extensions>
					</Trackpoint>
					<Trackpoint>
						<Time>2569-05-19T14:14:57Z</Time>
						<Position>
							<LatitudeDegrees>9.140425</LatitudeDegrees>
							<LongitudeDegrees>99.327835</LongitudeDegrees>
						</Position>
						<AltitudeMeters>42.410000</AltitudeMeters>
						<HeartRateBpm>
							<Value>106</Value>
						</HeartRateBpm>
						<Cadence>52</Cadence>
						<Extensions>
							<ns3:TPX>
								<ns3:Speed>0.780640</ns3:Speed>
							</ns3:TPX>
						</Extensions>
					</Trackpoint>
					<Trackpoint>
						<Time>2569-05-19T14:14:58Z</Time>
						<Position>
							<LatitudeDegrees>9.140427</LatitudeDegrees>
							<LongitudeDegrees>99.327832</LongitudeDegrees>
						</Position>
						<AltitudeMeters>42.410000</AltitudeMeters>
						<HeartRateBpm>
							<Value>105</Value>
						</HeartRateBpm>
						<Cadence>52</Cadence>
						<Extensions>
							<ns3:TPX>
								<ns3:Speed>0.782470</ns3:Speed>
							</ns3:TPX>
						</Extensions>
					</Trackpoint>
					<Trackpoint>
						<Time>2569-05-19T14:14:59Z</Time>
						<Position>
							<LatitudeDegrees>9.140431</LatitudeDegrees>
							<LongitudeDegrees>99.327829</LongitudeDegrees>
						</Position>
						<AltitudeMeters>42.390000</AltitudeMeters>
						<HeartRateBpm>
							<Value>105</Value>
						</HeartRateBpm>
						<Cadence>52</Cadence>
						<Extensions>
							<ns3:TPX>
								<ns3:Speed>0.785550</ns3:Speed>
							</ns3:TPX>
						</Extensions>
					</Trackpoint>
					<Trackpoint>
						<Time>2569-05-19T14:15:00Z</Time>
						<Position>
							<LatitudeDegrees>9.140435</LatitudeDegrees>
							<LongitudeDegrees>99.327824</LongitudeDegrees>
						</Position>
						<AltitudeMeters>42.390000</AltitudeMeters>
						<HeartRateBpm>
							<Value>104</Value>
						</HeartRateBpm>
						<Cadence>50</Cadence>
						<Extensions>
							<ns3:TPX>
								<ns3:Speed>0.786780</ns3:Speed>
							</ns3:TPX>
						</Extensions>
					</Trackpoint>
					<Trackpoint>
						<Time>2569-05-19T14:15:01Z</Time>
						<Position>
							<LatitudeDegrees>9.140441</LatitudeDegrees>
							<LongitudeDegrees>99.327818</LongitudeDegrees>
						</Position>
						<AltitudeMeters>42.380000</AltitudeMeters>
						<HeartRateBpm>
							<Value>104</Value>
						</HeartRateBpm>
						<Cadence>49</Cadence>
						<Extensions>
							<ns3:TPX>
								<ns3:Speed>0.786160</ns3:Speed>
							</ns3:TPX>
						</Extensions>
					</Trackpoint>
					<Trackpoint>
						<Time>2569-05-19T14:15:02Z</Time>
						<Position>
							<LatitudeDegrees>9.140447</LatitudeDegrees>
							<LongitudeDegrees>99.327813</LongitudeDegrees>
						</Position>
						<AltitudeMeters>42.380000</AltitudeMeters>
						<HeartRateBpm>
							<Value>104</Value>
						</HeartRateBpm>
						<Cadence>49</Cadence>
						<Extensions>
							<ns3:TPX>
								<ns3:Speed>0.784930</ns3:Speed>
							</ns3:TPX>
						</Extensions>
					</Trackpoint>
					<Trackpoint>
						<Time>2569-05-19T14:15:03Z</Time>
						<Position>
							<LatitudeDegrees>9.140452</LatitudeDegrees>
							<LongitudeDegrees>99.327808</LongitudeDegrees>
						</Position>
						<AltitudeMeters>42.370000</AltitudeMeters>
						<HeartRateBpm>
							<Value>103</Value>
						</HeartRateBpm>
						<Cadence>49</Cadence>
						<Extensions>
							<ns3:TPX>
								<ns3:Speed>0.783700</ns3:Speed>
							</ns3:TPX>
						</Extensions>
					</Trackpoint>
					<Trackpoint>
						<Time>2569-05-19T14:15:04Z</Time>
						<Position>
							<LatitudeDegrees>9.140458</LatitudeDegrees>
							<LongitudeDegrees>99.327804</LongitudeDegrees>
						</Position>
						<AltitudeMeters>42.370000</AltitudeMeters>
						<HeartRateBpm>
							<Value>102</Value>
						</HeartRateBpm>
						<Cadence>50</Cadence>
						<Extensions>
							<ns3:TPX>
								<ns3:Speed>0.781860</ns3:Speed>
							</ns3:TPX>
						</Extensions>
					</Trackpoint>
					<Trackpoint>
						<Time>2569-05-19T14:15:05Z</Time>
						<Position>
							<LatitudeDegrees>9.140463</LatitudeDegrees>
							<LongitudeDegrees>99.327799</LongitudeDegrees>
						</Position>
						<AltitudeMeters>42.370000</AltitudeMeters>
						<HeartRateBpm>
							<Value>102</Value>
						</HeartRateBpm>
						<Cadence>50</Cadence>
						<Extensions>
							<ns3:TPX>
								<ns3:Speed>0.780030</ns3:Speed>
							</ns3:TPX>
						</Extensions>
					</Trackpoint>
					<Trackpoint>
						<Time>2569-05-19T14:15:06Z</Time>
						<Position>
							<LatitudeDegrees>9.140471</LatitudeDegrees>
							<LongitudeDegrees>99.327793</LongitudeDegrees>
						</Position>
						<AltitudeMeters>42.370000</AltitudeMeters>
						<HeartRateBpm>
							<Value>101</Value>
						</HeartRateBpm>
						<Cadence>50</Cadence>
						<Extensions>
							<ns3:TPX>
								<ns3:Speed>0.778210</ns3:Speed>
							</ns3:TPX>
						</Extensions>
					</Trackpoint>
					<Trackpoint>
						<Time>2569-05-19T14:15:07Z</Time>
						<Position>
							<LatitudeDegrees>9.140479</LatitudeDegrees>
							<LongitudeDegrees>99.327786</LongitudeDegrees>
						</Position>
						<AltitudeMeters>42.370000</AltitudeMeters>
						<HeartRateBpm>
							<Value>101</Value>
						</HeartRateBpm>
						<Cadence>50</Cadence>
						<Extensions>
							<ns3:TPX>
								<ns3:Speed>0.777600</ns3:Speed>
							</ns3:TPX>
						</Extensions>
					</Trackpoint>
					<Trackpoint>
						<Time>2569-05-19T14:15:08Z</Time>
						<Position>
							<LatitudeDegrees>9.140486</LatitudeDegrees>
							<LongitudeDegrees>99.327779</LongitudeDegrees>
						</Position>
						<AltitudeMeters>42.370000</AltitudeMeters>
						<HeartRateBpm>
							<Value>101</Value>
						</HeartRateBpm>
						<Cadence>50</Cadence>
						<Extensions>
							<ns3:TPX>
								<ns3:Speed>0.777600</ns3:Speed>
							</ns3:TPX>
						</Extensions>
					</Trackpoint>
					<Trackpoint>
						<Time>2569-05-19T14:15:09Z</Time>
						<Position>
							<LatitudeDegrees>9.140492</LatitudeDegrees>
							<LongitudeDegrees>99.327776</LongitudeDegrees>
						</Position>
						<AltitudeMeters>42.360000</AltitudeMeters>
						<HeartRateBpm>
							<Value>101</Value>
						</HeartRateBpm>
						<Cadence>50</Cadence>
						<Extensions>
							<ns3:TPX>
								<ns3:Speed>0.775800</ns3:Speed>
							</ns3:TPX>
						</Extensions>
					</Trackpoint>
					<Trackpoint>
						<Time>2569-05-19T14:15:10Z</Time>
						<Position>
							<LatitudeDegrees>9.140496</LatitudeDegrees>
							<LongitudeDegrees>99.327771</LongitudeDegrees>
						</Position>
						<AltitudeMeters>42.360000</AltitudeMeters>
						<HeartRateBpm>
							<Value>101</Value>
						</HeartRateBpm>
						<Cadence>50</Cadence>
						<Extensions>
							<ns3:TPX>
								<ns3:Speed>0.774590</ns3:Speed>
							</ns3:TPX>
						</Extensions>
					</Trackpoint>
					<Trackpoint>
						<Time>2569-05-19T14:15:11Z</Time>
						<Position>
							<LatitudeDegrees>9.140501</LatitudeDegrees>
							<LongitudeDegrees>99.327767</LongitudeDegrees>
						</Position>
						<AltitudeMeters>42.370000</AltitudeMeters>
						<HeartRateBpm>
							<Value>101</Value>
						</HeartRateBpm>
						<Cadence>50</Cadence>
						<Extensions>
							<ns3:TPX>
								<ns3:Speed>0.775190</ns3:Speed>
							</ns3:TPX>
						</Extensions>
					</Trackpoint>
					<Trackpoint>
						<Time>2569-05-19T14:15:12Z</Time>
						<Position>
							<LatitudeDegrees>9.140504</LatitudeDegrees>
							<LongitudeDegrees>99.327762</LongitudeDegrees>
						</Position>
						<AltitudeMeters>42.360000</AltitudeMeters>
						<HeartRateBpm>
							<Value>101</Value>
						</HeartRateBpm>
						<Cadence>50</Cadence>
						<Extensions>
							<ns3:TPX>
								<ns3:Speed>0.775800</ns3:Speed>
							</ns3:TPX>
						</Extensions>
					</Trackpoint>
					<Trackpoint>
						<Time>2569-05-19T14:15:14Z</Time>
						<Position>
							<LatitudeDegrees>9.140510</LatitudeDegrees>
							<LongitudeDegrees>99.327751</LongitudeDegrees>
						</Position>
						<AltitudeMeters>42.370000</AltitudeMeters>
						<HeartRateBpm>
							<Value>101</Value>
						</HeartRateBpm>
						<Cadence>50</Cadence>
						<Extensions>
							<ns3:TPX>
								<ns3:Speed>0.773990</ns3:Speed>
							</ns3:TPX>
						</Extensions>
					</Trackpoint>
					<Trackpoint>
						<Time>2569-05-19T14:15:14Z</Time>
						<Position>
							<LatitudeDegrees>9.140510</LatitudeDegrees>
							<LongitudeDegrees>99.327751</LongitudeDegrees>
						</Position>
						<AltitudeMeters>42.370000</AltitudeMeters>
						<HeartRateBpm>
							<Value>101</Value>
						</HeartRateBpm>
						<Cadence>50</Cadence>
						<Extensions>
							<ns3:TPX>
								<ns3:Speed>0.773990</ns3:Speed>
							</ns3:TPX>
						</Extensions>
					</Trackpoint>
					<Trackpoint>
						<Time>2569-05-19T14:15:16Z</Time>
						<Position>
							<LatitudeDegrees>9.140517</LatitudeDegrees>
							<LongitudeDegrees>99.327747</LongitudeDegrees>
						</Position>
						<AltitudeMeters>42.370000</AltitudeMeters>
						<HeartRateBpm>
							<Value>100</Value>
						</HeartRateBpm>
						<Cadence>50</Cadence>
						<Extensions>
							<ns3:TPX>
								<ns3:Speed>0.769230</ns3:Speed>
							</ns3:TPX>
						</Extensions>
					</Trackpoint>
					<Trackpoint>
						<Time>2569-05-19T14:15:17Z</Time>
						<Position>
							<LatitudeDegrees>9.140532</LatitudeDegrees>
							<LongitudeDegrees>99.327741</LongitudeDegrees>
						</Position>
						<AltitudeMeters>42.380000</AltitudeMeters>
						<HeartRateBpm>
							<Value>100</Value>
						</HeartRateBpm>
						<Cadence>51</Cadence>
						<Extensions>
							<ns3:TPX>
								<ns3:Speed>0.766870</ns3:Speed>
							</ns3:TPX>
						</Extensions>
					</Trackpoint>
					<Trackpoint>
						<Time>2569-05-19T14:15:17Z</Time>
						<Position>
							<LatitudeDegrees>9.140532</LatitudeDegrees>
							<LongitudeDegrees>99.327741</LongitudeDegrees>
						</Position>
						<AltitudeMeters>42.380000</AltitudeMeters>
						<HeartRateBpm>
							<Value>100</Value>
						</HeartRateBpm>
						<Cadence>51</Cadence>
						<Extensions>
							<ns3:TPX>
								<ns3:Speed>0.766870</ns3:Speed>
							</ns3:TPX>
						</Extensions>
					</Trackpoint>
					<Trackpoint>
						<Time>2569-05-19T14:15:19Z</Time>
						<Position>
							<LatitudeDegrees>9.140545</LatitudeDegrees>
							<LongitudeDegrees>99.327737</LongitudeDegrees>
						</Position>
						<AltitudeMeters>42.380000</AltitudeMeters>
						<HeartRateBpm>
							<Value>100</Value>
						</HeartRateBpm>
						<Cadence>51</Cadence>
						<Extensions>
							<ns3:TPX>
								<ns3:Speed>0.764530</ns3:Speed>
							</ns3:TPX>
						</Extensions>
					</Trackpoint>
					<Trackpoint>
						<Time>2569-05-19T14:15:19Z</Time>
						<Position>
							<LatitudeDegrees>9.140545</LatitudeDegrees>
							<LongitudeDegrees>99.327737</LongitudeDegrees>
						</Position>
						<AltitudeMeters>42.380000</AltitudeMeters>
						<HeartRateBpm>
							<Value>100</Value>
						</HeartRateBpm>
						<Cadence>51</Cadence>
						<Extensions>
							<ns3:TPX>
								<ns3:Speed>0.764530</ns3:Speed>
							</ns3:TPX>
						</Extensions>
					</Trackpoint>
					<Trackpoint>
						<Time>2569-05-19T14:15:20Z</Time>
						<Position>
							<LatitudeDegrees>9.140551</LatitudeDegrees>
							<LongitudeDegrees>99.327731</LongitudeDegrees>
						</Position>
						<AltitudeMeters>42.380000</AltitudeMeters>
						<HeartRateBpm>
							<Value>100</Value>
						</HeartRateBpm>
						<Cadence>51</Cadence>
						<Extensions>
							<ns3:TPX>
								<ns3:Speed>0.764530</ns3:Speed>
							</ns3:TPX>
						</Extensions>
					</Trackpoint>
					<Trackpoint>
						<Time>2569-05-19T14:15:22Z</Time>
						<Position>
							<LatitudeDegrees>9.140557</LatitudeDegrees>
							<LongitudeDegrees>99.327724</LongitudeDegrees>
						</Position>
						<AltitudeMeters>42.380000</AltitudeMeters>
						<HeartRateBpm>
							<Value>101</Value>
						</HeartRateBpm>
						<Cadence>50</Cadence>
						<Extensions>
							<ns3:TPX>
								<ns3:Speed>0.765110</ns3:Speed>
							</ns3:TPX>
						</Extensions>
					</Trackpoint>
					<Trackpoint>
						<Time>2569-05-19T14:15:23Z</Time>
						<Position>
							<LatitudeDegrees>9.140564</LatitudeDegrees>
							<LongitudeDegrees>99.327719</LongitudeDegrees>
						</Position>
						<AltitudeMeters>42.380000</AltitudeMeters>
						<HeartRateBpm>
							<Value>101</Value>
						</HeartRateBpm>
						<Cadence>50</Cadence>
						<Extensions>
							<ns3:TPX>
								<ns3:Speed>0.766280</ns3:Speed>
							</ns3:TPX>
						</Extensions>
					</Trackpoint>
					<Trackpoint>
						<Time>2569-05-19T14:15:24Z</Time>
						<Position>
							<LatitudeDegrees>9.140571</LatitudeDegrees>
							<LongitudeDegrees>99.327714</LongitudeDegrees>
						</Position>
						<AltitudeMeters>42.380000</AltitudeMeters>
						<HeartRateBpm>
							<Value>102</Value>
						</HeartRateBpm>
						<Cadence>49</Cadence>
						<Extensions>
							<ns3:TPX>
								<ns3:Speed>0.767460</ns3:Speed>
							</ns3:TPX>
						</Extensions>
					</Trackpoint>
					<Trackpoint>
						<Time>2569-05-19T14:15:25Z</Time>
						<Position>
							<LatitudeDegrees>9.140579</LatitudeDegrees>
							<LongitudeDegrees>99.327711</LongitudeDegrees>
						</Position>
						<AltitudeMeters>42.380000</AltitudeMeters>
						<HeartRateBpm>
							<Value>102</Value>
						</HeartRateBpm>
						<Cadence>49</Cadence>
						<Extensions>
							<ns3:TPX>
								<ns3:Speed>0.768050</ns3:Speed>
							</ns3:TPX>
						</Extensions>
					</Trackpoint>
					<Trackpoint>
						<Time>2569-05-19T14:15:26Z</Time>
						<Position>
							<LatitudeDegrees>9.140595</LatitudeDegrees>
							<LongitudeDegrees>99.327705</LongitudeDegrees>
						</Position>
						<AltitudeMeters>42.380000</AltitudeMeters>
						<HeartRateBpm>
							<Value>102</Value>
						</HeartRateBpm>
						<Cadence>49</Cadence>
						<Extensions>
							<ns3:TPX>
								<ns3:Speed>0.766870</ns3:Speed>
							</ns3:TPX>
						</Extensions>
					</Trackpoint>
					<Trackpoint>
						<Time>2569-05-19T14:15:26Z</Time>
						<Position>
							<LatitudeDegrees>9.140595</LatitudeDegrees>
							<LongitudeDegrees>99.327705</LongitudeDegrees>
						</Position>
						<AltitudeMeters>42.380000</AltitudeMeters>
						<HeartRateBpm>
							<Value>102</Value>
						</HeartRateBpm>
						<Cadence>49</Cadence>
						<Extensions>
							<ns3:TPX>
								<ns3:Speed>0.766870</ns3:Speed>
							</ns3:TPX>
						</Extensions>
					</Trackpoint>
					<Trackpoint>
						<Time>2569-05-19T14:15:27Z</Time>
						<Position>
							<LatitudeDegrees>9.140603</LatitudeDegrees>
							<LongitudeDegrees>99.327701</LongitudeDegrees>
						</Position>
						<AltitudeMeters>42.370000</AltitudeMeters>
						<HeartRateBpm>
							<Value>101</Value>
						</HeartRateBpm>
						<Cadence>50</Cadence>
						<Extensions>
							<ns3:TPX>
								<ns3:Speed>0.767460</ns3:Speed>
							</ns3:TPX>
						</Extensions>
					</Trackpoint>
					<Trackpoint>
						<Time>2569-05-19T14:15:28Z</Time>
						<Position>
							<LatitudeDegrees>9.140613</LatitudeDegrees>
							<LongitudeDegrees>99.327697</LongitudeDegrees>
						</Position>
						<AltitudeMeters>42.370000</AltitudeMeters>
						<HeartRateBpm>
							<Value>101</Value>
						</HeartRateBpm>
						<Cadence>50</Cadence>
						<Extensions>
							<ns3:TPX>
								<ns3:Speed>0.770420</ns3:Speed>
							</ns3:TPX>
						</Extensions>
					</Trackpoint>
					<Trackpoint>
						<Time>2569-05-19T14:15:29Z</Time>
						<Position>
							<LatitudeDegrees>9.140624</LatitudeDegrees>
							<LongitudeDegrees>99.327695</LongitudeDegrees>
						</Position>
						<AltitudeMeters>42.360000</AltitudeMeters>
						<HeartRateBpm>
							<Value>101</Value>
						</HeartRateBpm>
						<Cadence>50</Cadence>
						<Extensions>
							<ns3:TPX>
								<ns3:Speed>0.773400</ns3:Speed>
							</ns3:TPX>
						</Extensions>
					</Trackpoint>
					<Trackpoint>
						<Time>2569-05-19T14:15:31Z</Time>
						<Position>
							<LatitudeDegrees>9.140642</LatitudeDegrees>
							<LongitudeDegrees>99.327686</LongitudeDegrees>
						</Position>
						<AltitudeMeters>42.360000</AltitudeMeters>
						<HeartRateBpm>
							<Value>102</Value>
						</HeartRateBpm>
						<Cadence>50</Cadence>
						<Extensions>
							<ns3:TPX>
								<ns3:Speed>0.778210</ns3:Speed>
							</ns3:TPX>
						</Extensions>
					</Trackpoint>
					<Trackpoint>
						<Time>2569-05-19T14:15:31Z</Time>
						<Position>
							<LatitudeDegrees>9.140642</LatitudeDegrees>
							<LongitudeDegrees>99.327686</LongitudeDegrees>
						</Position>
						<AltitudeMeters>42.360000</AltitudeMeters>
						<HeartRateBpm>
							<Value>102</Value>
						</HeartRateBpm>
						<Cadence>50</Cadence>
						<Extensions>
							<ns3:TPX>
								<ns3:Speed>0.778210</ns3:Speed>
							</ns3:TPX>
						</Extensions>
					</Trackpoint>
					<Trackpoint>
						<Time>2569-05-19T14:15:33Z</Time>
						<Position>
							<LatitudeDegrees>9.140652</LatitudeDegrees>
							<LongitudeDegrees>99.327682</LongitudeDegrees>
						</Position>
						<AltitudeMeters>42.350000</AltitudeMeters>
						<HeartRateBpm>
							<Value>102</Value>
						</HeartRateBpm>
						<Cadence>51</Cadence>
						<Extensions>
							<ns3:TPX>
								<ns3:Speed>0.788640</ns3:Speed>
							</ns3:TPX>
						</Extensions>
					</Trackpoint>
					<Trackpoint>
						<Time>2569-05-19T14:15:34Z</Time>
						<Position>
							<LatitudeDegrees>9.140668</LatitudeDegrees>
							<LongitudeDegrees>99.327677</LongitudeDegrees>
						</Position>
						<AltitudeMeters>42.340000</AltitudeMeters>
						<HeartRateBpm>
							<Value>101</Value>
						</HeartRateBpm>
						<Cadence>52</Cadence>
						<Extensions>
							<ns3:TPX>
								<ns3:Speed>0.907440</ns3:Speed>
							</ns3:TPX>
						</Extensions>
					</Trackpoint>
					<Trackpoint>
						<Time>2569-05-19T14:15:34Z</Time>
						<Position>
							<LatitudeDegrees>9.140668</LatitudeDegrees>
							<LongitudeDegrees>99.327677</LongitudeDegrees>
						</Position>
						<AltitudeMeters>42.340000</AltitudeMeters>
						<HeartRateBpm>
							<Value>101</Value>
						</HeartRateBpm>
						<Cadence>52</Cadence>
						<Extensions>
							<ns3:TPX>
								<ns3:Speed>0.907440</ns3:Speed>
							</ns3:TPX>
						</Extensions>
					</Trackpoint>
					<Trackpoint>
						<Time>2569-05-19T14:15:36Z</Time>
						<Position>
							<LatitudeDegrees>9.140674</LatitudeDegrees>
							<LongitudeDegrees>99.327675</LongitudeDegrees>
						</Position>
						<AltitudeMeters>42.340000</AltitudeMeters>
						<HeartRateBpm>
							<Value>103</Value>
						</HeartRateBpm>
						<Cadence>58</Cadence>
						<Extensions>
							<ns3:TPX>
								<ns3:Speed>1.001000</ns3:Speed>
							</ns3:TPX>
						</Extensions>
					</Trackpoint>
					<Trackpoint>
						<Time>2569-05-19T14:15:37Z</Time>
						<Position>
							<LatitudeDegrees>9.140687</LatitudeDegrees>
							<LongitudeDegrees>99.327672</LongitudeDegrees>
						</Position>
						<AltitudeMeters>42.330000</AltitudeMeters>
						<HeartRateBpm>
							<Value>104</Value>
						</HeartRateBpm>
						<Cadence>57</Cadence>
						<Extensions>
							<ns3:TPX>
								<ns3:Speed>0.954200</ns3:Speed>
							</ns3:TPX>
						</Extensions>
					</Trackpoint>
					<Trackpoint>
						<Time>2569-05-19T14:15:37Z</Time>
						<Position>
							<LatitudeDegrees>9.140687</LatitudeDegrees>
							<LongitudeDegrees>99.327672</LongitudeDegrees>
						</Position>
						<AltitudeMeters>42.330000</AltitudeMeters>
						<HeartRateBpm>
							<Value>104</Value>
						</HeartRateBpm>
						<Cadence>57</Cadence>
						<Extensions>
							<ns3:TPX>
								<ns3:Speed>0.954200</ns3:Speed>
							</ns3:TPX>
						</Extensions>
					</Trackpoint>
					<Trackpoint>
						<Time>2569-05-19T14:15:38Z</Time>
						<Position>
							<LatitudeDegrees>9.140694</LatitudeDegrees>
							<LongitudeDegrees>99.327670</LongitudeDegrees>
						</Position>
						<AltitudeMeters>42.320000</AltitudeMeters>
						<HeartRateBpm>
							<Value>105</Value>
						</HeartRateBpm>
						<Cadence>57</Cadence>
						<Extensions>
							<ns3:TPX>
								<ns3:Speed>0.883390</ns3:Speed>
							</ns3:TPX>
						</Extensions>
					</Trackpoint>
					<Trackpoint>
						<Time>2569-05-19T14:15:39Z</Time>
						<Position>
							<LatitudeDegrees>9.140700</LatitudeDegrees>
							<LongitudeDegrees>99.327667</LongitudeDegrees>
						</Position>
						<AltitudeMeters>42.310000</AltitudeMeters>
						<HeartRateBpm>
							<Value>105</Value>
						</HeartRateBpm>
						<Cadence>57</Cadence>
						<Extensions>
							<ns3:TPX>
								<ns3:Speed>0.805150</ns3:Speed>
							</ns3:TPX>
						</Extensions>
					</Trackpoint>
					<Trackpoint>
						<Time>2569-05-19T14:15:41Z</Time>
						<Position>
							<LatitudeDegrees>9.140717</LatitudeDegrees>
							<LongitudeDegrees>99.327657</LongitudeDegrees>
						</Position>
						<AltitudeMeters>42.290000</AltitudeMeters>
						<HeartRateBpm>
							<Value>107</Value>
						</HeartRateBpm>
						<Cadence>59</Cadence>
						<Extensions>
							<ns3:TPX>
								<ns3:Speed>0.746270</ns3:Speed>
							</ns3:TPX>
						</Extensions>
					</Trackpoint>
					<Trackpoint>
						<Time>2569-05-19T14:15:41Z</Time>
						<Position>
							<LatitudeDegrees>9.140717</LatitudeDegrees>
							<LongitudeDegrees>99.327657</LongitudeDegrees>
						</Position>
						<AltitudeMeters>42.290000</AltitudeMeters>
						<HeartRateBpm>
							<Value>107</Value>
						</HeartRateBpm>
						<Cadence>59</Cadence>
						<Extensions>
							<ns3:TPX>
								<ns3:Speed>0.746270</ns3:Speed>
							</ns3:TPX>
						</Extensions>
					</Trackpoint>
					<Trackpoint>
						<Time>2569-05-19T14:15:43Z</Time>
						<Position>
							<LatitudeDegrees>9.140724</LatitudeDegrees>
							<LongitudeDegrees>99.327654</LongitudeDegrees>
						</Position>
						<AltitudeMeters>42.280000</AltitudeMeters>
						<HeartRateBpm>
							<Value>109</Value>
						</HeartRateBpm>
						<Cadence>61</Cadence>
						<Extensions>
							<ns3:TPX>
								<ns3:Speed>0.669790</ns3:Speed>
							</ns3:TPX>
						</Extensions>
					</Trackpoint>
					<Trackpoint>
						<Time>2569-05-19T14:15:44Z</Time>
						<Position>
							<LatitudeDegrees>9.140736</LatitudeDegrees>
							<LongitudeDegrees>99.327648</LongitudeDegrees>
						</Position>
						<AltitudeMeters>42.270000</AltitudeMeters>
						<HeartRateBpm>
							<Value>109</Value>
						</HeartRateBpm>
						<Cadence>61</Cadence>
						<Extensions>
							<ns3:TPX>
								<ns3:Speed>0.563380</ns3:Speed>
							</ns3:TPX>
						</Extensions>
					</Trackpoint>
					<Trackpoint>
						<Time>2569-05-19T14:15:44Z</Time>
						<Position>
							<LatitudeDegrees>9.140736</LatitudeDegrees>
							<LongitudeDegrees>99.327648</LongitudeDegrees>
						</Position>
						<AltitudeMeters>42.270000</AltitudeMeters>
						<HeartRateBpm>
							<Value>109</Value>
						</HeartRateBpm>
						<Cadence>61</Cadence>
						<Extensions>
							<ns3:TPX>
								<ns3:Speed>0.563380</ns3:Speed>
							</ns3:TPX>
						</Extensions>
					</Trackpoint>
					<Trackpoint>
						<Time>2569-05-19T14:15:45Z</Time>
						<Position>
							<LatitudeDegrees>9.140743</LatitudeDegrees>
							<LongitudeDegrees>99.327638</LongitudeDegrees>
						</Position>
						<AltitudeMeters>42.270000</AltitudeMeters>
						<HeartRateBpm>
							<Value>110</Value>
						</HeartRateBpm>
						<Cadence>55</Cadence>
						<Extensions>
							<ns3:TPX>
								<ns3:Speed>0.533330</ns3:Speed>
							</ns3:TPX>
						</Extensions>
					</Trackpoint>
					<Trackpoint>
						<Time>2569-05-19T14:15:47Z</Time>
						<Position>
							<LatitudeDegrees>9.140767</LatitudeDegrees>
							<LongitudeDegrees>99.327618</LongitudeDegrees>
						</Position>
						<AltitudeMeters>42.250000</AltitudeMeters>
						<HeartRateBpm>
							<Value>107</Value>
						</HeartRateBpm>
						<Cadence>49</Cadence>
						<Extensions>
							<ns3:TPX>
								<ns3:Speed>0.488760</ns3:Speed>
							</ns3:TPX>
						</Extensions>
					</Trackpoint>
					<Trackpoint>
						<Time>2569-05-19T14:15:47Z</Time>
						<Position>
							<LatitudeDegrees>9.140767</LatitudeDegrees>
							<LongitudeDegrees>99.327618</LongitudeDegrees>
						</Position>
						<AltitudeMeters>42.250000</AltitudeMeters>
						<HeartRateBpm>
							<Value>107</Value>
						</HeartRateBpm>
						<Cadence>49</Cadence>
						<Extensions>
							<ns3:TPX>
								<ns3:Speed>0.488760</ns3:Speed>
							</ns3:TPX>
						</Extensions>
					</Trackpoint>
					<Trackpoint>
						<Time>2569-05-19T14:15:49Z</Time>
						<Position>
							<LatitudeDegrees>9.140794</LatitudeDegrees>
							<LongitudeDegrees>99.327603</LongitudeDegrees>
						</Position>
						<AltitudeMeters>42.240000</AltitudeMeters>
						<HeartRateBpm>
							<Value>105</Value>
						</HeartRateBpm>
						<Cadence>50</Cadence>
						<Extensions>
							<ns3:TPX>
								<ns3:Speed>0.529100</ns3:Speed>
							</ns3:TPX>
						</Extensions>
					</Trackpoint>
					<Trackpoint>
						<Time>2569-05-19T14:15:49Z</Time>
						<Position>
							<LatitudeDegrees>9.140794</LatitudeDegrees>
							<LongitudeDegrees>99.327603</LongitudeDegrees>
						</Position>
						<AltitudeMeters>42.240000</AltitudeMeters>
						<HeartRateBpm>
							<Value>105</Value>
						</HeartRateBpm>
						<Cadence>50</Cadence>
						<Extensions>
							<ns3:TPX>
								<ns3:Speed>0.529100</ns3:Speed>
							</ns3:TPX>
						</Extensions>
					</Trackpoint>
					<Trackpoint>
						<Time>2569-05-19T14:15:50Z</Time>
						<Position>
							<LatitudeDegrees>9.140804</LatitudeDegrees>
							<LongitudeDegrees>99.327598</LongitudeDegrees>
						</Position>
						<AltitudeMeters>42.240000</AltitudeMeters>
						<HeartRateBpm>
							<Value>104</Value>
						</HeartRateBpm>
						<Cadence>50</Cadence>
						<Extensions>
							<ns3:TPX>
								<ns3:Speed>0.573720</ns3:Speed>
							</ns3:TPX>
						</Extensions>
					</Trackpoint>
					<Trackpoint>
						<Time>2569-05-19T14:15:51Z</Time>
						<Position>
							<LatitudeDegrees>9.140812</LatitudeDegrees>
							<LongitudeDegrees>99.327595</LongitudeDegrees>
						</Position>
						<AltitudeMeters>42.240000</AltitudeMeters>
						<HeartRateBpm>
							<Value>104</Value>
						</HeartRateBpm>
						<Cadence>50</Cadence>
						<Extensions>
							<ns3:TPX>
								<ns3:Speed>0.602050</ns3:Speed>
							</ns3:TPX>
						</Extensions>
					</Trackpoint>
					<Trackpoint>
						<Time>2569-05-19T14:15:52Z</Time>
						<Position>
							<LatitudeDegrees>9.140816</LatitudeDegrees>
							<LongitudeDegrees>99.327591</LongitudeDegrees>
						</Position>
						<AltitudeMeters>42.240000</AltitudeMeters>
						<HeartRateBpm>
							<Value>103</Value>
						</HeartRateBpm>
						<Cadence>49</Cadence>
						<Extensions>
							<ns3:TPX>
								<ns3:Speed>0.602050</ns3:Speed>
							</ns3:TPX>
						</Extensions>
					</Trackpoint>
					<Trackpoint>
						<Time>2569-05-19T14:15:53Z</Time>
						<Position>
							<LatitudeDegrees>9.140817</LatitudeDegrees>
							<LongitudeDegrees>99.327582</LongitudeDegrees>
						</Position>
						<AltitudeMeters>42.240000</AltitudeMeters>
						<HeartRateBpm>
							<Value>103</Value>
						</HeartRateBpm>
						<Cadence>48</Cadence>
						<Extensions>
							<ns3:TPX>
								<ns3:Speed>0.621890</ns3:Speed>
							</ns3:TPX>
						</Extensions>
					</Trackpoint>
					<Trackpoint>
						<Time>2569-05-19T14:15:54Z</Time>
						<Position>
							<LatitudeDegrees>9.140818</LatitudeDegrees>
							<LongitudeDegrees>99.327575</LongitudeDegrees>
						</Position>
						<AltitudeMeters>42.240000</AltitudeMeters>
						<HeartRateBpm>
							<Value>104</Value>
						</HeartRateBpm>
						<Cadence>48</Cadence>
						<Extensions>
							<ns3:TPX>
								<ns3:Speed>0.648510</ns3:Speed>
							</ns3:TPX>
						</Extensions>
					</Trackpoint>
					<Trackpoint>
						<Time>2569-05-19T14:15:56Z</Time>
						<Position>
							<LatitudeDegrees>9.140824</LatitudeDegrees>
							<LongitudeDegrees>99.327569</LongitudeDegrees>
						</Position>
						<AltitudeMeters>42.250000</AltitudeMeters>
						<HeartRateBpm>
							<Value>103</Value>
						</HeartRateBpm>
						<Cadence>44</Cadence>
						<Extensions>
							<ns3:TPX>
								<ns3:Speed>0.639800</ns3:Speed>
							</ns3:TPX>
						</Extensions>
					</Trackpoint>
					<Trackpoint>
						<Time>2569-05-19T14:15:56Z</Time>
						<Position>
							<LatitudeDegrees>9.140824</LatitudeDegrees>
							<LongitudeDegrees>99.327569</LongitudeDegrees>
						</Position>
						<AltitudeMeters>42.250000</AltitudeMeters>
						<HeartRateBpm>
							<Value>103</Value>
						</HeartRateBpm>
						<Cadence>44</Cadence>
						<Extensions>
							<ns3:TPX>
								<ns3:Speed>0.639800</ns3:Speed>
							</ns3:TPX>
						</Extensions>
					</Trackpoint>
					<Trackpoint>
						<Time>2569-05-19T14:15:58Z</Time>
						<Position>
							<LatitudeDegrees>9.140833</LatitudeDegrees>
							<LongitudeDegrees>99.327572</LongitudeDegrees>
						</Position>
						<AltitudeMeters>42.250000</AltitudeMeters>
						<HeartRateBpm>
							<Value>102</Value>
						</HeartRateBpm>
						<Cadence>41</Cadence>
						<Extensions>
							<ns3:TPX>
								<ns3:Speed>0.665340</ns3:Speed>
							</ns3:TPX>
						</Extensions>
					</Trackpoint>
					<Trackpoint>
						<Time>2569-05-19T14:15:58Z</Time>
						<Position>
							<LatitudeDegrees>9.140833</LatitudeDegrees>
							<LongitudeDegrees>99.327572</LongitudeDegrees>
						</Position>
						<AltitudeMeters>42.250000</AltitudeMeters>
						<HeartRateBpm>
							<Value>102</Value>
						</HeartRateBpm>
						<Cadence>41</Cadence>
						<Extensions>
							<ns3:TPX>
								<ns3:Speed>0.665340</ns3:Speed>
							</ns3:TPX>
						</Extensions>
					</Trackpoint>
					<Trackpoint>
						<Time>2569-05-19T14:15:59Z</Time>
						<Position>
							<LatitudeDegrees>9.140842</LatitudeDegrees>
							<LongitudeDegrees>99.327570</LongitudeDegrees>
						</Position>
						<AltitudeMeters>42.260000</AltitudeMeters>
						<HeartRateBpm>
							<Value>102</Value>
						</HeartRateBpm>
						<Cadence>41</Cadence>
						<Extensions>
							<ns3:TPX>
								<ns3:Speed>0.609760</ns3:Speed>
							</ns3:TPX>
						</Extensions>
					</Trackpoint>
					<Trackpoint>
						<Time>2569-05-19T14:16:00Z</Time>
						<Position>
							<LatitudeDegrees>9.140850</LatitudeDegrees>
							<LongitudeDegrees>99.327566</LongitudeDegrees>
						</Position>
						<AltitudeMeters>42.260000</AltitudeMeters>
						<HeartRateBpm>
							<Value>103</Value>
						</HeartRateBpm>
						<Cadence>42</Cadence>
						<Extensions>
							<ns3:TPX>
								<ns3:Speed>0.541710</ns3:Speed>
							</ns3:TPX>
						</Extensions>
					</Trackpoint>
					<Trackpoint>
						<Time>2569-05-19T14:16:01Z</Time>
						<Position>
							<LatitudeDegrees>9.140859</LatitudeDegrees>
							<LongitudeDegrees>99.327563</LongitudeDegrees>
						</Position>
						<AltitudeMeters>42.270000</AltitudeMeters>
						<HeartRateBpm>
							<Value>103</Value>
						</HeartRateBpm>
						<Cadence>44</Cadence>
						<Extensions>
							<ns3:TPX>
								<ns3:Speed>0.497510</ns3:Speed>
							</ns3:TPX>
						</Extensions>
					</Trackpoint>
					<Trackpoint>
						<Time>2569-05-19T14:16:02Z</Time>
						<Position>
							<LatitudeDegrees>9.140867</LatitudeDegrees>
							<LongitudeDegrees>99.327558</LongitudeDegrees>
						</Position>
						<AltitudeMeters>42.280000</AltitudeMeters>
						<HeartRateBpm>
							<Value>103</Value>
						</HeartRateBpm>
						<Cadence>49</Cadence>
						<Extensions>
							<ns3:TPX>
								<ns3:Speed>0.464900</ns3:Speed>
							</ns3:TPX>
						</Extensions>
					</Trackpoint>
					<Trackpoint>
						<Time>2569-05-19T14:16:03Z</Time>
						<Position>
							<LatitudeDegrees>9.140877</LatitudeDegrees>
							<LongitudeDegrees>99.327552</LongitudeDegrees>
						</Position>
						<AltitudeMeters>42.290000</AltitudeMeters>
						<HeartRateBpm>
							<Value>103</Value>
						</HeartRateBpm>
						<Cadence>49</Cadence>
						<Extensions>
							<ns3:TPX>
								<ns3:Speed>0.406500</ns3:Speed>
							</ns3:TPX>
						</Extensions>
					</Trackpoint>
					<Trackpoint>
						<Time>2569-05-19T14:16:04Z</Time>
						<Position>
							<LatitudeDegrees>9.140887</LatitudeDegrees>
							<LongitudeDegrees>99.327545</LongitudeDegrees>
						</Position>
						<AltitudeMeters>42.300000</AltitudeMeters>
						<HeartRateBpm>
							<Value>103</Value>
						</HeartRateBpm>
						<Cadence>48</Cadence>
						<Extensions>
							<ns3:TPX>
								<ns3:Speed>0.385950</ns3:Speed>
							</ns3:TPX>
						</Extensions>
					</Trackpoint>
					<Trackpoint>
						<Time>2569-05-19T14:16:05Z</Time>
						<Position>
							<LatitudeDegrees>9.140895</LatitudeDegrees>
							<LongitudeDegrees>99.327536</LongitudeDegrees>
						</Position>
						<AltitudeMeters>42.300000</AltitudeMeters>
						<HeartRateBpm>
							<Value>104</Value>
						</HeartRateBpm>
						<Cadence>48</Cadence>
						<Extensions>
							<ns3:TPX>
								<ns3:Speed>0.401280</ns3:Speed>
							</ns3:TPX>
						</Extensions>
					</Trackpoint>
					<Trackpoint>
						<Time>2569-05-19T14:16:07Z</Time>
						<Position>
							<LatitudeDegrees>9.140914</LatitudeDegrees>
							<LongitudeDegrees>99.327511</LongitudeDegrees>
						</Position>
						<AltitudeMeters>42.330000</AltitudeMeters>
						<HeartRateBpm>
							<Value>106</Value>
						</HeartRateBpm>
						<Cadence>49</Cadence>
						<Extensions>
							<ns3:TPX>
								<ns3:Speed>0.447830</ns3:Speed>
							</ns3:TPX>
						</Extensions>
					</Trackpoint>
					<Trackpoint>
						<Time>2569-05-19T14:16:07Z</Time>
						<Position>
							<LatitudeDegrees>9.140914</LatitudeDegrees>
							<LongitudeDegrees>99.327511</LongitudeDegrees>
						</Position>
						<AltitudeMeters>42.330000</AltitudeMeters>
						<HeartRateBpm>
							<Value>106</Value>
						</HeartRateBpm>
						<Cadence>49</Cadence>
						<Extensions>
							<ns3:TPX>
								<ns3:Speed>0.447830</ns3:Speed>
							</ns3:TPX>
						</Extensions>
					</Trackpoint>
					<Trackpoint>
						<Time>2569-05-19T14:16:08Z</Time>
						<Position>
							<LatitudeDegrees>9.140924</LatitudeDegrees>
							<LongitudeDegrees>99.327491</LongitudeDegrees>
						</Position>
						<AltitudeMeters>42.340000</AltitudeMeters>
						<HeartRateBpm>
							<Value>106</Value>
						</HeartRateBpm>
						<Cadence>50</Cadence>
						<Extensions>
							<ns3:TPX>
								<ns3:Speed>0.453310</ns3:Speed>
							</ns3:TPX>
						</Extensions>
					</Trackpoint>
					<Trackpoint>
						<Time>2569-05-19T14:16:09Z</Time>
						<Position>
							<LatitudeDegrees>9.140933</LatitudeDegrees>
							<LongitudeDegrees>99.327477</LongitudeDegrees>
						</Position>
						<AltitudeMeters>42.360000</AltitudeMeters>
						<HeartRateBpm>
							<Value>107</Value>
						</HeartRateBpm>
						<Cadence>51</Cadence>
						<Extensions>
							<ns3:TPX>
								<ns3:Speed>0.462960</ns3:Speed>
							</ns3:TPX>
						</Extensions>
					</Trackpoint>
					<Trackpoint>
						<Time>2569-05-19T14:16:11Z</Time>
						<Position>
							<LatitudeDegrees>9.140953</LatitudeDegrees>
							<LongitudeDegrees>99.327459</LongitudeDegrees>
						</Position>
						<AltitudeMeters>42.370000</AltitudeMeters>
						<HeartRateBpm>
							<Value>107</Value>
						</HeartRateBpm>
						<Cadence>52</Cadence>
						<Extensions>
							<ns3:TPX>
								<ns3:Speed>0.490440</ns3:Speed>
							</ns3:TPX>
						</Extensions>
					</Trackpoint>
					<Trackpoint>
						<Time>2569-05-19T14:16:11Z</Time>
						<Position>
							<LatitudeDegrees>9.140953</LatitudeDegrees>
							<LongitudeDegrees>99.327459</LongitudeDegrees>
						</Position>
						<AltitudeMeters>42.370000</AltitudeMeters>
						<HeartRateBpm>
							<Value>107</Value>
						</HeartRateBpm>
						<Cadence>52</Cadence>
						<Extensions>
							<ns3:TPX>
								<ns3:Speed>0.490440</ns3:Speed>
							</ns3:TPX>
						</Extensions>
					</Trackpoint>
					<Trackpoint>
						<Time>2569-05-19T14:16:13Z</Time>
						<Position>
							<LatitudeDegrees>9.140962</LatitudeDegrees>
							<LongitudeDegrees>99.327450</LongitudeDegrees>
						</Position>
						<AltitudeMeters>42.360000</AltitudeMeters>
						<HeartRateBpm>
							<Value>106</Value>
						</HeartRateBpm>
						<Cadence>52</Cadence>
						<Extensions>
							<ns3:TPX>
								<ns3:Speed>0.519480</ns3:Speed>
							</ns3:TPX>
						</Extensions>
					</Trackpoint>
					<Trackpoint>
						<Time>2569-05-19T14:16:14Z</Time>
						<Position>
							<LatitudeDegrees>9.140977</LatitudeDegrees>
							<LongitudeDegrees>99.327435</LongitudeDegrees>
						</Position>
						<AltitudeMeters>42.360000</AltitudeMeters>
						<HeartRateBpm>
							<Value>106</Value>
						</HeartRateBpm>
						<Cadence>52</Cadence>
						<Extensions>
							<ns3:TPX>
								<ns3:Speed>0.533330</ns3:Speed>
							</ns3:TPX>
						</Extensions>
					</Trackpoint>
					<Trackpoint>
						<Time>2569-05-19T14:16:14Z</Time>
						<Position>
							<LatitudeDegrees>9.140977</LatitudeDegrees>
							<LongitudeDegrees>99.327435</LongitudeDegrees>
						</Position>
						<AltitudeMeters>42.360000</AltitudeMeters>
						<HeartRateBpm>
							<Value>106</Value>
						</HeartRateBpm>
						<Cadence>52</Cadence>
						<Extensions>
							<ns3:TPX>
								<ns3:Speed>0.533330</ns3:Speed>
							</ns3:TPX>
						</Extensions>
					</Trackpoint>
					<Trackpoint>
						<Time>2569-05-19T14:16:15Z</Time>
						<Position>
							<LatitudeDegrees>9.140981</LatitudeDegrees>
							<LongitudeDegrees>99.327429</LongitudeDegrees>
						</Position>
						<AltitudeMeters>42.350000</AltitudeMeters>
						<HeartRateBpm>
							<Value>107</Value>
						</HeartRateBpm>
						<Cadence>52</Cadence>
						<Extensions>
							<ns3:TPX>
								<ns3:Speed>0.548250</ns3:Speed>
							</ns3:TPX>
						</Extensions>
					</Trackpoint>
					<Trackpoint>
						<Time>2569-05-19T14:16:16Z</Time>
						<Position>
							<LatitudeDegrees>9.140987</LatitudeDegrees>
							<LongitudeDegrees>99.327424</LongitudeDegrees>
						</Position>
						<AltitudeMeters>42.350000</AltitudeMeters>
						<HeartRateBpm>
							<Value>107</Value>
						</HeartRateBpm>
						<Cadence>52</Cadence>
						<Extensions>
							<ns3:TPX>
								<ns3:Speed>0.562750</ns3:Speed>
							</ns3:TPX>
						</Extensions>
					</Trackpoint>
					<Trackpoint>
						<Time>2569-05-19T14:16:17Z</Time>
						<Position>
							<LatitudeDegrees>9.140993</LatitudeDegrees>
							<LongitudeDegrees>99.327421</LongitudeDegrees>
						</Position>
						<AltitudeMeters>42.340000</AltitudeMeters>
						<HeartRateBpm>
							<Value>107</Value>
						</HeartRateBpm>
						<Cadence>51</Cadence>
						<Extensions>
							<ns3:TPX>
								<ns3:Speed>0.575710</ns3:Speed>
							</ns3:TPX>
						</Extensions>
					</Trackpoint>
					<Trackpoint>
						<Time>2569-05-19T14:16:18Z</Time>
						<Position>
							<LatitudeDegrees>9.141000</LatitudeDegrees>
							<LongitudeDegrees>99.327418</LongitudeDegrees>
						</Position>
						<AltitudeMeters>42.330000</AltitudeMeters>
						<HeartRateBpm>
							<Value>107</Value>
						</HeartRateBpm>
						<Cadence>51</Cadence>
						<Extensions>
							<ns3:TPX>
								<ns3:Speed>0.586170</ns3:Speed>
							</ns3:TPX>
						</Extensions>
					</Trackpoint>
					<Trackpoint>
						<Time>2569-05-19T14:16:20Z</Time>
						<Position>
							<LatitudeDegrees>9.141014</LatitudeDegrees>
							<LongitudeDegrees>99.327409</LongitudeDegrees>
						</Position>
						<AltitudeMeters>42.320000</AltitudeMeters>
						<HeartRateBpm>
							<Value>106</Value>
						</HeartRateBpm>
						<Cadence>50</Cadence>
						<Extensions>
							<ns3:TPX>
								<ns3:Speed>0.607160</ns3:Speed>
							</ns3:TPX>
						</Extensions>
					</Trackpoint>
					<Trackpoint>
						<Time>2569-05-19T14:16:20Z</Time>
						<Position>
							<LatitudeDegrees>9.141014</LatitudeDegrees>
							<LongitudeDegrees>99.327409</LongitudeDegrees>
						</Position>
						<AltitudeMeters>42.320000</AltitudeMeters>
						<HeartRateBpm>
							<Value>106</Value>
						</HeartRateBpm>
						<Cadence>50</Cadence>
						<Extensions>
							<ns3:TPX>
								<ns3:Speed>0.607160</ns3:Speed>
							</ns3:TPX>
						</Extensions>
					</Trackpoint>
					<Trackpoint>
						<Time>2569-05-19T14:16:21Z</Time>
						<Position>
							<LatitudeDegrees>9.141024</LatitudeDegrees>
							<LongitudeDegrees>99.327400</LongitudeDegrees>
						</Position>
						<AltitudeMeters>42.290000</AltitudeMeters>
						<HeartRateBpm>
							<Value>107</Value>
						</HeartRateBpm>
						<Cadence>49</Cadence>
						<Extensions>
							<ns3:TPX>
								<ns3:Speed>0.614250</ns3:Speed>
							</ns3:TPX>
						</Extensions>
					</Trackpoint>
					<Trackpoint>
						<Time>2569-05-19T14:16:22Z</Time>
						<Position>
							<LatitudeDegrees>9.141033</LatitudeDegrees>
							<LongitudeDegrees>99.327391</LongitudeDegrees>
						</Position>
						<AltitudeMeters>42.270000</AltitudeMeters>
						<HeartRateBpm>
							<Value>108</Value>
						</HeartRateBpm>
						<Cadence>48</Cadence>
						<Extensions>
							<ns3:TPX>
								<ns3:Speed>0.621120</ns3:Speed>
							</ns3:TPX>
						</Extensions>
					</Trackpoint>
					<Trackpoint>
						<Time>2569-05-19T14:16:23Z</Time>
						<Position>
							<LatitudeDegrees>9.141039</LatitudeDegrees>
							<LongitudeDegrees>99.327385</LongitudeDegrees>
						</Position>
						<AltitudeMeters>42.260000</AltitudeMeters>
						<HeartRateBpm>
							<Value>107</Value>
						</HeartRateBpm>
						<Cadence>48</Cadence>
						<Extensions>
							<ns3:TPX>
								<ns3:Speed>0.624610</ns3:Speed>
							</ns3:TPX>
						</Extensions>
					</Trackpoint>
					<Trackpoint>
						<Time>2569-05-19T14:16:24Z</Time>
						<Position>
							<LatitudeDegrees>9.141048</LatitudeDegrees>
							<LongitudeDegrees>99.327382</LongitudeDegrees>
						</Position>
						<AltitudeMeters>42.260000</AltitudeMeters>
						<HeartRateBpm>
							<Value>107</Value>
						</HeartRateBpm>
						<Cadence>47</Cadence>
						<Extensions>
							<ns3:TPX>
								<ns3:Speed>0.625000</ns3:Speed>
							</ns3:TPX>
						</Extensions>
					</Trackpoint>
					<Trackpoint>
						<Time>2569-05-19T14:16:26Z</Time>
						<Position>
							<LatitudeDegrees>9.141063</LatitudeDegrees>
							<LongitudeDegrees>99.327371</LongitudeDegrees>
						</Position>
						<AltitudeMeters>42.220000</AltitudeMeters>
						<HeartRateBpm>
							<Value>106</Value>
						</HeartRateBpm>
						<Cadence>46</Cadence>
						<Extensions>
							<ns3:TPX>
								<ns3:Speed>0.625780</ns3:Speed>
							</ns3:TPX>
						</Extensions>
					</Trackpoint>
					<Trackpoint>
						<Time>2569-05-19T14:16:26Z</Time>
						<Position>
							<LatitudeDegrees>9.141063</LatitudeDegrees>
							<LongitudeDegrees>99.327371</LongitudeDegrees>
						</Position>
						<AltitudeMeters>42.220000</AltitudeMeters>
						<HeartRateBpm>
							<Value>106</Value>
						</HeartRateBpm>
						<Cadence>46</Cadence>
						<Extensions>
							<ns3:TPX>
								<ns3:Speed>0.625780</ns3:Speed>
							</ns3:TPX>
						</Extensions>
					</Trackpoint>
					<Trackpoint>
						<Time>2569-05-19T14:16:27Z</Time>
						<Position>
							<LatitudeDegrees>9.141071</LatitudeDegrees>
							<LongitudeDegrees>99.327364</LongitudeDegrees>
						</Position>
						<AltitudeMeters>42.210000</AltitudeMeters>
						<HeartRateBpm>
							<Value>106</Value>
						</HeartRateBpm>
						<Cadence>47</Cadence>
						<Extensions>
							<ns3:TPX>
								<ns3:Speed>0.626960</ns3:Speed>
							</ns3:TPX>
						</Extensions>
					</Trackpoint>
					<Trackpoint>
						<Time>2569-05-19T14:16:28Z</Time>
						<Position>
							<LatitudeDegrees>9.141081</LatitudeDegrees>
							<LongitudeDegrees>99.327358</LongitudeDegrees>
						</Position>
						<AltitudeMeters>42.200000</AltitudeMeters>
						<HeartRateBpm>
							<Value>106</Value>
						</HeartRateBpm>
						<Cadence>47</Cadence>
						<Extensions>
							<ns3:TPX>
								<ns3:Speed>0.629720</ns3:Speed>
							</ns3:TPX>
						</Extensions>
					</Trackpoint>
					<Trackpoint>
						<Time>2569-05-19T14:16:29Z</Time>
						<Position>
							<LatitudeDegrees>9.141090</LatitudeDegrees>
							<LongitudeDegrees>99.327352</LongitudeDegrees>
						</Position>
						<AltitudeMeters>42.190000</AltitudeMeters>
						<HeartRateBpm>
							<Value>106</Value>
						</HeartRateBpm>
						<Cadence>48</Cadence>
						<Extensions>
							<ns3:TPX>
								<ns3:Speed>0.632910</ns3:Speed>
							</ns3:TPX>
						</Extensions>
					</Trackpoint>
					<Trackpoint>
						<Time>2569-05-19T14:16:30Z</Time>
						<Position>
							<LatitudeDegrees>9.141100</LatitudeDegrees>
							<LongitudeDegrees>99.327345</LongitudeDegrees>
						</Position>
						<AltitudeMeters>42.180000</AltitudeMeters>
						<HeartRateBpm>
							<Value>107</Value>
						</HeartRateBpm>
						<Cadence>51</Cadence>
						<Extensions>
							<ns3:TPX>
								<ns3:Speed>0.636540</ns3:Speed>
							</ns3:TPX>
						</Extensions>
					</Trackpoint>
					<Trackpoint>
						<Time>2569-05-19T14:16:31Z</Time>
						<Position>
							<LatitudeDegrees>9.141108</LatitudeDegrees>
							<LongitudeDegrees>99.327336</LongitudeDegrees>
						</Position>
						<AltitudeMeters>42.170000</AltitudeMeters>
						<HeartRateBpm>
							<Value>108</Value>
						</HeartRateBpm>
						<Cadence>52</Cadence>
						<Extensions>
							<ns3:TPX>
								<ns3:Speed>0.640200</ns3:Speed>
							</ns3:TPX>
						</Extensions>
					</Trackpoint>
					<Trackpoint>
						<Time>2569-05-19T14:16:32Z</Time>
						<Position>
							<LatitudeDegrees>9.141114</LatitudeDegrees>
							<LongitudeDegrees>99.327328</LongitudeDegrees>
						</Position>
						<AltitudeMeters>42.150000</AltitudeMeters>
						<HeartRateBpm>
							<Value>108</Value>
						</HeartRateBpm>
						<Cadence>52</Cadence>
						<Extensions>
							<ns3:TPX>
								<ns3:Speed>0.645160</ns3:Speed>
							</ns3:TPX>
						</Extensions>
					</Trackpoint>
					<Trackpoint>
						<Time>2569-05-19T14:16:33Z</Time>
						<Position>
							<LatitudeDegrees>9.141120</LatitudeDegrees>
							<LongitudeDegrees>99.327320</LongitudeDegrees>
						</Position>
						<AltitudeMeters>42.140000</AltitudeMeters>
						<HeartRateBpm>
							<Value>108</Value>
						</HeartRateBpm>
						<Cadence>52</Cadence>
						<Extensions>
							<ns3:TPX>
								<ns3:Speed>0.650200</ns3:Speed>
							</ns3:TPX>
						</Extensions>
					</Trackpoint>
					<Trackpoint>
						<Time>2569-05-19T14:16:35Z</Time>
						<Position>
							<LatitudeDegrees>9.141127</LatitudeDegrees>
							<LongitudeDegrees>99.327312</LongitudeDegrees>
						</Position>
						<AltitudeMeters>42.140000</AltitudeMeters>
						<HeartRateBpm>
							<Value>108</Value>
						</HeartRateBpm>
						<Cadence>52</Cadence>
						<Extensions>
							<ns3:TPX>
								<ns3:Speed>0.660500</ns3:Speed>
							</ns3:TPX>
						</Extensions>
					</Trackpoint>
					<Trackpoint>
						<Time>2569-05-19T14:16:36Z</Time>
						<Position>
							<LatitudeDegrees>9.141134</LatitudeDegrees>
							<LongitudeDegrees>99.327305</LongitudeDegrees>
						</Position>
						<AltitudeMeters>42.130000</AltitudeMeters>
						<HeartRateBpm>
							<Value>108</Value>
						</HeartRateBpm>
						<Cadence>52</Cadence>
						<Extensions>
							<ns3:TPX>
								<ns3:Speed>0.665780</ns3:Speed>
							</ns3:TPX>
						</Extensions>
					</Trackpoint>
					<Trackpoint>
						<Time>2569-05-19T14:16:37Z</Time>
						<Position>
							<LatitudeDegrees>9.141150</LatitudeDegrees>
							<LongitudeDegrees>99.327287</LongitudeDegrees>
						</Position>
						<AltitudeMeters>42.100000</AltitudeMeters>
						<HeartRateBpm>
							<Value>107</Value>
						</HeartRateBpm>
						<Cadence>53</Cadence>
						<Extensions>
							<ns3:TPX>
								<ns3:Speed>0.671590</ns3:Speed>
							</ns3:TPX>
						</Extensions>
					</Trackpoint>
					<Trackpoint>
						<Time>2569-05-19T14:16:37Z</Time>
						<Position>
							<LatitudeDegrees>9.141150</LatitudeDegrees>
							<LongitudeDegrees>99.327287</LongitudeDegrees>
						</Position>
						<AltitudeMeters>42.100000</AltitudeMeters>
						<HeartRateBpm>
							<Value>107</Value>
						</HeartRateBpm>
						<Cadence>53</Cadence>
						<Extensions>
							<ns3:TPX>
								<ns3:Speed>0.671590</ns3:Speed>
							</ns3:TPX>
						</Extensions>
					</Trackpoint>
					<Trackpoint>
						<Time>2569-05-19T14:16:38Z</Time>
						<Position>
							<LatitudeDegrees>9.141159</LatitudeDegrees>
							<LongitudeDegrees>99.327277</LongitudeDegrees>
						</Position>
						<AltitudeMeters>42.100000</AltitudeMeters>
						<HeartRateBpm>
							<Value>108</Value>
						</HeartRateBpm>
						<Cadence>54</Cadence>
						<Extensions>
							<ns3:TPX>
								<ns3:Speed>0.677970</ns3:Speed>
							</ns3:TPX>
						</Extensions>
					</Trackpoint>
					<Trackpoint>
						<Time>2569-05-19T14:16:39Z</Time>
						<Position>
							<LatitudeDegrees>9.141168</LatitudeDegrees>
							<LongitudeDegrees>99.327268</LongitudeDegrees>
						</Position>
						<AltitudeMeters>42.070000</AltitudeMeters>
						<HeartRateBpm>
							<Value>108</Value>
						</HeartRateBpm>
						<Cadence>55</Cadence>
						<Extensions>
							<ns3:TPX>
								<ns3:Speed>0.684460</ns3:Speed>
							</ns3:TPX>
						</Extensions>
					</Trackpoint>
					<Trackpoint>
						<Time>2569-05-19T14:16:41Z</Time>
						<Position>
							<LatitudeDegrees>9.141175</LatitudeDegrees>
							<LongitudeDegrees>99.327261</LongitudeDegrees>
						</Position>
						<AltitudeMeters>42.070000</AltitudeMeters>
						<HeartRateBpm>
							<Value>110</Value>
						</HeartRateBpm>
						<Cadence>55</Cadence>
						<Extensions>
							<ns3:TPX>
								<ns3:Speed>0.697350</ns3:Speed>
							</ns3:TPX>
						</Extensions>
					</Trackpoint>
					<Trackpoint>
						<Time>2569-05-19T14:16:42Z</Time>
						<Position>
							<LatitudeDegrees>9.141178</LatitudeDegrees>
							<LongitudeDegrees>99.327256</LongitudeDegrees>
						</Position>
						<AltitudeMeters>42.060000</AltitudeMeters>
						<HeartRateBpm>
							<Value>110</Value>
						</HeartRateBpm>
						<Cadence>55</Cadence>
						<Extensions>
							<ns3:TPX>
								<ns3:Speed>0.704230</ns3:Speed>
							</ns3:TPX>
						</Extensions>
					</Trackpoint>
					<Trackpoint>
						<Time>2569-05-19T14:16:43Z</Time>
						<Position>
							<LatitudeDegrees>9.141187</LatitudeDegrees>
							<LongitudeDegrees>99.327249</LongitudeDegrees>
						</Position>
						<AltitudeMeters>42.050000</AltitudeMeters>
						<HeartRateBpm>
							<Value>110</Value>
						</HeartRateBpm>
						<Cadence>54</Cadence>
						<Extensions>
							<ns3:TPX>
								<ns3:Speed>0.710730</ns3:Speed>
							</ns3:TPX>
						</Extensions>
					</Trackpoint>
					<Trackpoint>
						<Time>2569-05-19T14:16:43Z</Time>
						<Position>
							<LatitudeDegrees>9.141187</LatitudeDegrees>
							<LongitudeDegrees>99.327249</LongitudeDegrees>
						</Position>
						<AltitudeMeters>42.050000</AltitudeMeters>
						<HeartRateBpm>
							<Value>110</Value>
						</HeartRateBpm>
						<Cadence>54</Cadence>
						<Extensions>
							<ns3:TPX>
								<ns3:Speed>0.710730</ns3:Speed>
							</ns3:TPX>
						</Extensions>
					</Trackpoint>
					<Trackpoint>
						<Time>2569-05-19T14:16:44Z</Time>
						<Position>
							<LatitudeDegrees>9.141194</LatitudeDegrees>
							<LongitudeDegrees>99.327247</LongitudeDegrees>
						</Position>
						<AltitudeMeters>42.040000</AltitudeMeters>
						<HeartRateBpm>
							<Value>110</Value>
						</HeartRateBpm>
						<Cadence>54</Cadence>
						<Extensions>
							<ns3:TPX>
								<ns3:Speed>0.718390</ns3:Speed>
							</ns3:TPX>
						</Extensions>
					</Trackpoint>
					<Trackpoint>
						<Time>2569-05-19T14:16:45Z</Time>
						<Position>
							<LatitudeDegrees>9.141201</LatitudeDegrees>
							<LongitudeDegrees>99.327244</LongitudeDegrees>
						</Position>
						<AltitudeMeters>42.030000</AltitudeMeters>
						<HeartRateBpm>
							<Value>110</Value>
						</HeartRateBpm>
						<Cadence>54</Cadence>
						<Extensions>
							<ns3:TPX>
								<ns3:Speed>0.724110</ns3:Speed>
							</ns3:TPX>
						</Extensions>
					</Trackpoint>
					<Trackpoint>
						<Time>2569-05-19T14:16:46Z</Time>
						<Position>
							<LatitudeDegrees>9.141209</LatitudeDegrees>
							<LongitudeDegrees>99.327241</LongitudeDegrees>
						</Position>
						<AltitudeMeters>42.010000</AltitudeMeters>
						<HeartRateBpm>
							<Value>110</Value>
						</HeartRateBpm>
						<Cadence>54</Cadence>
						<Extensions>
							<ns3:TPX>
								<ns3:Speed>0.726220</ns3:Speed>
							</ns3:TPX>
						</Extensions>
					</Trackpoint>
					<Trackpoint>
						<Time>2569-05-19T14:16:47Z</Time>
						<Position>
							<LatitudeDegrees>9.141218</LatitudeDegrees>
							<LongitudeDegrees>99.327237</LongitudeDegrees>
						</Position>
						<AltitudeMeters>42.000000</AltitudeMeters>
						<HeartRateBpm>
							<Value>110</Value>
						</HeartRateBpm>
						<Cadence>54</Cadence>
						<Extensions>
							<ns3:TPX>
								<ns3:Speed>0.726740</ns3:Speed>
							</ns3:TPX>
						</Extensions>
					</Trackpoint>
					<Trackpoint>
						<Time>2569-05-19T14:16:49Z</Time>
						<Position>
							<LatitudeDegrees>9.141239</LatitudeDegrees>
							<LongitudeDegrees>99.327237</LongitudeDegrees>
						</Position>
						<AltitudeMeters>41.980000</AltitudeMeters>
						<HeartRateBpm>
							<Value>109</Value>
						</HeartRateBpm>
						<Cadence>53</Cadence>
						<Extensions>
							<ns3:TPX>
								<ns3:Speed>0.728330</ns3:Speed>
							</ns3:TPX>
						</Extensions>
					</Trackpoint>
					<Trackpoint>
						<Time>2569-05-19T14:16:49Z</Time>
						<Position>
							<LatitudeDegrees>9.141239</LatitudeDegrees>
							<LongitudeDegrees>99.327237</LongitudeDegrees>
						</Position>
						<AltitudeMeters>41.980000</AltitudeMeters>
						<HeartRateBpm>
							<Value>109</Value>
						</HeartRateBpm>
						<Cadence>53</Cadence>
						<Extensions>
							<ns3:TPX>
								<ns3:Speed>0.728330</ns3:Speed>
							</ns3:TPX>
						</Extensions>
					</Trackpoint>
					<Trackpoint>
						<Time>2569-05-19T14:16:50Z</Time>
						<Position>
							<LatitudeDegrees>9.141250</LatitudeDegrees>
							<LongitudeDegrees>99.327236</LongitudeDegrees>
						</Position>
						<AltitudeMeters>41.960000</AltitudeMeters>
						<HeartRateBpm>
							<Value>109</Value>
						</HeartRateBpm>
						<Cadence>53</Cadence>
						<Extensions>
							<ns3:TPX>
								<ns3:Speed>0.727270</ns3:Speed>
							</ns3:TPX>
						</Extensions>
					</Trackpoint>
					<Trackpoint>
						<Time>2569-05-19T14:16:51Z</Time>
						<Position>
							<LatitudeDegrees>9.141260</LatitudeDegrees>
							<LongitudeDegrees>99.327236</LongitudeDegrees>
						</Position>
						<AltitudeMeters>41.950000</AltitudeMeters>
						<HeartRateBpm>
							<Value>109</Value>
						</HeartRateBpm>
						<Cadence>53</Cadence>
						<Extensions>
							<ns3:TPX>
								<ns3:Speed>0.723070</ns3:Speed>
							</ns3:TPX>
						</Extensions>
					</Trackpoint>
					<Trackpoint>
						<Time>2569-05-19T14:16:53Z</Time>
						<Position>
							<LatitudeDegrees>9.141283</LatitudeDegrees>
							<LongitudeDegrees>99.327234</LongitudeDegrees>
						</Position>
						<AltitudeMeters>41.940000</AltitudeMeters>
						<HeartRateBpm>
							<Value>110</Value>
						</HeartRateBpm>
						<Cadence>56</Cadence>
						<Extensions>
							<ns3:TPX>
								<ns3:Speed>0.713270</ns3:Speed>
							</ns3:TPX>
						</Extensions>
					</Trackpoint>
					<Trackpoint>
						<Time>2569-05-19T14:16:53Z</Time>
						<Position>
							<LatitudeDegrees>9.141283</LatitudeDegrees>
							<LongitudeDegrees>99.327234</LongitudeDegrees>
						</Position>
						<AltitudeMeters>41.940000</AltitudeMeters>
						<HeartRateBpm>
							<Value>110</Value>
						</HeartRateBpm>
						<Cadence>56</Cadence>
						<Extensions>
							<ns3:TPX>
								<ns3:Speed>0.713270</ns3:Speed>
							</ns3:TPX>
						</Extensions>
					</Trackpoint>
					<Trackpoint>
						<Time>2569-05-19T14:16:54Z</Time>
						<Position>
							<LatitudeDegrees>9.141295</LatitudeDegrees>
							<LongitudeDegrees>99.327228</LongitudeDegrees>
						</Position>
						<AltitudeMeters>41.940000</AltitudeMeters>
						<HeartRateBpm>
							<Value>110</Value>
						</HeartRateBpm>
						<Cadence>56</Cadence>
						<Extensions>
							<ns3:TPX>
								<ns3:Speed>0.708220</ns3:Speed>
							</ns3:TPX>
						</Extensions>
					</Trackpoint>
					<Trackpoint>
						<Time>2569-05-19T14:16:56Z</Time>
						<Position>
							<LatitudeDegrees>9.141317</LatitudeDegrees>
							<LongitudeDegrees>99.327218</LongitudeDegrees>
						</Position>
						<AltitudeMeters>41.920000</AltitudeMeters>
						<HeartRateBpm>
							<Value>111</Value>
						</HeartRateBpm>
						<Cadence>56</Cadence>
						<Extensions>
							<ns3:TPX>
								<ns3:Speed>0.702250</ns3:Speed>
							</ns3:TPX>
						</Extensions>
					</Trackpoint>
					<Trackpoint>
						<Time>2569-05-19T14:16:56Z</Time>
						<Position>
							<LatitudeDegrees>9.141317</LatitudeDegrees>
							<LongitudeDegrees>99.327218</LongitudeDegrees>
						</Position>
						<AltitudeMeters>41.920000</AltitudeMeters>
						<HeartRateBpm>
							<Value>111</Value>
						</HeartRateBpm>
						<Cadence>56</Cadence>
						<Extensions>
							<ns3:TPX>
								<ns3:Speed>0.702250</ns3:Speed>
							</ns3:TPX>
						</Extensions>
					</Trackpoint>
					<Trackpoint>
						<Time>2569-05-19T14:16:57Z</Time>
						<Position>
							<LatitudeDegrees>9.141328</LatitudeDegrees>
							<LongitudeDegrees>99.327210</LongitudeDegrees>
						</Position>
						<AltitudeMeters>41.910000</AltitudeMeters>
						<HeartRateBpm>
							<Value>111</Value>
						</HeartRateBpm>
						<Cadence>55</Cadence>
						<Extensions>
							<ns3:TPX>
								<ns3:Speed>0.702740</ns3:Speed>
							</ns3:TPX>
						</Extensions>
					</Trackpoint>
					<Trackpoint>
						<Time>2569-05-19T14:16:58Z</Time>
						<Position>
							<LatitudeDegrees>9.141338</LatitudeDegrees>
							<LongitudeDegrees>99.327204</LongitudeDegrees>
						</Position>
						<AltitudeMeters>41.900000</AltitudeMeters>
						<HeartRateBpm>
							<Value>110</Value>
						</HeartRateBpm>
						<Cadence>55</Cadence>
						<Extensions>
							<ns3:TPX>
								<ns3:Speed>0.706210</ns3:Speed>
							</ns3:TPX>
						</Extensions>
					</Trackpoint>
					<Trackpoint>
						<Time>2569-05-19T14:16:59Z</Time>
						<Position>
							<LatitudeDegrees>9.141348</LatitudeDegrees>
							<LongitudeDegrees>99.327199</LongitudeDegrees>
						</Position>
						<AltitudeMeters>41.900000</AltitudeMeters>
						<HeartRateBpm>
							<Value>110</Value>
						</HeartRateBpm>
						<Cadence>55</Cadence>
						<Extensions>
							<ns3:TPX>
								<ns3:Speed>0.710730</ns3:Speed>
							</ns3:TPX>
						</Extensions>
					</Trackpoint>
					<Trackpoint>
						<Time>2569-05-19T14:17:00Z</Time>
						<Position>
							<LatitudeDegrees>9.141357</LatitudeDegrees>
							<LongitudeDegrees>99.327193</LongitudeDegrees>
						</Position>
						<AltitudeMeters>41.890000</AltitudeMeters>
						<HeartRateBpm>
							<Value>110</Value>
						</HeartRateBpm>
						<Cadence>54</Cadence>
						<Extensions>
							<ns3:TPX>
								<ns3:Speed>0.714800</ns3:Speed>
							</ns3:TPX>
						</Extensions>
					</Trackpoint>
					<Trackpoint>
						<Time>2569-05-19T14:17:01Z</Time>
						<Position>
							<LatitudeDegrees>9.141366</LatitudeDegrees>
							<LongitudeDegrees>99.327187</LongitudeDegrees>
						</Position>
						<AltitudeMeters>41.890000</AltitudeMeters>
						<HeartRateBpm>
							<Value>109</Value>
						</HeartRateBpm>
						<Cadence>54</Cadence>
						<Extensions>
							<ns3:TPX>
								<ns3:Speed>0.721500</ns3:Speed>
							</ns3:TPX>
						</Extensions>
					</Trackpoint>
					<Trackpoint>
						<Time>2569-05-19T14:17:02Z</Time>
						<Position>
							<LatitudeDegrees>9.141374</LatitudeDegrees>
							<LongitudeDegrees>99.327182</LongitudeDegrees>
						</Position>
						<AltitudeMeters>41.890000</AltitudeMeters>
						<HeartRateBpm>
							<Value>109</Value>
						</HeartRateBpm>
						<Cadence>53</Cadence>
						<Extensions>
							<ns3:TPX>
								<ns3:Speed>0.732600</ns3:Speed>
							</ns3:TPX>
						</Extensions>
					</Trackpoint>
					<Trackpoint>
						<Time>2569-05-19T14:17:03Z</Time>
						<Position>
							<LatitudeDegrees>9.141384</LatitudeDegrees>
							<LongitudeDegrees>99.327178</LongitudeDegrees>
						</Position>
						<AltitudeMeters>41.880000</AltitudeMeters>
						<HeartRateBpm>
							<Value>108</Value>
						</HeartRateBpm>
						<Cadence>53</Cadence>
						<Extensions>
							<ns3:TPX>
								<ns3:Speed>0.746270</ns3:Speed>
							</ns3:TPX>
						</Extensions>
					</Trackpoint>
					<Trackpoint>
						<Time>2569-05-19T14:17:04Z</Time>
						<Position>
							<LatitudeDegrees>9.141394</LatitudeDegrees>
							<LongitudeDegrees>99.327175</LongitudeDegrees>
						</Position>
						<AltitudeMeters>41.870000</AltitudeMeters>
						<HeartRateBpm>
							<Value>108</Value>
						</HeartRateBpm>
						<Cadence>53</Cadence>
						<Extensions>
							<ns3:TPX>
								<ns3:Speed>0.759880</ns3:Speed>
							</ns3:TPX>
						</Extensions>
					</Trackpoint>
					<Trackpoint>
						<Time>2569-05-19T14:17:05Z</Time>
						<Position>
							<LatitudeDegrees>9.141406</LatitudeDegrees>
							<LongitudeDegrees>99.327172</LongitudeDegrees>
						</Position>
						<AltitudeMeters>41.860000</AltitudeMeters>
						<HeartRateBpm>
							<Value>108</Value>
						</HeartRateBpm>
						<Cadence>53</Cadence>
						<Extensions>
							<ns3:TPX>
								<ns3:Speed>0.772200</ns3:Speed>
							</ns3:TPX>
						</Extensions>
					</Trackpoint>
					<Trackpoint>
						<Time>2569-05-19T14:17:06Z</Time>
						<Position>
							<LatitudeDegrees>9.141418</LatitudeDegrees>
							<LongitudeDegrees>99.327166</LongitudeDegrees>
						</Position>
						<AltitudeMeters>41.850000</AltitudeMeters>
						<HeartRateBpm>
							<Value>109</Value>
						</HeartRateBpm>
						<Cadence>53</Cadence>
						<Extensions>
							<ns3:TPX>
								<ns3:Speed>0.784310</ns3:Speed>
							</ns3:TPX>
						</Extensions>
					</Trackpoint>
					<Trackpoint>
						<Time>2569-05-19T14:17:08Z</Time>
						<Position>
							<LatitudeDegrees>9.141440</LatitudeDegrees>
							<LongitudeDegrees>99.327153</LongitudeDegrees>
						</Position>
						<AltitudeMeters>41.830000</AltitudeMeters>
						<HeartRateBpm>
							<Value>110</Value>
						</HeartRateBpm>
						<Cadence>53</Cadence>
						<Extensions>
							<ns3:TPX>
								<ns3:Speed>0.980390</ns3:Speed>
							</ns3:TPX>
						</Extensions>
					</Trackpoint>
					<Trackpoint>
						<Time>2569-05-19T14:17:08Z</Time>
						<Position>
							<LatitudeDegrees>9.141440</LatitudeDegrees>
							<LongitudeDegrees>99.327153</LongitudeDegrees>
						</Position>
						<AltitudeMeters>41.830000</AltitudeMeters>
						<HeartRateBpm>
							<Value>110</Value>
						</HeartRateBpm>
						<Cadence>53</Cadence>
						<Extensions>
							<ns3:TPX>
								<ns3:Speed>0.980390</ns3:Speed>
							</ns3:TPX>
						</Extensions>
					</Trackpoint>
					<Trackpoint>
						<Time>2569-05-19T14:17:09Z</Time>
						<Position>
							<LatitudeDegrees>9.141450</LatitudeDegrees>
							<LongitudeDegrees>99.327148</LongitudeDegrees>
						</Position>
						<AltitudeMeters>41.810000</AltitudeMeters>
						<HeartRateBpm>
							<Value>111</Value>
						</HeartRateBpm>
						<Cadence>53</Cadence>
						<Extensions>
							<ns3:TPX>
								<ns3:Speed>1.172330</ns3:Speed>
							</ns3:TPX>
						</Extensions>
					</Trackpoint>
					<Trackpoint>
						<Time>2569-05-19T14:17:11Z</Time>
						<Position>
							<LatitudeDegrees>9.141473</LatitudeDegrees>
							<LongitudeDegrees>99.327138</LongitudeDegrees>
						</Position>
						<AltitudeMeters>41.790000</AltitudeMeters>
						<HeartRateBpm>
							<Value>111</Value>
						</HeartRateBpm>
						<Cadence>54</Cadence>
						<Extensions>
							<ns3:TPX>
								<ns3:Speed>1.020410</ns3:Speed>
							</ns3:TPX>
						</Extensions>
					</Trackpoint>
					<Trackpoint>
						<Time>2569-05-19T14:17:11Z</Time>
						<Position>
							<LatitudeDegrees>9.141473</LatitudeDegrees>
							<LongitudeDegrees>99.327138</LongitudeDegrees>
						</Position>
						<AltitudeMeters>41.790000</AltitudeMeters>
						<HeartRateBpm>
							<Value>111</Value>
						</HeartRateBpm>
						<Cadence>54</Cadence>
						<Extensions>
							<ns3:TPX>
								<ns3:Speed>1.020410</ns3:Speed>
							</ns3:TPX>
						</Extensions>
					</Trackpoint>
					<Trackpoint>
						<Time>2569-05-19T14:17:13Z</Time>
						<Position>
							<LatitudeDegrees>9.141496</LatitudeDegrees>
							<LongitudeDegrees>99.327125</LongitudeDegrees>
						</Position>
						<AltitudeMeters>41.770000</AltitudeMeters>
						<HeartRateBpm>
							<Value>110</Value>
						</HeartRateBpm>
						<Cadence>55</Cadence>
						<Extensions>
							<ns3:TPX>
								<ns3:Speed>1.022490</ns3:Speed>
							</ns3:TPX>
						</Extensions>
					</Trackpoint>
					<Trackpoint>
						<Time>2569-05-19T14:17:13Z</Time>
						<Position>
							<LatitudeDegrees>9.141496</LatitudeDegrees>
							<LongitudeDegrees>99.327125</LongitudeDegrees>
						</Position>
						<AltitudeMeters>41.770000</AltitudeMeters>
						<HeartRateBpm>
							<Value>110</Value>
						</HeartRateBpm>
						<Cadence>55</Cadence>
						<Extensions>
							<ns3:TPX>
								<ns3:Speed>1.022490</ns3:Speed>
							</ns3:TPX>
						</Extensions>
					</Trackpoint>
					<Trackpoint>
						<Time>2569-05-19T14:17:14Z</Time>
						<Position>
							<LatitudeDegrees>9.141507</LatitudeDegrees>
							<LongitudeDegrees>99.327116</LongitudeDegrees>
						</Position>
						<AltitudeMeters>41.740000</AltitudeMeters>
						<HeartRateBpm>
							<Value>110</Value>
						</HeartRateBpm>
						<Cadence>55</Cadence>
						<Extensions>
							<ns3:TPX>
								<ns3:Speed>1.020410</ns3:Speed>
							</ns3:TPX>
						</Extensions>
					</Trackpoint>
					<Trackpoint>
						<Time>2569-05-19T14:17:15Z</Time>
						<Position>
							<LatitudeDegrees>9.141518</LatitudeDegrees>
							<LongitudeDegrees>99.327105</LongitudeDegrees>
						</Position>
						<AltitudeMeters>41.740000</AltitudeMeters>
						<HeartRateBpm>
							<Value>110</Value>
						</HeartRateBpm>
						<Cadence>55</Cadence>
						<Extensions>
							<ns3:TPX>
								<ns3:Speed>1.021450</ns3:Speed>
							</ns3:TPX>
						</Extensions>
					</Trackpoint>
					<Trackpoint>
						<Time>2569-05-19T14:17:16Z</Time>
						<Position>
							<LatitudeDegrees>9.141528</LatitudeDegrees>
							<LongitudeDegrees>99.327095</LongitudeDegrees>
						</Position>
						<AltitudeMeters>41.730000</AltitudeMeters>
						<HeartRateBpm>
							<Value>110</Value>
						</HeartRateBpm>
						<Cadence>54</Cadence>
						<Extensions>
							<ns3:TPX>
								<ns3:Speed>1.034130</ns3:Speed>
							</ns3:TPX>
						</Extensions>
					</Trackpoint>
					<Trackpoint>
						<Time>2569-05-19T14:17:17Z</Time>
						<Position>
							<LatitudeDegrees>9.141538</LatitudeDegrees>
							<LongitudeDegrees>99.327086</LongitudeDegrees>
						</Position>
						<AltitudeMeters>41.710000</AltitudeMeters>
						<HeartRateBpm>
							<Value>110</Value>
						</HeartRateBpm>
						<Cadence>54</Cadence>
						<Extensions>
							<ns3:TPX>
								<ns3:Speed>1.049320</ns3:Speed>
							</ns3:TPX>
						</Extensions>
					</Trackpoint>
					<Trackpoint>
						<Time>2569-05-19T14:17:18Z</Time>
						<Position>
							<LatitudeDegrees>9.141546</LatitudeDegrees>
							<LongitudeDegrees>99.327077</LongitudeDegrees>
						</Position>
						<AltitudeMeters>41.710000</AltitudeMeters>
						<HeartRateBpm>
							<Value>110</Value>
						</HeartRateBpm>
						<Cadence>54</Cadence>
						<Extensions>
							<ns3:TPX>
								<ns3:Speed>1.066100</ns3:Speed>
							</ns3:TPX>
						</Extensions>
					</Trackpoint>
					<Trackpoint>
						<Time>2569-05-19T14:17:19Z</Time>
						<Position>
							<LatitudeDegrees>9.141554</LatitudeDegrees>
							<LongitudeDegrees>99.327065</LongitudeDegrees>
						</Position>
						<AltitudeMeters>41.700000</AltitudeMeters>
						<HeartRateBpm>
							<Value>110</Value>
						</HeartRateBpm>
						<Cadence>53</Cadence>
						<Extensions>
							<ns3:TPX>
								<ns3:Speed>1.077590</ns3:Speed>
							</ns3:TPX>
						</Extensions>
					</Trackpoint>
					<Trackpoint>
						<Time>2569-05-19T14:17:20Z</Time>
						<Position>
							<LatitudeDegrees>9.141564</LatitudeDegrees>
							<LongitudeDegrees>99.327057</LongitudeDegrees>
						</Position>
						<AltitudeMeters>41.680000</AltitudeMeters>
						<HeartRateBpm>
							<Value>107</Value>
						</HeartRateBpm>
						<Cadence>53</Cadence>
						<Extensions>
							<ns3:TPX>
								<ns3:Speed>1.077590</ns3:Speed>
							</ns3:TPX>
						</Extensions>
					</Trackpoint>
					<Trackpoint>
						<Time>2569-05-19T14:17:21Z</Time>
						<Position>
							<LatitudeDegrees>9.141574</LatitudeDegrees>
							<LongitudeDegrees>99.327049</LongitudeDegrees>
						</Position>
						<AltitudeMeters>41.680000</AltitudeMeters>
						<HeartRateBpm>
							<Value>106</Value>
						</HeartRateBpm>
						<Cadence>53</Cadence>
						<Extensions>
							<ns3:TPX>
								<ns3:Speed>1.077590</ns3:Speed>
							</ns3:TPX>
						</Extensions>
					</Trackpoint>
					<Trackpoint>
						<Time>2569-05-19T14:17:22Z</Time>
						<Position>
							<LatitudeDegrees>9.141584</LatitudeDegrees>
							<LongitudeDegrees>99.327041</LongitudeDegrees>
						</Position>
						<AltitudeMeters>41.660000</AltitudeMeters>
						<HeartRateBpm>
							<Value>105</Value>
						</HeartRateBpm>
						<Cadence>53</Cadence>
						<Extensions>
							<ns3:TPX>
								<ns3:Speed>1.072960</ns3:Speed>
							</ns3:TPX>
						</Extensions>
					</Trackpoint>
					<Trackpoint>
						<Time>2569-05-19T14:17:23Z</Time>
						<Position>
							<LatitudeDegrees>9.141595</LatitudeDegrees>
							<LongitudeDegrees>99.327033</LongitudeDegrees>
						</Position>
						<AltitudeMeters>41.660000</AltitudeMeters>
						<HeartRateBpm>
							<Value>105</Value>
						</HeartRateBpm>
						<Cadence>54</Cadence>
						<Extensions>
							<ns3:TPX>
								<ns3:Speed>1.068380</ns3:Speed>
							</ns3:TPX>
						</Extensions>
					</Trackpoint>
					<Trackpoint>
						<Time>2569-05-19T14:17:24Z</Time>
						<Position>
							<LatitudeDegrees>9.141605</LatitudeDegrees>
							<LongitudeDegrees>99.327024</LongitudeDegrees>
						</Position>
						<AltitudeMeters>41.640000</AltitudeMeters>
						<HeartRateBpm>
							<Value>105</Value>
						</HeartRateBpm>
						<Cadence>54</Cadence>
						<Extensions>
							<ns3:TPX>
								<ns3:Speed>1.063830</ns3:Speed>
							</ns3:TPX>
						</Extensions>
					</Trackpoint>
					<Trackpoint>
						<Time>2569-05-19T14:17:26Z</Time>
						<Position>
							<LatitudeDegrees>9.141627</LatitudeDegrees>
							<LongitudeDegrees>99.327010</LongitudeDegrees>
						</Position>
						<AltitudeMeters>41.620000</AltitudeMeters>
						<HeartRateBpm>
							<Value>105</Value>
						</HeartRateBpm>
						<Cadence>54</Cadence>
						<Extensions>
							<ns3:TPX>
								<ns3:Speed>1.060450</ns3:Speed>
							</ns3:TPX>
						</Extensions>
					</Trackpoint>
					<Trackpoint>
						<Time>2569-05-19T14:17:26Z</Time>
						<Position>
							<LatitudeDegrees>9.141627</LatitudeDegrees>
							<LongitudeDegrees>99.327010</LongitudeDegrees>
						</Position>
						<AltitudeMeters>41.620000</AltitudeMeters>
						<HeartRateBpm>
							<Value>105</Value>
						</HeartRateBpm>
						<Cadence>54</Cadence>
						<Extensions>
							<ns3:TPX>
								<ns3:Speed>1.060450</ns3:Speed>
							</ns3:TPX>
						</Extensions>
					</Trackpoint>
					<Trackpoint>
						<Time>2569-05-19T14:17:27Z</Time>
						<Position>
							<LatitudeDegrees>9.141637</LatitudeDegrees>
							<LongitudeDegrees>99.327003</LongitudeDegrees>
						</Position>
						<AltitudeMeters>41.600000</AltitudeMeters>
						<HeartRateBpm>
							<Value>105</Value>
						</HeartRateBpm>
						<Cadence>54</Cadence>
						<Extensions>
							<ns3:TPX>
								<ns3:Speed>1.060450</ns3:Speed>
							</ns3:TPX>
						</Extensions>
					</Trackpoint>
					<Trackpoint>
						<Time>2569-05-19T14:17:28Z</Time>
						<Position>
							<LatitudeDegrees>9.141647</LatitudeDegrees>
							<LongitudeDegrees>99.326994</LongitudeDegrees>
						</Position>
						<AltitudeMeters>41.590000</AltitudeMeters>
						<HeartRateBpm>
							<Value>106</Value>
						</HeartRateBpm>
						<Cadence>54</Cadence>
						<Extensions>
							<ns3:TPX>
								<ns3:Speed>1.059320</ns3:Speed>
							</ns3:TPX>
						</Extensions>
					</Trackpoint>
					<Trackpoint>
						<Time>2569-05-19T14:17:29Z</Time>
						<Position>
							<LatitudeDegrees>9.141658</LatitudeDegrees>
							<LongitudeDegrees>99.326985</LongitudeDegrees>
						</Position>
						<AltitudeMeters>41.570000</AltitudeMeters>
						<HeartRateBpm>
							<Value>107</Value>
						</HeartRateBpm>
						<Cadence>54</Cadence>
						<Extensions>
							<ns3:TPX>
								<ns3:Speed>1.068380</ns3:Speed>
							</ns3:TPX>
						</Extensions>
					</Trackpoint>
					<Trackpoint>
						<Time>2569-05-19T14:17:30Z</Time>
						<Position>
							<LatitudeDegrees>9.141667</LatitudeDegrees>
							<LongitudeDegrees>99.326974</LongitudeDegrees>
						</Position>
						<AltitudeMeters>41.560000</AltitudeMeters>
						<HeartRateBpm>
							<Value>108</Value>
						</HeartRateBpm>
						<Cadence>54</Cadence>
						<Extensions>
							<ns3:TPX>
								<ns3:Speed>1.082250</ns3:Speed>
							</ns3:TPX>
						</Extensions>
					</Trackpoint>
					<Trackpoint>
						<Time>2569-05-19T14:17:31Z</Time>
						<Position>
							<LatitudeDegrees>9.141677</LatitudeDegrees>
							<LongitudeDegrees>99.326964</LongitudeDegrees>
						</Position>
						<AltitudeMeters>41.560000</AltitudeMeters>
						<HeartRateBpm>
							<Value>110</Value>
						</HeartRateBpm>
						<Cadence>55</Cadence>
						<Extensions>
							<ns3:TPX>
								<ns3:Speed>1.088140</ns3:Speed>
							</ns3:TPX>
						</Extensions>
					</Trackpoint>
					<Trackpoint>
						<Time>2569-05-19T14:17:32Z</Time>
						<Position>
							<LatitudeDegrees>9.141688</LatitudeDegrees>
							<LongitudeDegrees>99.326954</LongitudeDegrees>
						</Position>
						<AltitudeMeters>41.550000</AltitudeMeters>
						<HeartRateBpm>
							<Value>110</Value>
						</HeartRateBpm>
						<Cadence>55</Cadence>
						<Extensions>
							<ns3:TPX>
								<ns3:Speed>1.097690</ns3:Speed>
							</ns3:TPX>
						</Extensions>
					</Trackpoint>
					<Trackpoint>
						<Time>2569-05-19T14:17:33Z</Time>
						<Position>
							<LatitudeDegrees>9.141698</LatitudeDegrees>
							<LongitudeDegrees>99.326944</LongitudeDegrees>
						</Position>
						<AltitudeMeters>41.550000</AltitudeMeters>
						<HeartRateBpm>
							<Value>111</Value>
						</HeartRateBpm>
						<Cadence>56</Cadence>
						<Extensions>
							<ns3:TPX>
								<ns3:Speed>1.108650</ns3:Speed>
							</ns3:TPX>
						</Extensions>
					</Trackpoint>
					<Trackpoint>
						<Time>2569-05-19T14:17:34Z</Time>
						<Position>
							<LatitudeDegrees>9.141708</LatitudeDegrees>
							<LongitudeDegrees>99.326936</LongitudeDegrees>
						</Position>
						<AltitudeMeters>41.550000</AltitudeMeters>
						<HeartRateBpm>
							<Value>111</Value>
						</HeartRateBpm>
						<Cadence>56</Cadence>
						<Extensions>
							<ns3:TPX>
								<ns3:Speed>1.114830</ns3:Speed>
							</ns3:TPX>
						</Extensions>
					</Trackpoint>
					<Trackpoint>
						<Time>2569-05-19T14:17:35Z</Time>
						<Position>
							<LatitudeDegrees>9.141719</LatitudeDegrees>
							<LongitudeDegrees>99.326930</LongitudeDegrees>
						</Position>
						<AltitudeMeters>41.550000</AltitudeMeters>
						<HeartRateBpm>
							<Value>110</Value>
						</HeartRateBpm>
						<Cadence>56</Cadence>
						<Extensions>
							<ns3:TPX>
								<ns3:Speed>1.118570</ns3:Speed>
							</ns3:TPX>
						</Extensions>
					</Trackpoint>
					<Trackpoint>
						<Time>2569-05-19T14:17:36Z</Time>
						<Position>
							<LatitudeDegrees>9.141728</LatitudeDegrees>
							<LongitudeDegrees>99.326924</LongitudeDegrees>
						</Position>
						<AltitudeMeters>41.550000</AltitudeMeters>
						<HeartRateBpm>
							<Value>111</Value>
						</HeartRateBpm>
						<Cadence>56</Cadence>
						<Extensions>
							<ns3:TPX>
								<ns3:Speed>1.118570</ns3:Speed>
							</ns3:TPX>
						</Extensions>
					</Trackpoint>
					<Trackpoint>
						<Time>2569-05-19T14:17:37Z</Time>
						<Position>
							<LatitudeDegrees>9.141738</LatitudeDegrees>
							<LongitudeDegrees>99.326919</LongitudeDegrees>
						</Position>
						<AltitudeMeters>41.550000</AltitudeMeters>
						<HeartRateBpm>
							<Value>110</Value>
						</HeartRateBpm>
						<Cadence>55</Cadence>
						<Extensions>
							<ns3:TPX>
								<ns3:Speed>1.117320</ns3:Speed>
							</ns3:TPX>
						</Extensions>
					</Trackpoint>
					<Trackpoint>
						<Time>2569-05-19T14:17:38Z</Time>
						<Position>
							<LatitudeDegrees>9.141748</LatitudeDegrees>
							<LongitudeDegrees>99.326912</LongitudeDegrees>
						</Position>
						<AltitudeMeters>41.550000</AltitudeMeters>
						<HeartRateBpm>
							<Value>109</Value>
						</HeartRateBpm>
						<Cadence>55</Cadence>
						<Extensions>
							<ns3:TPX>
								<ns3:Speed>1.112350</ns3:Speed>
							</ns3:TPX>
						</Extensions>
					</Trackpoint>
					<Trackpoint>
						<Time>2569-05-19T14:17:39Z</Time>
						<Position>
							<LatitudeDegrees>9.141756</LatitudeDegrees>
							<LongitudeDegrees>99.326906</LongitudeDegrees>
						</Position>
						<AltitudeMeters>41.550000</AltitudeMeters>
						<HeartRateBpm>
							<Value>109</Value>
						</HeartRateBpm>
						<Cadence>55</Cadence>
						<Extensions>
							<ns3:TPX>
								<ns3:Speed>1.170960</ns3:Speed>
							</ns3:TPX>
						</Extensions>
					</Trackpoint>
					<Trackpoint>
						<Time>2569-05-19T14:17:40Z</Time>
						<Position>
							<LatitudeDegrees>9.141763</LatitudeDegrees>
							<LongitudeDegrees>99.326900</LongitudeDegrees>
						</Position>
						<AltitudeMeters>41.550000</AltitudeMeters>
						<HeartRateBpm>
							<Value>109</Value>
						</HeartRateBpm>
						<Cadence>54</Cadence>
						<Extensions>
							<ns3:TPX>
								<ns3:Speed>1.218030</ns3:Speed>
							</ns3:TPX>
						</Extensions>
					</Trackpoint>
					<Trackpoint>
						<Time>2569-05-19T14:17:41Z</Time>
						<Position>
							<LatitudeDegrees>9.141769</LatitudeDegrees>
							<LongitudeDegrees>99.326892</LongitudeDegrees>
						</Position>
						<AltitudeMeters>41.550000</AltitudeMeters>
						<HeartRateBpm>
							<Value>109</Value>
						</HeartRateBpm>
						<Cadence>54</Cadence>
						<Extensions>
							<ns3:TPX>
								<ns3:Speed>1.201920</ns3:Speed>
							</ns3:TPX>
						</Extensions>
					</Trackpoint>
					<Trackpoint>
						<Time>2569-05-19T14:17:42Z</Time>
						<Position>
							<LatitudeDegrees>9.141774</LatitudeDegrees>
							<LongitudeDegrees>99.326884</LongitudeDegrees>
						</Position>
						<AltitudeMeters>41.550000</AltitudeMeters>
						<HeartRateBpm>
							<Value>109</Value>
						</HeartRateBpm>
						<Cadence>54</Cadence>
						<Extensions>
							<ns3:TPX>
								<ns3:Speed>1.199040</ns3:Speed>
							</ns3:TPX>
						</Extensions>
					</Trackpoint>
					<Trackpoint>
						<Time>2569-05-19T14:17:43Z</Time>
						<Position>
							<LatitudeDegrees>9.141778</LatitudeDegrees>
							<LongitudeDegrees>99.326878</LongitudeDegrees>
						</Position>
						<AltitudeMeters>41.550000</AltitudeMeters>
						<HeartRateBpm>
							<Value>108</Value>
						</HeartRateBpm>
						<Cadence>54</Cadence>
						<Extensions>
							<ns3:TPX>
								<ns3:Speed>1.193320</ns3:Speed>
							</ns3:TPX>
						</Extensions>
					</Trackpoint>
					<Trackpoint>
						<Time>2569-05-19T14:17:44Z</Time>
						<Position>
							<LatitudeDegrees>9.141784</LatitudeDegrees>
							<LongitudeDegrees>99.326870</LongitudeDegrees>
						</Position>
						<AltitudeMeters>41.550000</AltitudeMeters>
						<HeartRateBpm>
							<Value>108</Value>
						</HeartRateBpm>
						<Cadence>54</Cadence>
						<Extensions>
							<ns3:TPX>
								<ns3:Speed>1.186240</ns3:Speed>
							</ns3:TPX>
						</Extensions>
					</Trackpoint>
					<Trackpoint>
						<Time>2569-05-19T14:17:45Z</Time>
						<Position>
							<LatitudeDegrees>9.141790</LatitudeDegrees>
							<LongitudeDegrees>99.326861</LongitudeDegrees>
						</Position>
						<AltitudeMeters>41.540000</AltitudeMeters>
						<HeartRateBpm>
							<Value>109</Value>
						</HeartRateBpm>
						<Cadence>54</Cadence>
						<Extensions>
							<ns3:TPX>
								<ns3:Speed>1.176470</ns3:Speed>
							</ns3:TPX>
						</Extensions>
					</Trackpoint>
					<Trackpoint>
						<Time>2569-05-19T14:17:46Z</Time>
						<Position>
							<LatitudeDegrees>9.141797</LatitudeDegrees>
							<LongitudeDegrees>99.326854</LongitudeDegrees>
						</Position>
						<AltitudeMeters>41.530000</AltitudeMeters>
						<HeartRateBpm>
							<Value>108</Value>
						</HeartRateBpm>
						<Cadence>54</Cadence>
						<Extensions>
							<ns3:TPX>
								<ns3:Speed>1.166860</ns3:Speed>
							</ns3:TPX>
						</Extensions>
					</Trackpoint>
					<Trackpoint>
						<Time>2569-05-19T14:17:47Z</Time>
						<Position>
							<LatitudeDegrees>9.141802</LatitudeDegrees>
							<LongitudeDegrees>99.326846</LongitudeDegrees>
						</Position>
						<AltitudeMeters>41.530000</AltitudeMeters>
						<HeartRateBpm>
							<Value>108</Value>
						</HeartRateBpm>
						<Cadence>55</Cadence>
						<Extensions>
							<ns3:TPX>
								<ns3:Speed>1.157410</ns3:Speed>
							</ns3:TPX>
						</Extensions>
					</Trackpoint>
					<Trackpoint>
						<Time>2569-05-19T14:17:48Z</Time>
						<Position>
							<LatitudeDegrees>9.141805</LatitudeDegrees>
							<LongitudeDegrees>99.326837</LongitudeDegrees>
						</Position>
						<AltitudeMeters>41.520000</AltitudeMeters>
						<HeartRateBpm>
							<Value>107</Value>
						</HeartRateBpm>
						<Cadence>54</Cadence>
						<Extensions>
							<ns3:TPX>
								<ns3:Speed>1.148110</ns3:Speed>
							</ns3:TPX>
						</Extensions>
					</Trackpoint>
					<Trackpoint>
						<Time>2569-05-19T14:17:49Z</Time>
						<Position>
							<LatitudeDegrees>9.141810</LatitudeDegrees>
							<LongitudeDegrees>99.326828</LongitudeDegrees>
						</Position>
						<AltitudeMeters>41.510000</AltitudeMeters>
						<HeartRateBpm>
							<Value>107</Value>
						</HeartRateBpm>
						<Cadence>54</Cadence>
						<Extensions>
							<ns3:TPX>
								<ns3:Speed>1.138950</ns3:Speed>
							</ns3:TPX>
						</Extensions>
					</Trackpoint>
					<Trackpoint>
						<Time>2569-05-19T14:17:50Z</Time>
						<Position>
							<LatitudeDegrees>9.141815</LatitudeDegrees>
							<LongitudeDegrees>99.326819</LongitudeDegrees>
						</Position>
						<AltitudeMeters>41.500000</AltitudeMeters>
						<HeartRateBpm>
							<Value>107</Value>
						</HeartRateBpm>
						<Cadence>54</Cadence>
						<Extensions>
							<ns3:TPX>
								<ns3:Speed>1.129940</ns3:Speed>
							</ns3:TPX>
						</Extensions>
					</Trackpoint>
					<Trackpoint>
						<Time>2569-05-19T14:17:51Z</Time>
						<Position>
							<LatitudeDegrees>9.141822</LatitudeDegrees>
							<LongitudeDegrees>99.326808</LongitudeDegrees>
						</Position>
						<AltitudeMeters>41.500000</AltitudeMeters>
						<HeartRateBpm>
							<Value>106</Value>
						</HeartRateBpm>
						<Cadence>54</Cadence>
						<Extensions>
							<ns3:TPX>
								<ns3:Speed>1.123600</ns3:Speed>
							</ns3:TPX>
						</Extensions>
					</Trackpoint>
					<Trackpoint>
						<Time>2569-05-19T14:17:52Z</Time>
						<Position>
							<LatitudeDegrees>9.141829</LatitudeDegrees>
							<LongitudeDegrees>99.326798</LongitudeDegrees>
						</Position>
						<AltitudeMeters>41.490000</AltitudeMeters>
						<HeartRateBpm>
							<Value>106</Value>
						</HeartRateBpm>
						<Cadence>54</Cadence>
						<Extensions>
							<ns3:TPX>
								<ns3:Speed>1.117320</ns3:Speed>
							</ns3:TPX>
						</Extensions>
					</Trackpoint>
					<Trackpoint>
						<Time>2569-05-19T14:17:53Z</Time>
						<Position>
							<LatitudeDegrees>9.141835</LatitudeDegrees>
							<LongitudeDegrees>99.326790</LongitudeDegrees>
						</Position>
						<AltitudeMeters>41.480000</AltitudeMeters>
						<HeartRateBpm>
							<Value>107</Value>
						</HeartRateBpm>
						<Cadence>55</Cadence>
						<Extensions>
							<ns3:TPX>
								<ns3:Speed>1.111110</ns3:Speed>
							</ns3:TPX>
						</Extensions>
					</Trackpoint>
					<Trackpoint>
						<Time>2569-05-19T14:17:54Z</Time>
						<Position>
							<LatitudeDegrees>9.141843</LatitudeDegrees>
							<LongitudeDegrees>99.326783</LongitudeDegrees>
						</Position>
						<AltitudeMeters>41.460000</AltitudeMeters>
						<HeartRateBpm>
							<Value>107</Value>
						</HeartRateBpm>
						<Cadence>54</Cadence>
						<Extensions>
							<ns3:TPX>
								<ns3:Speed>1.102540</ns3:Speed>
							</ns3:TPX>
						</Extensions>
					</Trackpoint>
					<Trackpoint>
						<Time>2569-05-19T14:17:55Z</Time>
						<Position>
							<LatitudeDegrees>9.141852</LatitudeDegrees>
							<LongitudeDegrees>99.326776</LongitudeDegrees>
						</Position>
						<AltitudeMeters>41.460000</AltitudeMeters>
						<HeartRateBpm>
							<Value>109</Value>
						</HeartRateBpm>
						<Cadence>54</Cadence>
						<Extensions>
							<ns3:TPX>
								<ns3:Speed>1.090510</ns3:Speed>
							</ns3:TPX>
						</Extensions>
					</Trackpoint>
					<Trackpoint>
						<Time>2569-05-19T14:17:56Z</Time>
						<Position>
							<LatitudeDegrees>9.141861</LatitudeDegrees>
							<LongitudeDegrees>99.326768</LongitudeDegrees>
						</Position>
						<AltitudeMeters>41.450000</AltitudeMeters>
						<HeartRateBpm>
							<Value>108</Value>
						</HeartRateBpm>
						<Cadence>54</Cadence>
						<Extensions>
							<ns3:TPX>
								<ns3:Speed>1.081080</ns3:Speed>
							</ns3:TPX>
						</Extensions>
					</Trackpoint>
					<Trackpoint>
						<Time>2569-05-19T14:17:57Z</Time>
						<Position>
							<LatitudeDegrees>9.141874</LatitudeDegrees>
							<LongitudeDegrees>99.326758</LongitudeDegrees>
						</Position>
						<AltitudeMeters>41.440000</AltitudeMeters>
						<HeartRateBpm>
							<Value>108</Value>
						</HeartRateBpm>
						<Cadence>54</Cadence>
						<Extensions>
							<ns3:TPX>
								<ns3:Speed>1.071810</ns3:Speed>
							</ns3:TPX>
						</Extensions>
					</Trackpoint>
					<Trackpoint>
						<Time>2569-05-19T14:17:59Z</Time>
						<Position>
							<LatitudeDegrees>9.141899</LatitudeDegrees>
							<LongitudeDegrees>99.326744</LongitudeDegrees>
						</Position>
						<AltitudeMeters>41.420000</AltitudeMeters>
						<HeartRateBpm>
							<Value>110</Value>
						</HeartRateBpm>
						<Cadence>54</Cadence>
						<Extensions>
							<ns3:TPX>
								<ns3:Speed>1.057080</ns3:Speed>
							</ns3:TPX>
						</Extensions>
					</Trackpoint>
					<Trackpoint>
						<Time>2569-05-19T14:17:59Z</Time>
						<Position>
							<LatitudeDegrees>9.141899</LatitudeDegrees>
							<LongitudeDegrees>99.326744</LongitudeDegrees>
						</Position>
						<AltitudeMeters>41.420000</AltitudeMeters>
						<HeartRateBpm>
							<Value>110</Value>
						</HeartRateBpm>
						<Cadence>54</Cadence>
						<Extensions>
							<ns3:TPX>
								<ns3:Speed>1.057080</ns3:Speed>
							</ns3:TPX>
						</Extensions>
					</Trackpoint>
					<Trackpoint>
						<Time>2569-05-19T14:18:00Z</Time>
						<Position>
							<LatitudeDegrees>9.141910</LatitudeDegrees>
							<LongitudeDegrees>99.326739</LongitudeDegrees>
						</Position>
						<AltitudeMeters>41.410000</AltitudeMeters>
						<HeartRateBpm>
							<Value>110</Value>
						</HeartRateBpm>
						<Cadence>53</Cadence>
						<Extensions>
							<ns3:TPX>
								<ns3:Speed>1.051520</ns3:Speed>
							</ns3:TPX>
						</Extensions>
					</Trackpoint>
					<Trackpoint>
						<Time>2569-05-19T14:18:01Z</Time>
						<Position>
							<LatitudeDegrees>9.141919</LatitudeDegrees>
							<LongitudeDegrees>99.326734</LongitudeDegrees>
						</Position>
						<AltitudeMeters>41.410000</AltitudeMeters>
						<HeartRateBpm>
							<Value>110</Value>
						</HeartRateBpm>
						<Cadence>53</Cadence>
						<Extensions>
							<ns3:TPX>
								<ns3:Speed>1.048220</ns3:Speed>
							</ns3:TPX>
						</Extensions>
					</Trackpoint>
					<Trackpoint>
						<Time>2569-05-19T14:18:02Z</Time>
						<Position>
							<LatitudeDegrees>9.141927</LatitudeDegrees>
							<LongitudeDegrees>99.326729</LongitudeDegrees>
						</Position>
						<AltitudeMeters>41.410000</AltitudeMeters>
						<HeartRateBpm>
							<Value>111</Value>
						</HeartRateBpm>
						<Cadence>53</Cadence>
						<Extensions>
							<ns3:TPX>
								<ns3:Speed>1.046030</ns3:Speed>
							</ns3:TPX>
						</Extensions>
					</Trackpoint>
					<Trackpoint>
						<Time>2569-05-19T14:18:03Z</Time>
						<Position>
							<LatitudeDegrees>9.141934</LatitudeDegrees>
							<LongitudeDegrees>99.326724</LongitudeDegrees>
						</Position>
						<AltitudeMeters>41.400000</AltitudeMeters>
						<HeartRateBpm>
							<Value>111</Value>
						</HeartRateBpm>
						<Cadence>53</Cadence>
						<Extensions>
							<ns3:TPX>
								<ns3:Speed>1.043840</ns3:Speed>
							</ns3:TPX>
						</Extensions>
					</Trackpoint>
					<Trackpoint>
						<Time>2569-05-19T14:18:04Z</Time>
						<Position>
							<LatitudeDegrees>9.141941</LatitudeDegrees>
							<LongitudeDegrees>99.326719</LongitudeDegrees>
						</Position>
						<AltitudeMeters>41.400000</AltitudeMeters>
						<HeartRateBpm>
							<Value>112</Value>
						</HeartRateBpm>
						<Cadence>53</Cadence>
						<Extensions>
							<ns3:TPX>
								<ns3:Speed>1.046030</ns3:Speed>
							</ns3:TPX>
						</Extensions>
					</Trackpoint>
					<Trackpoint>
						<Time>2569-05-19T14:18:05Z</Time>
						<Position>
							<LatitudeDegrees>9.141950</LatitudeDegrees>
							<LongitudeDegrees>99.326712</LongitudeDegrees>
						</Position>
						<AltitudeMeters>41.400000</AltitudeMeters>
						<HeartRateBpm>
							<Value>112</Value>
						</HeartRateBpm>
						<Cadence>53</Cadence>
						<Extensions>
							<ns3:TPX>
								<ns3:Speed>1.049320</ns3:Speed>
							</ns3:TPX>
						</Extensions>
					</Trackpoint>
					<Trackpoint>
						<Time>2569-05-19T14:18:07Z</Time>
						<Position>
							<LatitudeDegrees>9.141961</LatitudeDegrees>
							<LongitudeDegrees>99.326705</LongitudeDegrees>
						</Position>
						<AltitudeMeters>41.400000</AltitudeMeters>
						<HeartRateBpm>
							<Value>112</Value>
						</HeartRateBpm>
						<Cadence>53</Cadence>
						<Extensions>
							<ns3:TPX>
								<ns3:Speed>1.053740</ns3:Speed>
							</ns3:TPX>
						</Extensions>
					</Trackpoint>
					<Trackpoint>
						<Time>2569-05-19T14:18:08Z</Time>
						<Position>
							<LatitudeDegrees>9.141981</LatitudeDegrees>
							<LongitudeDegrees>99.326691</LongitudeDegrees>
						</Position>
						<AltitudeMeters>41.390000</AltitudeMeters>
						<HeartRateBpm>
							<Value>112</Value>
						</HeartRateBpm>
						<Cadence>54</Cadence>
						<Extensions>
							<ns3:TPX>
								<ns3:Speed>1.054850</ns3:Speed>
							</ns3:TPX>
						</Extensions>
					</Trackpoint>
					<Trackpoint>
						<Time>2569-05-19T14:18:08Z</Time>
						<Position>
							<LatitudeDegrees>9.141981</LatitudeDegrees>
							<LongitudeDegrees>99.326691</LongitudeDegrees>
						</Position>
						<AltitudeMeters>41.390000</AltitudeMeters>
						<HeartRateBpm>
							<Value>112</Value>
						</HeartRateBpm>
						<Cadence>54</Cadence>
						<Extensions>
							<ns3:TPX>
								<ns3:Speed>1.054850</ns3:Speed>
							</ns3:TPX>
						</Extensions>
					</Trackpoint>
					<Trackpoint>
						<Time>2569-05-19T14:18:09Z</Time>
						<Position>
							<LatitudeDegrees>9.141990</LatitudeDegrees>
							<LongitudeDegrees>99.326683</LongitudeDegrees>
						</Position>
						<AltitudeMeters>41.390000</AltitudeMeters>
						<HeartRateBpm>
							<Value>111</Value>
						</HeartRateBpm>
						<Cadence>54</Cadence>
						<Extensions>
							<ns3:TPX>
								<ns3:Speed>1.057080</ns3:Speed>
							</ns3:TPX>
						</Extensions>
					</Trackpoint>
					<Trackpoint>
						<Time>2569-05-19T14:18:11Z</Time>
						<Position>
							<LatitudeDegrees>9.142009</LatitudeDegrees>
							<LongitudeDegrees>99.326667</LongitudeDegrees>
						</Position>
						<AltitudeMeters>41.390000</AltitudeMeters>
						<HeartRateBpm>
							<Value>111</Value>
						</HeartRateBpm>
						<Cadence>54</Cadence>
						<Extensions>
							<ns3:TPX>
								<ns3:Speed>1.060450</ns3:Speed>
							</ns3:TPX>
						</Extensions>
					</Trackpoint>
					<Trackpoint>
						<Time>2569-05-19T14:18:11Z</Time>
						<Position>
							<LatitudeDegrees>9.142009</LatitudeDegrees>
							<LongitudeDegrees>99.326667</LongitudeDegrees>
						</Position>
						<AltitudeMeters>41.390000</AltitudeMeters>
						<HeartRateBpm>
							<Value>111</Value>
						</HeartRateBpm>
						<Cadence>54</Cadence>
						<Extensions>
							<ns3:TPX>
								<ns3:Speed>1.060450</ns3:Speed>
							</ns3:TPX>
						</Extensions>
					</Trackpoint>
					<Trackpoint>
						<Time>2569-05-19T14:18:13Z</Time>
						<Position>
							<LatitudeDegrees>9.142016</LatitudeDegrees>
							<LongitudeDegrees>99.326661</LongitudeDegrees>
						</Position>
						<AltitudeMeters>41.390000</AltitudeMeters>
						<HeartRateBpm>
							<Value>110</Value>
						</HeartRateBpm>
						<Cadence>55</Cadence>
						<Extensions>
							<ns3:TPX>
								<ns3:Speed>1.054850</ns3:Speed>
							</ns3:TPX>
						</Extensions>
					</Trackpoint>
					<Trackpoint>
						<Time>2569-05-19T14:18:14Z</Time>
						<Position>
							<LatitudeDegrees>9.142034</LatitudeDegrees>
							<LongitudeDegrees>99.326654</LongitudeDegrees>
						</Position>
						<AltitudeMeters>41.390000</AltitudeMeters>
						<HeartRateBpm>
							<Value>110</Value>
						</HeartRateBpm>
						<Cadence>54</Cadence>
						<Extensions>
							<ns3:TPX>
								<ns3:Speed>1.052630</ns3:Speed>
							</ns3:TPX>
						</Extensions>
					</Trackpoint>
					<Trackpoint>
						<Time>2569-05-19T14:18:14Z</Time>
						<Position>
							<LatitudeDegrees>9.142034</LatitudeDegrees>
							<LongitudeDegrees>99.326654</LongitudeDegrees>
						</Position>
						<AltitudeMeters>41.390000</AltitudeMeters>
						<HeartRateBpm>
							<Value>110</Value>
						</HeartRateBpm>
						<Cadence>54</Cadence>
						<Extensions>
							<ns3:TPX>
								<ns3:Speed>1.052630</ns3:Speed>
							</ns3:TPX>
						</Extensions>
					</Trackpoint>
					<Trackpoint>
						<Time>2569-05-19T14:18:15Z</Time>
						<Position>
							<LatitudeDegrees>9.142042</LatitudeDegrees>
							<LongitudeDegrees>99.326649</LongitudeDegrees>
						</Position>
						<AltitudeMeters>41.390000</AltitudeMeters>
						<HeartRateBpm>
							<Value>110</Value>
						</HeartRateBpm>
						<Cadence>54</Cadence>
						<Extensions>
							<ns3:TPX>
								<ns3:Speed>1.052630</ns3:Speed>
							</ns3:TPX>
						</Extensions>
					</Trackpoint>
					<Trackpoint>
						<Time>2569-05-19T14:18:16Z</Time>
						<Position>
							<LatitudeDegrees>9.142045</LatitudeDegrees>
							<LongitudeDegrees>99.326640</LongitudeDegrees>
						</Position>
						<AltitudeMeters>41.380000</AltitudeMeters>
						<HeartRateBpm>
							<Value>110</Value>
						</HeartRateBpm>
						<Cadence>53</Cadence>
						<Extensions>
							<ns3:TPX>
								<ns3:Speed>1.052630</ns3:Speed>
							</ns3:TPX>
						</Extensions>
					</Trackpoint>
					<Trackpoint>
						<Time>2569-05-19T14:18:17Z</Time>
						<Position>
							<LatitudeDegrees>9.142045</LatitudeDegrees>
							<LongitudeDegrees>99.326626</LongitudeDegrees>
						</Position>
						<AltitudeMeters>41.380000</AltitudeMeters>
						<HeartRateBpm>
							<Value>110</Value>
						</HeartRateBpm>
						<Cadence>53</Cadence>
						<Extensions>
							<ns3:TPX>
								<ns3:Speed>1.050420</ns3:Speed>
							</ns3:TPX>
						</Extensions>
					</Trackpoint>
					<Trackpoint>
						<Time>2569-05-19T14:18:18Z</Time>
						<Position>
							<LatitudeDegrees>9.142043</LatitudeDegrees>
							<LongitudeDegrees>99.326612</LongitudeDegrees>
						</Position>
						<AltitudeMeters>41.380000</AltitudeMeters>
						<HeartRateBpm>
							<Value>109</Value>
						</HeartRateBpm>
						<Cadence>52</Cadence>
						<Extensions>
							<ns3:TPX>
								<ns3:Speed>1.048220</ns3:Speed>
							</ns3:TPX>
						</Extensions>
					</Trackpoint>
					<Trackpoint>
						<Time>2569-05-19T14:18:20Z</Time>
						<Position>
							<LatitudeDegrees>9.142040</LatitudeDegrees>
							<LongitudeDegrees>99.326599</LongitudeDegrees>
						</Position>
						<AltitudeMeters>41.380000</AltitudeMeters>
						<HeartRateBpm>
							<Value>109</Value>
						</HeartRateBpm>
						<Cadence>51</Cadence>
						<Extensions>
							<ns3:TPX>
								<ns3:Speed>1.039500</ns3:Speed>
							</ns3:TPX>
						</Extensions>
					</Trackpoint>
					<Trackpoint>
						<Time>2569-05-19T14:18:21Z</Time>
						<Position>
							<LatitudeDegrees>9.142036</LatitudeDegrees>
							<LongitudeDegrees>99.326586</LongitudeDegrees>
						</Position>
						<AltitudeMeters>41.380000</AltitudeMeters>
						<HeartRateBpm>
							<Value>109</Value>
						</HeartRateBpm>
						<Cadence>51</Cadence>
						<Extensions>
							<ns3:TPX>
								<ns3:Speed>1.030930</ns3:Speed>
							</ns3:TPX>
						</Extensions>
					</Trackpoint>
					<Trackpoint>
						<Time>2569-05-19T14:18:22Z</Time>
						<Position>
							<LatitudeDegrees>9.142033</LatitudeDegrees>
							<LongitudeDegrees>99.326574</LongitudeDegrees>
						</Position>
						<AltitudeMeters>41.380000</AltitudeMeters>
						<HeartRateBpm>
							<Value>109</Value>
						</HeartRateBpm>
						<Cadence>52</Cadence>
						<Extensions>
							<ns3:TPX>
								<ns3:Speed>1.020410</ns3:Speed>
							</ns3:TPX>
						</Extensions>
					</Trackpoint>
					<Trackpoint>
						<Time>2569-05-19T14:18:23Z</Time>
						<Position>
							<LatitudeDegrees>9.142039</LatitudeDegrees>
							<LongitudeDegrees>99.326558</LongitudeDegrees>
						</Position>
						<AltitudeMeters>41.380000</AltitudeMeters>
						<HeartRateBpm>
							<Value>109</Value>
						</HeartRateBpm>
						<Cadence>52</Cadence>
						<Extensions>
							<ns3:TPX>
								<ns3:Speed>1.011120</ns3:Speed>
							</ns3:TPX>
						</Extensions>
					</Trackpoint>
					<Trackpoint>
						<Time>2569-05-19T14:18:24Z</Time>
						<Position>
							<LatitudeDegrees>9.142049</LatitudeDegrees>
							<LongitudeDegrees>99.326541</LongitudeDegrees>
						</Position>
						<AltitudeMeters>41.390000</AltitudeMeters>
						<HeartRateBpm>
							<Value>109</Value>
						</HeartRateBpm>
						<Cadence>52</Cadence>
						<Extensions>
							<ns3:TPX>
								<ns3:Speed>1.001000</ns3:Speed>
							</ns3:TPX>
						</Extensions>
					</Trackpoint>
					<Trackpoint>
						<Time>2569-05-19T14:18:25Z</Time>
						<Position>
							<LatitudeDegrees>9.142057</LatitudeDegrees>
							<LongitudeDegrees>99.326526</LongitudeDegrees>
						</Position>
						<AltitudeMeters>41.390000</AltitudeMeters>
						<HeartRateBpm>
							<Value>110</Value>
						</HeartRateBpm>
						<Cadence>52</Cadence>
						<Extensions>
							<ns3:TPX>
								<ns3:Speed>0.992060</ns3:Speed>
							</ns3:TPX>
						</Extensions>
					</Trackpoint>
					<Trackpoint>
						<Time>2569-05-19T14:18:26Z</Time>
						<Position>
							<LatitudeDegrees>9.142062</LatitudeDegrees>
							<LongitudeDegrees>99.326512</LongitudeDegrees>
						</Position>
						<AltitudeMeters>41.420000</AltitudeMeters>
						<HeartRateBpm>
							<Value>110</Value>
						</HeartRateBpm>
						<Cadence>52</Cadence>
						<Extensions>
							<ns3:TPX>
								<ns3:Speed>0.984250</ns3:Speed>
							</ns3:TPX>
						</Extensions>
					</Trackpoint>
					<Trackpoint>
						<Time>2569-05-19T14:18:27Z</Time>
						<Position>
							<LatitudeDegrees>9.142066</LatitudeDegrees>
							<LongitudeDegrees>99.326500</LongitudeDegrees>
						</Position>
						<AltitudeMeters>41.420000</AltitudeMeters>
						<HeartRateBpm>
							<Value>111</Value>
						</HeartRateBpm>
						<Cadence>52</Cadence>
						<Extensions>
							<ns3:TPX>
								<ns3:Speed>0.978470</ns3:Speed>
							</ns3:TPX>
						</Extensions>
					</Trackpoint>
					<Trackpoint>
						<Time>2569-05-19T14:18:28Z</Time>
						<Position>
							<LatitudeDegrees>9.142070</LatitudeDegrees>
							<LongitudeDegrees>99.326491</LongitudeDegrees>
						</Position>
						<AltitudeMeters>41.430000</AltitudeMeters>
						<HeartRateBpm>
							<Value>111</Value>
						</HeartRateBpm>
						<Cadence>52</Cadence>
						<Extensions>
							<ns3:TPX>
								<ns3:Speed>0.972760</ns3:Speed>
							</ns3:TPX>
						</Extensions>
					</Trackpoint>
					<Trackpoint>
						<Time>2569-05-19T14:18:29Z</Time>
						<Position>
							<LatitudeDegrees>9.142073</LatitudeDegrees>
							<LongitudeDegrees>99.326482</LongitudeDegrees>
						</Position>
						<AltitudeMeters>41.440000</AltitudeMeters>
						<HeartRateBpm>
							<Value>112</Value>
						</HeartRateBpm>
						<Cadence>53</Cadence>
						<Extensions>
							<ns3:TPX>
								<ns3:Speed>0.968990</ns3:Speed>
							</ns3:TPX>
						</Extensions>
					</Trackpoint>
					<Trackpoint>
						<Time>2569-05-19T14:18:30Z</Time>
						<Position>
							<LatitudeDegrees>9.142075</LatitudeDegrees>
							<LongitudeDegrees>99.326472</LongitudeDegrees>
						</Position>
						<AltitudeMeters>41.450000</AltitudeMeters>
						<HeartRateBpm>
							<Value>111</Value>
						</HeartRateBpm>
						<Cadence>53</Cadence>
						<Extensions>
							<ns3:TPX>
								<ns3:Speed>0.966180</ns3:Speed>
							</ns3:TPX>
						</Extensions>
					</Trackpoint>
					<Trackpoint>
						<Time>2569-05-19T14:18:31Z</Time>
						<Position>
							<LatitudeDegrees>9.142078</LatitudeDegrees>
							<LongitudeDegrees>99.326461</LongitudeDegrees>
						</Position>
						<AltitudeMeters>41.460000</AltitudeMeters>
						<Cadence>53</Cadence>
						<Extensions>
							<ns3:TPX>
								<ns3:Speed>0.965250</ns3:Speed>
							</ns3:TPX>
						</Extensions>
					</Trackpoint>
					<Trackpoint>
						<Time>2569-05-19T14:18:32Z</Time>
						<Position>
							<LatitudeDegrees>9.142080</LatitudeDegrees>
							<LongitudeDegrees>99.326450</LongitudeDegrees>
						</Position>
						<AltitudeMeters>41.470000</AltitudeMeters>
						<HeartRateBpm>
							<Value>111</Value>
						</HeartRateBpm>
						<Cadence>52</Cadence>
						<Extensions>
							<ns3:TPX>
								<ns3:Speed>0.967120</ns3:Speed>
							</ns3:TPX>
						</Extensions>
					</Trackpoint>
					<Trackpoint>
						<Time>2569-05-19T14:18:33Z</Time>
						<Position>
							<LatitudeDegrees>9.142086</LatitudeDegrees>
							<LongitudeDegrees>99.326438</LongitudeDegrees>
						</Position>
						<AltitudeMeters>41.480000</AltitudeMeters>
						<HeartRateBpm>
							<Value>111</Value>
						</HeartRateBpm>
						<Cadence>52</Cadence>
						<Extensions>
							<ns3:TPX>
								<ns3:Speed>0.970870</ns3:Speed>
							</ns3:TPX>
						</Extensions>
					</Trackpoint>
					<Trackpoint>
						<Time>2569-05-19T14:18:34Z</Time>
						<Position>
							<LatitudeDegrees>9.142088</LatitudeDegrees>
							<LongitudeDegrees>99.326428</LongitudeDegrees>
						</Position>
						<AltitudeMeters>41.490000</AltitudeMeters>
						<Cadence>51</Cadence>
						<Extensions>
							<ns3:TPX>
								<ns3:Speed>0.974660</ns3:Speed>
							</ns3:TPX>
						</Extensions>
					</Trackpoint>
					<Trackpoint>
						<Time>2569-05-19T14:18:35Z</Time>
						<Position>
							<LatitudeDegrees>9.142091</LatitudeDegrees>
							<LongitudeDegrees>99.326419</LongitudeDegrees>
						</Position>
						<AltitudeMeters>41.500000</AltitudeMeters>
						<HeartRateBpm>
							<Value>111</Value>
						</HeartRateBpm>
						<Cadence>50</Cadence>
						<Extensions>
							<ns3:TPX>
								<ns3:Speed>0.977520</ns3:Speed>
							</ns3:TPX>
						</Extensions>
					</Trackpoint>
					<Trackpoint>
						<Time>2569-05-19T14:18:36Z</Time>
						<Position>
							<LatitudeDegrees>9.142091</LatitudeDegrees>
							<LongitudeDegrees>99.326407</LongitudeDegrees>
						</Position>
						<AltitudeMeters>41.530000</AltitudeMeters>
						<HeartRateBpm>
							<Value>111</Value>
						</HeartRateBpm>
						<Cadence>50</Cadence>
						<Extensions>
							<ns3:TPX>
								<ns3:Speed>0.981350</ns3:Speed>
							</ns3:TPX>
						</Extensions>
					</Trackpoint>
					<Trackpoint>
						<Time>2569-05-19T14:18:37Z</Time>
						<Position>
							<LatitudeDegrees>9.142092</LatitudeDegrees>
							<LongitudeDegrees>99.326397</LongitudeDegrees>
						</Position>
						<AltitudeMeters>41.550000</AltitudeMeters>
						<HeartRateBpm>
							<Value>111</Value>
						</HeartRateBpm>
						<Cadence>50</Cadence>
						<Extensions>
							<ns3:TPX>
								<ns3:Speed>0.985220</ns3:Speed>
							</ns3:TPX>
						</Extensions>
					</Trackpoint>
					<Trackpoint>
						<Time>2569-05-19T14:18:38Z</Time>
						<Position>
							<LatitudeDegrees>9.142090</LatitudeDegrees>
							<LongitudeDegrees>99.326392</LongitudeDegrees>
						</Position>
						<AltitudeMeters>41.610000</AltitudeMeters>
						<HeartRateBpm>
							<Value>112</Value>
						</HeartRateBpm>
						<Cadence>51</Cadence>
						<Extensions>
							<ns3:TPX>
								<ns3:Speed>0.988140</ns3:Speed>
							</ns3:TPX>
						</Extensions>
					</Trackpoint>
					<Trackpoint>
						<Time>2569-05-19T14:18:39Z</Time>
						<Position>
							<LatitudeDegrees>9.142086</LatitudeDegrees>
							<LongitudeDegrees>99.326385</LongitudeDegrees>
						</Position>
						<AltitudeMeters>41.650000</AltitudeMeters>
						<HeartRateBpm>
							<Value>112</Value>
						</HeartRateBpm>
						<Cadence>52</Cadence>
						<Extensions>
							<ns3:TPX>
								<ns3:Speed>0.990100</ns3:Speed>
							</ns3:TPX>
						</Extensions>
					</Trackpoint>
					<Trackpoint>
						<Time>2569-05-19T14:18:40Z</Time>
						<Position>
							<LatitudeDegrees>9.142080</LatitudeDegrees>
							<LongitudeDegrees>99.326377</LongitudeDegrees>
						</Position>
						<AltitudeMeters>41.820000</AltitudeMeters>
						<HeartRateBpm>
							<Value>113</Value>
						</HeartRateBpm>
						<Cadence>53</Cadence>
						<Extensions>
							<ns3:TPX>
								<ns3:Speed>0.991080</ns3:Speed>
							</ns3:TPX>
						</Extensions>
					</Trackpoint>
					<Trackpoint>
						<Time>2569-05-19T14:18:41Z</Time>
						<Position>
							<LatitudeDegrees>9.142078</LatitudeDegrees>
							<LongitudeDegrees>99.326368</LongitudeDegrees>
						</Position>
						<AltitudeMeters>42.060000</AltitudeMeters>
						<HeartRateBpm>
							<Value>113</Value>
						</HeartRateBpm>
						<Cadence>54</Cadence>
						<Extensions>
							<ns3:TPX>
								<ns3:Speed>0.991080</ns3:Speed>
							</ns3:TPX>
						</Extensions>
					</Trackpoint>
					<Trackpoint>
						<Time>2569-05-19T14:18:42Z</Time>
						<Position>
							<LatitudeDegrees>9.142076</LatitudeDegrees>
							<LongitudeDegrees>99.326358</LongitudeDegrees>
						</Position>
						<AltitudeMeters>43.150000</AltitudeMeters>
						<HeartRateBpm>
							<Value>113</Value>
						</HeartRateBpm>
						<Cadence>55</Cadence>
						<Extensions>
							<ns3:TPX>
								<ns3:Speed>0.989120</ns3:Speed>
							</ns3:TPX>
						</Extensions>
					</Trackpoint>
					<Trackpoint>
						<Time>2569-05-19T14:18:43Z</Time>
						<Position>
							<LatitudeDegrees>9.142074</LatitudeDegrees>
							<LongitudeDegrees>99.326349</LongitudeDegrees>
						</Position>
						<AltitudeMeters>43.530000</AltitudeMeters>
						<HeartRateBpm>
							<Value>112</Value>
						</HeartRateBpm>
						<Cadence>55</Cadence>
						<Extensions>
							<ns3:TPX>
								<ns3:Speed>0.987170</ns3:Speed>
							</ns3:TPX>
						</Extensions>
					</Trackpoint>
					<Trackpoint>
						<Time>2569-05-19T14:18:44Z</Time>
						<Position>
							<LatitudeDegrees>9.142073</LatitudeDegrees>
							<LongitudeDegrees>99.326340</LongitudeDegrees>
						</Position>
						<AltitudeMeters>43.820000</AltitudeMeters>
						<HeartRateBpm>
							<Value>111</Value>
						</HeartRateBpm>
						<Cadence>54</Cadence>
						<Extensions>
							<ns3:TPX>
								<ns3:Speed>0.984250</ns3:Speed>
							</ns3:TPX>
						</Extensions>
					</Trackpoint>
					<Trackpoint>
						<Time>2569-05-19T14:18:45Z</Time>
						<Position>
							<LatitudeDegrees>9.142070</LatitudeDegrees>
							<LongitudeDegrees>99.326329</LongitudeDegrees>
						</Position>
						<AltitudeMeters>44.080000</AltitudeMeters>
						<HeartRateBpm>
							<Value>111</Value>
						</HeartRateBpm>
						<Cadence>49</Cadence>
						<Extensions>
							<ns3:TPX>
								<ns3:Speed>0.979430</ns3:Speed>
							</ns3:TPX>
						</Extensions>
					</Trackpoint>
					<Trackpoint>
						<Time>2569-05-19T14:18:46Z</Time>
						<Position>
							<LatitudeDegrees>9.142064</LatitudeDegrees>
							<LongitudeDegrees>99.326318</LongitudeDegrees>
						</Position>
						<AltitudeMeters>44.130000</AltitudeMeters>
						<HeartRateBpm>
							<Value>111</Value>
						</HeartRateBpm>
						<Cadence>52</Cadence>
						<Extensions>
							<ns3:TPX>
								<ns3:Speed>0.973710</ns3:Speed>
							</ns3:TPX>
						</Extensions>
					</Trackpoint>
					<Trackpoint>
						<Time>2569-05-19T14:18:47Z</Time>
						<Position>
							<LatitudeDegrees>9.142058</LatitudeDegrees>
							<LongitudeDegrees>99.326309</LongitudeDegrees>
						</Position>
						<AltitudeMeters>44.200000</AltitudeMeters>
						<HeartRateBpm>
							<Value>111</Value>
						</HeartRateBpm>
						<Cadence>53</Cadence>
						<Extensions>
							<ns3:TPX>
								<ns3:Speed>0.968990</ns3:Speed>
							</ns3:TPX>
						</Extensions>
					</Trackpoint>
					<Trackpoint>
						<Time>2569-05-19T14:18:48Z</Time>
						<Position>
							<LatitudeDegrees>9.142051</LatitudeDegrees>
							<LongitudeDegrees>99.326300</LongitudeDegrees>
						</Position>
						<AltitudeMeters>44.280000</AltitudeMeters>
						<HeartRateBpm>
							<Value>110</Value>
						</HeartRateBpm>
						<Cadence>53</Cadence>
						<Extensions>
							<ns3:TPX>
								<ns3:Speed>0.966180</ns3:Speed>
							</ns3:TPX>
						</Extensions>
					</Trackpoint>
					<Trackpoint>
						<Time>2569-05-19T14:18:49Z</Time>
						<Position>
							<LatitudeDegrees>9.142045</LatitudeDegrees>
							<LongitudeDegrees>99.326293</LongitudeDegrees>
						</Position>
						<AltitudeMeters>44.390000</AltitudeMeters>
						<HeartRateBpm>
							<Value>110</Value>
						</HeartRateBpm>
						<Cadence>54</Cadence>
						<Extensions>
							<ns3:TPX>
								<ns3:Speed>0.965250</ns3:Speed>
							</ns3:TPX>
						</Extensions>
					</Trackpoint>
					<Trackpoint>
						<Time>2569-05-19T14:18:50Z</Time>
						<Position>
							<LatitudeDegrees>9.142040</LatitudeDegrees>
							<LongitudeDegrees>99.326287</LongitudeDegrees>
						</Position>
						<AltitudeMeters>44.470000</AltitudeMeters>
						<HeartRateBpm>
							<Value>109</Value>
						</HeartRateBpm>
						<Cadence>53</Cadence>
						<Extensions>
							<ns3:TPX>
								<ns3:Speed>0.968050</ns3:Speed>
							</ns3:TPX>
						</Extensions>
					</Trackpoint>
					<Trackpoint>
						<Time>2569-05-19T14:18:51Z</Time>
						<Position>
							<LatitudeDegrees>9.142034</LatitudeDegrees>
							<LongitudeDegrees>99.326283</LongitudeDegrees>
						</Position>
						<AltitudeMeters>44.510000</AltitudeMeters>
						<HeartRateBpm>
							<Value>109</Value>
						</HeartRateBpm>
						<Cadence>50</Cadence>
						<Extensions>
							<ns3:TPX>
								<ns3:Speed>0.969930</ns3:Speed>
							</ns3:TPX>
						</Extensions>
					</Trackpoint>
					<Trackpoint>
						<Time>2569-05-19T14:18:52Z</Time>
						<Position>
							<LatitudeDegrees>9.142028</LatitudeDegrees>
							<LongitudeDegrees>99.326280</LongitudeDegrees>
						</Position>
						<AltitudeMeters>44.630000</AltitudeMeters>
						<HeartRateBpm>
							<Value>108</Value>
						</HeartRateBpm>
						<Cadence>50</Cadence>
						<Extensions>
							<ns3:TPX>
								<ns3:Speed>0.971820</ns3:Speed>
							</ns3:TPX>
						</Extensions>
					</Trackpoint>
					<Trackpoint>
						<Time>2569-05-19T14:18:53Z</Time>
						<Position>
							<LatitudeDegrees>9.142023</LatitudeDegrees>
							<LongitudeDegrees>99.326278</LongitudeDegrees>
						</Position>
						<AltitudeMeters>44.750000</AltitudeMeters>
						<HeartRateBpm>
							<Value>109</Value>
						</HeartRateBpm>
						<Cadence>51</Cadence>
						<Extensions>
							<ns3:TPX>
								<ns3:Speed>0.970870</ns3:Speed>
							</ns3:TPX>
						</Extensions>
					</Trackpoint>
					<Trackpoint>
						<Time>2569-05-19T14:18:54Z</Time>
						<Position>
							<LatitudeDegrees>9.142019</LatitudeDegrees>
							<LongitudeDegrees>99.326277</LongitudeDegrees>
						</Position>
						<AltitudeMeters>44.790000</AltitudeMeters>
						<HeartRateBpm>
							<Value>110</Value>
						</HeartRateBpm>
						<Cadence>56</Cadence>
						<Extensions>
							<ns3:TPX>
								<ns3:Speed>0.968050</ns3:Speed>
							</ns3:TPX>
						</Extensions>
					</Trackpoint>
					<Trackpoint>
						<Time>2569-05-19T14:18:55Z</Time>
						<Position>
							<LatitudeDegrees>9.142018</LatitudeDegrees>
							<LongitudeDegrees>99.326271</LongitudeDegrees>
						</Position>
						<AltitudeMeters>44.880000</AltitudeMeters>
						<HeartRateBpm>
							<Value>111</Value>
						</HeartRateBpm>
						<Cadence>54</Cadence>
						<Extensions>
							<ns3:TPX>
								<ns3:Speed>0.961540</ns3:Speed>
							</ns3:TPX>
						</Extensions>
					</Trackpoint>
					<Trackpoint>
						<Time>2569-05-19T14:18:56Z</Time>
						<Position>
							<LatitudeDegrees>9.142016</LatitudeDegrees>
							<LongitudeDegrees>99.326266</LongitudeDegrees>
						</Position>
						<AltitudeMeters>44.960000</AltitudeMeters>
						<HeartRateBpm>
							<Value>111</Value>
						</HeartRateBpm>
						<Cadence>54</Cadence>
						<Extensions>
							<ns3:TPX>
								<ns3:Speed>0.953290</ns3:Speed>
							</ns3:TPX>
						</Extensions>
					</Trackpoint>
					<Trackpoint>
						<Time>2569-05-19T14:18:57Z</Time>
						<Position>
							<LatitudeDegrees>9.142015</LatitudeDegrees>
							<LongitudeDegrees>99.326261</LongitudeDegrees>
						</Position>
						<AltitudeMeters>45.000000</AltitudeMeters>
						<HeartRateBpm>
							<Value>112</Value>
						</HeartRateBpm>
						<Cadence>54</Cadence>
						<Extensions>
							<ns3:TPX>
								<ns3:Speed>0.943400</ns3:Speed>
							</ns3:TPX>
						</Extensions>
					</Trackpoint>
					<Trackpoint>
						<Time>2569-05-19T14:18:58Z</Time>
						<Position>
							<LatitudeDegrees>9.142014</LatitudeDegrees>
							<LongitudeDegrees>99.326259</LongitudeDegrees>
						</Position>
						<AltitudeMeters>45.030000</AltitudeMeters>
						<HeartRateBpm>
							<Value>113</Value>
						</HeartRateBpm>
						<Cadence>53</Cadence>
						<Extensions>
							<ns3:TPX>
								<ns3:Speed>0.931970</ns3:Speed>
							</ns3:TPX>
						</Extensions>
					</Trackpoint>
					<Trackpoint>
						<Time>2569-05-19T14:18:59Z</Time>
						<Position>
							<LatitudeDegrees>9.142014</LatitudeDegrees>
							<LongitudeDegrees>99.326257</LongitudeDegrees>
						</Position>
						<AltitudeMeters>45.070000</AltitudeMeters>
						<HeartRateBpm>
							<Value>115</Value>
						</HeartRateBpm>
						<Cadence>48</Cadence>
						<Extensions>
							<ns3:TPX>
								<ns3:Speed>0.920810</ns3:Speed>
							</ns3:TPX>
						</Extensions>
					</Trackpoint>
					<Trackpoint>
						<Time>2569-05-19T14:19:00Z</Time>
						<Position>
							<LatitudeDegrees>9.142013</LatitudeDegrees>
							<LongitudeDegrees>99.326255</LongitudeDegrees>
						</Position>
						<AltitudeMeters>45.150000</AltitudeMeters>
						<HeartRateBpm>
							<Value>115</Value>
						</HeartRateBpm>
						<Cadence>47</Cadence>
						<Extensions>
							<ns3:TPX>
								<ns3:Speed>0.908270</ns3:Speed>
							</ns3:TPX>
						</Extensions>
					</Trackpoint>
					<Trackpoint>
						<Time>2569-05-19T14:19:01Z</Time>
						<Position>
							<LatitudeDegrees>9.142012</LatitudeDegrees>
							<LongitudeDegrees>99.326254</LongitudeDegrees>
						</Position>
						<AltitudeMeters>45.170000</AltitudeMeters>
						<HeartRateBpm>
							<Value>116</Value>
						</HeartRateBpm>
						<Cadence>48</Cadence>
						<Extensions>
							<ns3:TPX>
								<ns3:Speed>0.893660</ns3:Speed>
							</ns3:TPX>
						</Extensions>
					</Trackpoint>
					<Trackpoint>
						<Time>2569-05-19T14:19:02Z</Time>
						<Position>
							<LatitudeDegrees>9.142010</LatitudeDegrees>
							<LongitudeDegrees>99.326253</LongitudeDegrees>
						</Position>
						<AltitudeMeters>45.170000</AltitudeMeters>
						<HeartRateBpm>
							<Value>117</Value>
						</HeartRateBpm>
					</Trackpoint>
					<Trackpoint>
						<Time>2569-05-19T14:19:03Z</Time>
						<Position>
							<LatitudeDegrees>9.142009</LatitudeDegrees>
							<LongitudeDegrees>99.326252</LongitudeDegrees>
						</Position>
						<AltitudeMeters>45.250000</AltitudeMeters>
						<HeartRateBpm>
							<Value>118</Value>
						</HeartRateBpm>
						<Cadence>39</Cadence>
						<Extensions>
							<ns3:TPX>
								<ns3:Speed>0.614250</ns3:Speed>
							</ns3:TPX>
						</Extensions>
					</Trackpoint>
					<Trackpoint>
						<Time>2569-05-19T14:19:04Z</Time>
						<Position>
							<LatitudeDegrees>9.142008</LatitudeDegrees>
							<LongitudeDegrees>99.326251</LongitudeDegrees>
						</Position>
						<AltitudeMeters>45.330000</AltitudeMeters>
						<HeartRateBpm>
							<Value>119</Value>
						</HeartRateBpm>
						<Cadence>37</Cadence>
						<Extensions>
							<ns3:TPX>
								<ns3:Speed>0.354230</ns3:Speed>
							</ns3:TPX>
						</Extensions>
					</Trackpoint>
					<Trackpoint>
						<Time>2569-05-19T14:19:05Z</Time>
						<Position>
							<LatitudeDegrees>9.142006</LatitudeDegrees>
							<LongitudeDegrees>99.326249</LongitudeDegrees>
						</Position>
						<AltitudeMeters>45.340000</AltitudeMeters>
						<HeartRateBpm>
							<Value>121</Value>
						</HeartRateBpm>
						<Cadence>39</Cadence>
						<Extensions>
							<ns3:TPX>
								<ns3:Speed>0.348190</ns3:Speed>
							</ns3:TPX>
						</Extensions>
					</Trackpoint>
					<Trackpoint>
						<Time>2569-05-19T14:19:06Z</Time>
						<Position>
							<LatitudeDegrees>9.142003</LatitudeDegrees>
							<LongitudeDegrees>99.326248</LongitudeDegrees>
						</Position>
						<AltitudeMeters>45.360000</AltitudeMeters>
						<HeartRateBpm>
							<Value>121</Value>
						</HeartRateBpm>
						<Cadence>41</Cadence>
						<Extensions>
							<ns3:TPX>
								<ns3:Speed>0.308640</ns3:Speed>
							</ns3:TPX>
						</Extensions>
					</Trackpoint>
					<Trackpoint>
						<Time>2569-05-19T14:19:07Z</Time>
						<Position>
							<LatitudeDegrees>9.142000</LatitudeDegrees>
							<LongitudeDegrees>99.326246</LongitudeDegrees>
						</Position>
						<AltitudeMeters>45.400000</AltitudeMeters>
						<HeartRateBpm>
							<Value>121</Value>
						</HeartRateBpm>
						<Cadence>42</Cadence>
						<Extensions>
							<ns3:TPX>
								<ns3:Speed>0.268170</ns3:Speed>
							</ns3:TPX>
						</Extensions>
					</Trackpoint>
					<Trackpoint>
						<Time>2569-05-19T14:19:08Z</Time>
						<Position>
							<LatitudeDegrees>9.141999</LatitudeDegrees>
							<LongitudeDegrees>99.326245</LongitudeDegrees>
						</Position>
						<AltitudeMeters>45.440000</AltitudeMeters>
						<HeartRateBpm>
							<Value>122</Value>
						</HeartRateBpm>
						<Cadence>42</Cadence>
						<Extensions>
							<ns3:TPX>
								<ns3:Speed>0.267240</ns3:Speed>
							</ns3:TPX>
						</Extensions>
					</Trackpoint>
					<Trackpoint>
						<Time>2569-05-19T14:19:09Z</Time>
						<Position>
							<LatitudeDegrees>9.141999</LatitudeDegrees>
							<LongitudeDegrees>99.326245</LongitudeDegrees>
						</Position>
						<AltitudeMeters>45.450000</AltitudeMeters>
						<HeartRateBpm>
							<Value>123</Value>
						</HeartRateBpm>
						<Cadence>42</Cadence>
						<Extensions>
							<ns3:TPX>
								<ns3:Speed>0.257600</ns3:Speed>
							</ns3:TPX>
						</Extensions>
					</Trackpoint>
					<Trackpoint>
						<Time>2569-05-19T14:19:10Z</Time>
						<Position>
							<LatitudeDegrees>9.141999</LatitudeDegrees>
							<LongitudeDegrees>99.326245</LongitudeDegrees>
						</Position>
						<AltitudeMeters>45.450000</AltitudeMeters>
						<HeartRateBpm>
							<Value>123</Value>
						</HeartRateBpm>
						<Cadence>42</Cadence>
						<Extensions>
							<ns3:TPX>
								<ns3:Speed>0.240270</ns3:Speed>
							</ns3:TPX>
						</Extensions>
					</Trackpoint>
					<Trackpoint>
						<Time>2569-05-19T14:19:11Z</Time>
						<Position>
							<LatitudeDegrees>9.142000</LatitudeDegrees>
							<LongitudeDegrees>99.326245</LongitudeDegrees>
						</Position>
						<AltitudeMeters>45.400000</AltitudeMeters>
						<HeartRateBpm>
							<Value>123</Value>
						</HeartRateBpm>
						<Cadence>42</Cadence>
						<Extensions>
							<ns3:TPX>
								<ns3:Speed>0.248390</ns3:Speed>
							</ns3:TPX>
						</Extensions>
					</Trackpoint>
					<Trackpoint>
						<Time>2569-05-19T14:19:12Z</Time>
						<Position>
							<LatitudeDegrees>9.142000</LatitudeDegrees>
							<LongitudeDegrees>99.326247</LongitudeDegrees>
						</Position>
						<AltitudeMeters>45.390000</AltitudeMeters>
						<HeartRateBpm>
							<Value>124</Value>
						</HeartRateBpm>
						<Cadence>43</Cadence>
						<Extensions>
							<ns3:TPX>
								<ns3:Speed>0.256410</ns3:Speed>
							</ns3:TPX>
						</Extensions>
					</Trackpoint>
					<Trackpoint>
						<Time>2569-05-19T14:19:13Z</Time>
						<Position>
							<LatitudeDegrees>9.142000</LatitudeDegrees>
							<LongitudeDegrees>99.326248</LongitudeDegrees>
						</Position>
						<AltitudeMeters>45.380000</AltitudeMeters>
						<HeartRateBpm>
							<Value>124</Value>
						</HeartRateBpm>
						<Cadence>44</Cadence>
						<Extensions>
							<ns3:TPX>
								<ns3:Speed>0.248690</ns3:Speed>
							</ns3:TPX>
						</Extensions>
					</Trackpoint>
					<Trackpoint>
						<Time>2569-05-19T14:19:14Z</Time>
						<Position>
							<LatitudeDegrees>9.141999</LatitudeDegrees>
							<LongitudeDegrees>99.326248</LongitudeDegrees>
						</Position>
						<AltitudeMeters>45.370000</AltitudeMeters>
						<HeartRateBpm>
							<Value>125</Value>
						</HeartRateBpm>
						<Cadence>45</Cadence>
						<Extensions>
							<ns3:TPX>
								<ns3:Speed>0.250380</ns3:Speed>
							</ns3:TPX>
						</Extensions>
					</Trackpoint>
					<Trackpoint>
						<Time>2569-05-19T14:19:15Z</Time>
						<Position>
							<LatitudeDegrees>9.142000</LatitudeDegrees>
							<LongitudeDegrees>99.326249</LongitudeDegrees>
						</Position>
						<AltitudeMeters>45.350000</AltitudeMeters>
						<HeartRateBpm>
							<Value>125</Value>
						</HeartRateBpm>
						<Cadence>46</Cadence>
						<Extensions>
							<ns3:TPX>
								<ns3:Speed>0.240960</ns3:Speed>
							</ns3:TPX>
						</Extensions>
					</Trackpoint>
					<Trackpoint>
						<Time>2569-05-19T14:19:16Z</Time>
						<Position>
							<LatitudeDegrees>9.142000</LatitudeDegrees>
							<LongitudeDegrees>99.326249</LongitudeDegrees>
						</Position>
						<AltitudeMeters>45.330000</AltitudeMeters>
						<HeartRateBpm>
							<Value>125</Value>
						</HeartRateBpm>
						<Cadence>47</Cadence>
						<Extensions>
							<ns3:TPX>
								<ns3:Speed>0.222970</ns3:Speed>
							</ns3:TPX>
						</Extensions>
					</Trackpoint>
					<Trackpoint>
						<Time>2569-05-19T14:19:17Z</Time>
						<Position>
							<LatitudeDegrees>9.142001</LatitudeDegrees>
							<LongitudeDegrees>99.326249</LongitudeDegrees>
						</Position>
						<AltitudeMeters>45.310000</AltitudeMeters>
						<HeartRateBpm>
							<Value>125</Value>
						</HeartRateBpm>
						<Cadence>48</Cadence>
						<Extensions>
							<ns3:TPX>
								<ns3:Speed>0.210930</ns3:Speed>
							</ns3:TPX>
						</Extensions>
					</Trackpoint>
					<Trackpoint>
						<Time>2569-05-19T14:19:18Z</Time>
						<Position>
							<LatitudeDegrees>9.142002</LatitudeDegrees>
							<LongitudeDegrees>99.326248</LongitudeDegrees>
						</Position>
						<AltitudeMeters>45.290000</AltitudeMeters>
						<HeartRateBpm>
							<Value>124</Value>
						</HeartRateBpm>
						<Cadence>49</Cadence>
						<Extensions>
							<ns3:TPX>
								<ns3:Speed>0.206650</ns3:Speed>
							</ns3:TPX>
						</Extensions>
					</Trackpoint>
					<Trackpoint>
						<Time>2569-05-19T14:19:19Z</Time>
						<Position>
							<LatitudeDegrees>9.142004</LatitudeDegrees>
							<LongitudeDegrees>99.326246</LongitudeDegrees>
						</Position>
						<AltitudeMeters>45.240000</AltitudeMeters>
						<HeartRateBpm>
							<Value>124</Value>
						</HeartRateBpm>
						<Cadence>50</Cadence>
						<Extensions>
							<ns3:TPX>
								<ns3:Speed>0.207510</ns3:Speed>
							</ns3:TPX>
						</Extensions>
					</Trackpoint>
					<Trackpoint>
						<Time>2569-05-19T14:19:20Z</Time>
						<Position>
							<LatitudeDegrees>9.142006</LatitudeDegrees>
							<LongitudeDegrees>99.326242</LongitudeDegrees>
						</Position>
						<AltitudeMeters>45.220000</AltitudeMeters>
						<HeartRateBpm>
							<Value>124</Value>
						</HeartRateBpm>
						<Cadence>51</Cadence>
						<Extensions>
							<ns3:TPX>
								<ns3:Speed>0.207510</ns3:Speed>
							</ns3:TPX>
						</Extensions>
					</Trackpoint>
					<Trackpoint>
						<Time>2569-05-19T14:19:21Z</Time>
						<Position>
							<LatitudeDegrees>9.142008</LatitudeDegrees>
							<LongitudeDegrees>99.326240</LongitudeDegrees>
						</Position>
						<AltitudeMeters>45.230000</AltitudeMeters>
						<HeartRateBpm>
							<Value>124</Value>
						</HeartRateBpm>
						<Cadence>52</Cadence>
						<Extensions>
							<ns3:TPX>
								<ns3:Speed>0.210700</ns3:Speed>
							</ns3:TPX>
						</Extensions>
					</Trackpoint>
					<Trackpoint>
						<Time>2569-05-19T14:19:22Z</Time>
						<Position>
							<LatitudeDegrees>9.142009</LatitudeDegrees>
							<LongitudeDegrees>99.326236</LongitudeDegrees>
						</Position>
						<AltitudeMeters>45.200000</AltitudeMeters>
						<HeartRateBpm>
							<Value>123</Value>
						</HeartRateBpm>
						<Cadence>52</Cadence>
						<Extensions>
							<ns3:TPX>
								<ns3:Speed>0.250820</ns3:Speed>
							</ns3:TPX>
						</Extensions>
					</Trackpoint>
					<Trackpoint>
						<Time>2569-05-19T14:19:23Z</Time>
						<Position>
							<LatitudeDegrees>9.142011</LatitudeDegrees>
							<LongitudeDegrees>99.326233</LongitudeDegrees>
						</Position>
						<AltitudeMeters>45.140000</AltitudeMeters>
						<HeartRateBpm>
							<Value>123</Value>
						</HeartRateBpm>
						<Cadence>52</Cadence>
						<Extensions>
							<ns3:TPX>
								<ns3:Speed>0.322480</ns3:Speed>
							</ns3:TPX>
						</Extensions>
					</Trackpoint>
					<Trackpoint>
						<Time>2569-05-19T14:19:24Z</Time>
						<Position>
							<LatitudeDegrees>9.142013</LatitudeDegrees>
							<LongitudeDegrees>99.326228</LongitudeDegrees>
						</Position>
						<AltitudeMeters>45.150000</AltitudeMeters>
						<HeartRateBpm>
							<Value>123</Value>
						</HeartRateBpm>
						<Cadence>52</Cadence>
						<Extensions>
							<ns3:TPX>
								<ns3:Speed>0.369000</ns3:Speed>
							</ns3:TPX>
						</Extensions>
					</Trackpoint>
					<Trackpoint>
						<Time>2569-05-19T14:19:25Z</Time>
						<Position>
							<LatitudeDegrees>9.142017</LatitudeDegrees>
							<LongitudeDegrees>99.326224</LongitudeDegrees>
						</Position>
						<AltitudeMeters>45.120000</AltitudeMeters>
						<HeartRateBpm>
							<Value>122</Value>
						</HeartRateBpm>
						<Cadence>52</Cadence>
						<Extensions>
							<ns3:TPX>
								<ns3:Speed>0.391700</ns3:Speed>
							</ns3:TPX>
						</Extensions>
					</Trackpoint>
					<Trackpoint>
						<Time>2569-05-19T14:19:26Z</Time>
						<Position>
							<LatitudeDegrees>9.142022</LatitudeDegrees>
							<LongitudeDegrees>99.326220</LongitudeDegrees>
						</Position>
						<AltitudeMeters>45.060000</AltitudeMeters>
						<HeartRateBpm>
							<Value>122</Value>
						</HeartRateBpm>
						<Cadence>52</Cadence>
						<Extensions>
							<ns3:TPX>
								<ns3:Speed>0.419820</ns3:Speed>
							</ns3:TPX>
						</Extensions>
					</Trackpoint>
					<Trackpoint>
						<Time>2569-05-19T14:19:27Z</Time>
						<Position>
							<LatitudeDegrees>9.142031</LatitudeDegrees>
							<LongitudeDegrees>99.326214</LongitudeDegrees>
						</Position>
						<AltitudeMeters>44.990000</AltitudeMeters>
						<HeartRateBpm>
							<Value>121</Value>
						</HeartRateBpm>
						<Cadence>52</Cadence>
						<Extensions>
							<ns3:TPX>
								<ns3:Speed>0.459980</ns3:Speed>
							</ns3:TPX>
						</Extensions>
					</Trackpoint>
					<Trackpoint>
						<Time>2569-05-19T14:19:28Z</Time>
						<Position>
							<LatitudeDegrees>9.142039</LatitudeDegrees>
							<LongitudeDegrees>99.326209</LongitudeDegrees>
						</Position>
						<AltitudeMeters>44.920000</AltitudeMeters>
						<HeartRateBpm>
							<Value>121</Value>
						</HeartRateBpm>
						<Cadence>53</Cadence>
						<Extensions>
							<ns3:TPX>
								<ns3:Speed>0.468820</ns3:Speed>
							</ns3:TPX>
						</Extensions>
					</Trackpoint>
					<Trackpoint>
						<Time>2569-05-19T14:19:29Z</Time>
						<Position>
							<LatitudeDegrees>9.142048</LatitudeDegrees>
							<LongitudeDegrees>99.326205</LongitudeDegrees>
						</Position>
						<AltitudeMeters>44.870000</AltitudeMeters>
						<HeartRateBpm>
							<Value>121</Value>
						</HeartRateBpm>
						<Cadence>53</Cadence>
						<Extensions>
							<ns3:TPX>
								<ns3:Speed>0.463180</ns3:Speed>
							</ns3:TPX>
						</Extensions>
					</Trackpoint>
					<Trackpoint>
						<Time>2569-05-19T14:19:30Z</Time>
						<Position>
							<LatitudeDegrees>9.142056</LatitudeDegrees>
							<LongitudeDegrees>99.326203</LongitudeDegrees>
						</Position>
						<AltitudeMeters>44.790000</AltitudeMeters>
						<HeartRateBpm>
							<Value>121</Value>
						</HeartRateBpm>
						<Cadence>53</Cadence>
						<Extensions>
							<ns3:TPX>
								<ns3:Speed>0.477780</ns3:Speed>
							</ns3:TPX>
						</Extensions>
					</Trackpoint>
					<Trackpoint>
						<Time>2569-05-19T14:19:31Z</Time>
						<Position>
							<LatitudeDegrees>9.142064</LatitudeDegrees>
							<LongitudeDegrees>99.326201</LongitudeDegrees>
						</Position>
						<AltitudeMeters>44.720000</AltitudeMeters>
						<HeartRateBpm>
							<Value>122</Value>
						</HeartRateBpm>
						<Cadence>53</Cadence>
						<Extensions>
							<ns3:TPX>
								<ns3:Speed>0.496520</ns3:Speed>
							</ns3:TPX>
						</Extensions>
					</Trackpoint>
					<Trackpoint>
						<Time>2569-05-19T14:19:32Z</Time>
						<Position>
							<LatitudeDegrees>9.142072</LatitudeDegrees>
							<LongitudeDegrees>99.326200</LongitudeDegrees>
						</Position>
						<AltitudeMeters>44.660000</AltitudeMeters>
						<HeartRateBpm>
							<Value>124</Value>
						</HeartRateBpm>
						<Cadence>60</Cadence>
						<Extensions>
							<ns3:TPX>
								<ns3:Speed>0.518940</ns3:Speed>
							</ns3:TPX>
						</Extensions>
					</Trackpoint>
					<Trackpoint>
						<Time>2569-05-19T14:19:33Z</Time>
						<Position>
							<LatitudeDegrees>9.142082</LatitudeDegrees>
							<LongitudeDegrees>99.326197</LongitudeDegrees>
						</Position>
						<AltitudeMeters>44.600000</AltitudeMeters>
						<HeartRateBpm>
							<Value>124</Value>
						</HeartRateBpm>
						<Cadence>60</Cadence>
						<Extensions>
							<ns3:TPX>
								<ns3:Speed>0.514670</ns3:Speed>
							</ns3:TPX>
						</Extensions>
					</Trackpoint>
					<Trackpoint>
						<Time>2569-05-19T14:19:34Z</Time>
						<Position>
							<LatitudeDegrees>9.142092</LatitudeDegrees>
							<LongitudeDegrees>99.326197</LongitudeDegrees>
						</Position>
						<AltitudeMeters>44.540000</AltitudeMeters>
						<HeartRateBpm>
							<Value>124</Value>
						</HeartRateBpm>
						<Cadence>60</Cadence>
						<Extensions>
							<ns3:TPX>
								<ns3:Speed>0.500750</ns3:Speed>
							</ns3:TPX>
						</Extensions>
					</Trackpoint>
					<Trackpoint>
						<Time>2569-05-19T14:19:35Z</Time>
						<Position>
							<LatitudeDegrees>9.142102</LatitudeDegrees>
							<LongitudeDegrees>99.326198</LongitudeDegrees>
						</Position>
						<AltitudeMeters>44.480000</AltitudeMeters>
						<HeartRateBpm>
							<Value>124</Value>
						</HeartRateBpm>
						<Cadence>60</Cadence>
						<Extensions>
							<ns3:TPX>
								<ns3:Speed>0.534190</ns3:Speed>
							</ns3:TPX>
						</Extensions>
					</Trackpoint>
					<Trackpoint>
						<Time>2569-05-19T14:19:36Z</Time>
						<Position>
							<LatitudeDegrees>9.142111</LatitudeDegrees>
							<LongitudeDegrees>99.326203</LongitudeDegrees>
						</Position>
						<AltitudeMeters>44.430000</AltitudeMeters>
						<HeartRateBpm>
							<Value>124</Value>
						</HeartRateBpm>
						<Cadence>59</Cadence>
						<Extensions>
							<ns3:TPX>
								<ns3:Speed>0.602770</ns3:Speed>
							</ns3:TPX>
						</Extensions>
					</Trackpoint>
					<Trackpoint>
						<Time>2569-05-19T14:19:37Z</Time>
						<Position>
							<LatitudeDegrees>9.142120</LatitudeDegrees>
							<LongitudeDegrees>99.326210</LongitudeDegrees>
						</Position>
						<AltitudeMeters>44.430000</AltitudeMeters>
						<HeartRateBpm>
							<Value>124</Value>
						</HeartRateBpm>
						<Cadence>59</Cadence>
						<Extensions>
							<ns3:TPX>
								<ns3:Speed>0.645990</ns3:Speed>
							</ns3:TPX>
						</Extensions>
					</Trackpoint>
					<Trackpoint>
						<Time>2569-05-19T14:19:38Z</Time>
						<Position>
							<LatitudeDegrees>9.142128</LatitudeDegrees>
							<LongitudeDegrees>99.326215</LongitudeDegrees>
						</Position>
						<AltitudeMeters>44.390000</AltitudeMeters>
						<HeartRateBpm>
							<Value>126</Value>
						</HeartRateBpm>
						<Cadence>59</Cadence>
						<Extensions>
							<ns3:TPX>
								<ns3:Speed>0.678430</ns3:Speed>
							</ns3:TPX>
						</Extensions>
					</Trackpoint>
					<Trackpoint>
						<Time>2569-05-19T14:19:39Z</Time>
						<Position>
							<LatitudeDegrees>9.142136</LatitudeDegrees>
							<LongitudeDegrees>99.326222</LongitudeDegrees>
						</Position>
						<AltitudeMeters>44.140000</AltitudeMeters>
						<Cadence>58</Cadence>
						<Extensions>
							<ns3:TPX>
								<ns3:Speed>0.711240</ns3:Speed>
							</ns3:TPX>
						</Extensions>
					</Trackpoint>
					<Trackpoint>
						<Time>2569-05-19T14:19:40Z</Time>
						<Position>
							<LatitudeDegrees>9.142144</LatitudeDegrees>
							<LongitudeDegrees>99.326228</LongitudeDegrees>
						</Position>
						<AltitudeMeters>43.910000</AltitudeMeters>
						<HeartRateBpm>
							<Value>124</Value>
						</HeartRateBpm>
						<Cadence>59</Cadence>
						<Extensions>
							<ns3:TPX>
								<ns3:Speed>0.750750</ns3:Speed>
							</ns3:TPX>
						</Extensions>
					</Trackpoint>
					<Trackpoint>
						<Time>2569-05-19T14:19:41Z</Time>
						<Position>
							<LatitudeDegrees>9.142152</LatitudeDegrees>
							<LongitudeDegrees>99.326233</LongitudeDegrees>
						</Position>
						<AltitudeMeters>43.530000</AltitudeMeters>
						<HeartRateBpm>
							<Value>125</Value>
						</HeartRateBpm>
						<Cadence>59</Cadence>
						<Extensions>
							<ns3:TPX>
								<ns3:Speed>0.782470</ns3:Speed>
							</ns3:TPX>
						</Extensions>
					</Trackpoint>
					<Trackpoint>
						<Time>2569-05-19T14:19:42Z</Time>
						<Position>
							<LatitudeDegrees>9.142161</LatitudeDegrees>
							<LongitudeDegrees>99.326234</LongitudeDegrees>
						</Position>
						<AltitudeMeters>43.410000</AltitudeMeters>
						<HeartRateBpm>
							<Value>124</Value>
						</HeartRateBpm>
						<Cadence>59</Cadence>
						<Extensions>
							<ns3:TPX>
								<ns3:Speed>0.814330</ns3:Speed>
							</ns3:TPX>
						</Extensions>
					</Trackpoint>
					<Trackpoint>
						<Time>2569-05-19T14:19:43Z</Time>
						<Position>
							<LatitudeDegrees>9.142169</LatitudeDegrees>
							<LongitudeDegrees>99.326236</LongitudeDegrees>
						</Position>
						<AltitudeMeters>43.220000</AltitudeMeters>
						<HeartRateBpm>
							<Value>124</Value>
						</HeartRateBpm>
						<Cadence>58</Cadence>
						<Extensions>
							<ns3:TPX>
								<ns3:Speed>0.912410</ns3:Speed>
							</ns3:TPX>
						</Extensions>
					</Trackpoint>
					<Trackpoint>
						<Time>2569-05-19T14:19:44Z</Time>
						<Position>
							<LatitudeDegrees>9.142176</LatitudeDegrees>
							<LongitudeDegrees>99.326238</LongitudeDegrees>
						</Position>
						<AltitudeMeters>43.090000</AltitudeMeters>
						<HeartRateBpm>
							<Value>123</Value>
						</HeartRateBpm>
						<Cadence>57</Cadence>
						<Extensions>
							<ns3:TPX>
								<ns3:Speed>0.973710</ns3:Speed>
							</ns3:TPX>
						</Extensions>
					</Trackpoint>
					<Trackpoint>
						<Time>2569-05-19T14:19:45Z</Time>
						<Position>
							<LatitudeDegrees>9.142183</LatitudeDegrees>
							<LongitudeDegrees>99.326241</LongitudeDegrees>
						</Position>
						<AltitudeMeters>43.000000</AltitudeMeters>
						<HeartRateBpm>
							<Value>122</Value>
						</HeartRateBpm>
						<Cadence>56</Cadence>
						<Extensions>
							<ns3:TPX>
								<ns3:Speed>0.949670</ns3:Speed>
							</ns3:TPX>
						</Extensions>
					</Trackpoint>
					<Trackpoint>
						<Time>2569-05-19T14:19:46Z</Time>
						<Position>
							<LatitudeDegrees>9.142189</LatitudeDegrees>
							<LongitudeDegrees>99.326245</LongitudeDegrees>
						</Position>
						<AltitudeMeters>42.920000</AltitudeMeters>
						<HeartRateBpm>
							<Value>121</Value>
						</HeartRateBpm>
						<Cadence>56</Cadence>
						<Extensions>
							<ns3:TPX>
								<ns3:Speed>0.910750</ns3:Speed>
							</ns3:TPX>
						</Extensions>
					</Trackpoint>
					<Trackpoint>
						<Time>2569-05-19T14:19:47Z</Time>
						<Position>
							<LatitudeDegrees>9.142196</LatitudeDegrees>
							<LongitudeDegrees>99.326250</LongitudeDegrees>
						</Position>
						<AltitudeMeters>42.840000</AltitudeMeters>
						<HeartRateBpm>
							<Value>121</Value>
						</HeartRateBpm>
						<Cadence>57</Cadence>
						<Extensions>
							<ns3:TPX>
								<ns3:Speed>0.870320</ns3:Speed>
							</ns3:TPX>
						</Extensions>
					</Trackpoint>
					<Trackpoint>
						<Time>2569-05-19T14:19:48Z</Time>
						<Position>
							<LatitudeDegrees>9.142204</LatitudeDegrees>
							<LongitudeDegrees>99.326255</LongitudeDegrees>
						</Position>
						<AltitudeMeters>42.770000</AltitudeMeters>
						<HeartRateBpm>
							<Value>121</Value>
						</HeartRateBpm>
						<Cadence>58</Cadence>
						<Extensions>
							<ns3:TPX>
								<ns3:Speed>0.851790</ns3:Speed>
							</ns3:TPX>
						</Extensions>
					</Trackpoint>
					<Trackpoint>
						<Time>2569-05-19T14:19:49Z</Time>
						<Position>
							<LatitudeDegrees>9.142212</LatitudeDegrees>
							<LongitudeDegrees>99.326260</LongitudeDegrees>
						</Position>
						<AltitudeMeters>42.690000</AltitudeMeters>
						<HeartRateBpm>
							<Value>121</Value>
						</HeartRateBpm>
						<Cadence>58</Cadence>
						<Extensions>
							<ns3:TPX>
								<ns3:Speed>0.851790</ns3:Speed>
							</ns3:TPX>
						</Extensions>
					</Trackpoint>
					<Trackpoint>
						<Time>2569-05-19T14:19:50Z</Time>
						<Position>
							<LatitudeDegrees>9.142220</LatitudeDegrees>
							<LongitudeDegrees>99.326266</LongitudeDegrees>
						</Position>
						<AltitudeMeters>42.590000</AltitudeMeters>
						<HeartRateBpm>
							<Value>120</Value>
						</HeartRateBpm>
						<Cadence>57</Cadence>
						<Extensions>
							<ns3:TPX>
								<ns3:Speed>0.848180</ns3:Speed>
							</ns3:TPX>
						</Extensions>
					</Trackpoint>
					<Trackpoint>
						<Time>2569-05-19T14:19:51Z</Time>
						<Position>
							<LatitudeDegrees>9.142230</LatitudeDegrees>
							<LongitudeDegrees>99.326271</LongitudeDegrees>
						</Position>
						<AltitudeMeters>42.510000</AltitudeMeters>
						<HeartRateBpm>
							<Value>120</Value>
						</HeartRateBpm>
						<Cadence>56</Cadence>
						<Extensions>
							<ns3:TPX>
								<ns3:Speed>0.795540</ns3:Speed>
							</ns3:TPX>
						</Extensions>
					</Trackpoint>
					<Trackpoint>
						<Time>2569-05-19T14:19:52Z</Time>
						<Position>
							<LatitudeDegrees>9.142239</LatitudeDegrees>
							<LongitudeDegrees>99.326277</LongitudeDegrees>
						</Position>
						<AltitudeMeters>42.380000</AltitudeMeters>
						<HeartRateBpm>
							<Value>120</Value>
						</HeartRateBpm>
						<Cadence>54</Cadence>
						<Extensions>
							<ns3:TPX>
								<ns3:Speed>0.741840</ns3:Speed>
							</ns3:TPX>
						</Extensions>
					</Trackpoint>
					<Trackpoint>
						<Time>2569-05-19T14:19:53Z</Time>
						<Position>
							<LatitudeDegrees>9.142247</LatitudeDegrees>
							<LongitudeDegrees>99.326282</LongitudeDegrees>
						</Position>
						<AltitudeMeters>42.280000</AltitudeMeters>
						<HeartRateBpm>
							<Value>120</Value>
						</HeartRateBpm>
						<Cadence>53</Cadence>
						<Extensions>
							<ns3:TPX>
								<ns3:Speed>0.751310</ns3:Speed>
							</ns3:TPX>
						</Extensions>
					</Trackpoint>
					<Trackpoint>
						<Time>2569-05-19T14:19:54Z</Time>
						<Position>
							<LatitudeDegrees>9.142257</LatitudeDegrees>
							<LongitudeDegrees>99.326287</LongitudeDegrees>
						</Position>
						<AltitudeMeters>42.210000</AltitudeMeters>
						<HeartRateBpm>
							<Value>119</Value>
						</HeartRateBpm>
						<Cadence>52</Cadence>
						<Extensions>
							<ns3:TPX>
								<ns3:Speed>0.773400</ns3:Speed>
							</ns3:TPX>
						</Extensions>
					</Trackpoint>
					<Trackpoint>
						<Time>2569-05-19T14:19:55Z</Time>
						<Position>
							<LatitudeDegrees>9.142268</LatitudeDegrees>
							<LongitudeDegrees>99.326289</LongitudeDegrees>
						</Position>
						<AltitudeMeters>42.130000</AltitudeMeters>
						<HeartRateBpm>
							<Value>119</Value>
						</HeartRateBpm>
						<Cadence>52</Cadence>
						<Extensions>
							<ns3:TPX>
								<ns3:Speed>0.782470</ns3:Speed>
							</ns3:TPX>
						</Extensions>
					</Trackpoint>
					<Trackpoint>
						<Time>2569-05-19T14:19:56Z</Time>
						<Position>
							<LatitudeDegrees>9.142279</LatitudeDegrees>
							<LongitudeDegrees>99.326291</LongitudeDegrees>
						</Position>
						<AltitudeMeters>42.080000</AltitudeMeters>
						<HeartRateBpm>
							<Value>118</Value>
						</HeartRateBpm>
						<Cadence>52</Cadence>
						<Extensions>
							<ns3:TPX>
								<ns3:Speed>0.786780</ns3:Speed>
							</ns3:TPX>
						</Extensions>
					</Trackpoint>
					<Trackpoint>
						<Time>2569-05-19T14:19:57Z</Time>
						<Position>
							<LatitudeDegrees>9.142290</LatitudeDegrees>
							<LongitudeDegrees>99.326292</LongitudeDegrees>
						</Position>
						<AltitudeMeters>42.050000</AltitudeMeters>
						<HeartRateBpm>
							<Value>117</Value>
						</HeartRateBpm>
						<Cadence>52</Cadence>
						<Extensions>
							<ns3:TPX>
								<ns3:Speed>0.793650</ns3:Speed>
							</ns3:TPX>
						</Extensions>
					</Trackpoint>
					<Trackpoint>
						<Time>2569-05-19T14:19:58Z</Time>
						<Position>
							<LatitudeDegrees>9.142301</LatitudeDegrees>
							<LongitudeDegrees>99.326293</LongitudeDegrees>
						</Position>
						<AltitudeMeters>41.960000</AltitudeMeters>
						<HeartRateBpm>
							<Value>117</Value>
						</HeartRateBpm>
						<Cadence>52</Cadence>
						<Extensions>
							<ns3:TPX>
								<ns3:Speed>0.809720</ns3:Speed>
							</ns3:TPX>
						</Extensions>
					</Trackpoint>
					<Trackpoint>
						<Time>2569-05-19T14:19:59Z</Time>
						<Position>
							<LatitudeDegrees>9.142311</LatitudeDegrees>
							<LongitudeDegrees>99.326294</LongitudeDegrees>
						</Position>
						<AltitudeMeters>41.920000</AltitudeMeters>
						<HeartRateBpm>
							<Value>117</Value>
						</HeartRateBpm>
						<Cadence>52</Cadence>
						<Extensions>
							<ns3:TPX>
								<ns3:Speed>0.827810</ns3:Speed>
							</ns3:TPX>
						</Extensions>
					</Trackpoint>
					<Trackpoint>
						<Time>2569-05-19T14:20:00Z</Time>
						<Position>
							<LatitudeDegrees>9.142320</LatitudeDegrees>
							<LongitudeDegrees>99.326296</LongitudeDegrees>
						</Position>
						<AltitudeMeters>41.880000</AltitudeMeters>
						<HeartRateBpm>
							<Value>117</Value>
						</HeartRateBpm>
						<Cadence>52</Cadence>
						<Extensions>
							<ns3:TPX>
								<ns3:Speed>0.834720</ns3:Speed>
							</ns3:TPX>
						</Extensions>
					</Trackpoint>
					<Trackpoint>
						<Time>2569-05-19T14:20:01Z</Time>
						<Position>
							<LatitudeDegrees>9.142327</LatitudeDegrees>
							<LongitudeDegrees>99.326298</LongitudeDegrees>
						</Position>
						<AltitudeMeters>41.860000</AltitudeMeters>
						<HeartRateBpm>
							<Value>117</Value>
						</HeartRateBpm>
						<Cadence>53</Cadence>
						<Extensions>
							<ns3:TPX>
								<ns3:Speed>0.837520</ns3:Speed>
							</ns3:TPX>
						</Extensions>
					</Trackpoint>
					<Trackpoint>
						<Time>2569-05-19T14:20:02Z</Time>
						<Position>
							<LatitudeDegrees>9.142334</LatitudeDegrees>
							<LongitudeDegrees>99.326299</LongitudeDegrees>
						</Position>
						<AltitudeMeters>41.820000</AltitudeMeters>
						<HeartRateBpm>
							<Value>117</Value>
						</HeartRateBpm>
						<Cadence>53</Cadence>
						<Extensions>
							<ns3:TPX>
								<ns3:Speed>0.834720</ns3:Speed>
							</ns3:TPX>
						</Extensions>
					</Trackpoint>
					<Trackpoint>
						<Time>2569-05-19T14:20:03Z</Time>
						<Position>
							<LatitudeDegrees>9.142342</LatitudeDegrees>
							<LongitudeDegrees>99.326301</LongitudeDegrees>
						</Position>
						<AltitudeMeters>41.790000</AltitudeMeters>
						<HeartRateBpm>
							<Value>117</Value>
						</HeartRateBpm>
						<Cadence>54</Cadence>
						<Extensions>
							<ns3:TPX>
								<ns3:Speed>0.872600</ns3:Speed>
							</ns3:TPX>
						</Extensions>
					</Trackpoint>
					<Trackpoint>
						<Time>2569-05-19T14:20:04Z</Time>
						<Position>
							<LatitudeDegrees>9.142349</LatitudeDegrees>
							<LongitudeDegrees>99.326302</LongitudeDegrees>
						</Position>
						<AltitudeMeters>41.800000</AltitudeMeters>
						<HeartRateBpm>
							<Value>117</Value>
						</HeartRateBpm>
						<Cadence>54</Cadence>
						<Extensions>
							<ns3:TPX>
								<ns3:Speed>0.885740</ns3:Speed>
							</ns3:TPX>
						</Extensions>
					</Trackpoint>
					<Trackpoint>
						<Time>2569-05-19T14:20:05Z</Time>
						<Position>
							<LatitudeDegrees>9.142357</LatitudeDegrees>
							<LongitudeDegrees>99.326302</LongitudeDegrees>
						</Position>
						<AltitudeMeters>41.760000</AltitudeMeters>
						<HeartRateBpm>
							<Value>116</Value>
						</HeartRateBpm>
						<Cadence>54</Cadence>
						<Extensions>
							<ns3:TPX>
								<ns3:Speed>0.846020</ns3:Speed>
							</ns3:TPX>
						</Extensions>
					</Trackpoint>
					<Trackpoint>
						<Time>2569-05-19T14:20:06Z</Time>
						<Position>
							<LatitudeDegrees>9.142366</LatitudeDegrees>
							<LongitudeDegrees>99.326300</LongitudeDegrees>
						</Position>
						<AltitudeMeters>41.730000</AltitudeMeters>
						<HeartRateBpm>
							<Value>116</Value>
						</HeartRateBpm>
						<Cadence>53</Cadence>
						<Extensions>
							<ns3:TPX>
								<ns3:Speed>0.834720</ns3:Speed>
							</ns3:TPX>
						</Extensions>
					</Trackpoint>
					<Trackpoint>
						<Time>2569-05-19T14:20:07Z</Time>
						<Position>
							<LatitudeDegrees>9.142374</LatitudeDegrees>
							<LongitudeDegrees>99.326299</LongitudeDegrees>
						</Position>
						<AltitudeMeters>41.700000</AltitudeMeters>
						<HeartRateBpm>
							<Value>115</Value>
						</HeartRateBpm>
						<Cadence>53</Cadence>
						<Extensions>
							<ns3:TPX>
								<ns3:Speed>0.823050</ns3:Speed>
							</ns3:TPX>
						</Extensions>
					</Trackpoint>
					<Trackpoint>
						<Time>2569-05-19T14:20:08Z</Time>
						<Position>
							<LatitudeDegrees>9.142382</LatitudeDegrees>
							<LongitudeDegrees>99.326297</LongitudeDegrees>
						</Position>
						<AltitudeMeters>41.710000</AltitudeMeters>
						<HeartRateBpm>
							<Value>114</Value>
						</HeartRateBpm>
						<Cadence>53</Cadence>
						<Extensions>
							<ns3:TPX>
								<ns3:Speed>0.821690</ns3:Speed>
							</ns3:TPX>
						</Extensions>
					</Trackpoint>
					<Trackpoint>
						<Time>2569-05-19T14:20:09Z</Time>
						<Position>
							<LatitudeDegrees>9.142389</LatitudeDegrees>
							<LongitudeDegrees>99.326295</LongitudeDegrees>
						</Position>
						<AltitudeMeters>41.680000</AltitudeMeters>
						<HeartRateBpm>
							<Value>114</Value>
						</HeartRateBpm>
						<Cadence>53</Cadence>
						<Extensions>
							<ns3:TPX>
								<ns3:Speed>0.830560</ns3:Speed>
							</ns3:TPX>
						</Extensions>
					</Trackpoint>
					<Trackpoint>
						<Time>2569-05-19T14:20:10Z</Time>
						<Position>
							<LatitudeDegrees>9.142396</LatitudeDegrees>
							<LongitudeDegrees>99.326294</LongitudeDegrees>
						</Position>
						<AltitudeMeters>41.660000</AltitudeMeters>
						<HeartRateBpm>
							<Value>113</Value>
						</HeartRateBpm>
						<Cadence>53</Cadence>
						<Extensions>
							<ns3:TPX>
								<ns3:Speed>0.821690</ns3:Speed>
							</ns3:TPX>
						</Extensions>
					</Trackpoint>
					<Trackpoint>
						<Time>2569-05-19T14:20:11Z</Time>
						<Position>
							<LatitudeDegrees>9.142403</LatitudeDegrees>
							<LongitudeDegrees>99.326290</LongitudeDegrees>
						</Position>
						<AltitudeMeters>41.650000</AltitudeMeters>
						<HeartRateBpm>
							<Value>113</Value>
						</HeartRateBpm>
						<Cadence>54</Cadence>
						<Extensions>
							<ns3:TPX>
								<ns3:Speed>0.816990</ns3:Speed>
							</ns3:TPX>
						</Extensions>
					</Trackpoint>
					<Trackpoint>
						<Time>2569-05-19T14:20:12Z</Time>
						<Position>
							<LatitudeDegrees>9.142411</LatitudeDegrees>
							<LongitudeDegrees>99.326286</LongitudeDegrees>
						</Position>
						<AltitudeMeters>41.630000</AltitudeMeters>
						<Cadence>54</Cadence>
						<Extensions>
							<ns3:TPX>
								<ns3:Speed>0.823050</ns3:Speed>
							</ns3:TPX>
						</Extensions>
					</Trackpoint>
					<Trackpoint>
						<Time>2569-05-19T14:20:13Z</Time>
						<Position>
							<LatitudeDegrees>9.142426</LatitudeDegrees>
							<LongitudeDegrees>99.326276</LongitudeDegrees>
						</Position>
						<AltitudeMeters>41.600000</AltitudeMeters>
						<HeartRateBpm>
							<Value>113</Value>
						</HeartRateBpm>
						<Cadence>54</Cadence>
						<Extensions>
							<ns3:TPX>
								<ns3:Speed>0.824400</ns3:Speed>
							</ns3:TPX>
						</Extensions>
					</Trackpoint>
					<Trackpoint>
						<Time>2569-05-19T14:20:13Z</Time>
						<Position>
							<LatitudeDegrees>9.142426</LatitudeDegrees>
							<LongitudeDegrees>99.326276</LongitudeDegrees>
						</Position>
						<AltitudeMeters>41.600000</AltitudeMeters>
						<HeartRateBpm>
							<Value>113</Value>
						</HeartRateBpm>
						<Cadence>54</Cadence>
						<Extensions>
							<ns3:TPX>
								<ns3:Speed>0.824400</ns3:Speed>
							</ns3:TPX>
						</Extensions>
					</Trackpoint>
					<Trackpoint>
						<Time>2569-05-19T14:20:14Z</Time>
						<Position>
							<LatitudeDegrees>9.142434</LatitudeDegrees>
							<LongitudeDegrees>99.326271</LongitudeDegrees>
						</Position>
						<AltitudeMeters>41.600000</AltitudeMeters>
						<HeartRateBpm>
							<Value>113</Value>
						</HeartRateBpm>
						<Cadence>54</Cadence>
						<Extensions>
							<ns3:TPX>
								<ns3:Speed>0.825760</ns3:Speed>
							</ns3:TPX>
						</Extensions>
					</Trackpoint>
					<Trackpoint>
						<Time>2569-05-19T14:20:15Z</Time>
						<Position>
							<LatitudeDegrees>9.142442</LatitudeDegrees>
							<LongitudeDegrees>99.326263</LongitudeDegrees>
						</Position>
						<AltitudeMeters>41.580000</AltitudeMeters>
						<HeartRateBpm>
							<Value>113</Value>
						</HeartRateBpm>
						<Cadence>53</Cadence>
						<Extensions>
							<ns3:TPX>
								<ns3:Speed>0.828500</ns3:Speed>
							</ns3:TPX>
						</Extensions>
					</Trackpoint>
					<Trackpoint>
						<Time>2569-05-19T14:20:16Z</Time>
						<Position>
							<LatitudeDegrees>9.142449</LatitudeDegrees>
							<LongitudeDegrees>99.326256</LongitudeDegrees>
						</Position>
						<AltitudeMeters>41.570000</AltitudeMeters>
						<HeartRateBpm>
							<Value>113</Value>
						</HeartRateBpm>
						<Cadence>53</Cadence>
						<Extensions>
							<ns3:TPX>
								<ns3:Speed>0.828500</ns3:Speed>
							</ns3:TPX>
						</Extensions>
					</Trackpoint>
					<Trackpoint>
						<Time>2569-05-19T14:20:17Z</Time>
						<Position>
							<LatitudeDegrees>9.142456</LatitudeDegrees>
							<LongitudeDegrees>99.326249</LongitudeDegrees>
						</Position>
						<AltitudeMeters>41.550000</AltitudeMeters>
						<HeartRateBpm>
							<Value>113</Value>
						</HeartRateBpm>
						<Cadence>53</Cadence>
						<Extensions>
							<ns3:TPX>
								<ns3:Speed>0.825760</ns3:Speed>
							</ns3:TPX>
						</Extensions>
					</Trackpoint>
					<Trackpoint>
						<Time>2569-05-19T14:20:18Z</Time>
						<Position>
							<LatitudeDegrees>9.142463</LatitudeDegrees>
							<LongitudeDegrees>99.326241</LongitudeDegrees>
						</Position>
						<AltitudeMeters>41.540000</AltitudeMeters>
						<HeartRateBpm>
							<Value>113</Value>
						</HeartRateBpm>
						<Cadence>53</Cadence>
						<Extensions>
							<ns3:TPX>
								<ns3:Speed>0.825080</ns3:Speed>
							</ns3:TPX>
						</Extensions>
					</Trackpoint>
					<Trackpoint>
						<Time>2569-05-19T14:20:19Z</Time>
						<Position>
							<LatitudeDegrees>9.142469</LatitudeDegrees>
							<LongitudeDegrees>99.326235</LongitudeDegrees>
						</Position>
						<AltitudeMeters>41.520000</AltitudeMeters>
						<HeartRateBpm>
							<Value>113</Value>
						</HeartRateBpm>
						<Cadence>53</Cadence>
						<Extensions>
							<ns3:TPX>
								<ns3:Speed>0.830560</ns3:Speed>
							</ns3:TPX>
						</Extensions>
					</Trackpoint>
					<Trackpoint>
						<Time>2569-05-19T14:20:20Z</Time>
						<Position>
							<LatitudeDegrees>9.142477</LatitudeDegrees>
							<LongitudeDegrees>99.326228</LongitudeDegrees>
						</Position>
						<AltitudeMeters>41.510000</AltitudeMeters>
						<HeartRateBpm>
							<Value>113</Value>
						</HeartRateBpm>
						<Cadence>53</Cadence>
						<Extensions>
							<ns3:TPX>
								<ns3:Speed>0.840340</ns3:Speed>
							</ns3:TPX>
						</Extensions>
					</Trackpoint>
					<Trackpoint>
						<Time>2569-05-19T14:20:21Z</Time>
						<Position>
							<LatitudeDegrees>9.142483</LatitudeDegrees>
							<LongitudeDegrees>99.326221</LongitudeDegrees>
						</Position>
						<AltitudeMeters>41.510000</AltitudeMeters>
						<HeartRateBpm>
							<Value>113</Value>
						</HeartRateBpm>
						<Cadence>54</Cadence>
						<Extensions>
							<ns3:TPX>
								<ns3:Speed>0.849620</ns3:Speed>
							</ns3:TPX>
						</Extensions>
					</Trackpoint>
					<Trackpoint>
						<Time>2569-05-19T14:20:22Z</Time>
						<Position>
							<LatitudeDegrees>9.142489</LatitudeDegrees>
							<LongitudeDegrees>99.326214</LongitudeDegrees>
						</Position>
						<AltitudeMeters>41.490000</AltitudeMeters>
						<HeartRateBpm>
							<Value>113</Value>
						</HeartRateBpm>
						<Cadence>54</Cadence>
						<Extensions>
							<ns3:TPX>
								<ns3:Speed>0.859110</ns3:Speed>
							</ns3:TPX>
						</Extensions>
					</Trackpoint>
					<Trackpoint>
						<Time>2569-05-19T14:20:23Z</Time>
						<Position>
							<LatitudeDegrees>9.142496</LatitudeDegrees>
							<LongitudeDegrees>99.326207</LongitudeDegrees>
						</Position>
						<AltitudeMeters>41.490000</AltitudeMeters>
						<HeartRateBpm>
							<Value>113</Value>
						</HeartRateBpm>
						<Cadence>54</Cadence>
						<Extensions>
							<ns3:TPX>
								<ns3:Speed>0.868060</ns3:Speed>
							</ns3:TPX>
						</Extensions>
					</Trackpoint>
					<Trackpoint>
						<Time>2569-05-19T14:20:24Z</Time>
						<Position>
							<LatitudeDegrees>9.142503</LatitudeDegrees>
							<LongitudeDegrees>99.326200</LongitudeDegrees>
						</Position>
						<AltitudeMeters>41.480000</AltitudeMeters>
						<HeartRateBpm>
							<Value>113</Value>
						</HeartRateBpm>
						<Cadence>54</Cadence>
						<Extensions>
							<ns3:TPX>
								<ns3:Speed>0.877190</ns3:Speed>
							</ns3:TPX>
						</Extensions>
					</Trackpoint>
					<Trackpoint>
						<Time>2569-05-19T14:20:25Z</Time>
						<Position>
							<LatitudeDegrees>9.142508</LatitudeDegrees>
							<LongitudeDegrees>99.326193</LongitudeDegrees>
						</Position>
						<AltitudeMeters>41.480000</AltitudeMeters>
						<HeartRateBpm>
							<Value>112</Value>
						</HeartRateBpm>
						<Cadence>53</Cadence>
						<Extensions>
							<ns3:TPX>
								<ns3:Speed>0.884960</ns3:Speed>
							</ns3:TPX>
						</Extensions>
					</Trackpoint>
					<Trackpoint>
						<Time>2569-05-19T14:20:26Z</Time>
						<Position>
							<LatitudeDegrees>9.142512</LatitudeDegrees>
							<LongitudeDegrees>99.326184</LongitudeDegrees>
						</Position>
						<AltitudeMeters>41.470000</AltitudeMeters>
						<HeartRateBpm>
							<Value>112</Value>
						</HeartRateBpm>
						<Cadence>52</Cadence>
						<Extensions>
							<ns3:TPX>
								<ns3:Speed>0.892060</ns3:Speed>
							</ns3:TPX>
						</Extensions>
					</Trackpoint>
					<Trackpoint>
						<Time>2569-05-19T14:20:27Z</Time>
						<Position>
							<LatitudeDegrees>9.142516</LatitudeDegrees>
							<LongitudeDegrees>99.326170</LongitudeDegrees>
						</Position>
						<AltitudeMeters>41.470000</AltitudeMeters>
						<HeartRateBpm>
							<Value>111</Value>
						</HeartRateBpm>
						<Cadence>50</Cadence>
						<Extensions>
							<ns3:TPX>
								<ns3:Speed>0.898470</ns3:Speed>
							</ns3:TPX>
						</Extensions>
					</Trackpoint>
					<Trackpoint>
						<Time>2569-05-19T14:20:28Z</Time>
						<Position>
							<LatitudeDegrees>9.142519</LatitudeDegrees>
							<LongitudeDegrees>99.326158</LongitudeDegrees>
						</Position>
						<AltitudeMeters>41.470000</AltitudeMeters>
						<HeartRateBpm>
							<Value>111</Value>
						</HeartRateBpm>
						<Cadence>50</Cadence>
						<Extensions>
							<ns3:TPX>
								<ns3:Speed>0.904980</ns3:Speed>
							</ns3:TPX>
						</Extensions>
					</Trackpoint>
					<Trackpoint>
						<Time>2569-05-19T14:20:29Z</Time>
						<Position>
							<LatitudeDegrees>9.142523</LatitudeDegrees>
							<LongitudeDegrees>99.326149</LongitudeDegrees>
						</Position>
						<AltitudeMeters>41.460000</AltitudeMeters>
						<HeartRateBpm>
							<Value>111</Value>
						</HeartRateBpm>
						<Cadence>49</Cadence>
						<Extensions>
							<ns3:TPX>
								<ns3:Speed>0.910750</ns3:Speed>
							</ns3:TPX>
						</Extensions>
					</Trackpoint>
					<Trackpoint>
						<Time>2569-05-19T14:20:30Z</Time>
						<Position>
							<LatitudeDegrees>9.142526</LatitudeDegrees>
							<LongitudeDegrees>99.326138</LongitudeDegrees>
						</Position>
						<AltitudeMeters>41.460000</AltitudeMeters>
						<HeartRateBpm>
							<Value>111</Value>
						</HeartRateBpm>
						<Cadence>49</Cadence>
						<Extensions>
							<ns3:TPX>
								<ns3:Speed>0.916590</ns3:Speed>
							</ns3:TPX>
						</Extensions>
					</Trackpoint>
					<Trackpoint>
						<Time>2569-05-19T14:20:31Z</Time>
						<Position>
							<LatitudeDegrees>9.142528</LatitudeDegrees>
							<LongitudeDegrees>99.326127</LongitudeDegrees>
						</Position>
						<AltitudeMeters>41.460000</AltitudeMeters>
						<HeartRateBpm>
							<Value>112</Value>
						</HeartRateBpm>
						<Cadence>49</Cadence>
						<Extensions>
							<ns3:TPX>
								<ns3:Speed>0.919120</ns3:Speed>
							</ns3:TPX>
						</Extensions>
					</Trackpoint>
					<Trackpoint>
						<Time>2569-05-19T14:20:32Z</Time>
						<Position>
							<LatitudeDegrees>9.142531</LatitudeDegrees>
							<LongitudeDegrees>99.326118</LongitudeDegrees>
						</Position>
						<AltitudeMeters>41.460000</AltitudeMeters>
						<HeartRateBpm>
							<Value>113</Value>
						</HeartRateBpm>
						<Cadence>49</Cadence>
						<Extensions>
							<ns3:TPX>
								<ns3:Speed>0.918270</ns3:Speed>
							</ns3:TPX>
						</Extensions>
					</Trackpoint>
					<Trackpoint>
						<Time>2569-05-19T14:20:34Z</Time>
						<Position>
							<LatitudeDegrees>9.142539</LatitudeDegrees>
							<LongitudeDegrees>99.326099</LongitudeDegrees>
						</Position>
						<AltitudeMeters>41.460000</AltitudeMeters>
						<HeartRateBpm>
							<Value>112</Value>
						</HeartRateBpm>
						<Cadence>48</Cadence>
						<Extensions>
							<ns3:TPX>
								<ns3:Speed>0.915750</ns3:Speed>
							</ns3:TPX>
						</Extensions>
					</Trackpoint>
					<Trackpoint>
						<Time>2569-05-19T14:20:34Z</Time>
						<Position>
							<LatitudeDegrees>9.142539</LatitudeDegrees>
							<LongitudeDegrees>99.326099</LongitudeDegrees>
						</Position>
						<AltitudeMeters>41.460000</AltitudeMeters>
						<HeartRateBpm>
							<Value>112</Value>
						</HeartRateBpm>
						<Cadence>48</Cadence>
						<Extensions>
							<ns3:TPX>
								<ns3:Speed>0.915750</ns3:Speed>
							</ns3:TPX>
						</Extensions>
					</Trackpoint>
					<Trackpoint>
						<Time>2569-05-19T14:20:35Z</Time>
						<Position>
							<LatitudeDegrees>9.142546</LatitudeDegrees>
							<LongitudeDegrees>99.326089</LongitudeDegrees>
						</Position>
						<AltitudeMeters>41.460000</AltitudeMeters>
						<HeartRateBpm>
							<Value>112</Value>
						</HeartRateBpm>
						<Cadence>47</Cadence>
						<Extensions>
							<ns3:TPX>
								<ns3:Speed>0.913240</ns3:Speed>
							</ns3:TPX>
						</Extensions>
					</Trackpoint>
					<Trackpoint>
						<Time>2569-05-19T14:20:36Z</Time>
						<Position>
							<LatitudeDegrees>9.142556</LatitudeDegrees>
							<LongitudeDegrees>99.326081</LongitudeDegrees>
						</Position>
						<AltitudeMeters>41.450000</AltitudeMeters>
						<HeartRateBpm>
							<Value>111</Value>
						</HeartRateBpm>
						<Cadence>47</Cadence>
						<Extensions>
							<ns3:TPX>
								<ns3:Speed>0.911580</ns3:Speed>
							</ns3:TPX>
						</Extensions>
					</Trackpoint>
					<Trackpoint>
						<Time>2569-05-19T14:20:37Z</Time>
						<Position>
							<LatitudeDegrees>9.142567</LatitudeDegrees>
							<LongitudeDegrees>99.326072</LongitudeDegrees>
						</Position>
						<AltitudeMeters>41.450000</AltitudeMeters>
						<HeartRateBpm>
							<Value>111</Value>
						</HeartRateBpm>
						<Cadence>47</Cadence>
						<Extensions>
							<ns3:TPX>
								<ns3:Speed>0.909090</ns3:Speed>
							</ns3:TPX>
						</Extensions>
					</Trackpoint>
					<Trackpoint>
						<Time>2569-05-19T14:20:38Z</Time>
						<Position>
							<LatitudeDegrees>9.142575</LatitudeDegrees>
							<LongitudeDegrees>99.326063</LongitudeDegrees>
						</Position>
						<AltitudeMeters>41.450000</AltitudeMeters>
						<HeartRateBpm>
							<Value>112</Value>
						</HeartRateBpm>
						<Cadence>48</Cadence>
						<Extensions>
							<ns3:TPX>
								<ns3:Speed>0.905800</ns3:Speed>
							</ns3:TPX>
						</Extensions>
					</Trackpoint>
					<Trackpoint>
						<Time>2569-05-19T14:20:39Z</Time>
						<Position>
							<LatitudeDegrees>9.142583</LatitudeDegrees>
							<LongitudeDegrees>99.326056</LongitudeDegrees>
						</Position>
						<AltitudeMeters>41.450000</AltitudeMeters>
						<HeartRateBpm>
							<Value>112</Value>
						</HeartRateBpm>
						<Cadence>48</Cadence>
						<Extensions>
							<ns3:TPX>
								<ns3:Speed>0.901710</ns3:Speed>
							</ns3:TPX>
						</Extensions>
					</Trackpoint>
					<Trackpoint>
						<Time>2569-05-19T14:20:40Z</Time>
						<Position>
							<LatitudeDegrees>9.142591</LatitudeDegrees>
							<LongitudeDegrees>99.326046</LongitudeDegrees>
						</Position>
						<AltitudeMeters>41.450000</AltitudeMeters>
						<HeartRateBpm>
							<Value>112</Value>
						</HeartRateBpm>
						<Cadence>49</Cadence>
						<Extensions>
							<ns3:TPX>
								<ns3:Speed>0.897670</ns3:Speed>
							</ns3:TPX>
						</Extensions>
					</Trackpoint>
					<Trackpoint>
						<Time>2569-05-19T14:20:41Z</Time>
						<Position>
							<LatitudeDegrees>9.142600</LatitudeDegrees>
							<LongitudeDegrees>99.326037</LongitudeDegrees>
						</Position>
						<AltitudeMeters>41.450000</AltitudeMeters>
						<HeartRateBpm>
							<Value>113</Value>
						</HeartRateBpm>
						<Cadence>49</Cadence>
						<Extensions>
							<ns3:TPX>
								<ns3:Speed>0.893660</ns3:Speed>
							</ns3:TPX>
						</Extensions>
					</Trackpoint>
					<Trackpoint>
						<Time>2569-05-19T14:20:42Z</Time>
						<Position>
							<LatitudeDegrees>9.142610</LatitudeDegrees>
							<LongitudeDegrees>99.326029</LongitudeDegrees>
						</Position>
						<AltitudeMeters>41.440000</AltitudeMeters>
						<HeartRateBpm>
							<Value>113</Value>
						</HeartRateBpm>
						<Cadence>49</Cadence>
						<Extensions>
							<ns3:TPX>
								<ns3:Speed>0.890470</ns3:Speed>
							</ns3:TPX>
						</Extensions>
					</Trackpoint>
					<Trackpoint>
						<Time>2569-05-19T14:20:44Z</Time>
						<Position>
							<LatitudeDegrees>9.142628</LatitudeDegrees>
							<LongitudeDegrees>99.326014</LongitudeDegrees>
						</Position>
						<AltitudeMeters>41.440000</AltitudeMeters>
						<HeartRateBpm>
							<Value>114</Value>
						</HeartRateBpm>
						<Cadence>48</Cadence>
						<Extensions>
							<ns3:TPX>
								<ns3:Speed>0.887310</ns3:Speed>
							</ns3:TPX>
						</Extensions>
					</Trackpoint>
					<Trackpoint>
						<Time>2569-05-19T14:20:44Z</Time>
						<Position>
							<LatitudeDegrees>9.142628</LatitudeDegrees>
							<LongitudeDegrees>99.326014</LongitudeDegrees>
						</Position>
						<AltitudeMeters>41.440000</AltitudeMeters>
						<HeartRateBpm>
							<Value>114</Value>
						</HeartRateBpm>
						<Cadence>48</Cadence>
						<Extensions>
							<ns3:TPX>
								<ns3:Speed>0.887310</ns3:Speed>
							</ns3:TPX>
						</Extensions>
					</Trackpoint>
					<Trackpoint>
						<Time>2569-05-19T14:20:45Z</Time>
						<Position>
							<LatitudeDegrees>9.142635</LatitudeDegrees>
							<LongitudeDegrees>99.326008</LongitudeDegrees>
						</Position>
						<AltitudeMeters>41.440000</AltitudeMeters>
						<HeartRateBpm>
							<Value>114</Value>
						</HeartRateBpm>
						<Cadence>48</Cadence>
						<Extensions>
							<ns3:TPX>
								<ns3:Speed>0.887310</ns3:Speed>
							</ns3:TPX>
						</Extensions>
					</Trackpoint>
					<Trackpoint>
						<Time>2569-05-19T14:20:47Z</Time>
						<Position>
							<LatitudeDegrees>9.142647</LatitudeDegrees>
							<LongitudeDegrees>99.325993</LongitudeDegrees>
						</Position>
						<AltitudeMeters>41.420000</AltitudeMeters>
						<HeartRateBpm>
							<Value>114</Value>
						</HeartRateBpm>
						<Cadence>49</Cadence>
						<Extensions>
							<ns3:TPX>
								<ns3:Speed>0.885740</ns3:Speed>
							</ns3:TPX>
						</Extensions>
					</Trackpoint>
					<Trackpoint>
						<Time>2569-05-19T14:20:47Z</Time>
						<Position>
							<LatitudeDegrees>9.142647</LatitudeDegrees>
							<LongitudeDegrees>99.325993</LongitudeDegrees>
						</Position>
						<AltitudeMeters>41.420000</AltitudeMeters>
						<HeartRateBpm>
							<Value>114</Value>
						</HeartRateBpm>
						<Cadence>49</Cadence>
						<Extensions>
							<ns3:TPX>
								<ns3:Speed>0.885740</ns3:Speed>
							</ns3:TPX>
						</Extensions>
					</Trackpoint>
					<Trackpoint>
						<Time>2569-05-19T14:20:48Z</Time>
						<Position>
							<LatitudeDegrees>9.142654</LatitudeDegrees>
							<LongitudeDegrees>99.325981</LongitudeDegrees>
						</Position>
						<AltitudeMeters>41.420000</AltitudeMeters>
						<HeartRateBpm>
							<Value>113</Value>
						</HeartRateBpm>
						<Cadence>49</Cadence>
						<Extensions>
							<ns3:TPX>
								<ns3:Speed>0.886520</ns3:Speed>
							</ns3:TPX>
						</Extensions>
					</Trackpoint>
					<Trackpoint>
						<Time>2569-05-19T14:20:50Z</Time>
						<Position>
							<LatitudeDegrees>9.142668</LatitudeDegrees>
							<LongitudeDegrees>99.325960</LongitudeDegrees>
						</Position>
						<AltitudeMeters>41.410000</AltitudeMeters>
						<HeartRateBpm>
							<Value>113</Value>
						</HeartRateBpm>
						<Cadence>50</Cadence>
						<Extensions>
							<ns3:TPX>
								<ns3:Speed>0.889680</ns3:Speed>
							</ns3:TPX>
						</Extensions>
					</Trackpoint>
					<Trackpoint>
						<Time>2569-05-19T14:20:50Z</Time>
						<Position>
							<LatitudeDegrees>9.142668</LatitudeDegrees>
							<LongitudeDegrees>99.325960</LongitudeDegrees>
						</Position>
						<AltitudeMeters>41.410000</AltitudeMeters>
						<HeartRateBpm>
							<Value>113</Value>
						</HeartRateBpm>
						<Cadence>50</Cadence>
						<Extensions>
							<ns3:TPX>
								<ns3:Speed>0.889680</ns3:Speed>
							</ns3:TPX>
						</Extensions>
					</Trackpoint>
					<Trackpoint>
						<Time>2569-05-19T14:20:52Z</Time>
						<Position>
							<LatitudeDegrees>9.142672</LatitudeDegrees>
							<LongitudeDegrees>99.325955</LongitudeDegrees>
						</Position>
						<AltitudeMeters>41.410000</AltitudeMeters>
						<HeartRateBpm>
							<Value>112</Value>
						</HeartRateBpm>
						<Cadence>50</Cadence>
						<Extensions>
							<ns3:TPX>
								<ns3:Speed>0.890470</ns3:Speed>
							</ns3:TPX>
						</Extensions>
					</Trackpoint>
					<Trackpoint>
						<Time>2569-05-19T14:20:53Z</Time>
						<Position>
							<LatitudeDegrees>9.142678</LatitudeDegrees>
							<LongitudeDegrees>99.325949</LongitudeDegrees>
						</Position>
						<AltitudeMeters>41.400000</AltitudeMeters>
						<HeartRateBpm>
							<Value>111</Value>
						</HeartRateBpm>
						<Cadence>49</Cadence>
						<Extensions>
							<ns3:TPX>
								<ns3:Speed>0.889680</ns3:Speed>
							</ns3:TPX>
						</Extensions>
					</Trackpoint>
					<Trackpoint>
						<Time>2569-05-19T14:20:54Z</Time>
						<Position>
							<LatitudeDegrees>9.142686</LatitudeDegrees>
							<LongitudeDegrees>99.325943</LongitudeDegrees>
						</Position>
						<AltitudeMeters>41.400000</AltitudeMeters>
						<HeartRateBpm>
							<Value>111</Value>
						</HeartRateBpm>
						<Cadence>49</Cadence>
						<Extensions>
							<ns3:TPX>
								<ns3:Speed>0.888890</ns3:Speed>
							</ns3:TPX>
						</Extensions>
					</Trackpoint>
					<Trackpoint>
						<Time>2569-05-19T14:20:55Z</Time>
						<Position>
							<LatitudeDegrees>9.142694</LatitudeDegrees>
							<LongitudeDegrees>99.325937</LongitudeDegrees>
						</Position>
						<AltitudeMeters>41.390000</AltitudeMeters>
						<HeartRateBpm>
							<Value>110</Value>
						</HeartRateBpm>
						<Cadence>49</Cadence>
						<Extensions>
							<ns3:TPX>
								<ns3:Speed>0.886520</ns3:Speed>
							</ns3:TPX>
						</Extensions>
					</Trackpoint>
					<Trackpoint>
						<Time>2569-05-19T14:20:56Z</Time>
						<Position>
							<LatitudeDegrees>9.142703</LatitudeDegrees>
							<LongitudeDegrees>99.325931</LongitudeDegrees>
						</Position>
						<AltitudeMeters>41.390000</AltitudeMeters>
						<HeartRateBpm>
							<Value>110</Value>
						</HeartRateBpm>
						<Cadence>50</Cadence>
						<Extensions>
							<ns3:TPX>
								<ns3:Speed>0.883390</ns3:Speed>
							</ns3:TPX>
						</Extensions>
					</Trackpoint>
					<Trackpoint>
						<Time>2569-05-19T14:20:56Z</Time>
						<Position>
							<LatitudeDegrees>9.142703</LatitudeDegrees>
							<LongitudeDegrees>99.325931</LongitudeDegrees>
						</Position>
						<AltitudeMeters>41.390000</AltitudeMeters>
						<HeartRateBpm>
							<Value>110</Value>
						</HeartRateBpm>
						<Cadence>50</Cadence>
						<Extensions>
							<ns3:TPX>
								<ns3:Speed>0.883390</ns3:Speed>
							</ns3:TPX>
						</Extensions>
					</Trackpoint>
					<Trackpoint>
						<Time>2569-05-19T14:20:58Z</Time>
						<Position>
							<LatitudeDegrees>9.142712</LatitudeDegrees>
							<LongitudeDegrees>99.325917</LongitudeDegrees>
						</Position>
						<AltitudeMeters>41.390000</AltitudeMeters>
						<HeartRateBpm>
							<Value>110</Value>
						</HeartRateBpm>
						<Cadence>50</Cadence>
						<Extensions>
							<ns3:TPX>
								<ns3:Speed>0.879510</ns3:Speed>
							</ns3:TPX>
						</Extensions>
					</Trackpoint>
					<Trackpoint>
						<Time>2569-05-19T14:20:58Z</Time>
						<Position>
							<LatitudeDegrees>9.142712</LatitudeDegrees>
							<LongitudeDegrees>99.325917</LongitudeDegrees>
						</Position>
						<AltitudeMeters>41.390000</AltitudeMeters>
						<HeartRateBpm>
							<Value>110</Value>
						</HeartRateBpm>
						<Cadence>50</Cadence>
						<Extensions>
							<ns3:TPX>
								<ns3:Speed>0.879510</ns3:Speed>
							</ns3:TPX>
						</Extensions>
					</Trackpoint>
					<Trackpoint>
						<Time>2569-05-19T14:21:00Z</Time>
						<Position>
							<LatitudeDegrees>9.142721</LatitudeDegrees>
							<LongitudeDegrees>99.325902</LongitudeDegrees>
						</Position>
						<AltitudeMeters>41.380000</AltitudeMeters>
						<HeartRateBpm>
							<Value>111</Value>
						</HeartRateBpm>
						<Cadence>49</Cadence>
						<Extensions>
							<ns3:TPX>
								<ns3:Speed>0.877190</ns3:Speed>
							</ns3:TPX>
						</Extensions>
					</Trackpoint>
					<Trackpoint>
						<Time>2569-05-19T14:21:00Z</Time>
						<Position>
							<LatitudeDegrees>9.142721</LatitudeDegrees>
							<LongitudeDegrees>99.325902</LongitudeDegrees>
						</Position>
						<AltitudeMeters>41.380000</AltitudeMeters>
						<HeartRateBpm>
							<Value>111</Value>
						</HeartRateBpm>
						<Cadence>49</Cadence>
						<Extensions>
							<ns3:TPX>
								<ns3:Speed>0.877190</ns3:Speed>
							</ns3:TPX>
						</Extensions>
					</Trackpoint>
					<Trackpoint>
						<Time>2569-05-19T14:21:01Z</Time>
						<Position>
							<LatitudeDegrees>9.142726</LatitudeDegrees>
							<LongitudeDegrees>99.325896</LongitudeDegrees>
						</Position>
						<AltitudeMeters>41.370000</AltitudeMeters>
						<HeartRateBpm>
							<Value>110</Value>
						</HeartRateBpm>
						<Cadence>48</Cadence>
						<Extensions>
							<ns3:TPX>
								<ns3:Speed>0.875660</ns3:Speed>
							</ns3:TPX>
						</Extensions>
					</Trackpoint>
					<Trackpoint>
						<Time>2569-05-19T14:21:02Z</Time>
						<Position>
							<LatitudeDegrees>9.142733</LatitudeDegrees>
							<LongitudeDegrees>99.325891</LongitudeDegrees>
						</Position>
						<AltitudeMeters>41.370000</AltitudeMeters>
						<HeartRateBpm>
							<Value>110</Value>
						</HeartRateBpm>
						<Cadence>48</Cadence>
						<Extensions>
							<ns3:TPX>
								<ns3:Speed>0.873360</ns3:Speed>
							</ns3:TPX>
						</Extensions>
					</Trackpoint>
					<Trackpoint>
						<Time>2569-05-19T14:21:03Z</Time>
						<Position>
							<LatitudeDegrees>9.142741</LatitudeDegrees>
							<LongitudeDegrees>99.325887</LongitudeDegrees>
						</Position>
						<AltitudeMeters>41.370000</AltitudeMeters>
						<HeartRateBpm>
							<Value>109</Value>
						</HeartRateBpm>
						<Cadence>49</Cadence>
						<Extensions>
							<ns3:TPX>
								<ns3:Speed>0.871080</ns3:Speed>
							</ns3:TPX>
						</Extensions>
					</Trackpoint>
					<Trackpoint>
						<Time>2569-05-19T14:21:04Z</Time>
						<Position>
							<LatitudeDegrees>9.142749</LatitudeDegrees>
							<LongitudeDegrees>99.325880</LongitudeDegrees>
						</Position>
						<AltitudeMeters>41.360000</AltitudeMeters>
						<HeartRateBpm>
							<Value>110</Value>
						</HeartRateBpm>
						<Cadence>50</Cadence>
						<Extensions>
							<ns3:TPX>
								<ns3:Speed>0.866550</ns3:Speed>
							</ns3:TPX>
						</Extensions>
					</Trackpoint>
					<Trackpoint>
						<Time>2569-05-19T14:21:05Z</Time>
						<Position>
							<LatitudeDegrees>9.142758</LatitudeDegrees>
							<LongitudeDegrees>99.325872</LongitudeDegrees>
						</Position>
						<AltitudeMeters>41.360000</AltitudeMeters>
						<HeartRateBpm>
							<Value>110</Value>
						</HeartRateBpm>
						<Cadence>51</Cadence>
						<Extensions>
							<ns3:TPX>
								<ns3:Speed>0.862070</ns3:Speed>
							</ns3:TPX>
						</Extensions>
					</Trackpoint>
					<Trackpoint>
						<Time>2569-05-19T14:21:06Z</Time>
						<Position>
							<LatitudeDegrees>9.142767</LatitudeDegrees>
							<LongitudeDegrees>99.325866</LongitudeDegrees>
						</Position>
						<AltitudeMeters>41.360000</AltitudeMeters>
						<HeartRateBpm>
							<Value>110</Value>
						</HeartRateBpm>
						<Cadence>53</Cadence>
						<Extensions>
							<ns3:TPX>
								<ns3:Speed>0.856900</ns3:Speed>
							</ns3:TPX>
						</Extensions>
					</Trackpoint>
					<Trackpoint>
						<Time>2569-05-19T14:21:07Z</Time>
						<Position>
							<LatitudeDegrees>9.142774</LatitudeDegrees>
							<LongitudeDegrees>99.325859</LongitudeDegrees>
						</Position>
						<AltitudeMeters>41.360000</AltitudeMeters>
						<HeartRateBpm>
							<Value>110</Value>
						</HeartRateBpm>
						<Cadence>54</Cadence>
						<Extensions>
							<ns3:TPX>
								<ns3:Speed>0.853240</ns3:Speed>
							</ns3:TPX>
						</Extensions>
					</Trackpoint>
					<Trackpoint>
						<Time>2569-05-19T14:21:08Z</Time>
						<Position>
							<LatitudeDegrees>9.142781</LatitudeDegrees>
							<LongitudeDegrees>99.325851</LongitudeDegrees>
						</Position>
						<AltitudeMeters>41.360000</AltitudeMeters>
						<HeartRateBpm>
							<Value>110</Value>
						</HeartRateBpm>
						<Cadence>55</Cadence>
						<Extensions>
							<ns3:TPX>
								<ns3:Speed>0.850340</ns3:Speed>
							</ns3:TPX>
						</Extensions>
					</Trackpoint>
					<Trackpoint>
						<Time>2569-05-19T14:21:09Z</Time>
						<Position>
							<LatitudeDegrees>9.142789</LatitudeDegrees>
							<LongitudeDegrees>99.325843</LongitudeDegrees>
						</Position>
						<AltitudeMeters>41.350000</AltitudeMeters>
						<HeartRateBpm>
							<Value>110</Value>
						</HeartRateBpm>
						<Cadence>55</Cadence>
						<Extensions>
							<ns3:TPX>
								<ns3:Speed>0.849620</ns3:Speed>
							</ns3:TPX>
						</Extensions>
					</Trackpoint>
					<Trackpoint>
						<Time>2569-05-19T14:21:11Z</Time>
						<Position>
							<LatitudeDegrees>9.142807</LatitudeDegrees>
							<LongitudeDegrees>99.325829</LongitudeDegrees>
						</Position>
						<AltitudeMeters>41.350000</AltitudeMeters>
						<HeartRateBpm>
							<Value>109</Value>
						</HeartRateBpm>
						<Cadence>55</Cadence>
						<Extensions>
							<ns3:TPX>
								<ns3:Speed>0.851790</ns3:Speed>
							</ns3:TPX>
						</Extensions>
					</Trackpoint>
					<Trackpoint>
						<Time>2569-05-19T14:21:11Z</Time>
						<Position>
							<LatitudeDegrees>9.142807</LatitudeDegrees>
							<LongitudeDegrees>99.325829</LongitudeDegrees>
						</Position>
						<AltitudeMeters>41.350000</AltitudeMeters>
						<HeartRateBpm>
							<Value>109</Value>
						</HeartRateBpm>
						<Cadence>55</Cadence>
						<Extensions>
							<ns3:TPX>
								<ns3:Speed>0.851790</ns3:Speed>
							</ns3:TPX>
						</Extensions>
					</Trackpoint>
					<Trackpoint>
						<Time>2569-05-19T14:21:12Z</Time>
						<Position>
							<LatitudeDegrees>9.142816</LatitudeDegrees>
							<LongitudeDegrees>99.325823</LongitudeDegrees>
						</Position>
						<AltitudeMeters>41.350000</AltitudeMeters>
						<HeartRateBpm>
							<Value>110</Value>
						</HeartRateBpm>
						<Cadence>55</Cadence>
						<Extensions>
							<ns3:TPX>
								<ns3:Speed>0.853970</ns3:Speed>
							</ns3:TPX>
						</Extensions>
					</Trackpoint>
					<Trackpoint>
						<Time>2569-05-19T14:21:13Z</Time>
						<Position>
							<LatitudeDegrees>9.142824</LatitudeDegrees>
							<LongitudeDegrees>99.325818</LongitudeDegrees>
						</Position>
						<AltitudeMeters>41.350000</AltitudeMeters>
						<HeartRateBpm>
							<Value>110</Value>
						</HeartRateBpm>
						<Cadence>55</Cadence>
						<Extensions>
							<ns3:TPX>
								<ns3:Speed>0.856160</ns3:Speed>
							</ns3:TPX>
						</Extensions>
					</Trackpoint>
					<Trackpoint>
						<Time>2569-05-19T14:21:14Z</Time>
						<Position>
							<LatitudeDegrees>9.142831</LatitudeDegrees>
							<LongitudeDegrees>99.325814</LongitudeDegrees>
						</Position>
						<AltitudeMeters>41.350000</AltitudeMeters>
						<HeartRateBpm>
							<Value>110</Value>
						</HeartRateBpm>
						<Cadence>55</Cadence>
						<Extensions>
							<ns3:TPX>
								<ns3:Speed>0.861330</ns3:Speed>
							</ns3:TPX>
						</Extensions>
					</Trackpoint>
					<Trackpoint>
						<Time>2569-05-19T14:21:15Z</Time>
						<Position>
							<LatitudeDegrees>9.142838</LatitudeDegrees>
							<LongitudeDegrees>99.325809</LongitudeDegrees>
						</Position>
						<AltitudeMeters>41.350000</AltitudeMeters>
						<HeartRateBpm>
							<Value>110</Value>
						</HeartRateBpm>
						<Cadence>55</Cadence>
						<Extensions>
							<ns3:TPX>
								<ns3:Speed>0.868060</ns3:Speed>
							</ns3:TPX>
						</Extensions>
					</Trackpoint>
					<Trackpoint>
						<Time>2569-05-19T14:21:17Z</Time>
						<Position>
							<LatitudeDegrees>9.142851</LatitudeDegrees>
							<LongitudeDegrees>99.325797</LongitudeDegrees>
						</Position>
						<AltitudeMeters>41.360000</AltitudeMeters>
						<HeartRateBpm>
							<Value>110</Value>
						</HeartRateBpm>
						<Cadence>54</Cadence>
						<Extensions>
							<ns3:TPX>
								<ns3:Speed>0.879510</ns3:Speed>
							</ns3:TPX>
						</Extensions>
					</Trackpoint>
					<Trackpoint>
						<Time>2569-05-19T14:21:17Z</Time>
						<Position>
							<LatitudeDegrees>9.142851</LatitudeDegrees>
							<LongitudeDegrees>99.325797</LongitudeDegrees>
						</Position>
						<AltitudeMeters>41.360000</AltitudeMeters>
						<HeartRateBpm>
							<Value>110</Value>
						</HeartRateBpm>
						<Cadence>54</Cadence>
						<Extensions>
							<ns3:TPX>
								<ns3:Speed>0.879510</ns3:Speed>
							</ns3:TPX>
						</Extensions>
					</Trackpoint>
					<Trackpoint>
						<Time>2569-05-19T14:21:18Z</Time>
						<Position>
							<LatitudeDegrees>9.142858</LatitudeDegrees>
							<LongitudeDegrees>99.325790</LongitudeDegrees>
						</Position>
						<AltitudeMeters>41.360000</AltitudeMeters>
						<HeartRateBpm>
							<Value>110</Value>
						</HeartRateBpm>
						<Cadence>54</Cadence>
						<Extensions>
							<ns3:TPX>
								<ns3:Speed>0.882610</ns3:Speed>
							</ns3:TPX>
						</Extensions>
					</Trackpoint>
					<Trackpoint>
						<Time>2569-05-19T14:21:19Z</Time>
						<Position>
							<LatitudeDegrees>9.142864</LatitudeDegrees>
							<LongitudeDegrees>99.325784</LongitudeDegrees>
						</Position>
						<AltitudeMeters>41.360000</AltitudeMeters>
						<HeartRateBpm>
							<Value>109</Value>
						</HeartRateBpm>
						<Cadence>53</Cadence>
						<Extensions>
							<ns3:TPX>
								<ns3:Speed>0.884960</ns3:Speed>
							</ns3:TPX>
						</Extensions>
					</Trackpoint>
					<Trackpoint>
						<Time>2569-05-19T14:21:20Z</Time>
						<Position>
							<LatitudeDegrees>9.142869</LatitudeDegrees>
							<LongitudeDegrees>99.325778</LongitudeDegrees>
						</Position>
						<AltitudeMeters>41.360000</AltitudeMeters>
						<HeartRateBpm>
							<Value>109</Value>
						</HeartRateBpm>
						<Cadence>53</Cadence>
						<Extensions>
							<ns3:TPX>
								<ns3:Speed>0.887310</ns3:Speed>
							</ns3:TPX>
						</Extensions>
					</Trackpoint>
					<Trackpoint>
						<Time>2569-05-19T14:21:21Z</Time>
						<Position>
							<LatitudeDegrees>9.142872</LatitudeDegrees>
							<LongitudeDegrees>99.325773</LongitudeDegrees>
						</Position>
						<AltitudeMeters>41.360000</AltitudeMeters>
						<HeartRateBpm>
							<Value>109</Value>
						</HeartRateBpm>
						<Cadence>53</Cadence>
						<Extensions>
							<ns3:TPX>
								<ns3:Speed>0.888890</ns3:Speed>
							</ns3:TPX>
						</Extensions>
					</Trackpoint>
					<Trackpoint>
						<Time>2569-05-19T14:21:22Z</Time>
						<Position>
							<LatitudeDegrees>9.142876</LatitudeDegrees>
							<LongitudeDegrees>99.325770</LongitudeDegrees>
						</Position>
						<AltitudeMeters>41.360000</AltitudeMeters>
						<HeartRateBpm>
							<Value>109</Value>
						</HeartRateBpm>
						<Cadence>53</Cadence>
						<Extensions>
							<ns3:TPX>
								<ns3:Speed>0.889680</ns3:Speed>
							</ns3:TPX>
						</Extensions>
					</Trackpoint>
					<Trackpoint>
						<Time>2569-05-19T14:21:23Z</Time>
						<Position>
							<LatitudeDegrees>9.142881</LatitudeDegrees>
							<LongitudeDegrees>99.325767</LongitudeDegrees>
						</Position>
						<AltitudeMeters>41.360000</AltitudeMeters>
						<HeartRateBpm>
							<Value>110</Value>
						</HeartRateBpm>
						<Cadence>53</Cadence>
						<Extensions>
							<ns3:TPX>
								<ns3:Speed>0.891270</ns3:Speed>
							</ns3:TPX>
						</Extensions>
					</Trackpoint>
					<Trackpoint>
						<Time>2569-05-19T14:21:24Z</Time>
						<Position>
							<LatitudeDegrees>9.142885</LatitudeDegrees>
							<LongitudeDegrees>99.325763</LongitudeDegrees>
						</Position>
						<AltitudeMeters>41.370000</AltitudeMeters>
						<HeartRateBpm>
							<Value>110</Value>
						</HeartRateBpm>
						<Cadence>53</Cadence>
						<Extensions>
							<ns3:TPX>
								<ns3:Speed>0.891270</ns3:Speed>
							</ns3:TPX>
						</Extensions>
					</Trackpoint>
					<Trackpoint>
						<Time>2569-05-19T14:21:26Z</Time>
						<Position>
							<LatitudeDegrees>9.142892</LatitudeDegrees>
							<LongitudeDegrees>99.325753</LongitudeDegrees>
						</Position>
						<AltitudeMeters>41.370000</AltitudeMeters>
						<HeartRateBpm>
							<Value>110</Value>
						</HeartRateBpm>
						<Cadence>53</Cadence>
						<Extensions>
							<ns3:TPX>
								<ns3:Speed>0.886520</ns3:Speed>
							</ns3:TPX>
						</Extensions>
					</Trackpoint>
					<Trackpoint>
						<Time>2569-05-19T14:21:26Z</Time>
						<Position>
							<LatitudeDegrees>9.142892</LatitudeDegrees>
							<LongitudeDegrees>99.325753</LongitudeDegrees>
						</Position>
						<AltitudeMeters>41.370000</AltitudeMeters>
						<HeartRateBpm>
							<Value>110</Value>
						</HeartRateBpm>
						<Cadence>53</Cadence>
						<Extensions>
							<ns3:TPX>
								<ns3:Speed>0.886520</ns3:Speed>
							</ns3:TPX>
						</Extensions>
					</Trackpoint>
					<Trackpoint>
						<Time>2569-05-19T14:21:27Z</Time>
						<Position>
							<LatitudeDegrees>9.142897</LatitudeDegrees>
							<LongitudeDegrees>99.325744</LongitudeDegrees>
						</Position>
						<AltitudeMeters>41.370000</AltitudeMeters>
						<HeartRateBpm>
							<Value>111</Value>
						</HeartRateBpm>
						<Cadence>53</Cadence>
						<Extensions>
							<ns3:TPX>
								<ns3:Speed>0.882610</ns3:Speed>
							</ns3:TPX>
						</Extensions>
					</Trackpoint>
					<Trackpoint>
						<Time>2569-05-19T14:21:28Z</Time>
						<Position>
							<LatitudeDegrees>9.142904</LatitudeDegrees>
							<LongitudeDegrees>99.325735</LongitudeDegrees>
						</Position>
						<AltitudeMeters>41.370000</AltitudeMeters>
						<HeartRateBpm>
							<Value>111</Value>
						</HeartRateBpm>
						<Cadence>54</Cadence>
						<Extensions>
							<ns3:TPX>
								<ns3:Speed>0.877960</ns3:Speed>
							</ns3:TPX>
						</Extensions>
					</Trackpoint>
					<Trackpoint>
						<Time>2569-05-19T14:21:29Z</Time>
						<Position>
							<LatitudeDegrees>9.142910</LatitudeDegrees>
							<LongitudeDegrees>99.325722</LongitudeDegrees>
						</Position>
						<AltitudeMeters>41.370000</AltitudeMeters>
						<HeartRateBpm>
							<Value>111</Value>
						</HeartRateBpm>
						<Cadence>54</Cadence>
						<Extensions>
							<ns3:TPX>
								<ns3:Speed>0.874130</ns3:Speed>
							</ns3:TPX>
						</Extensions>
					</Trackpoint>
					<Trackpoint>
						<Time>2569-05-19T14:21:30Z</Time>
						<Position>
							<LatitudeDegrees>9.142916</LatitudeDegrees>
							<LongitudeDegrees>99.325708</LongitudeDegrees>
						</Position>
						<AltitudeMeters>41.370000</AltitudeMeters>
						<HeartRateBpm>
							<Value>111</Value>
						</HeartRateBpm>
						<Cadence>54</Cadence>
						<Extensions>
							<ns3:TPX>
								<ns3:Speed>0.871840</ns3:Speed>
							</ns3:TPX>
						</Extensions>
					</Trackpoint>
					<Trackpoint>
						<Time>2569-05-19T14:21:31Z</Time>
						<Position>
							<LatitudeDegrees>9.142921</LatitudeDegrees>
							<LongitudeDegrees>99.325695</LongitudeDegrees>
						</Position>
						<AltitudeMeters>41.380000</AltitudeMeters>
						<HeartRateBpm>
							<Value>112</Value>
						</HeartRateBpm>
						<Cadence>54</Cadence>
						<Extensions>
							<ns3:TPX>
								<ns3:Speed>0.869570</ns3:Speed>
							</ns3:TPX>
						</Extensions>
					</Trackpoint>
					<Trackpoint>
						<Time>2569-05-19T14:21:32Z</Time>
						<Position>
							<LatitudeDegrees>9.142928</LatitudeDegrees>
							<LongitudeDegrees>99.325686</LongitudeDegrees>
						</Position>
						<AltitudeMeters>41.380000</AltitudeMeters>
						<HeartRateBpm>
							<Value>112</Value>
						</HeartRateBpm>
						<Cadence>54</Cadence>
						<Extensions>
							<ns3:TPX>
								<ns3:Speed>0.868060</ns3:Speed>
							</ns3:TPX>
						</Extensions>
					</Trackpoint>
					<Trackpoint>
						<Time>2569-05-19T14:21:33Z</Time>
						<Position>
							<LatitudeDegrees>9.142935</LatitudeDegrees>
							<LongitudeDegrees>99.325678</LongitudeDegrees>
						</Position>
						<AltitudeMeters>41.380000</AltitudeMeters>
						<HeartRateBpm>
							<Value>111</Value>
						</HeartRateBpm>
						<Cadence>55</Cadence>
						<Extensions>
							<ns3:TPX>
								<ns3:Speed>0.866550</ns3:Speed>
							</ns3:TPX>
						</Extensions>
					</Trackpoint>
					<Trackpoint>
						<Time>2569-05-19T14:21:34Z</Time>
						<Position>
							<LatitudeDegrees>9.142942</LatitudeDegrees>
							<LongitudeDegrees>99.325672</LongitudeDegrees>
						</Position>
						<AltitudeMeters>41.370000</AltitudeMeters>
						<HeartRateBpm>
							<Value>111</Value>
						</HeartRateBpm>
						<Cadence>55</Cadence>
						<Extensions>
							<ns3:TPX>
								<ns3:Speed>0.865050</ns3:Speed>
							</ns3:TPX>
						</Extensions>
					</Trackpoint>
					<Trackpoint>
						<Time>2569-05-19T14:21:35Z</Time>
						<Position>
							<LatitudeDegrees>9.142951</LatitudeDegrees>
							<LongitudeDegrees>99.325665</LongitudeDegrees>
						</Position>
						<AltitudeMeters>41.370000</AltitudeMeters>
						<HeartRateBpm>
							<Value>111</Value>
						</HeartRateBpm>
						<Cadence>55</Cadence>
						<Extensions>
							<ns3:TPX>
								<ns3:Speed>0.864300</ns3:Speed>
							</ns3:TPX>
						</Extensions>
					</Trackpoint>
					<Trackpoint>
						<Time>2569-05-19T14:21:36Z</Time>
						<Position>
							<LatitudeDegrees>9.142961</LatitudeDegrees>
							<LongitudeDegrees>99.325657</LongitudeDegrees>
						</Position>
						<AltitudeMeters>41.360000</AltitudeMeters>
						<HeartRateBpm>
							<Value>111</Value>
						</HeartRateBpm>
						<Cadence>55</Cadence>
						<Extensions>
							<ns3:TPX>
								<ns3:Speed>0.864300</ns3:Speed>
							</ns3:TPX>
						</Extensions>
					</Trackpoint>
					<Trackpoint>
						<Time>2569-05-19T14:21:37Z</Time>
						<Position>
							<LatitudeDegrees>9.142974</LatitudeDegrees>
							<LongitudeDegrees>99.325632</LongitudeDegrees>
						</Position>
						<AltitudeMeters>41.350000</AltitudeMeters>
						<HeartRateBpm>
							<Value>112</Value>
						</HeartRateBpm>
						<Cadence>54</Cadence>
						<Extensions>
							<ns3:TPX>
								<ns3:Speed>0.865800</ns3:Speed>
							</ns3:TPX>
						</Extensions>
					</Trackpoint>
					<Trackpoint>
						<Time>2569-05-19T14:21:39Z</Time>
						<Position>
							<LatitudeDegrees>9.142992</LatitudeDegrees>
							<LongitudeDegrees>99.325592</LongitudeDegrees>
						</Position>
						<AltitudeMeters>41.330000</AltitudeMeters>
						<HeartRateBpm>
							<Value>113</Value>
						</HeartRateBpm>
						<Cadence>55</Cadence>
						<Extensions>
							<ns3:TPX>
								<ns3:Speed>0.900090</ns3:Speed>
							</ns3:TPX>
						</Extensions>
					</Trackpoint>
					<Trackpoint>
						<Time>2569-05-19T14:21:39Z</Time>
						<Position>
							<LatitudeDegrees>9.142992</LatitudeDegrees>
							<LongitudeDegrees>99.325592</LongitudeDegrees>
						</Position>
						<AltitudeMeters>41.330000</AltitudeMeters>
						<HeartRateBpm>
							<Value>113</Value>
						</HeartRateBpm>
						<Cadence>55</Cadence>
						<Extensions>
							<ns3:TPX>
								<ns3:Speed>0.900090</ns3:Speed>
							</ns3:TPX>
						</Extensions>
					</Trackpoint>
					<Trackpoint>
						<Time>2569-05-19T14:21:41Z</Time>
						<Position>
							<LatitudeDegrees>9.143005</LatitudeDegrees>
							<LongitudeDegrees>99.325562</LongitudeDegrees>
						</Position>
						<AltitudeMeters>41.300000</AltitudeMeters>
						<HeartRateBpm>
							<Value>114</Value>
						</HeartRateBpm>
						<Cadence>53</Cadence>
						<Extensions>
							<ns3:TPX>
								<ns3:Speed>1.009080</ns3:Speed>
							</ns3:TPX>
						</Extensions>
					</Trackpoint>
					<Trackpoint>
						<Time>2569-05-19T14:21:41Z</Time>
						<Position>
							<LatitudeDegrees>9.143005</LatitudeDegrees>
							<LongitudeDegrees>99.325562</LongitudeDegrees>
						</Position>
						<AltitudeMeters>41.300000</AltitudeMeters>
						<HeartRateBpm>
							<Value>114</Value>
						</HeartRateBpm>
						<Cadence>53</Cadence>
						<Extensions>
							<ns3:TPX>
								<ns3:Speed>1.009080</ns3:Speed>
							</ns3:TPX>
						</Extensions>
					</Trackpoint>
					<Trackpoint>
						<Time>2569-05-19T14:21:42Z</Time>
						<Position>
							<LatitudeDegrees>9.143012</LatitudeDegrees>
							<LongitudeDegrees>99.325551</LongitudeDegrees>
						</Position>
						<AltitudeMeters>41.290000</AltitudeMeters>
						<HeartRateBpm>
							<Value>115</Value>
						</HeartRateBpm>
						<Cadence>53</Cadence>
						<Extensions>
							<ns3:TPX>
								<ns3:Speed>1.047120</ns3:Speed>
							</ns3:TPX>
						</Extensions>
					</Trackpoint>
					<Trackpoint>
						<Time>2569-05-19T14:21:43Z</Time>
						<Position>
							<LatitudeDegrees>9.143017</LatitudeDegrees>
							<LongitudeDegrees>99.325540</LongitudeDegrees>
						</Position>
						<AltitudeMeters>41.290000</AltitudeMeters>
						<HeartRateBpm>
							<Value>116</Value>
						</HeartRateBpm>
						<Cadence>58</Cadence>
						<Extensions>
							<ns3:TPX>
								<ns3:Speed>1.067240</ns3:Speed>
							</ns3:TPX>
						</Extensions>
					</Trackpoint>
					<Trackpoint>
						<Time>2569-05-19T14:21:45Z</Time>
						<Position>
							<LatitudeDegrees>9.143023</LatitudeDegrees>
							<LongitudeDegrees>99.325530</LongitudeDegrees>
						</Position>
						<AltitudeMeters>41.270000</AltitudeMeters>
						<HeartRateBpm>
							<Value>117</Value>
						</HeartRateBpm>
						<Cadence>57</Cadence>
						<Extensions>
							<ns3:TPX>
								<ns3:Speed>1.076430</ns3:Speed>
							</ns3:TPX>
						</Extensions>
					</Trackpoint>
					<Trackpoint>
						<Time>2569-05-19T14:21:46Z</Time>
						<Position>
							<LatitudeDegrees>9.143037</LatitudeDegrees>
							<LongitudeDegrees>99.325510</LongitudeDegrees>
						</Position>
						<AltitudeMeters>41.250000</AltitudeMeters>
						<HeartRateBpm>
							<Value>119</Value>
						</HeartRateBpm>
						<Cadence>57</Cadence>
						<Extensions>
							<ns3:TPX>
								<ns3:Speed>1.088140</ns3:Speed>
							</ns3:TPX>
						</Extensions>
					</Trackpoint>
					<Trackpoint>
						<Time>2569-05-19T14:21:46Z</Time>
						<Position>
							<LatitudeDegrees>9.143037</LatitudeDegrees>
							<LongitudeDegrees>99.325510</LongitudeDegrees>
						</Position>
						<AltitudeMeters>41.250000</AltitudeMeters>
						<HeartRateBpm>
							<Value>119</Value>
						</HeartRateBpm>
						<Cadence>57</Cadence>
						<Extensions>
							<ns3:TPX>
								<ns3:Speed>1.088140</ns3:Speed>
							</ns3:TPX>
						</Extensions>
					</Trackpoint>
					<Trackpoint>
						<Time>2569-05-19T14:21:47Z</Time>
						<Position>
							<LatitudeDegrees>9.143046</LatitudeDegrees>
							<LongitudeDegrees>99.325502</LongitudeDegrees>
						</Position>
						<AltitudeMeters>41.240000</AltitudeMeters>
						<HeartRateBpm>
							<Value>121</Value>
						</HeartRateBpm>
						<Cadence>56</Cadence>
						<Extensions>
							<ns3:TPX>
								<ns3:Speed>1.168220</ns3:Speed>
							</ns3:TPX>
						</Extensions>
					</Trackpoint>
					<Trackpoint>
						<Time>2569-05-19T14:21:48Z</Time>
						<Position>
							<LatitudeDegrees>9.143053</LatitudeDegrees>
							<LongitudeDegrees>99.325493</LongitudeDegrees>
						</Position>
						<AltitudeMeters>41.240000</AltitudeMeters>
						<HeartRateBpm>
							<Value>122</Value>
						</HeartRateBpm>
						<Cadence>56</Cadence>
						<Extensions>
							<ns3:TPX>
								<ns3:Speed>1.230010</ns3:Speed>
							</ns3:TPX>
						</Extensions>
					</Trackpoint>
					<Trackpoint>
						<Time>2569-05-19T14:21:50Z</Time>
						<Position>
							<LatitudeDegrees>9.143073</LatitudeDegrees>
							<LongitudeDegrees>99.325475</LongitudeDegrees>
						</Position>
						<AltitudeMeters>41.210000</AltitudeMeters>
						<HeartRateBpm>
							<Value>121</Value>
						</HeartRateBpm>
						<Cadence>55</Cadence>
						<Extensions>
							<ns3:TPX>
								<ns3:Speed>1.201920</ns3:Speed>
							</ns3:TPX>
						</Extensions>
					</Trackpoint>
					<Trackpoint>
						<Time>2569-05-19T14:21:50Z</Time>
						<Position>
							<LatitudeDegrees>9.143073</LatitudeDegrees>
							<LongitudeDegrees>99.325475</LongitudeDegrees>
						</Position>
						<AltitudeMeters>41.210000</AltitudeMeters>
						<HeartRateBpm>
							<Value>121</Value>
						</HeartRateBpm>
						<Cadence>55</Cadence>
						<Extensions>
							<ns3:TPX>
								<ns3:Speed>1.201920</ns3:Speed>
							</ns3:TPX>
						</Extensions>
					</Trackpoint>
					<Trackpoint>
						<Time>2569-05-19T14:21:51Z</Time>
						<Position>
							<LatitudeDegrees>9.143085</LatitudeDegrees>
							<LongitudeDegrees>99.325463</LongitudeDegrees>
						</Position>
						<AltitudeMeters>41.200000</AltitudeMeters>
						<HeartRateBpm>
							<Value>119</Value>
						</HeartRateBpm>
						<Cadence>55</Cadence>
						<Extensions>
							<ns3:TPX>
								<ns3:Speed>1.206270</ns3:Speed>
							</ns3:TPX>
						</Extensions>
					</Trackpoint>
					<Trackpoint>
						<Time>2569-05-19T14:21:53Z</Time>
						<Position>
							<LatitudeDegrees>9.143100</LatitudeDegrees>
							<LongitudeDegrees>99.325448</LongitudeDegrees>
						</Position>
						<AltitudeMeters>41.180000</AltitudeMeters>
						<HeartRateBpm>
							<Value>118</Value>
						</HeartRateBpm>
						<Cadence>55</Cadence>
						<Extensions>
							<ns3:TPX>
								<ns3:Speed>1.055970</ns3:Speed>
							</ns3:TPX>
						</Extensions>
					</Trackpoint>
					<Trackpoint>
						<Time>2569-05-19T14:21:54Z</Time>
						<Position>
							<LatitudeDegrees>9.143114</LatitudeDegrees>
							<LongitudeDegrees>99.325436</LongitudeDegrees>
						</Position>
						<AltitudeMeters>41.150000</AltitudeMeters>
						<HeartRateBpm>
							<Value>118</Value>
						</HeartRateBpm>
						<Cadence>55</Cadence>
						<Extensions>
							<ns3:TPX>
								<ns3:Speed>1.064960</ns3:Speed>
							</ns3:TPX>
						</Extensions>
					</Trackpoint>
					<Trackpoint>
						<Time>2569-05-19T14:21:55Z</Time>
						<Position>
							<LatitudeDegrees>9.143125</LatitudeDegrees>
							<LongitudeDegrees>99.325425</LongitudeDegrees>
						</Position>
						<AltitudeMeters>41.130000</AltitudeMeters>
						<HeartRateBpm>
							<Value>118</Value>
						</HeartRateBpm>
						<Cadence>54</Cadence>
						<Extensions>
							<ns3:TPX>
								<ns3:Speed>1.096490</ns3:Speed>
							</ns3:TPX>
						</Extensions>
					</Trackpoint>
					<Trackpoint>
						<Time>2569-05-19T14:21:56Z</Time>
						<Position>
							<LatitudeDegrees>9.143134</LatitudeDegrees>
							<LongitudeDegrees>99.325415</LongitudeDegrees>
						</Position>
						<AltitudeMeters>41.130000</AltitudeMeters>
						<HeartRateBpm>
							<Value>117</Value>
						</HeartRateBpm>
						<Cadence>55</Cadence>
						<Extensions>
							<ns3:TPX>
								<ns3:Speed>1.119820</ns3:Speed>
							</ns3:TPX>
						</Extensions>
					</Trackpoint>
					<Trackpoint>
						<Time>2569-05-19T14:21:57Z</Time>
						<Position>
							<LatitudeDegrees>9.143142</LatitudeDegrees>
							<LongitudeDegrees>99.325408</LongitudeDegrees>
						</Position>
						<AltitudeMeters>41.120000</AltitudeMeters>
						<HeartRateBpm>
							<Value>118</Value>
						</HeartRateBpm>
						<Cadence>55</Cadence>
						<Extensions>
							<ns3:TPX>
								<ns3:Speed>1.119820</ns3:Speed>
							</ns3:TPX>
						</Extensions>
					</Trackpoint>
					<Trackpoint>
						<Time>2569-05-19T14:21:58Z</Time>
						<Position>
							<LatitudeDegrees>9.143156</LatitudeDegrees>
							<LongitudeDegrees>99.325390</LongitudeDegrees>
						</Position>
						<AltitudeMeters>41.110000</AltitudeMeters>
						<HeartRateBpm>
							<Value>118</Value>
						</HeartRateBpm>
						<Cadence>55</Cadence>
						<Extensions>
							<ns3:TPX>
								<ns3:Speed>1.144160</ns3:Speed>
							</ns3:TPX>
						</Extensions>
					</Trackpoint>
					<Trackpoint>
						<Time>2569-05-19T14:21:58Z</Time>
						<Position>
							<LatitudeDegrees>9.143156</LatitudeDegrees>
							<LongitudeDegrees>99.325390</LongitudeDegrees>
						</Position>
						<AltitudeMeters>41.110000</AltitudeMeters>
						<HeartRateBpm>
							<Value>118</Value>
						</HeartRateBpm>
						<Cadence>55</Cadence>
						<Extensions>
							<ns3:TPX>
								<ns3:Speed>1.144160</ns3:Speed>
							</ns3:TPX>
						</Extensions>
					</Trackpoint>
					<Trackpoint>
						<Time>2569-05-19T14:21:59Z</Time>
						<Position>
							<LatitudeDegrees>9.143164</LatitudeDegrees>
							<LongitudeDegrees>99.325383</LongitudeDegrees>
						</Position>
						<AltitudeMeters>41.110000</AltitudeMeters>
						<HeartRateBpm>
							<Value>117</Value>
						</HeartRateBpm>
						<Cadence>55</Cadence>
						<Extensions>
							<ns3:TPX>
								<ns3:Speed>1.257860</ns3:Speed>
							</ns3:TPX>
						</Extensions>
					</Trackpoint>
					<Trackpoint>
						<Time>2569-05-19T14:22:01Z</Time>
						<Position>
							<LatitudeDegrees>9.143180</LatitudeDegrees>
							<LongitudeDegrees>99.325372</LongitudeDegrees>
						</Position>
						<AltitudeMeters>41.110000</AltitudeMeters>
						<HeartRateBpm>
							<Value>116</Value>
						</HeartRateBpm>
						<Cadence>55</Cadence>
						<Extensions>
							<ns3:TPX>
								<ns3:Speed>1.250000</ns3:Speed>
							</ns3:TPX>
						</Extensions>
					</Trackpoint>
					<Trackpoint>
						<Time>2569-05-19T14:22:01Z</Time>
						<Position>
							<LatitudeDegrees>9.143180</LatitudeDegrees>
							<LongitudeDegrees>99.325372</LongitudeDegrees>
						</Position>
						<AltitudeMeters>41.110000</AltitudeMeters>
						<HeartRateBpm>
							<Value>116</Value>
						</HeartRateBpm>
						<Cadence>55</Cadence>
						<Extensions>
							<ns3:TPX>
								<ns3:Speed>1.250000</ns3:Speed>
							</ns3:TPX>
						</Extensions>
					</Trackpoint>
					<Trackpoint>
						<Time>2569-05-19T14:22:02Z</Time>
						<Position>
							<LatitudeDegrees>9.143189</LatitudeDegrees>
							<LongitudeDegrees>99.325367</LongitudeDegrees>
						</Position>
						<AltitudeMeters>41.100000</AltitudeMeters>
						<HeartRateBpm>
							<Value>116</Value>
						</HeartRateBpm>
						<Cadence>55</Cadence>
						<Extensions>
							<ns3:TPX>
								<ns3:Speed>1.210650</ns3:Speed>
							</ns3:TPX>
						</Extensions>
					</Trackpoint>
					<Trackpoint>
						<Time>2569-05-19T14:22:03Z</Time>
						<Position>
							<LatitudeDegrees>9.143197</LatitudeDegrees>
							<LongitudeDegrees>99.325361</LongitudeDegrees>
						</Position>
						<AltitudeMeters>41.100000</AltitudeMeters>
						<HeartRateBpm>
							<Value>116</Value>
						</HeartRateBpm>
						<Cadence>56</Cadence>
						<Extensions>
							<ns3:TPX>
								<ns3:Speed>1.179250</ns3:Speed>
							</ns3:TPX>
						</Extensions>
					</Trackpoint>
					<Trackpoint>
						<Time>2569-05-19T14:22:04Z</Time>
						<Position>
							<LatitudeDegrees>9.143203</LatitudeDegrees>
							<LongitudeDegrees>99.325357</LongitudeDegrees>
						</Position>
						<AltitudeMeters>41.100000</AltitudeMeters>
						<HeartRateBpm>
							<Value>116</Value>
						</HeartRateBpm>
						<Cadence>56</Cadence>
						<Extensions>
							<ns3:TPX>
								<ns3:Speed>1.142860</ns3:Speed>
							</ns3:TPX>
						</Extensions>
					</Trackpoint>
					<Trackpoint>
						<Time>2569-05-19T14:22:05Z</Time>
						<Position>
							<LatitudeDegrees>9.143209</LatitudeDegrees>
							<LongitudeDegrees>99.325350</LongitudeDegrees>
						</Position>
						<AltitudeMeters>41.100000</AltitudeMeters>
						<HeartRateBpm>
							<Value>116</Value>
						</HeartRateBpm>
						<Cadence>56</Cadence>
						<Extensions>
							<ns3:TPX>
								<ns3:Speed>1.106190</ns3:Speed>
							</ns3:TPX>
						</Extensions>
					</Trackpoint>
					<Trackpoint>
						<Time>2569-05-19T14:22:06Z</Time>
						<Position>
							<LatitudeDegrees>9.143215</LatitudeDegrees>
							<LongitudeDegrees>99.325345</LongitudeDegrees>
						</Position>
						<AltitudeMeters>41.110000</AltitudeMeters>
						<HeartRateBpm>
							<Value>117</Value>
						</HeartRateBpm>
						<Cadence>56</Cadence>
						<Extensions>
							<ns3:TPX>
								<ns3:Speed>1.075270</ns3:Speed>
							</ns3:TPX>
						</Extensions>
					</Trackpoint>
					<Trackpoint>
						<Time>2569-05-19T14:22:07Z</Time>
						<Position>
							<LatitudeDegrees>9.143221</LatitudeDegrees>
							<LongitudeDegrees>99.325340</LongitudeDegrees>
						</Position>
						<AltitudeMeters>41.110000</AltitudeMeters>
						<HeartRateBpm>
							<Value>116</Value>
						</HeartRateBpm>
						<Cadence>55</Cadence>
						<Extensions>
							<ns3:TPX>
								<ns3:Speed>1.047120</ns3:Speed>
							</ns3:TPX>
						</Extensions>
					</Trackpoint>
					<Trackpoint>
						<Time>2569-05-19T14:22:08Z</Time>
						<Position>
							<LatitudeDegrees>9.143226</LatitudeDegrees>
							<LongitudeDegrees>99.325337</LongitudeDegrees>
						</Position>
						<AltitudeMeters>41.110000</AltitudeMeters>
						<HeartRateBpm>
							<Value>116</Value>
						</HeartRateBpm>
						<Cadence>55</Cadence>
						<Extensions>
							<ns3:TPX>
								<ns3:Speed>1.004020</ns3:Speed>
							</ns3:TPX>
						</Extensions>
					</Trackpoint>
					<Trackpoint>
						<Time>2569-05-19T14:22:09Z</Time>
						<Position>
							<LatitudeDegrees>9.143230</LatitudeDegrees>
							<LongitudeDegrees>99.325334</LongitudeDegrees>
						</Position>
						<AltitudeMeters>41.110000</AltitudeMeters>
						<HeartRateBpm>
							<Value>116</Value>
						</HeartRateBpm>
						<Cadence>54</Cadence>
						<Extensions>
							<ns3:TPX>
								<ns3:Speed>0.950570</ns3:Speed>
							</ns3:TPX>
						</Extensions>
					</Trackpoint>
					<Trackpoint>
						<Time>2569-05-19T14:22:11Z</Time>
						<Position>
							<LatitudeDegrees>9.143241</LatitudeDegrees>
							<LongitudeDegrees>99.325328</LongitudeDegrees>
						</Position>
						<AltitudeMeters>41.110000</AltitudeMeters>
						<HeartRateBpm>
							<Value>115</Value>
						</HeartRateBpm>
						<Cadence>54</Cadence>
						<Extensions>
							<ns3:TPX>
								<ns3:Speed>0.874130</ns3:Speed>
							</ns3:TPX>
						</Extensions>
					</Trackpoint>
					<Trackpoint>
						<Time>2569-05-19T14:22:11Z</Time>
						<Position>
							<LatitudeDegrees>9.143241</LatitudeDegrees>
							<LongitudeDegrees>99.325328</LongitudeDegrees>
						</Position>
						<AltitudeMeters>41.110000</AltitudeMeters>
						<HeartRateBpm>
							<Value>115</Value>
						</HeartRateBpm>
						<Cadence>54</Cadence>
						<Extensions>
							<ns3:TPX>
								<ns3:Speed>0.874130</ns3:Speed>
							</ns3:TPX>
						</Extensions>
					</Trackpoint>
					<Trackpoint>
						<Time>2569-05-19T14:22:13Z</Time>
						<Position>
							<LatitudeDegrees>9.143254</LatitudeDegrees>
							<LongitudeDegrees>99.325324</LongitudeDegrees>
						</Position>
						<AltitudeMeters>41.120000</AltitudeMeters>
						<HeartRateBpm>
							<Value>115</Value>
						</HeartRateBpm>
						<Cadence>54</Cadence>
						<Extensions>
							<ns3:TPX>
								<ns3:Speed>0.841040</ns3:Speed>
							</ns3:TPX>
						</Extensions>
					</Trackpoint>
					<Trackpoint>
						<Time>2569-05-19T14:22:13Z</Time>
						<Position>
							<LatitudeDegrees>9.143254</LatitudeDegrees>
							<LongitudeDegrees>99.325324</LongitudeDegrees>
						</Position>
						<AltitudeMeters>41.120000</AltitudeMeters>
						<HeartRateBpm>
							<Value>115</Value>
						</HeartRateBpm>
						<Cadence>54</Cadence>
						<Extensions>
							<ns3:TPX>
								<ns3:Speed>0.841040</ns3:Speed>
							</ns3:TPX>
						</Extensions>
					</Trackpoint>
					<Trackpoint>
						<Time>2569-05-19T14:22:14Z</Time>
						<Position>
							<LatitudeDegrees>9.143262</LatitudeDegrees>
							<LongitudeDegrees>99.325320</LongitudeDegrees>
						</Position>
						<AltitudeMeters>41.110000</AltitudeMeters>
						<HeartRateBpm>
							<Value>114</Value>
						</HeartRateBpm>
						<Cadence>54</Cadence>
						<Extensions>
							<ns3:TPX>
								<ns3:Speed>0.831950</ns3:Speed>
							</ns3:TPX>
						</Extensions>
					</Trackpoint>
					<Trackpoint>
						<Time>2569-05-19T14:22:15Z</Time>
						<Position>
							<LatitudeDegrees>9.143271</LatitudeDegrees>
							<LongitudeDegrees>99.325315</LongitudeDegrees>
						</Position>
						<AltitudeMeters>41.120000</AltitudeMeters>
						<HeartRateBpm>
							<Value>114</Value>
						</HeartRateBpm>
						<Cadence>54</Cadence>
						<Extensions>
							<ns3:TPX>
								<ns3:Speed>0.824400</ns3:Speed>
							</ns3:TPX>
						</Extensions>
					</Trackpoint>
					<Trackpoint>
						<Time>2569-05-19T14:22:16Z</Time>
						<Position>
							<LatitudeDegrees>9.143279</LatitudeDegrees>
							<LongitudeDegrees>99.325305</LongitudeDegrees>
						</Position>
						<AltitudeMeters>41.120000</AltitudeMeters>
						<HeartRateBpm>
							<Value>114</Value>
						</HeartRateBpm>
						<Cadence>54</Cadence>
						<Extensions>
							<ns3:TPX>
								<ns3:Speed>0.817660</ns3:Speed>
							</ns3:TPX>
						</Extensions>
					</Trackpoint>
					<Trackpoint>
						<Time>2569-05-19T14:22:17Z</Time>
						<Position>
							<LatitudeDegrees>9.143288</LatitudeDegrees>
							<LongitudeDegrees>99.325293</LongitudeDegrees>
						</Position>
						<AltitudeMeters>41.120000</AltitudeMeters>
						<HeartRateBpm>
							<Value>114</Value>
						</HeartRateBpm>
						<Cadence>54</Cadence>
						<Extensions>
							<ns3:TPX>
								<ns3:Speed>0.812350</ns3:Speed>
							</ns3:TPX>
						</Extensions>
					</Trackpoint>
					<Trackpoint>
						<Time>2569-05-19T14:22:18Z</Time>
						<Position>
							<LatitudeDegrees>9.143298</LatitudeDegrees>
							<LongitudeDegrees>99.325284</LongitudeDegrees>
						</Position>
						<AltitudeMeters>41.120000</AltitudeMeters>
						<HeartRateBpm>
							<Value>114</Value>
						</HeartRateBpm>
						<Cadence>54</Cadence>
						<Extensions>
							<ns3:TPX>
								<ns3:Speed>0.805800</ns3:Speed>
							</ns3:TPX>
						</Extensions>
					</Trackpoint>
					<Trackpoint>
						<Time>2569-05-19T14:22:19Z</Time>
						<Position>
							<LatitudeDegrees>9.143305</LatitudeDegrees>
							<LongitudeDegrees>99.325269</LongitudeDegrees>
						</Position>
						<AltitudeMeters>41.130000</AltitudeMeters>
						<HeartRateBpm>
							<Value>115</Value>
						</HeartRateBpm>
						<Cadence>54</Cadence>
						<Extensions>
							<ns3:TPX>
								<ns3:Speed>0.796810</ns3:Speed>
							</ns3:TPX>
						</Extensions>
					</Trackpoint>
					<Trackpoint>
						<Time>2569-05-19T14:22:20Z</Time>
						<Position>
							<LatitudeDegrees>9.143312</LatitudeDegrees>
							<LongitudeDegrees>99.325253</LongitudeDegrees>
						</Position>
						<AltitudeMeters>41.140000</AltitudeMeters>
						<HeartRateBpm>
							<Value>114</Value>
						</HeartRateBpm>
						<Cadence>55</Cadence>
						<Extensions>
							<ns3:TPX>
								<ns3:Speed>0.790510</ns3:Speed>
							</ns3:TPX>
						</Extensions>
					</Trackpoint>
					<Trackpoint>
						<Time>2569-05-19T14:22:22Z</Time>
						<Position>
							<LatitudeDegrees>9.143318</LatitudeDegrees>
							<LongitudeDegrees>99.325240</LongitudeDegrees>
						</Position>
						<AltitudeMeters>41.160000</AltitudeMeters>
						<HeartRateBpm>
							<Value>114</Value>
						</HeartRateBpm>
						<Cadence>54</Cadence>
						<Extensions>
							<ns3:TPX>
								<ns3:Speed>0.788640</ns3:Speed>
							</ns3:TPX>
						</Extensions>
					</Trackpoint>
					<Trackpoint>
						<Time>2569-05-19T14:22:23Z</Time>
						<Position>
							<LatitudeDegrees>9.143335</LatitudeDegrees>
							<LongitudeDegrees>99.325218</LongitudeDegrees>
						</Position>
						<AltitudeMeters>41.180000</AltitudeMeters>
						<HeartRateBpm>
							<Value>114</Value>
						</HeartRateBpm>
						<Cadence>54</Cadence>
						<Extensions>
							<ns3:TPX>
								<ns3:Speed>0.794280</ns3:Speed>
							</ns3:TPX>
						</Extensions>
					</Trackpoint>
					<Trackpoint>
						<Time>2569-05-19T14:22:23Z</Time>
						<Position>
							<LatitudeDegrees>9.143335</LatitudeDegrees>
							<LongitudeDegrees>99.325218</LongitudeDegrees>
						</Position>
						<AltitudeMeters>41.180000</AltitudeMeters>
						<HeartRateBpm>
							<Value>114</Value>
						</HeartRateBpm>
						<Cadence>54</Cadence>
						<Extensions>
							<ns3:TPX>
								<ns3:Speed>0.794280</ns3:Speed>
							</ns3:TPX>
						</Extensions>
					</Trackpoint>
					<Trackpoint>
						<Time>2569-05-19T14:22:24Z</Time>
						<Position>
							<LatitudeDegrees>9.143345</LatitudeDegrees>
							<LongitudeDegrees>99.325208</LongitudeDegrees>
						</Position>
						<AltitudeMeters>41.190000</AltitudeMeters>
						<HeartRateBpm>
							<Value>114</Value>
						</HeartRateBpm>
						<Cadence>53</Cadence>
						<Extensions>
							<ns3:TPX>
								<ns3:Speed>0.801920</ns3:Speed>
							</ns3:TPX>
						</Extensions>
					</Trackpoint>
					<Trackpoint>
						<Time>2569-05-19T14:22:25Z</Time>
						<Position>
							<LatitudeDegrees>9.143353</LatitudeDegrees>
							<LongitudeDegrees>99.325198</LongitudeDegrees>
						</Position>
						<AltitudeMeters>41.200000</AltitudeMeters>
						<HeartRateBpm>
							<Value>114</Value>
						</HeartRateBpm>
						<Cadence>53</Cadence>
						<Extensions>
							<ns3:TPX>
								<ns3:Speed>0.812350</ns3:Speed>
							</ns3:TPX>
						</Extensions>
					</Trackpoint>
					<Trackpoint>
						<Time>2569-05-19T14:22:26Z</Time>
						<Position>
							<LatitudeDegrees>9.143359</LatitudeDegrees>
							<LongitudeDegrees>99.325186</LongitudeDegrees>
						</Position>
						<AltitudeMeters>41.200000</AltitudeMeters>
						<HeartRateBpm>
							<Value>114</Value>
						</HeartRateBpm>
						<Cadence>53</Cadence>
						<Extensions>
							<ns3:TPX>
								<ns3:Speed>0.826450</ns3:Speed>
							</ns3:TPX>
						</Extensions>
					</Trackpoint>
					<Trackpoint>
						<Time>2569-05-19T14:22:27Z</Time>
						<Position>
							<LatitudeDegrees>9.143363</LatitudeDegrees>
							<LongitudeDegrees>99.325174</LongitudeDegrees>
						</Position>
						<AltitudeMeters>41.210000</AltitudeMeters>
						<HeartRateBpm>
							<Value>113</Value>
						</HeartRateBpm>
						<Cadence>52</Cadence>
						<Extensions>
							<ns3:TPX>
								<ns3:Speed>0.844590</ns3:Speed>
							</ns3:TPX>
						</Extensions>
					</Trackpoint>
					<Trackpoint>
						<Time>2569-05-19T14:22:28Z</Time>
						<Position>
							<LatitudeDegrees>9.143366</LatitudeDegrees>
							<LongitudeDegrees>99.325158</LongitudeDegrees>
						</Position>
						<AltitudeMeters>41.210000</AltitudeMeters>
						<HeartRateBpm>
							<Value>113</Value>
						</HeartRateBpm>
						<Cadence>52</Cadence>
						<Extensions>
							<ns3:TPX>
								<ns3:Speed>1.116070</ns3:Speed>
							</ns3:TPX>
						</Extensions>
					</Trackpoint>
					<Trackpoint>
						<Time>2569-05-19T14:22:29Z</Time>
						<Position>
							<LatitudeDegrees>9.143369</LatitudeDegrees>
							<LongitudeDegrees>99.325143</LongitudeDegrees>
						</Position>
						<AltitudeMeters>41.210000</AltitudeMeters>
						<HeartRateBpm>
							<Value>113</Value>
						</HeartRateBpm>
						<Cadence>53</Cadence>
						<Extensions>
							<ns3:TPX>
								<ns3:Speed>1.375520</ns3:Speed>
							</ns3:TPX>
						</Extensions>
					</Trackpoint>
					<Trackpoint>
						<Time>2569-05-19T14:22:30Z</Time>
						<Position>
							<LatitudeDegrees>9.143368</LatitudeDegrees>
							<LongitudeDegrees>99.325129</LongitudeDegrees>
						</Position>
						<AltitudeMeters>41.210000</AltitudeMeters>
						<HeartRateBpm>
							<Value>113</Value>
						</HeartRateBpm>
						<Cadence>53</Cadence>
						<Extensions>
							<ns3:TPX>
								<ns3:Speed>1.375520</ns3:Speed>
							</ns3:TPX>
						</Extensions>
					</Trackpoint>
					<Trackpoint>
						<Time>2569-05-19T14:22:31Z</Time>
						<Position>
							<LatitudeDegrees>9.143365</LatitudeDegrees>
							<LongitudeDegrees>99.325119</LongitudeDegrees>
						</Position>
						<AltitudeMeters>41.220000</AltitudeMeters>
						<HeartRateBpm>
							<Value>112</Value>
						</HeartRateBpm>
						<Cadence>54</Cadence>
						<Extensions>
							<ns3:TPX>
								<ns3:Speed>1.396650</ns3:Speed>
							</ns3:TPX>
						</Extensions>
					</Trackpoint>
					<Trackpoint>
						<Time>2569-05-19T14:22:32Z</Time>
						<Position>
							<LatitudeDegrees>9.143356</LatitudeDegrees>
							<LongitudeDegrees>99.325113</LongitudeDegrees>
						</Position>
						<AltitudeMeters>41.220000</AltitudeMeters>
						<HeartRateBpm>
							<Value>113</Value>
						</HeartRateBpm>
						<Cadence>54</Cadence>
						<Extensions>
							<ns3:TPX>
								<ns3:Speed>1.420450</ns3:Speed>
							</ns3:TPX>
						</Extensions>
					</Trackpoint>
					<Trackpoint>
						<Time>2569-05-19T14:22:33Z</Time>
						<Position>
							<LatitudeDegrees>9.143345</LatitudeDegrees>
							<LongitudeDegrees>99.325107</LongitudeDegrees>
						</Position>
						<AltitudeMeters>41.220000</AltitudeMeters>
						<HeartRateBpm>
							<Value>112</Value>
						</HeartRateBpm>
						<Cadence>54</Cadence>
						<Extensions>
							<ns3:TPX>
								<ns3:Speed>1.422480</ns3:Speed>
							</ns3:TPX>
						</Extensions>
					</Trackpoint>
					<Trackpoint>
						<Time>2569-05-19T14:22:34Z</Time>
						<Position>
							<LatitudeDegrees>9.143333</LatitudeDegrees>
							<LongitudeDegrees>99.325102</LongitudeDegrees>
						</Position>
						<AltitudeMeters>41.220000</AltitudeMeters>
						<HeartRateBpm>
							<Value>112</Value>
						</HeartRateBpm>
						<Cadence>53</Cadence>
						<Extensions>
							<ns3:TPX>
								<ns3:Speed>1.400560</ns3:Speed>
							</ns3:TPX>
						</Extensions>
					</Trackpoint>
					<Trackpoint>
						<Time>2569-05-19T14:22:35Z</Time>
						<Position>
							<LatitudeDegrees>9.143322</LatitudeDegrees>
							<LongitudeDegrees>99.325099</LongitudeDegrees>
						</Position>
						<AltitudeMeters>41.220000</AltitudeMeters>
						<HeartRateBpm>
							<Value>112</Value>
						</HeartRateBpm>
						<Cadence>53</Cadence>
						<Extensions>
							<ns3:TPX>
								<ns3:Speed>1.360540</ns3:Speed>
							</ns3:TPX>
						</Extensions>
					</Trackpoint>
					<Trackpoint>
						<Time>2569-05-19T14:22:36Z</Time>
						<Position>
							<LatitudeDegrees>9.143308</LatitudeDegrees>
							<LongitudeDegrees>99.325096</LongitudeDegrees>
						</Position>
						<AltitudeMeters>41.220000</AltitudeMeters>
						<HeartRateBpm>
							<Value>112</Value>
						</HeartRateBpm>
						<Cadence>53</Cadence>
						<Extensions>
							<ns3:TPX>
								<ns3:Speed>1.310620</ns3:Speed>
							</ns3:TPX>
						</Extensions>
					</Trackpoint>
					<Trackpoint>
						<Time>2569-05-19T14:22:37Z</Time>
						<Position>
							<LatitudeDegrees>9.143294</LatitudeDegrees>
							<LongitudeDegrees>99.325094</LongitudeDegrees>
						</Position>
						<AltitudeMeters>41.210000</AltitudeMeters>
						<HeartRateBpm>
							<Value>112</Value>
						</HeartRateBpm>
						<Cadence>53</Cadence>
						<Extensions>
							<ns3:TPX>
								<ns3:Speed>1.278770</ns3:Speed>
							</ns3:TPX>
						</Extensions>
					</Trackpoint>
					<Trackpoint>
						<Time>2569-05-19T14:22:38Z</Time>
						<Position>
							<LatitudeDegrees>9.143286</LatitudeDegrees>
							<LongitudeDegrees>99.325086</LongitudeDegrees>
						</Position>
						<AltitudeMeters>41.210000</AltitudeMeters>
						<HeartRateBpm>
							<Value>113</Value>
						</HeartRateBpm>
						<Cadence>53</Cadence>
						<Extensions>
							<ns3:TPX>
								<ns3:Speed>1.278770</ns3:Speed>
							</ns3:TPX>
						</Extensions>
					</Trackpoint>
					<Trackpoint>
						<Time>2569-05-19T14:22:39Z</Time>
						<Position>
							<LatitudeDegrees>9.143277</LatitudeDegrees>
							<LongitudeDegrees>99.325079</LongitudeDegrees>
						</Position>
						<AltitudeMeters>41.210000</AltitudeMeters>
						<HeartRateBpm>
							<Value>113</Value>
						</HeartRateBpm>
						<Cadence>53</Cadence>
						<Extensions>
							<ns3:TPX>
								<ns3:Speed>1.278770</ns3:Speed>
							</ns3:TPX>
						</Extensions>
					</Trackpoint>
					<Trackpoint>
						<Time>2569-05-19T14:22:41Z</Time>
						<Position>
							<LatitudeDegrees>9.143260</LatitudeDegrees>
							<LongitudeDegrees>99.325062</LongitudeDegrees>
						</Position>
						<AltitudeMeters>41.210000</AltitudeMeters>
						<HeartRateBpm>
							<Value>113</Value>
						</HeartRateBpm>
						<Cadence>54</Cadence>
						<Extensions>
							<ns3:TPX>
								<ns3:Speed>1.303780</ns3:Speed>
							</ns3:TPX>
						</Extensions>
					</Trackpoint>
					<Trackpoint>
						<Time>2569-05-19T14:22:41Z</Time>
						<Position>
							<LatitudeDegrees>9.143260</LatitudeDegrees>
							<LongitudeDegrees>99.325062</LongitudeDegrees>
						</Position>
						<AltitudeMeters>41.210000</AltitudeMeters>
						<HeartRateBpm>
							<Value>113</Value>
						</HeartRateBpm>
						<Cadence>54</Cadence>
						<Extensions>
							<ns3:TPX>
								<ns3:Speed>1.303780</ns3:Speed>
							</ns3:TPX>
						</Extensions>
					</Trackpoint>
					<Trackpoint>
						<Time>2569-05-19T14:22:42Z</Time>
						<Position>
							<LatitudeDegrees>9.143255</LatitudeDegrees>
							<LongitudeDegrees>99.325055</LongitudeDegrees>
						</Position>
						<AltitudeMeters>41.200000</AltitudeMeters>
						<HeartRateBpm>
							<Value>113</Value>
						</HeartRateBpm>
						<Cadence>54</Cadence>
						<Extensions>
							<ns3:TPX>
								<ns3:Speed>1.336900</ns3:Speed>
							</ns3:TPX>
						</Extensions>
					</Trackpoint>
					<Trackpoint>
						<Time>2569-05-19T14:22:43Z</Time>
						<Position>
							<LatitudeDegrees>9.143246</LatitudeDegrees>
							<LongitudeDegrees>99.325052</LongitudeDegrees>
						</Position>
						<AltitudeMeters>41.190000</AltitudeMeters>
						<HeartRateBpm>
							<Value>113</Value>
						</HeartRateBpm>
						<Cadence>54</Cadence>
						<Extensions>
							<ns3:TPX>
								<ns3:Speed>1.353180</ns3:Speed>
							</ns3:TPX>
						</Extensions>
					</Trackpoint>
					<Trackpoint>
						<Time>2569-05-19T14:22:44Z</Time>
						<Position>
							<LatitudeDegrees>9.143239</LatitudeDegrees>
							<LongitudeDegrees>99.325049</LongitudeDegrees>
						</Position>
						<AltitudeMeters>41.190000</AltitudeMeters>
						<HeartRateBpm>
							<Value>112</Value>
						</HeartRateBpm>
						<Cadence>55</Cadence>
						<Extensions>
							<ns3:TPX>
								<ns3:Speed>1.340480</ns3:Speed>
							</ns3:TPX>
						</Extensions>
					</Trackpoint>
					<Trackpoint>
						<Time>2569-05-19T14:22:45Z</Time>
						<Position>
							<LatitudeDegrees>9.143236</LatitudeDegrees>
							<LongitudeDegrees>99.325042</LongitudeDegrees>
						</Position>
						<AltitudeMeters>41.180000</AltitudeMeters>
						<HeartRateBpm>
							<Value>112</Value>
						</HeartRateBpm>
						<Cadence>54</Cadence>
						<Extensions>
							<ns3:TPX>
								<ns3:Speed>1.280410</ns3:Speed>
							</ns3:TPX>
						</Extensions>
					</Trackpoint>
					<Trackpoint>
						<Time>2569-05-19T14:22:46Z</Time>
						<Position>
							<LatitudeDegrees>9.143232</LatitudeDegrees>
							<LongitudeDegrees>99.325033</LongitudeDegrees>
						</Position>
						<AltitudeMeters>41.180000</AltitudeMeters>
						<HeartRateBpm>
							<Value>112</Value>
						</HeartRateBpm>
						<Cadence>54</Cadence>
						<Extensions>
							<ns3:TPX>
								<ns3:Speed>1.206270</ns3:Speed>
							</ns3:TPX>
						</Extensions>
					</Trackpoint>
					<Trackpoint>
						<Time>2569-05-19T14:22:47Z</Time>
						<Position>
							<LatitudeDegrees>9.143229</LatitudeDegrees>
							<LongitudeDegrees>99.325023</LongitudeDegrees>
						</Position>
						<AltitudeMeters>41.170000</AltitudeMeters>
						<HeartRateBpm>
							<Value>112</Value>
						</HeartRateBpm>
						<Cadence>54</Cadence>
						<Extensions>
							<ns3:TPX>
								<ns3:Speed>1.131220</ns3:Speed>
							</ns3:TPX>
						</Extensions>
					</Trackpoint>
					<Trackpoint>
						<Time>2569-05-19T14:22:48Z</Time>
						<Position>
							<LatitudeDegrees>9.143223</LatitudeDegrees>
							<LongitudeDegrees>99.325013</LongitudeDegrees>
						</Position>
						<AltitudeMeters>41.170000</AltitudeMeters>
						<HeartRateBpm>
							<Value>112</Value>
						</HeartRateBpm>
						<Cadence>53</Cadence>
						<Extensions>
							<ns3:TPX>
								<ns3:Speed>1.091700</ns3:Speed>
							</ns3:TPX>
						</Extensions>
					</Trackpoint>
					<Trackpoint>
						<Time>2569-05-19T14:22:49Z</Time>
						<Position>
							<LatitudeDegrees>9.143216</LatitudeDegrees>
							<LongitudeDegrees>99.325004</LongitudeDegrees>
						</Position>
						<AltitudeMeters>41.180000</AltitudeMeters>
						<HeartRateBpm>
							<Value>111</Value>
						</HeartRateBpm>
						<Cadence>53</Cadence>
						<Extensions>
							<ns3:TPX>
								<ns3:Speed>1.091700</ns3:Speed>
							</ns3:TPX>
						</Extensions>
					</Trackpoint>
					<Trackpoint>
						<Time>2569-05-19T14:22:50Z</Time>
						<Position>
							<LatitudeDegrees>9.143208</LatitudeDegrees>
							<LongitudeDegrees>99.324996</LongitudeDegrees>
						</Position>
						<AltitudeMeters>41.180000</AltitudeMeters>
						<HeartRateBpm>
							<Value>110</Value>
						</HeartRateBpm>
						<Cadence>53</Cadence>
						<Extensions>
							<ns3:TPX>
								<ns3:Speed>1.102540</ns3:Speed>
							</ns3:TPX>
						</Extensions>
					</Trackpoint>
					<Trackpoint>
						<Time>2569-05-19T14:22:51Z</Time>
						<Position>
							<LatitudeDegrees>9.143200</LatitudeDegrees>
							<LongitudeDegrees>99.324987</LongitudeDegrees>
						</Position>
						<AltitudeMeters>41.180000</AltitudeMeters>
						<HeartRateBpm>
							<Value>109</Value>
						</HeartRateBpm>
						<Cadence>54</Cadence>
						<Extensions>
							<ns3:TPX>
								<ns3:Speed>1.122330</ns3:Speed>
							</ns3:TPX>
						</Extensions>
					</Trackpoint>
					<Trackpoint>
						<Time>2569-05-19T14:22:52Z</Time>
						<Position>
							<LatitudeDegrees>9.143191</LatitudeDegrees>
							<LongitudeDegrees>99.324976</LongitudeDegrees>
						</Position>
						<AltitudeMeters>41.180000</AltitudeMeters>
						<HeartRateBpm>
							<Value>108</Value>
						</HeartRateBpm>
						<Cadence>54</Cadence>
						<Extensions>
							<ns3:TPX>
								<ns3:Speed>1.165500</ns3:Speed>
							</ns3:TPX>
						</Extensions>
					</Trackpoint>
					<Trackpoint>
						<Time>2569-05-19T14:22:53Z</Time>
						<Position>
							<LatitudeDegrees>9.143181</LatitudeDegrees>
							<LongitudeDegrees>99.324965</LongitudeDegrees>
						</Position>
						<AltitudeMeters>41.180000</AltitudeMeters>
						<HeartRateBpm>
							<Value>107</Value>
						</HeartRateBpm>
						<Cadence>54</Cadence>
						<Extensions>
							<ns3:TPX>
								<ns3:Speed>1.204820</ns3:Speed>
							</ns3:TPX>
						</Extensions>
					</Trackpoint>
					<Trackpoint>
						<Time>2569-05-19T14:22:54Z</Time>
						<Position>
							<LatitudeDegrees>9.143173</LatitudeDegrees>
							<LongitudeDegrees>99.324955</LongitudeDegrees>
						</Position>
						<AltitudeMeters>41.190000</AltitudeMeters>
						<HeartRateBpm>
							<Value>107</Value>
						</HeartRateBpm>
						<Cadence>54</Cadence>
						<Extensions>
							<ns3:TPX>
								<ns3:Speed>1.239160</ns3:Speed>
							</ns3:TPX>
						</Extensions>
					</Trackpoint>
					<Trackpoint>
						<Time>2569-05-19T14:22:56Z</Time>
						<Position>
							<LatitudeDegrees>9.143170</LatitudeDegrees>
							<LongitudeDegrees>99.324929</LongitudeDegrees>
						</Position>
						<AltitudeMeters>41.190000</AltitudeMeters>
						<HeartRateBpm>
							<Value>107</Value>
						</HeartRateBpm>
						<Cadence>54</Cadence>
						<Extensions>
							<ns3:TPX>
								<ns3:Speed>1.347710</ns3:Speed>
							</ns3:TPX>
						</Extensions>
					</Trackpoint>
					<Trackpoint>
						<Time>2569-05-19T14:22:56Z</Time>
						<Position>
							<LatitudeDegrees>9.143170</LatitudeDegrees>
							<LongitudeDegrees>99.324929</LongitudeDegrees>
						</Position>
						<AltitudeMeters>41.190000</AltitudeMeters>
						<HeartRateBpm>
							<Value>107</Value>
						</HeartRateBpm>
						<Cadence>54</Cadence>
						<Extensions>
							<ns3:TPX>
								<ns3:Speed>1.347710</ns3:Speed>
							</ns3:TPX>
						</Extensions>
					</Trackpoint>
					<Trackpoint>
						<Time>2569-05-19T14:22:57Z</Time>
						<Position>
							<LatitudeDegrees>9.143174</LatitudeDegrees>
							<LongitudeDegrees>99.324915</LongitudeDegrees>
						</Position>
						<AltitudeMeters>41.200000</AltitudeMeters>
						<HeartRateBpm>
							<Value>107</Value>
						</HeartRateBpm>
						<Cadence>54</Cadence>
						<Extensions>
							<ns3:TPX>
								<ns3:Speed>1.396650</ns3:Speed>
							</ns3:TPX>
						</Extensions>
					</Trackpoint>
					<Trackpoint>
						<Time>2569-05-19T14:22:58Z</Time>
						<Position>
							<LatitudeDegrees>9.143175</LatitudeDegrees>
							<LongitudeDegrees>99.324903</LongitudeDegrees>
						</Position>
						<AltitudeMeters>41.200000</AltitudeMeters>
						<HeartRateBpm>
							<Value>108</Value>
						</HeartRateBpm>
						<Cadence>53</Cadence>
						<Extensions>
							<ns3:TPX>
								<ns3:Speed>1.416430</ns3:Speed>
							</ns3:TPX>
						</Extensions>
					</Trackpoint>
					<Trackpoint>
						<Time>2569-05-19T14:22:59Z</Time>
						<Position>
							<LatitudeDegrees>9.143173</LatitudeDegrees>
							<LongitudeDegrees>99.324893</LongitudeDegrees>
						</Position>
						<AltitudeMeters>41.190000</AltitudeMeters>
						<HeartRateBpm>
							<Value>108</Value>
						</HeartRateBpm>
						<Cadence>54</Cadence>
						<Extensions>
							<ns3:TPX>
								<ns3:Speed>1.418440</ns3:Speed>
							</ns3:TPX>
						</Extensions>
					</Trackpoint>
					<Trackpoint>
						<Time>2569-05-19T14:23:00Z</Time>
						<Position>
							<LatitudeDegrees>9.143168</LatitudeDegrees>
							<LongitudeDegrees>99.324887</LongitudeDegrees>
						</Position>
						<AltitudeMeters>41.190000</AltitudeMeters>
						<HeartRateBpm>
							<Value>108</Value>
						</HeartRateBpm>
						<Cadence>54</Cadence>
						<Extensions>
							<ns3:TPX>
								<ns3:Speed>1.418440</ns3:Speed>
							</ns3:TPX>
						</Extensions>
					</Trackpoint>
					<Trackpoint>
						<Time>2569-05-19T14:23:01Z</Time>
						<Position>
							<LatitudeDegrees>9.143164</LatitudeDegrees>
							<LongitudeDegrees>99.324881</LongitudeDegrees>
						</Position>
						<AltitudeMeters>41.190000</AltitudeMeters>
						<HeartRateBpm>
							<Value>110</Value>
						</HeartRateBpm>
						<Cadence>55</Cadence>
						<Extensions>
							<ns3:TPX>
								<ns3:Speed>1.416430</ns3:Speed>
							</ns3:TPX>
						</Extensions>
					</Trackpoint>
					<Trackpoint>
						<Time>2569-05-19T14:23:02Z</Time>
						<Position>
							<LatitudeDegrees>9.143158</LatitudeDegrees>
							<LongitudeDegrees>99.324874</LongitudeDegrees>
						</Position>
						<AltitudeMeters>41.180000</AltitudeMeters>
						<HeartRateBpm>
							<Value>112</Value>
						</HeartRateBpm>
						<Cadence>56</Cadence>
						<Extensions>
							<ns3:TPX>
								<ns3:Speed>1.412430</ns3:Speed>
							</ns3:TPX>
						</Extensions>
					</Trackpoint>
					<Trackpoint>
						<Time>2569-05-19T14:23:03Z</Time>
						<Position>
							<LatitudeDegrees>9.143151</LatitudeDegrees>
							<LongitudeDegrees>99.324863</LongitudeDegrees>
						</Position>
						<AltitudeMeters>41.180000</AltitudeMeters>
						<HeartRateBpm>
							<Value>112</Value>
						</HeartRateBpm>
						<Cadence>57</Cadence>
						<Extensions>
							<ns3:TPX>
								<ns3:Speed>1.400560</ns3:Speed>
							</ns3:TPX>
						</Extensions>
					</Trackpoint>
					<Trackpoint>
						<Time>2569-05-19T14:23:04Z</Time>
						<Position>
							<LatitudeDegrees>9.143143</LatitudeDegrees>
							<LongitudeDegrees>99.324853</LongitudeDegrees>
						</Position>
						<AltitudeMeters>41.180000</AltitudeMeters>
						<HeartRateBpm>
							<Value>113</Value>
						</HeartRateBpm>
						<Cadence>56</Cadence>
						<Extensions>
							<ns3:TPX>
								<ns3:Speed>1.385040</ns3:Speed>
							</ns3:TPX>
						</Extensions>
					</Trackpoint>
					<Trackpoint>
						<Time>2569-05-19T14:23:05Z</Time>
						<Position>
							<LatitudeDegrees>9.143134</LatitudeDegrees>
							<LongitudeDegrees>99.324848</LongitudeDegrees>
						</Position>
						<AltitudeMeters>41.180000</AltitudeMeters>
						<HeartRateBpm>
							<Value>113</Value>
						</HeartRateBpm>
						<Cadence>55</Cadence>
						<Extensions>
							<ns3:TPX>
								<ns3:Speed>1.371740</ns3:Speed>
							</ns3:TPX>
						</Extensions>
					</Trackpoint>
					<Trackpoint>
						<Time>2569-05-19T14:23:06Z</Time>
						<Position>
							<LatitudeDegrees>9.143126</LatitudeDegrees>
							<LongitudeDegrees>99.324842</LongitudeDegrees>
						</Position>
						<AltitudeMeters>41.180000</AltitudeMeters>
						<HeartRateBpm>
							<Value>113</Value>
						</HeartRateBpm>
						<Cadence>54</Cadence>
						<Extensions>
							<ns3:TPX>
								<ns3:Speed>1.356850</ns3:Speed>
							</ns3:TPX>
						</Extensions>
					</Trackpoint>
					<Trackpoint>
						<Time>2569-05-19T14:23:07Z</Time>
						<Position>
							<LatitudeDegrees>9.143112</LatitudeDegrees>
							<LongitudeDegrees>99.324840</LongitudeDegrees>
						</Position>
						<AltitudeMeters>41.180000</AltitudeMeters>
						<HeartRateBpm>
							<Value>113</Value>
						</HeartRateBpm>
						<Cadence>54</Cadence>
						<Extensions>
							<ns3:TPX>
								<ns3:Speed>1.344090</ns3:Speed>
							</ns3:TPX>
						</Extensions>
					</Trackpoint>
					<Trackpoint>
						<Time>2569-05-19T14:23:08Z</Time>
						<Position>
							<LatitudeDegrees>9.143102</LatitudeDegrees>
							<LongitudeDegrees>99.324836</LongitudeDegrees>
						</Position>
						<AltitudeMeters>41.170000</AltitudeMeters>
						<HeartRateBpm>
							<Value>112</Value>
						</HeartRateBpm>
						<Cadence>53</Cadence>
						<Extensions>
							<ns3:TPX>
								<ns3:Speed>1.331560</ns3:Speed>
							</ns3:TPX>
						</Extensions>
					</Trackpoint>
					<Trackpoint>
						<Time>2569-05-19T14:23:09Z</Time>
						<Position>
							<LatitudeDegrees>9.143095</LatitudeDegrees>
							<LongitudeDegrees>99.324830</LongitudeDegrees>
						</Position>
						<AltitudeMeters>41.170000</AltitudeMeters>
						<HeartRateBpm>
							<Value>111</Value>
						</HeartRateBpm>
						<Cadence>53</Cadence>
						<Extensions>
							<ns3:TPX>
								<ns3:Speed>1.324500</ns3:Speed>
							</ns3:TPX>
						</Extensions>
					</Trackpoint>
					<Trackpoint>
						<Time>2569-05-19T14:23:11Z</Time>
						<Position>
							<LatitudeDegrees>9.143088</LatitudeDegrees>
							<LongitudeDegrees>99.324809</LongitudeDegrees>
						</Position>
						<AltitudeMeters>41.170000</AltitudeMeters>
						<HeartRateBpm>
							<Value>113</Value>
						</HeartRateBpm>
						<Cadence>53</Cadence>
						<Extensions>
							<ns3:TPX>
								<ns3:Speed>1.312340</ns3:Speed>
							</ns3:TPX>
						</Extensions>
					</Trackpoint>
					<Trackpoint>
						<Time>2569-05-19T14:23:11Z</Time>
						<Position>
							<LatitudeDegrees>9.143088</LatitudeDegrees>
							<LongitudeDegrees>99.324809</LongitudeDegrees>
						</Position>
						<AltitudeMeters>41.170000</AltitudeMeters>
						<HeartRateBpm>
							<Value>113</Value>
						</HeartRateBpm>
						<Cadence>53</Cadence>
						<Extensions>
							<ns3:TPX>
								<ns3:Speed>1.312340</ns3:Speed>
							</ns3:TPX>
						</Extensions>
					</Trackpoint>
					<Trackpoint>
						<Time>2569-05-19T14:23:12Z</Time>
						<Position>
							<LatitudeDegrees>9.143088</LatitudeDegrees>
							<LongitudeDegrees>99.324797</LongitudeDegrees>
						</Position>
						<AltitudeMeters>41.170000</AltitudeMeters>
						<HeartRateBpm>
							<Value>114</Value>
						</HeartRateBpm>
						<Cadence>52</Cadence>
						<Extensions>
							<ns3:TPX>
								<ns3:Speed>1.307190</ns3:Speed>
							</ns3:TPX>
						</Extensions>
					</Trackpoint>
					<Trackpoint>
						<Time>2569-05-19T14:23:13Z</Time>
						<Position>
							<LatitudeDegrees>9.143082</LatitudeDegrees>
							<LongitudeDegrees>99.324788</LongitudeDegrees>
						</Position>
						<AltitudeMeters>41.170000</AltitudeMeters>
						<HeartRateBpm>
							<Value>115</Value>
						</HeartRateBpm>
						<Cadence>52</Cadence>
						<Extensions>
							<ns3:TPX>
								<ns3:Speed>1.302080</ns3:Speed>
							</ns3:TPX>
						</Extensions>
					</Trackpoint>
					<Trackpoint>
						<Time>2569-05-19T14:23:14Z</Time>
						<Position>
							<LatitudeDegrees>9.143076</LatitudeDegrees>
							<LongitudeDegrees>99.324778</LongitudeDegrees>
						</Position>
						<AltitudeMeters>41.170000</AltitudeMeters>
						<HeartRateBpm>
							<Value>116</Value>
						</HeartRateBpm>
						<Cadence>53</Cadence>
						<Extensions>
							<ns3:TPX>
								<ns3:Speed>1.298700</ns3:Speed>
							</ns3:TPX>
						</Extensions>
					</Trackpoint>
					<Trackpoint>
						<Time>2569-05-19T14:23:15Z</Time>
						<Position>
							<LatitudeDegrees>9.143070</LatitudeDegrees>
							<LongitudeDegrees>99.324768</LongitudeDegrees>
						</Position>
						<AltitudeMeters>41.160000</AltitudeMeters>
						<HeartRateBpm>
							<Value>115</Value>
						</HeartRateBpm>
						<Cadence>53</Cadence>
						<Extensions>
							<ns3:TPX>
								<ns3:Speed>1.293660</ns3:Speed>
							</ns3:TPX>
						</Extensions>
					</Trackpoint>
					<Trackpoint>
						<Time>2569-05-19T14:23:16Z</Time>
						<Position>
							<LatitudeDegrees>9.143062</LatitudeDegrees>
							<LongitudeDegrees>99.324760</LongitudeDegrees>
						</Position>
						<AltitudeMeters>41.160000</AltitudeMeters>
						<HeartRateBpm>
							<Value>114</Value>
						</HeartRateBpm>
						<Cadence>53</Cadence>
						<Extensions>
							<ns3:TPX>
								<ns3:Speed>1.288660</ns3:Speed>
							</ns3:TPX>
						</Extensions>
					</Trackpoint>
					<Trackpoint>
						<Time>2569-05-19T14:23:17Z</Time>
						<Position>
							<LatitudeDegrees>9.143054</LatitudeDegrees>
							<LongitudeDegrees>99.324753</LongitudeDegrees>
						</Position>
						<AltitudeMeters>41.160000</AltitudeMeters>
						<HeartRateBpm>
							<Value>114</Value>
						</HeartRateBpm>
						<Cadence>53</Cadence>
						<Extensions>
							<ns3:TPX>
								<ns3:Speed>1.283700</ns3:Speed>
							</ns3:TPX>
						</Extensions>
					</Trackpoint>
					<Trackpoint>
						<Time>2569-05-19T14:23:18Z</Time>
						<Position>
							<LatitudeDegrees>9.143046</LatitudeDegrees>
							<LongitudeDegrees>99.324747</LongitudeDegrees>
						</Position>
						<AltitudeMeters>41.150000</AltitudeMeters>
						<HeartRateBpm>
							<Value>114</Value>
						</HeartRateBpm>
						<Cadence>53</Cadence>
						<Extensions>
							<ns3:TPX>
								<ns3:Speed>1.277140</ns3:Speed>
							</ns3:TPX>
						</Extensions>
					</Trackpoint>
					<Trackpoint>
						<Time>2569-05-19T14:23:19Z</Time>
						<Position>
							<LatitudeDegrees>9.143057</LatitudeDegrees>
							<LongitudeDegrees>99.324720</LongitudeDegrees>
						</Position>
						<AltitudeMeters>41.140000</AltitudeMeters>
						<HeartRateBpm>
							<Value>113</Value>
						</HeartRateBpm>
						<Cadence>53</Cadence>
						<Extensions>
							<ns3:TPX>
								<ns3:Speed>1.272260</ns3:Speed>
							</ns3:TPX>
						</Extensions>
					</Trackpoint>
					<Trackpoint>
						<Time>2569-05-19T14:23:20Z</Time>
						<Position>
							<LatitudeDegrees>9.143063</LatitudeDegrees>
							<LongitudeDegrees>99.324696</LongitudeDegrees>
						</Position>
						<AltitudeMeters>41.130000</AltitudeMeters>
						<HeartRateBpm>
							<Value>113</Value>
						</HeartRateBpm>
						<Cadence>53</Cadence>
						<Extensions>
							<ns3:TPX>
								<ns3:Speed>1.265820</ns3:Speed>
							</ns3:TPX>
						</Extensions>
					</Trackpoint>
					<Trackpoint>
						<Time>2569-05-19T14:23:21Z</Time>
						<Position>
							<LatitudeDegrees>9.143065</LatitudeDegrees>
							<LongitudeDegrees>99.324678</LongitudeDegrees>
						</Position>
						<AltitudeMeters>41.130000</AltitudeMeters>
						<HeartRateBpm>
							<Value>114</Value>
						</HeartRateBpm>
						<Cadence>54</Cadence>
						<Extensions>
							<ns3:TPX>
								<ns3:Speed>1.261030</ns3:Speed>
							</ns3:TPX>
						</Extensions>
					</Trackpoint>
					<Trackpoint>
						<Time>2569-05-19T14:23:22Z</Time>
						<Position>
							<LatitudeDegrees>9.143065</LatitudeDegrees>
							<LongitudeDegrees>99.324663</LongitudeDegrees>
						</Position>
						<AltitudeMeters>41.130000</AltitudeMeters>
						<HeartRateBpm>
							<Value>113</Value>
						</HeartRateBpm>
						<Cadence>54</Cadence>
						<Extensions>
							<ns3:TPX>
								<ns3:Speed>1.254710</ns3:Speed>
							</ns3:TPX>
						</Extensions>
					</Trackpoint>
					<Trackpoint>
						<Time>2569-05-19T14:23:23Z</Time>
						<Position>
							<LatitudeDegrees>9.143063</LatitudeDegrees>
							<LongitudeDegrees>99.324649</LongitudeDegrees>
						</Position>
						<AltitudeMeters>41.120000</AltitudeMeters>
						<HeartRateBpm>
							<Value>113</Value>
						</HeartRateBpm>
						<Cadence>54</Cadence>
						<Extensions>
							<ns3:TPX>
								<ns3:Speed>1.245330</ns3:Speed>
							</ns3:TPX>
						</Extensions>
					</Trackpoint>
					<Trackpoint>
						<Time>2569-05-19T14:23:24Z</Time>
						<Position>
							<LatitudeDegrees>9.143061</LatitudeDegrees>
							<LongitudeDegrees>99.324637</LongitudeDegrees>
						</Position>
						<AltitudeMeters>41.120000</AltitudeMeters>
						<HeartRateBpm>
							<Value>114</Value>
						</HeartRateBpm>
						<Cadence>54</Cadence>
						<Extensions>
							<ns3:TPX>
								<ns3:Speed>1.239160</ns3:Speed>
							</ns3:TPX>
						</Extensions>
					</Trackpoint>
					<Trackpoint>
						<Time>2569-05-19T14:23:26Z</Time>
						<Position>
							<LatitudeDegrees>9.143049</LatitudeDegrees>
							<LongitudeDegrees>99.324613</LongitudeDegrees>
						</Position>
						<AltitudeMeters>41.100000</AltitudeMeters>
						<HeartRateBpm>
							<Value>115</Value>
						</HeartRateBpm>
						<Cadence>54</Cadence>
						<Extensions>
							<ns3:TPX>
								<ns3:Speed>1.225490</ns3:Speed>
							</ns3:TPX>
						</Extensions>
					</Trackpoint>
					<Trackpoint>
						<Time>2569-05-19T14:23:26Z</Time>
						<Position>
							<LatitudeDegrees>9.143049</LatitudeDegrees>
							<LongitudeDegrees>99.324613</LongitudeDegrees>
						</Position>
						<AltitudeMeters>41.100000</AltitudeMeters>
						<HeartRateBpm>
							<Value>115</Value>
						</HeartRateBpm>
						<Cadence>54</Cadence>
						<Extensions>
							<ns3:TPX>
								<ns3:Speed>1.225490</ns3:Speed>
							</ns3:TPX>
						</Extensions>
					</Trackpoint>
					<Trackpoint>
						<Time>2569-05-19T14:23:27Z</Time>
						<Position>
							<LatitudeDegrees>9.143037</LatitudeDegrees>
							<LongitudeDegrees>99.324603</LongitudeDegrees>
						</Position>
						<AltitudeMeters>41.100000</AltitudeMeters>
						<HeartRateBpm>
							<Value>115</Value>
						</HeartRateBpm>
						<Cadence>54</Cadence>
						<Extensions>
							<ns3:TPX>
								<ns3:Speed>1.219510</ns3:Speed>
							</ns3:TPX>
						</Extensions>
					</Trackpoint>
					<Trackpoint>
						<Time>2569-05-19T14:23:29Z</Time>
						<Position>
							<LatitudeDegrees>9.143003</LatitudeDegrees>
							<LongitudeDegrees>99.324594</LongitudeDegrees>
						</Position>
						<AltitudeMeters>40.900000</AltitudeMeters>
						<HeartRateBpm>
							<Value>115</Value>
						</HeartRateBpm>
						<Cadence>53</Cadence>
						<Extensions>
							<ns3:TPX>
								<ns3:Speed>1.209190</ns3:Speed>
							</ns3:TPX>
						</Extensions>
					</Trackpoint>
					<Trackpoint>
						<Time>2569-05-19T14:23:29Z</Time>
						<Position>
							<LatitudeDegrees>9.143003</LatitudeDegrees>
							<LongitudeDegrees>99.324594</LongitudeDegrees>
						</Position>
						<AltitudeMeters>40.900000</AltitudeMeters>
						<HeartRateBpm>
							<Value>115</Value>
						</HeartRateBpm>
						<Cadence>53</Cadence>
						<Extensions>
							<ns3:TPX>
								<ns3:Speed>1.209190</ns3:Speed>
							</ns3:TPX>
						</Extensions>
					</Trackpoint>
					<Trackpoint>
						<Time>2569-05-19T14:23:30Z</Time>
						<Position>
							<LatitudeDegrees>9.142991</LatitudeDegrees>
							<LongitudeDegrees>99.324587</LongitudeDegrees>
						</Position>
						<AltitudeMeters>40.790000</AltitudeMeters>
						<HeartRateBpm>
							<Value>116</Value>
						</HeartRateBpm>
						<Cadence>53</Cadence>
						<Extensions>
							<ns3:TPX>
								<ns3:Speed>1.203370</ns3:Speed>
							</ns3:TPX>
						</Extensions>
					</Trackpoint>
					<Trackpoint>
						<Time>2569-05-19T14:23:31Z</Time>
						<Position>
							<LatitudeDegrees>9.142980</LatitudeDegrees>
							<LongitudeDegrees>99.324578</LongitudeDegrees>
						</Position>
						<AltitudeMeters>40.670000</AltitudeMeters>
						<HeartRateBpm>
							<Value>115</Value>
						</HeartRateBpm>
						<Cadence>53</Cadence>
						<Extensions>
							<ns3:TPX>
								<ns3:Speed>1.197600</ns3:Speed>
							</ns3:TPX>
						</Extensions>
					</Trackpoint>
					<Trackpoint>
						<Time>2569-05-19T14:23:32Z</Time>
						<Position>
							<LatitudeDegrees>9.142970</LatitudeDegrees>
							<LongitudeDegrees>99.324570</LongitudeDegrees>
						</Position>
						<AltitudeMeters>40.380000</AltitudeMeters>
						<HeartRateBpm>
							<Value>114</Value>
						</HeartRateBpm>
						<Cadence>53</Cadence>
						<Extensions>
							<ns3:TPX>
								<ns3:Speed>1.193320</ns3:Speed>
							</ns3:TPX>
						</Extensions>
					</Trackpoint>
					<Trackpoint>
						<Time>2569-05-19T14:23:33Z</Time>
						<Position>
							<LatitudeDegrees>9.142958</LatitudeDegrees>
							<LongitudeDegrees>99.324565</LongitudeDegrees>
						</Position>
						<AltitudeMeters>40.350000</AltitudeMeters>
						<HeartRateBpm>
							<Value>114</Value>
						</HeartRateBpm>
						<Cadence>52</Cadence>
						<Extensions>
							<ns3:TPX>
								<ns3:Speed>1.187650</ns3:Speed>
							</ns3:TPX>
						</Extensions>
					</Trackpoint>
					<Trackpoint>
						<Time>2569-05-19T14:23:34Z</Time>
						<Position>
							<LatitudeDegrees>9.142946</LatitudeDegrees>
							<LongitudeDegrees>99.324561</LongitudeDegrees>
						</Position>
						<AltitudeMeters>40.460000</AltitudeMeters>
						<HeartRateBpm>
							<Value>113</Value>
						</HeartRateBpm>
						<Cadence>52</Cadence>
						<Extensions>
							<ns3:TPX>
								<ns3:Speed>1.183430</ns3:Speed>
							</ns3:TPX>
						</Extensions>
					</Trackpoint>
					<Trackpoint>
						<Time>2569-05-19T14:23:35Z</Time>
						<Position>
							<LatitudeDegrees>9.142933</LatitudeDegrees>
							<LongitudeDegrees>99.324558</LongitudeDegrees>
						</Position>
						<AltitudeMeters>40.500000</AltitudeMeters>
						<HeartRateBpm>
							<Value>113</Value>
						</HeartRateBpm>
						<Cadence>52</Cadence>
						<Extensions>
							<ns3:TPX>
								<ns3:Speed>1.179250</ns3:Speed>
							</ns3:TPX>
						</Extensions>
					</Trackpoint>
					<Trackpoint>
						<Time>2569-05-19T14:23:36Z</Time>
						<Position>
							<LatitudeDegrees>9.142921</LatitudeDegrees>
							<LongitudeDegrees>99.324554</LongitudeDegrees>
						</Position>
						<AltitudeMeters>40.520000</AltitudeMeters>
						<HeartRateBpm>
							<Value>113</Value>
						</HeartRateBpm>
						<Cadence>52</Cadence>
						<Extensions>
							<ns3:TPX>
								<ns3:Speed>1.175090</ns3:Speed>
							</ns3:TPX>
						</Extensions>
					</Trackpoint>
					<Trackpoint>
						<Time>2569-05-19T14:23:37Z</Time>
						<Position>
							<LatitudeDegrees>9.142904</LatitudeDegrees>
							<LongitudeDegrees>99.324553</LongitudeDegrees>
						</Position>
						<AltitudeMeters>40.500000</AltitudeMeters>
						<HeartRateBpm>
							<Value>113</Value>
						</HeartRateBpm>
						<Cadence>52</Cadence>
						<Extensions>
							<ns3:TPX>
								<ns3:Speed>1.172330</ns3:Speed>
							</ns3:TPX>
						</Extensions>
					</Trackpoint>
					<Trackpoint>
						<Time>2569-05-19T14:23:38Z</Time>
						<Position>
							<LatitudeDegrees>9.142890</LatitudeDegrees>
							<LongitudeDegrees>99.324550</LongitudeDegrees>
						</Position>
						<AltitudeMeters>40.490000</AltitudeMeters>
						<HeartRateBpm>
							<Value>113</Value>
						</HeartRateBpm>
						<Cadence>53</Cadence>
						<Extensions>
							<ns3:TPX>
								<ns3:Speed>1.169590</ns3:Speed>
							</ns3:TPX>
						</Extensions>
					</Trackpoint>
					<Trackpoint>
						<Time>2569-05-19T14:23:39Z</Time>
						<Position>
							<LatitudeDegrees>9.142876</LatitudeDegrees>
							<LongitudeDegrees>99.324547</LongitudeDegrees>
						</Position>
						<AltitudeMeters>40.500000</AltitudeMeters>
						<HeartRateBpm>
							<Value>113</Value>
						</HeartRateBpm>
						<Cadence>53</Cadence>
						<Extensions>
							<ns3:TPX>
								<ns3:Speed>1.165500</ns3:Speed>
							</ns3:TPX>
						</Extensions>
					</Trackpoint>
					<Trackpoint>
						<Time>2569-05-19T14:23:41Z</Time>
						<Position>
							<LatitudeDegrees>9.142851</LatitudeDegrees>
							<LongitudeDegrees>99.324542</LongitudeDegrees>
						</Position>
						<AltitudeMeters>40.180000</AltitudeMeters>
						<HeartRateBpm>
							<Value>115</Value>
						</HeartRateBpm>
						<Cadence>52</Cadence>
						<Extensions>
							<ns3:TPX>
								<ns3:Speed>1.162790</ns3:Speed>
							</ns3:TPX>
						</Extensions>
					</Trackpoint>
					<Trackpoint>
						<Time>2569-05-19T14:23:41Z</Time>
						<Position>
							<LatitudeDegrees>9.142851</LatitudeDegrees>
							<LongitudeDegrees>99.324542</LongitudeDegrees>
						</Position>
						<AltitudeMeters>40.180000</AltitudeMeters>
						<HeartRateBpm>
							<Value>115</Value>
						</HeartRateBpm>
						<Cadence>52</Cadence>
						<Extensions>
							<ns3:TPX>
								<ns3:Speed>1.162790</ns3:Speed>
							</ns3:TPX>
						</Extensions>
					</Trackpoint>
					<Trackpoint>
						<Time>2569-05-19T14:23:42Z</Time>
						<Position>
							<LatitudeDegrees>9.142838</LatitudeDegrees>
							<LongitudeDegrees>99.324539</LongitudeDegrees>
						</Position>
						<AltitudeMeters>40.160000</AltitudeMeters>
						<HeartRateBpm>
							<Value>115</Value>
						</HeartRateBpm>
						<Cadence>52</Cadence>
						<Extensions>
							<ns3:TPX>
								<ns3:Speed>1.161440</ns3:Speed>
							</ns3:TPX>
						</Extensions>
					</Trackpoint>
					<Trackpoint>
						<Time>2569-05-19T14:23:43Z</Time>
						<Position>
							<LatitudeDegrees>9.142830</LatitudeDegrees>
							<LongitudeDegrees>99.324534</LongitudeDegrees>
						</Position>
						<AltitudeMeters>40.150000</AltitudeMeters>
						<HeartRateBpm>
							<Value>115</Value>
						</HeartRateBpm>
						<Cadence>52</Cadence>
						<Extensions>
							<ns3:TPX>
								<ns3:Speed>1.161440</ns3:Speed>
							</ns3:TPX>
						</Extensions>
					</Trackpoint>
					<Trackpoint>
						<Time>2569-05-19T14:23:44Z</Time>
						<Position>
							<LatitudeDegrees>9.142827</LatitudeDegrees>
							<LongitudeDegrees>99.324525</LongitudeDegrees>
						</Position>
						<AltitudeMeters>39.700000</AltitudeMeters>
						<HeartRateBpm>
							<Value>114</Value>
						</HeartRateBpm>
						<Cadence>52</Cadence>
						<Extensions>
							<ns3:TPX>
								<ns3:Speed>1.161440</ns3:Speed>
							</ns3:TPX>
						</Extensions>
					</Trackpoint>
					<Trackpoint>
						<Time>2569-05-19T14:23:45Z</Time>
						<Position>
							<LatitudeDegrees>9.142824</LatitudeDegrees>
							<LongitudeDegrees>99.324516</LongitudeDegrees>
						</Position>
						<AltitudeMeters>39.640000</AltitudeMeters>
						<HeartRateBpm>
							<Value>114</Value>
						</HeartRateBpm>
						<Cadence>52</Cadence>
						<Extensions>
							<ns3:TPX>
								<ns3:Speed>1.164140</ns3:Speed>
							</ns3:TPX>
						</Extensions>
					</Trackpoint>
					<Trackpoint>
						<Time>2569-05-19T14:23:46Z</Time>
						<Position>
							<LatitudeDegrees>9.142820</LatitudeDegrees>
							<LongitudeDegrees>99.324508</LongitudeDegrees>
						</Position>
						<AltitudeMeters>39.170000</AltitudeMeters>
						<HeartRateBpm>
							<Value>114</Value>
						</HeartRateBpm>
						<Cadence>53</Cadence>
						<Extensions>
							<ns3:TPX>
								<ns3:Speed>1.166860</ns3:Speed>
							</ns3:TPX>
						</Extensions>
					</Trackpoint>
					<Trackpoint>
						<Time>2569-05-19T14:23:47Z</Time>
						<Position>
							<LatitudeDegrees>9.142815</LatitudeDegrees>
							<LongitudeDegrees>99.324498</LongitudeDegrees>
						</Position>
						<AltitudeMeters>39.200000</AltitudeMeters>
						<HeartRateBpm>
							<Value>114</Value>
						</HeartRateBpm>
						<Cadence>54</Cadence>
						<Extensions>
							<ns3:TPX>
								<ns3:Speed>1.166860</ns3:Speed>
							</ns3:TPX>
						</Extensions>
					</Trackpoint>
					<Trackpoint>
						<Time>2569-05-19T14:23:48Z</Time>
						<Position>
							<LatitudeDegrees>9.142810</LatitudeDegrees>
							<LongitudeDegrees>99.324489</LongitudeDegrees>
						</Position>
						<AltitudeMeters>39.210000</AltitudeMeters>
						<HeartRateBpm>
							<Value>114</Value>
						</HeartRateBpm>
						<Cadence>54</Cadence>
						<Extensions>
							<ns3:TPX>
								<ns3:Speed>1.164140</ns3:Speed>
							</ns3:TPX>
						</Extensions>
					</Trackpoint>
					<Trackpoint>
						<Time>2569-05-19T14:23:49Z</Time>
						<Position>
							<LatitudeDegrees>9.142806</LatitudeDegrees>
							<LongitudeDegrees>99.324480</LongitudeDegrees>
						</Position>
						<AltitudeMeters>39.190000</AltitudeMeters>
						<HeartRateBpm>
							<Value>114</Value>
						</HeartRateBpm>
						<Cadence>54</Cadence>
						<Extensions>
							<ns3:TPX>
								<ns3:Speed>1.160090</ns3:Speed>
							</ns3:TPX>
						</Extensions>
					</Trackpoint>
					<Trackpoint>
						<Time>2569-05-19T14:23:50Z</Time>
						<Position>
							<LatitudeDegrees>9.142802</LatitudeDegrees>
							<LongitudeDegrees>99.324473</LongitudeDegrees>
						</Position>
						<AltitudeMeters>39.150000</AltitudeMeters>
						<HeartRateBpm>
							<Value>114</Value>
						</HeartRateBpm>
						<Cadence>54</Cadence>
						<Extensions>
							<ns3:TPX>
								<ns3:Speed>1.156070</ns3:Speed>
							</ns3:TPX>
						</Extensions>
					</Trackpoint>
					<Trackpoint>
						<Time>2569-05-19T14:23:51Z</Time>
						<Position>
							<LatitudeDegrees>9.142797</LatitudeDegrees>
							<LongitudeDegrees>99.324466</LongitudeDegrees>
						</Position>
						<AltitudeMeters>39.050000</AltitudeMeters>
						<HeartRateBpm>
							<Value>114</Value>
						</HeartRateBpm>
						<Cadence>54</Cadence>
						<Extensions>
							<ns3:TPX>
								<ns3:Speed>1.150750</ns3:Speed>
							</ns3:TPX>
						</Extensions>
					</Trackpoint>
					<Trackpoint>
						<Time>2569-05-19T14:23:52Z</Time>
						<Position>
							<LatitudeDegrees>9.142792</LatitudeDegrees>
							<LongitudeDegrees>99.324460</LongitudeDegrees>
						</Position>
						<AltitudeMeters>39.020000</AltitudeMeters>
						<HeartRateBpm>
							<Value>114</Value>
						</HeartRateBpm>
						<Cadence>53</Cadence>
						<Extensions>
							<ns3:TPX>
								<ns3:Speed>1.146790</ns3:Speed>
							</ns3:TPX>
						</Extensions>
					</Trackpoint>
					<Trackpoint>
						<Time>2569-05-19T14:23:53Z</Time>
						<Position>
							<LatitudeDegrees>9.142790</LatitudeDegrees>
							<LongitudeDegrees>99.324455</LongitudeDegrees>
						</Position>
						<AltitudeMeters>38.990000</AltitudeMeters>
						<HeartRateBpm>
							<Value>113</Value>
						</HeartRateBpm>
						<Cadence>52</Cadence>
						<Extensions>
							<ns3:TPX>
								<ns3:Speed>1.140250</ns3:Speed>
							</ns3:TPX>
						</Extensions>
					</Trackpoint>
					<Trackpoint>
						<Time>2569-05-19T14:23:54Z</Time>
						<Position>
							<LatitudeDegrees>9.142786</LatitudeDegrees>
							<LongitudeDegrees>99.324451</LongitudeDegrees>
						</Position>
						<AltitudeMeters>38.980000</AltitudeMeters>
						<HeartRateBpm>
							<Value>113</Value>
						</HeartRateBpm>
						<Cadence>51</Cadence>
						<Extensions>
							<ns3:TPX>
								<ns3:Speed>1.132500</ns3:Speed>
							</ns3:TPX>
						</Extensions>
					</Trackpoint>
					<Trackpoint>
						<Time>2569-05-19T14:23:56Z</Time>
						<Position>
							<LatitudeDegrees>9.142779</LatitudeDegrees>
							<LongitudeDegrees>99.324444</LongitudeDegrees>
						</Position>
						<AltitudeMeters>38.930000</AltitudeMeters>
						<HeartRateBpm>
							<Value>113</Value>
						</HeartRateBpm>
						<Cadence>51</Cadence>
						<Extensions>
							<ns3:TPX>
								<ns3:Speed>1.112350</ns3:Speed>
							</ns3:TPX>
						</Extensions>
					</Trackpoint>
					<Trackpoint>
						<Time>2569-05-19T14:23:56Z</Time>
						<Position>
							<LatitudeDegrees>9.142779</LatitudeDegrees>
							<LongitudeDegrees>99.324444</LongitudeDegrees>
						</Position>
						<AltitudeMeters>38.930000</AltitudeMeters>
						<HeartRateBpm>
							<Value>113</Value>
						</HeartRateBpm>
						<Cadence>51</Cadence>
						<Extensions>
							<ns3:TPX>
								<ns3:Speed>1.112350</ns3:Speed>
							</ns3:TPX>
						</Extensions>
					</Trackpoint>
					<Trackpoint>
						<Time>2569-05-19T14:23:57Z</Time>
						<Position>
							<LatitudeDegrees>9.142775</LatitudeDegrees>
							<LongitudeDegrees>99.324441</LongitudeDegrees>
						</Position>
						<AltitudeMeters>38.920000</AltitudeMeters>
						<HeartRateBpm>
							<Value>114</Value>
						</HeartRateBpm>
						<Cadence>51</Cadence>
						<Extensions>
							<ns3:TPX>
								<ns3:Speed>1.100110</ns3:Speed>
							</ns3:TPX>
						</Extensions>
					</Trackpoint>
					<Trackpoint>
						<Time>2569-05-19T14:23:58Z</Time>
						<Position>
							<LatitudeDegrees>9.142771</LatitudeDegrees>
							<LongitudeDegrees>99.324438</LongitudeDegrees>
						</Position>
						<AltitudeMeters>38.900000</AltitudeMeters>
						<HeartRateBpm>
							<Value>115</Value>
						</HeartRateBpm>
						<Cadence>52</Cadence>
						<Extensions>
							<ns3:TPX>
								<ns3:Speed>1.085780</ns3:Speed>
							</ns3:TPX>
						</Extensions>
					</Trackpoint>
					<Trackpoint>
						<Time>2569-05-19T14:23:59Z</Time>
						<Position>
							<LatitudeDegrees>9.142767</LatitudeDegrees>
							<LongitudeDegrees>99.324435</LongitudeDegrees>
						</Position>
						<AltitudeMeters>38.900000</AltitudeMeters>
						<HeartRateBpm>
							<Value>115</Value>
						</HeartRateBpm>
						<Cadence>52</Cadence>
						<Extensions>
							<ns3:TPX>
								<ns3:Speed>1.069520</ns3:Speed>
							</ns3:TPX>
						</Extensions>
					</Trackpoint>
					<Trackpoint>
						<Time>2569-05-19T14:24:00Z</Time>
						<Position>
							<LatitudeDegrees>9.142761</LatitudeDegrees>
							<LongitudeDegrees>99.324433</LongitudeDegrees>
						</Position>
						<AltitudeMeters>38.890000</AltitudeMeters>
						<HeartRateBpm>
							<Value>115</Value>
						</HeartRateBpm>
						<Cadence>51</Cadence>
						<Extensions>
							<ns3:TPX>
								<ns3:Speed>1.054850</ns3:Speed>
							</ns3:TPX>
						</Extensions>
					</Trackpoint>
					<Trackpoint>
						<Time>2569-05-19T14:24:02Z</Time>
						<Position>
							<LatitudeDegrees>9.142752</LatitudeDegrees>
							<LongitudeDegrees>99.324425</LongitudeDegrees>
						</Position>
						<AltitudeMeters>38.870000</AltitudeMeters>
						<HeartRateBpm>
							<Value>114</Value>
						</HeartRateBpm>
						<Cadence>47</Cadence>
						<Extensions>
							<ns3:TPX>
								<ns3:Speed>1.024590</ns3:Speed>
							</ns3:TPX>
						</Extensions>
					</Trackpoint>
					<Trackpoint>
						<Time>2569-05-19T14:24:02Z</Time>
						<Position>
							<LatitudeDegrees>9.142752</LatitudeDegrees>
							<LongitudeDegrees>99.324425</LongitudeDegrees>
						</Position>
						<AltitudeMeters>38.870000</AltitudeMeters>
						<HeartRateBpm>
							<Value>114</Value>
						</HeartRateBpm>
						<Cadence>47</Cadence>
						<Extensions>
							<ns3:TPX>
								<ns3:Speed>1.024590</ns3:Speed>
							</ns3:TPX>
						</Extensions>
					</Trackpoint>
					<Trackpoint>
						<Time>2569-05-19T14:24:03Z</Time>
						<Position>
							<LatitudeDegrees>9.142750</LatitudeDegrees>
							<LongitudeDegrees>99.324422</LongitudeDegrees>
						</Position>
						<AltitudeMeters>38.860000</AltitudeMeters>
						<HeartRateBpm>
							<Value>114</Value>
						</HeartRateBpm>
						<Cadence>46</Cadence>
						<Extensions>
							<ns3:TPX>
								<ns3:Speed>1.009080</ns3:Speed>
							</ns3:TPX>
						</Extensions>
					</Trackpoint>
					<Trackpoint>
						<Time>2569-05-19T14:24:04Z</Time>
						<Position>
							<LatitudeDegrees>9.142747</LatitudeDegrees>
							<LongitudeDegrees>99.324418</LongitudeDegrees>
						</Position>
						<AltitudeMeters>38.850000</AltitudeMeters>
						<HeartRateBpm>
							<Value>113</Value>
						</HeartRateBpm>
						<Cadence>46</Cadence>
						<Extensions>
							<ns3:TPX>
								<ns3:Speed>0.995020</ns3:Speed>
							</ns3:TPX>
						</Extensions>
					</Trackpoint>
					<Trackpoint>
						<Time>2569-05-19T14:24:05Z</Time>
						<Position>
							<LatitudeDegrees>9.142744</LatitudeDegrees>
							<LongitudeDegrees>99.324413</LongitudeDegrees>
						</Position>
						<AltitudeMeters>38.840000</AltitudeMeters>
						<HeartRateBpm>
							<Value>113</Value>
						</HeartRateBpm>
						<Cadence>51</Cadence>
						<Extensions>
							<ns3:TPX>
								<ns3:Speed>0.980390</ns3:Speed>
							</ns3:TPX>
						</Extensions>
					</Trackpoint>
					<Trackpoint>
						<Time>2569-05-19T14:24:06Z</Time>
						<Position>
							<LatitudeDegrees>9.142742</LatitudeDegrees>
							<LongitudeDegrees>99.324409</LongitudeDegrees>
						</Position>
						<AltitudeMeters>38.840000</AltitudeMeters>
						<HeartRateBpm>
							<Value>113</Value>
						</HeartRateBpm>
						<Cadence>51</Cadence>
						<Extensions>
							<ns3:TPX>
								<ns3:Speed>0.966180</ns3:Speed>
							</ns3:TPX>
						</Extensions>
					</Trackpoint>
					<Trackpoint>
						<Time>2569-05-19T14:24:07Z</Time>
						<Position>
							<LatitudeDegrees>9.142741</LatitudeDegrees>
							<LongitudeDegrees>99.324405</LongitudeDegrees>
						</Position>
						<AltitudeMeters>38.840000</AltitudeMeters>
						<HeartRateBpm>
							<Value>113</Value>
						</HeartRateBpm>
						<Cadence>51</Cadence>
						<Extensions>
							<ns3:TPX>
								<ns3:Speed>0.952380</ns3:Speed>
							</ns3:TPX>
						</Extensions>
					</Trackpoint>
					<Trackpoint>
						<Time>2569-05-19T14:24:08Z</Time>
						<Position>
							<LatitudeDegrees>9.142739</LatitudeDegrees>
							<LongitudeDegrees>99.324404</LongitudeDegrees>
						</Position>
						<AltitudeMeters>38.830000</AltitudeMeters>
						<HeartRateBpm>
							<Value>114</Value>
						</HeartRateBpm>
						<Cadence>51</Cadence>
						<Extensions>
							<ns3:TPX>
								<ns3:Speed>0.938090</ns3:Speed>
							</ns3:TPX>
						</Extensions>
					</Trackpoint>
					<Trackpoint>
						<Time>2569-05-19T14:24:09Z</Time>
						<Position>
							<LatitudeDegrees>9.142737</LatitudeDegrees>
							<LongitudeDegrees>99.324403</LongitudeDegrees>
						</Position>
						<AltitudeMeters>38.830000</AltitudeMeters>
						<HeartRateBpm>
							<Value>113</Value>
						</HeartRateBpm>
						<Cadence>51</Cadence>
						<Extensions>
							<ns3:TPX>
								<ns3:Speed>0.925070</ns3:Speed>
							</ns3:TPX>
						</Extensions>
					</Trackpoint>
					<Trackpoint>
						<Time>2569-05-19T14:24:11Z</Time>
						<Position>
							<LatitudeDegrees>9.142733</LatitudeDegrees>
							<LongitudeDegrees>99.324398</LongitudeDegrees>
						</Position>
						<AltitudeMeters>38.820000</AltitudeMeters>
						<HeartRateBpm>
							<Value>113</Value>
						</HeartRateBpm>
						<Cadence>49</Cadence>
						<Extensions>
							<ns3:TPX>
								<ns3:Speed>0.896860</ns3:Speed>
							</ns3:TPX>
						</Extensions>
					</Trackpoint>
					<Trackpoint>
						<Time>2569-05-19T14:24:11Z</Time>
						<Position>
							<LatitudeDegrees>9.142733</LatitudeDegrees>
							<LongitudeDegrees>99.324398</LongitudeDegrees>
						</Position>
						<AltitudeMeters>38.820000</AltitudeMeters>
						<HeartRateBpm>
							<Value>113</Value>
						</HeartRateBpm>
						<Cadence>49</Cadence>
						<Extensions>
							<ns3:TPX>
								<ns3:Speed>0.896860</ns3:Speed>
							</ns3:TPX>
						</Extensions>
					</Trackpoint>
					<Trackpoint>
						<Time>2569-05-19T14:24:13Z</Time>
						<Position>
							<LatitudeDegrees>9.142726</LatitudeDegrees>
							<LongitudeDegrees>99.324392</LongitudeDegrees>
						</Position>
						<AltitudeMeters>38.820000</AltitudeMeters>
						<HeartRateBpm>
							<Value>114</Value>
						</HeartRateBpm>
						<Cadence>48</Cadence>
						<Extensions>
							<ns3:TPX>
								<ns3:Speed>0.617280</ns3:Speed>
							</ns3:TPX>
						</Extensions>
					</Trackpoint>
					<Trackpoint>
						<Time>2569-05-19T14:24:13Z</Time>
						<Position>
							<LatitudeDegrees>9.142726</LatitudeDegrees>
							<LongitudeDegrees>99.324392</LongitudeDegrees>
						</Position>
						<AltitudeMeters>38.820000</AltitudeMeters>
						<HeartRateBpm>
							<Value>114</Value>
						</HeartRateBpm>
						<Cadence>48</Cadence>
						<Extensions>
							<ns3:TPX>
								<ns3:Speed>0.617280</ns3:Speed>
							</ns3:TPX>
						</Extensions>
					</Trackpoint>
					<Trackpoint>
						<Time>2569-05-19T14:24:15Z</Time>
						<Position>
							<LatitudeDegrees>9.142724</LatitudeDegrees>
							<LongitudeDegrees>99.324391</LongitudeDegrees>
						</Position>
						<AltitudeMeters>38.810000</AltitudeMeters>
						<HeartRateBpm>
							<Value>113</Value>
						</HeartRateBpm>
						<Cadence>46</Cadence>
						<Extensions>
							<ns3:TPX>
								<ns3:Speed>0.348680</ns3:Speed>
							</ns3:TPX>
						</Extensions>
					</Trackpoint>
					<Trackpoint>
						<Time>2569-05-19T14:24:16Z</Time>
						<Position>
							<LatitudeDegrees>9.142722</LatitudeDegrees>
							<LongitudeDegrees>99.324390</LongitudeDegrees>
						</Position>
						<AltitudeMeters>38.810000</AltitudeMeters>
						<HeartRateBpm>
							<Value>113</Value>
						</HeartRateBpm>
						<Cadence>46</Cadence>
						<Extensions>
							<ns3:TPX>
								<ns3:Speed>0.320000</ns3:Speed>
							</ns3:TPX>
						</Extensions>
					</Trackpoint>
					<Trackpoint>
						<Time>2569-05-19T14:24:17Z</Time>
						<Position>
							<LatitudeDegrees>9.142719</LatitudeDegrees>
							<LongitudeDegrees>99.324389</LongitudeDegrees>
						</Position>
						<AltitudeMeters>38.800000</AltitudeMeters>
						<HeartRateBpm>
							<Value>113</Value>
						</HeartRateBpm>
						<Cadence>51</Cadence>
						<Extensions>
							<ns3:TPX>
								<ns3:Speed>0.304510</ns3:Speed>
							</ns3:TPX>
						</Extensions>
					</Trackpoint>
					<Trackpoint>
						<Time>2569-05-19T14:24:17Z</Time>
						<Position>
							<LatitudeDegrees>9.142719</LatitudeDegrees>
							<LongitudeDegrees>99.324389</LongitudeDegrees>
						</Position>
						<AltitudeMeters>38.800000</AltitudeMeters>
						<HeartRateBpm>
							<Value>113</Value>
						</HeartRateBpm>
						<Cadence>51</Cadence>
						<Extensions>
							<ns3:TPX>
								<ns3:Speed>0.304510</ns3:Speed>
							</ns3:TPX>
						</Extensions>
					</Trackpoint>
					<Trackpoint>
						<Time>2569-05-19T14:24:19Z</Time>
						<Position>
							<LatitudeDegrees>9.142721</LatitudeDegrees>
							<LongitudeDegrees>99.324392</LongitudeDegrees>
						</Position>
						<AltitudeMeters>38.800000</AltitudeMeters>
						<HeartRateBpm>
							<Value>113</Value>
						</HeartRateBpm>
					</Trackpoint>
					<Trackpoint>
						<Time>2569-05-19T14:24:19Z</Time>
						<Position>
							<LatitudeDegrees>9.142721</LatitudeDegrees>
							<LongitudeDegrees>99.324392</LongitudeDegrees>
						</Position>
						<AltitudeMeters>38.800000</AltitudeMeters>
						<HeartRateBpm>
							<Value>113</Value>
						</HeartRateBpm>
					</Trackpoint>
					<Trackpoint>
						<Time>2569-05-19T14:24:20Z</Time>
						<Position>
							<LatitudeDegrees>9.142723</LatitudeDegrees>
							<LongitudeDegrees>99.324394</LongitudeDegrees>
						</Position>
						<AltitudeMeters>38.800000</AltitudeMeters>
						<HeartRateBpm>
							<Value>113</Value>
						</HeartRateBpm>
					</Trackpoint>
					<Trackpoint>
						<Time>2569-05-19T14:24:21Z</Time>
						<Position>
							<LatitudeDegrees>9.142725</LatitudeDegrees>
							<LongitudeDegrees>99.324397</LongitudeDegrees>
						</Position>
						<AltitudeMeters>38.790000</AltitudeMeters>
						<HeartRateBpm>
							<Value>112</Value>
						</HeartRateBpm>
					</Trackpoint>
					<Trackpoint>
						<Time>2569-05-19T14:24:23Z</Time>
						<Position>
							<LatitudeDegrees>9.142728</LatitudeDegrees>
							<LongitudeDegrees>99.324399</LongitudeDegrees>
						</Position>
						<AltitudeMeters>38.790000</AltitudeMeters>
						<HeartRateBpm>
							<Value>110</Value>
						</HeartRateBpm>
						<Cadence>54</Cadence>
					</Trackpoint>
					<Trackpoint>
						<Time>2569-05-19T14:24:24Z</Time>
						<Position>
							<LatitudeDegrees>9.142730</LatitudeDegrees>
							<LongitudeDegrees>99.324402</LongitudeDegrees>
						</Position>
						<AltitudeMeters>38.790000</AltitudeMeters>
						<HeartRateBpm>
							<Value>110</Value>
						</HeartRateBpm>
						<Cadence>54</Cadence>
						<Extensions>
							<ns3:TPX>
								<ns3:Speed>0.382850</ns3:Speed>
							</ns3:TPX>
						</Extensions>
					</Trackpoint>
					<Trackpoint>
						<Time>2569-05-19T14:24:25Z</Time>
						<Position>
							<LatitudeDegrees>9.142730</LatitudeDegrees>
							<LongitudeDegrees>99.324406</LongitudeDegrees>
						</Position>
						<AltitudeMeters>38.790000</AltitudeMeters>
						<HeartRateBpm>
							<Value>110</Value>
						</HeartRateBpm>
						<Cadence>54</Cadence>
						<Extensions>
							<ns3:TPX>
								<ns3:Speed>0.453100</ns3:Speed>
							</ns3:TPX>
						</Extensions>
					</Trackpoint>
					<Trackpoint>
						<Time>2569-05-19T14:24:26Z</Time>
						<Position>
							<LatitudeDegrees>9.142730</LatitudeDegrees>
							<LongitudeDegrees>99.324416</LongitudeDegrees>
						</Position>
						<AltitudeMeters>38.790000</AltitudeMeters>
						<HeartRateBpm>
							<Value>110</Value>
						</HeartRateBpm>
						<Cadence>55</Cadence>
						<Extensions>
							<ns3:TPX>
								<ns3:Speed>0.543770</ns3:Speed>
							</ns3:TPX>
						</Extensions>
					</Trackpoint>
					<Trackpoint>
						<Time>2569-05-19T14:24:26Z</Time>
						<Position>
							<LatitudeDegrees>9.142730</LatitudeDegrees>
							<LongitudeDegrees>99.324416</LongitudeDegrees>
						</Position>
						<AltitudeMeters>38.790000</AltitudeMeters>
						<HeartRateBpm>
							<Value>110</Value>
						</HeartRateBpm>
						<Cadence>55</Cadence>
						<Extensions>
							<ns3:TPX>
								<ns3:Speed>0.543770</ns3:Speed>
							</ns3:TPX>
						</Extensions>
					</Trackpoint>
					<Trackpoint>
						<Time>2569-05-19T14:24:28Z</Time>
						<Position>
							<LatitudeDegrees>9.142734</LatitudeDegrees>
							<LongitudeDegrees>99.324424</LongitudeDegrees>
						</Position>
						<AltitudeMeters>38.790000</AltitudeMeters>
						<HeartRateBpm>
							<Value>109</Value>
						</HeartRateBpm>
						<Cadence>55</Cadence>
						<Extensions>
							<ns3:TPX>
								<ns3:Speed>0.712760</ns3:Speed>
							</ns3:TPX>
						</Extensions>
					</Trackpoint>
					<Trackpoint>
						<Time>2569-05-19T14:24:28Z</Time>
						<Position>
							<LatitudeDegrees>9.142734</LatitudeDegrees>
							<LongitudeDegrees>99.324424</LongitudeDegrees>
						</Position>
						<AltitudeMeters>38.790000</AltitudeMeters>
						<HeartRateBpm>
							<Value>109</Value>
						</HeartRateBpm>
						<Cadence>55</Cadence>
						<Extensions>
							<ns3:TPX>
								<ns3:Speed>0.712760</ns3:Speed>
							</ns3:TPX>
						</Extensions>
					</Trackpoint>
					<Trackpoint>
						<Time>2569-05-19T14:24:30Z</Time>
						<Position>
							<LatitudeDegrees>9.142738</LatitudeDegrees>
							<LongitudeDegrees>99.324427</LongitudeDegrees>
						</Position>
						<AltitudeMeters>38.790000</AltitudeMeters>
						<HeartRateBpm>
							<Value>109</Value>
						</HeartRateBpm>
						<Cadence>54</Cadence>
						<Extensions>
							<ns3:TPX>
								<ns3:Speed>0.582410</ns3:Speed>
							</ns3:TPX>
						</Extensions>
					</Trackpoint>
					<Trackpoint>
						<Time>2569-05-19T14:24:31Z</Time>
						<Position>
							<LatitudeDegrees>9.142741</LatitudeDegrees>
							<LongitudeDegrees>99.324431</LongitudeDegrees>
						</Position>
						<AltitudeMeters>38.790000</AltitudeMeters>
						<HeartRateBpm>
							<Value>108</Value>
						</HeartRateBpm>
						<Cadence>53</Cadence>
						<Extensions>
							<ns3:TPX>
								<ns3:Speed>0.682130</ns3:Speed>
							</ns3:TPX>
						</Extensions>
					</Trackpoint>
					<Trackpoint>
						<Time>2569-05-19T14:24:32Z</Time>
						<Position>
							<LatitudeDegrees>9.142747</LatitudeDegrees>
							<LongitudeDegrees>99.324436</LongitudeDegrees>
						</Position>
						<AltitudeMeters>38.790000</AltitudeMeters>
						<HeartRateBpm>
							<Value>106</Value>
						</HeartRateBpm>
						<Cadence>53</Cadence>
						<Extensions>
							<ns3:TPX>
								<ns3:Speed>0.707710</ns3:Speed>
							</ns3:TPX>
						</Extensions>
					</Trackpoint>
					<Trackpoint>
						<Time>2569-05-19T14:24:33Z</Time>
						<Position>
							<LatitudeDegrees>9.142753</LatitudeDegrees>
							<LongitudeDegrees>99.324441</LongitudeDegrees>
						</Position>
						<AltitudeMeters>38.790000</AltitudeMeters>
						<HeartRateBpm>
							<Value>106</Value>
						</HeartRateBpm>
						<Cadence>54</Cadence>
						<Extensions>
							<ns3:TPX>
								<ns3:Speed>0.664450</ns3:Speed>
							</ns3:TPX>
						</Extensions>
					</Trackpoint>
					<Trackpoint>
						<Time>2569-05-19T14:24:34Z</Time>
						<Position>
							<LatitudeDegrees>9.142760</LatitudeDegrees>
							<LongitudeDegrees>99.324447</LongitudeDegrees>
						</Position>
						<AltitudeMeters>38.790000</AltitudeMeters>
						<HeartRateBpm>
							<Value>106</Value>
						</HeartRateBpm>
						<Cadence>55</Cadence>
						<Extensions>
							<ns3:TPX>
								<ns3:Speed>0.741840</ns3:Speed>
							</ns3:TPX>
						</Extensions>
					</Trackpoint>
					<Trackpoint>
						<Time>2569-05-19T14:24:35Z</Time>
						<Position>
							<LatitudeDegrees>9.142777</LatitudeDegrees>
							<LongitudeDegrees>99.324454</LongitudeDegrees>
						</Position>
						<AltitudeMeters>38.820000</AltitudeMeters>
						<HeartRateBpm>
							<Value>106</Value>
						</HeartRateBpm>
						<Cadence>55</Cadence>
						<Extensions>
							<ns3:TPX>
								<ns3:Speed>0.826450</ns3:Speed>
							</ns3:TPX>
						</Extensions>
					</Trackpoint>
					<Trackpoint>
						<Time>2569-05-19T14:24:35Z</Time>
						<Position>
							<LatitudeDegrees>9.142777</LatitudeDegrees>
							<LongitudeDegrees>99.324454</LongitudeDegrees>
						</Position>
						<AltitudeMeters>38.820000</AltitudeMeters>
						<HeartRateBpm>
							<Value>106</Value>
						</HeartRateBpm>
						<Cadence>55</Cadence>
						<Extensions>
							<ns3:TPX>
								<ns3:Speed>0.826450</ns3:Speed>
							</ns3:TPX>
						</Extensions>
					</Trackpoint>
					<Trackpoint>
						<Time>2569-05-19T14:24:36Z</Time>
						<Position>
							<LatitudeDegrees>9.142787</LatitudeDegrees>
							<LongitudeDegrees>99.324458</LongitudeDegrees>
						</Position>
						<AltitudeMeters>38.850000</AltitudeMeters>
						<HeartRateBpm>
							<Value>106</Value>
						</HeartRateBpm>
						<Cadence>55</Cadence>
						<Extensions>
							<ns3:TPX>
								<ns3:Speed>0.900900</ns3:Speed>
							</ns3:TPX>
						</Extensions>
					</Trackpoint>
					<Trackpoint>
						<Time>2569-05-19T14:24:37Z</Time>
						<Position>
							<LatitudeDegrees>9.142799</LatitudeDegrees>
							<LongitudeDegrees>99.324460</LongitudeDegrees>
						</Position>
						<AltitudeMeters>38.900000</AltitudeMeters>
						<HeartRateBpm>
							<Value>107</Value>
						</HeartRateBpm>
						<Cadence>55</Cadence>
						<Extensions>
							<ns3:TPX>
								<ns3:Speed>0.957850</ns3:Speed>
							</ns3:TPX>
						</Extensions>
					</Trackpoint>
					<Trackpoint>
						<Time>2569-05-19T14:24:38Z</Time>
						<Position>
							<LatitudeDegrees>9.142812</LatitudeDegrees>
							<LongitudeDegrees>99.324461</LongitudeDegrees>
						</Position>
						<AltitudeMeters>38.950000</AltitudeMeters>
						<HeartRateBpm>
							<Value>106</Value>
						</HeartRateBpm>
						<Cadence>56</Cadence>
						<Extensions>
							<ns3:TPX>
								<ns3:Speed>0.997010</ns3:Speed>
							</ns3:TPX>
						</Extensions>
					</Trackpoint>
					<Trackpoint>
						<Time>2569-05-19T14:24:39Z</Time>
						<Position>
							<LatitudeDegrees>9.142824</LatitudeDegrees>
							<LongitudeDegrees>99.324463</LongitudeDegrees>
						</Position>
						<AltitudeMeters>38.960000</AltitudeMeters>
						<HeartRateBpm>
							<Value>106</Value>
						</HeartRateBpm>
						<Cadence>56</Cadence>
						<Extensions>
							<ns3:TPX>
								<ns3:Speed>1.031990</ns3:Speed>
							</ns3:TPX>
						</Extensions>
					</Trackpoint>
					<Trackpoint>
						<Time>2569-05-19T14:24:41Z</Time>
						<Position>
							<LatitudeDegrees>9.142837</LatitudeDegrees>
							<LongitudeDegrees>99.324464</LongitudeDegrees>
						</Position>
						<AltitudeMeters>38.980000</AltitudeMeters>
						<HeartRateBpm>
							<Value>107</Value>
						</HeartRateBpm>
						<Cadence>57</Cadence>
						<Extensions>
							<ns3:TPX>
								<ns3:Speed>1.100110</ns3:Speed>
							</ns3:TPX>
						</Extensions>
					</Trackpoint>
					<Trackpoint>
						<Time>2569-05-19T14:24:41Z</Time>
						<Position>
							<LatitudeDegrees>9.142837</LatitudeDegrees>
							<LongitudeDegrees>99.324464</LongitudeDegrees>
						</Position>
						<AltitudeMeters>38.980000</AltitudeMeters>
						<HeartRateBpm>
							<Value>107</Value>
						</HeartRateBpm>
						<Cadence>57</Cadence>
						<Extensions>
							<ns3:TPX>
								<ns3:Speed>1.100110</ns3:Speed>
							</ns3:TPX>
						</Extensions>
					</Trackpoint>
					<Trackpoint>
						<Time>2569-05-19T14:24:43Z</Time>
						<Position>
							<LatitudeDegrees>9.142847</LatitudeDegrees>
							<LongitudeDegrees>99.324464</LongitudeDegrees>
						</Position>
						<AltitudeMeters>38.990000</AltitudeMeters>
						<HeartRateBpm>
							<Value>107</Value>
						</HeartRateBpm>
						<Cadence>56</Cadence>
						<Extensions>
							<ns3:TPX>
								<ns3:Speed>1.082250</ns3:Speed>
							</ns3:TPX>
						</Extensions>
					</Trackpoint>
					<Trackpoint>
						<Time>2569-05-19T14:24:43Z</Time>
						<Position>
							<LatitudeDegrees>9.142847</LatitudeDegrees>
							<LongitudeDegrees>99.324464</LongitudeDegrees>
						</Position>
						<AltitudeMeters>38.990000</AltitudeMeters>
						<HeartRateBpm>
							<Value>107</Value>
						</HeartRateBpm>
						<Cadence>56</Cadence>
						<Extensions>
							<ns3:TPX>
								<ns3:Speed>1.082250</ns3:Speed>
							</ns3:TPX>
						</Extensions>
					</Trackpoint>
					<Trackpoint>
						<Time>2569-05-19T14:24:44Z</Time>
						<Position>
							<LatitudeDegrees>9.142854</LatitudeDegrees>
							<LongitudeDegrees>99.324464</LongitudeDegrees>
						</Position>
						<AltitudeMeters>39.010000</AltitudeMeters>
						<HeartRateBpm>
							<Value>107</Value>
						</HeartRateBpm>
						<Cadence>56</Cadence>
						<Extensions>
							<ns3:TPX>
								<ns3:Speed>1.017290</ns3:Speed>
							</ns3:TPX>
						</Extensions>
					</Trackpoint>
					<Trackpoint>
						<Time>2569-05-19T14:24:46Z</Time>
						<Position>
							<LatitudeDegrees>9.142878</LatitudeDegrees>
							<LongitudeDegrees>99.324455</LongitudeDegrees>
						</Position>
						<AltitudeMeters>39.310000</AltitudeMeters>
						<HeartRateBpm>
							<Value>107</Value>
						</HeartRateBpm>
						<Cadence>49</Cadence>
						<Extensions>
							<ns3:TPX>
								<ns3:Speed>0.829190</ns3:Speed>
							</ns3:TPX>
						</Extensions>
					</Trackpoint>
					<Trackpoint>
						<Time>2569-05-19T14:24:46Z</Time>
						<Position>
							<LatitudeDegrees>9.142878</LatitudeDegrees>
							<LongitudeDegrees>99.324455</LongitudeDegrees>
						</Position>
						<AltitudeMeters>39.310000</AltitudeMeters>
						<HeartRateBpm>
							<Value>107</Value>
						</HeartRateBpm>
						<Cadence>49</Cadence>
						<Extensions>
							<ns3:TPX>
								<ns3:Speed>0.829190</ns3:Speed>
							</ns3:TPX>
						</Extensions>
					</Trackpoint>
					<Trackpoint>
						<Time>2569-05-19T14:24:47Z</Time>
						<Position>
							<LatitudeDegrees>9.142891</LatitudeDegrees>
							<LongitudeDegrees>99.324445</LongitudeDegrees>
						</Position>
						<AltitudeMeters>39.680000</AltitudeMeters>
						<HeartRateBpm>
							<Value>106</Value>
						</HeartRateBpm>
						<Cadence>44</Cadence>
						<Extensions>
							<ns3:TPX>
								<ns3:Speed>0.829190</ns3:Speed>
							</ns3:TPX>
						</Extensions>
					</Trackpoint>
					<Trackpoint>
						<Time>2569-05-19T14:24:49Z</Time>
						<Position>
							<LatitudeDegrees>9.142917</LatitudeDegrees>
							<LongitudeDegrees>99.324419</LongitudeDegrees>
						</Position>
						<AltitudeMeters>40.070000</AltitudeMeters>
						<HeartRateBpm>
							<Value>107</Value>
						</HeartRateBpm>
						<Cadence>44</Cadence>
						<Extensions>
							<ns3:TPX>
								<ns3:Speed>0.877960</ns3:Speed>
							</ns3:TPX>
						</Extensions>
					</Trackpoint>
					<Trackpoint>
						<Time>2569-05-19T14:24:49Z</Time>
						<Position>
							<LatitudeDegrees>9.142917</LatitudeDegrees>
							<LongitudeDegrees>99.324419</LongitudeDegrees>
						</Position>
						<AltitudeMeters>40.070000</AltitudeMeters>
						<HeartRateBpm>
							<Value>107</Value>
						</HeartRateBpm>
						<Cadence>44</Cadence>
						<Extensions>
							<ns3:TPX>
								<ns3:Speed>0.877960</ns3:Speed>
							</ns3:TPX>
						</Extensions>
					</Trackpoint>
					<Trackpoint>
						<Time>2569-05-19T14:24:51Z</Time>
						<Position>
							<LatitudeDegrees>9.142938</LatitudeDegrees>
							<LongitudeDegrees>99.324391</LongitudeDegrees>
						</Position>
						<AltitudeMeters>40.340000</AltitudeMeters>
						<HeartRateBpm>
							<Value>108</Value>
						</HeartRateBpm>
						<Cadence>43</Cadence>
						<Extensions>
							<ns3:TPX>
								<ns3:Speed>1.572330</ns3:Speed>
							</ns3:TPX>
						</Extensions>
					</Trackpoint>
					<Trackpoint>
						<Time>2569-05-19T14:24:51Z</Time>
						<Position>
							<LatitudeDegrees>9.142938</LatitudeDegrees>
							<LongitudeDegrees>99.324391</LongitudeDegrees>
						</Position>
						<AltitudeMeters>40.340000</AltitudeMeters>
						<HeartRateBpm>
							<Value>108</Value>
						</HeartRateBpm>
						<Cadence>43</Cadence>
						<Extensions>
							<ns3:TPX>
								<ns3:Speed>1.572330</ns3:Speed>
							</ns3:TPX>
						</Extensions>
					</Trackpoint>
					<Trackpoint>
						<Time>2569-05-19T14:24:52Z</Time>
						<Position>
							<LatitudeDegrees>9.142947</LatitudeDegrees>
							<LongitudeDegrees>99.324383</LongitudeDegrees>
						</Position>
						<AltitudeMeters>40.410000</AltitudeMeters>
						<HeartRateBpm>
							<Value>109</Value>
						</HeartRateBpm>
						<Cadence>81</Cadence>
						<Extensions>
							<ns3:TPX>
								<ns3:Speed>1.689190</ns3:Speed>
							</ns3:TPX>
						</Extensions>
					</Trackpoint>
					<Trackpoint>
						<Time>2569-05-19T14:24:54Z</Time>
						<Position>
							<LatitudeDegrees>9.142957</LatitudeDegrees>
							<LongitudeDegrees>99.324381</LongitudeDegrees>
						</Position>
						<AltitudeMeters>40.500000</AltitudeMeters>
						<HeartRateBpm>
							<Value>110</Value>
						</HeartRateBpm>
						<Cadence>80</Cadence>
						<Extensions>
							<ns3:TPX>
								<ns3:Speed>1.686340</ns3:Speed>
							</ns3:TPX>
						</Extensions>
					</Trackpoint>
					<Trackpoint>
						<Time>2569-05-19T14:24:55Z</Time>
						<Position>
							<LatitudeDegrees>9.142966</LatitudeDegrees>
							<LongitudeDegrees>99.324381</LongitudeDegrees>
						</Position>
						<AltitudeMeters>40.520000</AltitudeMeters>
						<HeartRateBpm>
							<Value>110</Value>
						</HeartRateBpm>
						<Cadence>79</Cadence>
						<Extensions>
							<ns3:TPX>
								<ns3:Speed>1.451380</ns3:Speed>
							</ns3:TPX>
						</Extensions>
					</Trackpoint>
					<Trackpoint>
						<Time>2569-05-19T14:24:56Z</Time>
						<Position>
							<LatitudeDegrees>9.142974</LatitudeDegrees>
							<LongitudeDegrees>99.324385</LongitudeDegrees>
						</Position>
						<AltitudeMeters>40.520000</AltitudeMeters>
						<HeartRateBpm>
							<Value>112</Value>
						</HeartRateBpm>
						<Cadence>84</Cadence>
						<Extensions>
							<ns3:TPX>
								<ns3:Speed>1.234570</ns3:Speed>
							</ns3:TPX>
						</Extensions>
					</Trackpoint>
					<Trackpoint>
						<Time>2569-05-19T14:24:57Z</Time>
						<Position>
							<LatitudeDegrees>9.142980</LatitudeDegrees>
							<LongitudeDegrees>99.324389</LongitudeDegrees>
						</Position>
						<AltitudeMeters>40.520000</AltitudeMeters>
						<HeartRateBpm>
							<Value>112</Value>
						</HeartRateBpm>
						<Cadence>60</Cadence>
						<Extensions>
							<ns3:TPX>
								<ns3:Speed>1.189060</ns3:Speed>
							</ns3:TPX>
						</Extensions>
					</Trackpoint>
					<Trackpoint>
						<Time>2569-05-19T14:24:58Z</Time>
						<Position>
							<LatitudeDegrees>9.142986</LatitudeDegrees>
							<LongitudeDegrees>99.324394</LongitudeDegrees>
						</Position>
						<AltitudeMeters>40.520000</AltitudeMeters>
						<HeartRateBpm>
							<Value>112</Value>
						</HeartRateBpm>
						<Cadence>56</Cadence>
						<Extensions>
							<ns3:TPX>
								<ns3:Speed>1.098900</ns3:Speed>
							</ns3:TPX>
						</Extensions>
					</Trackpoint>
					<Trackpoint>
						<Time>2569-05-19T14:24:58Z</Time>
						<Position>
							<LatitudeDegrees>9.142986</LatitudeDegrees>
							<LongitudeDegrees>99.324394</LongitudeDegrees>
						</Position>
						<AltitudeMeters>40.520000</AltitudeMeters>
						<HeartRateBpm>
							<Value>112</Value>
						</HeartRateBpm>
						<Cadence>56</Cadence>
						<Extensions>
							<ns3:TPX>
								<ns3:Speed>1.098900</ns3:Speed>
							</ns3:TPX>
						</Extensions>
					</Trackpoint>
					<Trackpoint>
						<Time>2569-05-19T14:24:59Z</Time>
						<Position>
							<LatitudeDegrees>9.142989</LatitudeDegrees>
							<LongitudeDegrees>99.324396</LongitudeDegrees>
						</Position>
						<AltitudeMeters>40.520000</AltitudeMeters>
						<HeartRateBpm>
							<Value>111</Value>
						</HeartRateBpm>
						<Cadence>55</Cadence>
						<Extensions>
							<ns3:TPX>
								<ns3:Speed>1.051520</ns3:Speed>
							</ns3:TPX>
						</Extensions>
					</Trackpoint>
					<Trackpoint>
						<Time>2569-05-19T14:25:00Z</Time>
						<Position>
							<LatitudeDegrees>9.142994</LatitudeDegrees>
							<LongitudeDegrees>99.324398</LongitudeDegrees>
						</Position>
						<AltitudeMeters>40.520000</AltitudeMeters>
						<HeartRateBpm>
							<Value>111</Value>
						</HeartRateBpm>
						<Cadence>54</Cadence>
						<Extensions>
							<ns3:TPX>
								<ns3:Speed>0.958770</ns3:Speed>
							</ns3:TPX>
						</Extensions>
					</Trackpoint>
					<Trackpoint>
						<Time>2569-05-19T14:25:01Z</Time>
						<Position>
							<LatitudeDegrees>9.142995</LatitudeDegrees>
							<LongitudeDegrees>99.324400</LongitudeDegrees>
						</Position>
						<AltitudeMeters>40.520000</AltitudeMeters>
						<HeartRateBpm>
							<Value>111</Value>
						</HeartRateBpm>
						<Cadence>54</Cadence>
						<Extensions>
							<ns3:TPX>
								<ns3:Speed>0.792390</ns3:Speed>
							</ns3:TPX>
						</Extensions>
					</Trackpoint>
					<Trackpoint>
						<Time>2569-05-19T14:25:02Z</Time>
						<Position>
							<LatitudeDegrees>9.142997</LatitudeDegrees>
							<LongitudeDegrees>99.324400</LongitudeDegrees>
						</Position>
						<AltitudeMeters>40.510000</AltitudeMeters>
						<HeartRateBpm>
							<Value>111</Value>
						</HeartRateBpm>
						<Cadence>54</Cadence>
						<Extensions>
							<ns3:TPX>
								<ns3:Speed>0.651470</ns3:Speed>
							</ns3:TPX>
						</Extensions>
					</Trackpoint>
					<Trackpoint>
						<Time>2569-05-19T14:25:03Z</Time>
						<Position>
							<LatitudeDegrees>9.142999</LatitudeDegrees>
							<LongitudeDegrees>99.324401</LongitudeDegrees>
						</Position>
						<AltitudeMeters>40.520000</AltitudeMeters>
						<HeartRateBpm>
							<Value>111</Value>
						</HeartRateBpm>
					</Trackpoint>
					<Trackpoint>
						<Time>2569-05-19T14:25:04Z</Time>
						<Position>
							<LatitudeDegrees>9.143001</LatitudeDegrees>
							<LongitudeDegrees>99.324401</LongitudeDegrees>
						</Position>
						<AltitudeMeters>40.510000</AltitudeMeters>
						<HeartRateBpm>
							<Value>111</Value>
						</HeartRateBpm>
					</Trackpoint>
					<Trackpoint>
						<Time>2569-05-19T14:25:05Z</Time>
						<Position>
							<LatitudeDegrees>9.143003</LatitudeDegrees>
							<LongitudeDegrees>99.324401</LongitudeDegrees>
						</Position>
						<AltitudeMeters>40.510000</AltitudeMeters>
						<HeartRateBpm>
							<Value>110</Value>
						</HeartRateBpm>
					</Trackpoint>
					<Trackpoint>
						<Time>2569-05-19T14:25:06Z</Time>
						<Position>
							<LatitudeDegrees>9.143004</LatitudeDegrees>
							<LongitudeDegrees>99.324401</LongitudeDegrees>
						</Position>
						<AltitudeMeters>40.520000</AltitudeMeters>
						<HeartRateBpm>
							<Value>111</Value>
						</HeartRateBpm>
					</Trackpoint>
					<Trackpoint>
						<Time>2569-05-19T14:25:08Z</Time>
						<Position>
							<LatitudeDegrees>9.143005</LatitudeDegrees>
							<LongitudeDegrees>99.324400</LongitudeDegrees>
						</Position>
						<AltitudeMeters>40.520000</AltitudeMeters>
						<HeartRateBpm>
							<Value>110</Value>
						</HeartRateBpm>
					</Trackpoint>
					<Trackpoint>
						<Time>2569-05-19T14:25:09Z</Time>
						<Position>
							<LatitudeDegrees>9.143006</LatitudeDegrees>
							<LongitudeDegrees>99.324401</LongitudeDegrees>
						</Position>
						<AltitudeMeters>40.510000</AltitudeMeters>
						<HeartRateBpm>
							<Value>109</Value>
						</HeartRateBpm>
					</Trackpoint>
					<Trackpoint>
						<Time>2569-05-19T14:25:10Z</Time>
						<Position>
							<LatitudeDegrees>9.143006</LatitudeDegrees>
							<LongitudeDegrees>99.324401</LongitudeDegrees>
						</Position>
						<AltitudeMeters>40.510000</AltitudeMeters>
						<HeartRateBpm>
							<Value>108</Value>
						</HeartRateBpm>
					</Trackpoint>
					<Trackpoint>
						<Time>2569-05-19T14:25:11Z</Time>
						<Position>
							<LatitudeDegrees>9.143007</LatitudeDegrees>
							<LongitudeDegrees>99.324401</LongitudeDegrees>
						</Position>
						<AltitudeMeters>40.510000</AltitudeMeters>
						<HeartRateBpm>
							<Value>107</Value>
						</HeartRateBpm>
					</Trackpoint>
					<Trackpoint>
						<Time>2569-05-19T14:25:12Z</Time>
						<Position>
							<LatitudeDegrees>9.143007</LatitudeDegrees>
							<LongitudeDegrees>99.324401</LongitudeDegrees>
						</Position>
						<AltitudeMeters>40.510000</AltitudeMeters>
						<HeartRateBpm>
							<Value>106</Value>
						</HeartRateBpm>
					</Trackpoint>
					<Trackpoint>
						<Time>2569-05-19T14:25:13Z</Time>
						<Position>
							<LatitudeDegrees>9.143007</LatitudeDegrees>
							<LongitudeDegrees>99.324401</LongitudeDegrees>
						</Position>
						<AltitudeMeters>40.510000</AltitudeMeters>
						<HeartRateBpm>
							<Value>106</Value>
						</HeartRateBpm>
					</Trackpoint>
					<Trackpoint>
						<Time>2569-05-19T14:25:14Z</Time>
						<Position>
							<LatitudeDegrees>9.143007</LatitudeDegrees>
							<LongitudeDegrees>99.324401</LongitudeDegrees>
						</Position>
						<AltitudeMeters>40.510000</AltitudeMeters>
						<HeartRateBpm>
							<Value>107</Value>
						</HeartRateBpm>
					</Trackpoint>
					<Trackpoint>
						<Time>2569-05-19T14:25:15Z</Time>
						<Position>
							<LatitudeDegrees>9.143008</LatitudeDegrees>
							<LongitudeDegrees>99.324401</LongitudeDegrees>
						</Position>
						<AltitudeMeters>40.510000</AltitudeMeters>
						<HeartRateBpm>
							<Value>107</Value>
						</HeartRateBpm>
					</Trackpoint>
					<Trackpoint>
						<Time>2569-05-19T14:25:16Z</Time>
						<Position>
							<LatitudeDegrees>9.143009</LatitudeDegrees>
							<LongitudeDegrees>99.324400</LongitudeDegrees>
						</Position>
						<AltitudeMeters>40.500000</AltitudeMeters>
						<HeartRateBpm>
							<Value>107</Value>
						</HeartRateBpm>
					</Trackpoint>
					<Trackpoint>
						<Time>2569-05-19T14:25:17Z</Time>
						<Position>
							<LatitudeDegrees>9.143010</LatitudeDegrees>
							<LongitudeDegrees>99.324401</LongitudeDegrees>
						</Position>
						<AltitudeMeters>40.500000</AltitudeMeters>
						<HeartRateBpm>
							<Value>107</Value>
						</HeartRateBpm>
					</Trackpoint>
					<Trackpoint>
						<Time>2569-05-19T14:25:18Z</Time>
						<Position>
							<LatitudeDegrees>9.143012</LatitudeDegrees>
							<LongitudeDegrees>99.324400</LongitudeDegrees>
						</Position>
						<AltitudeMeters>40.500000</AltitudeMeters>
						<HeartRateBpm>
							<Value>107</Value>
						</HeartRateBpm>
					</Trackpoint>
					<Trackpoint>
						<Time>2569-05-19T14:25:19Z</Time>
						<Position>
							<LatitudeDegrees>9.143013</LatitudeDegrees>
							<LongitudeDegrees>99.324400</LongitudeDegrees>
						</Position>
						<AltitudeMeters>40.500000</AltitudeMeters>
						<HeartRateBpm>
							<Value>106</Value>
						</HeartRateBpm>
					</Trackpoint>
					<Trackpoint>
						<Time>2569-05-19T14:25:20Z</Time>
						<Position>
							<LatitudeDegrees>9.143014</LatitudeDegrees>
							<LongitudeDegrees>99.324400</LongitudeDegrees>
						</Position>
						<AltitudeMeters>40.500000</AltitudeMeters>
						<HeartRateBpm>
							<Value>107</Value>
						</HeartRateBpm>
					</Trackpoint>
					<Trackpoint>
						<Time>2569-05-19T14:25:21Z</Time>
						<Position>
							<LatitudeDegrees>9.143015</LatitudeDegrees>
							<LongitudeDegrees>99.324400</LongitudeDegrees>
						</Position>
						<AltitudeMeters>40.500000</AltitudeMeters>
						<HeartRateBpm>
							<Value>107</Value>
						</HeartRateBpm>
					</Trackpoint>
					<Trackpoint>
						<Time>2569-05-19T14:25:22Z</Time>
						<Position>
							<LatitudeDegrees>9.143016</LatitudeDegrees>
							<LongitudeDegrees>99.324400</LongitudeDegrees>
						</Position>
						<AltitudeMeters>40.490000</AltitudeMeters>
						<HeartRateBpm>
							<Value>107</Value>
						</HeartRateBpm>
					</Trackpoint>
					<Trackpoint>
						<Time>2569-05-19T14:25:23Z</Time>
						<Position>
							<LatitudeDegrees>9.143016</LatitudeDegrees>
							<LongitudeDegrees>99.324400</LongitudeDegrees>
						</Position>
						<AltitudeMeters>40.490000</AltitudeMeters>
						<HeartRateBpm>
							<Value>108</Value>
						</HeartRateBpm>
					</Trackpoint>
					<Trackpoint>
						<Time>2569-05-19T14:25:24Z</Time>
						<Position>
							<LatitudeDegrees>9.143016</LatitudeDegrees>
							<LongitudeDegrees>99.324400</LongitudeDegrees>
						</Position>
						<AltitudeMeters>40.490000</AltitudeMeters>
						<HeartRateBpm>
							<Value>107</Value>
						</HeartRateBpm>
					</Trackpoint>
					<Trackpoint>
						<Time>2569-05-19T14:25:25Z</Time>
						<Position>
							<LatitudeDegrees>9.143017</LatitudeDegrees>
							<LongitudeDegrees>99.324400</LongitudeDegrees>
						</Position>
						<AltitudeMeters>40.490000</AltitudeMeters>
						<HeartRateBpm>
							<Value>107</Value>
						</HeartRateBpm>
					</Trackpoint>
					<Trackpoint>
						<Time>2569-05-19T14:25:26Z</Time>
						<Position>
							<LatitudeDegrees>9.143017</LatitudeDegrees>
							<LongitudeDegrees>99.324400</LongitudeDegrees>
						</Position>
						<AltitudeMeters>40.490000</AltitudeMeters>
						<HeartRateBpm>
							<Value>107</Value>
						</HeartRateBpm>
					</Trackpoint>
					<Trackpoint>
						<Time>2569-05-19T14:25:27Z</Time>
						<Position>
							<LatitudeDegrees>9.143018</LatitudeDegrees>
							<LongitudeDegrees>99.324400</LongitudeDegrees>
						</Position>
						<AltitudeMeters>40.480000</AltitudeMeters>
						<HeartRateBpm>
							<Value>106</Value>
						</HeartRateBpm>
					</Trackpoint>
					<Trackpoint>
						<Time>2569-05-19T14:25:28Z</Time>
						<Position>
							<LatitudeDegrees>9.143018</LatitudeDegrees>
							<LongitudeDegrees>99.324400</LongitudeDegrees>
						</Position>
						<AltitudeMeters>40.480000</AltitudeMeters>
						<HeartRateBpm>
							<Value>106</Value>
						</HeartRateBpm>
					</Trackpoint>
					<Trackpoint>
						<Time>2569-05-19T14:25:29Z</Time>
						<Position>
							<LatitudeDegrees>9.143018</LatitudeDegrees>
							<LongitudeDegrees>99.324400</LongitudeDegrees>
						</Position>
						<AltitudeMeters>40.480000</AltitudeMeters>
						<HeartRateBpm>
							<Value>106</Value>
						</HeartRateBpm>
					</Trackpoint>
					<Trackpoint>
						<Time>2569-05-19T14:25:30Z</Time>
						<Position>
							<LatitudeDegrees>9.143018</LatitudeDegrees>
							<LongitudeDegrees>99.324400</LongitudeDegrees>
						</Position>
						<AltitudeMeters>40.480000</AltitudeMeters>
						<HeartRateBpm>
							<Value>105</Value>
						</HeartRateBpm>
					</Trackpoint>
					<Trackpoint>
						<Time>2569-05-19T14:25:31Z</Time>
						<Position>
							<LatitudeDegrees>9.143018</LatitudeDegrees>
							<LongitudeDegrees>99.324400</LongitudeDegrees>
						</Position>
						<AltitudeMeters>40.470000</AltitudeMeters>
						<HeartRateBpm>
							<Value>105</Value>
						</HeartRateBpm>
					</Trackpoint>
					<Trackpoint>
						<Time>2569-05-19T14:25:32Z</Time>
						<Position>
							<LatitudeDegrees>9.143018</LatitudeDegrees>
							<LongitudeDegrees>99.324400</LongitudeDegrees>
						</Position>
						<AltitudeMeters>40.470000</AltitudeMeters>
						<HeartRateBpm>
							<Value>104</Value>
						</HeartRateBpm>
					</Trackpoint>
					<Trackpoint>
						<Time>2569-05-19T14:25:33Z</Time>
						<Position>
							<LatitudeDegrees>9.143018</LatitudeDegrees>
							<LongitudeDegrees>99.324400</LongitudeDegrees>
						</Position>
						<AltitudeMeters>40.470000</AltitudeMeters>
						<HeartRateBpm>
							<Value>103</Value>
						</HeartRateBpm>
					</Trackpoint>
					<Trackpoint>
						<Time>2569-05-19T14:25:34Z</Time>
						<Position>
							<LatitudeDegrees>9.143018</LatitudeDegrees>
							<LongitudeDegrees>99.324400</LongitudeDegrees>
						</Position>
						<AltitudeMeters>40.470000</AltitudeMeters>
						<HeartRateBpm>
							<Value>102</Value>
						</HeartRateBpm>
					</Trackpoint>
					<Trackpoint>
						<Time>2569-05-19T14:25:35Z</Time>
						<Position>
							<LatitudeDegrees>9.143018</LatitudeDegrees>
							<LongitudeDegrees>99.324400</LongitudeDegrees>
						</Position>
						<AltitudeMeters>40.460000</AltitudeMeters>
						<HeartRateBpm>
							<Value>102</Value>
						</HeartRateBpm>
					</Trackpoint>
					<Trackpoint>
						<Time>2569-05-19T14:25:36Z</Time>
						<Position>
							<LatitudeDegrees>9.143018</LatitudeDegrees>
							<LongitudeDegrees>99.324400</LongitudeDegrees>
						</Position>
						<AltitudeMeters>40.460000</AltitudeMeters>
						<HeartRateBpm>
							<Value>102</Value>
						</HeartRateBpm>
					</Trackpoint>
					<Trackpoint>
						<Time>2569-05-19T14:25:37Z</Time>
						<Position>
							<LatitudeDegrees>9.143018</LatitudeDegrees>
							<LongitudeDegrees>99.324400</LongitudeDegrees>
						</Position>
						<AltitudeMeters>40.460000</AltitudeMeters>
						<HeartRateBpm>
							<Value>102</Value>
						</HeartRateBpm>
					</Trackpoint>
					<Trackpoint>
						<Time>2569-05-19T14:25:38Z</Time>
						<Position>
							<LatitudeDegrees>9.143019</LatitudeDegrees>
							<LongitudeDegrees>99.324400</LongitudeDegrees>
						</Position>
						<AltitudeMeters>40.470000</AltitudeMeters>
						<HeartRateBpm>
							<Value>101</Value>
						</HeartRateBpm>
					</Trackpoint>
					<Trackpoint>
						<Time>2569-05-19T14:25:39Z</Time>
						<Position>
							<LatitudeDegrees>9.143020</LatitudeDegrees>
							<LongitudeDegrees>99.324400</LongitudeDegrees>
						</Position>
						<AltitudeMeters>40.460000</AltitudeMeters>
						<HeartRateBpm>
							<Value>101</Value>
						</HeartRateBpm>
					</Trackpoint>
					<Trackpoint>
						<Time>2569-05-19T14:25:40Z</Time>
						<Position>
							<LatitudeDegrees>9.143021</LatitudeDegrees>
							<LongitudeDegrees>99.324401</LongitudeDegrees>
						</Position>
						<AltitudeMeters>40.460000</AltitudeMeters>
					</Trackpoint>
					<Trackpoint>
						<Time>2569-05-19T14:25:41Z</Time>
						<Position>
							<LatitudeDegrees>9.143022</LatitudeDegrees>
							<LongitudeDegrees>99.324401</LongitudeDegrees>
						</Position>
						<AltitudeMeters>40.460000</AltitudeMeters>
						<HeartRateBpm>
							<Value>101</Value>
						</HeartRateBpm>
					</Trackpoint>
					<Trackpoint>
						<Time>2569-05-19T14:25:42Z</Time>
						<Position>
							<LatitudeDegrees>9.143022</LatitudeDegrees>
							<LongitudeDegrees>99.324401</LongitudeDegrees>
						</Position>
						<AltitudeMeters>40.460000</AltitudeMeters>
						<HeartRateBpm>
							<Value>100</Value>
						</HeartRateBpm>
					</Trackpoint>
					<Trackpoint>
						<Time>2569-05-19T14:25:43Z</Time>
						<Position>
							<LatitudeDegrees>9.143023</LatitudeDegrees>
							<LongitudeDegrees>99.324402</LongitudeDegrees>
						</Position>
						<AltitudeMeters>40.460000</AltitudeMeters>
						<HeartRateBpm>
							<Value>101</Value>
						</HeartRateBpm>
					</Trackpoint>
					<Trackpoint>
						<Time>2569-05-19T14:25:44Z</Time>
						<Position>
							<LatitudeDegrees>9.143023</LatitudeDegrees>
							<LongitudeDegrees>99.324402</LongitudeDegrees>
						</Position>
						<AltitudeMeters>40.450000</AltitudeMeters>
						<HeartRateBpm>
							<Value>100</Value>
						</HeartRateBpm>
					</Trackpoint>
					<Trackpoint>
						<Time>2569-05-19T14:25:45Z</Time>
						<Position>
							<LatitudeDegrees>9.143023</LatitudeDegrees>
							<LongitudeDegrees>99.324402</LongitudeDegrees>
						</Position>
						<AltitudeMeters>40.450000</AltitudeMeters>
						<HeartRateBpm>
							<Value>100</Value>
						</HeartRateBpm>
					</Trackpoint>
					<Trackpoint>
						<Time>2569-05-19T14:25:46Z</Time>
						<Position>
							<LatitudeDegrees>9.143023</LatitudeDegrees>
							<LongitudeDegrees>99.324402</LongitudeDegrees>
						</Position>
						<AltitudeMeters>40.450000</AltitudeMeters>
						<HeartRateBpm>
							<Value>101</Value>
						</HeartRateBpm>
					</Trackpoint>
					<Trackpoint>
						<Time>2569-05-19T14:25:47Z</Time>
						<Position>
							<LatitudeDegrees>9.143023</LatitudeDegrees>
							<LongitudeDegrees>99.324401</LongitudeDegrees>
						</Position>
						<AltitudeMeters>40.450000</AltitudeMeters>
						<HeartRateBpm>
							<Value>101</Value>
						</HeartRateBpm>
					</Trackpoint>
					<Trackpoint>
						<Time>2569-05-19T14:25:48Z</Time>
						<Position>
							<LatitudeDegrees>9.143023</LatitudeDegrees>
							<LongitudeDegrees>99.324401</LongitudeDegrees>
						</Position>
						<AltitudeMeters>40.440000</AltitudeMeters>
						<HeartRateBpm>
							<Value>102</Value>
						</HeartRateBpm>
					</Trackpoint>
					<Trackpoint>
						<Time>2569-05-19T14:25:49Z</Time>
						<Position>
							<LatitudeDegrees>9.143023</LatitudeDegrees>
							<LongitudeDegrees>99.324401</LongitudeDegrees>
						</Position>
						<AltitudeMeters>40.440000</AltitudeMeters>
						<HeartRateBpm>
							<Value>103</Value>
						</HeartRateBpm>
					</Trackpoint>
					<Trackpoint>
						<Time>2569-05-19T14:25:50Z</Time>
						<Position>
							<LatitudeDegrees>9.143023</LatitudeDegrees>
							<LongitudeDegrees>99.324401</LongitudeDegrees>
						</Position>
						<AltitudeMeters>40.440000</AltitudeMeters>
						<HeartRateBpm>
							<Value>102</Value>
						</HeartRateBpm>
					</Trackpoint>
					<Trackpoint>
						<Time>2569-05-19T14:25:51Z</Time>
						<Position>
							<LatitudeDegrees>9.143022</LatitudeDegrees>
							<LongitudeDegrees>99.324401</LongitudeDegrees>
						</Position>
						<AltitudeMeters>40.440000</AltitudeMeters>
						<HeartRateBpm>
							<Value>101</Value>
						</HeartRateBpm>
					</Trackpoint>
					<Trackpoint>
						<Time>2569-05-19T14:25:52Z</Time>
						<Position>
							<LatitudeDegrees>9.143022</LatitudeDegrees>
							<LongitudeDegrees>99.324401</LongitudeDegrees>
						</Position>
						<AltitudeMeters>40.440000</AltitudeMeters>
						<HeartRateBpm>
							<Value>100</Value>
						</HeartRateBpm>
					</Trackpoint>
					<Trackpoint>
						<Time>2569-05-19T14:25:53Z</Time>
						<Position>
							<LatitudeDegrees>9.143022</LatitudeDegrees>
							<LongitudeDegrees>99.324400</LongitudeDegrees>
						</Position>
						<AltitudeMeters>40.430000</AltitudeMeters>
						<HeartRateBpm>
							<Value>98</Value>
						</HeartRateBpm>
					</Trackpoint>
					<Trackpoint>
						<Time>2569-05-19T14:25:54Z</Time>
						<Position>
							<LatitudeDegrees>9.143022</LatitudeDegrees>
							<LongitudeDegrees>99.324400</LongitudeDegrees>
						</Position>
						<AltitudeMeters>40.430000</AltitudeMeters>
						<HeartRateBpm>
							<Value>97</Value>
						</HeartRateBpm>
					</Trackpoint>
					<Trackpoint>
						<Time>2569-05-19T14:25:55Z</Time>
						<Position>
							<LatitudeDegrees>9.143022</LatitudeDegrees>
							<LongitudeDegrees>99.324400</LongitudeDegrees>
						</Position>
						<AltitudeMeters>40.430000</AltitudeMeters>
						<HeartRateBpm>
							<Value>97</Value>
						</HeartRateBpm>
					</Trackpoint>
					<Trackpoint>
						<Time>2569-05-19T14:25:56Z</Time>
						<Position>
							<LatitudeDegrees>9.143022</LatitudeDegrees>
							<LongitudeDegrees>99.324400</LongitudeDegrees>
						</Position>
						<AltitudeMeters>40.430000</AltitudeMeters>
						<HeartRateBpm>
							<Value>97</Value>
						</HeartRateBpm>
					</Trackpoint>
					<Trackpoint>
						<Time>2569-05-19T14:25:57Z</Time>
						<Position>
							<LatitudeDegrees>9.143022</LatitudeDegrees>
							<LongitudeDegrees>99.324400</LongitudeDegrees>
						</Position>
						<AltitudeMeters>40.430000</AltitudeMeters>
						<HeartRateBpm>
							<Value>98</Value>
						</HeartRateBpm>
					</Trackpoint>
					<Trackpoint>
						<Time>2569-05-19T14:25:58Z</Time>
						<Position>
							<LatitudeDegrees>9.143022</LatitudeDegrees>
							<LongitudeDegrees>99.324400</LongitudeDegrees>
						</Position>
						<AltitudeMeters>40.430000</AltitudeMeters>
						<HeartRateBpm>
							<Value>98</Value>
						</HeartRateBpm>
					</Trackpoint>
					<Trackpoint>
						<Time>2569-05-19T14:25:59Z</Time>
						<Position>
							<LatitudeDegrees>9.143022</LatitudeDegrees>
							<LongitudeDegrees>99.324400</LongitudeDegrees>
						</Position>
						<AltitudeMeters>40.420000</AltitudeMeters>
						<HeartRateBpm>
							<Value>98</Value>
						</HeartRateBpm>
					</Trackpoint>
					<Trackpoint>
						<Time>2569-05-19T14:26:00Z</Time>
						<Position>
							<LatitudeDegrees>9.143022</LatitudeDegrees>
							<LongitudeDegrees>99.324400</LongitudeDegrees>
						</Position>
						<AltitudeMeters>40.420000</AltitudeMeters>
						<HeartRateBpm>
							<Value>99</Value>
						</HeartRateBpm>
					</Trackpoint>
					<Trackpoint>
						<Time>2569-05-19T14:26:01Z</Time>
						<Position>
							<LatitudeDegrees>9.143022</LatitudeDegrees>
							<LongitudeDegrees>99.324399</LongitudeDegrees>
						</Position>
						<AltitudeMeters>40.420000</AltitudeMeters>
						<HeartRateBpm>
							<Value>99</Value>
						</HeartRateBpm>
					</Trackpoint>
					<Trackpoint>
						<Time>2569-05-19T14:26:02Z</Time>
						<Position>
							<LatitudeDegrees>9.143022</LatitudeDegrees>
							<LongitudeDegrees>99.324399</LongitudeDegrees>
						</Position>
						<AltitudeMeters>40.420000</AltitudeMeters>
						<HeartRateBpm>
							<Value>99</Value>
						</HeartRateBpm>
					</Trackpoint>
					<Trackpoint>
						<Time>2569-05-19T14:26:03Z</Time>
						<Position>
							<LatitudeDegrees>9.143022</LatitudeDegrees>
							<LongitudeDegrees>99.324399</LongitudeDegrees>
						</Position>
						<AltitudeMeters>40.420000</AltitudeMeters>
						<HeartRateBpm>
							<Value>100</Value>
						</HeartRateBpm>
					</Trackpoint>
					<Trackpoint>
						<Time>2569-05-19T14:26:04Z</Time>
						<Position>
							<LatitudeDegrees>9.143022</LatitudeDegrees>
							<LongitudeDegrees>99.324398</LongitudeDegrees>
						</Position>
						<AltitudeMeters>40.410000</AltitudeMeters>
						<HeartRateBpm>
							<Value>99</Value>
						</HeartRateBpm>
					</Trackpoint>
					<Trackpoint>
						<Time>2569-05-19T14:26:05Z</Time>
						<Position>
							<LatitudeDegrees>9.143022</LatitudeDegrees>
							<LongitudeDegrees>99.324398</LongitudeDegrees>
						</Position>
						<AltitudeMeters>40.410000</AltitudeMeters>
						<HeartRateBpm>
							<Value>99</Value>
						</HeartRateBpm>
					</Trackpoint>
					<Trackpoint>
						<Time>2569-05-19T14:26:06Z</Time>
						<Position>
							<LatitudeDegrees>9.143022</LatitudeDegrees>
							<LongitudeDegrees>99.324398</LongitudeDegrees>
						</Position>
						<AltitudeMeters>40.410000</AltitudeMeters>
						<HeartRateBpm>
							<Value>100</Value>
						</HeartRateBpm>
					</Trackpoint>
					<Trackpoint>
						<Time>2569-05-19T14:26:07Z</Time>
						<Position>
							<LatitudeDegrees>9.143022</LatitudeDegrees>
							<LongitudeDegrees>99.324398</LongitudeDegrees>
						</Position>
						<AltitudeMeters>40.410000</AltitudeMeters>
						<HeartRateBpm>
							<Value>101</Value>
						</HeartRateBpm>
					</Trackpoint>
					<Trackpoint>
						<Time>2569-05-19T14:26:08Z</Time>
						<Position>
							<LatitudeDegrees>9.143022</LatitudeDegrees>
							<LongitudeDegrees>99.324397</LongitudeDegrees>
						</Position>
						<AltitudeMeters>40.410000</AltitudeMeters>
						<HeartRateBpm>
							<Value>102</Value>
						</HeartRateBpm>
					</Trackpoint>
					<Trackpoint>
						<Time>2569-05-19T14:26:09Z</Time>
						<Position>
							<LatitudeDegrees>9.143022</LatitudeDegrees>
							<LongitudeDegrees>99.324398</LongitudeDegrees>
						</Position>
						<AltitudeMeters>40.410000</AltitudeMeters>
						<HeartRateBpm>
							<Value>102</Value>
						</HeartRateBpm>
					</Trackpoint>
					<Trackpoint>
						<Time>2569-05-19T14:26:10Z</Time>
						<Position>
							<LatitudeDegrees>9.143022</LatitudeDegrees>
							<LongitudeDegrees>99.324398</LongitudeDegrees>
						</Position>
						<AltitudeMeters>40.400000</AltitudeMeters>
						<HeartRateBpm>
							<Value>101</Value>
						</HeartRateBpm>
					</Trackpoint>
					<Trackpoint>
						<Time>2569-05-19T14:26:11Z</Time>
						<Position>
							<LatitudeDegrees>9.143022</LatitudeDegrees>
							<LongitudeDegrees>99.324398</LongitudeDegrees>
						</Position>
						<AltitudeMeters>40.400000</AltitudeMeters>
						<HeartRateBpm>
							<Value>100</Value>
						</HeartRateBpm>
					</Trackpoint>
					<Trackpoint>
						<Time>2569-05-19T14:26:12Z</Time>
						<Position>
							<LatitudeDegrees>9.143022</LatitudeDegrees>
							<LongitudeDegrees>99.324398</LongitudeDegrees>
						</Position>
						<AltitudeMeters>40.400000</AltitudeMeters>
						<HeartRateBpm>
							<Value>99</Value>
						</HeartRateBpm>
					</Trackpoint>
					<Trackpoint>
						<Time>2569-05-19T14:26:13Z</Time>
						<Position>
							<LatitudeDegrees>9.143022</LatitudeDegrees>
							<LongitudeDegrees>99.324398</LongitudeDegrees>
						</Position>
						<AltitudeMeters>40.400000</AltitudeMeters>
						<HeartRateBpm>
							<Value>98</Value>
						</HeartRateBpm>
					</Trackpoint>
					<Trackpoint>
						<Time>2569-05-19T14:26:14Z</Time>
						<Position>
							<LatitudeDegrees>9.143022</LatitudeDegrees>
							<LongitudeDegrees>99.324397</LongitudeDegrees>
						</Position>
						<AltitudeMeters>40.400000</AltitudeMeters>
						<HeartRateBpm>
							<Value>97</Value>
						</HeartRateBpm>
					</Trackpoint>
					<Trackpoint>
						<Time>2569-05-19T14:26:15Z</Time>
						<Position>
							<LatitudeDegrees>9.143022</LatitudeDegrees>
							<LongitudeDegrees>99.324397</LongitudeDegrees>
						</Position>
						<AltitudeMeters>40.390000</AltitudeMeters>
						<HeartRateBpm>
							<Value>96</Value>
						</HeartRateBpm>
					</Trackpoint>
					<Trackpoint>
						<Time>2569-05-19T14:26:16Z</Time>
						<Position>
							<LatitudeDegrees>9.143022</LatitudeDegrees>
							<LongitudeDegrees>99.324397</LongitudeDegrees>
						</Position>
						<AltitudeMeters>40.390000</AltitudeMeters>
						<HeartRateBpm>
							<Value>97</Value>
						</HeartRateBpm>
					</Trackpoint>
					<Trackpoint>
						<Time>2569-05-19T14:26:17Z</Time>
						<Position>
							<LatitudeDegrees>9.143022</LatitudeDegrees>
							<LongitudeDegrees>99.324398</LongitudeDegrees>
						</Position>
						<AltitudeMeters>40.390000</AltitudeMeters>
						<HeartRateBpm>
							<Value>96</Value>
						</HeartRateBpm>
					</Trackpoint>
					<Trackpoint>
						<Time>2569-05-19T14:26:18Z</Time>
						<Position>
							<LatitudeDegrees>9.143022</LatitudeDegrees>
							<LongitudeDegrees>99.324398</LongitudeDegrees>
						</Position>
						<AltitudeMeters>40.390000</AltitudeMeters>
						<HeartRateBpm>
							<Value>96</Value>
						</HeartRateBpm>
					</Trackpoint>
					<Trackpoint>
						<Time>2569-05-19T14:26:19Z</Time>
						<Position>
							<LatitudeDegrees>9.143023</LatitudeDegrees>
							<LongitudeDegrees>99.324397</LongitudeDegrees>
						</Position>
						<AltitudeMeters>40.390000</AltitudeMeters>
						<HeartRateBpm>
							<Value>96</Value>
						</HeartRateBpm>
					</Trackpoint>
					<Trackpoint>
						<Time>2569-05-19T14:26:20Z</Time>
						<Position>
							<LatitudeDegrees>9.143023</LatitudeDegrees>
							<LongitudeDegrees>99.324396</LongitudeDegrees>
						</Position>
						<AltitudeMeters>40.390000</AltitudeMeters>
						<HeartRateBpm>
							<Value>95</Value>
						</HeartRateBpm>
					</Trackpoint>
					<Trackpoint>
						<Time>2569-05-19T14:26:21Z</Time>
						<Position>
							<LatitudeDegrees>9.143023</LatitudeDegrees>
							<LongitudeDegrees>99.324396</LongitudeDegrees>
						</Position>
						<AltitudeMeters>40.390000</AltitudeMeters>
						<HeartRateBpm>
							<Value>94</Value>
						</HeartRateBpm>
					</Trackpoint>
					<Trackpoint>
						<Time>2569-05-19T14:26:22Z</Time>
						<Position>
							<LatitudeDegrees>9.143023</LatitudeDegrees>
							<LongitudeDegrees>99.324395</LongitudeDegrees>
						</Position>
						<AltitudeMeters>40.380000</AltitudeMeters>
						<HeartRateBpm>
							<Value>93</Value>
						</HeartRateBpm>
					</Trackpoint>
					<Trackpoint>
						<Time>2569-05-19T14:26:23Z</Time>
						<Position>
							<LatitudeDegrees>9.143023</LatitudeDegrees>
							<LongitudeDegrees>99.324394</LongitudeDegrees>
						</Position>
						<AltitudeMeters>40.380000</AltitudeMeters>
						<HeartRateBpm>
							<Value>93</Value>
						</HeartRateBpm>
					</Trackpoint>
					<Trackpoint>
						<Time>2569-05-19T14:26:24Z</Time>
						<Position>
							<LatitudeDegrees>9.143024</LatitudeDegrees>
							<LongitudeDegrees>99.324394</LongitudeDegrees>
						</Position>
						<AltitudeMeters>40.380000</AltitudeMeters>
						<HeartRateBpm>
							<Value>93</Value>
						</HeartRateBpm>
					</Trackpoint>
					<Trackpoint>
						<Time>2569-05-19T14:26:25Z</Time>
						<Position>
							<LatitudeDegrees>9.143026</LatitudeDegrees>
							<LongitudeDegrees>99.324397</LongitudeDegrees>
						</Position>
						<AltitudeMeters>40.380000</AltitudeMeters>
						<HeartRateBpm>
							<Value>94</Value>
						</HeartRateBpm>
					</Trackpoint>
					<Trackpoint>
						<Time>2569-05-19T14:26:26Z</Time>
						<Position>
							<LatitudeDegrees>9.143029</LatitudeDegrees>
							<LongitudeDegrees>99.324399</LongitudeDegrees>
						</Position>
						<AltitudeMeters>40.380000</AltitudeMeters>
						<HeartRateBpm>
							<Value>95</Value>
						</HeartRateBpm>
					</Trackpoint>
					<Trackpoint>
						<Time>2569-05-19T14:26:27Z</Time>
						<Position>
							<LatitudeDegrees>9.143031</LatitudeDegrees>
							<LongitudeDegrees>99.324400</LongitudeDegrees>
						</Position>
						<AltitudeMeters>40.380000</AltitudeMeters>
						<HeartRateBpm>
							<Value>96</Value>
						</HeartRateBpm>
					</Trackpoint>
					<Trackpoint>
						<Time>2569-05-19T14:26:28Z</Time>
						<Position>
							<LatitudeDegrees>9.143033</LatitudeDegrees>
							<LongitudeDegrees>99.324401</LongitudeDegrees>
						</Position>
						<AltitudeMeters>40.380000</AltitudeMeters>
						<HeartRateBpm>
							<Value>96</Value>
						</HeartRateBpm>
					</Trackpoint>
					<Trackpoint>
						<Time>2569-05-19T14:26:29Z</Time>
						<Position>
							<LatitudeDegrees>9.143035</LatitudeDegrees>
							<LongitudeDegrees>99.324403</LongitudeDegrees>
						</Position>
						<AltitudeMeters>40.380000</AltitudeMeters>
						<HeartRateBpm>
							<Value>94</Value>
						</HeartRateBpm>
					</Trackpoint>
					<Trackpoint>
						<Time>2569-05-19T14:26:30Z</Time>
						<Position>
							<LatitudeDegrees>9.143038</LatitudeDegrees>
							<LongitudeDegrees>99.324407</LongitudeDegrees>
						</Position>
						<AltitudeMeters>40.380000</AltitudeMeters>
						<HeartRateBpm>
							<Value>94</Value>
						</HeartRateBpm>
					</Trackpoint>
					<Trackpoint>
						<Time>2569-05-19T14:26:31Z</Time>
						<Position>
							<LatitudeDegrees>9.143040</LatitudeDegrees>
							<LongitudeDegrees>99.324409</LongitudeDegrees>
						</Position>
						<AltitudeMeters>40.370000</AltitudeMeters>
						<HeartRateBpm>
							<Value>92</Value>
						</HeartRateBpm>
					</Trackpoint>
					<Trackpoint>
						<Time>2569-05-19T14:26:32Z</Time>
						<Position>
							<LatitudeDegrees>9.143039</LatitudeDegrees>
							<LongitudeDegrees>99.324410</LongitudeDegrees>
						</Position>
						<AltitudeMeters>40.370000</AltitudeMeters>
						<HeartRateBpm>
							<Value>92</Value>
						</HeartRateBpm>
					</Trackpoint>
					<Trackpoint>
						<Time>2569-05-19T14:26:33Z</Time>
						<Position>
							<LatitudeDegrees>9.143040</LatitudeDegrees>
							<LongitudeDegrees>99.324411</LongitudeDegrees>
						</Position>
						<AltitudeMeters>40.370000</AltitudeMeters>
						<HeartRateBpm>
							<Value>92</Value>
						</HeartRateBpm>
					</Trackpoint>
					<Trackpoint>
						<Time>2569-05-19T14:26:34Z</Time>
						<Position>
							<LatitudeDegrees>9.143040</LatitudeDegrees>
							<LongitudeDegrees>99.324413</LongitudeDegrees>
						</Position>
						<AltitudeMeters>40.370000</AltitudeMeters>
						<HeartRateBpm>
							<Value>92</Value>
						</HeartRateBpm>
					</Trackpoint>
					<Trackpoint>
						<Time>2569-05-19T14:26:35Z</Time>
						<Position>
							<LatitudeDegrees>9.143039</LatitudeDegrees>
							<LongitudeDegrees>99.324410</LongitudeDegrees>
						</Position>
						<AltitudeMeters>40.370000</AltitudeMeters>
						<HeartRateBpm>
							<Value>94</Value>
						</HeartRateBpm>
					</Trackpoint>
					<Trackpoint>
						<Time>2569-05-19T14:26:36Z</Time>
						<Position>
							<LatitudeDegrees>9.143037</LatitudeDegrees>
							<LongitudeDegrees>99.324407</LongitudeDegrees>
						</Position>
						<AltitudeMeters>40.370000</AltitudeMeters>
						<HeartRateBpm>
							<Value>95</Value>
						</HeartRateBpm>
					</Trackpoint>
					<Trackpoint>
						<Time>2569-05-19T14:26:37Z</Time>
						<Position>
							<LatitudeDegrees>9.143037</LatitudeDegrees>
							<LongitudeDegrees>99.324403</LongitudeDegrees>
						</Position>
						<AltitudeMeters>40.370000</AltitudeMeters>
						<HeartRateBpm>
							<Value>96</Value>
						</HeartRateBpm>
					</Trackpoint>
					<Trackpoint>
						<Time>2569-05-19T14:26:38Z</Time>
						<Position>
							<LatitudeDegrees>9.143037</LatitudeDegrees>
							<LongitudeDegrees>99.324397</LongitudeDegrees>
						</Position>
						<AltitudeMeters>40.370000</AltitudeMeters>
						<HeartRateBpm>
							<Value>96</Value>
						</HeartRateBpm>
					</Trackpoint>
					<Trackpoint>
						<Time>2569-05-19T14:26:39Z</Time>
						<Position>
							<LatitudeDegrees>9.143038</LatitudeDegrees>
							<LongitudeDegrees>99.324393</LongitudeDegrees>
						</Position>
						<AltitudeMeters>40.370000</AltitudeMeters>
						<HeartRateBpm>
							<Value>95</Value>
						</HeartRateBpm>
					</Trackpoint>
					<Trackpoint>
						<Time>2569-05-19T14:26:40Z</Time>
						<Position>
							<LatitudeDegrees>9.143040</LatitudeDegrees>
							<LongitudeDegrees>99.324390</LongitudeDegrees>
						</Position>
						<AltitudeMeters>40.370000</AltitudeMeters>
						<HeartRateBpm>
							<Value>95</Value>
						</HeartRateBpm>
					</Trackpoint>
					<Trackpoint>
						<Time>2569-05-19T14:26:41Z</Time>
						<Position>
							<LatitudeDegrees>9.143041</LatitudeDegrees>
							<LongitudeDegrees>99.324387</LongitudeDegrees>
						</Position>
						<AltitudeMeters>40.370000</AltitudeMeters>
						<HeartRateBpm>
							<Value>94</Value>
						</HeartRateBpm>
					</Trackpoint>
					<Trackpoint>
						<Time>2569-05-19T14:26:42Z</Time>
						<Position>
							<LatitudeDegrees>9.143042</LatitudeDegrees>
							<LongitudeDegrees>99.324385</LongitudeDegrees>
						</Position>
						<AltitudeMeters>40.370000</AltitudeMeters>
						<HeartRateBpm>
							<Value>93</Value>
						</HeartRateBpm>
					</Trackpoint>
					<Trackpoint>
						<Time>2569-05-19T14:26:43Z</Time>
						<Position>
							<LatitudeDegrees>9.143041</LatitudeDegrees>
							<LongitudeDegrees>99.324383</LongitudeDegrees>
						</Position>
						<AltitudeMeters>40.370000</AltitudeMeters>
						<HeartRateBpm>
							<Value>93</Value>
						</HeartRateBpm>
					</Trackpoint>
					<Trackpoint>
						<Time>2569-05-19T14:26:44Z</Time>
						<Position>
							<LatitudeDegrees>9.143040</LatitudeDegrees>
							<LongitudeDegrees>99.324381</LongitudeDegrees>
						</Position>
						<AltitudeMeters>40.370000</AltitudeMeters>
						<HeartRateBpm>
							<Value>93</Value>
						</HeartRateBpm>
					</Trackpoint>
					<Trackpoint>
						<Time>2569-05-19T14:26:45Z</Time>
						<Position>
							<LatitudeDegrees>9.143039</LatitudeDegrees>
							<LongitudeDegrees>99.324380</LongitudeDegrees>
						</Position>
						<AltitudeMeters>40.370000</AltitudeMeters>
						<HeartRateBpm>
							<Value>93</Value>
						</HeartRateBpm>
					</Trackpoint>
					<Trackpoint>
						<Time>2569-05-19T14:26:46Z</Time>
						<Position>
							<LatitudeDegrees>9.143039</LatitudeDegrees>
							<LongitudeDegrees>99.324379</LongitudeDegrees>
						</Position>
						<AltitudeMeters>40.370000</AltitudeMeters>
						<HeartRateBpm>
							<Value>92</Value>
						</HeartRateBpm>
					</Trackpoint>
					<Trackpoint>
						<Time>2569-05-19T14:26:47Z</Time>
						<Position>
							<LatitudeDegrees>9.143037</LatitudeDegrees>
							<LongitudeDegrees>99.324378</LongitudeDegrees>
						</Position>
						<AltitudeMeters>40.370000</AltitudeMeters>
						<HeartRateBpm>
							<Value>91</Value>
						</HeartRateBpm>
					</Trackpoint>
					<Trackpoint>
						<Time>2569-05-19T14:26:48Z</Time>
						<Position>
							<LatitudeDegrees>9.143033</LatitudeDegrees>
							<LongitudeDegrees>99.324377</LongitudeDegrees>
						</Position>
						<AltitudeMeters>40.370000</AltitudeMeters>
						<HeartRateBpm>
							<Value>92</Value>
						</HeartRateBpm>
					</Trackpoint>
					<Trackpoint>
						<Time>2569-05-19T14:26:49Z</Time>
						<Position>
							<LatitudeDegrees>9.143030</LatitudeDegrees>
							<LongitudeDegrees>99.324378</LongitudeDegrees>
						</Position>
						<AltitudeMeters>40.370000</AltitudeMeters>
						<HeartRateBpm>
							<Value>94</Value>
						</HeartRateBpm>
					</Trackpoint>
					<Trackpoint>
						<Time>2569-05-19T14:26:50Z</Time>
						<Position>
							<LatitudeDegrees>9.143026</LatitudeDegrees>
							<LongitudeDegrees>99.324378</LongitudeDegrees>
						</Position>
						<AltitudeMeters>40.370000</AltitudeMeters>
						<HeartRateBpm>
							<Value>96</Value>
						</HeartRateBpm>
					</Trackpoint>
					<Trackpoint>
						<Time>2569-05-19T14:26:51Z</Time>
						<Position>
							<LatitudeDegrees>9.143022</LatitudeDegrees>
							<LongitudeDegrees>99.324378</LongitudeDegrees>
						</Position>
						<AltitudeMeters>40.370000</AltitudeMeters>
						<HeartRateBpm>
							<Value>97</Value>
						</HeartRateBpm>
					</Trackpoint>
					<Trackpoint>
						<Time>2569-05-19T14:26:52Z</Time>
						<Position>
							<LatitudeDegrees>9.143018</LatitudeDegrees>
							<LongitudeDegrees>99.324377</LongitudeDegrees>
						</Position>
						<AltitudeMeters>40.370000</AltitudeMeters>
						<HeartRateBpm>
							<Value>97</Value>
						</HeartRateBpm>
					</Trackpoint>
					<Trackpoint>
						<Time>2569-05-19T14:26:53Z</Time>
						<Position>
							<LatitudeDegrees>9.143015</LatitudeDegrees>
							<LongitudeDegrees>99.324377</LongitudeDegrees>
						</Position>
						<AltitudeMeters>40.360000</AltitudeMeters>
						<HeartRateBpm>
							<Value>97</Value>
						</HeartRateBpm>
					</Trackpoint>
					<Trackpoint>
						<Time>2569-05-19T14:26:54Z</Time>
						<Position>
							<LatitudeDegrees>9.143013</LatitudeDegrees>
							<LongitudeDegrees>99.324377</LongitudeDegrees>
						</Position>
						<AltitudeMeters>40.360000</AltitudeMeters>
						<HeartRateBpm>
							<Value>96</Value>
						</HeartRateBpm>
					</Trackpoint>
					<Trackpoint>
						<Time>2569-05-19T14:26:55Z</Time>
						<Position>
							<LatitudeDegrees>9.143013</LatitudeDegrees>
							<LongitudeDegrees>99.324379</LongitudeDegrees>
						</Position>
						<AltitudeMeters>40.360000</AltitudeMeters>
						<HeartRateBpm>
							<Value>95</Value>
						</HeartRateBpm>
					</Trackpoint>
					<Trackpoint>
						<Time>2569-05-19T14:26:56Z</Time>
						<Position>
							<LatitudeDegrees>9.143012</LatitudeDegrees>
							<LongitudeDegrees>99.324381</LongitudeDegrees>
						</Position>
						<AltitudeMeters>40.360000</AltitudeMeters>
						<HeartRateBpm>
							<Value>94</Value>
						</HeartRateBpm>
					</Trackpoint>
					<Trackpoint>
						<Time>2569-05-19T14:26:57Z</Time>
						<Position>
							<LatitudeDegrees>9.143011</LatitudeDegrees>
							<LongitudeDegrees>99.324383</LongitudeDegrees>
						</Position>
						<AltitudeMeters>40.360000</AltitudeMeters>
						<HeartRateBpm>
							<Value>94</Value>
						</HeartRateBpm>
					</Trackpoint>
					<Trackpoint>
						<Time>2569-05-19T14:26:58Z</Time>
						<Position>
							<LatitudeDegrees>9.143009</LatitudeDegrees>
							<LongitudeDegrees>99.324384</LongitudeDegrees>
						</Position>
						<AltitudeMeters>40.360000</AltitudeMeters>
						<HeartRateBpm>
							<Value>95</Value>
						</HeartRateBpm>
					</Trackpoint>
					<Trackpoint>
						<Time>2569-05-19T14:26:59Z</Time>
						<Position>
							<LatitudeDegrees>9.143008</LatitudeDegrees>
							<LongitudeDegrees>99.324384</LongitudeDegrees>
						</Position>
						<AltitudeMeters>40.360000</AltitudeMeters>
						<HeartRateBpm>
							<Value>97</Value>
						</HeartRateBpm>
					</Trackpoint>
					<Trackpoint>
						<Time>2569-05-19T14:27:00Z</Time>
						<Position>
							<LatitudeDegrees>9.143008</LatitudeDegrees>
							<LongitudeDegrees>99.324387</LongitudeDegrees>
						</Position>
						<AltitudeMeters>40.350000</AltitudeMeters>
						<HeartRateBpm>
							<Value>99</Value>
						</HeartRateBpm>
					</Trackpoint>
					<Trackpoint>
						<Time>2569-05-19T14:27:01Z</Time>
						<Position>
							<LatitudeDegrees>9.143008</LatitudeDegrees>
							<LongitudeDegrees>99.324389</LongitudeDegrees>
						</Position>
						<AltitudeMeters>40.350000</AltitudeMeters>
						<HeartRateBpm>
							<Value>100</Value>
						</HeartRateBpm>
					</Trackpoint>
					<Trackpoint>
						<Time>2569-05-19T14:27:02Z</Time>
						<Position>
							<LatitudeDegrees>9.143009</LatitudeDegrees>
							<LongitudeDegrees>99.324393</LongitudeDegrees>
						</Position>
						<AltitudeMeters>40.350000</AltitudeMeters>
						<HeartRateBpm>
							<Value>100</Value>
						</HeartRateBpm>
					</Trackpoint>
					<Trackpoint>
						<Time>2569-05-19T14:27:03Z</Time>
						<Position>
							<LatitudeDegrees>9.143006</LatitudeDegrees>
							<LongitudeDegrees>99.324393</LongitudeDegrees>
						</Position>
						<AltitudeMeters>40.350000</AltitudeMeters>
						<HeartRateBpm>
							<Value>99</Value>
						</HeartRateBpm>
					</Trackpoint>
					<Trackpoint>
						<Time>2569-05-19T14:27:04Z</Time>
						<Position>
							<LatitudeDegrees>9.143008</LatitudeDegrees>
							<LongitudeDegrees>99.324396</LongitudeDegrees>
						</Position>
						<AltitudeMeters>40.350000</AltitudeMeters>
						<HeartRateBpm>
							<Value>99</Value>
						</HeartRateBpm>
					</Trackpoint>
					<Trackpoint>
						<Time>2569-05-19T14:27:05Z</Time>
						<Position>
							<LatitudeDegrees>9.143008</LatitudeDegrees>
							<LongitudeDegrees>99.324398</LongitudeDegrees>
						</Position>
						<AltitudeMeters>40.350000</AltitudeMeters>
						<HeartRateBpm>
							<Value>97</Value>
						</HeartRateBpm>
					</Trackpoint>
					<Trackpoint>
						<Time>2569-05-19T14:27:06Z</Time>
						<Position>
							<LatitudeDegrees>9.143008</LatitudeDegrees>
							<LongitudeDegrees>99.324401</LongitudeDegrees>
						</Position>
						<AltitudeMeters>40.350000</AltitudeMeters>
						<HeartRateBpm>
							<Value>98</Value>
						</HeartRateBpm>
					</Trackpoint>
					<Trackpoint>
						<Time>2569-05-19T14:27:07Z</Time>
						<Position>
							<LatitudeDegrees>9.143008</LatitudeDegrees>
							<LongitudeDegrees>99.324404</LongitudeDegrees>
						</Position>
						<AltitudeMeters>40.350000</AltitudeMeters>
						<HeartRateBpm>
							<Value>98</Value>
						</HeartRateBpm>
					</Trackpoint>
					<Trackpoint>
						<Time>2569-05-19T14:27:08Z</Time>
						<Position>
							<LatitudeDegrees>9.143008</LatitudeDegrees>
							<LongitudeDegrees>99.324407</LongitudeDegrees>
						</Position>
						<AltitudeMeters>40.350000</AltitudeMeters>
						<HeartRateBpm>
							<Value>98</Value>
						</HeartRateBpm>
					</Trackpoint>
					<Trackpoint>
						<Time>2569-05-19T14:27:09Z</Time>
						<Position>
							<LatitudeDegrees>9.143010</LatitudeDegrees>
							<LongitudeDegrees>99.324409</LongitudeDegrees>
						</Position>
						<AltitudeMeters>40.350000</AltitudeMeters>
						<HeartRateBpm>
							<Value>98</Value>
						</HeartRateBpm>
					</Trackpoint>
					<Trackpoint>
						<Time>2569-05-19T14:27:10Z</Time>
						<Position>
							<LatitudeDegrees>9.143012</LatitudeDegrees>
							<LongitudeDegrees>99.324413</LongitudeDegrees>
						</Position>
						<AltitudeMeters>40.360000</AltitudeMeters>
						<HeartRateBpm>
							<Value>98</Value>
						</HeartRateBpm>
					</Trackpoint>
					<Trackpoint>
						<Time>2569-05-19T14:27:11Z</Time>
						<Position>
							<LatitudeDegrees>9.143015</LatitudeDegrees>
							<LongitudeDegrees>99.324417</LongitudeDegrees>
						</Position>
						<AltitudeMeters>40.360000</AltitudeMeters>
						<HeartRateBpm>
							<Value>98</Value>
						</HeartRateBpm>
					</Trackpoint>
					<Trackpoint>
						<Time>2569-05-19T14:27:12Z</Time>
						<Position>
							<LatitudeDegrees>9.143017</LatitudeDegrees>
							<LongitudeDegrees>99.324421</LongitudeDegrees>
						</Position>
						<AltitudeMeters>40.360000</AltitudeMeters>
						<HeartRateBpm>
							<Value>98</Value>
						</HeartRateBpm>
					</Trackpoint>
					<Trackpoint>
						<Time>2569-05-19T14:27:13Z</Time>
						<Position>
							<LatitudeDegrees>9.143018</LatitudeDegrees>
							<LongitudeDegrees>99.324423</LongitudeDegrees>
						</Position>
						<AltitudeMeters>40.360000</AltitudeMeters>
						<HeartRateBpm>
							<Value>98</Value>
						</HeartRateBpm>
					</Trackpoint>
					<Trackpoint>
						<Time>2569-05-19T14:27:14Z</Time>
						<Position>
							<LatitudeDegrees>9.143019</LatitudeDegrees>
							<LongitudeDegrees>99.324424</LongitudeDegrees>
						</Position>
						<AltitudeMeters>40.360000</AltitudeMeters>
						<HeartRateBpm>
							<Value>97</Value>
						</HeartRateBpm>
					</Trackpoint>
					<Trackpoint>
						<Time>2569-05-19T14:27:15Z</Time>
						<Position>
							<LatitudeDegrees>9.143020</LatitudeDegrees>
							<LongitudeDegrees>99.324425</LongitudeDegrees>
						</Position>
						<AltitudeMeters>40.360000</AltitudeMeters>
						<HeartRateBpm>
							<Value>97</Value>
						</HeartRateBpm>
					</Trackpoint>
					<Trackpoint>
						<Time>2569-05-19T14:27:16Z</Time>
						<Position>
							<LatitudeDegrees>9.143022</LatitudeDegrees>
							<LongitudeDegrees>99.324424</LongitudeDegrees>
						</Position>
						<AltitudeMeters>40.360000</AltitudeMeters>
						<HeartRateBpm>
							<Value>97</Value>
						</HeartRateBpm>
					</Trackpoint>
					<Trackpoint>
						<Time>2569-05-19T14:27:17Z</Time>
						<Position>
							<LatitudeDegrees>9.143024</LatitudeDegrees>
							<LongitudeDegrees>99.324423</LongitudeDegrees>
						</Position>
						<AltitudeMeters>40.360000</AltitudeMeters>
						<HeartRateBpm>
							<Value>98</Value>
						</HeartRateBpm>
					</Trackpoint>
					<Trackpoint>
						<Time>2569-05-19T14:27:18Z</Time>
						<Position>
							<LatitudeDegrees>9.143026</LatitudeDegrees>
							<LongitudeDegrees>99.324421</LongitudeDegrees>
						</Position>
						<AltitudeMeters>40.370000</AltitudeMeters>
						<HeartRateBpm>
							<Value>99</Value>
						</HeartRateBpm>
					</Trackpoint>
					<Trackpoint>
						<Time>2569-05-19T14:27:19Z</Time>
						<Position>
							<LatitudeDegrees>9.143028</LatitudeDegrees>
							<LongitudeDegrees>99.324421</LongitudeDegrees>
						</Position>
						<AltitudeMeters>40.370000</AltitudeMeters>
						<HeartRateBpm>
							<Value>99</Value>
						</HeartRateBpm>
					</Trackpoint>
					<Trackpoint>
						<Time>2569-05-19T14:27:20Z</Time>
						<Position>
							<LatitudeDegrees>9.143031</LatitudeDegrees>
							<LongitudeDegrees>99.324422</LongitudeDegrees>
						</Position>
						<AltitudeMeters>40.370000</AltitudeMeters>
						<HeartRateBpm>
							<Value>100</Value>
						</HeartRateBpm>
					</Trackpoint>
					<Trackpoint>
						<Time>2569-05-19T14:27:21Z</Time>
						<Position>
							<LatitudeDegrees>9.143035</LatitudeDegrees>
							<LongitudeDegrees>99.324424</LongitudeDegrees>
						</Position>
						<AltitudeMeters>40.370000</AltitudeMeters>
						<HeartRateBpm>
							<Value>99</Value>
						</HeartRateBpm>
					</Trackpoint>
					<Trackpoint>
						<Time>2569-05-19T14:27:22Z</Time>
						<Position>
							<LatitudeDegrees>9.143038</LatitudeDegrees>
							<LongitudeDegrees>99.324428</LongitudeDegrees>
						</Position>
						<AltitudeMeters>40.370000</AltitudeMeters>
						<HeartRateBpm>
							<Value>98</Value>
						</HeartRateBpm>
					</Trackpoint>
					<Trackpoint>
						<Time>2569-05-19T14:27:23Z</Time>
						<Position>
							<LatitudeDegrees>9.143041</LatitudeDegrees>
							<LongitudeDegrees>99.324431</LongitudeDegrees>
						</Position>
						<AltitudeMeters>40.370000</AltitudeMeters>
						<HeartRateBpm>
							<Value>98</Value>
						</HeartRateBpm>
					</Trackpoint>
					<Trackpoint>
						<Time>2569-05-19T14:27:24Z</Time>
						<Position>
							<LatitudeDegrees>9.143043</LatitudeDegrees>
							<LongitudeDegrees>99.324434</LongitudeDegrees>
						</Position>
						<AltitudeMeters>40.370000</AltitudeMeters>
						<HeartRateBpm>
							<Value>99</Value>
						</HeartRateBpm>
					</Trackpoint>
					<Trackpoint>
						<Time>2569-05-19T14:27:25Z</Time>
						<Position>
							<LatitudeDegrees>9.143047</LatitudeDegrees>
							<LongitudeDegrees>99.324438</LongitudeDegrees>
						</Position>
						<AltitudeMeters>40.370000</AltitudeMeters>
						<HeartRateBpm>
							<Value>99</Value>
						</HeartRateBpm>
					</Trackpoint>
					<Trackpoint>
						<Time>2569-05-19T14:27:26Z</Time>
						<Position>
							<LatitudeDegrees>9.143049</LatitudeDegrees>
							<LongitudeDegrees>99.324439</LongitudeDegrees>
						</Position>
						<AltitudeMeters>40.380000</AltitudeMeters>
						<HeartRateBpm>
							<Value>100</Value>
						</HeartRateBpm>
					</Trackpoint>
					<Trackpoint>
						<Time>2569-05-19T14:27:27Z</Time>
						<Position>
							<LatitudeDegrees>9.143051</LatitudeDegrees>
							<LongitudeDegrees>99.324441</LongitudeDegrees>
						</Position>
						<AltitudeMeters>40.380000</AltitudeMeters>
						<HeartRateBpm>
							<Value>101</Value>
						</HeartRateBpm>
					</Trackpoint>
					<Trackpoint>
						<Time>2569-05-19T14:27:28Z</Time>
						<Position>
							<LatitudeDegrees>9.143054</LatitudeDegrees>
							<LongitudeDegrees>99.324443</LongitudeDegrees>
						</Position>
						<AltitudeMeters>40.380000</AltitudeMeters>
						<HeartRateBpm>
							<Value>101</Value>
						</HeartRateBpm>
					</Trackpoint>
					<Trackpoint>
						<Time>2569-05-19T14:27:29Z</Time>
						<Position>
							<LatitudeDegrees>9.143056</LatitudeDegrees>
							<LongitudeDegrees>99.324445</LongitudeDegrees>
						</Position>
						<AltitudeMeters>40.380000</AltitudeMeters>
						<HeartRateBpm>
							<Value>101</Value>
						</HeartRateBpm>
					</Trackpoint>
					<Trackpoint>
						<Time>2569-05-19T14:27:30Z</Time>
						<Position>
							<LatitudeDegrees>9.143058</LatitudeDegrees>
							<LongitudeDegrees>99.324449</LongitudeDegrees>
						</Position>
						<AltitudeMeters>40.380000</AltitudeMeters>
						<HeartRateBpm>
							<Value>101</Value>
						</HeartRateBpm>
					</Trackpoint>
					<Trackpoint>
						<Time>2569-05-19T14:27:31Z</Time>
						<Position>
							<LatitudeDegrees>9.143059</LatitudeDegrees>
							<LongitudeDegrees>99.324453</LongitudeDegrees>
						</Position>
						<AltitudeMeters>40.390000</AltitudeMeters>
						<HeartRateBpm>
							<Value>99</Value>
						</HeartRateBpm>
					</Trackpoint>
					<Trackpoint>
						<Time>2569-05-19T14:27:32Z</Time>
						<Position>
							<LatitudeDegrees>9.143059</LatitudeDegrees>
							<LongitudeDegrees>99.324457</LongitudeDegrees>
						</Position>
						<AltitudeMeters>40.390000</AltitudeMeters>
						<HeartRateBpm>
							<Value>98</Value>
						</HeartRateBpm>
					</Trackpoint>
					<Trackpoint>
						<Time>2569-05-19T14:27:33Z</Time>
						<Position>
							<LatitudeDegrees>9.143059</LatitudeDegrees>
							<LongitudeDegrees>99.324459</LongitudeDegrees>
						</Position>
						<AltitudeMeters>40.390000</AltitudeMeters>
						<HeartRateBpm>
							<Value>97</Value>
						</HeartRateBpm>
					</Trackpoint>
					<Trackpoint>
						<Time>2569-05-19T14:27:34Z</Time>
						<Position>
							<LatitudeDegrees>9.143056</LatitudeDegrees>
							<LongitudeDegrees>99.324461</LongitudeDegrees>
						</Position>
						<AltitudeMeters>40.390000</AltitudeMeters>
						<HeartRateBpm>
							<Value>96</Value>
						</HeartRateBpm>
					</Trackpoint>
					<Trackpoint>
						<Time>2569-05-19T14:27:35Z</Time>
						<Position>
							<LatitudeDegrees>9.143054</LatitudeDegrees>
							<LongitudeDegrees>99.324463</LongitudeDegrees>
						</Position>
						<AltitudeMeters>40.390000</AltitudeMeters>
						<HeartRateBpm>
							<Value>97</Value>
						</HeartRateBpm>
					</Trackpoint>
					<Trackpoint>
						<Time>2569-05-19T14:27:36Z</Time>
						<Position>
							<LatitudeDegrees>9.143052</LatitudeDegrees>
							<LongitudeDegrees>99.324464</LongitudeDegrees>
						</Position>
						<AltitudeMeters>40.390000</AltitudeMeters>
						<HeartRateBpm>
							<Value>98</Value>
						</HeartRateBpm>
					</Trackpoint>
					<Trackpoint>
						<Time>2569-05-19T14:27:37Z</Time>
						<Position>
							<LatitudeDegrees>9.143051</LatitudeDegrees>
							<LongitudeDegrees>99.324464</LongitudeDegrees>
						</Position>
						<AltitudeMeters>40.390000</AltitudeMeters>
						<HeartRateBpm>
							<Value>99</Value>
						</HeartRateBpm>
					</Trackpoint>
					<Trackpoint>
						<Time>2569-05-19T14:27:38Z</Time>
						<Position>
							<LatitudeDegrees>9.143049</LatitudeDegrees>
							<LongitudeDegrees>99.324464</LongitudeDegrees>
						</Position>
						<AltitudeMeters>40.390000</AltitudeMeters>
						<HeartRateBpm>
							<Value>99</Value>
						</HeartRateBpm>
					</Trackpoint>
					<Trackpoint>
						<Time>2569-05-19T14:27:39Z</Time>
						<Position>
							<LatitudeDegrees>9.143048</LatitudeDegrees>
							<LongitudeDegrees>99.324464</LongitudeDegrees>
						</Position>
						<AltitudeMeters>40.390000</AltitudeMeters>
						<HeartRateBpm>
							<Value>100</Value>
						</HeartRateBpm>
					</Trackpoint>
					<Trackpoint>
						<Time>2569-05-19T14:27:40Z</Time>
						<Position>
							<LatitudeDegrees>9.143048</LatitudeDegrees>
							<LongitudeDegrees>99.324465</LongitudeDegrees>
						</Position>
						<AltitudeMeters>40.400000</AltitudeMeters>
						<HeartRateBpm>
							<Value>100</Value>
						</HeartRateBpm>
					</Trackpoint>
					<Trackpoint>
						<Time>2569-05-19T14:27:41Z</Time>
						<Position>
							<LatitudeDegrees>9.143047</LatitudeDegrees>
							<LongitudeDegrees>99.324465</LongitudeDegrees>
						</Position>
						<AltitudeMeters>40.400000</AltitudeMeters>
						<HeartRateBpm>
							<Value>100</Value>
						</HeartRateBpm>
					</Trackpoint>
					<Trackpoint>
						<Time>2569-05-19T14:27:42Z</Time>
						<Position>
							<LatitudeDegrees>9.143047</LatitudeDegrees>
							<LongitudeDegrees>99.324465</LongitudeDegrees>
						</Position>
						<AltitudeMeters>40.400000</AltitudeMeters>
						<HeartRateBpm>
							<Value>101</Value>
						</HeartRateBpm>
					</Trackpoint>
					<Trackpoint>
						<Time>2569-05-19T14:27:43Z</Time>
						<Position>
							<LatitudeDegrees>9.143046</LatitudeDegrees>
							<LongitudeDegrees>99.324465</LongitudeDegrees>
						</Position>
						<AltitudeMeters>40.400000</AltitudeMeters>
						<HeartRateBpm>
							<Value>101</Value>
						</HeartRateBpm>
					</Trackpoint>
					<Trackpoint>
						<Time>2569-05-19T14:27:44Z</Time>
						<Position>
							<LatitudeDegrees>9.143047</LatitudeDegrees>
							<LongitudeDegrees>99.324465</LongitudeDegrees>
						</Position>
						<AltitudeMeters>40.400000</AltitudeMeters>
						<HeartRateBpm>
							<Value>101</Value>
						</HeartRateBpm>
					</Trackpoint>
					<Trackpoint>
						<Time>2569-05-19T14:27:45Z</Time>
						<Position>
							<LatitudeDegrees>9.143048</LatitudeDegrees>
							<LongitudeDegrees>99.324465</LongitudeDegrees>
						</Position>
						<AltitudeMeters>40.400000</AltitudeMeters>
						<HeartRateBpm>
							<Value>100</Value>
						</HeartRateBpm>
					</Trackpoint>
					<Trackpoint>
						<Time>2569-05-19T14:27:46Z</Time>
						<Position>
							<LatitudeDegrees>9.143048</LatitudeDegrees>
							<LongitudeDegrees>99.324465</LongitudeDegrees>
						</Position>
						<AltitudeMeters>40.400000</AltitudeMeters>
						<HeartRateBpm>
							<Value>100</Value>
						</HeartRateBpm>
					</Trackpoint>
					<Trackpoint>
						<Time>2569-05-19T14:27:47Z</Time>
						<Position>
							<LatitudeDegrees>9.143048</LatitudeDegrees>
							<LongitudeDegrees>99.324465</LongitudeDegrees>
						</Position>
						<AltitudeMeters>40.400000</AltitudeMeters>
						<HeartRateBpm>
							<Value>100</Value>
						</HeartRateBpm>
					</Trackpoint>
					<Trackpoint>
						<Time>2569-05-19T14:27:48Z</Time>
						<Position>
							<LatitudeDegrees>9.143048</LatitudeDegrees>
							<LongitudeDegrees>99.324464</LongitudeDegrees>
						</Position>
						<AltitudeMeters>40.400000</AltitudeMeters>
						<HeartRateBpm>
							<Value>101</Value>
						</HeartRateBpm>
					</Trackpoint>
					<Trackpoint>
						<Time>2569-05-19T14:27:49Z</Time>
						<Position>
							<LatitudeDegrees>9.143046</LatitudeDegrees>
							<LongitudeDegrees>99.324462</LongitudeDegrees>
						</Position>
						<AltitudeMeters>40.400000</AltitudeMeters>
						<HeartRateBpm>
							<Value>102</Value>
						</HeartRateBpm>
					</Trackpoint>
					<Trackpoint>
						<Time>2569-05-19T14:27:50Z</Time>
						<Position>
							<LatitudeDegrees>9.143043</LatitudeDegrees>
							<LongitudeDegrees>99.324460</LongitudeDegrees>
						</Position>
						<AltitudeMeters>40.400000</AltitudeMeters>
						<HeartRateBpm>
							<Value>102</Value>
						</HeartRateBpm>
					</Trackpoint>
					<Trackpoint>
						<Time>2569-05-19T14:27:51Z</Time>
						<Position>
							<LatitudeDegrees>9.143038</LatitudeDegrees>
							<LongitudeDegrees>99.324456</LongitudeDegrees>
						</Position>
						<AltitudeMeters>40.400000</AltitudeMeters>
						<HeartRateBpm>
							<Value>103</Value>
						</HeartRateBpm>
					</Trackpoint>
					<Trackpoint>
						<Time>2569-05-19T14:27:52Z</Time>
						<Position>
							<LatitudeDegrees>9.143033</LatitudeDegrees>
							<LongitudeDegrees>99.324452</LongitudeDegrees>
						</Position>
						<AltitudeMeters>40.400000</AltitudeMeters>
						<HeartRateBpm>
							<Value>101</Value>
						</HeartRateBpm>
					</Trackpoint>
					<Trackpoint>
						<Time>2569-05-19T14:27:53Z</Time>
						<Position>
							<LatitudeDegrees>9.143027</LatitudeDegrees>
							<LongitudeDegrees>99.324447</LongitudeDegrees>
						</Position>
						<AltitudeMeters>40.400000</AltitudeMeters>
						<HeartRateBpm>
							<Value>102</Value>
						</HeartRateBpm>
					</Trackpoint>
					<Trackpoint>
						<Time>2569-05-19T14:27:54Z</Time>
						<Position>
							<LatitudeDegrees>9.143021</LatitudeDegrees>
							<LongitudeDegrees>99.324442</LongitudeDegrees>
						</Position>
						<AltitudeMeters>40.390000</AltitudeMeters>
						<HeartRateBpm>
							<Value>102</Value>
						</HeartRateBpm>
					</Trackpoint>
					<Trackpoint>
						<Time>2569-05-19T14:27:55Z</Time>
						<Position>
							<LatitudeDegrees>9.143015</LatitudeDegrees>
							<LongitudeDegrees>99.324437</LongitudeDegrees>
						</Position>
						<AltitudeMeters>40.390000</AltitudeMeters>
						<HeartRateBpm>
							<Value>103</Value>
						</HeartRateBpm>
						<Cadence>47</Cadence>
						<Extensions>
							<ns3:TPX>
								<ns3:Speed>0.571100</ns3:Speed>
							</ns3:TPX>
						</Extensions>
					</Trackpoint>
					<Trackpoint>
						<Time>2569-05-19T14:27:56Z</Time>
						<Position>
							<LatitudeDegrees>9.143006</LatitudeDegrees>
							<LongitudeDegrees>99.324431</LongitudeDegrees>
						</Position>
						<AltitudeMeters>40.380000</AltitudeMeters>
						<HeartRateBpm>
							<Value>101</Value>
						</HeartRateBpm>
						<Cadence>49</Cadence>
						<Extensions>
							<ns3:TPX>
								<ns3:Speed>0.666670</ns3:Speed>
							</ns3:TPX>
						</Extensions>
					</Trackpoint>
					<Trackpoint>
						<Time>2569-05-19T14:27:57Z</Time>
						<Position>
							<LatitudeDegrees>9.142995</LatitudeDegrees>
							<LongitudeDegrees>99.324426</LongitudeDegrees>
						</Position>
						<AltitudeMeters>40.380000</AltitudeMeters>
						<HeartRateBpm>
							<Value>102</Value>
						</HeartRateBpm>
						<Cadence>50</Cadence>
						<Extensions>
							<ns3:TPX>
								<ns3:Speed>0.744050</ns3:Speed>
							</ns3:TPX>
						</Extensions>
					</Trackpoint>
					<Trackpoint>
						<Time>2569-05-19T14:27:58Z</Time>
						<Position>
							<LatitudeDegrees>9.142984</LatitudeDegrees>
							<LongitudeDegrees>99.324421</LongitudeDegrees>
						</Position>
						<AltitudeMeters>40.380000</AltitudeMeters>
						<HeartRateBpm>
							<Value>102</Value>
						</HeartRateBpm>
						<Cadence>49</Cadence>
						<Extensions>
							<ns3:TPX>
								<ns3:Speed>0.795540</ns3:Speed>
							</ns3:TPX>
						</Extensions>
					</Trackpoint>
					<Trackpoint>
						<Time>2569-05-19T14:27:59Z</Time>
						<Position>
							<LatitudeDegrees>9.142973</LatitudeDegrees>
							<LongitudeDegrees>99.324418</LongitudeDegrees>
						</Position>
						<AltitudeMeters>40.360000</AltitudeMeters>
						<HeartRateBpm>
							<Value>102</Value>
						</HeartRateBpm>
						<Cadence>48</Cadence>
						<Extensions>
							<ns3:TPX>
								<ns3:Speed>0.839630</ns3:Speed>
							</ns3:TPX>
						</Extensions>
					</Trackpoint>
					<Trackpoint>
						<Time>2569-05-19T14:28:00Z</Time>
						<Position>
							<LatitudeDegrees>9.142962</LatitudeDegrees>
							<LongitudeDegrees>99.324415</LongitudeDegrees>
						</Position>
						<AltitudeMeters>40.350000</AltitudeMeters>
						<HeartRateBpm>
							<Value>102</Value>
						</HeartRateBpm>
						<Cadence>47</Cadence>
						<Extensions>
							<ns3:TPX>
								<ns3:Speed>0.854700</ns3:Speed>
							</ns3:TPX>
						</Extensions>
					</Trackpoint>
					<Trackpoint>
						<Time>2569-05-19T14:28:01Z</Time>
						<Position>
							<LatitudeDegrees>9.142950</LatitudeDegrees>
							<LongitudeDegrees>99.324414</LongitudeDegrees>
						</Position>
						<AltitudeMeters>40.300000</AltitudeMeters>
						<HeartRateBpm>
							<Value>102</Value>
						</HeartRateBpm>
						<Cadence>47</Cadence>
						<Extensions>
							<ns3:TPX>
								<ns3:Speed>0.854700</ns3:Speed>
							</ns3:TPX>
						</Extensions>
					</Trackpoint>
					<Trackpoint>
						<Time>2569-05-19T14:28:02Z</Time>
						<Position>
							<LatitudeDegrees>9.142937</LatitudeDegrees>
							<LongitudeDegrees>99.324413</LongitudeDegrees>
						</Position>
						<AltitudeMeters>40.200000</AltitudeMeters>
						<HeartRateBpm>
							<Value>102</Value>
						</HeartRateBpm>
						<Cadence>47</Cadence>
						<Extensions>
							<ns3:TPX>
								<ns3:Speed>0.890470</ns3:Speed>
							</ns3:TPX>
						</Extensions>
					</Trackpoint>
					<Trackpoint>
						<Time>2569-05-19T14:28:03Z</Time>
						<Position>
							<LatitudeDegrees>9.142924</LatitudeDegrees>
							<LongitudeDegrees>99.324414</LongitudeDegrees>
						</Position>
						<AltitudeMeters>40.110000</AltitudeMeters>
						<HeartRateBpm>
							<Value>103</Value>
						</HeartRateBpm>
						<Cadence>48</Cadence>
						<Extensions>
							<ns3:TPX>
								<ns3:Speed>0.928510</ns3:Speed>
							</ns3:TPX>
						</Extensions>
					</Trackpoint>
					<Trackpoint>
						<Time>2569-05-19T14:28:04Z</Time>
						<Position>
							<LatitudeDegrees>9.142912</LatitudeDegrees>
							<LongitudeDegrees>99.324414</LongitudeDegrees>
						</Position>
						<AltitudeMeters>39.760000</AltitudeMeters>
						<HeartRateBpm>
							<Value>104</Value>
						</HeartRateBpm>
						<Cadence>50</Cadence>
						<Extensions>
							<ns3:TPX>
								<ns3:Speed>0.915750</ns3:Speed>
							</ns3:TPX>
						</Extensions>
					</Trackpoint>
					<Trackpoint>
						<Time>2569-05-19T14:28:05Z</Time>
						<Position>
							<LatitudeDegrees>9.142899</LatitudeDegrees>
							<LongitudeDegrees>99.324417</LongitudeDegrees>
						</Position>
						<AltitudeMeters>39.600000</AltitudeMeters>
						<HeartRateBpm>
							<Value>105</Value>
						</HeartRateBpm>
						<Cadence>52</Cadence>
						<Extensions>
							<ns3:TPX>
								<ns3:Speed>0.936330</ns3:Speed>
							</ns3:TPX>
						</Extensions>
					</Trackpoint>
					<Trackpoint>
						<Time>2569-05-19T14:28:06Z</Time>
						<Position>
							<LatitudeDegrees>9.142888</LatitudeDegrees>
							<LongitudeDegrees>99.324417</LongitudeDegrees>
						</Position>
						<AltitudeMeters>39.380000</AltitudeMeters>
						<HeartRateBpm>
							<Value>106</Value>
						</HeartRateBpm>
						<Cadence>53</Cadence>
						<Extensions>
							<ns3:TPX>
								<ns3:Speed>0.995020</ns3:Speed>
							</ns3:TPX>
						</Extensions>
					</Trackpoint>
					<Trackpoint>
						<Time>2569-05-19T14:28:07Z</Time>
						<Position>
							<LatitudeDegrees>9.142879</LatitudeDegrees>
							<LongitudeDegrees>99.324414</LongitudeDegrees>
						</Position>
						<AltitudeMeters>39.010000</AltitudeMeters>
						<HeartRateBpm>
							<Value>106</Value>
						</HeartRateBpm>
						<Cadence>53</Cadence>
						<Extensions>
							<ns3:TPX>
								<ns3:Speed>1.023540</ns3:Speed>
							</ns3:TPX>
						</Extensions>
					</Trackpoint>
					<Trackpoint>
						<Time>2569-05-19T14:28:08Z</Time>
						<Position>
							<LatitudeDegrees>9.142871</LatitudeDegrees>
							<LongitudeDegrees>99.324409</LongitudeDegrees>
						</Position>
						<AltitudeMeters>38.930000</AltitudeMeters>
						<HeartRateBpm>
							<Value>106</Value>
						</HeartRateBpm>
						<Cadence>52</Cadence>
						<Extensions>
							<ns3:TPX>
								<ns3:Speed>1.033060</ns3:Speed>
							</ns3:TPX>
						</Extensions>
					</Trackpoint>
					<Trackpoint>
						<Time>2569-05-19T14:28:09Z</Time>
						<Position>
							<LatitudeDegrees>9.142863</LatitudeDegrees>
							<LongitudeDegrees>99.324403</LongitudeDegrees>
						</Position>
						<AltitudeMeters>38.880000</AltitudeMeters>
						<HeartRateBpm>
							<Value>105</Value>
						</HeartRateBpm>
						<Cadence>51</Cadence>
						<Extensions>
							<ns3:TPX>
								<ns3:Speed>1.121080</ns3:Speed>
							</ns3:TPX>
						</Extensions>
					</Trackpoint>
					<Trackpoint>
						<Time>2569-05-19T14:28:10Z</Time>
						<Position>
							<LatitudeDegrees>9.142856</LatitudeDegrees>
							<LongitudeDegrees>99.324397</LongitudeDegrees>
						</Position>
						<AltitudeMeters>38.860000</AltitudeMeters>
						<HeartRateBpm>
							<Value>105</Value>
						</HeartRateBpm>
						<Cadence>50</Cadence>
						<Extensions>
							<ns3:TPX>
								<ns3:Speed>1.176470</ns3:Speed>
							</ns3:TPX>
						</Extensions>
					</Trackpoint>
					<Trackpoint>
						<Time>2569-05-19T14:28:11Z</Time>
						<Position>
							<LatitudeDegrees>9.142849</LatitudeDegrees>
							<LongitudeDegrees>99.324392</LongitudeDegrees>
						</Position>
						<AltitudeMeters>38.850000</AltitudeMeters>
						<HeartRateBpm>
							<Value>107</Value>
						</HeartRateBpm>
						<Cadence>49</Cadence>
						<Extensions>
							<ns3:TPX>
								<ns3:Speed>1.116070</ns3:Speed>
							</ns3:TPX>
						</Extensions>
					</Trackpoint>
					<Trackpoint>
						<Time>2569-05-19T14:28:12Z</Time>
						<Position>
							<LatitudeDegrees>9.142845</LatitudeDegrees>
							<LongitudeDegrees>99.324386</LongitudeDegrees>
						</Position>
						<AltitudeMeters>38.850000</AltitudeMeters>
						<HeartRateBpm>
							<Value>107</Value>
						</HeartRateBpm>
						<Cadence>49</Cadence>
						<Extensions>
							<ns3:TPX>
								<ns3:Speed>1.060450</ns3:Speed>
							</ns3:TPX>
						</Extensions>
					</Trackpoint>
					<Trackpoint>
						<Time>2569-05-19T14:28:13Z</Time>
						<Position>
							<LatitudeDegrees>9.142840</LatitudeDegrees>
							<LongitudeDegrees>99.324381</LongitudeDegrees>
						</Position>
						<AltitudeMeters>38.850000</AltitudeMeters>
						<HeartRateBpm>
							<Value>108</Value>
						</HeartRateBpm>
						<Cadence>49</Cadence>
						<Extensions>
							<ns3:TPX>
								<ns3:Speed>1.022490</ns3:Speed>
							</ns3:TPX>
						</Extensions>
					</Trackpoint>
					<Trackpoint>
						<Time>2569-05-19T14:28:14Z</Time>
						<Position>
							<LatitudeDegrees>9.142836</LatitudeDegrees>
							<LongitudeDegrees>99.324376</LongitudeDegrees>
						</Position>
						<AltitudeMeters>38.840000</AltitudeMeters>
						<HeartRateBpm>
							<Value>109</Value>
						</HeartRateBpm>
						<Cadence>50</Cadence>
						<Extensions>
							<ns3:TPX>
								<ns3:Speed>0.993050</ns3:Speed>
							</ns3:TPX>
						</Extensions>
					</Trackpoint>
					<Trackpoint>
						<Time>2569-05-19T14:28:15Z</Time>
						<Position>
							<LatitudeDegrees>9.142834</LatitudeDegrees>
							<LongitudeDegrees>99.324371</LongitudeDegrees>
						</Position>
						<AltitudeMeters>38.840000</AltitudeMeters>
						<HeartRateBpm>
							<Value>109</Value>
						</HeartRateBpm>
						<Cadence>50</Cadence>
						<Extensions>
							<ns3:TPX>
								<ns3:Speed>0.946970</ns3:Speed>
							</ns3:TPX>
						</Extensions>
					</Trackpoint>
					<Trackpoint>
						<Time>2569-05-19T14:28:16Z</Time>
						<Position>
							<LatitudeDegrees>9.142831</LatitudeDegrees>
							<LongitudeDegrees>99.324368</LongitudeDegrees>
						</Position>
						<AltitudeMeters>38.840000</AltitudeMeters>
						<HeartRateBpm>
							<Value>109</Value>
						</HeartRateBpm>
						<Cadence>51</Cadence>
						<Extensions>
							<ns3:TPX>
								<ns3:Speed>0.892860</ns3:Speed>
							</ns3:TPX>
						</Extensions>
					</Trackpoint>
					<Trackpoint>
						<Time>2569-05-19T14:28:17Z</Time>
						<Position>
							<LatitudeDegrees>9.142829</LatitudeDegrees>
							<LongitudeDegrees>99.324364</LongitudeDegrees>
						</Position>
						<AltitudeMeters>38.830000</AltitudeMeters>
						<HeartRateBpm>
							<Value>109</Value>
						</HeartRateBpm>
						<Cadence>51</Cadence>
						<Extensions>
							<ns3:TPX>
								<ns3:Speed>0.829190</ns3:Speed>
							</ns3:TPX>
						</Extensions>
					</Trackpoint>
					<Trackpoint>
						<Time>2569-05-19T14:28:18Z</Time>
						<Position>
							<LatitudeDegrees>9.142827</LatitudeDegrees>
							<LongitudeDegrees>99.324362</LongitudeDegrees>
						</Position>
						<AltitudeMeters>38.830000</AltitudeMeters>
						<HeartRateBpm>
							<Value>108</Value>
						</HeartRateBpm>
						<Cadence>50</Cadence>
						<Extensions>
							<ns3:TPX>
								<ns3:Speed>0.746270</ns3:Speed>
							</ns3:TPX>
						</Extensions>
					</Trackpoint>
					<Trackpoint>
						<Time>2569-05-19T14:28:19Z</Time>
						<Position>
							<LatitudeDegrees>9.142825</LatitudeDegrees>
							<LongitudeDegrees>99.324360</LongitudeDegrees>
						</Position>
						<AltitudeMeters>38.820000</AltitudeMeters>
						<HeartRateBpm>
							<Value>108</Value>
						</HeartRateBpm>
						<Cadence>48</Cadence>
						<Extensions>
							<ns3:TPX>
								<ns3:Speed>0.663570</ns3:Speed>
							</ns3:TPX>
						</Extensions>
					</Trackpoint>
					<Trackpoint>
						<Time>2569-05-19T14:28:20Z</Time>
						<Position>
							<LatitudeDegrees>9.142824</LatitudeDegrees>
							<LongitudeDegrees>99.324358</LongitudeDegrees>
						</Position>
						<AltitudeMeters>38.820000</AltitudeMeters>
						<HeartRateBpm>
							<Value>108</Value>
						</HeartRateBpm>
						<Cadence>47</Cadence>
						<Extensions>
							<ns3:TPX>
								<ns3:Speed>0.604230</ns3:Speed>
							</ns3:TPX>
						</Extensions>
					</Trackpoint>
					<Trackpoint>
						<Time>2569-05-19T14:28:21Z</Time>
						<Position>
							<LatitudeDegrees>9.142823</LatitudeDegrees>
							<LongitudeDegrees>99.324357</LongitudeDegrees>
						</Position>
						<AltitudeMeters>38.820000</AltitudeMeters>
						<HeartRateBpm>
							<Value>107</Value>
						</HeartRateBpm>
						<Cadence>47</Cadence>
						<Extensions>
							<ns3:TPX>
								<ns3:Speed>0.556790</ns3:Speed>
							</ns3:TPX>
						</Extensions>
					</Trackpoint>
					<Trackpoint>
						<Time>2569-05-19T14:28:22Z</Time>
						<Position>
							<LatitudeDegrees>9.142822</LatitudeDegrees>
							<LongitudeDegrees>99.324356</LongitudeDegrees>
						</Position>
						<AltitudeMeters>38.810000</AltitudeMeters>
						<HeartRateBpm>
							<Value>106</Value>
						</HeartRateBpm>
						<Cadence>46</Cadence>
						<Extensions>
							<ns3:TPX>
								<ns3:Speed>0.493340</ns3:Speed>
							</ns3:TPX>
						</Extensions>
					</Trackpoint>
					<Trackpoint>
						<Time>2569-05-19T14:28:23Z</Time>
						<Position>
							<LatitudeDegrees>9.142822</LatitudeDegrees>
							<LongitudeDegrees>99.324356</LongitudeDegrees>
						</Position>
						<AltitudeMeters>38.810000</AltitudeMeters>
						<HeartRateBpm>
							<Value>106</Value>
						</HeartRateBpm>
						<Cadence>46</Cadence>
						<Extensions>
							<ns3:TPX>
								<ns3:Speed>0.442090</ns3:Speed>
							</ns3:TPX>
						</Extensions>
					</Trackpoint>
					<Trackpoint>
						<Time>2569-05-19T14:28:24Z</Time>
						<Position>
							<LatitudeDegrees>9.142819</LatitudeDegrees>
							<LongitudeDegrees>99.324356</LongitudeDegrees>
						</Position>
						<AltitudeMeters>38.800000</AltitudeMeters>
						<HeartRateBpm>
							<Value>107</Value>
						</HeartRateBpm>
						<Cadence>41</Cadence>
						<Extensions>
							<ns3:TPX>
								<ns3:Speed>0.395410</ns3:Speed>
							</ns3:TPX>
						</Extensions>
					</Trackpoint>
					<Trackpoint>
						<Time>2569-05-19T14:28:25Z</Time>
						<Position>
							<LatitudeDegrees>9.142816</LatitudeDegrees>
							<LongitudeDegrees>99.324357</LongitudeDegrees>
						</Position>
						<AltitudeMeters>38.790000</AltitudeMeters>
						<HeartRateBpm>
							<Value>107</Value>
						</HeartRateBpm>
						<Cadence>41</Cadence>
						<Extensions>
							<ns3:TPX>
								<ns3:Speed>0.358420</ns3:Speed>
							</ns3:TPX>
						</Extensions>
					</Trackpoint>
					<Trackpoint>
						<Time>2569-05-19T14:28:26Z</Time>
						<Position>
							<LatitudeDegrees>9.142816</LatitudeDegrees>
							<LongitudeDegrees>99.324361</LongitudeDegrees>
						</Position>
						<AltitudeMeters>38.790000</AltitudeMeters>
						<HeartRateBpm>
							<Value>106</Value>
						</HeartRateBpm>
						<Cadence>42</Cadence>
						<Extensions>
							<ns3:TPX>
								<ns3:Speed>0.358420</ns3:Speed>
							</ns3:TPX>
						</Extensions>
					</Trackpoint>
					<Trackpoint>
						<Time>2569-05-19T14:28:27Z</Time>
						<Position>
							<LatitudeDegrees>9.142815</LatitudeDegrees>
							<LongitudeDegrees>99.324365</LongitudeDegrees>
						</Position>
						<AltitudeMeters>38.780000</AltitudeMeters>
						<HeartRateBpm>
							<Value>105</Value>
						</HeartRateBpm>
						<Cadence>42</Cadence>
						<Extensions>
							<ns3:TPX>
								<ns3:Speed>0.310750</ns3:Speed>
							</ns3:TPX>
						</Extensions>
					</Trackpoint>
					<Trackpoint>
						<Time>2569-05-19T14:28:28Z</Time>
						<Position>
							<LatitudeDegrees>9.142815</LatitudeDegrees>
							<LongitudeDegrees>99.324368</LongitudeDegrees>
						</Position>
						<AltitudeMeters>38.780000</AltitudeMeters>
						<HeartRateBpm>
							<Value>105</Value>
						</HeartRateBpm>
						<Cadence>42</Cadence>
						<Extensions>
							<ns3:TPX>
								<ns3:Speed>0.243070</ns3:Speed>
							</ns3:TPX>
						</Extensions>
					</Trackpoint>
					<Trackpoint>
						<Time>2569-05-19T14:28:29Z</Time>
						<Position>
							<LatitudeDegrees>9.142815</LatitudeDegrees>
							<LongitudeDegrees>99.324373</LongitudeDegrees>
						</Position>
						<AltitudeMeters>38.780000</AltitudeMeters>
						<HeartRateBpm>
							<Value>105</Value>
						</HeartRateBpm>
						<Cadence>42</Cadence>
						<Extensions>
							<ns3:TPX>
								<ns3:Speed>0.205800</ns3:Speed>
							</ns3:TPX>
						</Extensions>
					</Trackpoint>
					<Trackpoint>
						<Time>2569-05-19T14:28:30Z</Time>
						<Position>
							<LatitudeDegrees>9.142814</LatitudeDegrees>
							<LongitudeDegrees>99.324378</LongitudeDegrees>
						</Position>
						<AltitudeMeters>38.780000</AltitudeMeters>
						<HeartRateBpm>
							<Value>105</Value>
						</HeartRateBpm>
						<Cadence>43</Cadence>
						<Extensions>
							<ns3:TPX>
								<ns3:Speed>0.188290</ns3:Speed>
							</ns3:TPX>
						</Extensions>
					</Trackpoint>
					<Trackpoint>
						<Time>2569-05-19T14:28:31Z</Time>
						<Position>
							<LatitudeDegrees>9.142814</LatitudeDegrees>
							<LongitudeDegrees>99.324381</LongitudeDegrees>
						</Position>
						<AltitudeMeters>38.780000</AltitudeMeters>
						<HeartRateBpm>
							<Value>104</Value>
						</HeartRateBpm>
						<Cadence>48</Cadence>
						<Extensions>
							<ns3:TPX>
								<ns3:Speed>0.187200</ns3:Speed>
							</ns3:TPX>
						</Extensions>
					</Trackpoint>
					<Trackpoint>
						<Time>2569-05-19T14:28:32Z</Time>
						<Position>
							<LatitudeDegrees>9.142815</LatitudeDegrees>
							<LongitudeDegrees>99.324382</LongitudeDegrees>
						</Position>
						<AltitudeMeters>38.780000</AltitudeMeters>
						<HeartRateBpm>
							<Value>103</Value>
						</HeartRateBpm>
						<Cadence>49</Cadence>
						<Extensions>
							<ns3:TPX>
								<ns3:Speed>0.185870</ns3:Speed>
							</ns3:TPX>
						</Extensions>
					</Trackpoint>
					<Trackpoint>
						<Time>2569-05-19T14:28:33Z</Time>
						<Position>
							<LatitudeDegrees>9.142817</LatitudeDegrees>
							<LongitudeDegrees>99.324384</LongitudeDegrees>
						</Position>
						<AltitudeMeters>38.780000</AltitudeMeters>
						<HeartRateBpm>
							<Value>103</Value>
						</HeartRateBpm>
					</Trackpoint>
					<Trackpoint>
						<Time>2569-05-19T14:28:34Z</Time>
						<Position>
							<LatitudeDegrees>9.142817</LatitudeDegrees>
							<LongitudeDegrees>99.324385</LongitudeDegrees>
						</Position>
						<AltitudeMeters>38.780000</AltitudeMeters>
						<HeartRateBpm>
							<Value>102</Value>
						</HeartRateBpm>
					</Trackpoint>
					<Trackpoint>
						<Time>2569-05-19T14:28:35Z</Time>
						<Position>
							<LatitudeDegrees>9.142819</LatitudeDegrees>
							<LongitudeDegrees>99.324386</LongitudeDegrees>
						</Position>
						<AltitudeMeters>38.780000</AltitudeMeters>
						<HeartRateBpm>
							<Value>102</Value>
						</HeartRateBpm>
					</Trackpoint>
					<Trackpoint>
						<Time>2569-05-19T14:28:36Z</Time>
						<Position>
							<LatitudeDegrees>9.142820</LatitudeDegrees>
							<LongitudeDegrees>99.324387</LongitudeDegrees>
						</Position>
						<AltitudeMeters>38.790000</AltitudeMeters>
						<HeartRateBpm>
							<Value>101</Value>
						</HeartRateBpm>
					</Trackpoint>
					<Trackpoint>
						<Time>2569-05-19T14:28:37Z</Time>
						<Position>
							<LatitudeDegrees>9.142821</LatitudeDegrees>
							<LongitudeDegrees>99.324388</LongitudeDegrees>
						</Position>
						<AltitudeMeters>38.780000</AltitudeMeters>
						<HeartRateBpm>
							<Value>100</Value>
						</HeartRateBpm>
					</Trackpoint>
					<Trackpoint>
						<Time>2569-05-19T14:28:38Z</Time>
						<Position>
							<LatitudeDegrees>9.142817</LatitudeDegrees>
							<LongitudeDegrees>99.324384</LongitudeDegrees>
						</Position>
						<AltitudeMeters>38.780000</AltitudeMeters>
						<HeartRateBpm>
							<Value>100</Value>
						</HeartRateBpm>
					</Trackpoint>
					<Trackpoint>
						<Time>2569-05-19T14:28:39Z</Time>
						<Position>
							<LatitudeDegrees>9.142815</LatitudeDegrees>
							<LongitudeDegrees>99.324380</LongitudeDegrees>
						</Position>
						<AltitudeMeters>38.770000</AltitudeMeters>
						<HeartRateBpm>
							<Value>99</Value>
						</HeartRateBpm>
						<Cadence>48</Cadence>
					</Trackpoint>
					<Trackpoint>
						<Time>2569-05-19T14:28:40Z</Time>
						<Position>
							<LatitudeDegrees>9.142815</LatitudeDegrees>
							<LongitudeDegrees>99.324378</LongitudeDegrees>
						</Position>
						<AltitudeMeters>38.760000</AltitudeMeters>
						<HeartRateBpm>
							<Value>99</Value>
						</HeartRateBpm>
						<Cadence>50</Cadence>
						<Extensions>
							<ns3:TPX>
								<ns3:Speed>0.185740</ns3:Speed>
							</ns3:TPX>
						</Extensions>
					</Trackpoint>
					<Trackpoint>
						<Time>2569-05-19T14:28:41Z</Time>
						<Position>
							<LatitudeDegrees>9.142814</LatitudeDegrees>
							<LongitudeDegrees>99.324377</LongitudeDegrees>
						</Position>
						<AltitudeMeters>38.760000</AltitudeMeters>
						<HeartRateBpm>
							<Value>99</Value>
						</HeartRateBpm>
						<Cadence>51</Cadence>
						<Extensions>
							<ns3:TPX>
								<ns3:Speed>0.175960</ns3:Speed>
							</ns3:TPX>
						</Extensions>
					</Trackpoint>
					<Trackpoint>
						<Time>2569-05-19T14:28:42Z</Time>
						<Position>
							<LatitudeDegrees>9.142813</LatitudeDegrees>
							<LongitudeDegrees>99.324378</LongitudeDegrees>
						</Position>
						<AltitudeMeters>38.760000</AltitudeMeters>
						<HeartRateBpm>
							<Value>99</Value>
						</HeartRateBpm>
					</Trackpoint>
					<Trackpoint>
						<Time>2569-05-19T14:28:43Z</Time>
						<Position>
							<LatitudeDegrees>9.142813</LatitudeDegrees>
							<LongitudeDegrees>99.324378</LongitudeDegrees>
						</Position>
						<AltitudeMeters>38.750000</AltitudeMeters>
						<HeartRateBpm>
							<Value>99</Value>
						</HeartRateBpm>
					</Trackpoint>
					<Trackpoint>
						<Time>2569-05-19T14:28:44Z</Time>
						<Position>
							<LatitudeDegrees>9.142812</LatitudeDegrees>
							<LongitudeDegrees>99.324378</LongitudeDegrees>
						</Position>
						<AltitudeMeters>38.750000</AltitudeMeters>
						<HeartRateBpm>
							<Value>100</Value>
						</HeartRateBpm>
					</Trackpoint>
					<Trackpoint>
						<Time>2569-05-19T14:28:45Z</Time>
						<Position>
							<LatitudeDegrees>9.142812</LatitudeDegrees>
							<LongitudeDegrees>99.324378</LongitudeDegrees>
						</Position>
						<AltitudeMeters>38.750000</AltitudeMeters>
						<HeartRateBpm>
							<Value>99</Value>
						</HeartRateBpm>
					</Trackpoint>
					<Trackpoint>
						<Time>2569-05-19T14:28:46Z</Time>
						<Position>
							<LatitudeDegrees>9.142812</LatitudeDegrees>
							<LongitudeDegrees>99.324378</LongitudeDegrees>
						</Position>
						<AltitudeMeters>38.740000</AltitudeMeters>
						<HeartRateBpm>
							<Value>99</Value>
						</HeartRateBpm>
					</Trackpoint>
					<Trackpoint>
						<Time>2569-05-19T14:28:47Z</Time>
						<Position>
							<LatitudeDegrees>9.142811</LatitudeDegrees>
							<LongitudeDegrees>99.324379</LongitudeDegrees>
						</Position>
						<AltitudeMeters>38.740000</AltitudeMeters>
						<HeartRateBpm>
							<Value>99</Value>
						</HeartRateBpm>
					</Trackpoint>
					<Trackpoint>
						<Time>2569-05-19T14:28:48Z</Time>
						<Position>
							<LatitudeDegrees>9.142811</LatitudeDegrees>
							<LongitudeDegrees>99.324379</LongitudeDegrees>
						</Position>
						<AltitudeMeters>38.740000</AltitudeMeters>
						<HeartRateBpm>
							<Value>99</Value>
						</HeartRateBpm>
					</Trackpoint>
					<Trackpoint>
						<Time>2569-05-19T14:28:49Z</Time>
						<Position>
							<LatitudeDegrees>9.142811</LatitudeDegrees>
							<LongitudeDegrees>99.324379</LongitudeDegrees>
						</Position>
						<AltitudeMeters>38.740000</AltitudeMeters>
						<HeartRateBpm>
							<Value>100</Value>
						</HeartRateBpm>
					</Trackpoint>
					<Trackpoint>
						<Time>2569-05-19T14:28:50Z</Time>
						<Position>
							<LatitudeDegrees>9.142811</LatitudeDegrees>
							<LongitudeDegrees>99.324379</LongitudeDegrees>
						</Position>
						<AltitudeMeters>38.740000</AltitudeMeters>
						<HeartRateBpm>
							<Value>99</Value>
						</HeartRateBpm>
					</Trackpoint>
					<Trackpoint>
						<Time>2569-05-19T14:28:51Z</Time>
						<Position>
							<LatitudeDegrees>9.142811</LatitudeDegrees>
							<LongitudeDegrees>99.324379</LongitudeDegrees>
						</Position>
						<AltitudeMeters>38.730000</AltitudeMeters>
						<HeartRateBpm>
							<Value>99</Value>
						</HeartRateBpm>
					</Trackpoint>
					<Trackpoint>
						<Time>2569-05-19T14:28:52Z</Time>
						<Position>
							<LatitudeDegrees>9.142810</LatitudeDegrees>
							<LongitudeDegrees>99.324378</LongitudeDegrees>
						</Position>
						<AltitudeMeters>38.730000</AltitudeMeters>
						<HeartRateBpm>
							<Value>99</Value>
						</HeartRateBpm>
					</Trackpoint>
					<Trackpoint>
						<Time>2569-05-19T14:28:53Z</Time>
						<Position>
							<LatitudeDegrees>9.142809</LatitudeDegrees>
							<LongitudeDegrees>99.324377</LongitudeDegrees>
						</Position>
						<AltitudeMeters>38.730000</AltitudeMeters>
						<HeartRateBpm>
							<Value>100</Value>
						</HeartRateBpm>
					</Trackpoint>
					<Trackpoint>
						<Time>2569-05-19T14:28:54Z</Time>
						<Position>
							<LatitudeDegrees>9.142807</LatitudeDegrees>
							<LongitudeDegrees>99.324377</LongitudeDegrees>
						</Position>
						<AltitudeMeters>38.730000</AltitudeMeters>
						<HeartRateBpm>
							<Value>99</Value>
						</HeartRateBpm>
					</Trackpoint>
					<Trackpoint>
						<Time>2569-05-19T14:28:55Z</Time>
						<Position>
							<LatitudeDegrees>9.142803</LatitudeDegrees>
							<LongitudeDegrees>99.324377</LongitudeDegrees>
						</Position>
						<AltitudeMeters>38.720000</AltitudeMeters>
						<HeartRateBpm>
							<Value>99</Value>
						</HeartRateBpm>
					</Trackpoint>
					<Trackpoint>
						<Time>2569-05-19T14:28:56Z</Time>
						<Position>
							<LatitudeDegrees>9.142799</LatitudeDegrees>
							<LongitudeDegrees>99.324377</LongitudeDegrees>
						</Position>
						<AltitudeMeters>38.710000</AltitudeMeters>
						<HeartRateBpm>
							<Value>99</Value>
						</HeartRateBpm>
					</Trackpoint>
					<Trackpoint>
						<Time>2569-05-19T14:28:57Z</Time>
						<Position>
							<LatitudeDegrees>9.142795</LatitudeDegrees>
							<LongitudeDegrees>99.324376</LongitudeDegrees>
						</Position>
						<AltitudeMeters>38.700000</AltitudeMeters>
						<HeartRateBpm>
							<Value>100</Value>
						</HeartRateBpm>
					</Trackpoint>
					<Trackpoint>
						<Time>2569-05-19T14:28:58Z</Time>
						<Position>
							<LatitudeDegrees>9.142792</LatitudeDegrees>
							<LongitudeDegrees>99.324374</LongitudeDegrees>
						</Position>
						<AltitudeMeters>38.690000</AltitudeMeters>
						<HeartRateBpm>
							<Value>99</Value>
						</HeartRateBpm>
					</Trackpoint>
					<Trackpoint>
						<Time>2569-05-19T14:28:59Z</Time>
						<Position>
							<LatitudeDegrees>9.142790</LatitudeDegrees>
							<LongitudeDegrees>99.324373</LongitudeDegrees>
						</Position>
						<AltitudeMeters>38.690000</AltitudeMeters>
						<HeartRateBpm>
							<Value>98</Value>
						</HeartRateBpm>
					</Trackpoint>
					<Trackpoint>
						<Time>2569-05-19T14:29:00Z</Time>
						<Position>
							<LatitudeDegrees>9.142789</LatitudeDegrees>
							<LongitudeDegrees>99.324372</LongitudeDegrees>
						</Position>
						<AltitudeMeters>38.690000</AltitudeMeters>
						<HeartRateBpm>
							<Value>98</Value>
						</HeartRateBpm>
					</Trackpoint>
					<Trackpoint>
						<Time>2569-05-19T14:29:01Z</Time>
						<Position>
							<LatitudeDegrees>9.142788</LatitudeDegrees>
							<LongitudeDegrees>99.324372</LongitudeDegrees>
						</Position>
						<AltitudeMeters>38.690000</AltitudeMeters>
						<HeartRateBpm>
							<Value>97</Value>
						</HeartRateBpm>
					</Trackpoint>
					<Trackpoint>
						<Time>2569-05-19T14:29:02Z</Time>
						<Position>
							<LatitudeDegrees>9.142788</LatitudeDegrees>
							<LongitudeDegrees>99.324372</LongitudeDegrees>
						</Position>
						<AltitudeMeters>38.690000</AltitudeMeters>
						<HeartRateBpm>
							<Value>97</Value>
						</HeartRateBpm>
					</Trackpoint>
					<Trackpoint>
						<Time>2569-05-19T14:29:03Z</Time>
						<Position>
							<LatitudeDegrees>9.142787</LatitudeDegrees>
							<LongitudeDegrees>99.324371</LongitudeDegrees>
						</Position>
						<AltitudeMeters>38.690000</AltitudeMeters>
						<HeartRateBpm>
							<Value>96</Value>
						</HeartRateBpm>
					</Trackpoint>
					<Trackpoint>
						<Time>2569-05-19T14:29:04Z</Time>
						<Position>
							<LatitudeDegrees>9.142786</LatitudeDegrees>
							<LongitudeDegrees>99.324371</LongitudeDegrees>
						</Position>
						<AltitudeMeters>38.690000</AltitudeMeters>
						<HeartRateBpm>
							<Value>95</Value>
						</HeartRateBpm>
					</Trackpoint>
					<Trackpoint>
						<Time>2569-05-19T14:29:05Z</Time>
						<Position>
							<LatitudeDegrees>9.142786</LatitudeDegrees>
							<LongitudeDegrees>99.324371</LongitudeDegrees>
						</Position>
						<AltitudeMeters>38.680000</AltitudeMeters>
						<HeartRateBpm>
							<Value>94</Value>
						</HeartRateBpm>
					</Trackpoint>
					<Trackpoint>
						<Time>2569-05-19T14:29:06Z</Time>
						<Position>
							<LatitudeDegrees>9.142786</LatitudeDegrees>
							<LongitudeDegrees>99.324371</LongitudeDegrees>
						</Position>
						<AltitudeMeters>38.680000</AltitudeMeters>
						<HeartRateBpm>
							<Value>95</Value>
						</HeartRateBpm>
					</Trackpoint>
					<Trackpoint>
						<Time>2569-05-19T14:29:07Z</Time>
						<Position>
							<LatitudeDegrees>9.142786</LatitudeDegrees>
							<LongitudeDegrees>99.324371</LongitudeDegrees>
						</Position>
						<AltitudeMeters>38.680000</AltitudeMeters>
						<HeartRateBpm>
							<Value>95</Value>
						</HeartRateBpm>
					</Trackpoint>
					<Trackpoint>
						<Time>2569-05-19T14:29:08Z</Time>
						<Position>
							<LatitudeDegrees>9.142786</LatitudeDegrees>
							<LongitudeDegrees>99.324370</LongitudeDegrees>
						</Position>
						<AltitudeMeters>38.680000</AltitudeMeters>
						<HeartRateBpm>
							<Value>95</Value>
						</HeartRateBpm>
					</Trackpoint>
					<Trackpoint>
						<Time>2569-05-19T14:29:09Z</Time>
						<Position>
							<LatitudeDegrees>9.142786</LatitudeDegrees>
							<LongitudeDegrees>99.324369</LongitudeDegrees>
						</Position>
						<AltitudeMeters>38.680000</AltitudeMeters>
						<HeartRateBpm>
							<Value>96</Value>
						</HeartRateBpm>
					</Trackpoint>
					<Trackpoint>
						<Time>2569-05-19T14:29:10Z</Time>
						<Position>
							<LatitudeDegrees>9.142786</LatitudeDegrees>
							<LongitudeDegrees>99.324368</LongitudeDegrees>
						</Position>
						<AltitudeMeters>38.680000</AltitudeMeters>
						<HeartRateBpm>
							<Value>97</Value>
						</HeartRateBpm>
					</Trackpoint>
					<Trackpoint>
						<Time>2569-05-19T14:29:11Z</Time>
						<Position>
							<LatitudeDegrees>9.142786</LatitudeDegrees>
							<LongitudeDegrees>99.324368</LongitudeDegrees>
						</Position>
						<AltitudeMeters>38.680000</AltitudeMeters>
						<HeartRateBpm>
							<Value>98</Value>
						</HeartRateBpm>
					</Trackpoint>
					<Trackpoint>
						<Time>2569-05-19T14:29:12Z</Time>
						<Position>
							<LatitudeDegrees>9.142786</LatitudeDegrees>
							<LongitudeDegrees>99.324366</LongitudeDegrees>
						</Position>
						<AltitudeMeters>38.680000</AltitudeMeters>
						<HeartRateBpm>
							<Value>97</Value>
						</HeartRateBpm>
					</Trackpoint>
					<Trackpoint>
						<Time>2569-05-19T14:29:13Z</Time>
						<Position>
							<LatitudeDegrees>9.142785</LatitudeDegrees>
							<LongitudeDegrees>99.324366</LongitudeDegrees>
						</Position>
						<AltitudeMeters>38.680000</AltitudeMeters>
						<HeartRateBpm>
							<Value>98</Value>
						</HeartRateBpm>
					</Trackpoint>
					<Trackpoint>
						<Time>2569-05-19T14:29:14Z</Time>
						<Position>
							<LatitudeDegrees>9.142784</LatitudeDegrees>
							<LongitudeDegrees>99.324366</LongitudeDegrees>
						</Position>
						<AltitudeMeters>38.680000</AltitudeMeters>
						<HeartRateBpm>
							<Value>98</Value>
						</HeartRateBpm>
					</Trackpoint>
					<Trackpoint>
						<Time>2569-05-19T14:29:15Z</Time>
						<Position>
							<LatitudeDegrees>9.142783</LatitudeDegrees>
							<LongitudeDegrees>99.324366</LongitudeDegrees>
						</Position>
						<AltitudeMeters>38.670000</AltitudeMeters>
						<HeartRateBpm>
							<Value>98</Value>
						</HeartRateBpm>
					</Trackpoint>
					<Trackpoint>
						<Time>2569-05-19T14:29:16Z</Time>
						<Position>
							<LatitudeDegrees>9.142783</LatitudeDegrees>
							<LongitudeDegrees>99.324365</LongitudeDegrees>
						</Position>
						<AltitudeMeters>38.670000</AltitudeMeters>
						<HeartRateBpm>
							<Value>97</Value>
						</HeartRateBpm>
					</Trackpoint>
					<Trackpoint>
						<Time>2569-05-19T14:29:17Z</Time>
						<Position>
							<LatitudeDegrees>9.142782</LatitudeDegrees>
							<LongitudeDegrees>99.324365</LongitudeDegrees>
						</Position>
						<AltitudeMeters>38.670000</AltitudeMeters>
						<HeartRateBpm>
							<Value>97</Value>
						</HeartRateBpm>
					</Trackpoint>
					<Trackpoint>
						<Time>2569-05-19T14:29:18Z</Time>
						<Position>
							<LatitudeDegrees>9.142781</LatitudeDegrees>
							<LongitudeDegrees>99.324365</LongitudeDegrees>
						</Position>
						<AltitudeMeters>38.670000</AltitudeMeters>
						<HeartRateBpm>
							<Value>98</Value>
						</HeartRateBpm>
					</Trackpoint>
					<Trackpoint>
						<Time>2569-05-19T14:29:19Z</Time>
						<Position>
							<LatitudeDegrees>9.142781</LatitudeDegrees>
							<LongitudeDegrees>99.324365</LongitudeDegrees>
						</Position>
						<AltitudeMeters>38.670000</AltitudeMeters>
						<HeartRateBpm>
							<Value>98</Value>
						</HeartRateBpm>
					</Trackpoint>
					<Trackpoint>
						<Time>2569-05-19T14:29:20Z</Time>
						<Position>
							<LatitudeDegrees>9.142781</LatitudeDegrees>
							<LongitudeDegrees>99.324366</LongitudeDegrees>
						</Position>
						<AltitudeMeters>38.670000</AltitudeMeters>
						<HeartRateBpm>
							<Value>97</Value>
						</HeartRateBpm>
					</Trackpoint>
					<Trackpoint>
						<Time>2569-05-19T14:29:21Z</Time>
						<Position>
							<LatitudeDegrees>9.142781</LatitudeDegrees>
							<LongitudeDegrees>99.324366</LongitudeDegrees>
						</Position>
						<AltitudeMeters>38.660000</AltitudeMeters>
						<HeartRateBpm>
							<Value>97</Value>
						</HeartRateBpm>
					</Trackpoint>
					<Trackpoint>
						<Time>2569-05-19T14:29:22Z</Time>
						<Position>
							<LatitudeDegrees>9.142780</LatitudeDegrees>
							<LongitudeDegrees>99.324363</LongitudeDegrees>
						</Position>
						<AltitudeMeters>38.670000</AltitudeMeters>
						<HeartRateBpm>
							<Value>96</Value>
						</HeartRateBpm>
					</Trackpoint>
					<Trackpoint>
						<Time>2569-05-19T14:29:23Z</Time>
						<Position>
							<LatitudeDegrees>9.142779</LatitudeDegrees>
							<LongitudeDegrees>99.324361</LongitudeDegrees>
						</Position>
						<AltitudeMeters>38.670000</AltitudeMeters>
						<HeartRateBpm>
							<Value>96</Value>
						</HeartRateBpm>
					</Trackpoint>
					<Trackpoint>
						<Time>2569-05-19T14:29:24Z</Time>
						<Position>
							<LatitudeDegrees>9.142779</LatitudeDegrees>
							<LongitudeDegrees>99.324358</LongitudeDegrees>
						</Position>
						<AltitudeMeters>38.660000</AltitudeMeters>
						<HeartRateBpm>
							<Value>96</Value>
						</HeartRateBpm>
					</Trackpoint>
					<Trackpoint>
						<Time>2569-05-19T14:29:25Z</Time>
						<Position>
							<LatitudeDegrees>9.142779</LatitudeDegrees>
							<LongitudeDegrees>99.324355</LongitudeDegrees>
						</Position>
						<AltitudeMeters>38.660000</AltitudeMeters>
						<HeartRateBpm>
							<Value>96</Value>
						</HeartRateBpm>
					</Trackpoint>
					<Trackpoint>
						<Time>2569-05-19T14:29:26Z</Time>
						<Position>
							<LatitudeDegrees>9.142774</LatitudeDegrees>
							<LongitudeDegrees>99.324350</LongitudeDegrees>
						</Position>
						<AltitudeMeters>38.660000</AltitudeMeters>
						<HeartRateBpm>
							<Value>96</Value>
						</HeartRateBpm>
					</Trackpoint>
					<Trackpoint>
						<Time>2569-05-19T14:29:27Z</Time>
						<Position>
							<LatitudeDegrees>9.142765</LatitudeDegrees>
							<LongitudeDegrees>99.324347</LongitudeDegrees>
						</Position>
						<AltitudeMeters>38.660000</AltitudeMeters>
						<HeartRateBpm>
							<Value>97</Value>
						</HeartRateBpm>
					</Trackpoint>
					<Trackpoint>
						<Time>2569-05-19T14:29:28Z</Time>
						<Position>
							<LatitudeDegrees>9.142753</LatitudeDegrees>
							<LongitudeDegrees>99.324344</LongitudeDegrees>
						</Position>
						<AltitudeMeters>38.660000</AltitudeMeters>
						<HeartRateBpm>
							<Value>97</Value>
						</HeartRateBpm>
					</Trackpoint>
					<Trackpoint>
						<Time>2569-05-19T14:29:29Z</Time>
						<Position>
							<LatitudeDegrees>9.142741</LatitudeDegrees>
							<LongitudeDegrees>99.324340</LongitudeDegrees>
						</Position>
						<AltitudeMeters>38.660000</AltitudeMeters>
						<HeartRateBpm>
							<Value>94</Value>
						</HeartRateBpm>
					</Trackpoint>
					<Trackpoint>
						<Time>2569-05-19T14:29:30Z</Time>
						<Position>
							<LatitudeDegrees>9.142732</LatitudeDegrees>
							<LongitudeDegrees>99.324338</LongitudeDegrees>
						</Position>
						<AltitudeMeters>38.670000</AltitudeMeters>
						<HeartRateBpm>
							<Value>92</Value>
						</HeartRateBpm>
					</Trackpoint>
					<Trackpoint>
						<Time>2569-05-19T14:29:31Z</Time>
						<Position>
							<LatitudeDegrees>9.142726</LatitudeDegrees>
							<LongitudeDegrees>99.324336</LongitudeDegrees>
						</Position>
						<AltitudeMeters>38.670000</AltitudeMeters>
						<HeartRateBpm>
							<Value>93</Value>
						</HeartRateBpm>
						<Extensions>
							<ns3:TPX>
								<ns3:Speed>0.523290</ns3:Speed>
							</ns3:TPX>
						</Extensions>
					</Trackpoint>
					<Trackpoint>
						<Time>2569-05-19T14:29:32Z</Time>
						<Position>
							<LatitudeDegrees>9.142721</LatitudeDegrees>
							<LongitudeDegrees>99.324334</LongitudeDegrees>
						</Position>
						<AltitudeMeters>38.670000</AltitudeMeters>
						<HeartRateBpm>
							<Value>92</Value>
						</HeartRateBpm>
						<Extensions>
							<ns3:TPX>
								<ns3:Speed>0.251830</ns3:Speed>
							</ns3:TPX>
						</Extensions>
					</Trackpoint>
					<Trackpoint>
						<Time>2569-05-19T14:29:33Z</Time>
						<Position>
							<LatitudeDegrees>9.142717</LatitudeDegrees>
							<LongitudeDegrees>99.324333</LongitudeDegrees>
						</Position>
						<AltitudeMeters>38.670000</AltitudeMeters>
						<HeartRateBpm>
							<Value>92</Value>
						</HeartRateBpm>
						<Extensions>
							<ns3:TPX>
								<ns3:Speed>0.119620</ns3:Speed>
							</ns3:TPX>
						</Extensions>
					</Trackpoint>
					<Trackpoint>
						<Time>2569-05-19T14:29:34Z</Time>
						<Position>
							<LatitudeDegrees>9.142713</LatitudeDegrees>
							<LongitudeDegrees>99.324324</LongitudeDegrees>
						</Position>
						<AltitudeMeters>38.670000</AltitudeMeters>
						<HeartRateBpm>
							<Value>92</Value>
						</HeartRateBpm>
					</Trackpoint>
					<Trackpoint>
						<Time>2569-05-19T14:29:35Z</Time>
						<Position>
							<LatitudeDegrees>9.142708</LatitudeDegrees>
							<LongitudeDegrees>99.324312</LongitudeDegrees>
						</Position>
						<AltitudeMeters>38.670000</AltitudeMeters>
						<HeartRateBpm>
							<Value>92</Value>
						</HeartRateBpm>
						<Extensions>
							<ns3:TPX>
								<ns3:Speed>0.402900</ns3:Speed>
							</ns3:TPX>
						</Extensions>
					</Trackpoint>
					<Trackpoint>
						<Time>2569-05-19T14:29:36Z</Time>
						<Position>
							<LatitudeDegrees>9.142695</LatitudeDegrees>
							<LongitudeDegrees>99.324297</LongitudeDegrees>
						</Position>
						<AltitudeMeters>38.660000</AltitudeMeters>
						<HeartRateBpm>
							<Value>92</Value>
						</HeartRateBpm>
						<Extensions>
							<ns3:TPX>
								<ns3:Speed>0.585140</ns3:Speed>
							</ns3:TPX>
						</Extensions>
					</Trackpoint>
					<Trackpoint>
						<Time>2569-05-19T14:29:37Z</Time>
						<Position>
							<LatitudeDegrees>9.142684</LatitudeDegrees>
							<LongitudeDegrees>99.324285</LongitudeDegrees>
						</Position>
						<AltitudeMeters>38.660000</AltitudeMeters>
						<HeartRateBpm>
							<Value>92</Value>
						</HeartRateBpm>
						<Extensions>
							<ns3:TPX>
								<ns3:Speed>0.423730</ns3:Speed>
							</ns3:TPX>
						</Extensions>
					</Trackpoint>
					<Trackpoint>
						<Time>2569-05-19T14:29:38Z</Time>
						<Position>
							<LatitudeDegrees>9.142677</LatitudeDegrees>
							<LongitudeDegrees>99.324275</LongitudeDegrees>
						</Position>
						<AltitudeMeters>38.730000</AltitudeMeters>
						<HeartRateBpm>
							<Value>92</Value>
						</HeartRateBpm>
						<Extensions>
							<ns3:TPX>
								<ns3:Speed>0.464040</ns3:Speed>
							</ns3:TPX>
						</Extensions>
					</Trackpoint>
					<Trackpoint>
						<Time>2569-05-19T14:29:39Z</Time>
						<Position>
							<LatitudeDegrees>9.142673</LatitudeDegrees>
							<LongitudeDegrees>99.324266</LongitudeDegrees>
						</Position>
						<AltitudeMeters>38.740000</AltitudeMeters>
						<HeartRateBpm>
							<Value>91</Value>
						</HeartRateBpm>
						<Extensions>
							<ns3:TPX>
								<ns3:Speed>0.559910</ns3:Speed>
							</ns3:TPX>
						</Extensions>
					</Trackpoint>
					<Trackpoint>
						<Time>2569-05-19T14:29:40Z</Time>
						<Position>
							<LatitudeDegrees>9.142670</LatitudeDegrees>
							<LongitudeDegrees>99.324260</LongitudeDegrees>
						</Position>
						<AltitudeMeters>38.740000</AltitudeMeters>
						<HeartRateBpm>
							<Value>91</Value>
						</HeartRateBpm>
						<Extensions>
							<ns3:TPX>
								<ns3:Speed>0.615760</ns3:Speed>
							</ns3:TPX>
						</Extensions>
					</Trackpoint>
					<Trackpoint>
						<Time>2569-05-19T14:29:41Z</Time>
						<Position>
							<LatitudeDegrees>9.142667</LatitudeDegrees>
							<LongitudeDegrees>99.324254</LongitudeDegrees>
						</Position>
						<AltitudeMeters>38.750000</AltitudeMeters>
						<HeartRateBpm>
							<Value>90</Value>
						</HeartRateBpm>
						<Extensions>
							<ns3:TPX>
								<ns3:Speed>0.615760</ns3:Speed>
							</ns3:TPX>
						</Extensions>
					</Trackpoint>
					<Trackpoint>
						<Time>2569-05-19T14:29:42Z</Time>
						<Position>
							<LatitudeDegrees>9.142666</LatitudeDegrees>
							<LongitudeDegrees>99.324249</LongitudeDegrees>
						</Position>
						<AltitudeMeters>38.750000</AltitudeMeters>
						<HeartRateBpm>
							<Value>90</Value>
						</HeartRateBpm>
						<Extensions>
							<ns3:TPX>
								<ns3:Speed>0.531630</ns3:Speed>
							</ns3:TPX>
						</Extensions>
					</Trackpoint>
					<Trackpoint>
						<Time>2569-05-19T14:29:43Z</Time>
						<Position>
							<LatitudeDegrees>9.142665</LatitudeDegrees>
							<LongitudeDegrees>99.324245</LongitudeDegrees>
						</Position>
						<AltitudeMeters>38.760000</AltitudeMeters>
						<HeartRateBpm>
							<Value>90</Value>
						</HeartRateBpm>
						<Extensions>
							<ns3:TPX>
								<ns3:Speed>0.394480</ns3:Speed>
							</ns3:TPX>
						</Extensions>
					</Trackpoint>
					<Trackpoint>
						<Time>2569-05-19T14:29:44Z</Time>
						<Position>
							<LatitudeDegrees>9.142664</LatitudeDegrees>
							<LongitudeDegrees>99.324244</LongitudeDegrees>
						</Position>
						<AltitudeMeters>38.760000</AltitudeMeters>
						<HeartRateBpm>
							<Value>89</Value>
						</HeartRateBpm>
						<Extensions>
							<ns3:TPX>
								<ns3:Speed>0.300120</ns3:Speed>
							</ns3:TPX>
						</Extensions>
					</Trackpoint>
					<Trackpoint>
						<Time>2569-05-19T14:29:45Z</Time>
						<Position>
							<LatitudeDegrees>9.142662</LatitudeDegrees>
							<LongitudeDegrees>99.324243</LongitudeDegrees>
						</Position>
						<AltitudeMeters>38.750000</AltitudeMeters>
						<HeartRateBpm>
							<Value>89</Value>
						</HeartRateBpm>
						<Extensions>
							<ns3:TPX>
								<ns3:Speed>0.226400</ns3:Speed>
							</ns3:TPX>
						</Extensions>
					</Trackpoint>
					<Trackpoint>
						<Time>2569-05-19T14:29:46Z</Time>
						<Position>
							<LatitudeDegrees>9.142662</LatitudeDegrees>
							<LongitudeDegrees>99.324242</LongitudeDegrees>
						</Position>
						<AltitudeMeters>38.770000</AltitudeMeters>
						<HeartRateBpm>
							<Value>89</Value>
						</HeartRateBpm>
					</Trackpoint>
					<Trackpoint>
						<Time>2569-05-19T14:29:47Z</Time>
						<Position>
							<LatitudeDegrees>9.142662</LatitudeDegrees>
							<LongitudeDegrees>99.324240</LongitudeDegrees>
						</Position>
						<AltitudeMeters>38.780000</AltitudeMeters>
						<HeartRateBpm>
							<Value>88</Value>
						</HeartRateBpm>
					</Trackpoint>
					<Trackpoint>
						<Time>2569-05-19T14:29:48Z</Time>
						<Position>
							<LatitudeDegrees>9.142662</LatitudeDegrees>
							<LongitudeDegrees>99.324238</LongitudeDegrees>
						</Position>
						<AltitudeMeters>38.800000</AltitudeMeters>
						<HeartRateBpm>
							<Value>87</Value>
						</HeartRateBpm>
					</Trackpoint>
					<Trackpoint>
						<Time>2569-05-19T14:29:53Z</Time>
						<Position>
							<LatitudeDegrees>9.142667</LatitudeDegrees>
							<LongitudeDegrees>99.324228</LongitudeDegrees>
						</Position>
						<AltitudeMeters>38.800000</AltitudeMeters>
						<HeartRateBpm>
							<Value>84</Value>
						</HeartRateBpm>
					</Trackpoint>
					<Trackpoint>
						<Time>2569-05-19T14:29:54Z</Time>
						<Position>
							<LatitudeDegrees>9.142667</LatitudeDegrees>
							<LongitudeDegrees>99.324228</LongitudeDegrees>
						</Position>
						<AltitudeMeters>38.800000</AltitudeMeters>
						<HeartRateBpm>
							<Value>84</Value>
						</HeartRateBpm>
					</Trackpoint>
					<Trackpoint>
						<Time>2569-05-19T14:29:55Z</Time>
						<Position>
							<LatitudeDegrees>9.142668</LatitudeDegrees>
							<LongitudeDegrees>99.324226</LongitudeDegrees>
						</Position>
						<AltitudeMeters>38.800000</AltitudeMeters>
						<HeartRateBpm>
							<Value>82</Value>
						</HeartRateBpm>
					</Trackpoint>
					<Trackpoint>
						<Time>2569-05-19T14:29:56Z</Time>
						<Position>
							<LatitudeDegrees>9.142669</LatitudeDegrees>
							<LongitudeDegrees>99.324221</LongitudeDegrees>
						</Position>
						<AltitudeMeters>38.800000</AltitudeMeters>
						<HeartRateBpm>
							<Value>83</Value>
						</HeartRateBpm>
					</Trackpoint>
					<Trackpoint>
						<Time>2569-05-19T14:29:57Z</Time>
						<Position>
							<LatitudeDegrees>9.142669</LatitudeDegrees>
							<LongitudeDegrees>99.324216</LongitudeDegrees>
						</Position>
						<AltitudeMeters>38.810000</AltitudeMeters>
						<HeartRateBpm>
							<Value>84</Value>
						</HeartRateBpm>
					</Trackpoint>
					<Trackpoint>
						<Time>2569-05-19T14:29:58Z</Time>
						<Position>
							<LatitudeDegrees>9.142670</LatitudeDegrees>
							<LongitudeDegrees>99.324212</LongitudeDegrees>
						</Position>
						<AltitudeMeters>38.810000</AltitudeMeters>
						<HeartRateBpm>
							<Value>84</Value>
						</HeartRateBpm>
						<Extensions>
							<ns3:TPX>
								<ns3:Speed>0.171060</ns3:Speed>
							</ns3:TPX>
						</Extensions>
					</Trackpoint>
					<Trackpoint>
						<Time>2569-05-19T14:29:59Z</Time>
						<Position>
							<LatitudeDegrees>9.142669</LatitudeDegrees>
							<LongitudeDegrees>99.324210</LongitudeDegrees>
						</Position>
						<AltitudeMeters>38.800000</AltitudeMeters>
						<HeartRateBpm>
							<Value>83</Value>
						</HeartRateBpm>
						<Extensions>
							<ns3:TPX>
								<ns3:Speed>0.179310</ns3:Speed>
							</ns3:TPX>
						</Extensions>
					</Trackpoint>
					<Trackpoint>
						<Time>2569-05-19T14:30:00Z</Time>
						<Position>
							<LatitudeDegrees>9.142669</LatitudeDegrees>
							<LongitudeDegrees>99.324208</LongitudeDegrees>
						</Position>
						<AltitudeMeters>38.800000</AltitudeMeters>
						<HeartRateBpm>
							<Value>84</Value>
						</HeartRateBpm>
						<Extensions>
							<ns3:TPX>
								<ns3:Speed>0.170820</ns3:Speed>
							</ns3:TPX>
						</Extensions>
					</Trackpoint>
					<Trackpoint>
						<Time>2569-05-19T14:30:01Z</Time>
						<Position>
							<LatitudeDegrees>9.142669</LatitudeDegrees>
							<LongitudeDegrees>99.324208</LongitudeDegrees>
						</Position>
						<AltitudeMeters>38.800000</AltitudeMeters>
						<HeartRateBpm>
							<Value>84</Value>
						</HeartRateBpm>
					</Trackpoint>
					<Trackpoint>
						<Time>2569-05-19T14:30:02Z</Time>
						<Position>
							<LatitudeDegrees>9.142666</LatitudeDegrees>
							<LongitudeDegrees>99.324222</LongitudeDegrees>
						</Position>
						<AltitudeMeters>38.790000</AltitudeMeters>
						<HeartRateBpm>
							<Value>84</Value>
						</HeartRateBpm>
					</Trackpoint>
					<Trackpoint>
						<Time>2569-05-19T14:30:03Z</Time>
						<Position>
							<LatitudeDegrees>9.142661</LatitudeDegrees>
							<LongitudeDegrees>99.324233</LongitudeDegrees>
						</Position>
						<AltitudeMeters>38.780000</AltitudeMeters>
						<HeartRateBpm>
							<Value>84</Value>
						</HeartRateBpm>
					</Trackpoint>
					<Trackpoint>
						<Time>2569-05-19T14:30:04Z</Time>
						<Position>
							<LatitudeDegrees>9.142657</LatitudeDegrees>
							<LongitudeDegrees>99.324242</LongitudeDegrees>
						</Position>
						<AltitudeMeters>38.730000</AltitudeMeters>
						<HeartRateBpm>
							<Value>84</Value>
						</HeartRateBpm>
						<Extensions>
							<ns3:TPX>
								<ns3:Speed>0.278630</ns3:Speed>
							</ns3:TPX>
						</Extensions>
					</Trackpoint>
					<Trackpoint>
						<Time>2569-05-19T14:30:05Z</Time>
						<Position>
							<LatitudeDegrees>9.142655</LatitudeDegrees>
							<LongitudeDegrees>99.324249</LongitudeDegrees>
						</Position>
						<AltitudeMeters>38.700000</AltitudeMeters>
						<HeartRateBpm>
							<Value>84</Value>
						</HeartRateBpm>
						<Extensions>
							<ns3:TPX>
								<ns3:Speed>0.281930</ns3:Speed>
							</ns3:TPX>
						</Extensions>
					</Trackpoint>
					<Trackpoint>
						<Time>2569-05-19T14:30:06Z</Time>
						<Position>
							<LatitudeDegrees>9.142650</LatitudeDegrees>
							<LongitudeDegrees>99.324258</LongitudeDegrees>
						</Position>
						<AltitudeMeters>38.700000</AltitudeMeters>
						<HeartRateBpm>
							<Value>83</Value>
						</HeartRateBpm>
					</Trackpoint>
					<Trackpoint>
						<Time>2569-05-19T14:30:07Z</Time>
						<Position>
							<LatitudeDegrees>9.142642</LatitudeDegrees>
							<LongitudeDegrees>99.324266</LongitudeDegrees>
						</Position>
						<AltitudeMeters>38.680000</AltitudeMeters>
						<HeartRateBpm>
							<Value>83</Value>
						</HeartRateBpm>
						<Extensions>
							<ns3:TPX>
								<ns3:Speed>0.273450</ns3:Speed>
							</ns3:TPX>
						</Extensions>
					</Trackpoint>
					<Trackpoint>
						<Time>2569-05-19T14:30:11Z</Time>
						<Position>
							<LatitudeDegrees>9.142646</LatitudeDegrees>
							<LongitudeDegrees>99.324322</LongitudeDegrees>
						</Position>
						<AltitudeMeters>38.610000</AltitudeMeters>
						<HeartRateBpm>
							<Value>83</Value>
						</HeartRateBpm>
					</Trackpoint>
					<Trackpoint>
						<Time>2569-05-19T14:30:12Z</Time>
						<Position>
							<LatitudeDegrees>9.142650</LatitudeDegrees>
							<LongitudeDegrees>99.324325</LongitudeDegrees>
						</Position>
						<AltitudeMeters>38.610000</AltitudeMeters>
						<HeartRateBpm>
							<Value>83</Value>
						</HeartRateBpm>
					</Trackpoint>
					<Trackpoint>
						<Time>2569-05-19T14:30:13Z</Time>
						<Position>
							<LatitudeDegrees>9.142655</LatitudeDegrees>
							<LongitudeDegrees>99.324330</LongitudeDegrees>
						</Position>
						<AltitudeMeters>38.610000</AltitudeMeters>
						<HeartRateBpm>
							<Value>82</Value>
						</HeartRateBpm>
						<Extensions>
							<ns3:TPX>
								<ns3:Speed>1.483680</ns3:Speed>
							</ns3:TPX>
						</Extensions>
					</Trackpoint>
					<Trackpoint>
						<Time>2569-05-19T14:30:14Z</Time>
						<Position>
							<LatitudeDegrees>9.142664</LatitudeDegrees>
							<LongitudeDegrees>99.324338</LongitudeDegrees>
						</Position>
						<AltitudeMeters>38.610000</AltitudeMeters>
						<HeartRateBpm>
							<Value>82</Value>
						</HeartRateBpm>
						<Extensions>
							<ns3:TPX>
								<ns3:Speed>1.398600</ns3:Speed>
							</ns3:TPX>
						</Extensions>
					</Trackpoint>
					<Trackpoint>
						<Time>2569-05-19T14:30:15Z</Time>
						<Position>
							<LatitudeDegrees>9.142677</LatitudeDegrees>
							<LongitudeDegrees>99.324349</LongitudeDegrees>
						</Position>
						<AltitudeMeters>38.620000</AltitudeMeters>
						<HeartRateBpm>
							<Value>82</Value>
						</HeartRateBpm>
						<Extensions>
							<ns3:TPX>
								<ns3:Speed>1.324500</ns3:Speed>
							</ns3:TPX>
						</Extensions>
					</Trackpoint>
					<Trackpoint>
						<Time>2569-05-19T14:30:16Z</Time>
						<Position>
							<LatitudeDegrees>9.142692</LatitudeDegrees>
							<LongitudeDegrees>99.324362</LongitudeDegrees>
						</Position>
						<AltitudeMeters>38.630000</AltitudeMeters>
						<HeartRateBpm>
							<Value>82</Value>
						</HeartRateBpm>
						<Extensions>
							<ns3:TPX>
								<ns3:Speed>1.506020</ns3:Speed>
							</ns3:TPX>
						</Extensions>
					</Trackpoint>
					<Trackpoint>
						<Time>2569-05-19T14:30:17Z</Time>
						<Position>
							<LatitudeDegrees>9.142708</LatitudeDegrees>
							<LongitudeDegrees>99.324377</LongitudeDegrees>
						</Position>
						<AltitudeMeters>38.620000</AltitudeMeters>
						<HeartRateBpm>
							<Value>82</Value>
						</HeartRateBpm>
						<Extensions>
							<ns3:TPX>
								<ns3:Speed>1.798560</ns3:Speed>
							</ns3:TPX>
						</Extensions>
					</Trackpoint>
					<Trackpoint>
						<Time>2569-05-19T14:30:18Z</Time>
						<Position>
							<LatitudeDegrees>9.142724</LatitudeDegrees>
							<LongitudeDegrees>99.324391</LongitudeDegrees>
						</Position>
						<AltitudeMeters>38.630000</AltitudeMeters>
						<HeartRateBpm>
							<Value>82</Value>
						</HeartRateBpm>
						<Extensions>
							<ns3:TPX>
								<ns3:Speed>1.663890</ns3:Speed>
							</ns3:TPX>
						</Extensions>
					</Trackpoint>
					<Trackpoint>
						<Time>2569-05-19T14:30:19Z</Time>
						<Position>
							<LatitudeDegrees>9.142736</LatitudeDegrees>
							<LongitudeDegrees>99.324401</LongitudeDegrees>
						</Position>
						<AltitudeMeters>38.630000</AltitudeMeters>
						<HeartRateBpm>
							<Value>82</Value>
						</HeartRateBpm>
						<Extensions>
							<ns3:TPX>
								<ns3:Speed>1.569860</ns3:Speed>
							</ns3:TPX>
						</Extensions>
					</Trackpoint>
					<Trackpoint>
						<Time>2569-05-19T14:30:20Z</Time>
						<Position>
							<LatitudeDegrees>9.142752</LatitudeDegrees>
							<LongitudeDegrees>99.324415</LongitudeDegrees>
						</Position>
						<AltitudeMeters>38.630000</AltitudeMeters>
						<HeartRateBpm>
							<Value>82</Value>
						</HeartRateBpm>
						<Extensions>
							<ns3:TPX>
								<ns3:Speed>1.798560</ns3:Speed>
							</ns3:TPX>
						</Extensions>
					</Trackpoint>
					<Trackpoint>
						<Time>2569-05-19T14:30:21Z</Time>
						<Position>
							<LatitudeDegrees>9.142768</LatitudeDegrees>
							<LongitudeDegrees>99.324433</LongitudeDegrees>
						</Position>
						<AltitudeMeters>38.640000</AltitudeMeters>
						<HeartRateBpm>
							<Value>83</Value>
						</HeartRateBpm>
						<Extensions>
							<ns3:TPX>
								<ns3:Speed>1.912050</ns3:Speed>
							</ns3:TPX>
						</Extensions>
					</Trackpoint>
					<Trackpoint>
						<Time>2569-05-19T14:30:22Z</Time>
						<Position>
							<LatitudeDegrees>9.142785</LatitudeDegrees>
							<LongitudeDegrees>99.324448</LongitudeDegrees>
						</Position>
						<AltitudeMeters>38.640000</AltitudeMeters>
						<HeartRateBpm>
							<Value>84</Value>
						</HeartRateBpm>
						<Extensions>
							<ns3:TPX>
								<ns3:Speed>2.032520</ns3:Speed>
							</ns3:TPX>
						</Extensions>
					</Trackpoint>
					<Trackpoint>
						<Time>2569-05-19T14:30:23Z</Time>
						<Position>
							<LatitudeDegrees>9.142799</LatitudeDegrees>
							<LongitudeDegrees>99.324465</LongitudeDegrees>
						</Position>
						<AltitudeMeters>38.680000</AltitudeMeters>
						<HeartRateBpm>
							<Value>84</Value>
						</HeartRateBpm>
						<Extensions>
							<ns3:TPX>
								<ns3:Speed>2.109700</ns3:Speed>
							</ns3:TPX>
						</Extensions>
					</Trackpoint>
					<Trackpoint>
						<Time>2569-05-19T14:30:24Z</Time>
						<Position>
							<LatitudeDegrees>9.142814</LatitudeDegrees>
							<LongitudeDegrees>99.324480</LongitudeDegrees>
						</Position>
						<AltitudeMeters>38.730000</AltitudeMeters>
						<HeartRateBpm>
							<Value>84</Value>
						</HeartRateBpm>
						<Extensions>
							<ns3:TPX>
								<ns3:Speed>2.150540</ns3:Speed>
							</ns3:TPX>
						</Extensions>
					</Trackpoint>
					<Trackpoint>
						<Time>2569-05-19T14:30:25Z</Time>
						<Position>
							<LatitudeDegrees>9.142828</LatitudeDegrees>
							<LongitudeDegrees>99.324493</LongitudeDegrees>
						</Position>
						<AltitudeMeters>38.740000</AltitudeMeters>
						<HeartRateBpm>
							<Value>84</Value>
						</HeartRateBpm>
						<Extensions>
							<ns3:TPX>
								<ns3:Speed>2.164500</ns3:Speed>
							</ns3:TPX>
						</Extensions>
					</Trackpoint>
					<Trackpoint>
						<Time>2569-05-19T14:30:26Z</Time>
						<Position>
							<LatitudeDegrees>9.142840</LatitudeDegrees>
							<LongitudeDegrees>99.324505</LongitudeDegrees>
						</Position>
						<AltitudeMeters>38.940000</AltitudeMeters>
						<HeartRateBpm>
							<Value>84</Value>
						</HeartRateBpm>
						<Extensions>
							<ns3:TPX>
								<ns3:Speed>2.136750</ns3:Speed>
							</ns3:TPX>
						</Extensions>
					</Trackpoint>
					<Trackpoint>
						<Time>2569-05-19T14:30:27Z</Time>
						<Position>
							<LatitudeDegrees>9.142850</LatitudeDegrees>
							<LongitudeDegrees>99.324513</LongitudeDegrees>
						</Position>
						<AltitudeMeters>39.020000</AltitudeMeters>
						<HeartRateBpm>
							<Value>86</Value>
						</HeartRateBpm>
						<Extensions>
							<ns3:TPX>
								<ns3:Speed>2.118640</ns3:Speed>
							</ns3:TPX>
						</Extensions>
					</Trackpoint>
					<Trackpoint>
						<Time>2569-05-19T14:30:28Z</Time>
						<Position>
							<LatitudeDegrees>9.142853</LatitudeDegrees>
							<LongitudeDegrees>99.324515</LongitudeDegrees>
						</Position>
						<AltitudeMeters>39.170000</AltitudeMeters>
						<HeartRateBpm>
							<Value>86</Value>
						</HeartRateBpm>
						<Extensions>
							<ns3:TPX>
								<ns3:Speed>2.114160</ns3:Speed>
							</ns3:TPX>
						</Extensions>
					</Trackpoint>
					<Trackpoint>
						<Time>2569-05-19T14:30:29Z</Time>
						<Position>
							<LatitudeDegrees>9.142857</LatitudeDegrees>
							<LongitudeDegrees>99.324518</LongitudeDegrees>
						</Position>
						<AltitudeMeters>39.210000</AltitudeMeters>
						<HeartRateBpm>
							<Value>87</Value>
						</HeartRateBpm>
						<Extensions>
							<ns3:TPX>
								<ns3:Speed>2.040820</ns3:Speed>
							</ns3:TPX>
						</Extensions>
					</Trackpoint>
					<Trackpoint>
						<Time>2569-05-19T14:30:30Z</Time>
						<Position>
							<LatitudeDegrees>9.142859</LatitudeDegrees>
							<LongitudeDegrees>99.324519</LongitudeDegrees>
						</Position>
						<AltitudeMeters>39.220000</AltitudeMeters>
						<HeartRateBpm>
							<Value>87</Value>
						</HeartRateBpm>
						<Extensions>
							<ns3:TPX>
								<ns3:Speed>1.647450</ns3:Speed>
							</ns3:TPX>
						</Extensions>
					</Trackpoint>
					<Trackpoint>
						<Time>2569-05-19T14:30:31Z</Time>
						<Position>
							<LatitudeDegrees>9.142857</LatitudeDegrees>
							<LongitudeDegrees>99.324510</LongitudeDegrees>
						</Position>
						<AltitudeMeters>39.180000</AltitudeMeters>
						<HeartRateBpm>
							<Value>87</Value>
						</HeartRateBpm>
						<Extensions>
							<ns3:TPX>
								<ns3:Speed>1.067240</ns3:Speed>
							</ns3:TPX>
						</Extensions>
					</Trackpoint>
					<Trackpoint>
						<Time>2569-05-19T14:30:38Z</Time>
						<Position>
							<LatitudeDegrees>9.142797</LatitudeDegrees>
							<LongitudeDegrees>99.324362</LongitudeDegrees>
						</Position>
						<AltitudeMeters>38.660000</AltitudeMeters>
						<HeartRateBpm>
							<Value>88</Value>
						</HeartRateBpm>
					</Trackpoint>
					<Trackpoint>
						<Time>2569-05-19T14:30:39Z</Time>
						<Position>
							<LatitudeDegrees>9.142800</LatitudeDegrees>
							<LongitudeDegrees>99.324365</LongitudeDegrees>
						</Position>
						<AltitudeMeters>38.660000</AltitudeMeters>
						<HeartRateBpm>
							<Value>89</Value>
						</HeartRateBpm>
						<Extensions>
							<ns3:TPX>
								<ns3:Speed>0.448630</ns3:Speed>
							</ns3:TPX>
						</Extensions>
					</Trackpoint>
					<Trackpoint>
						<Time>2569-05-19T14:30:40Z</Time>
						<Position>
							<LatitudeDegrees>9.142803</LatitudeDegrees>
							<LongitudeDegrees>99.324367</LongitudeDegrees>
						</Position>
						<AltitudeMeters>38.670000</AltitudeMeters>
						<HeartRateBpm>
							<Value>88</Value>
						</HeartRateBpm>
						<Extensions>
							<ns3:TPX>
								<ns3:Speed>0.570780</ns3:Speed>
							</ns3:TPX>
						</Extensions>
					</Trackpoint>
					<Trackpoint>
						<Time>2569-05-19T14:30:43Z</Time>
						<Position>
							<LatitudeDegrees>9.142814</LatitudeDegrees>
							<LongitudeDegrees>99.324375</LongitudeDegrees>
						</Position>
						<AltitudeMeters>38.680000</AltitudeMeters>
						<HeartRateBpm>
							<Value>88</Value>
						</HeartRateBpm>
					</Trackpoint>
					<Trackpoint>
						<Time>2569-05-19T14:30:44Z</Time>
						<Position>
							<LatitudeDegrees>9.142814</LatitudeDegrees>
							<LongitudeDegrees>99.324375</LongitudeDegrees>
						</Position>
						<AltitudeMeters>38.680000</AltitudeMeters>
						<HeartRateBpm>
							<Value>89</Value>
						</HeartRateBpm>
					</Trackpoint>
					<Trackpoint>
						<Time>2569-05-19T14:30:45Z</Time>
						<Position>
							<LatitudeDegrees>9.142814</LatitudeDegrees>
							<LongitudeDegrees>99.324375</LongitudeDegrees>
						</Position>
						<AltitudeMeters>38.680000</AltitudeMeters>
						<HeartRateBpm>
							<Value>89</Value>
						</HeartRateBpm>
						<Extensions>
							<ns3:TPX>
								<ns3:Speed>0.475290</ns3:Speed>
							</ns3:TPX>
						</Extensions>
					</Trackpoint>
					<Trackpoint>
						<Time>2569-05-19T14:30:46Z</Time>
						<Position>
							<LatitudeDegrees>9.142814</LatitudeDegrees>
							<LongitudeDegrees>99.324375</LongitudeDegrees>
						</Position>
						<AltitudeMeters>38.680000</AltitudeMeters>
						<HeartRateBpm>
							<Value>89</Value>
						</HeartRateBpm>
					</Trackpoint>
					<Trackpoint>
						<Time>2569-05-19T14:30:47Z</Time>
						<Position>
							<LatitudeDegrees>9.142813</LatitudeDegrees>
							<LongitudeDegrees>99.324374</LongitudeDegrees>
						</Position>
						<AltitudeMeters>38.680000</AltitudeMeters>
						<HeartRateBpm>
							<Value>89</Value>
						</HeartRateBpm>
					</Trackpoint>
					<Trackpoint>
						<Time>2569-05-19T14:30:48Z</Time>
						<Position>
							<LatitudeDegrees>9.142813</LatitudeDegrees>
							<LongitudeDegrees>99.324374</LongitudeDegrees>
						</Position>
						<AltitudeMeters>38.680000</AltitudeMeters>
						<HeartRateBpm>
							<Value>88</Value>
						</HeartRateBpm>
					</Trackpoint>
					<Trackpoint>
						<Time>2569-05-19T14:30:49Z</Time>
						<Position>
							<LatitudeDegrees>9.142813</LatitudeDegrees>
							<LongitudeDegrees>99.324374</LongitudeDegrees>
						</Position>
						<AltitudeMeters>38.670000</AltitudeMeters>
						<HeartRateBpm>
							<Value>88</Value>
						</HeartRateBpm>
					</Trackpoint>
					<Trackpoint>
						<Time>2569-05-19T14:30:50Z</Time>
						<Position>
							<LatitudeDegrees>9.142812</LatitudeDegrees>
							<LongitudeDegrees>99.324373</LongitudeDegrees>
						</Position>
						<AltitudeMeters>38.670000</AltitudeMeters>
						<HeartRateBpm>
							<Value>89</Value>
						</HeartRateBpm>
					</Trackpoint>
					<Trackpoint>
						<Time>2569-05-19T14:30:51Z</Time>
						<Position>
							<LatitudeDegrees>9.142813</LatitudeDegrees>
							<LongitudeDegrees>99.324373</LongitudeDegrees>
						</Position>
						<AltitudeMeters>38.670000</AltitudeMeters>
						<HeartRateBpm>
							<Value>89</Value>
						</HeartRateBpm>
					</Trackpoint>
					<Trackpoint>
						<Time>2569-05-19T14:30:52Z</Time>
						<Position>
							<LatitudeDegrees>9.142813</LatitudeDegrees>
							<LongitudeDegrees>99.324375</LongitudeDegrees>
						</Position>
						<AltitudeMeters>38.670000</AltitudeMeters>
						<HeartRateBpm>
							<Value>89</Value>
						</HeartRateBpm>
					</Trackpoint>
					<Trackpoint>
						<Time>2569-05-19T14:30:53Z</Time>
						<Position>
							<LatitudeDegrees>9.142808</LatitudeDegrees>
							<LongitudeDegrees>99.324369</LongitudeDegrees>
						</Position>
						<AltitudeMeters>38.660000</AltitudeMeters>
						<HeartRateBpm>
							<Value>88</Value>
						</HeartRateBpm>
					</Trackpoint>
					<Trackpoint>
						<Time>2569-05-19T14:30:54Z</Time>
						<Position>
							<LatitudeDegrees>9.142805</LatitudeDegrees>
							<LongitudeDegrees>99.324367</LongitudeDegrees>
						</Position>
						<AltitudeMeters>38.660000</AltitudeMeters>
						<HeartRateBpm>
							<Value>88</Value>
						</HeartRateBpm>
						<Cadence>60</Cadence>
					</Trackpoint>
					<Trackpoint>
						<Time>2569-05-19T14:30:55Z</Time>
						<Position>
							<LatitudeDegrees>9.142803</LatitudeDegrees>
							<LongitudeDegrees>99.324367</LongitudeDegrees>
						</Position>
						<AltitudeMeters>38.660000</AltitudeMeters>
						<HeartRateBpm>
							<Value>88</Value>
						</HeartRateBpm>
						<Cadence>60</Cadence>
						<Extensions>
							<ns3:TPX>
								<ns3:Speed>0.192160</ns3:Speed>
							</ns3:TPX>
						</Extensions>
					</Trackpoint>
					<Trackpoint>
						<Time>2569-05-19T14:30:56Z</Time>
						<Position>
							<LatitudeDegrees>9.142802</LatitudeDegrees>
							<LongitudeDegrees>99.324367</LongitudeDegrees>
						</Position>
						<AltitudeMeters>38.660000</AltitudeMeters>
						<HeartRateBpm>
							<Value>87</Value>
						</HeartRateBpm>
					</Trackpoint>
					<Trackpoint>
						<Time>2569-05-19T14:30:57Z</Time>
						<Position>
							<LatitudeDegrees>9.142801</LatitudeDegrees>
							<LongitudeDegrees>99.324368</LongitudeDegrees>
						</Position>
						<AltitudeMeters>38.660000</AltitudeMeters>
						<HeartRateBpm>
							<Value>87</Value>
						</HeartRateBpm>
					</Trackpoint>
					<Trackpoint>
						<Time>2569-05-19T14:30:58Z</Time>
						<Position>
							<LatitudeDegrees>9.142805</LatitudeDegrees>
							<LongitudeDegrees>99.324375</LongitudeDegrees>
						</Position>
						<AltitudeMeters>38.660000</AltitudeMeters>
						<HeartRateBpm>
							<Value>88</Value>
						</HeartRateBpm>
					</Trackpoint>
					<Trackpoint>
						<Time>2569-05-19T14:31:01Z</Time>
						<Position>
							<LatitudeDegrees>9.142812</LatitudeDegrees>
							<LongitudeDegrees>99.324368</LongitudeDegrees>
						</Position>
						<AltitudeMeters>38.670000</AltitudeMeters>
						<HeartRateBpm>
							<Value>86</Value>
						</HeartRateBpm>
					</Trackpoint>
					<Trackpoint>
						<Time>2569-05-19T14:31:02Z</Time>
						<Position>
							<LatitudeDegrees>9.142808</LatitudeDegrees>
							<LongitudeDegrees>99.324359</LongitudeDegrees>
						</Position>
						<AltitudeMeters>38.660000</AltitudeMeters>
						<HeartRateBpm>
							<Value>87</Value>
						</HeartRateBpm>
						<Extensions>
							<ns3:TPX>
								<ns3:Speed>0.360750</ns3:Speed>
							</ns3:TPX>
						</Extensions>
					</Trackpoint>
					<Trackpoint>
						<Time>2569-05-19T14:31:03Z</Time>
						<Position>
							<LatitudeDegrees>9.142801</LatitudeDegrees>
							<LongitudeDegrees>99.324343</LongitudeDegrees>
						</Position>
						<AltitudeMeters>38.650000</AltitudeMeters>
						<HeartRateBpm>
							<Value>87</Value>
						</HeartRateBpm>
						<Extensions>
							<ns3:TPX>
								<ns3:Speed>0.457880</ns3:Speed>
							</ns3:TPX>
						</Extensions>
					</Trackpoint>
					<Trackpoint>
						<Time>2569-05-19T14:31:04Z</Time>
						<Position>
							<LatitudeDegrees>9.142797</LatitudeDegrees>
							<LongitudeDegrees>99.324330</LongitudeDegrees>
						</Position>
						<AltitudeMeters>38.640000</AltitudeMeters>
						<HeartRateBpm>
							<Value>87</Value>
						</HeartRateBpm>
						<Extensions>
							<ns3:TPX>
								<ns3:Speed>0.544660</ns3:Speed>
							</ns3:TPX>
						</Extensions>
					</Trackpoint>
					<Trackpoint>
						<Time>2569-05-19T14:31:05Z</Time>
						<Position>
							<LatitudeDegrees>9.142788</LatitudeDegrees>
							<LongitudeDegrees>99.324306</LongitudeDegrees>
						</Position>
						<AltitudeMeters>38.640000</AltitudeMeters>
						<HeartRateBpm>
							<Value>87</Value>
						</HeartRateBpm>
						<Extensions>
							<ns3:TPX>
								<ns3:Speed>0.652740</ns3:Speed>
							</ns3:TPX>
						</Extensions>
					</Trackpoint>
					<Trackpoint>
						<Time>2569-05-19T14:31:06Z</Time>
						<Position>
							<LatitudeDegrees>9.142784</LatitudeDegrees>
							<LongitudeDegrees>99.324287</LongitudeDegrees>
						</Position>
						<AltitudeMeters>38.650000</AltitudeMeters>
						<HeartRateBpm>
							<Value>86</Value>
						</HeartRateBpm>
						<Extensions>
							<ns3:TPX>
								<ns3:Speed>0.742390</ns3:Speed>
							</ns3:TPX>
						</Extensions>
					</Trackpoint>
					<Trackpoint>
						<Time>2569-05-19T14:31:07Z</Time>
						<Position>
							<LatitudeDegrees>9.142783</LatitudeDegrees>
							<LongitudeDegrees>99.324272</LongitudeDegrees>
						</Position>
						<AltitudeMeters>38.650000</AltitudeMeters>
						<HeartRateBpm>
							<Value>86</Value>
						</HeartRateBpm>
						<Extensions>
							<ns3:TPX>
								<ns3:Speed>0.742390</ns3:Speed>
							</ns3:TPX>
						</Extensions>
					</Trackpoint>
					<Trackpoint>
						<Time>2569-05-19T14:31:08Z</Time>
						<Position>
							<LatitudeDegrees>9.142782</LatitudeDegrees>
							<LongitudeDegrees>99.324261</LongitudeDegrees>
						</Position>
						<AltitudeMeters>38.690000</AltitudeMeters>
						<HeartRateBpm>
							<Value>85</Value>
						</HeartRateBpm>
						<Extensions>
							<ns3:TPX>
								<ns3:Speed>0.622670</ns3:Speed>
							</ns3:TPX>
						</Extensions>
					</Trackpoint>
					<Trackpoint>
						<Time>2569-05-19T14:31:09Z</Time>
						<Position>
							<LatitudeDegrees>9.142779</LatitudeDegrees>
							<LongitudeDegrees>99.324254</LongitudeDegrees>
						</Position>
						<AltitudeMeters>38.690000</AltitudeMeters>
						<HeartRateBpm>
							<Value>85</Value>
						</HeartRateBpm>
						<Extensions>
							<ns3:TPX>
								<ns3:Speed>0.622670</ns3:Speed>
							</ns3:TPX>
						</Extensions>
					</Trackpoint>
					<Trackpoint>
						<Time>2569-05-19T14:31:10Z</Time>
						<Position>
							<LatitudeDegrees>9.142774</LatitudeDegrees>
							<LongitudeDegrees>99.324256</LongitudeDegrees>
						</Position>
						<AltitudeMeters>38.690000</AltitudeMeters>
						<HeartRateBpm>
							<Value>85</Value>
						</HeartRateBpm>
						<Extensions>
							<ns3:TPX>
								<ns3:Speed>0.569480</ns3:Speed>
							</ns3:TPX>
						</Extensions>
					</Trackpoint>
					<Trackpoint>
						<Time>2569-05-19T14:31:11Z</Time>
						<Position>
							<LatitudeDegrees>9.142772</LatitudeDegrees>
							<LongitudeDegrees>99.324267</LongitudeDegrees>
						</Position>
						<AltitudeMeters>38.680000</AltitudeMeters>
						<HeartRateBpm>
							<Value>85</Value>
						</HeartRateBpm>
						<Extensions>
							<ns3:TPX>
								<ns3:Speed>0.569480</ns3:Speed>
							</ns3:TPX>
						</Extensions>
					</Trackpoint>
					<Trackpoint>
						<Time>2569-05-19T14:31:12Z</Time>
						<Position>
							<LatitudeDegrees>9.142770</LatitudeDegrees>
							<LongitudeDegrees>99.324273</LongitudeDegrees>
						</Position>
						<AltitudeMeters>38.640000</AltitudeMeters>
						<HeartRateBpm>
							<Value>85</Value>
						</HeartRateBpm>
						<Extensions>
							<ns3:TPX>
								<ns3:Speed>0.460620</ns3:Speed>
							</ns3:TPX>
						</Extensions>
					</Trackpoint>
					<Trackpoint>
						<Time>2569-05-19T14:31:13Z</Time>
						<Position>
							<LatitudeDegrees>9.142766</LatitudeDegrees>
							<LongitudeDegrees>99.324277</LongitudeDegrees>
						</Position>
						<AltitudeMeters>38.640000</AltitudeMeters>
						<HeartRateBpm>
							<Value>85</Value>
						</HeartRateBpm>
						<Extensions>
							<ns3:TPX>
								<ns3:Speed>0.297530</ns3:Speed>
							</ns3:TPX>
						</Extensions>
					</Trackpoint>
					<Trackpoint>
						<Time>2569-05-19T14:31:14Z</Time>
						<Position>
							<LatitudeDegrees>9.142757</LatitudeDegrees>
							<LongitudeDegrees>99.324284</LongitudeDegrees>
						</Position>
						<AltitudeMeters>38.620000</AltitudeMeters>
						<HeartRateBpm>
							<Value>87</Value>
						</HeartRateBpm>
						<Extensions>
							<ns3:TPX>
								<ns3:Speed>0.182650</ns3:Speed>
							</ns3:TPX>
						</Extensions>
					</Trackpoint>
					<Trackpoint>
						<Time>2569-05-19T14:31:14Z</Time>
						<Position>
							<LatitudeDegrees>9.142757</LatitudeDegrees>
							<LongitudeDegrees>99.324284</LongitudeDegrees>
						</Position>
						<AltitudeMeters>38.620000</AltitudeMeters>
						<HeartRateBpm>
							<Value>87</Value>
						</HeartRateBpm>
						<Extensions>
							<ns3:TPX>
								<ns3:Speed>0.182650</ns3:Speed>
							</ns3:TPX>
						</Extensions>
					</Trackpoint>
					<Trackpoint>
						<Time>2569-05-19T14:31:15Z</Time>
						<Position>
							<LatitudeDegrees>9.142751</LatitudeDegrees>
							<LongitudeDegrees>99.324284</LongitudeDegrees>
						</Position>
						<AltitudeMeters>38.620000</AltitudeMeters>
						<HeartRateBpm>
							<Value>87</Value>
						</HeartRateBpm>
						<Extensions>
							<ns3:TPX>
								<ns3:Speed>0.391080</ns3:Speed>
							</ns3:TPX>
						</Extensions>
					</Trackpoint>
					<Trackpoint>
						<Time>2569-05-19T14:31:16Z</Time>
						<Position>
							<LatitudeDegrees>9.142747</LatitudeDegrees>
							<LongitudeDegrees>99.324284</LongitudeDegrees>
						</Position>
						<AltitudeMeters>38.620000</AltitudeMeters>
						<HeartRateBpm>
							<Value>86</Value>
						</HeartRateBpm>
						<Extensions>
							<ns3:TPX>
								<ns3:Speed>0.559910</ns3:Speed>
							</ns3:TPX>
						</Extensions>
					</Trackpoint>
					<Trackpoint>
						<Time>2569-05-19T14:31:18Z</Time>
						<Position>
							<LatitudeDegrees>9.142743</LatitudeDegrees>
							<LongitudeDegrees>99.324284</LongitudeDegrees>
						</Position>
						<AltitudeMeters>38.620000</AltitudeMeters>
						<HeartRateBpm>
							<Value>88</Value>
						</HeartRateBpm>
						<Extensions>
							<ns3:TPX>
								<ns3:Speed>0.680740</ns3:Speed>
							</ns3:TPX>
						</Extensions>
					</Trackpoint>
					<Trackpoint>
						<Time>2569-05-19T14:31:19Z</Time>
						<Position>
							<LatitudeDegrees>9.142740</LatitudeDegrees>
							<LongitudeDegrees>99.324283</LongitudeDegrees>
						</Position>
						<AltitudeMeters>38.620000</AltitudeMeters>
						<HeartRateBpm>
							<Value>88</Value>
						</HeartRateBpm>
						<Extensions>
							<ns3:TPX>
								<ns3:Speed>0.642260</ns3:Speed>
							</ns3:TPX>
						</Extensions>
					</Trackpoint>
					<Trackpoint>
						<Time>2569-05-19T14:31:20Z</Time>
						<Position>
							<LatitudeDegrees>9.142738</LatitudeDegrees>
							<LongitudeDegrees>99.324282</LongitudeDegrees>
						</Position>
						<AltitudeMeters>38.620000</AltitudeMeters>
						<HeartRateBpm>
							<Value>89</Value>
						</HeartRateBpm>
						<Extensions>
							<ns3:TPX>
								<ns3:Speed>0.593820</ns3:Speed>
							</ns3:TPX>
						</Extensions>
					</Trackpoint>
					<Trackpoint>
						<Time>2569-05-19T14:31:21Z</Time>
						<Position>
							<LatitudeDegrees>9.142742</LatitudeDegrees>
							<LongitudeDegrees>99.324291</LongitudeDegrees>
						</Position>
						<AltitudeMeters>38.610000</AltitudeMeters>
						<HeartRateBpm>
							<Value>88</Value>
						</HeartRateBpm>
					</Trackpoint>
					<Trackpoint>
						<Time>2569-05-19T14:31:22Z</Time>
						<Position>
							<LatitudeDegrees>9.142739</LatitudeDegrees>
							<LongitudeDegrees>99.324294</LongitudeDegrees>
						</Position>
						<AltitudeMeters>38.610000</AltitudeMeters>
						<HeartRateBpm>
							<Value>86</Value>
						</HeartRateBpm>
					</Trackpoint>
					<Trackpoint>
						<Time>2569-05-19T14:31:22Z</Time>
						<Position>
							<LatitudeDegrees>9.142739</LatitudeDegrees>
							<LongitudeDegrees>99.324294</LongitudeDegrees>
						</Position>
						<AltitudeMeters>38.610000</AltitudeMeters>
						<HeartRateBpm>
							<Value>86</Value>
						</HeartRateBpm>
					</Trackpoint>
					<Trackpoint>
						<Time>2569-05-19T14:31:23Z</Time>
						<Position>
							<LatitudeDegrees>9.142742</LatitudeDegrees>
							<LongitudeDegrees>99.324298</LongitudeDegrees>
						</Position>
						<AltitudeMeters>38.610000</AltitudeMeters>
						<HeartRateBpm>
							<Value>85</Value>
						</HeartRateBpm>
					</Trackpoint>
					<Trackpoint>
						<Time>2569-05-19T14:31:24Z</Time>
						<Position>
							<LatitudeDegrees>9.142744</LatitudeDegrees>
							<LongitudeDegrees>99.324299</LongitudeDegrees>
						</Position>
						<AltitudeMeters>38.610000</AltitudeMeters>
						<HeartRateBpm>
							<Value>84</Value>
						</HeartRateBpm>
					</Trackpoint>
					<Trackpoint>
						<Time>2569-05-19T14:31:26Z</Time>
						<Position>
							<LatitudeDegrees>9.142748</LatitudeDegrees>
							<LongitudeDegrees>99.324298</LongitudeDegrees>
						</Position>
						<AltitudeMeters>38.610000</AltitudeMeters>
						<HeartRateBpm>
							<Value>82</Value>
						</HeartRateBpm>
					</Trackpoint>
					<Trackpoint>
						<Time>2569-05-19T14:31:26Z</Time>
						<Position>
							<LatitudeDegrees>9.142748</LatitudeDegrees>
							<LongitudeDegrees>99.324298</LongitudeDegrees>
						</Position>
						<AltitudeMeters>38.610000</AltitudeMeters>
						<HeartRateBpm>
							<Value>82</Value>
						</HeartRateBpm>
					</Trackpoint>
					<Trackpoint>
						<Time>2569-05-19T14:31:27Z</Time>
						<Position>
							<LatitudeDegrees>9.142748</LatitudeDegrees>
							<LongitudeDegrees>99.324300</LongitudeDegrees>
						</Position>
						<AltitudeMeters>38.610000</AltitudeMeters>
						<HeartRateBpm>
							<Value>83</Value>
						</HeartRateBpm>
					</Trackpoint>
					<Trackpoint>
						<Time>2569-05-19T14:31:28Z</Time>
						<Position>
							<LatitudeDegrees>9.142746</LatitudeDegrees>
							<LongitudeDegrees>99.324303</LongitudeDegrees>
						</Position>
						<AltitudeMeters>38.610000</AltitudeMeters>
						<HeartRateBpm>
							<Value>83</Value>
						</HeartRateBpm>
					</Trackpoint>
					<Trackpoint>
						<Time>2569-05-19T14:31:30Z</Time>
						<Position>
							<LatitudeDegrees>9.142745</LatitudeDegrees>
							<LongitudeDegrees>99.324304</LongitudeDegrees>
						</Position>
						<AltitudeMeters>38.610000</AltitudeMeters>
						<HeartRateBpm>
							<Value>84</Value>
						</HeartRateBpm>
					</Trackpoint>
					<Trackpoint>
						<Time>2569-05-19T14:31:31Z</Time>
						<Position>
							<LatitudeDegrees>9.142741</LatitudeDegrees>
							<LongitudeDegrees>99.324307</LongitudeDegrees>
						</Position>
						<AltitudeMeters>38.610000</AltitudeMeters>
						<HeartRateBpm>
							<Value>84</Value>
						</HeartRateBpm>
					</Trackpoint>
					<Trackpoint>
						<Time>2569-05-19T14:31:31Z</Time>
						<Position>
							<LatitudeDegrees>9.142741</LatitudeDegrees>
							<LongitudeDegrees>99.324307</LongitudeDegrees>
						</Position>
						<AltitudeMeters>38.610000</AltitudeMeters>
						<HeartRateBpm>
							<Value>84</Value>
						</HeartRateBpm>
					</Trackpoint>
					<Trackpoint>
						<Time>2569-05-19T14:31:32Z</Time>
						<Position>
							<LatitudeDegrees>9.142739</LatitudeDegrees>
							<LongitudeDegrees>99.324307</LongitudeDegrees>
						</Position>
						<AltitudeMeters>38.610000</AltitudeMeters>
						<HeartRateBpm>
							<Value>84</Value>
						</HeartRateBpm>
					</Trackpoint>
					<Trackpoint>
						<Time>2569-05-19T14:31:33Z</Time>
						<Position>
							<LatitudeDegrees>9.142737</LatitudeDegrees>
							<LongitudeDegrees>99.324308</LongitudeDegrees>
						</Position>
						<AltitudeMeters>38.610000</AltitudeMeters>
						<HeartRateBpm>
							<Value>84</Value>
						</HeartRateBpm>
					</Trackpoint>
					<Trackpoint>
						<Time>2569-05-19T14:31:34Z</Time>
						<Position>
							<LatitudeDegrees>9.142735</LatitudeDegrees>
							<LongitudeDegrees>99.324308</LongitudeDegrees>
						</Position>
						<AltitudeMeters>38.610000</AltitudeMeters>
						<HeartRateBpm>
							<Value>84</Value>
						</HeartRateBpm>
					</Trackpoint>
					<Trackpoint>
						<Time>2569-05-19T14:31:35Z</Time>
						<Position>
							<LatitudeDegrees>9.142727</LatitudeDegrees>
							<LongitudeDegrees>99.324304</LongitudeDegrees>
						</Position>
						<AltitudeMeters>38.610000</AltitudeMeters>
						<HeartRateBpm>
							<Value>85</Value>
						</HeartRateBpm>
					</Trackpoint>
					<Trackpoint>
						<Time>2569-05-19T14:31:37Z</Time>
						<Position>
							<LatitudeDegrees>9.142721</LatitudeDegrees>
							<LongitudeDegrees>99.324299</LongitudeDegrees>
						</Position>
						<AltitudeMeters>38.600000</AltitudeMeters>
						<HeartRateBpm>
							<Value>84</Value>
						</HeartRateBpm>
					</Trackpoint>
					<Trackpoint>
						<Time>2569-05-19T14:31:38Z</Time>
						<Position>
							<LatitudeDegrees>9.142715</LatitudeDegrees>
							<LongitudeDegrees>99.324300</LongitudeDegrees>
						</Position>
						<AltitudeMeters>38.600000</AltitudeMeters>
						<HeartRateBpm>
							<Value>84</Value>
						</HeartRateBpm>
					</Trackpoint>
					<Trackpoint>
						<Time>2569-05-19T14:31:39Z</Time>
						<Position>
							<LatitudeDegrees>9.142712</LatitudeDegrees>
							<LongitudeDegrees>99.324302</LongitudeDegrees>
						</Position>
						<AltitudeMeters>38.600000</AltitudeMeters>
						<HeartRateBpm>
							<Value>84</Value>
						</HeartRateBpm>
					</Trackpoint>
					<Trackpoint>
						<Time>2569-05-19T14:31:40Z</Time>
						<Position>
							<LatitudeDegrees>9.142709</LatitudeDegrees>
							<LongitudeDegrees>99.324305</LongitudeDegrees>
						</Position>
						<AltitudeMeters>38.600000</AltitudeMeters>
						<HeartRateBpm>
							<Value>85</Value>
						</HeartRateBpm>
					</Trackpoint>
					<Trackpoint>
						<Time>2569-05-19T14:31:41Z</Time>
						<Position>
							<LatitudeDegrees>9.142707</LatitudeDegrees>
							<LongitudeDegrees>99.324308</LongitudeDegrees>
						</Position>
						<AltitudeMeters>38.600000</AltitudeMeters>
						<HeartRateBpm>
							<Value>87</Value>
						</HeartRateBpm>
					</Trackpoint>
					<Trackpoint>
						<Time>2569-05-19T14:31:41Z</Time>
						<Position>
							<LatitudeDegrees>9.142707</LatitudeDegrees>
							<LongitudeDegrees>99.324308</LongitudeDegrees>
						</Position>
						<AltitudeMeters>38.600000</AltitudeMeters>
						<HeartRateBpm>
							<Value>87</Value>
						</HeartRateBpm>
					</Trackpoint>
					<Trackpoint>
						<Time>2569-05-19T14:31:42Z</Time>
						<Position>
							<LatitudeDegrees>9.142706</LatitudeDegrees>
							<LongitudeDegrees>99.324309</LongitudeDegrees>
						</Position>
						<AltitudeMeters>38.600000</AltitudeMeters>
						<HeartRateBpm>
							<Value>90</Value>
						</HeartRateBpm>
					</Trackpoint>
					<Trackpoint>
						<Time>2569-05-19T14:31:44Z</Time>
						<Position>
							<LatitudeDegrees>9.142706</LatitudeDegrees>
							<LongitudeDegrees>99.324312</LongitudeDegrees>
						</Position>
						<AltitudeMeters>38.600000</AltitudeMeters>
						<HeartRateBpm>
							<Value>91</Value>
						</HeartRateBpm>
					</Trackpoint>
					<Trackpoint>
						<Time>2569-05-19T14:31:44Z</Time>
						<Position>
							<LatitudeDegrees>9.142706</LatitudeDegrees>
							<LongitudeDegrees>99.324312</LongitudeDegrees>
						</Position>
						<AltitudeMeters>38.600000</AltitudeMeters>
						<HeartRateBpm>
							<Value>91</Value>
						</HeartRateBpm>
					</Trackpoint>
					<Trackpoint>
						<Time>2569-05-19T14:31:45Z</Time>
						<Position>
							<LatitudeDegrees>9.142706</LatitudeDegrees>
							<LongitudeDegrees>99.324312</LongitudeDegrees>
						</Position>
						<AltitudeMeters>38.600000</AltitudeMeters>
						<HeartRateBpm>
							<Value>92</Value>
						</HeartRateBpm>
					</Trackpoint>
					<Trackpoint>
						<Time>2569-05-19T14:31:46Z</Time>
						<Position>
							<LatitudeDegrees>9.142707</LatitudeDegrees>
							<LongitudeDegrees>99.324313</LongitudeDegrees>
						</Position>
						<AltitudeMeters>38.600000</AltitudeMeters>
						<HeartRateBpm>
							<Value>93</Value>
						</HeartRateBpm>
					</Trackpoint>
					<Trackpoint>
						<Time>2569-05-19T14:31:47Z</Time>
						<Position>
							<LatitudeDegrees>9.142708</LatitudeDegrees>
							<LongitudeDegrees>99.324314</LongitudeDegrees>
						</Position>
						<AltitudeMeters>38.600000</AltitudeMeters>
						<HeartRateBpm>
							<Value>95</Value>
						</HeartRateBpm>
					</Trackpoint>
					<Trackpoint>
						<Time>2569-05-19T14:31:48Z</Time>
						<Position>
							<LatitudeDegrees>9.142709</LatitudeDegrees>
							<LongitudeDegrees>99.324314</LongitudeDegrees>
						</Position>
						<AltitudeMeters>38.600000</AltitudeMeters>
						<HeartRateBpm>
							<Value>95</Value>
						</HeartRateBpm>
					</Trackpoint>
					<Trackpoint>
						<Time>2569-05-19T14:31:49Z</Time>
						<Position>
							<LatitudeDegrees>9.142710</LatitudeDegrees>
							<LongitudeDegrees>99.324314</LongitudeDegrees>
						</Position>
						<AltitudeMeters>38.600000</AltitudeMeters>
						<HeartRateBpm>
							<Value>96</Value>
						</HeartRateBpm>
					</Trackpoint>
					<Trackpoint>
						<Time>2569-05-19T14:31:50Z</Time>
						<Position>
							<LatitudeDegrees>9.142710</LatitudeDegrees>
							<LongitudeDegrees>99.324313</LongitudeDegrees>
						</Position>
						<AltitudeMeters>38.600000</AltitudeMeters>
						<HeartRateBpm>
							<Value>95</Value>
						</HeartRateBpm>
					</Trackpoint>
					<Trackpoint>
						<Time>2569-05-19T14:31:51Z</Time>
						<Position>
							<LatitudeDegrees>9.142711</LatitudeDegrees>
							<LongitudeDegrees>99.324313</LongitudeDegrees>
						</Position>
						<AltitudeMeters>38.600000</AltitudeMeters>
						<HeartRateBpm>
							<Value>95</Value>
						</HeartRateBpm>
					</Trackpoint>
					<Trackpoint>
						<Time>2569-05-19T14:31:52Z</Time>
						<Position>
							<LatitudeDegrees>9.142712</LatitudeDegrees>
							<LongitudeDegrees>99.324313</LongitudeDegrees>
						</Position>
						<AltitudeMeters>38.600000</AltitudeMeters>
						<HeartRateBpm>
							<Value>94</Value>
						</HeartRateBpm>
					</Trackpoint>
					<Trackpoint>
						<Time>2569-05-19T14:31:53Z</Time>
						<Position>
							<LatitudeDegrees>9.142713</LatitudeDegrees>
							<LongitudeDegrees>99.324313</LongitudeDegrees>
						</Position>
						<AltitudeMeters>38.600000</AltitudeMeters>
						<HeartRateBpm>
							<Value>93</Value>
						</HeartRateBpm>
					</Trackpoint>
					<Trackpoint>
						<Time>2569-05-19T14:31:54Z</Time>
						<Position>
							<LatitudeDegrees>9.142713</LatitudeDegrees>
							<LongitudeDegrees>99.324312</LongitudeDegrees>
						</Position>
						<AltitudeMeters>38.600000</AltitudeMeters>
						<HeartRateBpm>
							<Value>92</Value>
						</HeartRateBpm>
					</Trackpoint>
					<Trackpoint>
						<Time>2569-05-19T14:31:56Z</Time>
						<Position>
							<LatitudeDegrees>9.142714</LatitudeDegrees>
							<LongitudeDegrees>99.324312</LongitudeDegrees>
						</Position>
						<AltitudeMeters>38.600000</AltitudeMeters>
						<HeartRateBpm>
							<Value>90</Value>
						</HeartRateBpm>
					</Trackpoint>
					<Trackpoint>
						<Time>2569-05-19T14:31:56Z</Time>
						<Position>
							<LatitudeDegrees>9.142714</LatitudeDegrees>
							<LongitudeDegrees>99.324312</LongitudeDegrees>
						</Position>
						<AltitudeMeters>38.600000</AltitudeMeters>
						<HeartRateBpm>
							<Value>90</Value>
						</HeartRateBpm>
					</Trackpoint>
					<Trackpoint>
						<Time>2569-05-19T14:31:57Z</Time>
						<Position>
							<LatitudeDegrees>9.142714</LatitudeDegrees>
							<LongitudeDegrees>99.324312</LongitudeDegrees>
						</Position>
						<AltitudeMeters>38.600000</AltitudeMeters>
						<HeartRateBpm>
							<Value>92</Value>
						</HeartRateBpm>
					</Trackpoint>
					<Trackpoint>
						<Time>2569-05-19T14:31:58Z</Time>
						<Position>
							<LatitudeDegrees>9.142715</LatitudeDegrees>
							<LongitudeDegrees>99.324312</LongitudeDegrees>
						</Position>
						<AltitudeMeters>38.600000</AltitudeMeters>
						<HeartRateBpm>
							<Value>91</Value>
						</HeartRateBpm>
					</Trackpoint>
					<Trackpoint>
						<Time>2569-05-19T14:32:00Z</Time>
						<Position>
							<LatitudeDegrees>9.142716</LatitudeDegrees>
							<LongitudeDegrees>99.324312</LongitudeDegrees>
						</Position>
						<AltitudeMeters>38.600000</AltitudeMeters>
						<HeartRateBpm>
							<Value>91</Value>
						</HeartRateBpm>
					</Trackpoint>
					<Trackpoint>
						<Time>2569-05-19T14:32:01Z</Time>
						<Position>
							<LatitudeDegrees>9.142718</LatitudeDegrees>
							<LongitudeDegrees>99.324312</LongitudeDegrees>
						</Position>
						<AltitudeMeters>38.600000</AltitudeMeters>
						<HeartRateBpm>
							<Value>92</Value>
						</HeartRateBpm>
					</Trackpoint>
					<Trackpoint>
						<Time>2569-05-19T14:32:01Z</Time>
						<Position>
							<LatitudeDegrees>9.142718</LatitudeDegrees>
							<LongitudeDegrees>99.324312</LongitudeDegrees>
						</Position>
						<AltitudeMeters>38.600000</AltitudeMeters>
						<HeartRateBpm>
							<Value>92</Value>
						</HeartRateBpm>
					</Trackpoint>
					<Trackpoint>
						<Time>2569-05-19T14:32:02Z</Time>
						<Position>
							<LatitudeDegrees>9.142718</LatitudeDegrees>
							<LongitudeDegrees>99.324313</LongitudeDegrees>
						</Position>
						<AltitudeMeters>38.600000</AltitudeMeters>
						<HeartRateBpm>
							<Value>94</Value>
						</HeartRateBpm>
					</Trackpoint>
					<Trackpoint>
						<Time>2569-05-19T14:32:03Z</Time>
						<Position>
							<LatitudeDegrees>9.142719</LatitudeDegrees>
							<LongitudeDegrees>99.324313</LongitudeDegrees>
						</Position>
						<AltitudeMeters>38.600000</AltitudeMeters>
						<HeartRateBpm>
							<Value>95</Value>
						</HeartRateBpm>
					</Trackpoint>
					<Trackpoint>
						<Time>2569-05-19T14:32:04Z</Time>
						<Position>
							<LatitudeDegrees>9.142720</LatitudeDegrees>
							<LongitudeDegrees>99.324313</LongitudeDegrees>
						</Position>
						<AltitudeMeters>38.600000</AltitudeMeters>
						<HeartRateBpm>
							<Value>96</Value>
						</HeartRateBpm>
					</Trackpoint>
					<Trackpoint>
						<Time>2569-05-19T14:32:05Z</Time>
						<Position>
							<LatitudeDegrees>9.142721</LatitudeDegrees>
							<LongitudeDegrees>99.324313</LongitudeDegrees>
						</Position>
						<AltitudeMeters>38.600000</AltitudeMeters>
						<HeartRateBpm>
							<Value>96</Value>
						</HeartRateBpm>
					</Trackpoint>
					<Trackpoint>
						<Time>2569-05-19T14:32:06Z</Time>
						<Position>
							<LatitudeDegrees>9.142721</LatitudeDegrees>
							<LongitudeDegrees>99.324313</LongitudeDegrees>
						</Position>
						<AltitudeMeters>38.600000</AltitudeMeters>
						<HeartRateBpm>
							<Value>96</Value>
						</HeartRateBpm>
					</Trackpoint>
					<Trackpoint>
						<Time>2569-05-19T14:32:07Z</Time>
						<Position>
							<LatitudeDegrees>9.142722</LatitudeDegrees>
							<LongitudeDegrees>99.324313</LongitudeDegrees>
						</Position>
						<AltitudeMeters>38.590000</AltitudeMeters>
						<HeartRateBpm>
							<Value>96</Value>
						</HeartRateBpm>
					</Trackpoint>
					<Trackpoint>
						<Time>2569-05-19T14:32:08Z</Time>
						<Position>
							<LatitudeDegrees>9.142722</LatitudeDegrees>
							<LongitudeDegrees>99.324311</LongitudeDegrees>
						</Position>
						<AltitudeMeters>38.590000</AltitudeMeters>
						<HeartRateBpm>
							<Value>96</Value>
						</HeartRateBpm>
					</Trackpoint>
					<Trackpoint>
						<Time>2569-05-19T14:32:09Z</Time>
						<Position>
							<LatitudeDegrees>9.142724</LatitudeDegrees>
							<LongitudeDegrees>99.324311</LongitudeDegrees>
						</Position>
						<AltitudeMeters>38.590000</AltitudeMeters>
						<HeartRateBpm>
							<Value>95</Value>
						</HeartRateBpm>
					</Trackpoint>
					<Trackpoint>
						<Time>2569-05-19T14:32:11Z</Time>
						<Position>
							<LatitudeDegrees>9.142726</LatitudeDegrees>
							<LongitudeDegrees>99.324308</LongitudeDegrees>
						</Position>
						<AltitudeMeters>38.590000</AltitudeMeters>
						<HeartRateBpm>
							<Value>94</Value>
						</HeartRateBpm>
					</Trackpoint>
					<Trackpoint>
						<Time>2569-05-19T14:32:11Z</Time>
						<Position>
							<LatitudeDegrees>9.142726</LatitudeDegrees>
							<LongitudeDegrees>99.324308</LongitudeDegrees>
						</Position>
						<AltitudeMeters>38.590000</AltitudeMeters>
						<HeartRateBpm>
							<Value>94</Value>
						</HeartRateBpm>
					</Trackpoint>
					<Trackpoint>
						<Time>2569-05-19T14:32:12Z</Time>
						<Position>
							<LatitudeDegrees>9.142726</LatitudeDegrees>
							<LongitudeDegrees>99.324308</LongitudeDegrees>
						</Position>
						<AltitudeMeters>38.590000</AltitudeMeters>
						<HeartRateBpm>
							<Value>95</Value>
						</HeartRateBpm>
					</Trackpoint>
					<Trackpoint>
						<Time>2569-05-19T14:32:13Z</Time>
						<Position>
							<LatitudeDegrees>9.142727</LatitudeDegrees>
							<LongitudeDegrees>99.324308</LongitudeDegrees>
						</Position>
						<AltitudeMeters>38.590000</AltitudeMeters>
						<HeartRateBpm>
							<Value>94</Value>
						</HeartRateBpm>
					</Trackpoint>
					<Trackpoint>
						<Time>2569-05-19T14:32:14Z</Time>
						<Position>
							<LatitudeDegrees>9.142728</LatitudeDegrees>
							<LongitudeDegrees>99.324309</LongitudeDegrees>
						</Position>
						<AltitudeMeters>38.590000</AltitudeMeters>
						<HeartRateBpm>
							<Value>93</Value>
						</HeartRateBpm>
					</Trackpoint>
					<Trackpoint>
						<Time>2569-05-19T14:32:15Z</Time>
						<Position>
							<LatitudeDegrees>9.142730</LatitudeDegrees>
							<LongitudeDegrees>99.324310</LongitudeDegrees>
						</Position>
						<AltitudeMeters>38.590000</AltitudeMeters>
						<HeartRateBpm>
							<Value>91</Value>
						</HeartRateBpm>
					</Trackpoint>
					<Trackpoint>
						<Time>2569-05-19T14:32:17Z</Time>
						<Position>
							<LatitudeDegrees>9.142733</LatitudeDegrees>
							<LongitudeDegrees>99.324313</LongitudeDegrees>
						</Position>
						<AltitudeMeters>38.590000</AltitudeMeters>
						<HeartRateBpm>
							<Value>86</Value>
						</HeartRateBpm>
					</Trackpoint>
					<Trackpoint>
						<Time>2569-05-19T14:32:17Z</Time>
						<Position>
							<LatitudeDegrees>9.142733</LatitudeDegrees>
							<LongitudeDegrees>99.324313</LongitudeDegrees>
						</Position>
						<AltitudeMeters>38.590000</AltitudeMeters>
						<HeartRateBpm>
							<Value>86</Value>
						</HeartRateBpm>
					</Trackpoint>
					<Trackpoint>
						<Time>2569-05-19T14:32:18Z</Time>
						<Position>
							<LatitudeDegrees>9.142735</LatitudeDegrees>
							<LongitudeDegrees>99.324314</LongitudeDegrees>
						</Position>
						<AltitudeMeters>38.590000</AltitudeMeters>
						<HeartRateBpm>
							<Value>85</Value>
						</HeartRateBpm>
					</Trackpoint>
					<Trackpoint>
						<Time>2569-05-19T14:32:19Z</Time>
						<Position>
							<LatitudeDegrees>9.142736</LatitudeDegrees>
							<LongitudeDegrees>99.324314</LongitudeDegrees>
						</Position>
						<AltitudeMeters>38.590000</AltitudeMeters>
						<HeartRateBpm>
							<Value>84</Value>
						</HeartRateBpm>
					</Trackpoint>
					<Trackpoint>
						<Time>2569-05-19T14:32:20Z</Time>
						<Position>
							<LatitudeDegrees>9.142737</LatitudeDegrees>
							<LongitudeDegrees>99.324314</LongitudeDegrees>
						</Position>
						<AltitudeMeters>38.590000</AltitudeMeters>
						<HeartRateBpm>
							<Value>84</Value>
						</HeartRateBpm>
					</Trackpoint>
					<Trackpoint>
						<Time>2569-05-19T14:32:21Z</Time>
						<Position>
							<LatitudeDegrees>9.142738</LatitudeDegrees>
							<LongitudeDegrees>99.324313</LongitudeDegrees>
						</Position>
						<AltitudeMeters>38.590000</AltitudeMeters>
						<HeartRateBpm>
							<Value>83</Value>
						</HeartRateBpm>
					</Trackpoint>
					<Trackpoint>
						<Time>2569-05-19T14:32:22Z</Time>
						<Position>
							<LatitudeDegrees>9.142738</LatitudeDegrees>
							<LongitudeDegrees>99.324313</LongitudeDegrees>
						</Position>
						<AltitudeMeters>38.590000</AltitudeMeters>
						<HeartRateBpm>
							<Value>84</Value>
						</HeartRateBpm>
					</Trackpoint>
					<Trackpoint>
						<Time>2569-05-19T14:32:23Z</Time>
						<Position>
							<LatitudeDegrees>9.142738</LatitudeDegrees>
							<LongitudeDegrees>99.324312</LongitudeDegrees>
						</Position>
						<AltitudeMeters>38.590000</AltitudeMeters>
						<HeartRateBpm>
							<Value>85</Value>
						</HeartRateBpm>
					</Trackpoint>
					<Trackpoint>
						<Time>2569-05-19T14:32:25Z</Time>
						<Position>
							<LatitudeDegrees>9.142738</LatitudeDegrees>
							<LongitudeDegrees>99.324311</LongitudeDegrees>
						</Position>
						<AltitudeMeters>38.590000</AltitudeMeters>
						<HeartRateBpm>
							<Value>83</Value>
						</HeartRateBpm>
					</Trackpoint>
					<Trackpoint>
						<Time>2569-05-19T14:32:26Z</Time>
						<Position>
							<LatitudeDegrees>9.142737</LatitudeDegrees>
							<LongitudeDegrees>99.324308</LongitudeDegrees>
						</Position>
						<AltitudeMeters>38.590000</AltitudeMeters>
						<HeartRateBpm>
							<Value>81</Value>
						</HeartRateBpm>
					</Trackpoint>
					<Trackpoint>
						<Time>2569-05-19T14:32:26Z</Time>
						<Position>
							<LatitudeDegrees>9.142737</LatitudeDegrees>
							<LongitudeDegrees>99.324308</LongitudeDegrees>
						</Position>
						<AltitudeMeters>38.590000</AltitudeMeters>
						<HeartRateBpm>
							<Value>81</Value>
						</HeartRateBpm>
					</Trackpoint>
					<Trackpoint>
						<Time>2569-05-19T14:32:28Z</Time>
						<Position>
							<LatitudeDegrees>9.142737</LatitudeDegrees>
							<LongitudeDegrees>99.324307</LongitudeDegrees>
						</Position>
						<AltitudeMeters>38.590000</AltitudeMeters>
						<HeartRateBpm>
							<Value>80</Value>
						</HeartRateBpm>
					</Trackpoint>
					<Trackpoint>
						<Time>2569-05-19T14:32:29Z</Time>
						<Position>
							<LatitudeDegrees>9.142738</LatitudeDegrees>
							<LongitudeDegrees>99.324305</LongitudeDegrees>
						</Position>
						<AltitudeMeters>38.590000</AltitudeMeters>
						<HeartRateBpm>
							<Value>79</Value>
						</HeartRateBpm>
					</Trackpoint>
					<Trackpoint>
						<Time>2569-05-19T14:32:29Z</Time>
						<Position>
							<LatitudeDegrees>9.142738</LatitudeDegrees>
							<LongitudeDegrees>99.324305</LongitudeDegrees>
						</Position>
						<AltitudeMeters>38.590000</AltitudeMeters>
						<HeartRateBpm>
							<Value>79</Value>
						</HeartRateBpm>
					</Trackpoint>
					<Trackpoint>
						<Time>2569-05-19T14:32:31Z</Time>
						<Position>
							<LatitudeDegrees>9.142738</LatitudeDegrees>
							<LongitudeDegrees>99.324303</LongitudeDegrees>
						</Position>
						<AltitudeMeters>38.590000</AltitudeMeters>
						<HeartRateBpm>
							<Value>78</Value>
						</HeartRateBpm>
					</Trackpoint>
					<Trackpoint>
						<Time>2569-05-19T14:32:32Z</Time>
						<Position>
							<LatitudeDegrees>9.142753</LatitudeDegrees>
							<LongitudeDegrees>99.324279</LongitudeDegrees>
						</Position>
						<AltitudeMeters>38.600000</AltitudeMeters>
						<HeartRateBpm>
							<Value>78</Value>
						</HeartRateBpm>
					</Trackpoint>
					<Trackpoint>
						<Time>2569-05-19T14:32:32Z</Time>
						<Position>
							<LatitudeDegrees>9.142753</LatitudeDegrees>
							<LongitudeDegrees>99.324279</LongitudeDegrees>
						</Position>
						<AltitudeMeters>38.600000</AltitudeMeters>
						<HeartRateBpm>
							<Value>78</Value>
						</HeartRateBpm>
					</Trackpoint>
					<Trackpoint>
						<Time>2569-05-19T14:32:33Z</Time>
						<Position>
							<LatitudeDegrees>9.142761</LatitudeDegrees>
							<LongitudeDegrees>99.324267</LongitudeDegrees>
						</Position>
						<AltitudeMeters>38.610000</AltitudeMeters>
						<HeartRateBpm>
							<Value>80</Value>
						</HeartRateBpm>
					</Trackpoint>
					<Trackpoint>
						<Time>2569-05-19T14:32:34Z</Time>
						<Position>
							<LatitudeDegrees>9.142768</LatitudeDegrees>
							<LongitudeDegrees>99.324257</LongitudeDegrees>
						</Position>
						<AltitudeMeters>38.640000</AltitudeMeters>
						<HeartRateBpm>
							<Value>81</Value>
						</HeartRateBpm>
					</Trackpoint>
					<Trackpoint>
						<Time>2569-05-19T14:32:35Z</Time>
						<Position>
							<LatitudeDegrees>9.142772</LatitudeDegrees>
							<LongitudeDegrees>99.324249</LongitudeDegrees>
						</Position>
						<AltitudeMeters>38.640000</AltitudeMeters>
						<HeartRateBpm>
							<Value>82</Value>
						</HeartRateBpm>
						<Cadence>56</Cadence>
						<Extensions>
							<ns3:TPX>
								<ns3:Speed>0.599160</ns3:Speed>
							</ns3:TPX>
						</Extensions>
					</Trackpoint>
					<Trackpoint>
						<Time>2569-05-19T14:32:36Z</Time>
						<Position>
							<LatitudeDegrees>9.142775</LatitudeDegrees>
							<LongitudeDegrees>99.324244</LongitudeDegrees>
						</Position>
						<AltitudeMeters>38.640000</AltitudeMeters>
						<HeartRateBpm>
							<Value>83</Value>
						</HeartRateBpm>
						<Cadence>57</Cadence>
						<Extensions>
							<ns3:TPX>
								<ns3:Speed>0.368870</ns3:Speed>
							</ns3:TPX>
						</Extensions>
					</Trackpoint>
					<Trackpoint>
						<Time>2569-05-19T14:32:37Z</Time>
						<Position>
							<LatitudeDegrees>9.142776</LatitudeDegrees>
							<LongitudeDegrees>99.324241</LongitudeDegrees>
						</Position>
						<AltitudeMeters>38.640000</AltitudeMeters>
						<HeartRateBpm>
							<Value>82</Value>
						</HeartRateBpm>
						<Cadence>62</Cadence>
						<Extensions>
							<ns3:TPX>
								<ns3:Speed>0.175690</ns3:Speed>
							</ns3:TPX>
						</Extensions>
					</Trackpoint>
					<Trackpoint>
						<Time>2569-05-19T14:32:39Z</Time>
						<Position>
							<LatitudeDegrees>9.142777</LatitudeDegrees>
							<LongitudeDegrees>99.324237</LongitudeDegrees>
						</Position>
						<AltitudeMeters>38.630000</AltitudeMeters>
						<HeartRateBpm>
							<Value>81</Value>
						</HeartRateBpm>
						<Cadence>62</Cadence>
					</Trackpoint>
					<Trackpoint>
						<Time>2569-05-19T14:32:39Z</Time>
						<Position>
							<LatitudeDegrees>9.142777</LatitudeDegrees>
							<LongitudeDegrees>99.324237</LongitudeDegrees>
						</Position>
						<AltitudeMeters>38.630000</AltitudeMeters>
						<HeartRateBpm>
							<Value>81</Value>
						</HeartRateBpm>
						<Cadence>62</Cadence>
					</Trackpoint>
					<Trackpoint>
						<Time>2569-05-19T14:32:41Z</Time>
						<Position>
							<LatitudeDegrees>9.142777</LatitudeDegrees>
							<LongitudeDegrees>99.324236</LongitudeDegrees>
						</Position>
						<AltitudeMeters>38.630000</AltitudeMeters>
						<HeartRateBpm>
							<Value>83</Value>
						</HeartRateBpm>
						<Extensions>
							<ns3:TPX>
								<ns3:Speed>0.135480</ns3:Speed>
							</ns3:TPX>
						</Extensions>
					</Trackpoint>
					<Trackpoint>
						<Time>2569-05-19T14:32:42Z</Time>
						<Position>
							<LatitudeDegrees>9.142777</LatitudeDegrees>
							<LongitudeDegrees>99.324235</LongitudeDegrees>
						</Position>
						<AltitudeMeters>38.630000</AltitudeMeters>
						<HeartRateBpm>
							<Value>82</Value>
						</HeartRateBpm>
						<Extensions>
							<ns3:TPX>
								<ns3:Speed>0.145770</ns3:Speed>
							</ns3:TPX>
						</Extensions>
					</Trackpoint>
					<Trackpoint>
						<Time>2569-05-19T14:32:42Z</Time>
						<Position>
							<LatitudeDegrees>9.142777</LatitudeDegrees>
							<LongitudeDegrees>99.324235</LongitudeDegrees>
						</Position>
						<AltitudeMeters>38.630000</AltitudeMeters>
						<HeartRateBpm>
							<Value>82</Value>
						</HeartRateBpm>
						<Extensions>
							<ns3:TPX>
								<ns3:Speed>0.145770</ns3:Speed>
							</ns3:TPX>
						</Extensions>
					</Trackpoint>
					<Trackpoint>
						<Time>2569-05-19T14:32:44Z</Time>
						<Position>
							<LatitudeDegrees>9.142777</LatitudeDegrees>
							<LongitudeDegrees>99.324235</LongitudeDegrees>
						</Position>
						<AltitudeMeters>38.630000</AltitudeMeters>
						<HeartRateBpm>
							<Value>83</Value>
						</HeartRateBpm>
						<Extensions>
							<ns3:TPX>
								<ns3:Speed>0.156270</ns3:Speed>
							</ns3:TPX>
						</Extensions>
					</Trackpoint>
					<Trackpoint>
						<Time>2569-05-19T14:32:45Z</Time>
						<Position>
							<LatitudeDegrees>9.142777</LatitudeDegrees>
							<LongitudeDegrees>99.324234</LongitudeDegrees>
						</Position>
						<AltitudeMeters>38.630000</AltitudeMeters>
						<HeartRateBpm>
							<Value>84</Value>
						</HeartRateBpm>
						<Extensions>
							<ns3:TPX>
								<ns3:Speed>0.118740</ns3:Speed>
							</ns3:TPX>
						</Extensions>
					</Trackpoint>
					<Trackpoint>
						<Time>2569-05-19T14:32:46Z</Time>
						<Position>
							<LatitudeDegrees>9.142778</LatitudeDegrees>
							<LongitudeDegrees>99.324233</LongitudeDegrees>
						</Position>
						<AltitudeMeters>38.630000</AltitudeMeters>
						<HeartRateBpm>
							<Value>85</Value>
						</HeartRateBpm>
					</Trackpoint>
					<Trackpoint>
						<Time>2569-05-19T14:32:46Z</Time>
						<Position>
							<LatitudeDegrees>9.142778</LatitudeDegrees>
							<LongitudeDegrees>99.324233</LongitudeDegrees>
						</Position>
						<AltitudeMeters>38.630000</AltitudeMeters>
						<HeartRateBpm>
							<Value>85</Value>
						</HeartRateBpm>
					</Trackpoint>
					<Trackpoint>
						<Time>2569-05-19T14:32:47Z</Time>
						<Position>
							<LatitudeDegrees>9.142778</LatitudeDegrees>
							<LongitudeDegrees>99.324232</LongitudeDegrees>
						</Position>
						<AltitudeMeters>38.630000</AltitudeMeters>
						<HeartRateBpm>
							<Value>85</Value>
						</HeartRateBpm>
					</Trackpoint>
					<Trackpoint>
						<Time>2569-05-19T14:32:49Z</Time>
						<Position>
							<LatitudeDegrees>9.142778</LatitudeDegrees>
							<LongitudeDegrees>99.324232</LongitudeDegrees>
						</Position>
						<AltitudeMeters>38.630000</AltitudeMeters>
						<HeartRateBpm>
							<Value>88</Value>
						</HeartRateBpm>
					</Trackpoint>
					<Trackpoint>
						<Time>2569-05-19T14:32:50Z</Time>
						<Position>
							<LatitudeDegrees>9.142776</LatitudeDegrees>
							<LongitudeDegrees>99.324234</LongitudeDegrees>
						</Position>
						<AltitudeMeters>38.630000</AltitudeMeters>
						<HeartRateBpm>
							<Value>89</Value>
						</HeartRateBpm>
					</Trackpoint>
					<Trackpoint>
						<Time>2569-05-19T14:32:50Z</Time>
						<Position>
							<LatitudeDegrees>9.142776</LatitudeDegrees>
							<LongitudeDegrees>99.324234</LongitudeDegrees>
						</Position>
						<AltitudeMeters>38.630000</AltitudeMeters>
						<HeartRateBpm>
							<Value>89</Value>
						</HeartRateBpm>
					</Trackpoint>
					<Trackpoint>
						<Time>2569-05-19T14:32:51Z</Time>
						<Position>
							<LatitudeDegrees>9.142775</LatitudeDegrees>
							<LongitudeDegrees>99.324234</LongitudeDegrees>
						</Position>
						<AltitudeMeters>38.630000</AltitudeMeters>
						<HeartRateBpm>
							<Value>88</Value>
						</HeartRateBpm>
					</Trackpoint>
					<Trackpoint>
						<Time>2569-05-19T14:32:52Z</Time>
						<Position>
							<LatitudeDegrees>9.142775</LatitudeDegrees>
							<LongitudeDegrees>99.324235</LongitudeDegrees>
						</Position>
						<AltitudeMeters>38.630000</AltitudeMeters>
						<HeartRateBpm>
							<Value>88</Value>
						</HeartRateBpm>
					</Trackpoint>
					<Trackpoint>
						<Time>2569-05-19T14:32:53Z</Time>
						<Position>
							<LatitudeDegrees>9.142774</LatitudeDegrees>
							<LongitudeDegrees>99.324236</LongitudeDegrees>
						</Position>
						<AltitudeMeters>38.630000</AltitudeMeters>
						<HeartRateBpm>
							<Value>89</Value>
						</HeartRateBpm>
					</Trackpoint>
					<Trackpoint>
						<Time>2569-05-19T14:32:54Z</Time>
						<Position>
							<LatitudeDegrees>9.142773</LatitudeDegrees>
							<LongitudeDegrees>99.324237</LongitudeDegrees>
						</Position>
						<AltitudeMeters>38.630000</AltitudeMeters>
						<HeartRateBpm>
							<Value>90</Value>
						</HeartRateBpm>
					</Trackpoint>
					<Trackpoint>
						<Time>2569-05-19T14:32:56Z</Time>
						<Position>
							<LatitudeDegrees>9.142772</LatitudeDegrees>
							<LongitudeDegrees>99.324239</LongitudeDegrees>
						</Position>
						<AltitudeMeters>38.630000</AltitudeMeters>
						<HeartRateBpm>
							<Value>91</Value>
						</HeartRateBpm>
					</Trackpoint>
					<Trackpoint>
						<Time>2569-05-19T14:32:56Z</Time>
						<Position>
							<LatitudeDegrees>9.142772</LatitudeDegrees>
							<LongitudeDegrees>99.324239</LongitudeDegrees>
						</Position>
						<AltitudeMeters>38.630000</AltitudeMeters>
						<HeartRateBpm>
							<Value>91</Value>
						</HeartRateBpm>
					</Trackpoint>
					<Trackpoint>
						<Time>2569-05-19T14:32:57Z</Time>
						<Position>
							<LatitudeDegrees>9.142772</LatitudeDegrees>
							<LongitudeDegrees>99.324239</LongitudeDegrees>
						</Position>
						<AltitudeMeters>38.630000</AltitudeMeters>
						<HeartRateBpm>
							<Value>91</Value>
						</HeartRateBpm>
					</Trackpoint>
					<Trackpoint>
						<Time>2569-05-19T14:32:58Z</Time>
						<Position>
							<LatitudeDegrees>9.142771</LatitudeDegrees>
							<LongitudeDegrees>99.324239</LongitudeDegrees>
						</Position>
						<AltitudeMeters>38.630000</AltitudeMeters>
						<HeartRateBpm>
							<Value>91</Value>
						</HeartRateBpm>
					</Trackpoint>
					<Trackpoint>
						<Time>2569-05-19T14:32:59Z</Time>
						<Position>
							<LatitudeDegrees>9.142770</LatitudeDegrees>
							<LongitudeDegrees>99.324240</LongitudeDegrees>
						</Position>
						<AltitudeMeters>38.630000</AltitudeMeters>
						<HeartRateBpm>
							<Value>91</Value>
						</HeartRateBpm>
					</Trackpoint>
					<Trackpoint>
						<Time>2569-05-19T14:33:00Z</Time>
						<Position>
							<LatitudeDegrees>9.142769</LatitudeDegrees>
							<LongitudeDegrees>99.324240</LongitudeDegrees>
						</Position>
						<AltitudeMeters>38.630000</AltitudeMeters>
						<HeartRateBpm>
							<Value>90</Value>
						</HeartRateBpm>
					</Trackpoint>
					<Trackpoint>
						<Time>2569-05-19T14:33:01Z</Time>
						<Position>
							<LatitudeDegrees>9.142767</LatitudeDegrees>
							<LongitudeDegrees>99.324241</LongitudeDegrees>
						</Position>
						<AltitudeMeters>38.630000</AltitudeMeters>
						<HeartRateBpm>
							<Value>90</Value>
						</HeartRateBpm>
					</Trackpoint>
					<Trackpoint>
						<Time>2569-05-19T14:33:02Z</Time>
						<Position>
							<LatitudeDegrees>9.142766</LatitudeDegrees>
							<LongitudeDegrees>99.324240</LongitudeDegrees>
						</Position>
						<AltitudeMeters>38.630000</AltitudeMeters>
						<HeartRateBpm>
							<Value>90</Value>
						</HeartRateBpm>
					</Trackpoint>
					<Trackpoint>
						<Time>2569-05-19T14:33:03Z</Time>
						<Position>
							<LatitudeDegrees>9.142765</LatitudeDegrees>
							<LongitudeDegrees>99.324240</LongitudeDegrees>
						</Position>
						<AltitudeMeters>38.630000</AltitudeMeters>
						<HeartRateBpm>
							<Value>90</Value>
						</HeartRateBpm>
					</Trackpoint>
					<Trackpoint>
						<Time>2569-05-19T14:33:04Z</Time>
						<Position>
							<LatitudeDegrees>9.142765</LatitudeDegrees>
							<LongitudeDegrees>99.324239</LongitudeDegrees>
						</Position>
						<AltitudeMeters>38.630000</AltitudeMeters>
						<HeartRateBpm>
							<Value>90</Value>
						</HeartRateBpm>
					</Trackpoint>
					<Trackpoint>
						<Time>2569-05-19T14:33:05Z</Time>
						<Position>
							<LatitudeDegrees>9.142764</LatitudeDegrees>
							<LongitudeDegrees>99.324240</LongitudeDegrees>
						</Position>
						<AltitudeMeters>38.630000</AltitudeMeters>
						<HeartRateBpm>
							<Value>91</Value>
						</HeartRateBpm>
					</Trackpoint>
					<Trackpoint>
						<Time>2569-05-19T14:33:06Z</Time>
						<Position>
							<LatitudeDegrees>9.142764</LatitudeDegrees>
							<LongitudeDegrees>99.324240</LongitudeDegrees>
						</Position>
						<AltitudeMeters>38.630000</AltitudeMeters>
						<HeartRateBpm>
							<Value>92</Value>
						</HeartRateBpm>
					</Trackpoint>
					<Trackpoint>
						<Time>2569-05-19T14:33:07Z</Time>
						<Position>
							<LatitudeDegrees>9.142765</LatitudeDegrees>
							<LongitudeDegrees>99.324240</LongitudeDegrees>
						</Position>
						<AltitudeMeters>38.630000</AltitudeMeters>
						<HeartRateBpm>
							<Value>92</Value>
						</HeartRateBpm>
					</Trackpoint>
					<Trackpoint>
						<Time>2569-05-19T14:33:08Z</Time>
						<Position>
							<LatitudeDegrees>9.142765</LatitudeDegrees>
							<LongitudeDegrees>99.324242</LongitudeDegrees>
						</Position>
						<AltitudeMeters>38.630000</AltitudeMeters>
						<HeartRateBpm>
							<Value>91</Value>
						</HeartRateBpm>
					</Trackpoint>
					<Trackpoint>
						<Time>2569-05-19T14:33:09Z</Time>
						<Position>
							<LatitudeDegrees>9.142766</LatitudeDegrees>
							<LongitudeDegrees>99.324242</LongitudeDegrees>
						</Position>
						<AltitudeMeters>38.630000</AltitudeMeters>
						<HeartRateBpm>
							<Value>90</Value>
						</HeartRateBpm>
					</Trackpoint>
					<Trackpoint>
						<Time>2569-05-19T14:33:11Z</Time>
						<Position>
							<LatitudeDegrees>9.142766</LatitudeDegrees>
							<LongitudeDegrees>99.324246</LongitudeDegrees>
						</Position>
						<AltitudeMeters>38.630000</AltitudeMeters>
						<HeartRateBpm>
							<Value>87</Value>
						</HeartRateBpm>
					</Trackpoint>
					<Trackpoint>
						<Time>2569-05-19T14:33:11Z</Time>
						<Position>
							<LatitudeDegrees>9.142766</LatitudeDegrees>
							<LongitudeDegrees>99.324246</LongitudeDegrees>
						</Position>
						<AltitudeMeters>38.630000</AltitudeMeters>
						<HeartRateBpm>
							<Value>87</Value>
						</HeartRateBpm>
					</Trackpoint>
					<Trackpoint>
						<Time>2569-05-19T14:33:12Z</Time>
						<Position>
							<LatitudeDegrees>9.142765</LatitudeDegrees>
							<LongitudeDegrees>99.324248</LongitudeDegrees>
						</Position>
						<AltitudeMeters>38.630000</AltitudeMeters>
						<HeartRateBpm>
							<Value>86</Value>
						</HeartRateBpm>
					</Trackpoint>
					<Trackpoint>
						<Time>2569-05-19T14:33:13Z</Time>
						<Position>
							<LatitudeDegrees>9.142764</LatitudeDegrees>
							<LongitudeDegrees>99.324251</LongitudeDegrees>
						</Position>
						<AltitudeMeters>38.630000</AltitudeMeters>
						<HeartRateBpm>
							<Value>85</Value>
						</HeartRateBpm>
					</Trackpoint>
					<Trackpoint>
						<Time>2569-05-19T14:33:14Z</Time>
						<Position>
							<LatitudeDegrees>9.142764</LatitudeDegrees>
							<LongitudeDegrees>99.324254</LongitudeDegrees>
						</Position>
						<AltitudeMeters>38.630000</AltitudeMeters>
						<HeartRateBpm>
							<Value>85</Value>
						</HeartRateBpm>
					</Trackpoint>
					<Trackpoint>
						<Time>2569-05-19T14:33:15Z</Time>
						<Position>
							<LatitudeDegrees>9.142763</LatitudeDegrees>
							<LongitudeDegrees>99.324258</LongitudeDegrees>
						</Position>
						<AltitudeMeters>38.630000</AltitudeMeters>
						<HeartRateBpm>
							<Value>85</Value>
						</HeartRateBpm>
					</Trackpoint>
					<Trackpoint>
						<Time>2569-05-19T14:33:16Z</Time>
						<Position>
							<LatitudeDegrees>9.142763</LatitudeDegrees>
							<LongitudeDegrees>99.324269</LongitudeDegrees>
						</Position>
						<AltitudeMeters>38.600000</AltitudeMeters>
						<HeartRateBpm>
							<Value>84</Value>
						</HeartRateBpm>
					</Trackpoint>
					<Trackpoint>
						<Time>2569-05-19T14:33:17Z</Time>
						<Position>
							<LatitudeDegrees>9.142762</LatitudeDegrees>
							<LongitudeDegrees>99.324279</LongitudeDegrees>
						</Position>
						<AltitudeMeters>38.600000</AltitudeMeters>
						<HeartRateBpm>
							<Value>84</Value>
						</HeartRateBpm>
					</Trackpoint>
					<Trackpoint>
						<Time>2569-05-19T14:33:18Z</Time>
						<Position>
							<LatitudeDegrees>9.142761</LatitudeDegrees>
							<LongitudeDegrees>99.324286</LongitudeDegrees>
						</Position>
						<AltitudeMeters>38.590000</AltitudeMeters>
						<HeartRateBpm>
							<Value>83</Value>
						</HeartRateBpm>
					</Trackpoint>
					<Trackpoint>
						<Time>2569-05-19T14:33:19Z</Time>
						<Position>
							<LatitudeDegrees>9.142761</LatitudeDegrees>
							<LongitudeDegrees>99.324291</LongitudeDegrees>
						</Position>
						<AltitudeMeters>38.590000</AltitudeMeters>
						<HeartRateBpm>
							<Value>83</Value>
						</HeartRateBpm>
						<Extensions>
							<ns3:TPX>
								<ns3:Speed>0.118330</ns3:Speed>
							</ns3:TPX>
						</Extensions>
					</Trackpoint>
					<Trackpoint>
						<Time>2569-05-19T14:33:20Z</Time>
						<Position>
							<LatitudeDegrees>9.142761</LatitudeDegrees>
							<LongitudeDegrees>99.324295</LongitudeDegrees>
						</Position>
						<AltitudeMeters>38.590000</AltitudeMeters>
						<HeartRateBpm>
							<Value>83</Value>
						</HeartRateBpm>
						<Extensions>
							<ns3:TPX>
								<ns3:Speed>0.141480</ns3:Speed>
							</ns3:TPX>
						</Extensions>
					</Trackpoint>
					<Trackpoint>
						<Time>2569-05-19T14:33:21Z</Time>
						<Position>
							<LatitudeDegrees>9.142761</LatitudeDegrees>
							<LongitudeDegrees>99.324299</LongitudeDegrees>
						</Position>
						<AltitudeMeters>38.590000</AltitudeMeters>
						<HeartRateBpm>
							<Value>83</Value>
						</HeartRateBpm>
						<Extensions>
							<ns3:TPX>
								<ns3:Speed>0.160360</ns3:Speed>
							</ns3:TPX>
						</Extensions>
					</Trackpoint>
					<Trackpoint>
						<Time>2569-05-19T14:33:23Z</Time>
						<Position>
							<LatitudeDegrees>9.142761</LatitudeDegrees>
							<LongitudeDegrees>99.324303</LongitudeDegrees>
						</Position>
						<AltitudeMeters>38.590000</AltitudeMeters>
						<HeartRateBpm>
							<Value>83</Value>
						</HeartRateBpm>
						<Extensions>
							<ns3:TPX>
								<ns3:Speed>0.169780</ns3:Speed>
							</ns3:TPX>
						</Extensions>
					</Trackpoint>
					<Trackpoint>
						<Time>2569-05-19T14:33:24Z</Time>
						<Position>
							<LatitudeDegrees>9.142761</LatitudeDegrees>
							<LongitudeDegrees>99.324307</LongitudeDegrees>
						</Position>
						<AltitudeMeters>38.590000</AltitudeMeters>
						<HeartRateBpm>
							<Value>84</Value>
						</HeartRateBpm>
						<Extensions>
							<ns3:TPX>
								<ns3:Speed>0.167200</ns3:Speed>
							</ns3:TPX>
						</Extensions>
					</Trackpoint>
					<Trackpoint>
						<Time>2569-05-19T14:33:25Z</Time>
						<Position>
							<LatitudeDegrees>9.142761</LatitudeDegrees>
							<LongitudeDegrees>99.324310</LongitudeDegrees>
						</Position>
						<AltitudeMeters>38.590000</AltitudeMeters>
						<HeartRateBpm>
							<Value>85</Value>
						</HeartRateBpm>
						<Extensions>
							<ns3:TPX>
								<ns3:Speed>0.164640</ns3:Speed>
							</ns3:TPX>
						</Extensions>
					</Trackpoint>
					<Trackpoint>
						<Time>2569-05-19T14:33:26Z</Time>
						<Position>
							<LatitudeDegrees>9.142761</LatitudeDegrees>
							<LongitudeDegrees>99.324316</LongitudeDegrees>
						</Position>
						<AltitudeMeters>38.590000</AltitudeMeters>
						<HeartRateBpm>
							<Value>86</Value>
						</HeartRateBpm>
						<Extensions>
							<ns3:TPX>
								<ns3:Speed>0.163770</ns3:Speed>
							</ns3:TPX>
						</Extensions>
					</Trackpoint>
					<Trackpoint>
						<Time>2569-05-19T14:33:26Z</Time>
						<Position>
							<LatitudeDegrees>9.142761</LatitudeDegrees>
							<LongitudeDegrees>99.324316</LongitudeDegrees>
						</Position>
						<AltitudeMeters>38.590000</AltitudeMeters>
						<HeartRateBpm>
							<Value>86</Value>
						</HeartRateBpm>
						<Extensions>
							<ns3:TPX>
								<ns3:Speed>0.163770</ns3:Speed>
							</ns3:TPX>
						</Extensions>
					</Trackpoint>
					<Trackpoint>
						<Time>2569-05-19T14:33:28Z</Time>
						<Position>
							<LatitudeDegrees>9.142760</LatitudeDegrees>
							<LongitudeDegrees>99.324318</LongitudeDegrees>
						</Position>
						<AltitudeMeters>38.590000</AltitudeMeters>
						<HeartRateBpm>
							<Value>86</Value>
						</HeartRateBpm>
						<Extensions>
							<ns3:TPX>
								<ns3:Speed>0.142350</ns3:Speed>
							</ns3:TPX>
						</Extensions>
					</Trackpoint>
					<Trackpoint>
						<Time>2569-05-19T14:33:29Z</Time>
						<Position>
							<LatitudeDegrees>9.142758</LatitudeDegrees>
							<LongitudeDegrees>99.324323</LongitudeDegrees>
						</Position>
						<AltitudeMeters>38.580000</AltitudeMeters>
						<HeartRateBpm>
							<Value>86</Value>
						</HeartRateBpm>
						<Extensions>
							<ns3:TPX>
								<ns3:Speed>0.124330</ns3:Speed>
							</ns3:TPX>
						</Extensions>
					</Trackpoint>
					<Trackpoint>
						<Time>2569-05-19T14:33:29Z</Time>
						<Position>
							<LatitudeDegrees>9.142758</LatitudeDegrees>
							<LongitudeDegrees>99.324323</LongitudeDegrees>
						</Position>
						<AltitudeMeters>38.580000</AltitudeMeters>
						<HeartRateBpm>
							<Value>86</Value>
						</HeartRateBpm>
						<Extensions>
							<ns3:TPX>
								<ns3:Speed>0.124330</ns3:Speed>
							</ns3:TPX>
						</Extensions>
					</Trackpoint>
					<Trackpoint>
						<Time>2569-05-19T14:33:30Z</Time>
						<Position>
							<LatitudeDegrees>9.142757</LatitudeDegrees>
							<LongitudeDegrees>99.324327</LongitudeDegrees>
						</Position>
						<AltitudeMeters>38.580000</AltitudeMeters>
						<HeartRateBpm>
							<Value>87</Value>
						</HeartRateBpm>
						<Extensions>
							<ns3:TPX>
								<ns3:Speed>0.114040</ns3:Speed>
							</ns3:TPX>
						</Extensions>
					</Trackpoint>
					<Trackpoint>
						<Time>2569-05-19T14:33:31Z</Time>
						<Position>
							<LatitudeDegrees>9.142756</LatitudeDegrees>
							<LongitudeDegrees>99.324330</LongitudeDegrees>
						</Position>
						<AltitudeMeters>38.580000</AltitudeMeters>
						<HeartRateBpm>
							<Value>87</Value>
						</HeartRateBpm>
						<Extensions>
							<ns3:TPX>
								<ns3:Speed>0.111470</ns3:Speed>
							</ns3:TPX>
						</Extensions>
					</Trackpoint>
					<Trackpoint>
						<Time>2569-05-19T14:33:32Z</Time>
						<Position>
							<LatitudeDegrees>9.142754</LatitudeDegrees>
							<LongitudeDegrees>99.324333</LongitudeDegrees>
						</Position>
						<AltitudeMeters>38.580000</AltitudeMeters>
						<HeartRateBpm>
							<Value>87</Value>
						</HeartRateBpm>
						<Extensions>
							<ns3:TPX>
								<ns3:Speed>0.111470</ns3:Speed>
							</ns3:TPX>
						</Extensions>
					</Trackpoint>
					<Trackpoint>
						<Time>2569-05-19T14:33:34Z</Time>
						<Position>
							<LatitudeDegrees>9.142751</LatitudeDegrees>
							<LongitudeDegrees>99.324338</LongitudeDegrees>
						</Position>
						<AltitudeMeters>38.580000</AltitudeMeters>
						<HeartRateBpm>
							<Value>86</Value>
						</HeartRateBpm>
						<Extensions>
							<ns3:TPX>
								<ns3:Speed>0.112320</ns3:Speed>
							</ns3:TPX>
						</Extensions>
					</Trackpoint>
					<Trackpoint>
						<Time>2569-05-19T14:33:34Z</Time>
						<Position>
							<LatitudeDegrees>9.142751</LatitudeDegrees>
							<LongitudeDegrees>99.324338</LongitudeDegrees>
						</Position>
						<AltitudeMeters>38.580000</AltitudeMeters>
						<HeartRateBpm>
							<Value>86</Value>
						</HeartRateBpm>
						<Extensions>
							<ns3:TPX>
								<ns3:Speed>0.112320</ns3:Speed>
							</ns3:TPX>
						</Extensions>
					</Trackpoint>
					<Trackpoint>
						<Time>2569-05-19T14:33:35Z</Time>
						<Position>
							<LatitudeDegrees>9.142750</LatitudeDegrees>
							<LongitudeDegrees>99.324341</LongitudeDegrees>
						</Position>
						<AltitudeMeters>38.580000</AltitudeMeters>
						<HeartRateBpm>
							<Value>87</Value>
						</HeartRateBpm>
						<Extensions>
							<ns3:TPX>
								<ns3:Speed>0.116620</ns3:Speed>
							</ns3:TPX>
						</Extensions>
					</Trackpoint>
					<Trackpoint>
						<Time>2569-05-19T14:33:36Z</Time>
						<Position>
							<LatitudeDegrees>9.142748</LatitudeDegrees>
							<LongitudeDegrees>99.324343</LongitudeDegrees>
						</Position>
						<AltitudeMeters>38.580000</AltitudeMeters>
						<HeartRateBpm>
							<Value>87</Value>
						</HeartRateBpm>
						<Extensions>
							<ns3:TPX>
								<ns3:Speed>0.120050</ns3:Speed>
							</ns3:TPX>
						</Extensions>
					</Trackpoint>
					<Trackpoint>
						<Time>2569-05-19T14:33:37Z</Time>
						<Position>
							<LatitudeDegrees>9.142746</LatitudeDegrees>
							<LongitudeDegrees>99.324346</LongitudeDegrees>
						</Position>
						<AltitudeMeters>38.580000</AltitudeMeters>
						<HeartRateBpm>
							<Value>87</Value>
						</HeartRateBpm>
						<Extensions>
							<ns3:TPX>
								<ns3:Speed>0.126040</ns3:Speed>
							</ns3:TPX>
						</Extensions>
					</Trackpoint>
					<Trackpoint>
						<Time>2569-05-19T14:33:38Z</Time>
						<Position>
							<LatitudeDegrees>9.142745</LatitudeDegrees>
							<LongitudeDegrees>99.324348</LongitudeDegrees>
						</Position>
						<AltitudeMeters>38.580000</AltitudeMeters>
						<HeartRateBpm>
							<Value>85</Value>
						</HeartRateBpm>
						<Extensions>
							<ns3:TPX>
								<ns3:Speed>0.138050</ns3:Speed>
							</ns3:TPX>
						</Extensions>
					</Trackpoint>
					<Trackpoint>
						<Time>2569-05-19T14:33:39Z</Time>
						<Position>
							<LatitudeDegrees>9.142744</LatitudeDegrees>
							<LongitudeDegrees>99.324350</LongitudeDegrees>
						</Position>
						<AltitudeMeters>38.580000</AltitudeMeters>
						<HeartRateBpm>
							<Value>84</Value>
						</HeartRateBpm>
						<Extensions>
							<ns3:TPX>
								<ns3:Speed>0.145770</ns3:Speed>
							</ns3:TPX>
						</Extensions>
					</Trackpoint>
					<Trackpoint>
						<Time>2569-05-19T14:33:41Z</Time>
						<Position>
							<LatitudeDegrees>9.142743</LatitudeDegrees>
							<LongitudeDegrees>99.324355</LongitudeDegrees>
						</Position>
						<AltitudeMeters>38.580000</AltitudeMeters>
						<HeartRateBpm>
							<Value>84</Value>
						</HeartRateBpm>
						<Extensions>
							<ns3:TPX>
								<ns3:Speed>0.143200</ns3:Speed>
							</ns3:TPX>
						</Extensions>
					</Trackpoint>
					<Trackpoint>
						<Time>2569-05-19T14:33:41Z</Time>
						<Position>
							<LatitudeDegrees>9.142743</LatitudeDegrees>
							<LongitudeDegrees>99.324355</LongitudeDegrees>
						</Position>
						<AltitudeMeters>38.580000</AltitudeMeters>
						<HeartRateBpm>
							<Value>84</Value>
						</HeartRateBpm>
						<Extensions>
							<ns3:TPX>
								<ns3:Speed>0.143200</ns3:Speed>
							</ns3:TPX>
						</Extensions>
					</Trackpoint>
					<Trackpoint>
						<Time>2569-05-19T14:33:43Z</Time>
						<Position>
							<LatitudeDegrees>9.142742</LatitudeDegrees>
							<LongitudeDegrees>99.324360</LongitudeDegrees>
						</Position>
						<AltitudeMeters>38.580000</AltitudeMeters>
						<HeartRateBpm>
							<Value>86</Value>
						</HeartRateBpm>
						<Extensions>
							<ns3:TPX>
								<ns3:Speed>0.137190</ns3:Speed>
							</ns3:TPX>
						</Extensions>
					</Trackpoint>
					<Trackpoint>
						<Time>2569-05-19T14:33:43Z</Time>
						<Position>
							<LatitudeDegrees>9.142742</LatitudeDegrees>
							<LongitudeDegrees>99.324360</LongitudeDegrees>
						</Position>
						<AltitudeMeters>38.580000</AltitudeMeters>
						<HeartRateBpm>
							<Value>86</Value>
						</HeartRateBpm>
						<Extensions>
							<ns3:TPX>
								<ns3:Speed>0.137190</ns3:Speed>
							</ns3:TPX>
						</Extensions>
					</Trackpoint>
					<Trackpoint>
						<Time>2569-05-19T14:33:44Z</Time>
						<Position>
							<LatitudeDegrees>9.142742</LatitudeDegrees>
							<LongitudeDegrees>99.324362</LongitudeDegrees>
						</Position>
						<AltitudeMeters>38.580000</AltitudeMeters>
						<HeartRateBpm>
							<Value>85</Value>
						</HeartRateBpm>
						<Extensions>
							<ns3:TPX>
								<ns3:Speed>0.135410</ns3:Speed>
							</ns3:TPX>
						</Extensions>
					</Trackpoint>
					<Trackpoint>
						<Time>2569-05-19T14:33:45Z</Time>
						<Position>
							<LatitudeDegrees>9.142743</LatitudeDegrees>
							<LongitudeDegrees>99.324363</LongitudeDegrees>
						</Position>
						<AltitudeMeters>38.580000</AltitudeMeters>
						<HeartRateBpm>
							<Value>85</Value>
						</HeartRateBpm>
						<Extensions>
							<ns3:TPX>
								<ns3:Speed>0.135210</ns3:Speed>
							</ns3:TPX>
						</Extensions>
					</Trackpoint>
					<Trackpoint>
						<Time>2569-05-19T14:33:46Z</Time>
						<Position>
							<LatitudeDegrees>9.142743</LatitudeDegrees>
							<LongitudeDegrees>99.324364</LongitudeDegrees>
						</Position>
						<AltitudeMeters>38.580000</AltitudeMeters>
						<HeartRateBpm>
							<Value>86</Value>
						</HeartRateBpm>
						<Extensions>
							<ns3:TPX>
								<ns3:Speed>0.134590</ns3:Speed>
							</ns3:TPX>
						</Extensions>
					</Trackpoint>
					<Trackpoint>
						<Time>2569-05-19T14:33:47Z</Time>
						<Position>
							<LatitudeDegrees>9.142743</LatitudeDegrees>
							<LongitudeDegrees>99.324365</LongitudeDegrees>
						</Position>
						<AltitudeMeters>38.580000</AltitudeMeters>
						<HeartRateBpm>
							<Value>86</Value>
						</HeartRateBpm>
						<Extensions>
							<ns3:TPX>
								<ns3:Speed>0.133050</ns3:Speed>
							</ns3:TPX>
						</Extensions>
					</Trackpoint>
					<Trackpoint>
						<Time>2569-05-19T14:33:49Z</Time>
						<Position>
							<LatitudeDegrees>9.142743</LatitudeDegrees>
							<LongitudeDegrees>99.324366</LongitudeDegrees>
						</Position>
						<AltitudeMeters>38.580000</AltitudeMeters>
						<HeartRateBpm>
							<Value>87</Value>
						</HeartRateBpm>
						<Extensions>
							<ns3:TPX>
								<ns3:Speed>0.127500</ns3:Speed>
							</ns3:TPX>
						</Extensions>
					</Trackpoint>
					<Trackpoint>
						<Time>2569-05-19T14:33:50Z</Time>
						<Position>
							<LatitudeDegrees>9.142743</LatitudeDegrees>
							<LongitudeDegrees>99.324367</LongitudeDegrees>
						</Position>
						<AltitudeMeters>38.580000</AltitudeMeters>
						<HeartRateBpm>
							<Value>87</Value>
						</HeartRateBpm>
						<Extensions>
							<ns3:TPX>
								<ns3:Speed>0.123990</ns3:Speed>
							</ns3:TPX>
						</Extensions>
					</Trackpoint>
					<Trackpoint>
						<Time>2569-05-19T14:33:51Z</Time>
						<Position>
							<LatitudeDegrees>9.142743</LatitudeDegrees>
							<LongitudeDegrees>99.324369</LongitudeDegrees>
						</Position>
						<AltitudeMeters>38.570000</AltitudeMeters>
						<HeartRateBpm>
							<Value>86</Value>
						</HeartRateBpm>
						<Extensions>
							<ns3:TPX>
								<ns3:Speed>0.120320</ns3:Speed>
							</ns3:TPX>
						</Extensions>
					</Trackpoint>
					<Trackpoint>
						<Time>2569-05-19T14:33:52Z</Time>
						<Position>
							<LatitudeDegrees>9.142743</LatitudeDegrees>
							<LongitudeDegrees>99.324370</LongitudeDegrees>
						</Position>
						<AltitudeMeters>38.570000</AltitudeMeters>
						<HeartRateBpm>
							<Value>86</Value>
						</HeartRateBpm>
					</Trackpoint>
					<Trackpoint>
						<Time>2569-05-19T14:33:53Z</Time>
						<Position>
							<LatitudeDegrees>9.142743</LatitudeDegrees>
							<LongitudeDegrees>99.324371</LongitudeDegrees>
						</Position>
						<AltitudeMeters>38.570000</AltitudeMeters>
						<HeartRateBpm>
							<Value>86</Value>
						</HeartRateBpm>
					</Trackpoint>
					<Trackpoint>
						<Time>2569-05-19T14:33:53Z</Time>
						<Position>
							<LatitudeDegrees>9.142743</LatitudeDegrees>
							<LongitudeDegrees>99.324371</LongitudeDegrees>
						</Position>
						<AltitudeMeters>38.570000</AltitudeMeters>
						<HeartRateBpm>
							<Value>86</Value>
						</HeartRateBpm>
					</Trackpoint>
					<Trackpoint>
						<Time>2569-05-19T14:33:54Z</Time>
						<Position>
							<LatitudeDegrees>9.142742</LatitudeDegrees>
							<LongitudeDegrees>99.324371</LongitudeDegrees>
						</Position>
						<AltitudeMeters>38.570000</AltitudeMeters>
						<HeartRateBpm>
							<Value>88</Value>
						</HeartRateBpm>
					</Trackpoint>
					<Trackpoint>
						<Time>2569-05-19T14:33:56Z</Time>
						<Position>
							<LatitudeDegrees>9.142740</LatitudeDegrees>
							<LongitudeDegrees>99.324374</LongitudeDegrees>
						</Position>
						<AltitudeMeters>38.570000</AltitudeMeters>
						<HeartRateBpm>
							<Value>91</Value>
						</HeartRateBpm>
					</Trackpoint>
					<Trackpoint>
						<Time>2569-05-19T14:33:56Z</Time>
						<Position>
							<LatitudeDegrees>9.142740</LatitudeDegrees>
							<LongitudeDegrees>99.324374</LongitudeDegrees>
						</Position>
						<AltitudeMeters>38.570000</AltitudeMeters>
						<HeartRateBpm>
							<Value>91</Value>
						</HeartRateBpm>
					</Trackpoint>
					<Trackpoint>
						<Time>2569-05-19T14:33:57Z</Time>
						<Position>
							<LatitudeDegrees>9.142739</LatitudeDegrees>
							<LongitudeDegrees>99.324376</LongitudeDegrees>
						</Position>
						<AltitudeMeters>38.570000</AltitudeMeters>
						<HeartRateBpm>
							<Value>93</Value>
						</HeartRateBpm>
					</Trackpoint>
					<Trackpoint>
						<Time>2569-05-19T14:33:58Z</Time>
						<Position>
							<LatitudeDegrees>9.142737</LatitudeDegrees>
							<LongitudeDegrees>99.324377</LongitudeDegrees>
						</Position>
						<AltitudeMeters>38.570000</AltitudeMeters>
						<HeartRateBpm>
							<Value>93</Value>
						</HeartRateBpm>
					</Trackpoint>
					<Trackpoint>
						<Time>2569-05-19T14:33:59Z</Time>
						<Position>
							<LatitudeDegrees>9.142735</LatitudeDegrees>
							<LongitudeDegrees>99.324379</LongitudeDegrees>
						</Position>
						<AltitudeMeters>38.570000</AltitudeMeters>
						<HeartRateBpm>
							<Value>93</Value>
						</HeartRateBpm>
					</Trackpoint>
					<Trackpoint>
						<Time>2569-05-19T14:34:00Z</Time>
						<Position>
							<LatitudeDegrees>9.142733</LatitudeDegrees>
							<LongitudeDegrees>99.324383</LongitudeDegrees>
						</Position>
						<AltitudeMeters>38.570000</AltitudeMeters>
						<HeartRateBpm>
							<Value>94</Value>
						</HeartRateBpm>
					</Trackpoint>
					<Trackpoint>
						<Time>2569-05-19T14:34:01Z</Time>
						<Position>
							<LatitudeDegrees>9.142732</LatitudeDegrees>
							<LongitudeDegrees>99.324386</LongitudeDegrees>
						</Position>
						<AltitudeMeters>38.570000</AltitudeMeters>
						<HeartRateBpm>
							<Value>94</Value>
						</HeartRateBpm>
					</Trackpoint>
					<Trackpoint>
						<Time>2569-05-19T14:34:02Z</Time>
						<Position>
							<LatitudeDegrees>9.142731</LatitudeDegrees>
							<LongitudeDegrees>99.324389</LongitudeDegrees>
						</Position>
						<AltitudeMeters>38.570000</AltitudeMeters>
						<HeartRateBpm>
							<Value>94</Value>
						</HeartRateBpm>
					</Trackpoint>
					<Trackpoint>
						<Time>2569-05-19T14:34:03Z</Time>
						<Position>
							<LatitudeDegrees>9.142730</LatitudeDegrees>
							<LongitudeDegrees>99.324393</LongitudeDegrees>
						</Position>
						<AltitudeMeters>38.570000</AltitudeMeters>
						<HeartRateBpm>
							<Value>94</Value>
						</HeartRateBpm>
					</Trackpoint>
					<Trackpoint>
						<Time>2569-05-19T14:34:04Z</Time>
						<Position>
							<LatitudeDegrees>9.142730</LatitudeDegrees>
							<LongitudeDegrees>99.324396</LongitudeDegrees>
						</Position>
						<AltitudeMeters>38.560000</AltitudeMeters>
						<HeartRateBpm>
							<Value>95</Value>
						</HeartRateBpm>
					</Trackpoint>
					<Trackpoint>
						<Time>2569-05-19T14:34:05Z</Time>
						<Position>
							<LatitudeDegrees>9.142729</LatitudeDegrees>
							<LongitudeDegrees>99.324399</LongitudeDegrees>
						</Position>
						<AltitudeMeters>38.560000</AltitudeMeters>
						<HeartRateBpm>
							<Value>95</Value>
						</HeartRateBpm>
						<Extensions>
							<ns3:TPX>
								<ns3:Speed>0.114040</ns3:Speed>
							</ns3:TPX>
						</Extensions>
					</Trackpoint>
					<Trackpoint>
						<Time>2569-05-19T14:34:06Z</Time>
						<Position>
							<LatitudeDegrees>9.142728</LatitudeDegrees>
							<LongitudeDegrees>99.324402</LongitudeDegrees>
						</Position>
						<AltitudeMeters>38.560000</AltitudeMeters>
						<HeartRateBpm>
							<Value>95</Value>
						</HeartRateBpm>
						<Extensions>
							<ns3:TPX>
								<ns3:Speed>0.121760</ns3:Speed>
							</ns3:TPX>
						</Extensions>
					</Trackpoint>
					<Trackpoint>
						<Time>2569-05-19T14:34:07Z</Time>
						<Position>
							<LatitudeDegrees>9.142728</LatitudeDegrees>
							<LongitudeDegrees>99.324405</LongitudeDegrees>
						</Position>
						<AltitudeMeters>38.560000</AltitudeMeters>
						<HeartRateBpm>
							<Value>96</Value>
						</HeartRateBpm>
						<Extensions>
							<ns3:TPX>
								<ns3:Speed>0.121760</ns3:Speed>
							</ns3:TPX>
						</Extensions>
					</Trackpoint>
					<Trackpoint>
						<Time>2569-05-19T14:34:08Z</Time>
						<Position>
							<LatitudeDegrees>9.142728</LatitudeDegrees>
							<LongitudeDegrees>99.324407</LongitudeDegrees>
						</Position>
						<AltitudeMeters>38.560000</AltitudeMeters>
						<HeartRateBpm>
							<Value>96</Value>
						</HeartRateBpm>
						<Extensions>
							<ns3:TPX>
								<ns3:Speed>0.121760</ns3:Speed>
							</ns3:TPX>
						</Extensions>
					</Trackpoint>
					<Trackpoint>
						<Time>2569-05-19T14:34:09Z</Time>
						<Position>
							<LatitudeDegrees>9.142727</LatitudeDegrees>
							<LongitudeDegrees>99.324409</LongitudeDegrees>
						</Position>
						<AltitudeMeters>38.560000</AltitudeMeters>
						<HeartRateBpm>
							<Value>97</Value>
						</HeartRateBpm>
						<Extensions>
							<ns3:TPX>
								<ns3:Speed>0.121760</ns3:Speed>
							</ns3:TPX>
						</Extensions>
					</Trackpoint>
					<Trackpoint>
						<Time>2569-05-19T14:34:10Z</Time>
						<Position>
							<LatitudeDegrees>9.142726</LatitudeDegrees>
							<LongitudeDegrees>99.324410</LongitudeDegrees>
						</Position>
						<AltitudeMeters>38.560000</AltitudeMeters>
						<HeartRateBpm>
							<Value>96</Value>
						</HeartRateBpm>
						<Extensions>
							<ns3:TPX>
								<ns3:Speed>0.122620</ns3:Speed>
							</ns3:TPX>
						</Extensions>
					</Trackpoint>
					<Trackpoint>
						<Time>2569-05-19T14:34:11Z</Time>
						<Position>
							<LatitudeDegrees>9.142726</LatitudeDegrees>
							<LongitudeDegrees>99.324410</LongitudeDegrees>
						</Position>
						<AltitudeMeters>38.560000</AltitudeMeters>
						<HeartRateBpm>
							<Value>95</Value>
						</HeartRateBpm>
						<Extensions>
							<ns3:TPX>
								<ns3:Speed>0.117470</ns3:Speed>
							</ns3:TPX>
						</Extensions>
					</Trackpoint>
					<Trackpoint>
						<Time>2569-05-19T14:34:12Z</Time>
						<Position>
							<LatitudeDegrees>9.142727</LatitudeDegrees>
							<LongitudeDegrees>99.324411</LongitudeDegrees>
						</Position>
						<AltitudeMeters>38.560000</AltitudeMeters>
						<HeartRateBpm>
							<Value>95</Value>
						</HeartRateBpm>
						<Cadence>65</Cadence>
						<Extensions>
							<ns3:TPX>
								<ns3:Speed>0.108040</ns3:Speed>
							</ns3:TPX>
						</Extensions>
					</Trackpoint>
					<Trackpoint>
						<Time>2569-05-19T14:34:13Z</Time>
						<Position>
							<LatitudeDegrees>9.142727</LatitudeDegrees>
							<LongitudeDegrees>99.324412</LongitudeDegrees>
						</Position>
						<AltitudeMeters>38.560000</AltitudeMeters>
						<HeartRateBpm>
							<Value>94</Value>
						</HeartRateBpm>
						<Cadence>66</Cadence>
					</Trackpoint>
					<Trackpoint>
						<Time>2569-05-19T14:34:14Z</Time>
						<Position>
							<LatitudeDegrees>9.142727</LatitudeDegrees>
							<LongitudeDegrees>99.324414</LongitudeDegrees>
						</Position>
						<AltitudeMeters>38.560000</AltitudeMeters>
						<HeartRateBpm>
							<Value>93</Value>
						</HeartRateBpm>
						<Cadence>66</Cadence>
					</Trackpoint>
					<Trackpoint>
						<Time>2569-05-19T14:34:15Z</Time>
						<Position>
							<LatitudeDegrees>9.142727</LatitudeDegrees>
							<LongitudeDegrees>99.324415</LongitudeDegrees>
						</Position>
						<AltitudeMeters>38.560000</AltitudeMeters>
						<HeartRateBpm>
							<Value>92</Value>
						</HeartRateBpm>
						<Cadence>67</Cadence>
					</Trackpoint>
					<Trackpoint>
						<Time>2569-05-19T14:34:16Z</Time>
						<Position>
							<LatitudeDegrees>9.142727</LatitudeDegrees>
							<LongitudeDegrees>99.324415</LongitudeDegrees>
						</Position>
						<AltitudeMeters>38.560000</AltitudeMeters>
						<HeartRateBpm>
							<Value>91</Value>
						</HeartRateBpm>
					</Trackpoint>
					<Trackpoint>
						<Time>2569-05-19T14:34:17Z</Time>
						<Position>
							<LatitudeDegrees>9.142727</LatitudeDegrees>
							<LongitudeDegrees>99.324416</LongitudeDegrees>
						</Position>
						<AltitudeMeters>38.560000</AltitudeMeters>
						<HeartRateBpm>
							<Value>90</Value>
						</HeartRateBpm>
					</Trackpoint>
					<Trackpoint>
						<Time>2569-05-19T14:34:18Z</Time>
						<Position>
							<LatitudeDegrees>9.142727</LatitudeDegrees>
							<LongitudeDegrees>99.324416</LongitudeDegrees>
						</Position>
						<AltitudeMeters>38.560000</AltitudeMeters>
						<HeartRateBpm>
							<Value>89</Value>
						</HeartRateBpm>
					</Trackpoint>
					<Trackpoint>
						<Time>2569-05-19T14:34:19Z</Time>
						<Position>
							<LatitudeDegrees>9.142727</LatitudeDegrees>
							<LongitudeDegrees>99.324415</LongitudeDegrees>
						</Position>
						<AltitudeMeters>38.560000</AltitudeMeters>
						<HeartRateBpm>
							<Value>89</Value>
						</HeartRateBpm>
					</Trackpoint>
					<Trackpoint>
						<Time>2569-05-19T14:34:20Z</Time>
						<Position>
							<LatitudeDegrees>9.142727</LatitudeDegrees>
							<LongitudeDegrees>99.324415</LongitudeDegrees>
						</Position>
						<AltitudeMeters>38.560000</AltitudeMeters>
						<HeartRateBpm>
							<Value>88</Value>
						</HeartRateBpm>
					</Trackpoint>
					<Trackpoint>
						<Time>2569-05-19T14:34:21Z</Time>
						<Position>
							<LatitudeDegrees>9.142727</LatitudeDegrees>
							<LongitudeDegrees>99.324414</LongitudeDegrees>
						</Position>
						<AltitudeMeters>38.560000</AltitudeMeters>
						<HeartRateBpm>
							<Value>88</Value>
						</HeartRateBpm>
					</Trackpoint>
					<Trackpoint>
						<Time>2569-05-19T14:34:22Z</Time>
						<Position>
							<LatitudeDegrees>9.142727</LatitudeDegrees>
							<LongitudeDegrees>99.324413</LongitudeDegrees>
						</Position>
						<AltitudeMeters>38.560000</AltitudeMeters>
						<HeartRateBpm>
							<Value>87</Value>
						</HeartRateBpm>
					</Trackpoint>
					<Trackpoint>
						<Time>2569-05-19T14:34:23Z</Time>
						<Position>
							<LatitudeDegrees>9.142728</LatitudeDegrees>
							<LongitudeDegrees>99.324413</LongitudeDegrees>
						</Position>
						<AltitudeMeters>38.560000</AltitudeMeters>
						<HeartRateBpm>
							<Value>87</Value>
						</HeartRateBpm>
					</Trackpoint>
					<Trackpoint>
						<Time>2569-05-19T14:34:24Z</Time>
						<Position>
							<LatitudeDegrees>9.142730</LatitudeDegrees>
							<LongitudeDegrees>99.324411</LongitudeDegrees>
						</Position>
						<AltitudeMeters>38.560000</AltitudeMeters>
						<HeartRateBpm>
							<Value>87</Value>
						</HeartRateBpm>
					</Trackpoint>
					<Trackpoint>
						<Time>2569-05-19T14:34:25Z</Time>
						<Position>
							<LatitudeDegrees>9.142731</LatitudeDegrees>
							<LongitudeDegrees>99.324411</LongitudeDegrees>
						</Position>
						<AltitudeMeters>38.560000</AltitudeMeters>
						<HeartRateBpm>
							<Value>87</Value>
						</HeartRateBpm>
					</Trackpoint>
					<Trackpoint>
						<Time>2569-05-19T14:34:26Z</Time>
						<Position>
							<LatitudeDegrees>9.142732</LatitudeDegrees>
							<LongitudeDegrees>99.324409</LongitudeDegrees>
						</Position>
						<AltitudeMeters>38.560000</AltitudeMeters>
						<HeartRateBpm>
							<Value>88</Value>
						</HeartRateBpm>
					</Trackpoint>
					<Trackpoint>
						<Time>2569-05-19T14:34:27Z</Time>
						<Position>
							<LatitudeDegrees>9.142734</LatitudeDegrees>
							<LongitudeDegrees>99.324408</LongitudeDegrees>
						</Position>
						<AltitudeMeters>38.560000</AltitudeMeters>
						<HeartRateBpm>
							<Value>88</Value>
						</HeartRateBpm>
					</Trackpoint>
					<Trackpoint>
						<Time>2569-05-19T14:34:29Z</Time>
						<Position>
							<LatitudeDegrees>9.142738</LatitudeDegrees>
							<LongitudeDegrees>99.324405</LongitudeDegrees>
						</Position>
						<AltitudeMeters>38.560000</AltitudeMeters>
						<HeartRateBpm>
							<Value>86</Value>
						</HeartRateBpm>
					</Trackpoint>
					<Trackpoint>
						<Time>2569-05-19T14:34:29Z</Time>
						<Position>
							<LatitudeDegrees>9.142738</LatitudeDegrees>
							<LongitudeDegrees>99.324405</LongitudeDegrees>
						</Position>
						<AltitudeMeters>38.560000</AltitudeMeters>
						<HeartRateBpm>
							<Value>86</Value>
						</HeartRateBpm>
					</Trackpoint>
					<Trackpoint>
						<Time>2569-05-19T14:34:30Z</Time>
						<Position>
							<LatitudeDegrees>9.142739</LatitudeDegrees>
							<LongitudeDegrees>99.324404</LongitudeDegrees>
						</Position>
						<AltitudeMeters>38.560000</AltitudeMeters>
						<HeartRateBpm>
							<Value>84</Value>
						</HeartRateBpm>
					</Trackpoint>
					<Trackpoint>
						<Time>2569-05-19T14:34:31Z</Time>
						<Position>
							<LatitudeDegrees>9.142742</LatitudeDegrees>
							<LongitudeDegrees>99.324403</LongitudeDegrees>
						</Position>
						<AltitudeMeters>38.560000</AltitudeMeters>
						<HeartRateBpm>
							<Value>84</Value>
						</HeartRateBpm>
					</Trackpoint>
					<Trackpoint>
						<Time>2569-05-19T14:34:33Z</Time>
						<Position>
							<LatitudeDegrees>9.142745</LatitudeDegrees>
							<LongitudeDegrees>99.324400</LongitudeDegrees>
						</Position>
						<AltitudeMeters>38.570000</AltitudeMeters>
						<HeartRateBpm>
							<Value>86</Value>
						</HeartRateBpm>
					</Trackpoint>
					<Trackpoint>
						<Time>2569-05-19T14:34:34Z</Time>
						<Position>
							<LatitudeDegrees>9.142750</LatitudeDegrees>
							<LongitudeDegrees>99.324392</LongitudeDegrees>
						</Position>
						<AltitudeMeters>38.570000</AltitudeMeters>
						<HeartRateBpm>
							<Value>87</Value>
						</HeartRateBpm>
					</Trackpoint>
					<Trackpoint>
						<Time>2569-05-19T14:34:34Z</Time>
						<Position>
							<LatitudeDegrees>9.142750</LatitudeDegrees>
							<LongitudeDegrees>99.324392</LongitudeDegrees>
						</Position>
						<AltitudeMeters>38.570000</AltitudeMeters>
						<HeartRateBpm>
							<Value>87</Value>
						</HeartRateBpm>
					</Trackpoint>
					<Trackpoint>
						<Time>2569-05-19T14:34:35Z</Time>
						<Position>
							<LatitudeDegrees>9.142753</LatitudeDegrees>
							<LongitudeDegrees>99.324389</LongitudeDegrees>
						</Position>
						<AltitudeMeters>38.570000</AltitudeMeters>
						<HeartRateBpm>
							<Value>88</Value>
						</HeartRateBpm>
					</Trackpoint>
					<Trackpoint>
						<Time>2569-05-19T14:34:36Z</Time>
						<Position>
							<LatitudeDegrees>9.142755</LatitudeDegrees>
							<LongitudeDegrees>99.324386</LongitudeDegrees>
						</Position>
						<AltitudeMeters>38.570000</AltitudeMeters>
						<HeartRateBpm>
							<Value>88</Value>
						</HeartRateBpm>
					</Trackpoint>
					<Trackpoint>
						<Time>2569-05-19T14:34:37Z</Time>
						<Position>
							<LatitudeDegrees>9.142758</LatitudeDegrees>
							<LongitudeDegrees>99.324384</LongitudeDegrees>
						</Position>
						<AltitudeMeters>38.570000</AltitudeMeters>
						<HeartRateBpm>
							<Value>89</Value>
						</HeartRateBpm>
						<Extensions>
							<ns3:TPX>
								<ns3:Speed>0.109760</ns3:Speed>
							</ns3:TPX>
						</Extensions>
					</Trackpoint>
					<Trackpoint>
						<Time>2569-05-19T14:34:38Z</Time>
						<Position>
							<LatitudeDegrees>9.142761</LatitudeDegrees>
							<LongitudeDegrees>99.324382</LongitudeDegrees>
						</Position>
						<AltitudeMeters>38.570000</AltitudeMeters>
						<HeartRateBpm>
							<Value>90</Value>
						</HeartRateBpm>
						<Extensions>
							<ns3:TPX>
								<ns3:Speed>0.116620</ns3:Speed>
							</ns3:TPX>
						</Extensions>
					</Trackpoint>
					<Trackpoint>
						<Time>2569-05-19T14:34:40Z</Time>
						<Position>
							<LatitudeDegrees>9.142764</LatitudeDegrees>
							<LongitudeDegrees>99.324380</LongitudeDegrees>
						</Position>
						<AltitudeMeters>38.570000</AltitudeMeters>
						<HeartRateBpm>
							<Value>91</Value>
						</HeartRateBpm>
						<Extensions>
							<ns3:TPX>
								<ns3:Speed>0.117430</ns3:Speed>
							</ns3:TPX>
						</Extensions>
					</Trackpoint>
					<Trackpoint>
						<Time>2569-05-19T14:34:41Z</Time>
						<Position>
							<LatitudeDegrees>9.142769</LatitudeDegrees>
							<LongitudeDegrees>99.324376</LongitudeDegrees>
						</Position>
						<AltitudeMeters>38.570000</AltitudeMeters>
						<HeartRateBpm>
							<Value>92</Value>
						</HeartRateBpm>
						<Extensions>
							<ns3:TPX>
								<ns3:Speed>0.119200</ns3:Speed>
							</ns3:TPX>
						</Extensions>
					</Trackpoint>
					<Trackpoint>
						<Time>2569-05-19T14:34:41Z</Time>
						<Position>
							<LatitudeDegrees>9.142769</LatitudeDegrees>
							<LongitudeDegrees>99.324376</LongitudeDegrees>
						</Position>
						<AltitudeMeters>38.570000</AltitudeMeters>
						<HeartRateBpm>
							<Value>92</Value>
						</HeartRateBpm>
						<Extensions>
							<ns3:TPX>
								<ns3:Speed>0.119200</ns3:Speed>
							</ns3:TPX>
						</Extensions>
					</Trackpoint>
					<Trackpoint>
						<Time>2569-05-19T14:34:43Z</Time>
						<Position>
							<LatitudeDegrees>9.142772</LatitudeDegrees>
							<LongitudeDegrees>99.324375</LongitudeDegrees>
						</Position>
						<AltitudeMeters>38.580000</AltitudeMeters>
						<HeartRateBpm>
							<Value>92</Value>
						</HeartRateBpm>
						<Extensions>
							<ns3:TPX>
								<ns3:Speed>0.123240</ns3:Speed>
							</ns3:TPX>
						</Extensions>
					</Trackpoint>
					<Trackpoint>
						<Time>2569-05-19T14:34:43Z</Time>
						<Position>
							<LatitudeDegrees>9.142772</LatitudeDegrees>
							<LongitudeDegrees>99.324375</LongitudeDegrees>
						</Position>
						<AltitudeMeters>38.580000</AltitudeMeters>
						<HeartRateBpm>
							<Value>92</Value>
						</HeartRateBpm>
						<Extensions>
							<ns3:TPX>
								<ns3:Speed>0.123240</ns3:Speed>
							</ns3:TPX>
						</Extensions>
					</Trackpoint>
					<Trackpoint>
						<Time>2569-05-19T14:34:44Z</Time>
						<Position>
							<LatitudeDegrees>9.142773</LatitudeDegrees>
							<LongitudeDegrees>99.324375</LongitudeDegrees>
						</Position>
						<AltitudeMeters>38.580000</AltitudeMeters>
						<HeartRateBpm>
							<Value>93</Value>
						</HeartRateBpm>
						<Extensions>
							<ns3:TPX>
								<ns3:Speed>0.124940</ns3:Speed>
							</ns3:TPX>
						</Extensions>
					</Trackpoint>
					<Trackpoint>
						<Time>2569-05-19T14:34:45Z</Time>
						<Position>
							<LatitudeDegrees>9.142773</LatitudeDegrees>
							<LongitudeDegrees>99.324378</LongitudeDegrees>
						</Position>
						<AltitudeMeters>38.580000</AltitudeMeters>
						<HeartRateBpm>
							<Value>92</Value>
						</HeartRateBpm>
						<Extensions>
							<ns3:TPX>
								<ns3:Speed>0.125750</ns3:Speed>
							</ns3:TPX>
						</Extensions>
					</Trackpoint>
					<Trackpoint>
						<Time>2569-05-19T14:34:46Z</Time>
						<Position>
							<LatitudeDegrees>9.142773</LatitudeDegrees>
							<LongitudeDegrees>99.324380</LongitudeDegrees>
						</Position>
						<AltitudeMeters>38.580000</AltitudeMeters>
						<HeartRateBpm>
							<Value>92</Value>
						</HeartRateBpm>
						<Extensions>
							<ns3:TPX>
								<ns3:Speed>0.125530</ns3:Speed>
							</ns3:TPX>
						</Extensions>
					</Trackpoint>
					<Trackpoint>
						<Time>2569-05-19T14:34:47Z</Time>
						<Position>
							<LatitudeDegrees>9.142773</LatitudeDegrees>
							<LongitudeDegrees>99.324383</LongitudeDegrees>
						</Position>
						<AltitudeMeters>38.580000</AltitudeMeters>
						<HeartRateBpm>
							<Value>91</Value>
						</HeartRateBpm>
						<Extensions>
							<ns3:TPX>
								<ns3:Speed>0.124730</ns3:Speed>
							</ns3:TPX>
						</Extensions>
					</Trackpoint>
					<Trackpoint>
						<Time>2569-05-19T14:34:48Z</Time>
						<Position>
							<LatitudeDegrees>9.142772</LatitudeDegrees>
							<LongitudeDegrees>99.324385</LongitudeDegrees>
						</Position>
						<AltitudeMeters>38.580000</AltitudeMeters>
						<HeartRateBpm>
							<Value>91</Value>
						</HeartRateBpm>
						<Extensions>
							<ns3:TPX>
								<ns3:Speed>0.123750</ns3:Speed>
							</ns3:TPX>
						</Extensions>
					</Trackpoint>
					<Trackpoint>
						<Time>2569-05-19T14:34:49Z</Time>
						<Position>
							<LatitudeDegrees>9.142772</LatitudeDegrees>
							<LongitudeDegrees>99.324386</LongitudeDegrees>
						</Position>
						<AltitudeMeters>38.580000</AltitudeMeters>
						<HeartRateBpm>
							<Value>91</Value>
						</HeartRateBpm>
						<Extensions>
							<ns3:TPX>
								<ns3:Speed>0.122520</ns3:Speed>
							</ns3:TPX>
						</Extensions>
					</Trackpoint>
					<Trackpoint>
						<Time>2569-05-19T14:34:50Z</Time>
						<Position>
							<LatitudeDegrees>9.142771</LatitudeDegrees>
							<LongitudeDegrees>99.324387</LongitudeDegrees>
						</Position>
						<AltitudeMeters>38.580000</AltitudeMeters>
						<HeartRateBpm>
							<Value>92</Value>
						</HeartRateBpm>
						<Extensions>
							<ns3:TPX>
								<ns3:Speed>0.121300</ns3:Speed>
							</ns3:TPX>
						</Extensions>
					</Trackpoint>
					<Trackpoint>
						<Time>2569-05-19T14:34:53Z</Time>
						<Position>
							<LatitudeDegrees>9.142766</LatitudeDegrees>
							<LongitudeDegrees>99.324395</LongitudeDegrees>
						</Position>
						<AltitudeMeters>38.580000</AltitudeMeters>
						<HeartRateBpm>
							<Value>87</Value>
						</HeartRateBpm>
					</Trackpoint>
					<Trackpoint>
						<Time>2569-05-19T14:34:55Z</Time>
						<Position>
							<LatitudeDegrees>9.142765</LatitudeDegrees>
							<LongitudeDegrees>99.324396</LongitudeDegrees>
						</Position>
						<AltitudeMeters>38.580000</AltitudeMeters>
						<HeartRateBpm>
							<Value>84</Value>
						</HeartRateBpm>
					</Trackpoint>
					<Trackpoint>
						<Time>2569-05-19T14:34:56Z</Time>
						<Position>
							<LatitudeDegrees>9.142764</LatitudeDegrees>
							<LongitudeDegrees>99.324398</LongitudeDegrees>
						</Position>
						<AltitudeMeters>38.570000</AltitudeMeters>
						<HeartRateBpm>
							<Value>84</Value>
						</HeartRateBpm>
					</Trackpoint>
					<Trackpoint>
						<Time>2569-05-19T14:35:02Z</Time>
						<Position>
							<LatitudeDegrees>9.142752</LatitudeDegrees>
							<LongitudeDegrees>99.324412</LongitudeDegrees>
						</Position>
						<AltitudeMeters>38.570000</AltitudeMeters>
						<HeartRateBpm>
							<Value>82</Value>
						</HeartRateBpm>
					</Trackpoint>
					<Trackpoint>
						<Time>2569-05-19T14:35:02Z</Time>
						<Position>
							<LatitudeDegrees>9.142752</LatitudeDegrees>
							<LongitudeDegrees>99.324412</LongitudeDegrees>
						</Position>
						<AltitudeMeters>38.570000</AltitudeMeters>
						<HeartRateBpm>
							<Value>82</Value>
						</HeartRateBpm>
					</Trackpoint>
					<Trackpoint>
						<Time>2569-05-19T14:35:03Z</Time>
						<Position>
							<LatitudeDegrees>9.142751</LatitudeDegrees>
							<LongitudeDegrees>99.324413</LongitudeDegrees>
						</Position>
						<AltitudeMeters>38.570000</AltitudeMeters>
						<HeartRateBpm>
							<Value>82</Value>
						</HeartRateBpm>
					</Trackpoint>
					<Trackpoint>
						<Time>2569-05-19T14:35:04Z</Time>
						<Position>
							<LatitudeDegrees>9.142751</LatitudeDegrees>
							<LongitudeDegrees>99.324416</LongitudeDegrees>
						</Position>
						<AltitudeMeters>38.570000</AltitudeMeters>
						<HeartRateBpm>
							<Value>81</Value>
						</HeartRateBpm>
					</Trackpoint>
					<Trackpoint>
						<Time>2569-05-19T14:35:05Z</Time>
						<Position>
							<LatitudeDegrees>9.142751</LatitudeDegrees>
							<LongitudeDegrees>99.324419</LongitudeDegrees>
						</Position>
						<AltitudeMeters>38.570000</AltitudeMeters>
						<HeartRateBpm>
							<Value>80</Value>
						</HeartRateBpm>
					</Trackpoint>
					<Trackpoint>
						<Time>2569-05-19T14:35:06Z</Time>
						<Position>
							<LatitudeDegrees>9.142751</LatitudeDegrees>
							<LongitudeDegrees>99.324421</LongitudeDegrees>
						</Position>
						<AltitudeMeters>38.570000</AltitudeMeters>
						<HeartRateBpm>
							<Value>80</Value>
						</HeartRateBpm>
					</Trackpoint>
					<Trackpoint>
						<Time>2569-05-19T14:35:37Z</Time>
						<Position>
							<LatitudeDegrees>9.142824</LatitudeDegrees>
							<LongitudeDegrees>99.324265</LongitudeDegrees>
						</Position>
						<AltitudeMeters>38.620000</AltitudeMeters>
						<HeartRateBpm>
							<Value>86</Value>
						</HeartRateBpm>
					</Trackpoint>
					<Trackpoint>
						<Time>2569-05-19T14:35:38Z</Time>
						<Position>
							<LatitudeDegrees>9.142824</LatitudeDegrees>
							<LongitudeDegrees>99.324265</LongitudeDegrees>
						</Position>
						<AltitudeMeters>38.620000</AltitudeMeters>
						<HeartRateBpm>
							<Value>86</Value>
						</HeartRateBpm>
					</Trackpoint>
					<Trackpoint>
						<Time>2569-05-19T14:35:39Z</Time>
						<Position>
							<LatitudeDegrees>9.142823</LatitudeDegrees>
							<LongitudeDegrees>99.324264</LongitudeDegrees>
						</Position>
						<AltitudeMeters>38.620000</AltitudeMeters>
						<HeartRateBpm>
							<Value>85</Value>
						</HeartRateBpm>
					</Trackpoint>
					<Trackpoint>
						<Time>2569-05-19T14:35:40Z</Time>
						<Position>
							<LatitudeDegrees>9.142822</LatitudeDegrees>
							<LongitudeDegrees>99.324263</LongitudeDegrees>
						</Position>
						<AltitudeMeters>38.620000</AltitudeMeters>
						<HeartRateBpm>
							<Value>84</Value>
						</HeartRateBpm>
					</Trackpoint>
					<Trackpoint>
						<Time>2569-05-19T14:35:41Z</Time>
						<Position>
							<LatitudeDegrees>9.142821</LatitudeDegrees>
							<LongitudeDegrees>99.324262</LongitudeDegrees>
						</Position>
						<AltitudeMeters>38.620000</AltitudeMeters>
						<HeartRateBpm>
							<Value>83</Value>
						</HeartRateBpm>
					</Trackpoint>
					<Trackpoint>
						<Time>2569-05-19T14:35:42Z</Time>
						<Position>
							<LatitudeDegrees>9.142820</LatitudeDegrees>
							<LongitudeDegrees>99.324261</LongitudeDegrees>
						</Position>
						<AltitudeMeters>38.620000</AltitudeMeters>
						<HeartRateBpm>
							<Value>81</Value>
						</HeartRateBpm>
					</Trackpoint>
					<Trackpoint>
						<Time>2569-05-19T14:35:43Z</Time>
						<Position>
							<LatitudeDegrees>9.142820</LatitudeDegrees>
							<LongitudeDegrees>99.324260</LongitudeDegrees>
						</Position>
						<AltitudeMeters>38.620000</AltitudeMeters>
						<HeartRateBpm>
							<Value>80</Value>
						</HeartRateBpm>
						<Extensions>
							<ns3:TPX>
								<ns3:Speed>0.531070</ns3:Speed>
							</ns3:TPX>
						</Extensions>
					</Trackpoint>
					<Trackpoint>
						<Time>2569-05-19T14:35:44Z</Time>
						<Position>
							<LatitudeDegrees>9.142819</LatitudeDegrees>
							<LongitudeDegrees>99.324260</LongitudeDegrees>
						</Position>
						<AltitudeMeters>38.620000</AltitudeMeters>
						<HeartRateBpm>
							<Value>81</Value>
						</HeartRateBpm>
					</Trackpoint>
					<Trackpoint>
						<Time>2569-05-19T14:35:45Z</Time>
						<Position>
							<LatitudeDegrees>9.142819</LatitudeDegrees>
							<LongitudeDegrees>99.324261</LongitudeDegrees>
						</Position>
						<AltitudeMeters>38.620000</AltitudeMeters>
						<HeartRateBpm>
							<Value>82</Value>
						</HeartRateBpm>
					</Trackpoint>
					<Trackpoint>
						<Time>2569-05-19T14:35:46Z</Time>
						<Position>
							<LatitudeDegrees>9.142819</LatitudeDegrees>
							<LongitudeDegrees>99.324262</LongitudeDegrees>
						</Position>
						<AltitudeMeters>38.620000</AltitudeMeters>
						<HeartRateBpm>
							<Value>83</Value>
						</HeartRateBpm>
					</Trackpoint>
					<Trackpoint>
						<Time>2569-05-19T14:35:47Z</Time>
						<Position>
							<LatitudeDegrees>9.142818</LatitudeDegrees>
							<LongitudeDegrees>99.324262</LongitudeDegrees>
						</Position>
						<AltitudeMeters>38.620000</AltitudeMeters>
						<HeartRateBpm>
							<Value>83</Value>
						</HeartRateBpm>
					</Trackpoint>
					<Trackpoint>
						<Time>2569-05-19T14:35:48Z</Time>
						<Position>
							<LatitudeDegrees>9.142819</LatitudeDegrees>
							<LongitudeDegrees>99.324262</LongitudeDegrees>
						</Position>
						<AltitudeMeters>38.620000</AltitudeMeters>
						<HeartRateBpm>
							<Value>85</Value>
						</HeartRateBpm>
					</Trackpoint>
					<Trackpoint>
						<Time>2569-05-19T14:35:49Z</Time>
						<Position>
							<LatitudeDegrees>9.142819</LatitudeDegrees>
							<LongitudeDegrees>99.324262</LongitudeDegrees>
						</Position>
						<AltitudeMeters>38.620000</AltitudeMeters>
						<HeartRateBpm>
							<Value>85</Value>
						</HeartRateBpm>
					</Trackpoint>
					<Trackpoint>
						<Time>2569-05-19T14:35:50Z</Time>
						<Position>
							<LatitudeDegrees>9.142819</LatitudeDegrees>
							<LongitudeDegrees>99.324261</LongitudeDegrees>
						</Position>
						<AltitudeMeters>38.620000</AltitudeMeters>
						<HeartRateBpm>
							<Value>85</Value>
						</HeartRateBpm>
					</Trackpoint>
					<Trackpoint>
						<Time>2569-05-19T14:35:52Z</Time>
						<Position>
							<LatitudeDegrees>9.142819</LatitudeDegrees>
							<LongitudeDegrees>99.324261</LongitudeDegrees>
						</Position>
						<AltitudeMeters>38.620000</AltitudeMeters>
						<HeartRateBpm>
							<Value>85</Value>
						</HeartRateBpm>
					</Trackpoint>
					<Trackpoint>
						<Time>2569-05-19T14:35:52Z</Time>
						<Position>
							<LatitudeDegrees>9.142819</LatitudeDegrees>
							<LongitudeDegrees>99.324261</LongitudeDegrees>
						</Position>
						<AltitudeMeters>38.620000</AltitudeMeters>
						<HeartRateBpm>
							<Value>85</Value>
						</HeartRateBpm>
					</Trackpoint>
					<Trackpoint>
						<Time>2569-05-19T14:35:53Z</Time>
						<Position>
							<LatitudeDegrees>9.142819</LatitudeDegrees>
							<LongitudeDegrees>99.324260</LongitudeDegrees>
						</Position>
						<AltitudeMeters>38.620000</AltitudeMeters>
						<HeartRateBpm>
							<Value>85</Value>
						</HeartRateBpm>
					</Trackpoint>
					<Trackpoint>
						<Time>2569-05-19T14:35:54Z</Time>
						<Position>
							<LatitudeDegrees>9.142819</LatitudeDegrees>
							<LongitudeDegrees>99.324261</LongitudeDegrees>
						</Position>
						<AltitudeMeters>38.620000</AltitudeMeters>
						<HeartRateBpm>
							<Value>83</Value>
						</HeartRateBpm>
					</Trackpoint>
					<Trackpoint>
						<Time>2569-05-19T14:35:55Z</Time>
						<Position>
							<LatitudeDegrees>9.142819</LatitudeDegrees>
							<LongitudeDegrees>99.324261</LongitudeDegrees>
						</Position>
						<AltitudeMeters>38.620000</AltitudeMeters>
						<HeartRateBpm>
							<Value>84</Value>
						</HeartRateBpm>
					</Trackpoint>
					<Trackpoint>
						<Time>2569-05-19T14:35:56Z</Time>
						<Position>
							<LatitudeDegrees>9.142819</LatitudeDegrees>
							<LongitudeDegrees>99.324264</LongitudeDegrees>
						</Position>
						<AltitudeMeters>38.620000</AltitudeMeters>
						<HeartRateBpm>
							<Value>84</Value>
						</HeartRateBpm>
					</Trackpoint>
					<Trackpoint>
						<Time>2569-05-19T14:35:57Z</Time>
						<Position>
							<LatitudeDegrees>9.142819</LatitudeDegrees>
							<LongitudeDegrees>99.324268</LongitudeDegrees>
						</Position>
						<AltitudeMeters>38.620000</AltitudeMeters>
						<HeartRateBpm>
							<Value>85</Value>
						</HeartRateBpm>
					</Trackpoint>
					<Trackpoint>
						<Time>2569-05-19T14:35:58Z</Time>
						<Position>
							<LatitudeDegrees>9.142820</LatitudeDegrees>
							<LongitudeDegrees>99.324273</LongitudeDegrees>
						</Position>
						<AltitudeMeters>38.620000</AltitudeMeters>
						<HeartRateBpm>
							<Value>85</Value>
						</HeartRateBpm>
					</Trackpoint>
					<Trackpoint>
						<Time>2569-05-19T14:35:59Z</Time>
						<Position>
							<LatitudeDegrees>9.142820</LatitudeDegrees>
							<LongitudeDegrees>99.324277</LongitudeDegrees>
						</Position>
						<AltitudeMeters>38.620000</AltitudeMeters>
						<HeartRateBpm>
							<Value>86</Value>
						</HeartRateBpm>
					</Trackpoint>
					<Trackpoint>
						<Time>2569-05-19T14:36:00Z</Time>
						<Position>
							<LatitudeDegrees>9.142820</LatitudeDegrees>
							<LongitudeDegrees>99.324280</LongitudeDegrees>
						</Position>
						<AltitudeMeters>38.620000</AltitudeMeters>
						<HeartRateBpm>
							<Value>86</Value>
						</HeartRateBpm>
					</Trackpoint>
					<Trackpoint>
						<Time>2569-05-19T14:36:01Z</Time>
						<Position>
							<LatitudeDegrees>9.142820</LatitudeDegrees>
							<LongitudeDegrees>99.324282</LongitudeDegrees>
						</Position>
						<AltitudeMeters>38.620000</AltitudeMeters>
						<HeartRateBpm>
							<Value>87</Value>
						</HeartRateBpm>
					</Trackpoint>
					<Trackpoint>
						<Time>2569-05-19T14:36:02Z</Time>
						<Position>
							<LatitudeDegrees>9.142820</LatitudeDegrees>
							<LongitudeDegrees>99.324283</LongitudeDegrees>
						</Position>
						<AltitudeMeters>38.620000</AltitudeMeters>
						<HeartRateBpm>
							<Value>86</Value>
						</HeartRateBpm>
					</Trackpoint>
					<Trackpoint>
						<Time>2569-05-19T14:36:03Z</Time>
						<Position>
							<LatitudeDegrees>9.142821</LatitudeDegrees>
							<LongitudeDegrees>99.324283</LongitudeDegrees>
						</Position>
						<AltitudeMeters>38.620000</AltitudeMeters>
						<HeartRateBpm>
							<Value>87</Value>
						</HeartRateBpm>
					</Trackpoint>
					<Trackpoint>
						<Time>2569-05-19T14:36:04Z</Time>
						<Position>
							<LatitudeDegrees>9.142821</LatitudeDegrees>
							<LongitudeDegrees>99.324282</LongitudeDegrees>
						</Position>
						<AltitudeMeters>38.620000</AltitudeMeters>
						<HeartRateBpm>
							<Value>87</Value>
						</HeartRateBpm>
					</Trackpoint>
					<Trackpoint>
						<Time>2569-05-19T14:36:05Z</Time>
						<Position>
							<LatitudeDegrees>9.142822</LatitudeDegrees>
							<LongitudeDegrees>99.324282</LongitudeDegrees>
						</Position>
						<AltitudeMeters>38.620000</AltitudeMeters>
						<HeartRateBpm>
							<Value>86</Value>
						</HeartRateBpm>
					</Trackpoint>
					<Trackpoint>
						<Time>2569-05-19T14:36:06Z</Time>
						<Position>
							<LatitudeDegrees>9.142823</LatitudeDegrees>
							<LongitudeDegrees>99.324282</LongitudeDegrees>
						</Position>
						<AltitudeMeters>38.620000</AltitudeMeters>
						<HeartRateBpm>
							<Value>86</Value>
						</HeartRateBpm>
					</Trackpoint>
					<Trackpoint>
						<Time>2569-05-19T14:36:08Z</Time>
						<Position>
							<LatitudeDegrees>9.142825</LatitudeDegrees>
							<LongitudeDegrees>99.324280</LongitudeDegrees>
						</Position>
						<AltitudeMeters>38.620000</AltitudeMeters>
						<HeartRateBpm>
							<Value>86</Value>
						</HeartRateBpm>
					</Trackpoint>
					<Trackpoint>
						<Time>2569-05-19T14:36:08Z</Time>
						<Position>
							<LatitudeDegrees>9.142825</LatitudeDegrees>
							<LongitudeDegrees>99.324280</LongitudeDegrees>
						</Position>
						<AltitudeMeters>38.620000</AltitudeMeters>
						<HeartRateBpm>
							<Value>86</Value>
						</HeartRateBpm>
					</Trackpoint>
					<Trackpoint>
						<Time>2569-05-19T14:36:10Z</Time>
						<Position>
							<LatitudeDegrees>9.142825</LatitudeDegrees>
							<LongitudeDegrees>99.324280</LongitudeDegrees>
						</Position>
						<AltitudeMeters>38.620000</AltitudeMeters>
						<HeartRateBpm>
							<Value>86</Value>
						</HeartRateBpm>
					</Trackpoint>
					<Trackpoint>
						<Time>2569-05-19T14:36:11Z</Time>
						<Position>
							<LatitudeDegrees>9.142825</LatitudeDegrees>
							<LongitudeDegrees>99.324280</LongitudeDegrees>
						</Position>
						<AltitudeMeters>38.620000</AltitudeMeters>
						<HeartRateBpm>
							<Value>86</Value>
						</HeartRateBpm>
					</Trackpoint>
					<Trackpoint>
						<Time>2569-05-19T14:36:12Z</Time>
						<Position>
							<LatitudeDegrees>9.142825</LatitudeDegrees>
							<LongitudeDegrees>99.324281</LongitudeDegrees>
						</Position>
						<AltitudeMeters>38.620000</AltitudeMeters>
						<HeartRateBpm>
							<Value>86</Value>
						</HeartRateBpm>
					</Trackpoint>
					<Trackpoint>
						<Time>2569-05-19T14:36:13Z</Time>
						<Position>
							<LatitudeDegrees>9.142825</LatitudeDegrees>
							<LongitudeDegrees>99.324282</LongitudeDegrees>
						</Position>
						<AltitudeMeters>38.620000</AltitudeMeters>
						<HeartRateBpm>
							<Value>86</Value>
						</HeartRateBpm>
					</Trackpoint>
					<Trackpoint>
						<Time>2569-05-19T14:36:14Z</Time>
						<Position>
							<LatitudeDegrees>9.142825</LatitudeDegrees>
							<LongitudeDegrees>99.324283</LongitudeDegrees>
						</Position>
						<AltitudeMeters>38.620000</AltitudeMeters>
						<HeartRateBpm>
							<Value>85</Value>
						</HeartRateBpm>
					</Trackpoint>
					<Trackpoint>
						<Time>2569-05-19T14:36:15Z</Time>
						<Position>
							<LatitudeDegrees>9.142825</LatitudeDegrees>
							<LongitudeDegrees>99.324284</LongitudeDegrees>
						</Position>
						<AltitudeMeters>38.620000</AltitudeMeters>
						<HeartRateBpm>
							<Value>85</Value>
						</HeartRateBpm>
					</Trackpoint>
					<Trackpoint>
						<Time>2569-05-19T14:36:16Z</Time>
						<Position>
							<LatitudeDegrees>9.142825</LatitudeDegrees>
							<LongitudeDegrees>99.324285</LongitudeDegrees>
						</Position>
						<AltitudeMeters>38.620000</AltitudeMeters>
						<HeartRateBpm>
							<Value>85</Value>
						</HeartRateBpm>
					</Trackpoint>
					<Trackpoint>
						<Time>2569-05-19T14:36:17Z</Time>
						<Position>
							<LatitudeDegrees>9.142826</LatitudeDegrees>
							<LongitudeDegrees>99.324286</LongitudeDegrees>
						</Position>
						<AltitudeMeters>38.620000</AltitudeMeters>
						<HeartRateBpm>
							<Value>85</Value>
						</HeartRateBpm>
					</Trackpoint>
					<Trackpoint>
						<Time>2569-05-19T14:36:18Z</Time>
						<Position>
							<LatitudeDegrees>9.142826</LatitudeDegrees>
							<LongitudeDegrees>99.324287</LongitudeDegrees>
						</Position>
						<AltitudeMeters>38.620000</AltitudeMeters>
						<HeartRateBpm>
							<Value>87</Value>
						</HeartRateBpm>
					</Trackpoint>
					<Trackpoint>
						<Time>2569-05-19T14:36:19Z</Time>
						<Position>
							<LatitudeDegrees>9.142827</LatitudeDegrees>
							<LongitudeDegrees>99.324288</LongitudeDegrees>
						</Position>
						<AltitudeMeters>38.620000</AltitudeMeters>
						<HeartRateBpm>
							<Value>87</Value>
						</HeartRateBpm>
					</Trackpoint>
					<Trackpoint>
						<Time>2569-05-19T14:36:20Z</Time>
						<Position>
							<LatitudeDegrees>9.142826</LatitudeDegrees>
							<LongitudeDegrees>99.324289</LongitudeDegrees>
						</Position>
						<AltitudeMeters>38.620000</AltitudeMeters>
						<HeartRateBpm>
							<Value>88</Value>
						</HeartRateBpm>
					</Trackpoint>
					<Trackpoint>
						<Time>2569-05-19T14:36:21Z</Time>
						<Position>
							<LatitudeDegrees>9.142825</LatitudeDegrees>
							<LongitudeDegrees>99.324291</LongitudeDegrees>
						</Position>
						<AltitudeMeters>38.590000</AltitudeMeters>
						<HeartRateBpm>
							<Value>88</Value>
						</HeartRateBpm>
					</Trackpoint>
					<Trackpoint>
						<Time>2569-05-19T14:36:22Z</Time>
						<Position>
							<LatitudeDegrees>9.142824</LatitudeDegrees>
							<LongitudeDegrees>99.324292</LongitudeDegrees>
						</Position>
						<AltitudeMeters>38.590000</AltitudeMeters>
						<HeartRateBpm>
							<Value>88</Value>
						</HeartRateBpm>
					</Trackpoint>
					<Trackpoint>
						<Time>2569-05-19T14:36:23Z</Time>
						<Position>
							<LatitudeDegrees>9.142823</LatitudeDegrees>
							<LongitudeDegrees>99.324294</LongitudeDegrees>
						</Position>
						<AltitudeMeters>38.590000</AltitudeMeters>
						<HeartRateBpm>
							<Value>87</Value>
						</HeartRateBpm>
					</Trackpoint>
					<Trackpoint>
						<Time>2569-05-19T14:36:24Z</Time>
						<Position>
							<LatitudeDegrees>9.142822</LatitudeDegrees>
							<LongitudeDegrees>99.324295</LongitudeDegrees>
						</Position>
						<AltitudeMeters>38.590000</AltitudeMeters>
						<HeartRateBpm>
							<Value>88</Value>
						</HeartRateBpm>
					</Trackpoint>
					<Trackpoint>
						<Time>2569-05-19T14:36:25Z</Time>
						<Position>
							<LatitudeDegrees>9.142821</LatitudeDegrees>
							<LongitudeDegrees>99.324296</LongitudeDegrees>
						</Position>
						<AltitudeMeters>38.590000</AltitudeMeters>
						<HeartRateBpm>
							<Value>87</Value>
						</HeartRateBpm>
					</Trackpoint>
					<Trackpoint>
						<Time>2569-05-19T14:36:26Z</Time>
						<Position>
							<LatitudeDegrees>9.142820</LatitudeDegrees>
							<LongitudeDegrees>99.324297</LongitudeDegrees>
						</Position>
						<AltitudeMeters>38.590000</AltitudeMeters>
						<HeartRateBpm>
							<Value>86</Value>
						</HeartRateBpm>
					</Trackpoint>
					<Trackpoint>
						<Time>2569-05-19T14:36:27Z</Time>
						<Position>
							<LatitudeDegrees>9.142819</LatitudeDegrees>
							<LongitudeDegrees>99.324297</LongitudeDegrees>
						</Position>
						<AltitudeMeters>38.600000</AltitudeMeters>
						<HeartRateBpm>
							<Value>85</Value>
						</HeartRateBpm>
					</Trackpoint>
					<Trackpoint>
						<Time>2569-05-19T14:36:28Z</Time>
						<Position>
							<LatitudeDegrees>9.142818</LatitudeDegrees>
							<LongitudeDegrees>99.324298</LongitudeDegrees>
						</Position>
						<AltitudeMeters>38.600000</AltitudeMeters>
						<HeartRateBpm>
							<Value>85</Value>
						</HeartRateBpm>
					</Trackpoint>
					<Trackpoint>
						<Time>2569-05-19T14:36:29Z</Time>
						<Position>
							<LatitudeDegrees>9.142818</LatitudeDegrees>
							<LongitudeDegrees>99.324298</LongitudeDegrees>
						</Position>
						<AltitudeMeters>38.600000</AltitudeMeters>
						<HeartRateBpm>
							<Value>85</Value>
						</HeartRateBpm>
					</Trackpoint>
					<Trackpoint>
						<Time>2569-05-19T14:36:30Z</Time>
						<Position>
							<LatitudeDegrees>9.142818</LatitudeDegrees>
							<LongitudeDegrees>99.324299</LongitudeDegrees>
						</Position>
						<AltitudeMeters>38.600000</AltitudeMeters>
						<HeartRateBpm>
							<Value>85</Value>
						</HeartRateBpm>
					</Trackpoint>
					<Trackpoint>
						<Time>2569-05-19T14:36:31Z</Time>
						<Position>
							<LatitudeDegrees>9.142817</LatitudeDegrees>
							<LongitudeDegrees>99.324299</LongitudeDegrees>
						</Position>
						<AltitudeMeters>38.600000</AltitudeMeters>
						<HeartRateBpm>
							<Value>85</Value>
						</HeartRateBpm>
					</Trackpoint>
					<Trackpoint>
						<Time>2569-05-19T14:36:32Z</Time>
						<Position>
							<LatitudeDegrees>9.142817</LatitudeDegrees>
							<LongitudeDegrees>99.324299</LongitudeDegrees>
						</Position>
						<AltitudeMeters>38.600000</AltitudeMeters>
						<HeartRateBpm>
							<Value>86</Value>
						</HeartRateBpm>
					</Trackpoint>
					<Trackpoint>
						<Time>2569-05-19T14:36:33Z</Time>
						<Position>
							<LatitudeDegrees>9.142817</LatitudeDegrees>
							<LongitudeDegrees>99.324299</LongitudeDegrees>
						</Position>
						<AltitudeMeters>38.600000</AltitudeMeters>
						<HeartRateBpm>
							<Value>86</Value>
						</HeartRateBpm>
					</Trackpoint>
					<Trackpoint>
						<Time>2569-05-19T14:36:34Z</Time>
						<Position>
							<LatitudeDegrees>9.142817</LatitudeDegrees>
							<LongitudeDegrees>99.324300</LongitudeDegrees>
						</Position>
						<AltitudeMeters>38.600000</AltitudeMeters>
						<HeartRateBpm>
							<Value>85</Value>
						</HeartRateBpm>
					</Trackpoint>
					<Trackpoint>
						<Time>2569-05-19T14:36:35Z</Time>
						<Position>
							<LatitudeDegrees>9.142817</LatitudeDegrees>
							<LongitudeDegrees>99.324300</LongitudeDegrees>
						</Position>
						<AltitudeMeters>38.600000</AltitudeMeters>
						<HeartRateBpm>
							<Value>85</Value>
						</HeartRateBpm>
					</Trackpoint>
					<Trackpoint>
						<Time>2569-05-19T14:36:36Z</Time>
						<Position>
							<LatitudeDegrees>9.142817</LatitudeDegrees>
							<LongitudeDegrees>99.324301</LongitudeDegrees>
						</Position>
						<AltitudeMeters>38.600000</AltitudeMeters>
						<HeartRateBpm>
							<Value>87</Value>
						</HeartRateBpm>
					</Trackpoint>
					<Trackpoint>
						<Time>2569-05-19T14:36:37Z</Time>
						<Position>
							<LatitudeDegrees>9.142817</LatitudeDegrees>
							<LongitudeDegrees>99.324301</LongitudeDegrees>
						</Position>
						<AltitudeMeters>38.600000</AltitudeMeters>
						<HeartRateBpm>
							<Value>87</Value>
						</HeartRateBpm>
					</Trackpoint>
					<Trackpoint>
						<Time>2569-05-19T14:36:38Z</Time>
						<Position>
							<LatitudeDegrees>9.142817</LatitudeDegrees>
							<LongitudeDegrees>99.324301</LongitudeDegrees>
						</Position>
						<AltitudeMeters>38.600000</AltitudeMeters>
						<HeartRateBpm>
							<Value>88</Value>
						</HeartRateBpm>
					</Trackpoint>
					<Trackpoint>
						<Time>2569-05-19T14:36:39Z</Time>
						<Position>
							<LatitudeDegrees>9.142817</LatitudeDegrees>
							<LongitudeDegrees>99.324301</LongitudeDegrees>
						</Position>
						<AltitudeMeters>38.600000</AltitudeMeters>
						<HeartRateBpm>
							<Value>89</Value>
						</HeartRateBpm>
					</Trackpoint>
					<Trackpoint>
						<Time>2569-05-19T14:36:40Z</Time>
						<Position>
							<LatitudeDegrees>9.142818</LatitudeDegrees>
							<LongitudeDegrees>99.324301</LongitudeDegrees>
						</Position>
						<AltitudeMeters>38.600000</AltitudeMeters>
						<HeartRateBpm>
							<Value>89</Value>
						</HeartRateBpm>
					</Trackpoint>
					<Trackpoint>
						<Time>2569-05-19T14:36:41Z</Time>
						<Position>
							<LatitudeDegrees>9.142818</LatitudeDegrees>
							<LongitudeDegrees>99.324300</LongitudeDegrees>
						</Position>
						<AltitudeMeters>38.600000</AltitudeMeters>
						<HeartRateBpm>
							<Value>88</Value>
						</HeartRateBpm>
					</Trackpoint>
					<Trackpoint>
						<Time>2569-05-19T14:36:41Z</Time>
						<Position>
							<LatitudeDegrees>9.142818</LatitudeDegrees>
							<LongitudeDegrees>99.324300</LongitudeDegrees>
						</Position>
						<AltitudeMeters>38.600000</AltitudeMeters>
						<HeartRateBpm>
							<Value>88</Value>
						</HeartRateBpm>
					</Trackpoint>
					<Trackpoint>
						<Time>2569-05-19T14:36:42Z</Time>
						<Position>
							<LatitudeDegrees>9.142817</LatitudeDegrees>
							<LongitudeDegrees>99.324300</LongitudeDegrees>
						</Position>
						<AltitudeMeters>38.600000</AltitudeMeters>
						<HeartRateBpm>
							<Value>88</Value>
						</HeartRateBpm>
					</Trackpoint>
					<Trackpoint>
						<Time>2569-05-19T14:36:43Z</Time>
						<Position>
							<LatitudeDegrees>9.142817</LatitudeDegrees>
							<LongitudeDegrees>99.324300</LongitudeDegrees>
						</Position>
						<AltitudeMeters>38.600000</AltitudeMeters>
						<HeartRateBpm>
							<Value>88</Value>
						</HeartRateBpm>
					</Trackpoint>
					<Trackpoint>
						<Time>2569-05-19T14:36:44Z</Time>
						<Position>
							<LatitudeDegrees>9.142817</LatitudeDegrees>
							<LongitudeDegrees>99.324300</LongitudeDegrees>
						</Position>
						<AltitudeMeters>38.600000</AltitudeMeters>
						<HeartRateBpm>
							<Value>89</Value>
						</HeartRateBpm>
					</Trackpoint>
					<Trackpoint>
						<Time>2569-05-19T14:36:45Z</Time>
						<Position>
							<LatitudeDegrees>9.142816</LatitudeDegrees>
							<LongitudeDegrees>99.324301</LongitudeDegrees>
						</Position>
						<AltitudeMeters>38.600000</AltitudeMeters>
						<HeartRateBpm>
							<Value>89</Value>
						</HeartRateBpm>
					</Trackpoint>
					<Trackpoint>
						<Time>2569-05-19T14:36:46Z</Time>
						<Position>
							<LatitudeDegrees>9.142816</LatitudeDegrees>
							<LongitudeDegrees>99.324301</LongitudeDegrees>
						</Position>
						<AltitudeMeters>38.600000</AltitudeMeters>
						<HeartRateBpm>
							<Value>88</Value>
						</HeartRateBpm>
					</Trackpoint>
					<Trackpoint>
						<Time>2569-05-19T14:36:47Z</Time>
						<Position>
							<LatitudeDegrees>9.142815</LatitudeDegrees>
							<LongitudeDegrees>99.324302</LongitudeDegrees>
						</Position>
						<AltitudeMeters>38.600000</AltitudeMeters>
						<HeartRateBpm>
							<Value>89</Value>
						</HeartRateBpm>
					</Trackpoint>
					<Trackpoint>
						<Time>2569-05-19T14:36:48Z</Time>
						<Position>
							<LatitudeDegrees>9.142815</LatitudeDegrees>
							<LongitudeDegrees>99.324302</LongitudeDegrees>
						</Position>
						<AltitudeMeters>38.600000</AltitudeMeters>
						<HeartRateBpm>
							<Value>89</Value>
						</HeartRateBpm>
					</Trackpoint>
					<Trackpoint>
						<Time>2569-05-19T14:36:49Z</Time>
						<Position>
							<LatitudeDegrees>9.142814</LatitudeDegrees>
							<LongitudeDegrees>99.324302</LongitudeDegrees>
						</Position>
						<AltitudeMeters>38.600000</AltitudeMeters>
						<HeartRateBpm>
							<Value>89</Value>
						</HeartRateBpm>
					</Trackpoint>
					<Trackpoint>
						<Time>2569-05-19T14:36:50Z</Time>
						<Position>
							<LatitudeDegrees>9.142814</LatitudeDegrees>
							<LongitudeDegrees>99.324301</LongitudeDegrees>
						</Position>
						<AltitudeMeters>38.600000</AltitudeMeters>
						<HeartRateBpm>
							<Value>89</Value>
						</HeartRateBpm>
					</Trackpoint>
					<Trackpoint>
						<Time>2569-05-19T14:36:51Z</Time>
						<Position>
							<LatitudeDegrees>9.142813</LatitudeDegrees>
							<LongitudeDegrees>99.324302</LongitudeDegrees>
						</Position>
						<AltitudeMeters>38.600000</AltitudeMeters>
						<HeartRateBpm>
							<Value>89</Value>
						</HeartRateBpm>
					</Trackpoint>
					<Trackpoint>
						<Time>2569-05-19T14:36:52Z</Time>
						<Position>
							<LatitudeDegrees>9.142812</LatitudeDegrees>
							<LongitudeDegrees>99.324302</LongitudeDegrees>
						</Position>
						<AltitudeMeters>38.600000</AltitudeMeters>
						<HeartRateBpm>
							<Value>89</Value>
						</HeartRateBpm>
					</Trackpoint>
					<Trackpoint>
						<Time>2569-05-19T14:36:53Z</Time>
						<Position>
							<LatitudeDegrees>9.142812</LatitudeDegrees>
							<LongitudeDegrees>99.324303</LongitudeDegrees>
						</Position>
						<AltitudeMeters>38.600000</AltitudeMeters>
						<HeartRateBpm>
							<Value>90</Value>
						</HeartRateBpm>
					</Trackpoint>
					<Trackpoint>
						<Time>2569-05-19T14:36:54Z</Time>
						<Position>
							<LatitudeDegrees>9.142811</LatitudeDegrees>
							<LongitudeDegrees>99.324303</LongitudeDegrees>
						</Position>
						<AltitudeMeters>38.600000</AltitudeMeters>
						<HeartRateBpm>
							<Value>89</Value>
						</HeartRateBpm>
					</Trackpoint>
					<Trackpoint>
						<Time>2569-05-19T14:36:56Z</Time>
						<Position>
							<LatitudeDegrees>9.142809</LatitudeDegrees>
							<LongitudeDegrees>99.324305</LongitudeDegrees>
						</Position>
						<AltitudeMeters>38.600000</AltitudeMeters>
						<HeartRateBpm>
							<Value>87</Value>
						</HeartRateBpm>
					</Trackpoint>
					<Trackpoint>
						<Time>2569-05-19T14:36:56Z</Time>
						<Position>
							<LatitudeDegrees>9.142809</LatitudeDegrees>
							<LongitudeDegrees>99.324305</LongitudeDegrees>
						</Position>
						<AltitudeMeters>38.600000</AltitudeMeters>
						<HeartRateBpm>
							<Value>87</Value>
						</HeartRateBpm>
					</Trackpoint>
					<Trackpoint>
						<Time>2569-05-19T14:36:57Z</Time>
						<Position>
							<LatitudeDegrees>9.142808</LatitudeDegrees>
							<LongitudeDegrees>99.324310</LongitudeDegrees>
						</Position>
						<AltitudeMeters>38.600000</AltitudeMeters>
						<HeartRateBpm>
							<Value>86</Value>
						</HeartRateBpm>
					</Trackpoint>
					<Trackpoint>
						<Time>2569-05-19T14:36:58Z</Time>
						<Position>
							<LatitudeDegrees>9.142808</LatitudeDegrees>
							<LongitudeDegrees>99.324315</LongitudeDegrees>
						</Position>
						<AltitudeMeters>38.600000</AltitudeMeters>
						<HeartRateBpm>
							<Value>85</Value>
						</HeartRateBpm>
					</Trackpoint>
					<Trackpoint>
						<Time>2569-05-19T14:36:59Z</Time>
						<Position>
							<LatitudeDegrees>9.142808</LatitudeDegrees>
							<LongitudeDegrees>99.324318</LongitudeDegrees>
						</Position>
						<AltitudeMeters>38.600000</AltitudeMeters>
						<HeartRateBpm>
							<Value>85</Value>
						</HeartRateBpm>
					</Trackpoint>
					<Trackpoint>
						<Time>2569-05-19T14:37:00Z</Time>
						<Position>
							<LatitudeDegrees>9.142807</LatitudeDegrees>
							<LongitudeDegrees>99.324320</LongitudeDegrees>
						</Position>
						<AltitudeMeters>38.600000</AltitudeMeters>
						<HeartRateBpm>
							<Value>85</Value>
						</HeartRateBpm>
					</Trackpoint>
					<Trackpoint>
						<Time>2569-05-19T14:37:01Z</Time>
						<Position>
							<LatitudeDegrees>9.142807</LatitudeDegrees>
							<LongitudeDegrees>99.324320</LongitudeDegrees>
						</Position>
						<AltitudeMeters>38.600000</AltitudeMeters>
						<HeartRateBpm>
							<Value>85</Value>
						</HeartRateBpm>
					</Trackpoint>
					<Trackpoint>
						<Time>2569-05-19T14:37:02Z</Time>
						<Position>
							<LatitudeDegrees>9.142808</LatitudeDegrees>
							<LongitudeDegrees>99.324320</LongitudeDegrees>
						</Position>
						<AltitudeMeters>38.600000</AltitudeMeters>
						<HeartRateBpm>
							<Value>85</Value>
						</HeartRateBpm>
					</Trackpoint>
					<Trackpoint>
						<Time>2569-05-19T14:37:03Z</Time>
						<Position>
							<LatitudeDegrees>9.142808</LatitudeDegrees>
							<LongitudeDegrees>99.324320</LongitudeDegrees>
						</Position>
						<AltitudeMeters>38.610000</AltitudeMeters>
						<HeartRateBpm>
							<Value>85</Value>
						</HeartRateBpm>
					</Trackpoint>
					<Trackpoint>
						<Time>2569-05-19T14:37:04Z</Time>
						<Position>
							<LatitudeDegrees>9.142809</LatitudeDegrees>
							<LongitudeDegrees>99.324320</LongitudeDegrees>
						</Position>
						<AltitudeMeters>38.610000</AltitudeMeters>
						<HeartRateBpm>
							<Value>85</Value>
						</HeartRateBpm>
					</Trackpoint>
					<Trackpoint>
						<Time>2569-05-19T14:37:05Z</Time>
						<Position>
							<LatitudeDegrees>9.142810</LatitudeDegrees>
							<LongitudeDegrees>99.324320</LongitudeDegrees>
						</Position>
						<AltitudeMeters>38.610000</AltitudeMeters>
						<HeartRateBpm>
							<Value>84</Value>
						</HeartRateBpm>
					</Trackpoint>
					<Trackpoint>
						<Time>2569-05-19T14:37:06Z</Time>
						<Position>
							<LatitudeDegrees>9.142810</LatitudeDegrees>
							<LongitudeDegrees>99.324321</LongitudeDegrees>
						</Position>
						<AltitudeMeters>38.610000</AltitudeMeters>
						<HeartRateBpm>
							<Value>84</Value>
						</HeartRateBpm>
					</Trackpoint>
					<Trackpoint>
						<Time>2569-05-19T14:37:07Z</Time>
						<Position>
							<LatitudeDegrees>9.142810</LatitudeDegrees>
							<LongitudeDegrees>99.324321</LongitudeDegrees>
						</Position>
						<AltitudeMeters>38.610000</AltitudeMeters>
						<HeartRateBpm>
							<Value>87</Value>
						</HeartRateBpm>
					</Trackpoint>
					<Trackpoint>
						<Time>2569-05-19T14:37:08Z</Time>
						<Position>
							<LatitudeDegrees>9.142811</LatitudeDegrees>
							<LongitudeDegrees>99.324321</LongitudeDegrees>
						</Position>
						<AltitudeMeters>38.610000</AltitudeMeters>
						<HeartRateBpm>
							<Value>90</Value>
						</HeartRateBpm>
					</Trackpoint>
					<Trackpoint>
						<Time>2569-05-19T14:37:09Z</Time>
						<Position>
							<LatitudeDegrees>9.142811</LatitudeDegrees>
							<LongitudeDegrees>99.324321</LongitudeDegrees>
						</Position>
						<AltitudeMeters>38.610000</AltitudeMeters>
						<HeartRateBpm>
							<Value>93</Value>
						</HeartRateBpm>
					</Trackpoint>
					<Trackpoint>
						<Time>2569-05-19T14:37:10Z</Time>
						<Position>
							<LatitudeDegrees>9.142811</LatitudeDegrees>
							<LongitudeDegrees>99.324321</LongitudeDegrees>
						</Position>
						<AltitudeMeters>38.610000</AltitudeMeters>
						<HeartRateBpm>
							<Value>93</Value>
						</HeartRateBpm>
					</Trackpoint>
					<Trackpoint>
						<Time>2569-05-19T14:37:11Z</Time>
						<Position>
							<LatitudeDegrees>9.142812</LatitudeDegrees>
							<LongitudeDegrees>99.324322</LongitudeDegrees>
						</Position>
						<AltitudeMeters>38.610000</AltitudeMeters>
						<HeartRateBpm>
							<Value>94</Value>
						</HeartRateBpm>
					</Trackpoint>
					<Trackpoint>
						<Time>2569-05-19T14:37:12Z</Time>
						<Position>
							<LatitudeDegrees>9.142812</LatitudeDegrees>
							<LongitudeDegrees>99.324322</LongitudeDegrees>
						</Position>
						<AltitudeMeters>38.610000</AltitudeMeters>
						<HeartRateBpm>
							<Value>93</Value>
						</HeartRateBpm>
					</Trackpoint>
					<Trackpoint>
						<Time>2569-05-19T14:37:14Z</Time>
						<Position>
							<LatitudeDegrees>9.142813</LatitudeDegrees>
							<LongitudeDegrees>99.324323</LongitudeDegrees>
						</Position>
						<AltitudeMeters>38.610000</AltitudeMeters>
						<HeartRateBpm>
							<Value>93</Value>
						</HeartRateBpm>
					</Trackpoint>
					<Trackpoint>
						<Time>2569-05-19T14:37:14Z</Time>
						<Position>
							<LatitudeDegrees>9.142813</LatitudeDegrees>
							<LongitudeDegrees>99.324323</LongitudeDegrees>
						</Position>
						<AltitudeMeters>38.610000</AltitudeMeters>
						<HeartRateBpm>
							<Value>93</Value>
						</HeartRateBpm>
					</Trackpoint>
					<Trackpoint>
						<Time>2569-05-19T14:37:15Z</Time>
						<Position>
							<LatitudeDegrees>9.142813</LatitudeDegrees>
							<LongitudeDegrees>99.324324</LongitudeDegrees>
						</Position>
						<AltitudeMeters>38.610000</AltitudeMeters>
						<HeartRateBpm>
							<Value>93</Value>
						</HeartRateBpm>
					</Trackpoint>
					<Trackpoint>
						<Time>2569-05-19T14:37:16Z</Time>
						<Position>
							<LatitudeDegrees>9.142814</LatitudeDegrees>
							<LongitudeDegrees>99.324324</LongitudeDegrees>
						</Position>
						<AltitudeMeters>38.610000</AltitudeMeters>
						<HeartRateBpm>
							<Value>92</Value>
						</HeartRateBpm>
					</Trackpoint>
					<Trackpoint>
						<Time>2569-05-19T14:37:17Z</Time>
						<Position>
							<LatitudeDegrees>9.142814</LatitudeDegrees>
							<LongitudeDegrees>99.324324</LongitudeDegrees>
						</Position>
						<AltitudeMeters>38.610000</AltitudeMeters>
						<HeartRateBpm>
							<Value>91</Value>
						</HeartRateBpm>
					</Trackpoint>
					<Trackpoint>
						<Time>2569-05-19T14:37:18Z</Time>
						<Position>
							<LatitudeDegrees>9.142814</LatitudeDegrees>
							<LongitudeDegrees>99.324325</LongitudeDegrees>
						</Position>
						<AltitudeMeters>38.610000</AltitudeMeters>
						<HeartRateBpm>
							<Value>92</Value>
						</HeartRateBpm>
					</Trackpoint>
					<Trackpoint>
						<Time>2569-05-19T14:37:20Z</Time>
						<Position>
							<LatitudeDegrees>9.142814</LatitudeDegrees>
							<LongitudeDegrees>99.324325</LongitudeDegrees>
						</Position>
						<AltitudeMeters>38.610000</AltitudeMeters>
						<HeartRateBpm>
							<Value>93</Value>
						</HeartRateBpm>
					</Trackpoint>
					<Trackpoint>
						<Time>2569-05-19T14:37:21Z</Time>
						<Position>
							<LatitudeDegrees>9.142815</LatitudeDegrees>
							<LongitudeDegrees>99.324327</LongitudeDegrees>
						</Position>
						<AltitudeMeters>38.610000</AltitudeMeters>
						<HeartRateBpm>
							<Value>94</Value>
						</HeartRateBpm>
					</Trackpoint>
					<Trackpoint>
						<Time>2569-05-19T14:37:21Z</Time>
						<Position>
							<LatitudeDegrees>9.142815</LatitudeDegrees>
							<LongitudeDegrees>99.324327</LongitudeDegrees>
						</Position>
						<AltitudeMeters>38.610000</AltitudeMeters>
						<HeartRateBpm>
							<Value>94</Value>
						</HeartRateBpm>
					</Trackpoint>
					<Trackpoint>
						<Time>2569-05-19T14:37:22Z</Time>
						<Position>
							<LatitudeDegrees>9.142815</LatitudeDegrees>
							<LongitudeDegrees>99.324327</LongitudeDegrees>
						</Position>
						<AltitudeMeters>38.610000</AltitudeMeters>
						<HeartRateBpm>
							<Value>94</Value>
						</HeartRateBpm>
					</Trackpoint>
					<Trackpoint>
						<Time>2569-05-19T14:37:23Z</Time>
						<Position>
							<LatitudeDegrees>9.142815</LatitudeDegrees>
							<LongitudeDegrees>99.324327</LongitudeDegrees>
						</Position>
						<AltitudeMeters>38.610000</AltitudeMeters>
						<HeartRateBpm>
							<Value>93</Value>
						</HeartRateBpm>
					</Trackpoint>
					<Trackpoint>
						<Time>2569-05-19T14:37:25Z</Time>
						<Position>
							<LatitudeDegrees>9.142815</LatitudeDegrees>
							<LongitudeDegrees>99.324328</LongitudeDegrees>
						</Position>
						<AltitudeMeters>38.620000</AltitudeMeters>
						<HeartRateBpm>
							<Value>92</Value>
						</HeartRateBpm>
					</Trackpoint>
					<Trackpoint>
						<Time>2569-05-19T14:37:26Z</Time>
						<Position>
							<LatitudeDegrees>9.142815</LatitudeDegrees>
							<LongitudeDegrees>99.324327</LongitudeDegrees>
						</Position>
						<AltitudeMeters>38.610000</AltitudeMeters>
						<HeartRateBpm>
							<Value>91</Value>
						</HeartRateBpm>
					</Trackpoint>
					<Trackpoint>
						<Time>2569-05-19T14:37:26Z</Time>
						<Position>
							<LatitudeDegrees>9.142815</LatitudeDegrees>
							<LongitudeDegrees>99.324327</LongitudeDegrees>
						</Position>
						<AltitudeMeters>38.610000</AltitudeMeters>
						<HeartRateBpm>
							<Value>91</Value>
						</HeartRateBpm>
					</Trackpoint>
					<Trackpoint>
						<Time>2569-05-19T14:37:27Z</Time>
						<Position>
							<LatitudeDegrees>9.142815</LatitudeDegrees>
							<LongitudeDegrees>99.324326</LongitudeDegrees>
						</Position>
						<AltitudeMeters>38.610000</AltitudeMeters>
						<HeartRateBpm>
							<Value>90</Value>
						</HeartRateBpm>
					</Trackpoint>
					<Trackpoint>
						<Time>2569-05-19T14:37:28Z</Time>
						<Position>
							<LatitudeDegrees>9.142815</LatitudeDegrees>
							<LongitudeDegrees>99.324326</LongitudeDegrees>
						</Position>
						<AltitudeMeters>38.610000</AltitudeMeters>
						<HeartRateBpm>
							<Value>89</Value>
						</HeartRateBpm>
					</Trackpoint>
					<Trackpoint>
						<Time>2569-05-19T14:37:29Z</Time>
						<Position>
							<LatitudeDegrees>9.142814</LatitudeDegrees>
							<LongitudeDegrees>99.324326</LongitudeDegrees>
						</Position>
						<AltitudeMeters>38.610000</AltitudeMeters>
						<HeartRateBpm>
							<Value>89</Value>
						</HeartRateBpm>
					</Trackpoint>
					<Trackpoint>
						<Time>2569-05-19T14:37:31Z</Time>
						<Position>
							<LatitudeDegrees>9.142813</LatitudeDegrees>
							<LongitudeDegrees>99.324323</LongitudeDegrees>
						</Position>
						<AltitudeMeters>38.610000</AltitudeMeters>
						<HeartRateBpm>
							<Value>88</Value>
						</HeartRateBpm>
					</Trackpoint>
					<Trackpoint>
						<Time>2569-05-19T14:37:31Z</Time>
						<Position>
							<LatitudeDegrees>9.142813</LatitudeDegrees>
							<LongitudeDegrees>99.324323</LongitudeDegrees>
						</Position>
						<AltitudeMeters>38.610000</AltitudeMeters>
						<HeartRateBpm>
							<Value>88</Value>
						</HeartRateBpm>
					</Trackpoint>
					<Trackpoint>
						<Time>2569-05-19T14:37:32Z</Time>
						<Position>
							<LatitudeDegrees>9.142813</LatitudeDegrees>
							<LongitudeDegrees>99.324322</LongitudeDegrees>
						</Position>
						<AltitudeMeters>38.610000</AltitudeMeters>
						<HeartRateBpm>
							<Value>88</Value>
						</HeartRateBpm>
					</Trackpoint>
					<Trackpoint>
						<Time>2569-05-19T14:37:33Z</Time>
						<Position>
							<LatitudeDegrees>9.142813</LatitudeDegrees>
							<LongitudeDegrees>99.324322</LongitudeDegrees>
						</Position>
						<AltitudeMeters>38.610000</AltitudeMeters>
						<HeartRateBpm>
							<Value>89</Value>
						</HeartRateBpm>
					</Trackpoint>
					<Trackpoint>
						<Time>2569-05-19T14:37:34Z</Time>
						<Position>
							<LatitudeDegrees>9.142812</LatitudeDegrees>
							<LongitudeDegrees>99.324322</LongitudeDegrees>
						</Position>
						<AltitudeMeters>38.610000</AltitudeMeters>
						<HeartRateBpm>
							<Value>90</Value>
						</HeartRateBpm>
					</Trackpoint>
					<Trackpoint>
						<Time>2569-05-19T14:37:35Z</Time>
						<Position>
							<LatitudeDegrees>9.142811</LatitudeDegrees>
							<LongitudeDegrees>99.324322</LongitudeDegrees>
						</Position>
						<AltitudeMeters>38.610000</AltitudeMeters>
						<HeartRateBpm>
							<Value>91</Value>
						</HeartRateBpm>
					</Trackpoint>
					<Trackpoint>
						<Time>2569-05-19T14:37:36Z</Time>
						<Position>
							<LatitudeDegrees>9.142811</LatitudeDegrees>
							<LongitudeDegrees>99.324323</LongitudeDegrees>
						</Position>
						<AltitudeMeters>38.610000</AltitudeMeters>
						<HeartRateBpm>
							<Value>93</Value>
						</HeartRateBpm>
					</Trackpoint>
					<Trackpoint>
						<Time>2569-05-19T14:37:37Z</Time>
						<Position>
							<LatitudeDegrees>9.142811</LatitudeDegrees>
							<LongitudeDegrees>99.324324</LongitudeDegrees>
						</Position>
						<AltitudeMeters>38.610000</AltitudeMeters>
						<HeartRateBpm>
							<Value>93</Value>
						</HeartRateBpm>
					</Trackpoint>
					<Trackpoint>
						<Time>2569-05-19T14:37:38Z</Time>
						<Position>
							<LatitudeDegrees>9.142811</LatitudeDegrees>
							<LongitudeDegrees>99.324326</LongitudeDegrees>
						</Position>
						<AltitudeMeters>38.600000</AltitudeMeters>
						<HeartRateBpm>
							<Value>93</Value>
						</HeartRateBpm>
					</Trackpoint>
					<Trackpoint>
						<Time>2569-05-19T14:37:39Z</Time>
						<Position>
							<LatitudeDegrees>9.142810</LatitudeDegrees>
							<LongitudeDegrees>99.324327</LongitudeDegrees>
						</Position>
						<AltitudeMeters>38.600000</AltitudeMeters>
						<HeartRateBpm>
							<Value>93</Value>
						</HeartRateBpm>
					</Trackpoint>
					<Trackpoint>
						<Time>2569-05-19T14:37:41Z</Time>
						<Position>
							<LatitudeDegrees>9.142809</LatitudeDegrees>
							<LongitudeDegrees>99.324328</LongitudeDegrees>
						</Position>
						<AltitudeMeters>38.600000</AltitudeMeters>
						<HeartRateBpm>
							<Value>94</Value>
						</HeartRateBpm>
					</Trackpoint>
					<Trackpoint>
						<Time>2569-05-19T14:37:41Z</Time>
						<Position>
							<LatitudeDegrees>9.142809</LatitudeDegrees>
							<LongitudeDegrees>99.324328</LongitudeDegrees>
						</Position>
						<AltitudeMeters>38.600000</AltitudeMeters>
						<HeartRateBpm>
							<Value>94</Value>
						</HeartRateBpm>
					</Trackpoint>
					<Trackpoint>
						<Time>2569-05-19T14:37:42Z</Time>
						<Position>
							<LatitudeDegrees>9.142808</LatitudeDegrees>
							<LongitudeDegrees>99.324329</LongitudeDegrees>
						</Position>
						<AltitudeMeters>38.600000</AltitudeMeters>
						<HeartRateBpm>
							<Value>94</Value>
						</HeartRateBpm>
					</Trackpoint>
					<Trackpoint>
						<Time>2569-05-19T14:37:43Z</Time>
						<Position>
							<LatitudeDegrees>9.142808</LatitudeDegrees>
							<LongitudeDegrees>99.324330</LongitudeDegrees>
						</Position>
						<AltitudeMeters>38.600000</AltitudeMeters>
						<HeartRateBpm>
							<Value>93</Value>
						</HeartRateBpm>
					</Trackpoint>
					<Trackpoint>
						<Time>2569-05-19T14:37:44Z</Time>
						<Position>
							<LatitudeDegrees>9.142807</LatitudeDegrees>
							<LongitudeDegrees>99.324330</LongitudeDegrees>
						</Position>
						<AltitudeMeters>38.600000</AltitudeMeters>
						<HeartRateBpm>
							<Value>93</Value>
						</HeartRateBpm>
					</Trackpoint>
					<Trackpoint>
						<Time>2569-05-19T14:37:45Z</Time>
						<Position>
							<LatitudeDegrees>9.142806</LatitudeDegrees>
							<LongitudeDegrees>99.324331</LongitudeDegrees>
						</Position>
						<AltitudeMeters>38.600000</AltitudeMeters>
						<HeartRateBpm>
							<Value>92</Value>
						</HeartRateBpm>
					</Trackpoint>
					<Trackpoint>
						<Time>2569-05-19T14:37:47Z</Time>
						<Position>
							<LatitudeDegrees>9.142805</LatitudeDegrees>
							<LongitudeDegrees>99.324334</LongitudeDegrees>
						</Position>
						<AltitudeMeters>38.600000</AltitudeMeters>
						<HeartRateBpm>
							<Value>92</Value>
						</HeartRateBpm>
					</Trackpoint>
					<Trackpoint>
						<Time>2569-05-19T14:37:47Z</Time>
						<Position>
							<LatitudeDegrees>9.142805</LatitudeDegrees>
							<LongitudeDegrees>99.324334</LongitudeDegrees>
						</Position>
						<AltitudeMeters>38.600000</AltitudeMeters>
						<HeartRateBpm>
							<Value>92</Value>
						</HeartRateBpm>
					</Trackpoint>
					<Trackpoint>
						<Time>2569-05-19T14:37:48Z</Time>
						<Position>
							<LatitudeDegrees>9.142804</LatitudeDegrees>
							<LongitudeDegrees>99.324336</LongitudeDegrees>
						</Position>
						<AltitudeMeters>38.600000</AltitudeMeters>
						<HeartRateBpm>
							<Value>92</Value>
						</HeartRateBpm>
					</Trackpoint>
					<Trackpoint>
						<Time>2569-05-19T14:37:49Z</Time>
						<Position>
							<LatitudeDegrees>9.142803</LatitudeDegrees>
							<LongitudeDegrees>99.324338</LongitudeDegrees>
						</Position>
						<AltitudeMeters>38.600000</AltitudeMeters>
						<HeartRateBpm>
							<Value>93</Value>
						</HeartRateBpm>
					</Trackpoint>
					<Trackpoint>
						<Time>2569-05-19T14:37:50Z</Time>
						<Position>
							<LatitudeDegrees>9.142803</LatitudeDegrees>
							<LongitudeDegrees>99.324344</LongitudeDegrees>
						</Position>
						<AltitudeMeters>38.600000</AltitudeMeters>
						<HeartRateBpm>
							<Value>93</Value>
						</HeartRateBpm>
					</Trackpoint>
					<Trackpoint>
						<Time>2569-05-19T14:37:51Z</Time>
						<Position>
							<LatitudeDegrees>9.142803</LatitudeDegrees>
							<LongitudeDegrees>99.324347</LongitudeDegrees>
						</Position>
						<AltitudeMeters>38.600000</AltitudeMeters>
						<HeartRateBpm>
							<Value>92</Value>
						</HeartRateBpm>
					</Trackpoint>
					<Trackpoint>
						<Time>2569-05-19T14:37:52Z</Time>
						<Position>
							<LatitudeDegrees>9.142802</LatitudeDegrees>
							<LongitudeDegrees>99.324351</LongitudeDegrees>
						</Position>
						<AltitudeMeters>38.600000</AltitudeMeters>
						<HeartRateBpm>
							<Value>92</Value>
						</HeartRateBpm>
					</Trackpoint>
					<Trackpoint>
						<Time>2569-05-19T14:37:53Z</Time>
						<Position>
							<LatitudeDegrees>9.142802</LatitudeDegrees>
							<LongitudeDegrees>99.324354</LongitudeDegrees>
						</Position>
						<AltitudeMeters>38.600000</AltitudeMeters>
						<HeartRateBpm>
							<Value>92</Value>
						</HeartRateBpm>
					</Trackpoint>
					<Trackpoint>
						<Time>2569-05-19T14:37:54Z</Time>
						<Position>
							<LatitudeDegrees>9.142801</LatitudeDegrees>
							<LongitudeDegrees>99.324355</LongitudeDegrees>
						</Position>
						<AltitudeMeters>38.610000</AltitudeMeters>
						<HeartRateBpm>
							<Value>92</Value>
						</HeartRateBpm>
					</Trackpoint>
					<Trackpoint>
						<Time>2569-05-19T14:37:56Z</Time>
						<Position>
							<LatitudeDegrees>9.142801</LatitudeDegrees>
							<LongitudeDegrees>99.324356</LongitudeDegrees>
						</Position>
						<AltitudeMeters>38.600000</AltitudeMeters>
						<HeartRateBpm>
							<Value>91</Value>
						</HeartRateBpm>
					</Trackpoint>
					<Trackpoint>
						<Time>2569-05-19T14:37:57Z</Time>
						<Position>
							<LatitudeDegrees>9.142800</LatitudeDegrees>
							<LongitudeDegrees>99.324356</LongitudeDegrees>
						</Position>
						<AltitudeMeters>38.600000</AltitudeMeters>
						<HeartRateBpm>
							<Value>91</Value>
						</HeartRateBpm>
					</Trackpoint>
					<Trackpoint>
						<Time>2569-05-19T14:37:58Z</Time>
						<Position>
							<LatitudeDegrees>9.142799</LatitudeDegrees>
							<LongitudeDegrees>99.324354</LongitudeDegrees>
						</Position>
						<AltitudeMeters>38.600000</AltitudeMeters>
						<HeartRateBpm>
							<Value>88</Value>
						</HeartRateBpm>
					</Trackpoint>
					<Trackpoint>
						<Time>2569-05-19T14:37:58Z</Time>
						<Position>
							<LatitudeDegrees>9.142799</LatitudeDegrees>
							<LongitudeDegrees>99.324354</LongitudeDegrees>
						</Position>
						<AltitudeMeters>38.600000</AltitudeMeters>
						<HeartRateBpm>
							<Value>88</Value>
						</HeartRateBpm>
					</Trackpoint>
					<Trackpoint>
						<Time>2569-05-19T14:37:59Z</Time>
						<Position>
							<LatitudeDegrees>9.142799</LatitudeDegrees>
							<LongitudeDegrees>99.324354</LongitudeDegrees>
						</Position>
						<AltitudeMeters>38.600000</AltitudeMeters>
						<HeartRateBpm>
							<Value>87</Value>
						</HeartRateBpm>
					</Trackpoint>
					<Trackpoint>
						<Time>2569-05-19T14:38:01Z</Time>
						<Position>
							<LatitudeDegrees>9.142798</LatitudeDegrees>
							<LongitudeDegrees>99.324354</LongitudeDegrees>
						</Position>
						<AltitudeMeters>38.600000</AltitudeMeters>
						<HeartRateBpm>
							<Value>84</Value>
						</HeartRateBpm>
					</Trackpoint>
					<Trackpoint>
						<Time>2569-05-19T14:38:01Z</Time>
						<Position>
							<LatitudeDegrees>9.142798</LatitudeDegrees>
							<LongitudeDegrees>99.324354</LongitudeDegrees>
						</Position>
						<AltitudeMeters>38.600000</AltitudeMeters>
						<HeartRateBpm>
							<Value>84</Value>
						</HeartRateBpm>
					</Trackpoint>
					<Trackpoint>
						<Time>2569-05-19T14:38:02Z</Time>
						<Position>
							<LatitudeDegrees>9.142798</LatitudeDegrees>
							<LongitudeDegrees>99.324354</LongitudeDegrees>
						</Position>
						<AltitudeMeters>38.600000</AltitudeMeters>
						<HeartRateBpm>
							<Value>84</Value>
						</HeartRateBpm>
					</Trackpoint>
					<Trackpoint>
						<Time>2569-05-19T14:38:03Z</Time>
						<Position>
							<LatitudeDegrees>9.142797</LatitudeDegrees>
							<LongitudeDegrees>99.324355</LongitudeDegrees>
						</Position>
						<AltitudeMeters>38.600000</AltitudeMeters>
						<HeartRateBpm>
							<Value>84</Value>
						</HeartRateBpm>
					</Trackpoint>
					<Trackpoint>
						<Time>2569-05-19T14:38:04Z</Time>
						<Position>
							<LatitudeDegrees>9.142797</LatitudeDegrees>
							<LongitudeDegrees>99.324355</LongitudeDegrees>
						</Position>
						<AltitudeMeters>38.600000</AltitudeMeters>
						<HeartRateBpm>
							<Value>84</Value>
						</HeartRateBpm>
					</Trackpoint>
					<Trackpoint>
						<Time>2569-05-19T14:38:05Z</Time>
						<Position>
							<LatitudeDegrees>9.142797</LatitudeDegrees>
							<LongitudeDegrees>99.324355</LongitudeDegrees>
						</Position>
						<AltitudeMeters>38.600000</AltitudeMeters>
						<HeartRateBpm>
							<Value>83</Value>
						</HeartRateBpm>
					</Trackpoint>
					<Trackpoint>
						<Time>2569-05-19T14:38:07Z</Time>
						<Position>
							<LatitudeDegrees>9.142797</LatitudeDegrees>
							<LongitudeDegrees>99.324355</LongitudeDegrees>
						</Position>
						<AltitudeMeters>38.600000</AltitudeMeters>
						<HeartRateBpm>
							<Value>82</Value>
						</HeartRateBpm>
					</Trackpoint>
					<Trackpoint>
						<Time>2569-05-19T14:38:07Z</Time>
						<Position>
							<LatitudeDegrees>9.142797</LatitudeDegrees>
							<LongitudeDegrees>99.324355</LongitudeDegrees>
						</Position>
						<AltitudeMeters>38.600000</AltitudeMeters>
						<HeartRateBpm>
							<Value>82</Value>
						</HeartRateBpm>
					</Trackpoint>
					<Trackpoint>
						<Time>2569-05-19T14:38:09Z</Time>
						<Position>
							<LatitudeDegrees>9.142797</LatitudeDegrees>
							<LongitudeDegrees>99.324355</LongitudeDegrees>
						</Position>
						<AltitudeMeters>38.600000</AltitudeMeters>
						<HeartRateBpm>
							<Value>81</Value>
						</HeartRateBpm>
					</Trackpoint>
					<Trackpoint>
						<Time>2569-05-19T14:38:09Z</Time>
						<Position>
							<LatitudeDegrees>9.142797</LatitudeDegrees>
							<LongitudeDegrees>99.324355</LongitudeDegrees>
						</Position>
						<AltitudeMeters>38.600000</AltitudeMeters>
						<HeartRateBpm>
							<Value>81</Value>
						</HeartRateBpm>
					</Trackpoint>
					<Trackpoint>
						<Time>2569-05-19T14:38:11Z</Time>
						<Position>
							<LatitudeDegrees>9.142796</LatitudeDegrees>
							<LongitudeDegrees>99.324355</LongitudeDegrees>
						</Position>
						<AltitudeMeters>38.600000</AltitudeMeters>
						<HeartRateBpm>
							<Value>81</Value>
						</HeartRateBpm>
					</Trackpoint>
					<Trackpoint>
						<Time>2569-05-19T14:38:12Z</Time>
						<Position>
							<LatitudeDegrees>9.142796</LatitudeDegrees>
							<LongitudeDegrees>99.324355</LongitudeDegrees>
						</Position>
						<AltitudeMeters>38.600000</AltitudeMeters>
						<HeartRateBpm>
							<Value>81</Value>
						</HeartRateBpm>
					</Trackpoint>
					<Trackpoint>
						<Time>2569-05-19T14:38:13Z</Time>
						<Position>
							<LatitudeDegrees>9.142796</LatitudeDegrees>
							<LongitudeDegrees>99.324355</LongitudeDegrees>
						</Position>
						<AltitudeMeters>38.600000</AltitudeMeters>
						<HeartRateBpm>
							<Value>81</Value>
						</HeartRateBpm>
					</Trackpoint>
					<Trackpoint>
						<Time>2569-05-19T14:38:14Z</Time>
						<Position>
							<LatitudeDegrees>9.142796</LatitudeDegrees>
							<LongitudeDegrees>99.324355</LongitudeDegrees>
						</Position>
						<AltitudeMeters>38.600000</AltitudeMeters>
						<HeartRateBpm>
							<Value>82</Value>
						</HeartRateBpm>
					</Trackpoint>
					<Trackpoint>
						<Time>2569-05-19T14:38:14Z</Time>
						<Position>
							<LatitudeDegrees>9.142796</LatitudeDegrees>
							<LongitudeDegrees>99.324355</LongitudeDegrees>
						</Position>
						<AltitudeMeters>38.600000</AltitudeMeters>
						<HeartRateBpm>
							<Value>82</Value>
						</HeartRateBpm>
					</Trackpoint>
					<Trackpoint>
						<Time>2569-05-19T14:38:15Z</Time>
						<Position>
							<LatitudeDegrees>9.142796</LatitudeDegrees>
							<LongitudeDegrees>99.324355</LongitudeDegrees>
						</Position>
						<AltitudeMeters>38.600000</AltitudeMeters>
						<HeartRateBpm>
							<Value>81</Value>
						</HeartRateBpm>
					</Trackpoint>
					<Trackpoint>
						<Time>2569-05-19T14:38:16Z</Time>
						<Position>
							<LatitudeDegrees>9.142796</LatitudeDegrees>
							<LongitudeDegrees>99.324355</LongitudeDegrees>
						</Position>
						<AltitudeMeters>38.600000</AltitudeMeters>
						<HeartRateBpm>
							<Value>80</Value>
						</HeartRateBpm>
					</Trackpoint>
					<Trackpoint>
						<Time>2569-05-19T14:38:17Z</Time>
						<Position>
							<LatitudeDegrees>9.142797</LatitudeDegrees>
							<LongitudeDegrees>99.324355</LongitudeDegrees>
						</Position>
						<AltitudeMeters>38.600000</AltitudeMeters>
						<HeartRateBpm>
							<Value>81</Value>
						</HeartRateBpm>
					</Trackpoint>
					<Trackpoint>
						<Time>2569-05-19T14:38:19Z</Time>
						<Position>
							<LatitudeDegrees>9.142795</LatitudeDegrees>
							<LongitudeDegrees>99.324359</LongitudeDegrees>
						</Position>
						<AltitudeMeters>38.590000</AltitudeMeters>
					</Trackpoint>
					<Trackpoint>
						<Time>2569-05-19T14:38:20Z</Time>
						<Position>
							<LatitudeDegrees>9.142794</LatitudeDegrees>
							<LongitudeDegrees>99.324364</LongitudeDegrees>
						</Position>
						<AltitudeMeters>38.590000</AltitudeMeters>
						<HeartRateBpm>
							<Value>81</Value>
						</HeartRateBpm>
					</Trackpoint>
					<Trackpoint>
						<Time>2569-05-19T14:38:21Z</Time>
						<Position>
							<LatitudeDegrees>9.142795</LatitudeDegrees>
							<LongitudeDegrees>99.324369</LongitudeDegrees>
						</Position>
						<AltitudeMeters>38.590000</AltitudeMeters>
						<HeartRateBpm>
							<Value>81</Value>
						</HeartRateBpm>
					</Trackpoint>
					<Trackpoint>
						<Time>2569-05-19T14:38:22Z</Time>
						<Position>
							<LatitudeDegrees>9.142792</LatitudeDegrees>
							<LongitudeDegrees>99.324378</LongitudeDegrees>
						</Position>
						<AltitudeMeters>38.590000</AltitudeMeters>
						<HeartRateBpm>
							<Value>82</Value>
						</HeartRateBpm>
					</Trackpoint>
					<Trackpoint>
						<Time>2569-05-19T14:38:23Z</Time>
						<Position>
							<LatitudeDegrees>9.142790</LatitudeDegrees>
							<LongitudeDegrees>99.324388</LongitudeDegrees>
						</Position>
						<AltitudeMeters>38.590000</AltitudeMeters>
						<HeartRateBpm>
							<Value>81</Value>
						</HeartRateBpm>
					</Trackpoint>
					<Trackpoint>
						<Time>2569-05-19T14:38:24Z</Time>
						<Position>
							<LatitudeDegrees>9.142789</LatitudeDegrees>
							<LongitudeDegrees>99.324397</LongitudeDegrees>
						</Position>
						<AltitudeMeters>38.600000</AltitudeMeters>
						<HeartRateBpm>
							<Value>80</Value>
						</HeartRateBpm>
					</Trackpoint>
					<Trackpoint>
						<Time>2569-05-19T14:38:25Z</Time>
						<Position>
							<LatitudeDegrees>9.142788</LatitudeDegrees>
							<LongitudeDegrees>99.324405</LongitudeDegrees>
						</Position>
						<AltitudeMeters>38.600000</AltitudeMeters>
						<HeartRateBpm>
							<Value>80</Value>
						</HeartRateBpm>
					</Trackpoint>
					<Trackpoint>
						<Time>2569-05-19T14:38:26Z</Time>
						<Position>
							<LatitudeDegrees>9.142786</LatitudeDegrees>
							<LongitudeDegrees>99.324414</LongitudeDegrees>
						</Position>
						<AltitudeMeters>38.600000</AltitudeMeters>
						<HeartRateBpm>
							<Value>80</Value>
						</HeartRateBpm>
					</Trackpoint>
					<Trackpoint>
						<Time>2569-05-19T14:38:27Z</Time>
						<Position>
							<LatitudeDegrees>9.142782</LatitudeDegrees>
							<LongitudeDegrees>99.324425</LongitudeDegrees>
						</Position>
						<AltitudeMeters>38.600000</AltitudeMeters>
						<HeartRateBpm>
							<Value>80</Value>
						</HeartRateBpm>
					</Trackpoint>
					<Trackpoint>
						<Time>2569-05-19T14:38:28Z</Time>
						<Position>
							<LatitudeDegrees>9.142780</LatitudeDegrees>
							<LongitudeDegrees>99.324433</LongitudeDegrees>
						</Position>
						<AltitudeMeters>38.590000</AltitudeMeters>
						<HeartRateBpm>
							<Value>79</Value>
						</HeartRateBpm>
						<Extensions>
							<ns3:TPX>
								<ns3:Speed>0.630120</ns3:Speed>
							</ns3:TPX>
						</Extensions>
					</Trackpoint>
					<Trackpoint>
						<Time>2569-05-19T14:38:29Z</Time>
						<Position>
							<LatitudeDegrees>9.142777</LatitudeDegrees>
							<LongitudeDegrees>99.324440</LongitudeDegrees>
						</Position>
						<AltitudeMeters>38.580000</AltitudeMeters>
						<HeartRateBpm>
							<Value>79</Value>
						</HeartRateBpm>
						<Extensions>
							<ns3:TPX>
								<ns3:Speed>0.433460</ns3:Speed>
							</ns3:TPX>
						</Extensions>
					</Trackpoint>
					<Trackpoint>
						<Time>2569-05-19T14:38:30Z</Time>
						<Position>
							<LatitudeDegrees>9.142775</LatitudeDegrees>
							<LongitudeDegrees>99.324444</LongitudeDegrees>
						</Position>
						<AltitudeMeters>38.580000</AltitudeMeters>
						<HeartRateBpm>
							<Value>79</Value>
						</HeartRateBpm>
						<Extensions>
							<ns3:TPX>
								<ns3:Speed>0.170820</ns3:Speed>
							</ns3:TPX>
						</Extensions>
					</Trackpoint>
					<Trackpoint>
						<Time>2569-05-19T14:38:31Z</Time>
						<Position>
							<LatitudeDegrees>9.142774</LatitudeDegrees>
							<LongitudeDegrees>99.324446</LongitudeDegrees>
						</Position>
						<AltitudeMeters>38.580000</AltitudeMeters>
						<HeartRateBpm>
							<Value>79</Value>
						</HeartRateBpm>
					</Trackpoint>
					<Trackpoint>
						<Time>2569-05-19T14:38:32Z</Time>
						<Position>
							<LatitudeDegrees>9.142774</LatitudeDegrees>
							<LongitudeDegrees>99.324447</LongitudeDegrees>
						</Position>
						<AltitudeMeters>38.580000</AltitudeMeters>
						<HeartRateBpm>
							<Value>79</Value>
						</HeartRateBpm>
					</Trackpoint>
					<Trackpoint>
						<Time>2569-05-19T14:38:33Z</Time>
						<Position>
							<LatitudeDegrees>9.142773</LatitudeDegrees>
							<LongitudeDegrees>99.324447</LongitudeDegrees>
						</Position>
						<AltitudeMeters>38.580000</AltitudeMeters>
						<HeartRateBpm>
							<Value>79</Value>
						</HeartRateBpm>
					</Trackpoint>
					<Trackpoint>
						<Time>2569-05-19T14:38:34Z</Time>
						<Position>
							<LatitudeDegrees>9.142773</LatitudeDegrees>
							<LongitudeDegrees>99.324447</LongitudeDegrees>
						</Position>
						<AltitudeMeters>38.580000</AltitudeMeters>
						<HeartRateBpm>
							<Value>79</Value>
						</HeartRateBpm>
					</Trackpoint>
					<Trackpoint>
						<Time>2569-05-19T14:38:35Z</Time>
						<Position>
							<LatitudeDegrees>9.142773</LatitudeDegrees>
							<LongitudeDegrees>99.324446</LongitudeDegrees>
						</Position>
						<AltitudeMeters>38.580000</AltitudeMeters>
						<HeartRateBpm>
							<Value>80</Value>
						</HeartRateBpm>
					</Trackpoint>
					<Trackpoint>
						<Time>2569-05-19T14:38:36Z</Time>
						<Position>
							<LatitudeDegrees>9.142773</LatitudeDegrees>
							<LongitudeDegrees>99.324445</LongitudeDegrees>
						</Position>
						<AltitudeMeters>38.580000</AltitudeMeters>
						<HeartRateBpm>
							<Value>80</Value>
						</HeartRateBpm>
					</Trackpoint>
					<Trackpoint>
						<Time>2569-05-19T14:38:37Z</Time>
						<Position>
							<LatitudeDegrees>9.142773</LatitudeDegrees>
							<LongitudeDegrees>99.324444</LongitudeDegrees>
						</Position>
						<AltitudeMeters>38.580000</AltitudeMeters>
						<HeartRateBpm>
							<Value>80</Value>
						</HeartRateBpm>
					</Trackpoint>
					<Trackpoint>
						<Time>2569-05-19T14:38:38Z</Time>
						<Position>
							<LatitudeDegrees>9.142773</LatitudeDegrees>
							<LongitudeDegrees>99.324442</LongitudeDegrees>
						</Position>
						<AltitudeMeters>38.580000</AltitudeMeters>
						<HeartRateBpm>
							<Value>81</Value>
						</HeartRateBpm>
					</Trackpoint>
					<Trackpoint>
						<Time>2569-05-19T14:38:39Z</Time>
						<Position>
							<LatitudeDegrees>9.142773</LatitudeDegrees>
							<LongitudeDegrees>99.324439</LongitudeDegrees>
						</Position>
						<AltitudeMeters>38.580000</AltitudeMeters>
						<HeartRateBpm>
							<Value>82</Value>
						</HeartRateBpm>
					</Trackpoint>
					<Trackpoint>
						<Time>2569-05-19T14:38:40Z</Time>
						<Position>
							<LatitudeDegrees>9.142773</LatitudeDegrees>
							<LongitudeDegrees>99.324418</LongitudeDegrees>
						</Position>
						<AltitudeMeters>38.590000</AltitudeMeters>
						<HeartRateBpm>
							<Value>82</Value>
						</HeartRateBpm>
					</Trackpoint>
					<Trackpoint>
						<Time>2569-05-19T14:38:41Z</Time>
						<Position>
							<LatitudeDegrees>9.142771</LatitudeDegrees>
							<LongitudeDegrees>99.324401</LongitudeDegrees>
						</Position>
						<AltitudeMeters>38.580000</AltitudeMeters>
						<HeartRateBpm>
							<Value>83</Value>
						</HeartRateBpm>
					</Trackpoint>
					<Trackpoint>
						<Time>2569-05-19T14:38:42Z</Time>
						<Position>
							<LatitudeDegrees>9.142773</LatitudeDegrees>
							<LongitudeDegrees>99.324385</LongitudeDegrees>
						</Position>
						<AltitudeMeters>38.580000</AltitudeMeters>
						<HeartRateBpm>
							<Value>84</Value>
						</HeartRateBpm>
					</Trackpoint>
					<Trackpoint>
						<Time>2569-05-19T14:38:43Z</Time>
						<Position>
							<LatitudeDegrees>9.142773</LatitudeDegrees>
							<LongitudeDegrees>99.324375</LongitudeDegrees>
						</Position>
						<AltitudeMeters>38.580000</AltitudeMeters>
						<HeartRateBpm>
							<Value>86</Value>
						</HeartRateBpm>
					</Trackpoint>
					<Trackpoint>
						<Time>2569-05-19T14:38:44Z</Time>
						<Position>
							<LatitudeDegrees>9.142774</LatitudeDegrees>
							<LongitudeDegrees>99.324369</LongitudeDegrees>
						</Position>
						<AltitudeMeters>38.580000</AltitudeMeters>
						<HeartRateBpm>
							<Value>86</Value>
						</HeartRateBpm>
					</Trackpoint>
					<Trackpoint>
						<Time>2569-05-19T14:38:45Z</Time>
						<Position>
							<LatitudeDegrees>9.142774</LatitudeDegrees>
							<LongitudeDegrees>99.324364</LongitudeDegrees>
						</Position>
						<AltitudeMeters>38.580000</AltitudeMeters>
						<HeartRateBpm>
							<Value>86</Value>
						</HeartRateBpm>
					</Trackpoint>
					<Trackpoint>
						<Time>2569-05-19T14:38:46Z</Time>
						<Position>
							<LatitudeDegrees>9.142773</LatitudeDegrees>
							<LongitudeDegrees>99.324362</LongitudeDegrees>
						</Position>
						<AltitudeMeters>38.580000</AltitudeMeters>
						<HeartRateBpm>
							<Value>87</Value>
						</HeartRateBpm>
					</Trackpoint>
					<Trackpoint>
						<Time>2569-05-19T14:38:47Z</Time>
						<Position>
							<LatitudeDegrees>9.142771</LatitudeDegrees>
							<LongitudeDegrees>99.324353</LongitudeDegrees>
						</Position>
						<AltitudeMeters>38.580000</AltitudeMeters>
						<HeartRateBpm>
							<Value>87</Value>
						</HeartRateBpm>
					</Trackpoint>
					<Trackpoint>
						<Time>2569-05-19T14:38:48Z</Time>
						<Position>
							<LatitudeDegrees>9.142770</LatitudeDegrees>
							<LongitudeDegrees>99.324347</LongitudeDegrees>
						</Position>
						<AltitudeMeters>38.580000</AltitudeMeters>
						<HeartRateBpm>
							<Value>87</Value>
						</HeartRateBpm>
					</Trackpoint>
					<Trackpoint>
						<Time>2569-05-19T14:38:49Z</Time>
						<Position>
							<LatitudeDegrees>9.142770</LatitudeDegrees>
							<LongitudeDegrees>99.324345</LongitudeDegrees>
						</Position>
						<AltitudeMeters>38.580000</AltitudeMeters>
						<HeartRateBpm>
							<Value>87</Value>
						</HeartRateBpm>
					</Trackpoint>
					<Trackpoint>
						<Time>2569-05-19T14:38:50Z</Time>
						<Position>
							<LatitudeDegrees>9.142771</LatitudeDegrees>
							<LongitudeDegrees>99.324343</LongitudeDegrees>
						</Position>
						<AltitudeMeters>38.580000</AltitudeMeters>
						<HeartRateBpm>
							<Value>87</Value>
						</HeartRateBpm>
					</Trackpoint>
					<Trackpoint>
						<Time>2569-05-19T14:38:51Z</Time>
						<Position>
							<LatitudeDegrees>9.142771</LatitudeDegrees>
							<LongitudeDegrees>99.324343</LongitudeDegrees>
						</Position>
						<AltitudeMeters>38.580000</AltitudeMeters>
						<HeartRateBpm>
							<Value>87</Value>
						</HeartRateBpm>
					</Trackpoint>
					<Trackpoint>
						<Time>2569-05-19T14:38:52Z</Time>
						<Position>
							<LatitudeDegrees>9.142770</LatitudeDegrees>
							<LongitudeDegrees>99.324343</LongitudeDegrees>
						</Position>
						<AltitudeMeters>38.580000</AltitudeMeters>
						<HeartRateBpm>
							<Value>89</Value>
						</HeartRateBpm>
					</Trackpoint>
					<Trackpoint>
						<Time>2569-05-19T14:38:53Z</Time>
						<Position>
							<LatitudeDegrees>9.142770</LatitudeDegrees>
							<LongitudeDegrees>99.324343</LongitudeDegrees>
						</Position>
						<AltitudeMeters>38.580000</AltitudeMeters>
						<HeartRateBpm>
							<Value>89</Value>
						</HeartRateBpm>
					</Trackpoint>
					<Trackpoint>
						<Time>2569-05-19T14:38:54Z</Time>
						<Position>
							<LatitudeDegrees>9.142771</LatitudeDegrees>
							<LongitudeDegrees>99.324344</LongitudeDegrees>
						</Position>
						<AltitudeMeters>38.580000</AltitudeMeters>
						<HeartRateBpm>
							<Value>89</Value>
						</HeartRateBpm>
					</Trackpoint>
					<Trackpoint>
						<Time>2569-05-19T14:38:55Z</Time>
						<Position>
							<LatitudeDegrees>9.142770</LatitudeDegrees>
							<LongitudeDegrees>99.324344</LongitudeDegrees>
						</Position>
						<AltitudeMeters>38.580000</AltitudeMeters>
						<HeartRateBpm>
							<Value>88</Value>
						</HeartRateBpm>
					</Trackpoint>
					<Trackpoint>
						<Time>2569-05-19T14:38:56Z</Time>
						<Position>
							<LatitudeDegrees>9.142768</LatitudeDegrees>
							<LongitudeDegrees>99.324344</LongitudeDegrees>
						</Position>
						<AltitudeMeters>38.580000</AltitudeMeters>
						<HeartRateBpm>
							<Value>89</Value>
						</HeartRateBpm>
					</Trackpoint>
					<Trackpoint>
						<Time>2569-05-19T14:38:57Z</Time>
						<Position>
							<LatitudeDegrees>9.142766</LatitudeDegrees>
							<LongitudeDegrees>99.324345</LongitudeDegrees>
						</Position>
						<AltitudeMeters>38.580000</AltitudeMeters>
						<HeartRateBpm>
							<Value>90</Value>
						</HeartRateBpm>
					</Trackpoint>
					<Trackpoint>
						<Time>2569-05-19T14:38:58Z</Time>
						<Position>
							<LatitudeDegrees>9.142764</LatitudeDegrees>
							<LongitudeDegrees>99.324346</LongitudeDegrees>
						</Position>
						<AltitudeMeters>38.580000</AltitudeMeters>
						<HeartRateBpm>
							<Value>90</Value>
						</HeartRateBpm>
					</Trackpoint>
					<Trackpoint>
						<Time>2569-05-19T14:38:59Z</Time>
						<Position>
							<LatitudeDegrees>9.142762</LatitudeDegrees>
							<LongitudeDegrees>99.324347</LongitudeDegrees>
						</Position>
						<AltitudeMeters>38.580000</AltitudeMeters>
						<HeartRateBpm>
							<Value>90</Value>
						</HeartRateBpm>
					</Trackpoint>
					<Trackpoint>
						<Time>2569-05-19T14:39:00Z</Time>
						<Position>
							<LatitudeDegrees>9.142761</LatitudeDegrees>
							<LongitudeDegrees>99.324349</LongitudeDegrees>
						</Position>
						<AltitudeMeters>38.580000</AltitudeMeters>
						<HeartRateBpm>
							<Value>89</Value>
						</HeartRateBpm>
					</Trackpoint>
					<Trackpoint>
						<Time>2569-05-19T14:39:01Z</Time>
						<Position>
							<LatitudeDegrees>9.142760</LatitudeDegrees>
							<LongitudeDegrees>99.324359</LongitudeDegrees>
						</Position>
						<AltitudeMeters>38.580000</AltitudeMeters>
						<HeartRateBpm>
							<Value>89</Value>
						</HeartRateBpm>
					</Trackpoint>
					<Trackpoint>
						<Time>2569-05-19T14:39:02Z</Time>
						<Position>
							<LatitudeDegrees>9.142759</LatitudeDegrees>
							<LongitudeDegrees>99.324369</LongitudeDegrees>
						</Position>
						<AltitudeMeters>38.580000</AltitudeMeters>
						<HeartRateBpm>
							<Value>88</Value>
						</HeartRateBpm>
					</Trackpoint>
					<Trackpoint>
						<Time>2569-05-19T14:39:03Z</Time>
						<Position>
							<LatitudeDegrees>9.142759</LatitudeDegrees>
							<LongitudeDegrees>99.324377</LongitudeDegrees>
						</Position>
						<AltitudeMeters>38.580000</AltitudeMeters>
						<HeartRateBpm>
							<Value>88</Value>
						</HeartRateBpm>
					</Trackpoint>
					<Trackpoint>
						<Time>2569-05-19T14:39:04Z</Time>
						<Position>
							<LatitudeDegrees>9.142759</LatitudeDegrees>
							<LongitudeDegrees>99.324383</LongitudeDegrees>
						</Position>
						<AltitudeMeters>38.580000</AltitudeMeters>
						<HeartRateBpm>
							<Value>87</Value>
						</HeartRateBpm>
					</Trackpoint>
					<Trackpoint>
						<Time>2569-05-19T14:39:05Z</Time>
						<Position>
							<LatitudeDegrees>9.142758</LatitudeDegrees>
							<LongitudeDegrees>99.324388</LongitudeDegrees>
						</Position>
						<AltitudeMeters>38.580000</AltitudeMeters>
						<HeartRateBpm>
							<Value>87</Value>
						</HeartRateBpm>
					</Trackpoint>
					<Trackpoint>
						<Time>2569-05-19T14:39:06Z</Time>
						<Position>
							<LatitudeDegrees>9.142758</LatitudeDegrees>
							<LongitudeDegrees>99.324392</LongitudeDegrees>
						</Position>
						<AltitudeMeters>38.580000</AltitudeMeters>
						<HeartRateBpm>
							<Value>86</Value>
						</HeartRateBpm>
					</Trackpoint>
					<Trackpoint>
						<Time>2569-05-19T14:39:07Z</Time>
						<Position>
							<LatitudeDegrees>9.142758</LatitudeDegrees>
							<LongitudeDegrees>99.324395</LongitudeDegrees>
						</Position>
						<AltitudeMeters>38.570000</AltitudeMeters>
						<HeartRateBpm>
							<Value>85</Value>
						</HeartRateBpm>
					</Trackpoint>
					<Trackpoint>
						<Time>2569-05-19T14:39:08Z</Time>
						<Position>
							<LatitudeDegrees>9.142758</LatitudeDegrees>
							<LongitudeDegrees>99.324397</LongitudeDegrees>
						</Position>
						<AltitudeMeters>38.570000</AltitudeMeters>
						<HeartRateBpm>
							<Value>85</Value>
						</HeartRateBpm>
					</Trackpoint>
					<Trackpoint>
						<Time>2569-05-19T14:39:09Z</Time>
						<Position>
							<LatitudeDegrees>9.142757</LatitudeDegrees>
							<LongitudeDegrees>99.324399</LongitudeDegrees>
						</Position>
						<AltitudeMeters>38.570000</AltitudeMeters>
						<HeartRateBpm>
							<Value>85</Value>
						</HeartRateBpm>
					</Trackpoint>
					<Trackpoint>
						<Time>2569-05-19T14:39:10Z</Time>
						<Position>
							<LatitudeDegrees>9.142757</LatitudeDegrees>
							<LongitudeDegrees>99.324400</LongitudeDegrees>
						</Position>
						<AltitudeMeters>38.570000</AltitudeMeters>
						<HeartRateBpm>
							<Value>86</Value>
						</HeartRateBpm>
					</Trackpoint>
					<Trackpoint>
						<Time>2569-05-19T14:39:11Z</Time>
						<Position>
							<LatitudeDegrees>9.142756</LatitudeDegrees>
							<LongitudeDegrees>99.324401</LongitudeDegrees>
						</Position>
						<AltitudeMeters>38.570000</AltitudeMeters>
						<HeartRateBpm>
							<Value>85</Value>
						</HeartRateBpm>
					</Trackpoint>
					<Trackpoint>
						<Time>2569-05-19T14:39:12Z</Time>
						<Position>
							<LatitudeDegrees>9.142754</LatitudeDegrees>
							<LongitudeDegrees>99.324401</LongitudeDegrees>
						</Position>
						<AltitudeMeters>38.570000</AltitudeMeters>
						<HeartRateBpm>
							<Value>85</Value>
						</HeartRateBpm>
					</Trackpoint>
					<Trackpoint>
						<Time>2569-05-19T14:39:13Z</Time>
						<Position>
							<LatitudeDegrees>9.142754</LatitudeDegrees>
							<LongitudeDegrees>99.324402</LongitudeDegrees>
						</Position>
						<AltitudeMeters>38.570000</AltitudeMeters>
						<HeartRateBpm>
							<Value>84</Value>
						</HeartRateBpm>
					</Trackpoint>
					<Trackpoint>
						<Time>2569-05-19T14:39:14Z</Time>
						<Position>
							<LatitudeDegrees>9.142752</LatitudeDegrees>
							<LongitudeDegrees>99.324402</LongitudeDegrees>
						</Position>
						<AltitudeMeters>38.570000</AltitudeMeters>
						<HeartRateBpm>
							<Value>84</Value>
						</HeartRateBpm>
					</Trackpoint>
					<Trackpoint>
						<Time>2569-05-19T14:39:15Z</Time>
						<Position>
							<LatitudeDegrees>9.142752</LatitudeDegrees>
							<LongitudeDegrees>99.324402</LongitudeDegrees>
						</Position>
						<AltitudeMeters>38.570000</AltitudeMeters>
						<HeartRateBpm>
							<Value>84</Value>
						</HeartRateBpm>
					</Trackpoint>
					<Trackpoint>
						<Time>2569-05-19T14:39:16Z</Time>
						<Position>
							<LatitudeDegrees>9.142751</LatitudeDegrees>
							<LongitudeDegrees>99.324402</LongitudeDegrees>
						</Position>
						<AltitudeMeters>38.570000</AltitudeMeters>
						<HeartRateBpm>
							<Value>83</Value>
						</HeartRateBpm>
					</Trackpoint>
					<Trackpoint>
						<Time>2569-05-19T14:39:17Z</Time>
						<Position>
							<LatitudeDegrees>9.142750</LatitudeDegrees>
							<LongitudeDegrees>99.324402</LongitudeDegrees>
						</Position>
						<AltitudeMeters>38.570000</AltitudeMeters>
						<HeartRateBpm>
							<Value>83</Value>
						</HeartRateBpm>
					</Trackpoint>
					<Trackpoint>
						<Time>2569-05-19T14:39:18Z</Time>
						<Position>
							<LatitudeDegrees>9.142749</LatitudeDegrees>
							<LongitudeDegrees>99.324402</LongitudeDegrees>
						</Position>
						<AltitudeMeters>38.570000</AltitudeMeters>
						<HeartRateBpm>
							<Value>86</Value>
						</HeartRateBpm>
					</Trackpoint>
					<Trackpoint>
						<Time>2569-05-19T14:41:09Z</Time>
						<Position>
							<LatitudeDegrees>9.142684</LatitudeDegrees>
							<LongitudeDegrees>99.324287</LongitudeDegrees>
						</Position>
						<AltitudeMeters>38.580000</AltitudeMeters>
						<HeartRateBpm>
							<Value>80</Value>
						</HeartRateBpm>
					</Trackpoint>
					<Trackpoint>
						<Time>2569-05-19T14:41:10Z</Time>
						<Position>
							<LatitudeDegrees>9.142684</LatitudeDegrees>
							<LongitudeDegrees>99.324287</LongitudeDegrees>
						</Position>
						<AltitudeMeters>38.580000</AltitudeMeters>
						<HeartRateBpm>
							<Value>80</Value>
						</HeartRateBpm>
						<Cadence>30</Cadence>
						<Extensions>
							<ns3:TPX>
								<ns3:Speed>1.116070</ns3:Speed>
							</ns3:TPX>
						</Extensions>
					</Trackpoint>
					<Trackpoint>
						<Time>2569-05-19T14:41:11Z</Time>
						<Position>
							<LatitudeDegrees>9.142685</LatitudeDegrees>
							<LongitudeDegrees>99.324287</LongitudeDegrees>
						</Position>
						<AltitudeMeters>38.580000</AltitudeMeters>
						<HeartRateBpm>
							<Value>80</Value>
						</HeartRateBpm>
						<Cadence>31</Cadence>
						<Extensions>
							<ns3:TPX>
								<ns3:Speed>0.843880</ns3:Speed>
							</ns3:TPX>
						</Extensions>
					</Trackpoint>
					<Trackpoint>
						<Time>2569-05-19T14:41:12Z</Time>
						<Position>
							<LatitudeDegrees>9.142685</LatitudeDegrees>
							<LongitudeDegrees>99.324288</LongitudeDegrees>
						</Position>
						<AltitudeMeters>38.580000</AltitudeMeters>
						<HeartRateBpm>
							<Value>80</Value>
						</HeartRateBpm>
						<Extensions>
							<ns3:TPX>
								<ns3:Speed>0.445040</ns3:Speed>
							</ns3:TPX>
						</Extensions>
					</Trackpoint>
					<Trackpoint>
						<Time>2569-05-19T14:41:13Z</Time>
						<Position>
							<LatitudeDegrees>9.142685</LatitudeDegrees>
							<LongitudeDegrees>99.324289</LongitudeDegrees>
						</Position>
						<AltitudeMeters>38.580000</AltitudeMeters>
						<HeartRateBpm>
							<Value>80</Value>
						</HeartRateBpm>
					</Trackpoint>
					<Trackpoint>
						<Time>2569-05-19T14:41:14Z</Time>
						<Position>
							<LatitudeDegrees>9.142685</LatitudeDegrees>
							<LongitudeDegrees>99.324290</LongitudeDegrees>
						</Position>
						<AltitudeMeters>38.580000</AltitudeMeters>
						<HeartRateBpm>
							<Value>80</Value>
						</HeartRateBpm>
					</Trackpoint>
					<Trackpoint>
						<Time>2569-05-19T14:41:15Z</Time>
						<Position>
							<LatitudeDegrees>9.142685</LatitudeDegrees>
							<LongitudeDegrees>99.324290</LongitudeDegrees>
						</Position>
						<AltitudeMeters>38.580000</AltitudeMeters>
						<HeartRateBpm>
							<Value>82</Value>
						</HeartRateBpm>
					</Trackpoint>
					<Trackpoint>
						<Time>2569-05-19T14:41:16Z</Time>
						<Position>
							<LatitudeDegrees>9.142684</LatitudeDegrees>
							<LongitudeDegrees>99.324291</LongitudeDegrees>
						</Position>
						<AltitudeMeters>38.580000</AltitudeMeters>
						<HeartRateBpm>
							<Value>82</Value>
						</HeartRateBpm>
					</Trackpoint>
					<Trackpoint>
						<Time>2569-05-19T14:41:17Z</Time>
						<Position>
							<LatitudeDegrees>9.142684</LatitudeDegrees>
							<LongitudeDegrees>99.324291</LongitudeDegrees>
						</Position>
						<AltitudeMeters>38.580000</AltitudeMeters>
						<HeartRateBpm>
							<Value>82</Value>
						</HeartRateBpm>
						<Extensions>
							<ns3:TPX>
								<ns3:Speed>0.327230</ns3:Speed>
							</ns3:TPX>
						</Extensions>
					</Trackpoint>
					<Trackpoint>
						<Time>2569-05-19T14:41:18Z</Time>
						<Position>
							<LatitudeDegrees>9.142684</LatitudeDegrees>
							<LongitudeDegrees>99.324292</LongitudeDegrees>
						</Position>
						<AltitudeMeters>38.580000</AltitudeMeters>
						<HeartRateBpm>
							<Value>81</Value>
						</HeartRateBpm>
					</Trackpoint>
					<Trackpoint>
						<Time>2569-05-19T14:41:19Z</Time>
						<Position>
							<LatitudeDegrees>9.142685</LatitudeDegrees>
							<LongitudeDegrees>99.324293</LongitudeDegrees>
						</Position>
						<AltitudeMeters>38.580000</AltitudeMeters>
						<HeartRateBpm>
							<Value>80</Value>
						</HeartRateBpm>
					</Trackpoint>
					<Trackpoint>
						<Time>2569-05-19T14:41:20Z</Time>
						<Position>
							<LatitudeDegrees>9.142685</LatitudeDegrees>
							<LongitudeDegrees>99.324294</LongitudeDegrees>
						</Position>
						<AltitudeMeters>38.580000</AltitudeMeters>
						<HeartRateBpm>
							<Value>80</Value>
						</HeartRateBpm>
					</Trackpoint>
					<Trackpoint>
						<Time>2569-05-19T14:41:21Z</Time>
						<Position>
							<LatitudeDegrees>9.142685</LatitudeDegrees>
							<LongitudeDegrees>99.324295</LongitudeDegrees>
						</Position>
						<AltitudeMeters>38.580000</AltitudeMeters>
						<HeartRateBpm>
							<Value>80</Value>
						</HeartRateBpm>
					</Trackpoint>
					<Trackpoint>
						<Time>2569-05-19T14:41:22Z</Time>
						<Position>
							<LatitudeDegrees>9.142686</LatitudeDegrees>
							<LongitudeDegrees>99.324295</LongitudeDegrees>
						</Position>
						<AltitudeMeters>38.580000</AltitudeMeters>
						<HeartRateBpm>
							<Value>80</Value>
						</HeartRateBpm>
					</Trackpoint>
					<Trackpoint>
						<Time>2569-05-19T14:41:23Z</Time>
						<Position>
							<LatitudeDegrees>9.142686</LatitudeDegrees>
							<LongitudeDegrees>99.324296</LongitudeDegrees>
						</Position>
						<AltitudeMeters>38.580000</AltitudeMeters>
						<HeartRateBpm>
							<Value>82</Value>
						</HeartRateBpm>
					</Trackpoint>
					<Trackpoint>
						<Time>2569-05-19T14:41:23Z</Time>
						<Position>
							<LatitudeDegrees>9.142686</LatitudeDegrees>
							<LongitudeDegrees>99.324296</LongitudeDegrees>
						</Position>
						<AltitudeMeters>38.580000</AltitudeMeters>
						<HeartRateBpm>
							<Value>82</Value>
						</HeartRateBpm>
					</Trackpoint>
					<Trackpoint>
						<Time>2569-05-19T14:41:24Z</Time>
						<Position>
							<LatitudeDegrees>9.142686</LatitudeDegrees>
							<LongitudeDegrees>99.324296</LongitudeDegrees>
						</Position>
						<AltitudeMeters>38.580000</AltitudeMeters>
						<HeartRateBpm>
							<Value>83</Value>
						</HeartRateBpm>
					</Trackpoint>
					<Trackpoint>
						<Time>2569-05-19T14:41:26Z</Time>
						<Position>
							<LatitudeDegrees>9.142686</LatitudeDegrees>
							<LongitudeDegrees>99.324295</LongitudeDegrees>
						</Position>
						<AltitudeMeters>38.580000</AltitudeMeters>
						<HeartRateBpm>
							<Value>86</Value>
						</HeartRateBpm>
					</Trackpoint>
					<Trackpoint>
						<Time>2569-05-19T14:41:26Z</Time>
						<Position>
							<LatitudeDegrees>9.142686</LatitudeDegrees>
							<LongitudeDegrees>99.324295</LongitudeDegrees>
						</Position>
						<AltitudeMeters>38.580000</AltitudeMeters>
						<HeartRateBpm>
							<Value>86</Value>
						</HeartRateBpm>
					</Trackpoint>
					<Trackpoint>
						<Time>2569-05-19T14:41:27Z</Time>
						<Position>
							<LatitudeDegrees>9.142684</LatitudeDegrees>
							<LongitudeDegrees>99.324292</LongitudeDegrees>
						</Position>
						<AltitudeMeters>38.580000</AltitudeMeters>
						<HeartRateBpm>
							<Value>87</Value>
						</HeartRateBpm>
					</Trackpoint>
					<Trackpoint>
						<Time>2569-05-19T14:41:28Z</Time>
						<Position>
							<LatitudeDegrees>9.142682</LatitudeDegrees>
							<LongitudeDegrees>99.324287</LongitudeDegrees>
						</Position>
						<AltitudeMeters>38.580000</AltitudeMeters>
						<HeartRateBpm>
							<Value>87</Value>
						</HeartRateBpm>
					</Trackpoint>
					<Trackpoint>
						<Time>2569-05-19T14:41:29Z</Time>
						<Position>
							<LatitudeDegrees>9.142677</LatitudeDegrees>
							<LongitudeDegrees>99.324280</LongitudeDegrees>
						</Position>
						<AltitudeMeters>38.570000</AltitudeMeters>
						<HeartRateBpm>
							<Value>87</Value>
						</HeartRateBpm>
					</Trackpoint>
					<Trackpoint>
						<Time>2569-05-19T14:41:30Z</Time>
						<Position>
							<LatitudeDegrees>9.142673</LatitudeDegrees>
							<LongitudeDegrees>99.324274</LongitudeDegrees>
						</Position>
						<AltitudeMeters>38.570000</AltitudeMeters>
						<HeartRateBpm>
							<Value>87</Value>
						</HeartRateBpm>
					</Trackpoint>
					<Trackpoint>
						<Time>2569-05-19T14:41:31Z</Time>
						<Position>
							<LatitudeDegrees>9.142669</LatitudeDegrees>
							<LongitudeDegrees>99.324268</LongitudeDegrees>
						</Position>
						<AltitudeMeters>38.570000</AltitudeMeters>
						<HeartRateBpm>
							<Value>88</Value>
						</HeartRateBpm>
					</Trackpoint>
					<Trackpoint>
						<Time>2569-05-19T14:41:32Z</Time>
						<Position>
							<LatitudeDegrees>9.142667</LatitudeDegrees>
							<LongitudeDegrees>99.324265</LongitudeDegrees>
						</Position>
						<AltitudeMeters>38.570000</AltitudeMeters>
						<HeartRateBpm>
							<Value>88</Value>
						</HeartRateBpm>
					</Trackpoint>
					<Trackpoint>
						<Time>2569-05-19T14:41:33Z</Time>
						<Position>
							<LatitudeDegrees>9.142665</LatitudeDegrees>
							<LongitudeDegrees>99.324262</LongitudeDegrees>
						</Position>
						<AltitudeMeters>38.570000</AltitudeMeters>
						<HeartRateBpm>
							<Value>88</Value>
						</HeartRateBpm>
					</Trackpoint>
					<Trackpoint>
						<Time>2569-05-19T14:41:34Z</Time>
						<Position>
							<LatitudeDegrees>9.142664</LatitudeDegrees>
							<LongitudeDegrees>99.324260</LongitudeDegrees>
						</Position>
						<AltitudeMeters>38.570000</AltitudeMeters>
						<HeartRateBpm>
							<Value>88</Value>
						</HeartRateBpm>
					</Trackpoint>
					<Trackpoint>
						<Time>2569-05-19T14:41:35Z</Time>
						<Position>
							<LatitudeDegrees>9.142663</LatitudeDegrees>
							<LongitudeDegrees>99.324259</LongitudeDegrees>
						</Position>
						<AltitudeMeters>38.580000</AltitudeMeters>
						<HeartRateBpm>
							<Value>89</Value>
						</HeartRateBpm>
					</Trackpoint>
					<Trackpoint>
						<Time>2569-05-19T14:41:36Z</Time>
						<Position>
							<LatitudeDegrees>9.142663</LatitudeDegrees>
							<LongitudeDegrees>99.324259</LongitudeDegrees>
						</Position>
						<AltitudeMeters>38.580000</AltitudeMeters>
						<HeartRateBpm>
							<Value>89</Value>
						</HeartRateBpm>
					</Trackpoint>
					<Trackpoint>
						<Time>2569-05-19T14:41:38Z</Time>
						<Position>
							<LatitudeDegrees>9.142663</LatitudeDegrees>
							<LongitudeDegrees>99.324259</LongitudeDegrees>
						</Position>
						<AltitudeMeters>38.580000</AltitudeMeters>
						<HeartRateBpm>
							<Value>90</Value>
						</HeartRateBpm>
					</Trackpoint>
					<Trackpoint>
						<Time>2569-05-19T14:42:03Z</Time>
						<Position>
							<LatitudeDegrees>9.142661</LatitudeDegrees>
							<LongitudeDegrees>99.324254</LongitudeDegrees>
						</Position>
						<AltitudeMeters>38.580000</AltitudeMeters>
						<HeartRateBpm>
							<Value>92</Value>
						</HeartRateBpm>
					</Trackpoint>
					<Trackpoint>
						<Time>2569-05-19T14:42:05Z</Time>
						<Position>
							<LatitudeDegrees>9.142661</LatitudeDegrees>
							<LongitudeDegrees>99.324255</LongitudeDegrees>
						</Position>
						<AltitudeMeters>38.580000</AltitudeMeters>
						<HeartRateBpm>
							<Value>90</Value>
						</HeartRateBpm>
					</Trackpoint>
					<Trackpoint>
						<Time>2569-05-19T14:42:06Z</Time>
						<Position>
							<LatitudeDegrees>9.142662</LatitudeDegrees>
							<LongitudeDegrees>99.324257</LongitudeDegrees>
						</Position>
						<AltitudeMeters>38.580000</AltitudeMeters>
						<HeartRateBpm>
							<Value>90</Value>
						</HeartRateBpm>
					</Trackpoint>
					<Trackpoint>
						<Time>2569-05-19T14:42:07Z</Time>
						<Position>
							<LatitudeDegrees>9.142662</LatitudeDegrees>
							<LongitudeDegrees>99.324258</LongitudeDegrees>
						</Position>
						<AltitudeMeters>38.580000</AltitudeMeters>
						<HeartRateBpm>
							<Value>89</Value>
						</HeartRateBpm>
					</Trackpoint>
					<Trackpoint>
						<Time>2569-05-19T14:42:08Z</Time>
						<Position>
							<LatitudeDegrees>9.142668</LatitudeDegrees>
							<LongitudeDegrees>99.324269</LongitudeDegrees>
						</Position>
						<AltitudeMeters>38.570000</AltitudeMeters>
						<HeartRateBpm>
							<Value>88</Value>
						</HeartRateBpm>
					</Trackpoint>
					<Trackpoint>
						<Time>2569-05-19T14:42:09Z</Time>
						<Position>
							<LatitudeDegrees>9.142677</LatitudeDegrees>
							<LongitudeDegrees>99.324283</LongitudeDegrees>
						</Position>
						<AltitudeMeters>38.570000</AltitudeMeters>
						<HeartRateBpm>
							<Value>86</Value>
						</HeartRateBpm>
						<Extensions>
							<ns3:TPX>
								<ns3:Speed>0.155880</ns3:Speed>
							</ns3:TPX>
						</Extensions>
					</Trackpoint>
					<Trackpoint>
						<Time>2569-05-19T14:42:10Z</Time>
						<Position>
							<LatitudeDegrees>9.142684</LatitudeDegrees>
							<LongitudeDegrees>99.324296</LongitudeDegrees>
						</Position>
						<AltitudeMeters>38.580000</AltitudeMeters>
						<HeartRateBpm>
							<Value>87</Value>
						</HeartRateBpm>
						<Extensions>
							<ns3:TPX>
								<ns3:Speed>0.219680</ns3:Speed>
							</ns3:TPX>
						</Extensions>
					</Trackpoint>
					<Trackpoint>
						<Time>2569-05-19T14:42:11Z</Time>
						<Position>
							<LatitudeDegrees>9.142693</LatitudeDegrees>
							<LongitudeDegrees>99.324313</LongitudeDegrees>
						</Position>
						<AltitudeMeters>38.580000</AltitudeMeters>
						<HeartRateBpm>
							<Value>86</Value>
						</HeartRateBpm>
						<Extensions>
							<ns3:TPX>
								<ns3:Speed>0.268100</ns3:Speed>
							</ns3:TPX>
						</Extensions>
					</Trackpoint>
					<Trackpoint>
						<Time>2569-05-19T14:42:11Z</Time>
						<Position>
							<LatitudeDegrees>9.142693</LatitudeDegrees>
							<LongitudeDegrees>99.324313</LongitudeDegrees>
						</Position>
						<AltitudeMeters>38.580000</AltitudeMeters>
						<HeartRateBpm>
							<Value>86</Value>
						</HeartRateBpm>
						<Extensions>
							<ns3:TPX>
								<ns3:Speed>0.268100</ns3:Speed>
							</ns3:TPX>
						</Extensions>
					</Trackpoint>
					<Trackpoint>
						<Time>2569-05-19T14:42:12Z</Time>
						<Position>
							<LatitudeDegrees>9.142697</LatitudeDegrees>
							<LongitudeDegrees>99.324320</LongitudeDegrees>
						</Position>
						<AltitudeMeters>38.590000</AltitudeMeters>
						<HeartRateBpm>
							<Value>85</Value>
						</HeartRateBpm>
						<Extensions>
							<ns3:TPX>
								<ns3:Speed>0.275030</ns3:Speed>
							</ns3:TPX>
						</Extensions>
					</Trackpoint>
					<Trackpoint>
						<Time>2569-05-19T14:42:13Z</Time>
						<Position>
							<LatitudeDegrees>9.142699</LatitudeDegrees>
							<LongitudeDegrees>99.324324</LongitudeDegrees>
						</Position>
						<AltitudeMeters>38.590000</AltitudeMeters>
						<HeartRateBpm>
							<Value>84</Value>
						</HeartRateBpm>
						<Extensions>
							<ns3:TPX>
								<ns3:Speed>0.270640</ns3:Speed>
							</ns3:TPX>
						</Extensions>
					</Trackpoint>
					<Trackpoint>
						<Time>2569-05-19T14:42:14Z</Time>
						<Position>
							<LatitudeDegrees>9.142701</LatitudeDegrees>
							<LongitudeDegrees>99.324327</LongitudeDegrees>
						</Position>
						<AltitudeMeters>38.590000</AltitudeMeters>
						<HeartRateBpm>
							<Value>84</Value>
						</HeartRateBpm>
						<Extensions>
							<ns3:TPX>
								<ns3:Speed>0.250500</ns3:Speed>
							</ns3:TPX>
						</Extensions>
					</Trackpoint>
					<Trackpoint>
						<Time>2569-05-19T14:42:15Z</Time>
						<Position>
							<LatitudeDegrees>9.142699</LatitudeDegrees>
							<LongitudeDegrees>99.324327</LongitudeDegrees>
						</Position>
						<AltitudeMeters>38.590000</AltitudeMeters>
						<HeartRateBpm>
							<Value>83</Value>
						</HeartRateBpm>
						<Extensions>
							<ns3:TPX>
								<ns3:Speed>0.250380</ns3:Speed>
							</ns3:TPX>
						</Extensions>
					</Trackpoint>
					<Trackpoint>
						<Time>2569-05-19T14:42:16Z</Time>
						<Position>
							<LatitudeDegrees>9.142697</LatitudeDegrees>
							<LongitudeDegrees>99.324326</LongitudeDegrees>
						</Position>
						<AltitudeMeters>38.590000</AltitudeMeters>
						<HeartRateBpm>
							<Value>83</Value>
						</HeartRateBpm>
					</Trackpoint>
					<Trackpoint>
						<Time>2569-05-19T14:42:17Z</Time>
						<Position>
							<LatitudeDegrees>9.142695</LatitudeDegrees>
							<LongitudeDegrees>99.324327</LongitudeDegrees>
						</Position>
						<AltitudeMeters>38.590000</AltitudeMeters>
						<HeartRateBpm>
							<Value>83</Value>
						</HeartRateBpm>
					</Trackpoint>
					<Trackpoint>
						<Time>2569-05-19T14:42:18Z</Time>
						<Position>
							<LatitudeDegrees>9.142694</LatitudeDegrees>
							<LongitudeDegrees>99.324327</LongitudeDegrees>
						</Position>
						<AltitudeMeters>38.590000</AltitudeMeters>
						<HeartRateBpm>
							<Value>83</Value>
						</HeartRateBpm>
					</Trackpoint>
					<Trackpoint>
						<Time>2569-05-19T14:42:19Z</Time>
						<Position>
							<LatitudeDegrees>9.142693</LatitudeDegrees>
							<LongitudeDegrees>99.324327</LongitudeDegrees>
						</Position>
						<AltitudeMeters>38.580000</AltitudeMeters>
						<HeartRateBpm>
							<Value>84</Value>
						</HeartRateBpm>
					</Trackpoint>
					<Trackpoint>
						<Time>2569-05-19T14:42:20Z</Time>
						<Position>
							<LatitudeDegrees>9.142692</LatitudeDegrees>
							<LongitudeDegrees>99.324326</LongitudeDegrees>
						</Position>
						<AltitudeMeters>38.580000</AltitudeMeters>
						<HeartRateBpm>
							<Value>84</Value>
						</HeartRateBpm>
					</Trackpoint>
					<Trackpoint>
						<Time>2569-05-19T14:42:21Z</Time>
						<Position>
							<LatitudeDegrees>9.142692</LatitudeDegrees>
							<LongitudeDegrees>99.324326</LongitudeDegrees>
						</Position>
						<AltitudeMeters>38.580000</AltitudeMeters>
						<HeartRateBpm>
							<Value>84</Value>
						</HeartRateBpm>
					</Trackpoint>
					<Trackpoint>
						<Time>2569-05-19T14:42:22Z</Time>
						<Position>
							<LatitudeDegrees>9.142691</LatitudeDegrees>
							<LongitudeDegrees>99.324325</LongitudeDegrees>
						</Position>
						<AltitudeMeters>38.580000</AltitudeMeters>
						<HeartRateBpm>
							<Value>84</Value>
						</HeartRateBpm>
					</Trackpoint>
					<Trackpoint>
						<Time>2569-05-19T14:42:23Z</Time>
						<Position>
							<LatitudeDegrees>9.142689</LatitudeDegrees>
							<LongitudeDegrees>99.324323</LongitudeDegrees>
						</Position>
						<AltitudeMeters>38.580000</AltitudeMeters>
						<HeartRateBpm>
							<Value>83</Value>
						</HeartRateBpm>
					</Trackpoint>
					<Trackpoint>
						<Time>2569-05-19T14:42:24Z</Time>
						<Position>
							<LatitudeDegrees>9.142689</LatitudeDegrees>
							<LongitudeDegrees>99.324322</LongitudeDegrees>
						</Position>
						<AltitudeMeters>38.580000</AltitudeMeters>
						<HeartRateBpm>
							<Value>84</Value>
						</HeartRateBpm>
					</Trackpoint>
					<Trackpoint>
						<Time>2569-05-19T14:42:25Z</Time>
						<Position>
							<LatitudeDegrees>9.142689</LatitudeDegrees>
							<LongitudeDegrees>99.324321</LongitudeDegrees>
						</Position>
						<AltitudeMeters>38.580000</AltitudeMeters>
						<HeartRateBpm>
							<Value>84</Value>
						</HeartRateBpm>
					</Trackpoint>
					<Trackpoint>
						<Time>2569-05-19T14:42:26Z</Time>
						<Position>
							<LatitudeDegrees>9.142687</LatitudeDegrees>
							<LongitudeDegrees>99.324318</LongitudeDegrees>
						</Position>
						<AltitudeMeters>38.580000</AltitudeMeters>
						<HeartRateBpm>
							<Value>84</Value>
						</HeartRateBpm>
					</Trackpoint>
					<Trackpoint>
						<Time>2569-05-19T14:42:27Z</Time>
						<Position>
							<LatitudeDegrees>9.142685</LatitudeDegrees>
							<LongitudeDegrees>99.324316</LongitudeDegrees>
						</Position>
						<AltitudeMeters>38.580000</AltitudeMeters>
						<HeartRateBpm>
							<Value>85</Value>
						</HeartRateBpm>
					</Trackpoint>
					<Trackpoint>
						<Time>2569-05-19T14:42:28Z</Time>
						<Position>
							<LatitudeDegrees>9.142682</LatitudeDegrees>
							<LongitudeDegrees>99.324312</LongitudeDegrees>
						</Position>
						<AltitudeMeters>38.570000</AltitudeMeters>
						<HeartRateBpm>
							<Value>84</Value>
						</HeartRateBpm>
					</Trackpoint>
					<Trackpoint>
						<Time>2569-05-19T14:42:29Z</Time>
						<Position>
							<LatitudeDegrees>9.142679</LatitudeDegrees>
							<LongitudeDegrees>99.324310</LongitudeDegrees>
						</Position>
						<AltitudeMeters>38.570000</AltitudeMeters>
						<HeartRateBpm>
							<Value>84</Value>
						</HeartRateBpm>
					</Trackpoint>
					<Trackpoint>
						<Time>2569-05-19T14:42:30Z</Time>
						<Position>
							<LatitudeDegrees>9.142677</LatitudeDegrees>
							<LongitudeDegrees>99.324309</LongitudeDegrees>
						</Position>
						<AltitudeMeters>38.570000</AltitudeMeters>
						<HeartRateBpm>
							<Value>84</Value>
						</HeartRateBpm>
					</Trackpoint>
					<Trackpoint>
						<Time>2569-05-19T14:42:31Z</Time>
						<Position>
							<LatitudeDegrees>9.142675</LatitudeDegrees>
							<LongitudeDegrees>99.324308</LongitudeDegrees>
						</Position>
						<AltitudeMeters>38.570000</AltitudeMeters>
						<HeartRateBpm>
							<Value>83</Value>
						</HeartRateBpm>
					</Trackpoint>
					<Trackpoint>
						<Time>2569-05-19T14:42:32Z</Time>
						<Position>
							<LatitudeDegrees>9.142674</LatitudeDegrees>
							<LongitudeDegrees>99.324308</LongitudeDegrees>
						</Position>
						<AltitudeMeters>38.570000</AltitudeMeters>
						<HeartRateBpm>
							<Value>82</Value>
						</HeartRateBpm>
					</Trackpoint>
					<Trackpoint>
						<Time>2569-05-19T14:42:33Z</Time>
						<Position>
							<LatitudeDegrees>9.142674</LatitudeDegrees>
							<LongitudeDegrees>99.324308</LongitudeDegrees>
						</Position>
						<AltitudeMeters>38.570000</AltitudeMeters>
						<HeartRateBpm>
							<Value>82</Value>
						</HeartRateBpm>
					</Trackpoint>
					<Trackpoint>
						<Time>2569-05-19T14:42:34Z</Time>
						<Position>
							<LatitudeDegrees>9.142673</LatitudeDegrees>
							<LongitudeDegrees>99.324308</LongitudeDegrees>
						</Position>
						<AltitudeMeters>38.570000</AltitudeMeters>
						<HeartRateBpm>
							<Value>81</Value>
						</HeartRateBpm>
					</Trackpoint>
					<Trackpoint>
						<Time>2569-05-19T14:42:35Z</Time>
						<Position>
							<LatitudeDegrees>9.142673</LatitudeDegrees>
							<LongitudeDegrees>99.324308</LongitudeDegrees>
						</Position>
						<AltitudeMeters>38.570000</AltitudeMeters>
						<HeartRateBpm>
							<Value>81</Value>
						</HeartRateBpm>
					</Trackpoint>
					<Trackpoint>
						<Time>2569-05-19T14:42:36Z</Time>
						<Position>
							<LatitudeDegrees>9.142673</LatitudeDegrees>
							<LongitudeDegrees>99.324308</LongitudeDegrees>
						</Position>
						<AltitudeMeters>38.570000</AltitudeMeters>
						<HeartRateBpm>
							<Value>82</Value>
						</HeartRateBpm>
					</Trackpoint>
					<Trackpoint>
						<Time>2569-05-19T14:42:37Z</Time>
						<Position>
							<LatitudeDegrees>9.142674</LatitudeDegrees>
							<LongitudeDegrees>99.324309</LongitudeDegrees>
						</Position>
						<AltitudeMeters>38.570000</AltitudeMeters>
						<HeartRateBpm>
							<Value>81</Value>
						</HeartRateBpm>
					</Trackpoint>
					<Trackpoint>
						<Time>2569-05-19T14:42:38Z</Time>
						<Position>
							<LatitudeDegrees>9.142674</LatitudeDegrees>
							<LongitudeDegrees>99.324309</LongitudeDegrees>
						</Position>
						<AltitudeMeters>38.570000</AltitudeMeters>
						<HeartRateBpm>
							<Value>81</Value>
						</HeartRateBpm>
					</Trackpoint>
					<Trackpoint>
						<Time>2569-05-19T14:42:39Z</Time>
						<Position>
							<LatitudeDegrees>9.142674</LatitudeDegrees>
							<LongitudeDegrees>99.324310</LongitudeDegrees>
						</Position>
						<AltitudeMeters>38.570000</AltitudeMeters>
						<HeartRateBpm>
							<Value>81</Value>
						</HeartRateBpm>
					</Trackpoint>
					<Trackpoint>
						<Time>2569-05-19T14:42:40Z</Time>
						<Position>
							<LatitudeDegrees>9.142675</LatitudeDegrees>
							<LongitudeDegrees>99.324310</LongitudeDegrees>
						</Position>
						<AltitudeMeters>38.570000</AltitudeMeters>
						<HeartRateBpm>
							<Value>82</Value>
						</HeartRateBpm>
					</Trackpoint>
					<Trackpoint>
						<Time>2569-05-19T14:42:41Z</Time>
						<Position>
							<LatitudeDegrees>9.142674</LatitudeDegrees>
							<LongitudeDegrees>99.324312</LongitudeDegrees>
						</Position>
						<AltitudeMeters>38.570000</AltitudeMeters>
						<HeartRateBpm>
							<Value>82</Value>
						</HeartRateBpm>
					</Trackpoint>
					<Trackpoint>
						<Time>2569-05-19T14:42:42Z</Time>
						<Position>
							<LatitudeDegrees>9.142673</LatitudeDegrees>
							<LongitudeDegrees>99.324313</LongitudeDegrees>
						</Position>
						<AltitudeMeters>38.570000</AltitudeMeters>
						<HeartRateBpm>
							<Value>83</Value>
						</HeartRateBpm>
					</Trackpoint>
					<Trackpoint>
						<Time>2569-05-19T14:42:44Z</Time>
						<Position>
							<LatitudeDegrees>9.142672</LatitudeDegrees>
							<LongitudeDegrees>99.324317</LongitudeDegrees>
						</Position>
						<AltitudeMeters>38.570000</AltitudeMeters>
						<HeartRateBpm>
							<Value>84</Value>
						</HeartRateBpm>
					</Trackpoint>
					<Trackpoint>
						<Time>2569-05-19T14:42:44Z</Time>
						<Position>
							<LatitudeDegrees>9.142672</LatitudeDegrees>
							<LongitudeDegrees>99.324317</LongitudeDegrees>
						</Position>
						<AltitudeMeters>38.570000</AltitudeMeters>
						<HeartRateBpm>
							<Value>84</Value>
						</HeartRateBpm>
					</Trackpoint>
					<Trackpoint>
						<Time>2569-05-19T14:42:45Z</Time>
						<Position>
							<LatitudeDegrees>9.142673</LatitudeDegrees>
							<LongitudeDegrees>99.324320</LongitudeDegrees>
						</Position>
						<AltitudeMeters>38.570000</AltitudeMeters>
						<HeartRateBpm>
							<Value>84</Value>
						</HeartRateBpm>
					</Trackpoint>
					<Trackpoint>
						<Time>2569-05-19T14:42:46Z</Time>
						<Position>
							<LatitudeDegrees>9.142674</LatitudeDegrees>
							<LongitudeDegrees>99.324323</LongitudeDegrees>
						</Position>
						<AltitudeMeters>38.570000</AltitudeMeters>
						<HeartRateBpm>
							<Value>85</Value>
						</HeartRateBpm>
					</Trackpoint>
					<Trackpoint>
						<Time>2569-05-19T14:42:47Z</Time>
						<Position>
							<LatitudeDegrees>9.142674</LatitudeDegrees>
							<LongitudeDegrees>99.324325</LongitudeDegrees>
						</Position>
						<AltitudeMeters>38.570000</AltitudeMeters>
						<HeartRateBpm>
							<Value>85</Value>
						</HeartRateBpm>
					</Trackpoint>
					<Trackpoint>
						<Time>2569-05-19T14:42:48Z</Time>
						<Position>
							<LatitudeDegrees>9.142677</LatitudeDegrees>
							<LongitudeDegrees>99.324332</LongitudeDegrees>
						</Position>
						<AltitudeMeters>38.570000</AltitudeMeters>
						<HeartRateBpm>
							<Value>85</Value>
						</HeartRateBpm>
					</Trackpoint>
					<Trackpoint>
						<Time>2569-05-19T14:42:50Z</Time>
						<Position>
							<LatitudeDegrees>9.142679</LatitudeDegrees>
							<LongitudeDegrees>99.324338</LongitudeDegrees>
						</Position>
						<AltitudeMeters>38.570000</AltitudeMeters>
						<HeartRateBpm>
							<Value>86</Value>
						</HeartRateBpm>
					</Trackpoint>
					<Trackpoint>
						<Time>2569-05-19T14:42:51Z</Time>
						<Position>
							<LatitudeDegrees>9.142680</LatitudeDegrees>
							<LongitudeDegrees>99.324343</LongitudeDegrees>
						</Position>
						<AltitudeMeters>38.570000</AltitudeMeters>
						<HeartRateBpm>
							<Value>86</Value>
						</HeartRateBpm>
					</Trackpoint>
					<Trackpoint>
						<Time>2569-05-19T14:42:52Z</Time>
						<Position>
							<LatitudeDegrees>9.142681</LatitudeDegrees>
							<LongitudeDegrees>99.324347</LongitudeDegrees>
						</Position>
						<AltitudeMeters>38.580000</AltitudeMeters>
						<HeartRateBpm>
							<Value>85</Value>
						</HeartRateBpm>
					</Trackpoint>
					<Trackpoint>
						<Time>2569-05-19T14:42:53Z</Time>
						<Position>
							<LatitudeDegrees>9.142682</LatitudeDegrees>
							<LongitudeDegrees>99.324350</LongitudeDegrees>
						</Position>
						<AltitudeMeters>38.580000</AltitudeMeters>
						<HeartRateBpm>
							<Value>84</Value>
						</HeartRateBpm>
					</Trackpoint>
					<Trackpoint>
						<Time>2569-05-19T14:42:54Z</Time>
						<Position>
							<LatitudeDegrees>9.142682</LatitudeDegrees>
							<LongitudeDegrees>99.324355</LongitudeDegrees>
						</Position>
						<AltitudeMeters>38.570000</AltitudeMeters>
						<HeartRateBpm>
							<Value>84</Value>
						</HeartRateBpm>
					</Trackpoint>
					<Trackpoint>
						<Time>2569-05-19T14:42:55Z</Time>
						<Position>
							<LatitudeDegrees>9.142682</LatitudeDegrees>
							<LongitudeDegrees>99.324362</LongitudeDegrees>
						</Position>
						<AltitudeMeters>38.570000</AltitudeMeters>
						<HeartRateBpm>
							<Value>84</Value>
						</HeartRateBpm>
					</Trackpoint>
					<Trackpoint>
						<Time>2569-05-19T14:42:56Z</Time>
						<Position>
							<LatitudeDegrees>9.142681</LatitudeDegrees>
							<LongitudeDegrees>99.324366</LongitudeDegrees>
						</Position>
						<AltitudeMeters>38.570000</AltitudeMeters>
						<HeartRateBpm>
							<Value>84</Value>
						</HeartRateBpm>
					</Trackpoint>
					<Trackpoint>
						<Time>2569-05-19T14:42:57Z</Time>
						<Position>
							<LatitudeDegrees>9.142679</LatitudeDegrees>
							<LongitudeDegrees>99.324368</LongitudeDegrees>
						</Position>
						<AltitudeMeters>38.570000</AltitudeMeters>
						<HeartRateBpm>
							<Value>84</Value>
						</HeartRateBpm>
					</Trackpoint>
					<Trackpoint>
						<Time>2569-05-19T14:42:58Z</Time>
						<Position>
							<LatitudeDegrees>9.142678</LatitudeDegrees>
							<LongitudeDegrees>99.324369</LongitudeDegrees>
						</Position>
						<AltitudeMeters>38.570000</AltitudeMeters>
						<HeartRateBpm>
							<Value>83</Value>
						</HeartRateBpm>
					</Trackpoint>
					<Trackpoint>
						<Time>2569-05-19T14:42:58Z</Time>
						<Position>
							<LatitudeDegrees>9.142678</LatitudeDegrees>
							<LongitudeDegrees>99.324369</LongitudeDegrees>
						</Position>
						<AltitudeMeters>38.570000</AltitudeMeters>
						<HeartRateBpm>
							<Value>83</Value>
						</HeartRateBpm>
					</Trackpoint>
					<Trackpoint>
						<Time>2569-05-19T14:42:59Z</Time>
						<Position>
							<LatitudeDegrees>9.142677</LatitudeDegrees>
							<LongitudeDegrees>99.324369</LongitudeDegrees>
						</Position>
						<AltitudeMeters>38.560000</AltitudeMeters>
						<HeartRateBpm>
							<Value>84</Value>
						</HeartRateBpm>
					</Trackpoint>
					<Trackpoint>
						<Time>2569-05-19T14:43:00Z</Time>
						<Position>
							<LatitudeDegrees>9.142677</LatitudeDegrees>
							<LongitudeDegrees>99.324368</LongitudeDegrees>
						</Position>
						<AltitudeMeters>38.560000</AltitudeMeters>
						<HeartRateBpm>
							<Value>85</Value>
						</HeartRateBpm>
					</Trackpoint>
					<Trackpoint>
						<Time>2569-05-19T14:43:01Z</Time>
						<Position>
							<LatitudeDegrees>9.142676</LatitudeDegrees>
							<LongitudeDegrees>99.324367</LongitudeDegrees>
						</Position>
						<AltitudeMeters>38.560000</AltitudeMeters>
						<HeartRateBpm>
							<Value>85</Value>
						</HeartRateBpm>
					</Trackpoint>
					<Trackpoint>
						<Time>2569-05-19T14:43:02Z</Time>
						<Position>
							<LatitudeDegrees>9.142675</LatitudeDegrees>
							<LongitudeDegrees>99.324366</LongitudeDegrees>
						</Position>
						<AltitudeMeters>38.560000</AltitudeMeters>
						<HeartRateBpm>
							<Value>84</Value>
						</HeartRateBpm>
					</Trackpoint>
					<Trackpoint>
						<Time>2569-05-19T14:43:03Z</Time>
						<Position>
							<LatitudeDegrees>9.142674</LatitudeDegrees>
							<LongitudeDegrees>99.324365</LongitudeDegrees>
						</Position>
						<AltitudeMeters>38.560000</AltitudeMeters>
						<HeartRateBpm>
							<Value>84</Value>
						</HeartRateBpm>
					</Trackpoint>
					<Trackpoint>
						<Time>2569-05-19T14:43:04Z</Time>
						<Position>
							<LatitudeDegrees>9.142674</LatitudeDegrees>
							<LongitudeDegrees>99.324364</LongitudeDegrees>
						</Position>
						<AltitudeMeters>38.560000</AltitudeMeters>
						<HeartRateBpm>
							<Value>85</Value>
						</HeartRateBpm>
					</Trackpoint>
					<Trackpoint>
						<Time>2569-05-19T14:43:05Z</Time>
						<Position>
							<LatitudeDegrees>9.142673</LatitudeDegrees>
							<LongitudeDegrees>99.324363</LongitudeDegrees>
						</Position>
						<AltitudeMeters>38.560000</AltitudeMeters>
						<HeartRateBpm>
							<Value>84</Value>
						</HeartRateBpm>
					</Trackpoint>
					<Trackpoint>
						<Time>2569-05-19T14:43:06Z</Time>
						<Position>
							<LatitudeDegrees>9.142671</LatitudeDegrees>
							<LongitudeDegrees>99.324362</LongitudeDegrees>
						</Position>
						<AltitudeMeters>38.560000</AltitudeMeters>
						<HeartRateBpm>
							<Value>83</Value>
						</HeartRateBpm>
					</Trackpoint>
					<Trackpoint>
						<Time>2569-05-19T14:43:07Z</Time>
						<Position>
							<LatitudeDegrees>9.142668</LatitudeDegrees>
							<LongitudeDegrees>99.324360</LongitudeDegrees>
						</Position>
						<AltitudeMeters>38.560000</AltitudeMeters>
						<HeartRateBpm>
							<Value>82</Value>
						</HeartRateBpm>
					</Trackpoint>
					<Trackpoint>
						<Time>2569-05-19T14:43:08Z</Time>
						<Position>
							<LatitudeDegrees>9.142666</LatitudeDegrees>
							<LongitudeDegrees>99.324358</LongitudeDegrees>
						</Position>
						<AltitudeMeters>38.560000</AltitudeMeters>
						<HeartRateBpm>
							<Value>82</Value>
						</HeartRateBpm>
					</Trackpoint>
					<Trackpoint>
						<Time>2569-05-19T14:43:09Z</Time>
						<Position>
							<LatitudeDegrees>9.142665</LatitudeDegrees>
							<LongitudeDegrees>99.324356</LongitudeDegrees>
						</Position>
						<AltitudeMeters>38.560000</AltitudeMeters>
						<HeartRateBpm>
							<Value>81</Value>
						</HeartRateBpm>
					</Trackpoint>
					<Trackpoint>
						<Time>2569-05-19T14:43:11Z</Time>
						<Position>
							<LatitudeDegrees>9.142663</LatitudeDegrees>
							<LongitudeDegrees>99.324352</LongitudeDegrees>
						</Position>
						<AltitudeMeters>38.560000</AltitudeMeters>
						<HeartRateBpm>
							<Value>82</Value>
						</HeartRateBpm>
					</Trackpoint>
					<Trackpoint>
						<Time>2569-05-19T14:43:11Z</Time>
						<Position>
							<LatitudeDegrees>9.142663</LatitudeDegrees>
							<LongitudeDegrees>99.324352</LongitudeDegrees>
						</Position>
						<AltitudeMeters>38.560000</AltitudeMeters>
						<HeartRateBpm>
							<Value>82</Value>
						</HeartRateBpm>
					</Trackpoint>
					<Trackpoint>
						<Time>2569-05-19T14:43:12Z</Time>
						<Position>
							<LatitudeDegrees>9.142661</LatitudeDegrees>
							<LongitudeDegrees>99.324350</LongitudeDegrees>
						</Position>
						<AltitudeMeters>38.560000</AltitudeMeters>
						<HeartRateBpm>
							<Value>82</Value>
						</HeartRateBpm>
					</Trackpoint>
					<Trackpoint>
						<Time>2569-05-19T14:43:13Z</Time>
						<Position>
							<LatitudeDegrees>9.142660</LatitudeDegrees>
							<LongitudeDegrees>99.324349</LongitudeDegrees>
						</Position>
						<AltitudeMeters>38.560000</AltitudeMeters>
						<HeartRateBpm>
							<Value>82</Value>
						</HeartRateBpm>
					</Trackpoint>
					<Trackpoint>
						<Time>2569-05-19T14:43:15Z</Time>
						<Position>
							<LatitudeDegrees>9.142659</LatitudeDegrees>
							<LongitudeDegrees>99.324348</LongitudeDegrees>
						</Position>
						<AltitudeMeters>38.560000</AltitudeMeters>
						<HeartRateBpm>
							<Value>83</Value>
						</HeartRateBpm>
					</Trackpoint>
					<Trackpoint>
						<Time>2569-05-19T14:43:16Z</Time>
						<Position>
							<LatitudeDegrees>9.142659</LatitudeDegrees>
							<LongitudeDegrees>99.324348</LongitudeDegrees>
						</Position>
						<AltitudeMeters>38.560000</AltitudeMeters>
						<HeartRateBpm>
							<Value>83</Value>
						</HeartRateBpm>
					</Trackpoint>
					<Trackpoint>
						<Time>2569-05-19T14:43:17Z</Time>
						<Position>
							<LatitudeDegrees>9.142659</LatitudeDegrees>
							<LongitudeDegrees>99.324348</LongitudeDegrees>
						</Position>
						<AltitudeMeters>38.560000</AltitudeMeters>
						<HeartRateBpm>
							<Value>84</Value>
						</HeartRateBpm>
					</Trackpoint>
					<Trackpoint>
						<Time>2569-05-19T14:43:17Z</Time>
						<Position>
							<LatitudeDegrees>9.142659</LatitudeDegrees>
							<LongitudeDegrees>99.324348</LongitudeDegrees>
						</Position>
						<AltitudeMeters>38.560000</AltitudeMeters>
						<HeartRateBpm>
							<Value>84</Value>
						</HeartRateBpm>
					</Trackpoint>
					<Trackpoint>
						<Time>2569-05-19T14:43:19Z</Time>
						<Position>
							<LatitudeDegrees>9.142660</LatitudeDegrees>
							<LongitudeDegrees>99.324351</LongitudeDegrees>
						</Position>
						<AltitudeMeters>38.560000</AltitudeMeters>
						<HeartRateBpm>
							<Value>86</Value>
						</HeartRateBpm>
					</Trackpoint>
					<Trackpoint>
						<Time>2569-05-19T14:43:19Z</Time>
						<Position>
							<LatitudeDegrees>9.142660</LatitudeDegrees>
							<LongitudeDegrees>99.324351</LongitudeDegrees>
						</Position>
						<AltitudeMeters>38.560000</AltitudeMeters>
						<HeartRateBpm>
							<Value>86</Value>
						</HeartRateBpm>
					</Trackpoint>
					<Trackpoint>
						<Time>2569-05-19T14:43:20Z</Time>
						<Position>
							<LatitudeDegrees>9.142660</LatitudeDegrees>
							<LongitudeDegrees>99.324353</LongitudeDegrees>
						</Position>
						<AltitudeMeters>38.560000</AltitudeMeters>
						<HeartRateBpm>
							<Value>87</Value>
						</HeartRateBpm>
					</Trackpoint>
					<Trackpoint>
						<Time>2569-05-19T14:43:21Z</Time>
						<Position>
							<LatitudeDegrees>9.142661</LatitudeDegrees>
							<LongitudeDegrees>99.324355</LongitudeDegrees>
						</Position>
						<AltitudeMeters>38.560000</AltitudeMeters>
						<HeartRateBpm>
							<Value>87</Value>
						</HeartRateBpm>
					</Trackpoint>
					<Trackpoint>
						<Time>2569-05-19T14:43:22Z</Time>
						<Position>
							<LatitudeDegrees>9.142661</LatitudeDegrees>
							<LongitudeDegrees>99.324357</LongitudeDegrees>
						</Position>
						<AltitudeMeters>38.560000</AltitudeMeters>
						<HeartRateBpm>
							<Value>87</Value>
						</HeartRateBpm>
					</Trackpoint>
					<Trackpoint>
						<Time>2569-05-19T14:43:23Z</Time>
						<Position>
							<LatitudeDegrees>9.142661</LatitudeDegrees>
							<LongitudeDegrees>99.324358</LongitudeDegrees>
						</Position>
						<AltitudeMeters>38.550000</AltitudeMeters>
						<HeartRateBpm>
							<Value>88</Value>
						</HeartRateBpm>
					</Trackpoint>
					<Trackpoint>
						<Time>2569-05-19T14:43:24Z</Time>
						<Position>
							<LatitudeDegrees>9.142661</LatitudeDegrees>
							<LongitudeDegrees>99.324360</LongitudeDegrees>
						</Position>
						<AltitudeMeters>38.550000</AltitudeMeters>
						<HeartRateBpm>
							<Value>89</Value>
						</HeartRateBpm>
					</Trackpoint>
					<Trackpoint>
						<Time>2569-05-19T14:43:25Z</Time>
						<Position>
							<LatitudeDegrees>9.142662</LatitudeDegrees>
							<LongitudeDegrees>99.324362</LongitudeDegrees>
						</Position>
						<AltitudeMeters>38.550000</AltitudeMeters>
						<HeartRateBpm>
							<Value>90</Value>
						</HeartRateBpm>
					</Trackpoint>
					<Trackpoint>
						<Time>2569-05-19T14:43:26Z</Time>
						<Position>
							<LatitudeDegrees>9.142663</LatitudeDegrees>
							<LongitudeDegrees>99.324363</LongitudeDegrees>
						</Position>
						<AltitudeMeters>38.550000</AltitudeMeters>
						<HeartRateBpm>
							<Value>90</Value>
						</HeartRateBpm>
					</Trackpoint>
					<Trackpoint>
						<Time>2569-05-19T14:43:27Z</Time>
						<Position>
							<LatitudeDegrees>9.142663</LatitudeDegrees>
							<LongitudeDegrees>99.324363</LongitudeDegrees>
						</Position>
						<AltitudeMeters>38.550000</AltitudeMeters>
						<HeartRateBpm>
							<Value>91</Value>
						</HeartRateBpm>
					</Trackpoint>
					<Trackpoint>
						<Time>2569-05-19T14:43:28Z</Time>
						<Position>
							<LatitudeDegrees>9.142663</LatitudeDegrees>
							<LongitudeDegrees>99.324362</LongitudeDegrees>
						</Position>
						<AltitudeMeters>38.550000</AltitudeMeters>
						<HeartRateBpm>
							<Value>91</Value>
						</HeartRateBpm>
					</Trackpoint>
					<Trackpoint>
						<Time>2569-05-19T14:43:29Z</Time>
						<Position>
							<LatitudeDegrees>9.142663</LatitudeDegrees>
							<LongitudeDegrees>99.324362</LongitudeDegrees>
						</Position>
						<AltitudeMeters>38.550000</AltitudeMeters>
						<HeartRateBpm>
							<Value>92</Value>
						</HeartRateBpm>
					</Trackpoint>
					<Trackpoint>
						<Time>2569-05-19T14:43:30Z</Time>
						<Position>
							<LatitudeDegrees>9.142662</LatitudeDegrees>
							<LongitudeDegrees>99.324362</LongitudeDegrees>
						</Position>
						<AltitudeMeters>38.550000</AltitudeMeters>
						<HeartRateBpm>
							<Value>93</Value>
						</HeartRateBpm>
					</Trackpoint>
					<Trackpoint>
						<Time>2569-05-19T14:43:31Z</Time>
						<Position>
							<LatitudeDegrees>9.142662</LatitudeDegrees>
							<LongitudeDegrees>99.324362</LongitudeDegrees>
						</Position>
						<AltitudeMeters>38.550000</AltitudeMeters>
						<HeartRateBpm>
							<Value>93</Value>
						</HeartRateBpm>
					</Trackpoint>
					<Trackpoint>
						<Time>2569-05-19T14:43:32Z</Time>
						<Position>
							<LatitudeDegrees>9.142661</LatitudeDegrees>
							<LongitudeDegrees>99.324362</LongitudeDegrees>
						</Position>
						<AltitudeMeters>38.550000</AltitudeMeters>
						<HeartRateBpm>
							<Value>93</Value>
						</HeartRateBpm>
					</Trackpoint>
					<Trackpoint>
						<Time>2569-05-19T14:43:33Z</Time>
						<Position>
							<LatitudeDegrees>9.142661</LatitudeDegrees>
							<LongitudeDegrees>99.324363</LongitudeDegrees>
						</Position>
						<AltitudeMeters>38.550000</AltitudeMeters>
						<HeartRateBpm>
							<Value>92</Value>
						</HeartRateBpm>
					</Trackpoint>
					<Trackpoint>
						<Time>2569-05-19T14:43:34Z</Time>
						<Position>
							<LatitudeDegrees>9.142661</LatitudeDegrees>
							<LongitudeDegrees>99.324364</LongitudeDegrees>
						</Position>
						<AltitudeMeters>38.550000</AltitudeMeters>
						<HeartRateBpm>
							<Value>93</Value>
						</HeartRateBpm>
					</Trackpoint>
					<Trackpoint>
						<Time>2569-05-19T14:43:35Z</Time>
						<Position>
							<LatitudeDegrees>9.142661</LatitudeDegrees>
							<LongitudeDegrees>99.324365</LongitudeDegrees>
						</Position>
						<AltitudeMeters>38.550000</AltitudeMeters>
						<HeartRateBpm>
							<Value>93</Value>
						</HeartRateBpm>
					</Trackpoint>
					<Trackpoint>
						<Time>2569-05-19T14:43:36Z</Time>
						<Position>
							<LatitudeDegrees>9.142661</LatitudeDegrees>
							<LongitudeDegrees>99.324367</LongitudeDegrees>
						</Position>
						<AltitudeMeters>38.550000</AltitudeMeters>
						<HeartRateBpm>
							<Value>92</Value>
						</HeartRateBpm>
					</Trackpoint>
					<Trackpoint>
						<Time>2569-05-19T14:43:37Z</Time>
						<Position>
							<LatitudeDegrees>9.142661</LatitudeDegrees>
							<LongitudeDegrees>99.324369</LongitudeDegrees>
						</Position>
						<AltitudeMeters>38.550000</AltitudeMeters>
						<HeartRateBpm>
							<Value>91</Value>
						</HeartRateBpm>
					</Trackpoint>
					<Trackpoint>
						<Time>2569-05-19T14:43:38Z</Time>
						<Position>
							<LatitudeDegrees>9.142661</LatitudeDegrees>
							<LongitudeDegrees>99.324370</LongitudeDegrees>
						</Position>
						<AltitudeMeters>38.550000</AltitudeMeters>
						<HeartRateBpm>
							<Value>89</Value>
						</HeartRateBpm>
					</Trackpoint>
					<Trackpoint>
						<Time>2569-05-19T14:43:39Z</Time>
						<Position>
							<LatitudeDegrees>9.142661</LatitudeDegrees>
							<LongitudeDegrees>99.324372</LongitudeDegrees>
						</Position>
						<AltitudeMeters>38.550000</AltitudeMeters>
						<HeartRateBpm>
							<Value>89</Value>
						</HeartRateBpm>
					</Trackpoint>
					<Trackpoint>
						<Time>2569-05-19T14:43:40Z</Time>
						<Position>
							<LatitudeDegrees>9.142662</LatitudeDegrees>
							<LongitudeDegrees>99.324373</LongitudeDegrees>
						</Position>
						<AltitudeMeters>38.550000</AltitudeMeters>
						<HeartRateBpm>
							<Value>89</Value>
						</HeartRateBpm>
					</Trackpoint>
					<Trackpoint>
						<Time>2569-05-19T14:43:41Z</Time>
						<Position>
							<LatitudeDegrees>9.142662</LatitudeDegrees>
							<LongitudeDegrees>99.324375</LongitudeDegrees>
						</Position>
						<AltitudeMeters>38.550000</AltitudeMeters>
						<HeartRateBpm>
							<Value>88</Value>
						</HeartRateBpm>
					</Trackpoint>
					<Trackpoint>
						<Time>2569-05-19T14:43:42Z</Time>
						<Position>
							<LatitudeDegrees>9.142662</LatitudeDegrees>
							<LongitudeDegrees>99.324376</LongitudeDegrees>
						</Position>
						<AltitudeMeters>38.550000</AltitudeMeters>
						<HeartRateBpm>
							<Value>88</Value>
						</HeartRateBpm>
					</Trackpoint>
					<Trackpoint>
						<Time>2569-05-19T14:43:43Z</Time>
						<Position>
							<LatitudeDegrees>9.142663</LatitudeDegrees>
							<LongitudeDegrees>99.324377</LongitudeDegrees>
						</Position>
						<AltitudeMeters>38.550000</AltitudeMeters>
						<HeartRateBpm>
							<Value>88</Value>
						</HeartRateBpm>
					</Trackpoint>
					<Trackpoint>
						<Time>2569-05-19T14:43:44Z</Time>
						<Position>
							<LatitudeDegrees>9.142664</LatitudeDegrees>
							<LongitudeDegrees>99.324378</LongitudeDegrees>
						</Position>
						<AltitudeMeters>38.550000</AltitudeMeters>
						<HeartRateBpm>
							<Value>88</Value>
						</HeartRateBpm>
					</Trackpoint>
					<Trackpoint>
						<Time>2569-05-19T14:43:45Z</Time>
						<Position>
							<LatitudeDegrees>9.142664</LatitudeDegrees>
							<LongitudeDegrees>99.324379</LongitudeDegrees>
						</Position>
						<AltitudeMeters>38.550000</AltitudeMeters>
						<HeartRateBpm>
							<Value>88</Value>
						</HeartRateBpm>
					</Trackpoint>
					<Trackpoint>
						<Time>2569-05-19T14:43:47Z</Time>
						<Position>
							<LatitudeDegrees>9.142665</LatitudeDegrees>
							<LongitudeDegrees>99.324381</LongitudeDegrees>
						</Position>
						<AltitudeMeters>38.550000</AltitudeMeters>
						<HeartRateBpm>
							<Value>87</Value>
						</HeartRateBpm>
					</Trackpoint>
					<Trackpoint>
						<Time>2569-05-19T14:43:47Z</Time>
						<Position>
							<LatitudeDegrees>9.142665</LatitudeDegrees>
							<LongitudeDegrees>99.324381</LongitudeDegrees>
						</Position>
						<AltitudeMeters>38.550000</AltitudeMeters>
						<HeartRateBpm>
							<Value>87</Value>
						</HeartRateBpm>
					</Trackpoint>
					<Trackpoint>
						<Time>2569-05-19T14:43:48Z</Time>
						<Position>
							<LatitudeDegrees>9.142664</LatitudeDegrees>
							<LongitudeDegrees>99.324382</LongitudeDegrees>
						</Position>
						<AltitudeMeters>38.550000</AltitudeMeters>
						<HeartRateBpm>
							<Value>88</Value>
						</HeartRateBpm>
					</Trackpoint>
					<Trackpoint>
						<Time>2569-05-19T14:43:50Z</Time>
						<Position>
							<LatitudeDegrees>9.142662</LatitudeDegrees>
							<LongitudeDegrees>99.324381</LongitudeDegrees>
						</Position>
						<AltitudeMeters>38.550000</AltitudeMeters>
						<HeartRateBpm>
							<Value>88</Value>
						</HeartRateBpm>
					</Trackpoint>
					<Trackpoint>
						<Time>2569-05-19T14:43:50Z</Time>
						<Position>
							<LatitudeDegrees>9.142662</LatitudeDegrees>
							<LongitudeDegrees>99.324381</LongitudeDegrees>
						</Position>
						<AltitudeMeters>38.550000</AltitudeMeters>
						<HeartRateBpm>
							<Value>88</Value>
						</HeartRateBpm>
					</Trackpoint>
					<Trackpoint>
						<Time>2569-05-19T14:43:51Z</Time>
						<Position>
							<LatitudeDegrees>9.142661</LatitudeDegrees>
							<LongitudeDegrees>99.324382</LongitudeDegrees>
						</Position>
						<AltitudeMeters>38.550000</AltitudeMeters>
						<HeartRateBpm>
							<Value>88</Value>
						</HeartRateBpm>
					</Trackpoint>
					<Trackpoint>
						<Time>2569-05-19T14:43:53Z</Time>
						<Position>
							<LatitudeDegrees>9.142661</LatitudeDegrees>
							<LongitudeDegrees>99.324382</LongitudeDegrees>
						</Position>
						<AltitudeMeters>38.550000</AltitudeMeters>
						<HeartRateBpm>
							<Value>86</Value>
						</HeartRateBpm>
					</Trackpoint>
					<Trackpoint>
						<Time>2569-05-19T14:43:54Z</Time>
						<Position>
							<LatitudeDegrees>9.142660</LatitudeDegrees>
							<LongitudeDegrees>99.324381</LongitudeDegrees>
						</Position>
						<AltitudeMeters>38.550000</AltitudeMeters>
						<HeartRateBpm>
							<Value>86</Value>
						</HeartRateBpm>
					</Trackpoint>
					<Trackpoint>
						<Time>2569-05-19T14:43:54Z</Time>
						<Position>
							<LatitudeDegrees>9.142660</LatitudeDegrees>
							<LongitudeDegrees>99.324381</LongitudeDegrees>
						</Position>
						<AltitudeMeters>38.550000</AltitudeMeters>
						<HeartRateBpm>
							<Value>86</Value>
						</HeartRateBpm>
					</Trackpoint>
					<Trackpoint>
						<Time>2569-05-19T14:43:55Z</Time>
						<Position>
							<LatitudeDegrees>9.142660</LatitudeDegrees>
							<LongitudeDegrees>99.324379</LongitudeDegrees>
						</Position>
						<AltitudeMeters>38.550000</AltitudeMeters>
						<HeartRateBpm>
							<Value>85</Value>
						</HeartRateBpm>
					</Trackpoint>
					<Trackpoint>
						<Time>2569-05-19T14:43:56Z</Time>
						<Position>
							<LatitudeDegrees>9.142660</LatitudeDegrees>
							<LongitudeDegrees>99.324378</LongitudeDegrees>
						</Position>
						<AltitudeMeters>38.550000</AltitudeMeters>
						<HeartRateBpm>
							<Value>83</Value>
						</HeartRateBpm>
					</Trackpoint>
					<Trackpoint>
						<Time>2569-05-19T14:43:58Z</Time>
						<Position>
							<LatitudeDegrees>9.142660</LatitudeDegrees>
							<LongitudeDegrees>99.324376</LongitudeDegrees>
						</Position>
						<AltitudeMeters>38.550000</AltitudeMeters>
						<HeartRateBpm>
							<Value>83</Value>
						</HeartRateBpm>
					</Trackpoint>
					<Trackpoint>
						<Time>2569-05-19T14:43:58Z</Time>
						<Position>
							<LatitudeDegrees>9.142660</LatitudeDegrees>
							<LongitudeDegrees>99.324376</LongitudeDegrees>
						</Position>
						<AltitudeMeters>38.550000</AltitudeMeters>
						<HeartRateBpm>
							<Value>83</Value>
						</HeartRateBpm>
					</Trackpoint>
					<Trackpoint>
						<Time>2569-05-19T14:43:59Z</Time>
						<Position>
							<LatitudeDegrees>9.142660</LatitudeDegrees>
							<LongitudeDegrees>99.324376</LongitudeDegrees>
						</Position>
						<AltitudeMeters>38.550000</AltitudeMeters>
						<HeartRateBpm>
							<Value>82</Value>
						</HeartRateBpm>
					</Trackpoint>
					<Trackpoint>
						<Time>2569-05-19T14:44:00Z</Time>
						<Position>
							<LatitudeDegrees>9.142661</LatitudeDegrees>
							<LongitudeDegrees>99.324376</LongitudeDegrees>
						</Position>
						<AltitudeMeters>38.550000</AltitudeMeters>
						<HeartRateBpm>
							<Value>82</Value>
						</HeartRateBpm>
					</Trackpoint>
					<Trackpoint>
						<Time>2569-05-19T14:44:01Z</Time>
						<Position>
							<LatitudeDegrees>9.142661</LatitudeDegrees>
							<LongitudeDegrees>99.324376</LongitudeDegrees>
						</Position>
						<AltitudeMeters>38.550000</AltitudeMeters>
						<HeartRateBpm>
							<Value>82</Value>
						</HeartRateBpm>
					</Trackpoint>
					<Trackpoint>
						<Time>2569-05-19T14:44:02Z</Time>
						<Position>
							<LatitudeDegrees>9.142662</LatitudeDegrees>
							<LongitudeDegrees>99.324376</LongitudeDegrees>
						</Position>
						<AltitudeMeters>38.550000</AltitudeMeters>
						<HeartRateBpm>
							<Value>82</Value>
						</HeartRateBpm>
					</Trackpoint>
					<Trackpoint>
						<Time>2569-05-19T14:44:03Z</Time>
						<Position>
							<LatitudeDegrees>9.142662</LatitudeDegrees>
							<LongitudeDegrees>99.324376</LongitudeDegrees>
						</Position>
						<AltitudeMeters>38.550000</AltitudeMeters>
						<HeartRateBpm>
							<Value>82</Value>
						</HeartRateBpm>
					</Trackpoint>
					<Trackpoint>
						<Time>2569-05-19T14:44:04Z</Time>
						<Position>
							<LatitudeDegrees>9.142663</LatitudeDegrees>
							<LongitudeDegrees>99.324376</LongitudeDegrees>
						</Position>
						<AltitudeMeters>38.550000</AltitudeMeters>
						<HeartRateBpm>
							<Value>82</Value>
						</HeartRateBpm>
					</Trackpoint>
					<Trackpoint>
						<Time>2569-05-19T14:44:05Z</Time>
						<Position>
							<LatitudeDegrees>9.142663</LatitudeDegrees>
							<LongitudeDegrees>99.324375</LongitudeDegrees>
						</Position>
						<AltitudeMeters>38.560000</AltitudeMeters>
						<HeartRateBpm>
							<Value>82</Value>
						</HeartRateBpm>
					</Trackpoint>
					<Trackpoint>
						<Time>2569-05-19T14:44:06Z</Time>
						<Position>
							<LatitudeDegrees>9.142664</LatitudeDegrees>
							<LongitudeDegrees>99.324375</LongitudeDegrees>
						</Position>
						<AltitudeMeters>38.560000</AltitudeMeters>
						<HeartRateBpm>
							<Value>82</Value>
						</HeartRateBpm>
					</Trackpoint>
					<Trackpoint>
						<Time>2569-05-19T14:44:07Z</Time>
						<Position>
							<LatitudeDegrees>9.142665</LatitudeDegrees>
							<LongitudeDegrees>99.324374</LongitudeDegrees>
						</Position>
						<AltitudeMeters>38.560000</AltitudeMeters>
						<HeartRateBpm>
							<Value>85</Value>
						</HeartRateBpm>
					</Trackpoint>
					<Trackpoint>
						<Time>2569-05-19T14:44:08Z</Time>
						<Position>
							<LatitudeDegrees>9.142665</LatitudeDegrees>
							<LongitudeDegrees>99.324375</LongitudeDegrees>
						</Position>
						<AltitudeMeters>38.560000</AltitudeMeters>
						<HeartRateBpm>
							<Value>86</Value>
						</HeartRateBpm>
					</Trackpoint>
					<Trackpoint>
						<Time>2569-05-19T14:44:09Z</Time>
						<Position>
							<LatitudeDegrees>9.142666</LatitudeDegrees>
							<LongitudeDegrees>99.324374</LongitudeDegrees>
						</Position>
						<AltitudeMeters>38.560000</AltitudeMeters>
						<HeartRateBpm>
							<Value>86</Value>
						</HeartRateBpm>
					</Trackpoint>
					<Trackpoint>
						<Time>2569-05-19T14:44:10Z</Time>
						<Position>
							<LatitudeDegrees>9.142666</LatitudeDegrees>
							<LongitudeDegrees>99.324374</LongitudeDegrees>
						</Position>
						<AltitudeMeters>38.560000</AltitudeMeters>
						<HeartRateBpm>
							<Value>87</Value>
						</HeartRateBpm>
					</Trackpoint>
					<Trackpoint>
						<Time>2569-05-19T14:44:11Z</Time>
						<Position>
							<LatitudeDegrees>9.142666</LatitudeDegrees>
							<LongitudeDegrees>99.324374</LongitudeDegrees>
						</Position>
						<AltitudeMeters>38.560000</AltitudeMeters>
						<HeartRateBpm>
							<Value>86</Value>
						</HeartRateBpm>
					</Trackpoint>
					<Trackpoint>
						<Time>2569-05-19T14:44:12Z</Time>
						<Position>
							<LatitudeDegrees>9.142666</LatitudeDegrees>
							<LongitudeDegrees>99.324375</LongitudeDegrees>
						</Position>
						<AltitudeMeters>38.560000</AltitudeMeters>
						<HeartRateBpm>
							<Value>86</Value>
						</HeartRateBpm>
					</Trackpoint>
					<Trackpoint>
						<Time>2569-05-19T14:44:13Z</Time>
						<Position>
							<LatitudeDegrees>9.142666</LatitudeDegrees>
							<LongitudeDegrees>99.324376</LongitudeDegrees>
						</Position>
						<AltitudeMeters>38.560000</AltitudeMeters>
						<HeartRateBpm>
							<Value>85</Value>
						</HeartRateBpm>
					</Trackpoint>
					<Trackpoint>
						<Time>2569-05-19T14:44:14Z</Time>
						<Position>
							<LatitudeDegrees>9.142666</LatitudeDegrees>
							<LongitudeDegrees>99.324376</LongitudeDegrees>
						</Position>
						<AltitudeMeters>38.560000</AltitudeMeters>
						<HeartRateBpm>
							<Value>86</Value>
						</HeartRateBpm>
					</Trackpoint>
					<Trackpoint>
						<Time>2569-05-19T14:44:15Z</Time>
						<Position>
							<LatitudeDegrees>9.142666</LatitudeDegrees>
							<LongitudeDegrees>99.324376</LongitudeDegrees>
						</Position>
						<AltitudeMeters>38.560000</AltitudeMeters>
						<HeartRateBpm>
							<Value>86</Value>
						</HeartRateBpm>
					</Trackpoint>
					<Trackpoint>
						<Time>2569-05-19T14:44:16Z</Time>
						<Position>
							<LatitudeDegrees>9.142666</LatitudeDegrees>
							<LongitudeDegrees>99.324376</LongitudeDegrees>
						</Position>
						<AltitudeMeters>38.560000</AltitudeMeters>
						<HeartRateBpm>
							<Value>86</Value>
						</HeartRateBpm>
					</Trackpoint>
					<Trackpoint>
						<Time>2569-05-19T14:44:17Z</Time>
						<Position>
							<LatitudeDegrees>9.142666</LatitudeDegrees>
							<LongitudeDegrees>99.324375</LongitudeDegrees>
						</Position>
						<AltitudeMeters>38.560000</AltitudeMeters>
						<HeartRateBpm>
							<Value>85</Value>
						</HeartRateBpm>
					</Trackpoint>
					<Trackpoint>
						<Time>2569-05-19T14:44:18Z</Time>
						<Position>
							<LatitudeDegrees>9.142666</LatitudeDegrees>
							<LongitudeDegrees>99.324374</LongitudeDegrees>
						</Position>
						<AltitudeMeters>38.560000</AltitudeMeters>
						<HeartRateBpm>
							<Value>85</Value>
						</HeartRateBpm>
					</Trackpoint>
					<Trackpoint>
						<Time>2569-05-19T14:44:19Z</Time>
						<Position>
							<LatitudeDegrees>9.142669</LatitudeDegrees>
							<LongitudeDegrees>99.324373</LongitudeDegrees>
						</Position>
						<AltitudeMeters>38.560000</AltitudeMeters>
						<HeartRateBpm>
							<Value>85</Value>
						</HeartRateBpm>
					</Trackpoint>
					<Trackpoint>
						<Time>2569-05-19T14:44:20Z</Time>
						<Position>
							<LatitudeDegrees>9.142672</LatitudeDegrees>
							<LongitudeDegrees>99.324372</LongitudeDegrees>
						</Position>
						<AltitudeMeters>38.560000</AltitudeMeters>
						<HeartRateBpm>
							<Value>84</Value>
						</HeartRateBpm>
					</Trackpoint>
					<Trackpoint>
						<Time>2569-05-19T14:44:21Z</Time>
						<Position>
							<LatitudeDegrees>9.142676</LatitudeDegrees>
							<LongitudeDegrees>99.324371</LongitudeDegrees>
						</Position>
						<AltitudeMeters>38.570000</AltitudeMeters>
						<HeartRateBpm>
							<Value>84</Value>
						</HeartRateBpm>
					</Trackpoint>
					<Trackpoint>
						<Time>2569-05-19T14:44:23Z</Time>
						<Position>
							<LatitudeDegrees>9.142681</LatitudeDegrees>
							<LongitudeDegrees>99.324370</LongitudeDegrees>
						</Position>
						<AltitudeMeters>38.570000</AltitudeMeters>
						<HeartRateBpm>
							<Value>83</Value>
						</HeartRateBpm>
					</Trackpoint>
					<Trackpoint>
						<Time>2569-05-19T14:44:23Z</Time>
						<Position>
							<LatitudeDegrees>9.142681</LatitudeDegrees>
							<LongitudeDegrees>99.324370</LongitudeDegrees>
						</Position>
						<AltitudeMeters>38.570000</AltitudeMeters>
						<HeartRateBpm>
							<Value>83</Value>
						</HeartRateBpm>
					</Trackpoint>
					<Trackpoint>
						<Time>2569-05-19T14:44:24Z</Time>
						<Position>
							<LatitudeDegrees>9.142683</LatitudeDegrees>
							<LongitudeDegrees>99.324371</LongitudeDegrees>
						</Position>
						<AltitudeMeters>38.580000</AltitudeMeters>
						<HeartRateBpm>
							<Value>83</Value>
						</HeartRateBpm>
					</Trackpoint>
					<Trackpoint>
						<Time>2569-05-19T14:44:26Z</Time>
						<Position>
							<LatitudeDegrees>9.142685</LatitudeDegrees>
							<LongitudeDegrees>99.324372</LongitudeDegrees>
						</Position>
						<AltitudeMeters>38.580000</AltitudeMeters>
						<HeartRateBpm>
							<Value>82</Value>
						</HeartRateBpm>
					</Trackpoint>
					<Trackpoint>
						<Time>2569-05-19T14:44:27Z</Time>
						<Position>
							<LatitudeDegrees>9.142686</LatitudeDegrees>
							<LongitudeDegrees>99.324372</LongitudeDegrees>
						</Position>
						<AltitudeMeters>38.580000</AltitudeMeters>
						<HeartRateBpm>
							<Value>81</Value>
						</HeartRateBpm>
					</Trackpoint>
					<Trackpoint>
						<Time>2569-05-19T14:44:28Z</Time>
						<Position>
							<LatitudeDegrees>9.142687</LatitudeDegrees>
							<LongitudeDegrees>99.324373</LongitudeDegrees>
						</Position>
						<AltitudeMeters>38.580000</AltitudeMeters>
						<HeartRateBpm>
							<Value>81</Value>
						</HeartRateBpm>
					</Trackpoint>
					<Trackpoint>
						<Time>2569-05-19T14:44:29Z</Time>
						<Position>
							<LatitudeDegrees>9.142688</LatitudeDegrees>
							<LongitudeDegrees>99.324373</LongitudeDegrees>
						</Position>
						<AltitudeMeters>38.580000</AltitudeMeters>
						<HeartRateBpm>
							<Value>81</Value>
						</HeartRateBpm>
					</Trackpoint>
					<Trackpoint>
						<Time>2569-05-19T14:44:30Z</Time>
						<Position>
							<LatitudeDegrees>9.142688</LatitudeDegrees>
							<LongitudeDegrees>99.324374</LongitudeDegrees>
						</Position>
						<AltitudeMeters>38.580000</AltitudeMeters>
						<HeartRateBpm>
							<Value>81</Value>
						</HeartRateBpm>
					</Trackpoint>
					<Trackpoint>
						<Time>2569-05-19T14:44:30Z</Time>
						<Position>
							<LatitudeDegrees>9.142688</LatitudeDegrees>
							<LongitudeDegrees>99.324374</LongitudeDegrees>
						</Position>
						<AltitudeMeters>38.580000</AltitudeMeters>
						<HeartRateBpm>
							<Value>81</Value>
						</HeartRateBpm>
					</Trackpoint>
					<Trackpoint>
						<Time>2569-05-19T14:44:31Z</Time>
						<Position>
							<LatitudeDegrees>9.142688</LatitudeDegrees>
							<LongitudeDegrees>99.324375</LongitudeDegrees>
						</Position>
						<AltitudeMeters>38.580000</AltitudeMeters>
						<HeartRateBpm>
							<Value>81</Value>
						</HeartRateBpm>
					</Trackpoint>
					<Trackpoint>
						<Time>2569-05-19T14:44:32Z</Time>
						<Position>
							<LatitudeDegrees>9.142688</LatitudeDegrees>
							<LongitudeDegrees>99.324375</LongitudeDegrees>
						</Position>
						<AltitudeMeters>38.580000</AltitudeMeters>
						<HeartRateBpm>
							<Value>82</Value>
						</HeartRateBpm>
					</Trackpoint>
					<Trackpoint>
						<Time>2569-05-19T14:44:34Z</Time>
						<Position>
							<LatitudeDegrees>9.142687</LatitudeDegrees>
							<LongitudeDegrees>99.324376</LongitudeDegrees>
						</Position>
						<AltitudeMeters>38.580000</AltitudeMeters>
						<HeartRateBpm>
							<Value>80</Value>
						</HeartRateBpm>
					</Trackpoint>
					<Trackpoint>
						<Time>2569-05-19T14:44:35Z</Time>
						<Position>
							<LatitudeDegrees>9.142685</LatitudeDegrees>
							<LongitudeDegrees>99.324376</LongitudeDegrees>
						</Position>
						<AltitudeMeters>38.580000</AltitudeMeters>
						<HeartRateBpm>
							<Value>79</Value>
						</HeartRateBpm>
					</Trackpoint>
					<Trackpoint>
						<Time>2569-05-19T14:44:35Z</Time>
						<Position>
							<LatitudeDegrees>9.142685</LatitudeDegrees>
							<LongitudeDegrees>99.324376</LongitudeDegrees>
						</Position>
						<AltitudeMeters>38.580000</AltitudeMeters>
						<HeartRateBpm>
							<Value>79</Value>
						</HeartRateBpm>
					</Trackpoint>
					<Trackpoint>
						<Time>2569-05-19T14:44:37Z</Time>
						<Position>
							<LatitudeDegrees>9.142684</LatitudeDegrees>
							<LongitudeDegrees>99.324376</LongitudeDegrees>
						</Position>
						<AltitudeMeters>38.580000</AltitudeMeters>
						<HeartRateBpm>
							<Value>79</Value>
						</HeartRateBpm>
					</Trackpoint>
					<Trackpoint>
						<Time>2569-05-19T14:44:37Z</Time>
						<Position>
							<LatitudeDegrees>9.142684</LatitudeDegrees>
							<LongitudeDegrees>99.324376</LongitudeDegrees>
						</Position>
						<AltitudeMeters>38.580000</AltitudeMeters>
						<HeartRateBpm>
							<Value>79</Value>
						</HeartRateBpm>
					</Trackpoint>
					<Trackpoint>
						<Time>2569-05-19T14:44:38Z</Time>
						<Position>
							<LatitudeDegrees>9.142685</LatitudeDegrees>
							<LongitudeDegrees>99.324378</LongitudeDegrees>
						</Position>
						<AltitudeMeters>38.580000</AltitudeMeters>
						<HeartRateBpm>
							<Value>78</Value>
						</HeartRateBpm>
					</Trackpoint>
					<Trackpoint>
						<Time>2569-05-19T14:44:39Z</Time>
						<Position>
							<LatitudeDegrees>9.142686</LatitudeDegrees>
							<LongitudeDegrees>99.324380</LongitudeDegrees>
						</Position>
						<AltitudeMeters>38.580000</AltitudeMeters>
						<HeartRateBpm>
							<Value>78</Value>
						</HeartRateBpm>
					</Trackpoint>
					<Trackpoint>
						<Time>2569-05-19T14:44:41Z</Time>
						<Position>
							<LatitudeDegrees>9.142688</LatitudeDegrees>
							<LongitudeDegrees>99.324383</LongitudeDegrees>
						</Position>
						<AltitudeMeters>38.580000</AltitudeMeters>
						<HeartRateBpm>
							<Value>80</Value>
						</HeartRateBpm>
					</Trackpoint>
					<Trackpoint>
						<Time>2569-05-19T14:44:41Z</Time>
						<Position>
							<LatitudeDegrees>9.142688</LatitudeDegrees>
							<LongitudeDegrees>99.324383</LongitudeDegrees>
						</Position>
						<AltitudeMeters>38.580000</AltitudeMeters>
						<HeartRateBpm>
							<Value>80</Value>
						</HeartRateBpm>
					</Trackpoint>
					<Trackpoint>
						<Time>2569-05-19T14:44:42Z</Time>
						<Position>
							<LatitudeDegrees>9.142689</LatitudeDegrees>
							<LongitudeDegrees>99.324385</LongitudeDegrees>
						</Position>
						<AltitudeMeters>38.580000</AltitudeMeters>
						<HeartRateBpm>
							<Value>80</Value>
						</HeartRateBpm>
					</Trackpoint>
					<Trackpoint>
						<Time>2569-05-19T14:44:44Z</Time>
						<Position>
							<LatitudeDegrees>9.142690</LatitudeDegrees>
							<LongitudeDegrees>99.324387</LongitudeDegrees>
						</Position>
						<AltitudeMeters>38.580000</AltitudeMeters>
						<HeartRateBpm>
							<Value>81</Value>
						</HeartRateBpm>
					</Trackpoint>
					<Trackpoint>
						<Time>2569-05-19T14:44:45Z</Time>
						<Position>
							<LatitudeDegrees>9.142691</LatitudeDegrees>
							<LongitudeDegrees>99.324388</LongitudeDegrees>
						</Position>
						<AltitudeMeters>38.580000</AltitudeMeters>
						<HeartRateBpm>
							<Value>80</Value>
						</HeartRateBpm>
					</Trackpoint>
					<Trackpoint>
						<Time>2569-05-19T14:44:46Z</Time>
						<Position>
							<LatitudeDegrees>9.142692</LatitudeDegrees>
							<LongitudeDegrees>99.324390</LongitudeDegrees>
						</Position>
						<AltitudeMeters>38.580000</AltitudeMeters>
						<HeartRateBpm>
							<Value>80</Value>
						</HeartRateBpm>
					</Trackpoint>
					<Trackpoint>
						<Time>2569-05-19T14:44:46Z</Time>
						<Position>
							<LatitudeDegrees>9.142692</LatitudeDegrees>
							<LongitudeDegrees>99.324390</LongitudeDegrees>
						</Position>
						<AltitudeMeters>38.580000</AltitudeMeters>
						<HeartRateBpm>
							<Value>80</Value>
						</HeartRateBpm>
					</Trackpoint>
					<Trackpoint>
						<Time>2569-05-19T14:44:47Z</Time>
						<Position>
							<LatitudeDegrees>9.142691</LatitudeDegrees>
							<LongitudeDegrees>99.324391</LongitudeDegrees>
						</Position>
						<AltitudeMeters>38.580000</AltitudeMeters>
						<HeartRateBpm>
							<Value>81</Value>
						</HeartRateBpm>
					</Trackpoint>
					<Trackpoint>
						<Time>2569-05-19T14:44:48Z</Time>
						<Position>
							<LatitudeDegrees>9.142690</LatitudeDegrees>
							<LongitudeDegrees>99.324392</LongitudeDegrees>
						</Position>
						<AltitudeMeters>38.580000</AltitudeMeters>
						<HeartRateBpm>
							<Value>81</Value>
						</HeartRateBpm>
					</Trackpoint>
					<Trackpoint>
						<Time>2569-05-19T14:44:49Z</Time>
						<Position>
							<LatitudeDegrees>9.142689</LatitudeDegrees>
							<LongitudeDegrees>99.324394</LongitudeDegrees>
						</Position>
						<AltitudeMeters>38.580000</AltitudeMeters>
						<HeartRateBpm>
							<Value>81</Value>
						</HeartRateBpm>
					</Trackpoint>
					<Trackpoint>
						<Time>2569-05-19T14:44:50Z</Time>
						<Position>
							<LatitudeDegrees>9.142688</LatitudeDegrees>
							<LongitudeDegrees>99.324395</LongitudeDegrees>
						</Position>
						<AltitudeMeters>38.580000</AltitudeMeters>
						<HeartRateBpm>
							<Value>81</Value>
						</HeartRateBpm>
					</Trackpoint>
					<Trackpoint>
						<Time>2569-05-19T14:44:51Z</Time>
						<Position>
							<LatitudeDegrees>9.142687</LatitudeDegrees>
							<LongitudeDegrees>99.324397</LongitudeDegrees>
						</Position>
						<AltitudeMeters>38.580000</AltitudeMeters>
						<HeartRateBpm>
							<Value>81</Value>
						</HeartRateBpm>
					</Trackpoint>
					<Trackpoint>
						<Time>2569-05-19T14:44:52Z</Time>
						<Position>
							<LatitudeDegrees>9.142685</LatitudeDegrees>
							<LongitudeDegrees>99.324398</LongitudeDegrees>
						</Position>
						<AltitudeMeters>38.580000</AltitudeMeters>
						<HeartRateBpm>
							<Value>83</Value>
						</HeartRateBpm>
					</Trackpoint>
					<Trackpoint>
						<Time>2569-05-19T14:44:53Z</Time>
						<Position>
							<LatitudeDegrees>9.142683</LatitudeDegrees>
							<LongitudeDegrees>99.324401</LongitudeDegrees>
						</Position>
						<AltitudeMeters>38.580000</AltitudeMeters>
						<HeartRateBpm>
							<Value>85</Value>
						</HeartRateBpm>
					</Trackpoint>
					<Trackpoint>
						<Time>2569-05-19T14:44:54Z</Time>
						<Position>
							<LatitudeDegrees>9.142681</LatitudeDegrees>
							<LongitudeDegrees>99.324403</LongitudeDegrees>
						</Position>
						<AltitudeMeters>38.570000</AltitudeMeters>
						<HeartRateBpm>
							<Value>88</Value>
						</HeartRateBpm>
					</Trackpoint>
					<Trackpoint>
						<Time>2569-05-19T14:44:56Z</Time>
						<Position>
							<LatitudeDegrees>9.142680</LatitudeDegrees>
							<LongitudeDegrees>99.324404</LongitudeDegrees>
						</Position>
						<AltitudeMeters>38.570000</AltitudeMeters>
						<HeartRateBpm>
							<Value>90</Value>
						</HeartRateBpm>
					</Trackpoint>
					<Trackpoint>
						<Time>2569-05-19T14:45:01Z</Time>
						<Position>
							<LatitudeDegrees>9.142680</LatitudeDegrees>
							<LongitudeDegrees>99.324412</LongitudeDegrees>
						</Position>
						<AltitudeMeters>38.570000</AltitudeMeters>
						<HeartRateBpm>
							<Value>89</Value>
						</HeartRateBpm>
					</Trackpoint>
					<Trackpoint>
						<Time>2569-05-19T14:45:01Z</Time>
						<Position>
							<LatitudeDegrees>9.142680</LatitudeDegrees>
							<LongitudeDegrees>99.324412</LongitudeDegrees>
						</Position>
						<AltitudeMeters>38.570000</AltitudeMeters>
						<HeartRateBpm>
							<Value>89</Value>
						</HeartRateBpm>
					</Trackpoint>
					<Trackpoint>
						<Time>2569-05-19T14:45:04Z</Time>
						<Position>
							<LatitudeDegrees>9.142675</LatitudeDegrees>
							<LongitudeDegrees>99.324418</LongitudeDegrees>
						</Position>
						<AltitudeMeters>38.570000</AltitudeMeters>
						<HeartRateBpm>
							<Value>88</Value>
						</HeartRateBpm>
					</Trackpoint>
					<Trackpoint>
						<Time>2569-05-19T14:45:05Z</Time>
						<Position>
							<LatitudeDegrees>9.142675</LatitudeDegrees>
							<LongitudeDegrees>99.324419</LongitudeDegrees>
						</Position>
						<AltitudeMeters>38.570000</AltitudeMeters>
						<HeartRateBpm>
							<Value>88</Value>
						</HeartRateBpm>
					</Trackpoint>
					<Trackpoint>
						<Time>2569-05-19T14:45:06Z</Time>
						<Position>
							<LatitudeDegrees>9.142676</LatitudeDegrees>
							<LongitudeDegrees>99.324421</LongitudeDegrees>
						</Position>
						<AltitudeMeters>38.570000</AltitudeMeters>
						<HeartRateBpm>
							<Value>88</Value>
						</HeartRateBpm>
					</Trackpoint>
					<Trackpoint>
						<Time>2569-05-19T14:45:07Z</Time>
						<Position>
							<LatitudeDegrees>9.142676</LatitudeDegrees>
							<LongitudeDegrees>99.324424</LongitudeDegrees>
						</Position>
						<AltitudeMeters>38.570000</AltitudeMeters>
						<HeartRateBpm>
							<Value>88</Value>
						</HeartRateBpm>
					</Trackpoint>
					<Trackpoint>
						<Time>2569-05-19T14:45:08Z</Time>
						<Position>
							<LatitudeDegrees>9.142677</LatitudeDegrees>
							<LongitudeDegrees>99.324427</LongitudeDegrees>
						</Position>
						<AltitudeMeters>38.570000</AltitudeMeters>
						<HeartRateBpm>
							<Value>87</Value>
						</HeartRateBpm>
					</Trackpoint>
					<Trackpoint>
						<Time>2569-05-19T14:45:09Z</Time>
						<Position>
							<LatitudeDegrees>9.142677</LatitudeDegrees>
							<LongitudeDegrees>99.324429</LongitudeDegrees>
						</Position>
						<AltitudeMeters>38.570000</AltitudeMeters>
						<HeartRateBpm>
							<Value>86</Value>
						</HeartRateBpm>
					</Trackpoint>
					<Trackpoint>
						<Time>2569-05-19T14:45:10Z</Time>
						<Position>
							<LatitudeDegrees>9.142676</LatitudeDegrees>
							<LongitudeDegrees>99.324431</LongitudeDegrees>
						</Position>
						<AltitudeMeters>38.570000</AltitudeMeters>
						<HeartRateBpm>
							<Value>85</Value>
						</HeartRateBpm>
					</Trackpoint>
					<Trackpoint>
						<Time>2569-05-19T14:45:11Z</Time>
						<Position>
							<LatitudeDegrees>9.142676</LatitudeDegrees>
							<LongitudeDegrees>99.324433</LongitudeDegrees>
						</Position>
						<AltitudeMeters>38.570000</AltitudeMeters>
						<HeartRateBpm>
							<Value>85</Value>
						</HeartRateBpm>
					</Trackpoint>
					<Trackpoint>
						<Time>2569-05-19T14:45:15Z</Time>
						<Position>
							<LatitudeDegrees>9.142669</LatitudeDegrees>
							<LongitudeDegrees>99.324442</LongitudeDegrees>
						</Position>
						<AltitudeMeters>38.520000</AltitudeMeters>
						<HeartRateBpm>
							<Value>84</Value>
						</HeartRateBpm>
					</Trackpoint>
					<Trackpoint>
						<Time>2569-05-19T14:45:22Z</Time>
						<Position>
							<LatitudeDegrees>9.142661</LatitudeDegrees>
							<LongitudeDegrees>99.324466</LongitudeDegrees>
						</Position>
						<AltitudeMeters>38.510000</AltitudeMeters>
						<HeartRateBpm>
							<Value>84</Value>
						</HeartRateBpm>
					</Trackpoint>
					<Trackpoint>
						<Time>2569-05-19T14:45:23Z</Time>
						<Position>
							<LatitudeDegrees>9.142661</LatitudeDegrees>
							<LongitudeDegrees>99.324468</LongitudeDegrees>
						</Position>
						<AltitudeMeters>38.510000</AltitudeMeters>
						<HeartRateBpm>
							<Value>85</Value>
						</HeartRateBpm>
					</Trackpoint>
					<Trackpoint>
						<Time>2569-05-19T14:45:24Z</Time>
						<Position>
							<LatitudeDegrees>9.142662</LatitudeDegrees>
							<LongitudeDegrees>99.324472</LongitudeDegrees>
						</Position>
						<AltitudeMeters>38.520000</AltitudeMeters>
						<HeartRateBpm>
							<Value>85</Value>
						</HeartRateBpm>
						<Extensions>
							<ns3:TPX>
								<ns3:Speed>0.105720</ns3:Speed>
							</ns3:TPX>
						</Extensions>
					</Trackpoint>
					<Trackpoint>
						<Time>2569-05-19T14:45:25Z</Time>
						<Position>
							<LatitudeDegrees>9.142662</LatitudeDegrees>
							<LongitudeDegrees>99.324477</LongitudeDegrees>
						</Position>
						<AltitudeMeters>38.510000</AltitudeMeters>
						<HeartRateBpm>
							<Value>85</Value>
						</HeartRateBpm>
						<Extensions>
							<ns3:TPX>
								<ns3:Speed>0.105460</ns3:Speed>
							</ns3:TPX>
						</Extensions>
					</Trackpoint>
					<Trackpoint>
						<Time>2569-05-19T14:45:26Z</Time>
						<Position>
							<LatitudeDegrees>9.142663</LatitudeDegrees>
							<LongitudeDegrees>99.324483</LongitudeDegrees>
						</Position>
						<AltitudeMeters>38.510000</AltitudeMeters>
						<HeartRateBpm>
							<Value>86</Value>
						</HeartRateBpm>
						<Extensions>
							<ns3:TPX>
								<ns3:Speed>0.107780</ns3:Speed>
							</ns3:TPX>
						</Extensions>
					</Trackpoint>
					<Trackpoint>
						<Time>2569-05-19T14:45:27Z</Time>
						<Position>
							<LatitudeDegrees>9.142664</LatitudeDegrees>
							<LongitudeDegrees>99.324489</LongitudeDegrees>
						</Position>
						<AltitudeMeters>38.510000</AltitudeMeters>
						<HeartRateBpm>
							<Value>87</Value>
						</HeartRateBpm>
						<Extensions>
							<ns3:TPX>
								<ns3:Speed>0.114980</ns3:Speed>
							</ns3:TPX>
						</Extensions>
					</Trackpoint>
					<Trackpoint>
						<Time>2569-05-19T14:45:29Z</Time>
						<Position>
							<LatitudeDegrees>9.142665</LatitudeDegrees>
							<LongitudeDegrees>99.324494</LongitudeDegrees>
						</Position>
						<AltitudeMeters>38.510000</AltitudeMeters>
						<HeartRateBpm>
							<Value>90</Value>
						</HeartRateBpm>
						<Extensions>
							<ns3:TPX>
								<ns3:Speed>0.133600</ns3:Speed>
							</ns3:TPX>
						</Extensions>
					</Trackpoint>
					<Trackpoint>
						<Time>2569-05-19T14:45:33Z</Time>
						<Position>
							<LatitudeDegrees>9.142673</LatitudeDegrees>
							<LongitudeDegrees>99.324518</LongitudeDegrees>
						</Position>
						<AltitudeMeters>38.460000</AltitudeMeters>
						<HeartRateBpm>
							<Value>90</Value>
						</HeartRateBpm>
					</Trackpoint>
					<Trackpoint>
						<Time>2569-05-19T14:45:34Z</Time>
						<Position>
							<LatitudeDegrees>9.142673</LatitudeDegrees>
							<LongitudeDegrees>99.324518</LongitudeDegrees>
						</Position>
						<AltitudeMeters>38.460000</AltitudeMeters>
						<HeartRateBpm>
							<Value>91</Value>
						</HeartRateBpm>
					</Trackpoint>
					<Trackpoint>
						<Time>2569-05-19T14:45:35Z</Time>
						<Position>
							<LatitudeDegrees>9.142673</LatitudeDegrees>
							<LongitudeDegrees>99.324518</LongitudeDegrees>
						</Position>
						<AltitudeMeters>38.460000</AltitudeMeters>
						<HeartRateBpm>
							<Value>91</Value>
						</HeartRateBpm>
						<Extensions>
							<ns3:TPX>
								<ns3:Speed>0.150220</ns3:Speed>
							</ns3:TPX>
						</Extensions>
					</Trackpoint>
					<Trackpoint>
						<Time>2569-05-19T14:45:36Z</Time>
						<Position>
							<LatitudeDegrees>9.142674</LatitudeDegrees>
							<LongitudeDegrees>99.324519</LongitudeDegrees>
						</Position>
						<AltitudeMeters>38.460000</AltitudeMeters>
						<HeartRateBpm>
							<Value>91</Value>
						</HeartRateBpm>
					</Trackpoint>
					<Trackpoint>
						<Time>2569-05-19T14:45:37Z</Time>
						<Position>
							<LatitudeDegrees>9.142674</LatitudeDegrees>
							<LongitudeDegrees>99.324521</LongitudeDegrees>
						</Position>
						<AltitudeMeters>38.460000</AltitudeMeters>
						<HeartRateBpm>
							<Value>92</Value>
						</HeartRateBpm>
					</Trackpoint>
					<Trackpoint>
						<Time>2569-05-19T14:45:38Z</Time>
						<Position>
							<LatitudeDegrees>9.142675</LatitudeDegrees>
							<LongitudeDegrees>99.324521</LongitudeDegrees>
						</Position>
						<AltitudeMeters>38.450000</AltitudeMeters>
						<HeartRateBpm>
							<Value>91</Value>
						</HeartRateBpm>
					</Trackpoint>
					<Trackpoint>
						<Time>2569-05-19T14:45:39Z</Time>
						<Position>
							<LatitudeDegrees>9.142675</LatitudeDegrees>
							<LongitudeDegrees>99.324522</LongitudeDegrees>
						</Position>
						<AltitudeMeters>38.450000</AltitudeMeters>
						<HeartRateBpm>
							<Value>91</Value>
						</HeartRateBpm>
					</Trackpoint>
					<Trackpoint>
						<Time>2569-05-19T14:45:41Z</Time>
						<Position>
							<LatitudeDegrees>9.142675</LatitudeDegrees>
							<LongitudeDegrees>99.324525</LongitudeDegrees>
						</Position>
						<AltitudeMeters>38.450000</AltitudeMeters>
						<HeartRateBpm>
							<Value>89</Value>
						</HeartRateBpm>
					</Trackpoint>
					<Trackpoint>
						<Time>2569-05-19T14:45:41Z</Time>
						<Position>
							<LatitudeDegrees>9.142675</LatitudeDegrees>
							<LongitudeDegrees>99.324525</LongitudeDegrees>
						</Position>
						<AltitudeMeters>38.450000</AltitudeMeters>
						<HeartRateBpm>
							<Value>89</Value>
						</HeartRateBpm>
					</Trackpoint>
					<Trackpoint>
						<Time>2569-05-19T14:45:42Z</Time>
						<Position>
							<LatitudeDegrees>9.142675</LatitudeDegrees>
							<LongitudeDegrees>99.324527</LongitudeDegrees>
						</Position>
						<AltitudeMeters>38.440000</AltitudeMeters>
						<HeartRateBpm>
							<Value>88</Value>
						</HeartRateBpm>
					</Trackpoint>
					<Trackpoint>
						<Time>2569-05-19T14:45:43Z</Time>
						<Position>
							<LatitudeDegrees>9.142675</LatitudeDegrees>
							<LongitudeDegrees>99.324529</LongitudeDegrees>
						</Position>
						<AltitudeMeters>38.440000</AltitudeMeters>
						<HeartRateBpm>
							<Value>88</Value>
						</HeartRateBpm>
					</Trackpoint>
					<Trackpoint>
						<Time>2569-05-19T14:45:44Z</Time>
						<Position>
							<LatitudeDegrees>9.142676</LatitudeDegrees>
							<LongitudeDegrees>99.324531</LongitudeDegrees>
						</Position>
						<AltitudeMeters>38.430000</AltitudeMeters>
						<HeartRateBpm>
							<Value>87</Value>
						</HeartRateBpm>
					</Trackpoint>
					<Trackpoint>
						<Time>2569-05-19T14:45:45Z</Time>
						<Position>
							<LatitudeDegrees>9.142679</LatitudeDegrees>
							<LongitudeDegrees>99.324539</LongitudeDegrees>
						</Position>
						<AltitudeMeters>38.350000</AltitudeMeters>
						<HeartRateBpm>
							<Value>87</Value>
						</HeartRateBpm>
					</Trackpoint>
					<Trackpoint>
						<Time>2569-05-19T14:45:48Z</Time>
						<Position>
							<LatitudeDegrees>9.142688</LatitudeDegrees>
							<LongitudeDegrees>99.324559</LongitudeDegrees>
						</Position>
						<AltitudeMeters>38.220000</AltitudeMeters>
						<HeartRateBpm>
							<Value>88</Value>
						</HeartRateBpm>
					</Trackpoint>
					<Trackpoint>
						<Time>2569-05-19T14:45:49Z</Time>
						<Position>
							<LatitudeDegrees>9.142688</LatitudeDegrees>
							<LongitudeDegrees>99.324560</LongitudeDegrees>
						</Position>
						<AltitudeMeters>38.220000</AltitudeMeters>
						<HeartRateBpm>
							<Value>88</Value>
						</HeartRateBpm>
						<Cadence>67</Cadence>
					</Trackpoint>
					<Trackpoint>
						<Time>2569-05-19T14:45:50Z</Time>
						<Position>
							<LatitudeDegrees>9.142688</LatitudeDegrees>
							<LongitudeDegrees>99.324561</LongitudeDegrees>
						</Position>
						<AltitudeMeters>38.220000</AltitudeMeters>
						<HeartRateBpm>
							<Value>88</Value>
						</HeartRateBpm>
					</Trackpoint>
					<Trackpoint>
						<Time>2569-05-19T14:45:51Z</Time>
						<Position>
							<LatitudeDegrees>9.142689</LatitudeDegrees>
							<LongitudeDegrees>99.324562</LongitudeDegrees>
						</Position>
						<AltitudeMeters>38.220000</AltitudeMeters>
						<HeartRateBpm>
							<Value>88</Value>
						</HeartRateBpm>
					</Trackpoint>
					<Trackpoint>
						<Time>2569-05-19T14:45:52Z</Time>
						<Position>
							<LatitudeDegrees>9.142690</LatitudeDegrees>
							<LongitudeDegrees>99.324564</LongitudeDegrees>
						</Position>
						<AltitudeMeters>38.200000</AltitudeMeters>
						<HeartRateBpm>
							<Value>89</Value>
						</HeartRateBpm>
					</Trackpoint>
					<Trackpoint>
						<Time>2569-05-19T14:45:53Z</Time>
						<Position>
							<LatitudeDegrees>9.142691</LatitudeDegrees>
							<LongitudeDegrees>99.324566</LongitudeDegrees>
						</Position>
						<AltitudeMeters>38.210000</AltitudeMeters>
						<HeartRateBpm>
							<Value>88</Value>
						</HeartRateBpm>
					</Trackpoint>
					<Trackpoint>
						<Time>2569-05-19T14:45:55Z</Time>
						<Position>
							<LatitudeDegrees>9.142692</LatitudeDegrees>
							<LongitudeDegrees>99.324568</LongitudeDegrees>
						</Position>
						<AltitudeMeters>38.200000</AltitudeMeters>
						<HeartRateBpm>
							<Value>89</Value>
						</HeartRateBpm>
					</Trackpoint>
					<Trackpoint>
						<Time>2569-05-19T14:45:56Z</Time>
						<Position>
							<LatitudeDegrees>9.142693</LatitudeDegrees>
							<LongitudeDegrees>99.324569</LongitudeDegrees>
						</Position>
						<AltitudeMeters>38.190000</AltitudeMeters>
						<HeartRateBpm>
							<Value>89</Value>
						</HeartRateBpm>
					</Trackpoint>
					<Trackpoint>
						<Time>2569-05-19T14:45:57Z</Time>
						<Position>
							<LatitudeDegrees>9.142694</LatitudeDegrees>
							<LongitudeDegrees>99.324570</LongitudeDegrees>
						</Position>
						<AltitudeMeters>38.190000</AltitudeMeters>
						<HeartRateBpm>
							<Value>88</Value>
						</HeartRateBpm>
					</Trackpoint>
					<Trackpoint>
						<Time>2569-05-19T14:45:58Z</Time>
						<Position>
							<LatitudeDegrees>9.142694</LatitudeDegrees>
							<LongitudeDegrees>99.324570</LongitudeDegrees>
						</Position>
						<AltitudeMeters>38.190000</AltitudeMeters>
						<HeartRateBpm>
							<Value>88</Value>
						</HeartRateBpm>
					</Trackpoint>
					<Trackpoint>
						<Time>2569-05-19T14:45:59Z</Time>
						<Position>
							<LatitudeDegrees>9.142695</LatitudeDegrees>
							<LongitudeDegrees>99.324571</LongitudeDegrees>
						</Position>
						<AltitudeMeters>38.190000</AltitudeMeters>
						<HeartRateBpm>
							<Value>88</Value>
						</HeartRateBpm>
					</Trackpoint>
					<Trackpoint>
						<Time>2569-05-19T14:45:59Z</Time>
						<Position>
							<LatitudeDegrees>9.142695</LatitudeDegrees>
							<LongitudeDegrees>99.324571</LongitudeDegrees>
						</Position>
						<AltitudeMeters>38.190000</AltitudeMeters>
						<HeartRateBpm>
							<Value>88</Value>
						</HeartRateBpm>
					</Trackpoint>
					<Trackpoint>
						<Time>2569-05-19T14:46:00Z</Time>
						<Position>
							<LatitudeDegrees>9.142696</LatitudeDegrees>
							<LongitudeDegrees>99.324571</LongitudeDegrees>
						</Position>
						<AltitudeMeters>38.200000</AltitudeMeters>
						<HeartRateBpm>
							<Value>88</Value>
						</HeartRateBpm>
					</Trackpoint>
					<Trackpoint>
						<Time>2569-05-19T14:46:02Z</Time>
						<Position>
							<LatitudeDegrees>9.142698</LatitudeDegrees>
							<LongitudeDegrees>99.324572</LongitudeDegrees>
						</Position>
						<AltitudeMeters>38.200000</AltitudeMeters>
						<HeartRateBpm>
							<Value>88</Value>
						</HeartRateBpm>
					</Trackpoint>
					<Trackpoint>
						<Time>2569-05-19T14:46:02Z</Time>
						<Position>
							<LatitudeDegrees>9.142698</LatitudeDegrees>
							<LongitudeDegrees>99.324572</LongitudeDegrees>
						</Position>
						<AltitudeMeters>38.200000</AltitudeMeters>
						<HeartRateBpm>
							<Value>88</Value>
						</HeartRateBpm>
					</Trackpoint>
					<Trackpoint>
						<Time>2569-05-19T14:46:03Z</Time>
						<Position>
							<LatitudeDegrees>9.142699</LatitudeDegrees>
							<LongitudeDegrees>99.324573</LongitudeDegrees>
						</Position>
						<AltitudeMeters>38.200000</AltitudeMeters>
						<HeartRateBpm>
							<Value>89</Value>
						</HeartRateBpm>
					</Trackpoint>
					<Trackpoint>
						<Time>2569-05-19T14:46:07Z</Time>
						<Position>
							<LatitudeDegrees>9.142696</LatitudeDegrees>
							<LongitudeDegrees>99.324574</LongitudeDegrees>
						</Position>
						<AltitudeMeters>38.220000</AltitudeMeters>
						<HeartRateBpm>
							<Value>87</Value>
						</HeartRateBpm>
					</Trackpoint>
					<Trackpoint>
						<Time>2569-05-19T14:47:58Z</Time>
						<Position>
							<LatitudeDegrees>9.142608</LatitudeDegrees>
							<LongitudeDegrees>99.324507</LongitudeDegrees>
						</Position>
						<AltitudeMeters>37.990000</AltitudeMeters>
						<HeartRateBpm>
							<Value>85</Value>
						</HeartRateBpm>
					</Trackpoint>
					<Trackpoint>
						<Time>2569-05-19T14:47:59Z</Time>
						<Position>
							<LatitudeDegrees>9.142607</LatitudeDegrees>
							<LongitudeDegrees>99.324507</LongitudeDegrees>
						</Position>
						<AltitudeMeters>37.980000</AltitudeMeters>
						<HeartRateBpm>
							<Value>83</Value>
						</HeartRateBpm>
					</Trackpoint>
					<Trackpoint>
						<Time>2569-05-19T14:48:00Z</Time>
						<Position>
							<LatitudeDegrees>9.142607</LatitudeDegrees>
							<LongitudeDegrees>99.324508</LongitudeDegrees>
						</Position>
						<AltitudeMeters>37.980000</AltitudeMeters>
						<HeartRateBpm>
							<Value>83</Value>
						</HeartRateBpm>
					</Trackpoint>
					<Trackpoint>
						<Time>2569-05-19T14:48:01Z</Time>
						<Position>
							<LatitudeDegrees>9.142606</LatitudeDegrees>
							<LongitudeDegrees>99.324508</LongitudeDegrees>
						</Position>
						<AltitudeMeters>37.970000</AltitudeMeters>
						<HeartRateBpm>
							<Value>83</Value>
						</HeartRateBpm>
					</Trackpoint>
					<Trackpoint>
						<Time>2569-05-19T14:48:02Z</Time>
						<Position>
							<LatitudeDegrees>9.142605</LatitudeDegrees>
							<LongitudeDegrees>99.324509</LongitudeDegrees>
						</Position>
						<AltitudeMeters>37.970000</AltitudeMeters>
						<HeartRateBpm>
							<Value>84</Value>
						</HeartRateBpm>
					</Trackpoint>
					<Trackpoint>
						<Time>2569-05-19T14:48:03Z</Time>
						<Position>
							<LatitudeDegrees>9.142606</LatitudeDegrees>
							<LongitudeDegrees>99.324510</LongitudeDegrees>
						</Position>
						<AltitudeMeters>37.970000</AltitudeMeters>
						<HeartRateBpm>
							<Value>84</Value>
						</HeartRateBpm>
					</Trackpoint>
					<Trackpoint>
						<Time>2569-05-19T14:51:38Z</Time>
						<Position>
							<LatitudeDegrees>9.142743</LatitudeDegrees>
							<LongitudeDegrees>99.324262</LongitudeDegrees>
						</Position>
						<AltitudeMeters>37.490000</AltitudeMeters>
						<HeartRateBpm>
							<Value>90</Value>
						</HeartRateBpm>
					</Trackpoint>
					<Trackpoint>
						<Time>2569-05-19T14:51:39Z</Time>
						<Position>
							<LatitudeDegrees>9.142738</LatitudeDegrees>
							<LongitudeDegrees>99.324274</LongitudeDegrees>
						</Position>
						<AltitudeMeters>37.490000</AltitudeMeters>
						<HeartRateBpm>
							<Value>89</Value>
						</HeartRateBpm>
						<Extensions>
							<ns3:TPX>
								<ns3:Speed>0.107530</ns3:Speed>
							</ns3:TPX>
						</Extensions>
					</Trackpoint>
					<Trackpoint>
						<Time>2569-05-19T14:51:40Z</Time>
						<Position>
							<LatitudeDegrees>9.142737</LatitudeDegrees>
							<LongitudeDegrees>99.324282</LongitudeDegrees>
						</Position>
						<AltitudeMeters>37.490000</AltitudeMeters>
						<HeartRateBpm>
							<Value>88</Value>
						</HeartRateBpm>
						<Extensions>
							<ns3:TPX>
								<ns3:Speed>0.164120</ns3:Speed>
							</ns3:TPX>
						</Extensions>
					</Trackpoint>
					<Trackpoint>
						<Time>2569-05-19T14:51:41Z</Time>
						<Position>
							<LatitudeDegrees>9.142736</LatitudeDegrees>
							<LongitudeDegrees>99.324288</LongitudeDegrees>
						</Position>
						<AltitudeMeters>37.480000</AltitudeMeters>
						<HeartRateBpm>
							<Value>88</Value>
						</HeartRateBpm>
					</Trackpoint>
					<Trackpoint>
						<Time>2569-05-19T14:51:42Z</Time>
						<Position>
							<LatitudeDegrees>9.142735</LatitudeDegrees>
							<LongitudeDegrees>99.324291</LongitudeDegrees>
						</Position>
						<AltitudeMeters>37.470000</AltitudeMeters>
						<HeartRateBpm>
							<Value>87</Value>
						</HeartRateBpm>
					</Trackpoint>
					<Trackpoint>
						<Time>2569-05-19T14:51:43Z</Time>
						<Position>
							<LatitudeDegrees>9.142734</LatitudeDegrees>
							<LongitudeDegrees>99.324293</LongitudeDegrees>
						</Position>
						<AltitudeMeters>37.470000</AltitudeMeters>
						<HeartRateBpm>
							<Value>87</Value>
						</HeartRateBpm>
					</Trackpoint>
					<Trackpoint>
						<Time>2569-05-19T14:51:44Z</Time>
						<Position>
							<LatitudeDegrees>9.142733</LatitudeDegrees>
							<LongitudeDegrees>99.324294</LongitudeDegrees>
						</Position>
						<AltitudeMeters>37.470000</AltitudeMeters>
						<HeartRateBpm>
							<Value>87</Value>
						</HeartRateBpm>
					</Trackpoint>
					<Trackpoint>
						<Time>2569-05-19T14:51:45Z</Time>
						<Position>
							<LatitudeDegrees>9.142732</LatitudeDegrees>
							<LongitudeDegrees>99.324294</LongitudeDegrees>
						</Position>
						<AltitudeMeters>37.470000</AltitudeMeters>
						<HeartRateBpm>
							<Value>87</Value>
						</HeartRateBpm>
					</Trackpoint>
					<Trackpoint>
						<Time>2569-05-19T14:51:46Z</Time>
						<Position>
							<LatitudeDegrees>9.142731</LatitudeDegrees>
							<LongitudeDegrees>99.324295</LongitudeDegrees>
						</Position>
						<AltitudeMeters>37.470000</AltitudeMeters>
						<HeartRateBpm>
							<Value>85</Value>
						</HeartRateBpm>
					</Trackpoint>
					<Trackpoint>
						<Time>2569-05-19T14:51:47Z</Time>
						<Position>
							<LatitudeDegrees>9.142731</LatitudeDegrees>
							<LongitudeDegrees>99.324295</LongitudeDegrees>
						</Position>
						<AltitudeMeters>37.470000</AltitudeMeters>
						<HeartRateBpm>
							<Value>84</Value>
						</HeartRateBpm>
					</Trackpoint>
					<Trackpoint>
						<Time>2569-05-19T14:51:48Z</Time>
						<Position>
							<LatitudeDegrees>9.142732</LatitudeDegrees>
							<LongitudeDegrees>99.324295</LongitudeDegrees>
						</Position>
						<AltitudeMeters>37.470000</AltitudeMeters>
						<HeartRateBpm>
							<Value>84</Value>
						</HeartRateBpm>
					</Trackpoint>
					<Trackpoint>
						<Time>2569-05-19T14:51:49Z</Time>
						<Position>
							<LatitudeDegrees>9.142732</LatitudeDegrees>
							<LongitudeDegrees>99.324295</LongitudeDegrees>
						</Position>
						<AltitudeMeters>37.470000</AltitudeMeters>
						<HeartRateBpm>
							<Value>84</Value>
						</HeartRateBpm>
					</Trackpoint>
					<Trackpoint>
						<Time>2569-05-19T14:51:50Z</Time>
						<Position>
							<LatitudeDegrees>9.142732</LatitudeDegrees>
							<LongitudeDegrees>99.324295</LongitudeDegrees>
						</Position>
						<AltitudeMeters>37.470000</AltitudeMeters>
						<HeartRateBpm>
							<Value>84</Value>
						</HeartRateBpm>
					</Trackpoint>
					<Trackpoint>
						<Time>2569-05-19T14:51:51Z</Time>
						<Position>
							<LatitudeDegrees>9.142732</LatitudeDegrees>
							<LongitudeDegrees>99.324294</LongitudeDegrees>
						</Position>
						<AltitudeMeters>37.470000</AltitudeMeters>
						<HeartRateBpm>
							<Value>84</Value>
						</HeartRateBpm>
					</Trackpoint>
					<Trackpoint>
						<Time>2569-05-19T14:51:52Z</Time>
						<Position>
							<LatitudeDegrees>9.142724</LatitudeDegrees>
							<LongitudeDegrees>99.324283</LongitudeDegrees>
						</Position>
						<AltitudeMeters>37.470000</AltitudeMeters>
						<HeartRateBpm>
							<Value>84</Value>
						</HeartRateBpm>
					</Trackpoint>
					<Trackpoint>
						<Time>2569-05-19T14:51:53Z</Time>
						<Position>
							<LatitudeDegrees>9.142717</LatitudeDegrees>
							<LongitudeDegrees>99.324271</LongitudeDegrees>
						</Position>
						<AltitudeMeters>37.470000</AltitudeMeters>
						<HeartRateBpm>
							<Value>84</Value>
						</HeartRateBpm>
					</Trackpoint>
					<Trackpoint>
						<Time>2569-05-19T14:51:54Z</Time>
						<Position>
							<LatitudeDegrees>9.142710</LatitudeDegrees>
							<LongitudeDegrees>99.324260</LongitudeDegrees>
						</Position>
						<AltitudeMeters>37.470000</AltitudeMeters>
						<HeartRateBpm>
							<Value>85</Value>
						</HeartRateBpm>
						<Extensions>
							<ns3:TPX>
								<ns3:Speed>1.326260</ns3:Speed>
							</ns3:TPX>
						</Extensions>
					</Trackpoint>
					<Trackpoint>
						<Time>2569-05-19T14:51:55Z</Time>
						<Position>
							<LatitudeDegrees>9.142706</LatitudeDegrees>
							<LongitudeDegrees>99.324252</LongitudeDegrees>
						</Position>
						<AltitudeMeters>37.470000</AltitudeMeters>
						<HeartRateBpm>
							<Value>85</Value>
						</HeartRateBpm>
						<Extensions>
							<ns3:TPX>
								<ns3:Speed>0.761040</ns3:Speed>
							</ns3:TPX>
						</Extensions>
					</Trackpoint>
					<Trackpoint>
						<Time>2569-05-19T14:51:56Z</Time>
						<Position>
							<LatitudeDegrees>9.142703</LatitudeDegrees>
							<LongitudeDegrees>99.324245</LongitudeDegrees>
						</Position>
						<AltitudeMeters>37.470000</AltitudeMeters>
						<HeartRateBpm>
							<Value>85</Value>
						</HeartRateBpm>
						<Extensions>
							<ns3:TPX>
								<ns3:Speed>0.426800</ns3:Speed>
							</ns3:TPX>
						</Extensions>
					</Trackpoint>
					<Trackpoint>
						<Time>2569-05-19T14:51:57Z</Time>
						<Position>
							<LatitudeDegrees>9.142701</LatitudeDegrees>
							<LongitudeDegrees>99.324241</LongitudeDegrees>
						</Position>
						<AltitudeMeters>37.470000</AltitudeMeters>
						<HeartRateBpm>
							<Value>85</Value>
						</HeartRateBpm>
						<Extensions>
							<ns3:TPX>
								<ns3:Speed>0.250310</ns3:Speed>
							</ns3:TPX>
						</Extensions>
					</Trackpoint>
					<Trackpoint>
						<Time>2569-05-19T14:51:58Z</Time>
						<Position>
							<LatitudeDegrees>9.142700</LatitudeDegrees>
							<LongitudeDegrees>99.324237</LongitudeDegrees>
						</Position>
						<AltitudeMeters>37.470000</AltitudeMeters>
						<HeartRateBpm>
							<Value>84</Value>
						</HeartRateBpm>
					</Trackpoint>
					<Trackpoint>
						<Time>2569-05-19T14:53:14Z</Time>
						<Position>
							<LatitudeDegrees>9.142608</LatitudeDegrees>
							<LongitudeDegrees>99.324361</LongitudeDegrees>
						</Position>
						<AltitudeMeters>37.370000</AltitudeMeters>
						<HeartRateBpm>
							<Value>86</Value>
						</HeartRateBpm>
					</Trackpoint>
					<Trackpoint>
						<Time>2569-05-19T14:53:15Z</Time>
						<Position>
							<LatitudeDegrees>9.142608</LatitudeDegrees>
							<LongitudeDegrees>99.324360</LongitudeDegrees>
						</Position>
						<AltitudeMeters>37.360000</AltitudeMeters>
						<HeartRateBpm>
							<Value>86</Value>
						</HeartRateBpm>
					</Trackpoint>
					<Trackpoint>
						<Time>2569-05-19T14:53:16Z</Time>
						<Position>
							<LatitudeDegrees>9.142623</LatitudeDegrees>
							<LongitudeDegrees>99.324356</LongitudeDegrees>
						</Position>
						<AltitudeMeters>37.360000</AltitudeMeters>
						<HeartRateBpm>
							<Value>86</Value>
						</HeartRateBpm>
						<Extensions>
							<ns3:TPX>
								<ns3:Speed>0.182380</ns3:Speed>
							</ns3:TPX>
						</Extensions>
					</Trackpoint>
					<Trackpoint>
						<Time>2569-05-19T14:53:17Z</Time>
						<Position>
							<LatitudeDegrees>9.142634</LatitudeDegrees>
							<LongitudeDegrees>99.324354</LongitudeDegrees>
						</Position>
						<AltitudeMeters>37.360000</AltitudeMeters>
						<HeartRateBpm>
							<Value>86</Value>
						</HeartRateBpm>
						<Extensions>
							<ns3:TPX>
								<ns3:Speed>0.189570</ns3:Speed>
							</ns3:TPX>
						</Extensions>
					</Trackpoint>
					<Trackpoint>
						<Time>2569-05-19T14:53:18Z</Time>
						<Position>
							<LatitudeDegrees>9.142641</LatitudeDegrees>
							<LongitudeDegrees>99.324352</LongitudeDegrees>
						</Position>
						<AltitudeMeters>37.360000</AltitudeMeters>
						<HeartRateBpm>
							<Value>86</Value>
						</HeartRateBpm>
						<Extensions>
							<ns3:TPX>
								<ns3:Speed>0.201940</ns3:Speed>
							</ns3:TPX>
						</Extensions>
					</Trackpoint>
					<Trackpoint>
						<Time>2569-05-19T14:53:19Z</Time>
						<Position>
							<LatitudeDegrees>9.142646</LatitudeDegrees>
							<LongitudeDegrees>99.324352</LongitudeDegrees>
						</Position>
						<AltitudeMeters>37.360000</AltitudeMeters>
						<HeartRateBpm>
							<Value>86</Value>
						</HeartRateBpm>
						<Extensions>
							<ns3:TPX>
								<ns3:Speed>0.214820</ns3:Speed>
							</ns3:TPX>
						</Extensions>
					</Trackpoint>
					<Trackpoint>
						<Time>2569-05-19T14:53:20Z</Time>
						<Position>
							<LatitudeDegrees>9.142650</LatitudeDegrees>
							<LongitudeDegrees>99.324353</LongitudeDegrees>
						</Position>
						<AltitudeMeters>37.360000</AltitudeMeters>
						<HeartRateBpm>
							<Value>86</Value>
						</HeartRateBpm>
						<Extensions>
							<ns3:TPX>
								<ns3:Speed>0.195240</ns3:Speed>
							</ns3:TPX>
						</Extensions>
					</Trackpoint>
					<Trackpoint>
						<Time>2569-05-19T14:53:21Z</Time>
						<Position>
							<LatitudeDegrees>9.142656</LatitudeDegrees>
							<LongitudeDegrees>99.324354</LongitudeDegrees>
						</Position>
						<AltitudeMeters>37.360000</AltitudeMeters>
						<HeartRateBpm>
							<Value>86</Value>
						</HeartRateBpm>
						<Extensions>
							<ns3:TPX>
								<ns3:Speed>0.168320</ns3:Speed>
							</ns3:TPX>
						</Extensions>
					</Trackpoint>
					<Trackpoint>
						<Time>2569-05-19T14:53:22Z</Time>
						<Position>
							<LatitudeDegrees>9.142661</LatitudeDegrees>
							<LongitudeDegrees>99.324355</LongitudeDegrees>
						</Position>
						<AltitudeMeters>37.360000</AltitudeMeters>
						<HeartRateBpm>
							<Value>87</Value>
						</HeartRateBpm>
						<Extensions>
							<ns3:TPX>
								<ns3:Speed>0.167200</ns3:Speed>
							</ns3:TPX>
						</Extensions>
					</Trackpoint>
					<Trackpoint>
						<Time>2569-05-19T14:53:23Z</Time>
						<Position>
							<LatitudeDegrees>9.142667</LatitudeDegrees>
							<LongitudeDegrees>99.324357</LongitudeDegrees>
						</Position>
						<AltitudeMeters>37.360000</AltitudeMeters>
						<HeartRateBpm>
							<Value>86</Value>
						</HeartRateBpm>
						<Extensions>
							<ns3:TPX>
								<ns3:Speed>0.168070</ns3:Speed>
							</ns3:TPX>
						</Extensions>
					</Trackpoint>
					<Trackpoint>
						<Time>2569-05-19T14:53:24Z</Time>
						<Position>
							<LatitudeDegrees>9.142672</LatitudeDegrees>
							<LongitudeDegrees>99.324360</LongitudeDegrees>
						</Position>
						<AltitudeMeters>37.340000</AltitudeMeters>
						<HeartRateBpm>
							<Value>86</Value>
						</HeartRateBpm>
						<Extensions>
							<ns3:TPX>
								<ns3:Speed>0.162920</ns3:Speed>
							</ns3:TPX>
						</Extensions>
					</Trackpoint>
					<Trackpoint>
						<Time>2569-05-19T14:53:25Z</Time>
						<Position>
							<LatitudeDegrees>9.142675</LatitudeDegrees>
							<LongitudeDegrees>99.324363</LongitudeDegrees>
						</Position>
						<AltitudeMeters>37.320000</AltitudeMeters>
						<HeartRateBpm>
							<Value>86</Value>
						</HeartRateBpm>
						<Extensions>
							<ns3:TPX>
								<ns3:Speed>0.163770</ns3:Speed>
							</ns3:TPX>
						</Extensions>
					</Trackpoint>
					<Trackpoint>
						<Time>2569-05-19T14:53:26Z</Time>
						<Position>
							<LatitudeDegrees>9.142679</LatitudeDegrees>
							<LongitudeDegrees>99.324369</LongitudeDegrees>
						</Position>
						<AltitudeMeters>37.320000</AltitudeMeters>
						<HeartRateBpm>
							<Value>86</Value>
						</HeartRateBpm>
						<Extensions>
							<ns3:TPX>
								<ns3:Speed>0.173220</ns3:Speed>
							</ns3:TPX>
						</Extensions>
					</Trackpoint>
					<Trackpoint>
						<Time>2569-05-19T14:53:27Z</Time>
						<Position>
							<LatitudeDegrees>9.142686</LatitudeDegrees>
							<LongitudeDegrees>99.324378</LongitudeDegrees>
						</Position>
						<AltitudeMeters>37.310000</AltitudeMeters>
						<HeartRateBpm>
							<Value>86</Value>
						</HeartRateBpm>
						<Extensions>
							<ns3:TPX>
								<ns3:Speed>0.168920</ns3:Speed>
							</ns3:TPX>
						</Extensions>
					</Trackpoint>
					<Trackpoint>
						<Time>2569-05-19T14:53:28Z</Time>
						<Position>
							<LatitudeDegrees>9.142694</LatitudeDegrees>
							<LongitudeDegrees>99.324390</LongitudeDegrees>
						</Position>
						<AltitudeMeters>37.300000</AltitudeMeters>
						<HeartRateBpm>
							<Value>87</Value>
						</HeartRateBpm>
						<Extensions>
							<ns3:TPX>
								<ns3:Speed>0.169780</ns3:Speed>
							</ns3:TPX>
						</Extensions>
					</Trackpoint>
					<Trackpoint>
						<Time>2569-05-19T14:53:29Z</Time>
						<Position>
							<LatitudeDegrees>9.142704</LatitudeDegrees>
							<LongitudeDegrees>99.324404</LongitudeDegrees>
						</Position>
						<AltitudeMeters>37.300000</AltitudeMeters>
						<HeartRateBpm>
							<Value>86</Value>
						</HeartRateBpm>
						<Extensions>
							<ns3:TPX>
								<ns3:Speed>0.197240</ns3:Speed>
							</ns3:TPX>
						</Extensions>
					</Trackpoint>
					<Trackpoint>
						<Time>2569-05-19T14:53:30Z</Time>
						<Position>
							<LatitudeDegrees>9.142711</LatitudeDegrees>
							<LongitudeDegrees>99.324420</LongitudeDegrees>
						</Position>
						<AltitudeMeters>37.280000</AltitudeMeters>
						<HeartRateBpm>
							<Value>86</Value>
						</HeartRateBpm>
						<Extensions>
							<ns3:TPX>
								<ns3:Speed>0.224670</ns3:Speed>
							</ns3:TPX>
						</Extensions>
					</Trackpoint>
					<Trackpoint>
						<Time>2569-05-19T14:53:31Z</Time>
						<Position>
							<LatitudeDegrees>9.142716</LatitudeDegrees>
							<LongitudeDegrees>99.324432</LongitudeDegrees>
						</Position>
						<AltitudeMeters>37.300000</AltitudeMeters>
						<HeartRateBpm>
							<Value>86</Value>
						</HeartRateBpm>
						<Extensions>
							<ns3:TPX>
								<ns3:Speed>0.248690</ns3:Speed>
							</ns3:TPX>
						</Extensions>
					</Trackpoint>
					<Trackpoint>
						<Time>2569-05-19T14:53:32Z</Time>
						<Position>
							<LatitudeDegrees>9.142719</LatitudeDegrees>
							<LongitudeDegrees>99.324441</LongitudeDegrees>
						</Position>
						<AltitudeMeters>37.310000</AltitudeMeters>
						<HeartRateBpm>
							<Value>86</Value>
						</HeartRateBpm>
						<Extensions>
							<ns3:TPX>
								<ns3:Speed>0.282970</ns3:Speed>
							</ns3:TPX>
						</Extensions>
					</Trackpoint>
					<Trackpoint>
						<Time>2569-05-19T14:53:33Z</Time>
						<Position>
							<LatitudeDegrees>9.142721</LatitudeDegrees>
							<LongitudeDegrees>99.324447</LongitudeDegrees>
						</Position>
						<AltitudeMeters>37.320000</AltitudeMeters>
						<HeartRateBpm>
							<Value>87</Value>
						</HeartRateBpm>
						<Extensions>
							<ns3:TPX>
								<ns3:Speed>0.301840</ns3:Speed>
							</ns3:TPX>
						</Extensions>
					</Trackpoint>
					<Trackpoint>
						<Time>2569-05-19T14:53:34Z</Time>
						<Position>
							<LatitudeDegrees>9.142722</LatitudeDegrees>
							<LongitudeDegrees>99.324451</LongitudeDegrees>
						</Position>
						<AltitudeMeters>37.320000</AltitudeMeters>
						<HeartRateBpm>
							<Value>87</Value>
						</HeartRateBpm>
					</Trackpoint>
					<Trackpoint>
						<Time>2569-05-19T14:53:35Z</Time>
						<Position>
							<LatitudeDegrees>9.142724</LatitudeDegrees>
							<LongitudeDegrees>99.324461</LongitudeDegrees>
						</Position>
						<AltitudeMeters>37.320000</AltitudeMeters>
						<HeartRateBpm>
							<Value>89</Value>
						</HeartRateBpm>
					</Trackpoint>
					<Trackpoint>
						<Time>2569-05-19T14:53:36Z</Time>
						<Position>
							<LatitudeDegrees>9.142725</LatitudeDegrees>
							<LongitudeDegrees>99.324468</LongitudeDegrees>
						</Position>
						<AltitudeMeters>37.340000</AltitudeMeters>
						<HeartRateBpm>
							<Value>89</Value>
						</HeartRateBpm>
					</Trackpoint>
					<Trackpoint>
						<Time>2569-05-19T14:53:37Z</Time>
						<Position>
							<LatitudeDegrees>9.142726</LatitudeDegrees>
							<LongitudeDegrees>99.324478</LongitudeDegrees>
						</Position>
						<AltitudeMeters>37.340000</AltitudeMeters>
						<HeartRateBpm>
							<Value>89</Value>
						</HeartRateBpm>
					</Trackpoint>
					<Trackpoint>
						<Time>2569-05-19T14:53:38Z</Time>
						<Position>
							<LatitudeDegrees>9.142727</LatitudeDegrees>
							<LongitudeDegrees>99.324486</LongitudeDegrees>
						</Position>
						<AltitudeMeters>37.340000</AltitudeMeters>
						<HeartRateBpm>
							<Value>89</Value>
						</HeartRateBpm>
					</Trackpoint>
					<Trackpoint>
						<Time>2569-05-19T14:53:39Z</Time>
						<Position>
							<LatitudeDegrees>9.142730</LatitudeDegrees>
							<LongitudeDegrees>99.324494</LongitudeDegrees>
						</Position>
						<AltitudeMeters>37.340000</AltitudeMeters>
						<HeartRateBpm>
							<Value>89</Value>
						</HeartRateBpm>
					</Trackpoint>
					<Trackpoint>
						<Time>2569-05-19T14:53:40Z</Time>
						<Position>
							<LatitudeDegrees>9.142734</LatitudeDegrees>
							<LongitudeDegrees>99.324503</LongitudeDegrees>
						</Position>
						<AltitudeMeters>37.350000</AltitudeMeters>
						<HeartRateBpm>
							<Value>89</Value>
						</HeartRateBpm>
						<Extensions>
							<ns3:TPX>
								<ns3:Speed>0.281450</ns3:Speed>
							</ns3:TPX>
						</Extensions>
					</Trackpoint>
					<Trackpoint>
						<Time>2569-05-19T14:53:41Z</Time>
						<Position>
							<LatitudeDegrees>9.142738</LatitudeDegrees>
							<LongitudeDegrees>99.324511</LongitudeDegrees>
						</Position>
						<AltitudeMeters>37.350000</AltitudeMeters>
						<HeartRateBpm>
							<Value>89</Value>
						</HeartRateBpm>
						<Extensions>
							<ns3:TPX>
								<ns3:Speed>0.320000</ns3:Speed>
							</ns3:TPX>
						</Extensions>
					</Trackpoint>
					<Trackpoint>
						<Time>2569-05-19T14:53:42Z</Time>
						<Position>
							<LatitudeDegrees>9.142740</LatitudeDegrees>
							<LongitudeDegrees>99.324515</LongitudeDegrees>
						</Position>
						<AltitudeMeters>37.350000</AltitudeMeters>
						<HeartRateBpm>
							<Value>89</Value>
						</HeartRateBpm>
						<Extensions>
							<ns3:TPX>
								<ns3:Speed>0.370510</ns3:Speed>
							</ns3:TPX>
						</Extensions>
					</Trackpoint>
					<Trackpoint>
						<Time>2569-05-19T14:53:43Z</Time>
						<Position>
							<LatitudeDegrees>9.142742</LatitudeDegrees>
							<LongitudeDegrees>99.324517</LongitudeDegrees>
						</Position>
						<AltitudeMeters>37.340000</AltitudeMeters>
						<HeartRateBpm>
							<Value>88</Value>
						</HeartRateBpm>
						<Extensions>
							<ns3:TPX>
								<ns3:Speed>0.410340</ns3:Speed>
							</ns3:TPX>
						</Extensions>
					</Trackpoint>
					<Trackpoint>
						<Time>2569-05-19T14:53:44Z</Time>
						<Position>
							<LatitudeDegrees>9.142739</LatitudeDegrees>
							<LongitudeDegrees>99.324513</LongitudeDegrees>
						</Position>
						<AltitudeMeters>37.320000</AltitudeMeters>
						<HeartRateBpm>
							<Value>88</Value>
						</HeartRateBpm>
						<Extensions>
							<ns3:TPX>
								<ns3:Speed>0.397930</ns3:Speed>
							</ns3:TPX>
						</Extensions>
					</Trackpoint>
					<Trackpoint>
						<Time>2569-05-19T14:53:45Z</Time>
						<Position>
							<LatitudeDegrees>9.142734</LatitudeDegrees>
							<LongitudeDegrees>99.324509</LongitudeDegrees>
						</Position>
						<AltitudeMeters>37.320000</AltitudeMeters>
						<HeartRateBpm>
							<Value>88</Value>
						</HeartRateBpm>
						<Extensions>
							<ns3:TPX>
								<ns3:Speed>0.362450</ns3:Speed>
							</ns3:TPX>
						</Extensions>
					</Trackpoint>
					<Trackpoint>
						<Time>2569-05-19T14:53:46Z</Time>
						<Position>
							<LatitudeDegrees>9.142730</LatitudeDegrees>
							<LongitudeDegrees>99.324506</LongitudeDegrees>
						</Position>
						<AltitudeMeters>37.310000</AltitudeMeters>
						<HeartRateBpm>
							<Value>89</Value>
						</HeartRateBpm>
						<Extensions>
							<ns3:TPX>
								<ns3:Speed>0.362710</ns3:Speed>
							</ns3:TPX>
						</Extensions>
					</Trackpoint>
					<Trackpoint>
						<Time>2569-05-19T14:53:47Z</Time>
						<Position>
							<LatitudeDegrees>9.142727</LatitudeDegrees>
							<LongitudeDegrees>99.324502</LongitudeDegrees>
						</Position>
						<AltitudeMeters>37.300000</AltitudeMeters>
						<HeartRateBpm>
							<Value>90</Value>
						</HeartRateBpm>
						<Extensions>
							<ns3:TPX>
								<ns3:Speed>0.370510</ns3:Speed>
							</ns3:TPX>
						</Extensions>
					</Trackpoint>
					<Trackpoint>
						<Time>2569-05-19T14:53:48Z</Time>
						<Position>
							<LatitudeDegrees>9.142725</LatitudeDegrees>
							<LongitudeDegrees>99.324498</LongitudeDegrees>
						</Position>
						<AltitudeMeters>37.310000</AltitudeMeters>
						<HeartRateBpm>
							<Value>89</Value>
						</HeartRateBpm>
					</Trackpoint>
					<Trackpoint>
						<Time>2569-05-19T14:53:49Z</Time>
						<Position>
							<LatitudeDegrees>9.142722</LatitudeDegrees>
							<LongitudeDegrees>99.324494</LongitudeDegrees>
						</Position>
						<AltitudeMeters>37.320000</AltitudeMeters>
						<HeartRateBpm>
							<Value>86</Value>
						</HeartRateBpm>
					</Trackpoint>
					<Trackpoint>
						<Time>2569-05-19T14:53:50Z</Time>
						<Position>
							<LatitudeDegrees>9.142720</LatitudeDegrees>
							<LongitudeDegrees>99.324493</LongitudeDegrees>
						</Position>
						<AltitudeMeters>37.320000</AltitudeMeters>
						<HeartRateBpm>
							<Value>83</Value>
						</HeartRateBpm>
					</Trackpoint>
					<Trackpoint>
						<Time>2569-05-19T14:53:51Z</Time>
						<Position>
							<LatitudeDegrees>9.142718</LatitudeDegrees>
							<LongitudeDegrees>99.324494</LongitudeDegrees>
						</Position>
						<AltitudeMeters>37.320000</AltitudeMeters>
						<HeartRateBpm>
							<Value>82</Value>
						</HeartRateBpm>
					</Trackpoint>
					<Trackpoint>
						<Time>2569-05-19T14:53:52Z</Time>
						<Position>
							<LatitudeDegrees>9.142717</LatitudeDegrees>
							<LongitudeDegrees>99.324494</LongitudeDegrees>
						</Position>
						<AltitudeMeters>37.340000</AltitudeMeters>
						<HeartRateBpm>
							<Value>82</Value>
						</HeartRateBpm>
					</Trackpoint>
					<Trackpoint>
						<Time>2569-05-19T14:53:53Z</Time>
						<Position>
							<LatitudeDegrees>9.142717</LatitudeDegrees>
							<LongitudeDegrees>99.324495</LongitudeDegrees>
						</Position>
						<AltitudeMeters>37.340000</AltitudeMeters>
						<HeartRateBpm>
							<Value>81</Value>
						</HeartRateBpm>
					</Trackpoint>
					<Trackpoint>
						<Time>2569-05-19T14:53:54Z</Time>
						<Position>
							<LatitudeDegrees>9.142716</LatitudeDegrees>
							<LongitudeDegrees>99.324496</LongitudeDegrees>
						</Position>
						<AltitudeMeters>37.340000</AltitudeMeters>
						<HeartRateBpm>
							<Value>82</Value>
						</HeartRateBpm>
					</Trackpoint>
					<Trackpoint>
						<Time>2569-05-19T14:53:55Z</Time>
						<Position>
							<LatitudeDegrees>9.142716</LatitudeDegrees>
							<LongitudeDegrees>99.324496</LongitudeDegrees>
						</Position>
						<AltitudeMeters>37.320000</AltitudeMeters>
						<HeartRateBpm>
							<Value>83</Value>
						</HeartRateBpm>
					</Trackpoint>
					<Trackpoint>
						<Time>2569-05-19T14:53:56Z</Time>
						<Position>
							<LatitudeDegrees>9.142715</LatitudeDegrees>
							<LongitudeDegrees>99.324496</LongitudeDegrees>
						</Position>
						<AltitudeMeters>37.320000</AltitudeMeters>
						<HeartRateBpm>
							<Value>83</Value>
						</HeartRateBpm>
					</Trackpoint>
					<Trackpoint>
						<Time>2569-05-19T14:53:57Z</Time>
						<Position>
							<LatitudeDegrees>9.142715</LatitudeDegrees>
							<LongitudeDegrees>99.324497</LongitudeDegrees>
						</Position>
						<AltitudeMeters>37.280000</AltitudeMeters>
						<HeartRateBpm>
							<Value>82</Value>
						</HeartRateBpm>
					</Trackpoint>
					<Trackpoint>
						<Time>2569-05-19T14:53:58Z</Time>
						<Position>
							<LatitudeDegrees>9.142714</LatitudeDegrees>
							<LongitudeDegrees>99.324497</LongitudeDegrees>
						</Position>
						<AltitudeMeters>37.250000</AltitudeMeters>
						<HeartRateBpm>
							<Value>82</Value>
						</HeartRateBpm>
					</Trackpoint>
					<Trackpoint>
						<Time>2569-05-19T14:53:59Z</Time>
						<Position>
							<LatitudeDegrees>9.142713</LatitudeDegrees>
							<LongitudeDegrees>99.324497</LongitudeDegrees>
						</Position>
						<AltitudeMeters>37.250000</AltitudeMeters>
						<HeartRateBpm>
							<Value>84</Value>
						</HeartRateBpm>
					</Trackpoint>
					<Trackpoint>
						<Time>2569-05-19T14:54:00Z</Time>
						<Position>
							<LatitudeDegrees>9.142710</LatitudeDegrees>
							<LongitudeDegrees>99.324498</LongitudeDegrees>
						</Position>
						<AltitudeMeters>37.230000</AltitudeMeters>
						<HeartRateBpm>
							<Value>84</Value>
						</HeartRateBpm>
					</Trackpoint>
				</Track>
			</Lap>
			<Creator xsi:type="Device_t">
				<Name>Amazfit Active 2 (Round)</Name>
			</Creator>
		</Activity>
	</Activities>
	<Author xsi:type="Application_t">
		<Name>Zepp</Name>
	</Author>
</TrainingCenterDatabase>