<?xml version="1.0" encoding="utf-8" standalone="no"?>
<TrainingCenterDatabase xmlns="http://www.garmin.com/xmlschemas/TrainingCenterDatabase/v2" xmlns:ns2="http://www.garmin.com/xmlschemas/UserProfile/v2" xmlns:ns3="http://www.garmin.com/xmlschemas/ActivityExtension/v2" xmlns:ns4="http://www.garmin.com/xmlschemas/ProfileExtension/v1" xmlns:ns5="http://www.garmin.com/xmlschemas/ActivityGoals/v1" xmlns:xsi="http://www.w3.org/2001/XMLSchema-instance" xsi:schemaLocation="http://www.garmin.com/xmlschemas/TrainingCenterDatabase/v2 http://www.garmin.com/xmlschemas/TrainingCenterDatabasev2.xsd">
	<Activities>
		<Activity Sport="Other">
			<Id>2569-05-25T13:01:47Z</Id>
			<Notes>กระโดดเชือก</Notes>
			<Lap StartTime="2569-05-25T13:01:47Z">
				<TotalTimeSeconds>1039</TotalTimeSeconds>
				<Calories>175</Calories>
				<AverageHeartRateBpm>
					<Value>143</Value>
				</AverageHeartRateBpm>
				<MaximumHeartRateBpm>
					<Value>167</Value>
				</MaximumHeartRateBpm>
				<Intensity>Active</Intensity>
				<TriggerMethod>Manual</TriggerMethod>
				<Track>
					<Trackpoint>
						<Time>2569-05-25T13:01:47Z</Time>
						<HeartRateBpm>
							<Value>100</Value>
						</HeartRateBpm>
					</Trackpoint>
					<Trackpoint>
						<Time>2569-05-25T13:01:47Z</Time>
						<HeartRateBpm>
							<Value>100</Value>
						</HeartRateBpm>
					</Trackpoint>
					<Trackpoint>
						<Time>2569-05-25T13:01:48Z</Time>
						<HeartRateBpm>
							<Value>99</Value>
						</HeartRateBpm>
					</Trackpoint>
					<Trackpoint>
						<Time>2569-05-25T13:01:49Z</Time>
						<HeartRateBpm>
							<Value>98</Value>
						</HeartRateBpm>
					</Trackpoint>
					<Trackpoint>
						<Time>2569-05-25T13:01:50Z</Time>
						<HeartRateBpm>
							<Value>102</Value>
						</HeartRateBpm>
					</Trackpoint>
					<Trackpoint>
						<Time>2569-05-25T13:01:51Z</Time>
						<HeartRateBpm>
							<Value>103</Value>
						</HeartRateBpm>
					</Trackpoint>
					<Trackpoint>
						<Time>2569-05-25T13:01:52Z</Time>
						<HeartRateBpm>
							<Value>104</Value>
						</HeartRateBpm>
					</Trackpoint>
					<Trackpoint>
						<Time>2569-05-25T13:01:53Z</Time>
						<HeartRateBpm>
							<Value>102</Value>
						</HeartRateBpm>
					</Trackpoint>
					<Trackpoint>
						<Time>2569-05-25T13:01:54Z</Time>
						<HeartRateBpm>
							<Value>103</Value>
						</HeartRateBpm>
					</Trackpoint>
					<Trackpoint>
						<Time>2569-05-25T13:01:55Z</Time>
						<HeartRateBpm>
							<Value>104</Value>
						</HeartRateBpm>
					</Trackpoint>
					<Trackpoint>
						<Time>2569-05-25T13:01:56Z</Time>
						<HeartRateBpm>
							<Value>104</Value>
						</HeartRateBpm>
					</Trackpoint>
					<Trackpoint>
						<Time>2569-05-25T13:01:57Z</Time>
						<HeartRateBpm>
							<Value>105</Value>
						</HeartRateBpm>
					</Trackpoint>
					<Trackpoint>
						<Time>2569-05-25T13:01:58Z</Time>
						<HeartRateBpm>
							<Value>106</Value>
						</HeartRateBpm>
					</Trackpoint>
					<Trackpoint>
						<Time>2569-05-25T13:01:59Z</Time>
						<HeartRateBpm>
							<Value>107</Value>
						</HeartRateBpm>
					</Trackpoint>
					<Trackpoint>
						<Time>2569-05-25T13:02:00Z</Time>
						<HeartRateBpm>
							<Value>109</Value>
						</HeartRateBpm>
					</Trackpoint>
					<Trackpoint>
						<Time>2569-05-25T13:02:01Z</Time>
						<HeartRateBpm>
							<Value>109</Value>
						</HeartRateBpm>
					</Trackpoint>
					<Trackpoint>
						<Time>2569-05-25T13:02:02Z</Time>
						<HeartRateBpm>
							<Value>112</Value>
						</HeartRateBpm>
					</Trackpoint>
					<Trackpoint>
						<Time>2569-05-25T13:02:03Z</Time>
						<HeartRateBpm>
							<Value>113</Value>
						</HeartRateBpm>
					</Trackpoint>
					<Trackpoint>
						<Time>2569-05-25T13:02:04Z</Time>
						<HeartRateBpm>
							<Value>115</Value>
						</HeartRateBpm>
					</Trackpoint>
					<Trackpoint>
						<Time>2569-05-25T13:02:05Z</Time>
						<HeartRateBpm>
							<Value>117</Value>
						</HeartRateBpm>
					</Trackpoint>
					<Trackpoint>
						<Time>2569-05-25T13:02:06Z</Time>
						<HeartRateBpm>
							<Value>118</Value>
						</HeartRateBpm>
					</Trackpoint>
					<Trackpoint>
						<Time>2569-05-25T13:02:07Z</Time>
						<HeartRateBpm>
							<Value>119</Value>
						</HeartRateBpm>
					</Trackpoint>
					<Trackpoint>
						<Time>2569-05-25T13:02:08Z</Time>
						<HeartRateBpm>
							<Value>120</Value>
						</HeartRateBpm>
					</Trackpoint>
					<Trackpoint>
						<Time>2569-05-25T13:02:09Z</Time>
						<HeartRateBpm>
							<Value>121</Value>
						</HeartRateBpm>
					</Trackpoint>
					<Trackpoint>
						<Time>2569-05-25T13:02:10Z</Time>
						<HeartRateBpm>
							<Value>122</Value>
						</HeartRateBpm>
					</Trackpoint>
					<Trackpoint>
						<Time>2569-05-25T13:02:11Z</Time>
						<HeartRateBpm>
							<Value>122</Value>
						</HeartRateBpm>
					</Trackpoint>
					<Trackpoint>
						<Time>2569-05-25T13:02:12Z</Time>
						<HeartRateBpm>
							<Value>124</Value>
						</HeartRateBpm>
					</Trackpoint>
					<Trackpoint>
						<Time>2569-05-25T13:02:13Z</Time>
						<HeartRateBpm>
							<Value>127</Value>
						</HeartRateBpm>
					</Trackpoint>
					<Trackpoint>
						<Time>2569-05-25T13:02:14Z</Time>
						<HeartRateBpm>
							<Value>129</Value>
						</HeartRateBpm>
					</Trackpoint>
					<Trackpoint>
						<Time>2569-05-25T13:02:15Z</Time>
						<HeartRateBpm>
							<Value>128</Value>
						</HeartRateBpm>
					</Trackpoint>
					<Trackpoint>
						<Time>2569-05-25T13:02:16Z</Time>
						<HeartRateBpm>
							<Value>130</Value>
						</HeartRateBpm>
					</Trackpoint>
					<Trackpoint>
						<Time>2569-05-25T13:02:17Z</Time>
						<HeartRateBpm>
							<Value>131</Value>
						</HeartRateBpm>
					</Trackpoint>
					<Trackpoint>
						<Time>2569-05-25T13:02:18Z</Time>
						<HeartRateBpm>
							<Value>135</Value>
						</HeartRateBpm>
					</Trackpoint>
					<Trackpoint>
						<Time>2569-05-25T13:02:20Z</Time>
						<HeartRateBpm>
							<Value>136</Value>
						</HeartRateBpm>
					</Trackpoint>
					<Trackpoint>
						<Time>2569-05-25T13:02:20Z</Time>
						<HeartRateBpm>
							<Value>136</Value>
						</HeartRateBpm>
					</Trackpoint>
					<Trackpoint>
						<Time>2569-05-25T13:02:21Z</Time>
						<HeartRateBpm>
							<Value>136</Value>
						</HeartRateBpm>
					</Trackpoint>
					<Trackpoint>
						<Time>2569-05-25T13:02:22Z</Time>
						<HeartRateBpm>
							<Value>137</Value>
						</HeartRateBpm>
					</Trackpoint>
					<Trackpoint>
						<Time>2569-05-25T13:02:23Z</Time>
						<HeartRateBpm>
							<Value>138</Value>
						</HeartRateBpm>
					</Trackpoint>
					<Trackpoint>
						<Time>2569-05-25T13:02:25Z</Time>
						<HeartRateBpm>
							<Value>140</Value>
						</HeartRateBpm>
					</Trackpoint>
					<Trackpoint>
						<Time>2569-05-25T13:02:26Z</Time>
						<HeartRateBpm>
							<Value>144</Value>
						</HeartRateBpm>
					</Trackpoint>
					<Trackpoint>
						<Time>2569-05-25T13:02:27Z</Time>
						<HeartRateBpm>
							<Value>145</Value>
						</HeartRateBpm>
					</Trackpoint>
					<Trackpoint>
						<Time>2569-05-25T13:02:28Z</Time>
						<HeartRateBpm>
							<Value>145</Value>
						</HeartRateBpm>
					</Trackpoint>
					<Trackpoint>
						<Time>2569-05-25T13:02:29Z</Time>
						<HeartRateBpm>
							<Value>144</Value>
						</HeartRateBpm>
					</Trackpoint>
					<Trackpoint>
						<Time>2569-05-25T13:02:30Z</Time>
						<HeartRateBpm>
							<Value>143</Value>
						</HeartRateBpm>
					</Trackpoint>
					<Trackpoint>
						<Time>2569-05-25T13:02:31Z</Time>
						<HeartRateBpm>
							<Value>141</Value>
						</HeartRateBpm>
					</Trackpoint>
					<Trackpoint>
						<Time>2569-05-25T13:02:32Z</Time>
						<HeartRateBpm>
							<Value>142</Value>
						</HeartRateBpm>
					</Trackpoint>
					<Trackpoint>
						<Time>2569-05-25T13:02:33Z</Time>
						<HeartRateBpm>
							<Value>142</Value>
						</HeartRateBpm>
					</Trackpoint>
					<Trackpoint>
						<Time>2569-05-25T13:02:34Z</Time>
						<HeartRateBpm>
							<Value>143</Value>
						</HeartRateBpm>
					</Trackpoint>
					<Trackpoint>
						<Time>2569-05-25T13:02:35Z</Time>
						<HeartRateBpm>
							<Value>145</Value>
						</HeartRateBpm>
					</Trackpoint>
					<Trackpoint>
						<Time>2569-05-25T13:02:36Z</Time>
						<HeartRateBpm>
							<Value>145</Value>
						</HeartRateBpm>
					</Trackpoint>
					<Trackpoint>
						<Time>2569-05-25T13:02:37Z</Time>
						<HeartRateBpm>
							<Value>146</Value>
						</HeartRateBpm>
					</Trackpoint>
					<Trackpoint>
						<Time>2569-05-25T13:02:38Z</Time>
						<HeartRateBpm>
							<Value>145</Value>
						</HeartRateBpm>
					</Trackpoint>
					<Trackpoint>
						<Time>2569-05-25T13:02:39Z</Time>
						<HeartRateBpm>
							<Value>146</Value>
						</HeartRateBpm>
					</Trackpoint>
					<Trackpoint>
						<Time>2569-05-25T13:02:40Z</Time>
						<HeartRateBpm>
							<Value>146</Value>
						</HeartRateBpm>
					</Trackpoint>
					<Trackpoint>
						<Time>2569-05-25T13:02:41Z</Time>
						<HeartRateBpm>
							<Value>148</Value>
						</HeartRateBpm>
					</Trackpoint>
					<Trackpoint>
						<Time>2569-05-25T13:02:42Z</Time>
						<HeartRateBpm>
							<Value>148</Value>
						</HeartRateBpm>
					</Trackpoint>
					<Trackpoint>
						<Time>2569-05-25T13:02:43Z</Time>
						<HeartRateBpm>
							<Value>149</Value>
						</HeartRateBpm>
					</Trackpoint>
					<Trackpoint>
						<Time>2569-05-25T13:02:44Z</Time>
						<HeartRateBpm>
							<Value>150</Value>
						</HeartRateBpm>
					</Trackpoint>
					<Trackpoint>
						<Time>2569-05-25T13:02:45Z</Time>
						<HeartRateBpm>
							<Value>148</Value>
						</HeartRateBpm>
					</Trackpoint>
					<Trackpoint>
						<Time>2569-05-25T13:02:46Z</Time>
						<HeartRateBpm>
							<Value>147</Value>
						</HeartRateBpm>
					</Trackpoint>
					<Trackpoint>
						<Time>2569-05-25T13:02:47Z</Time>
						<HeartRateBpm>
							<Value>147</Value>
						</HeartRateBpm>
					</Trackpoint>
					<Trackpoint>
						<Time>2569-05-25T13:02:48Z</Time>
						<HeartRateBpm>
							<Value>146</Value>
						</HeartRateBpm>
					</Trackpoint>
					<Trackpoint>
						<Time>2569-05-25T13:02:49Z</Time>
						<HeartRateBpm>
							<Value>146</Value>
						</HeartRateBpm>
					</Trackpoint>
					<Trackpoint>
						<Time>2569-05-25T13:02:50Z</Time>
						<HeartRateBpm>
							<Value>145</Value>
						</HeartRateBpm>
					</Trackpoint>
					<Trackpoint>
						<Time>2569-05-25T13:02:51Z</Time>
						<HeartRateBpm>
							<Value>144</Value>
						</HeartRateBpm>
					</Trackpoint>
					<Trackpoint>
						<Time>2569-05-25T13:02:52Z</Time>
						<HeartRateBpm>
							<Value>144</Value>
						</HeartRateBpm>
					</Trackpoint>
					<Trackpoint>
						<Time>2569-05-25T13:02:53Z</Time>
						<HeartRateBpm>
							<Value>145</Value>
						</HeartRateBpm>
					</Trackpoint>
					<Trackpoint>
						<Time>2569-05-25T13:02:53Z</Time>
						<HeartRateBpm>
							<Value>145</Value>
						</HeartRateBpm>
					</Trackpoint>
					<Trackpoint>
						<Time>2569-05-25T13:02:55Z</Time>
						<HeartRateBpm>
							<Value>144</Value>
						</HeartRateBpm>
					</Trackpoint>
					<Trackpoint>
						<Time>2569-05-25T13:02:56Z</Time>
						<HeartRateBpm>
							<Value>145</Value>
						</HeartRateBpm>
					</Trackpoint>
					<Trackpoint>
						<Time>2569-05-25T13:02:57Z</Time>
						<HeartRateBpm>
							<Value>145</Value>
						</HeartRateBpm>
					</Trackpoint>
					<Trackpoint>
						<Time>2569-05-25T13:02:58Z</Time>
						<HeartRateBpm>
							<Value>143</Value>
						</HeartRateBpm>
					</Trackpoint>
					<Trackpoint>
						<Time>2569-05-25T13:02:59Z</Time>
						<HeartRateBpm>
							<Value>141</Value>
						</HeartRateBpm>
					</Trackpoint>
					<Trackpoint>
						<Time>2569-05-25T13:03:00Z</Time>
						<HeartRateBpm>
							<Value>141</Value>
						</HeartRateBpm>
					</Trackpoint>
					<Trackpoint>
						<Time>2569-05-25T13:03:01Z</Time>
						<HeartRateBpm>
							<Value>141</Value>
						</HeartRateBpm>
					</Trackpoint>
					<Trackpoint>
						<Time>2569-05-25T13:03:02Z</Time>
						<HeartRateBpm>
							<Value>142</Value>
						</HeartRateBpm>
					</Trackpoint>
					<Trackpoint>
						<Time>2569-05-25T13:03:03Z</Time>
						<HeartRateBpm>
							<Value>141</Value>
						</HeartRateBpm>
					</Trackpoint>
					<Trackpoint>
						<Time>2569-05-25T13:03:04Z</Time>
						<HeartRateBpm>
							<Value>141</Value>
						</HeartRateBpm>
					</Trackpoint>
					<Trackpoint>
						<Time>2569-05-25T13:03:05Z</Time>
						<HeartRateBpm>
							<Value>141</Value>
						</HeartRateBpm>
					</Trackpoint>
					<Trackpoint>
						<Time>2569-05-25T13:03:06Z</Time>
						<HeartRateBpm>
							<Value>142</Value>
						</HeartRateBpm>
					</Trackpoint>
					<Trackpoint>
						<Time>2569-05-25T13:03:07Z</Time>
						<HeartRateBpm>
							<Value>143</Value>
						</HeartRateBpm>
					</Trackpoint>
					<Trackpoint>
						<Time>2569-05-25T13:03:08Z</Time>
						<HeartRateBpm>
							<Value>142</Value>
						</HeartRateBpm>
					</Trackpoint>
					<Trackpoint>
						<Time>2569-05-25T13:03:09Z</Time>
						<HeartRateBpm>
							<Value>141</Value>
						</HeartRateBpm>
					</Trackpoint>
					<Trackpoint>
						<Time>2569-05-25T13:03:10Z</Time>
						<HeartRateBpm>
							<Value>141</Value>
						</HeartRateBpm>
					</Trackpoint>
					<Trackpoint>
						<Time>2569-05-25T13:03:11Z</Time>
						<HeartRateBpm>
							<Value>140</Value>
						</HeartRateBpm>
					</Trackpoint>
					<Trackpoint>
						<Time>2569-05-25T13:03:12Z</Time>
						<HeartRateBpm>
							<Value>142</Value>
						</HeartRateBpm>
					</Trackpoint>
					<Trackpoint>
						<Time>2569-05-25T13:03:13Z</Time>
						<HeartRateBpm>
							<Value>142</Value>
						</HeartRateBpm>
					</Trackpoint>
					<Trackpoint>
						<Time>2569-05-25T13:03:14Z</Time>
						<HeartRateBpm>
							<Value>142</Value>
						</HeartRateBpm>
					</Trackpoint>
					<Trackpoint>
						<Time>2569-05-25T13:03:15Z</Time>
						<HeartRateBpm>
							<Value>143</Value>
						</HeartRateBpm>
					</Trackpoint>
					<Trackpoint>
						<Time>2569-05-25T13:03:16Z</Time>
						<HeartRateBpm>
							<Value>144</Value>
						</HeartRateBpm>
					</Trackpoint>
					<Trackpoint>
						<Time>2569-05-25T13:03:17Z</Time>
						<HeartRateBpm>
							<Value>145</Value>
						</HeartRateBpm>
					</Trackpoint>
					<Trackpoint>
						<Time>2569-05-25T13:03:18Z</Time>
						<HeartRateBpm>
							<Value>146</Value>
						</HeartRateBpm>
					</Trackpoint>
					<Trackpoint>
						<Time>2569-05-25T13:03:19Z</Time>
						<HeartRateBpm>
							<Value>147</Value>
						</HeartRateBpm>
					</Trackpoint>
					<Trackpoint>
						<Time>2569-05-25T13:03:20Z</Time>
						<HeartRateBpm>
							<Value>148</Value>
						</HeartRateBpm>
					</Trackpoint>
					<Trackpoint>
						<Time>2569-05-25T13:03:21Z</Time>
						<HeartRateBpm>
							<Value>151</Value>
						</HeartRateBpm>
					</Trackpoint>
					<Trackpoint>
						<Time>2569-05-25T13:03:22Z</Time>
						<HeartRateBpm>
							<Value>152</Value>
						</HeartRateBpm>
					</Trackpoint>
					<Trackpoint>
						<Time>2569-05-25T13:03:23Z</Time>
						<HeartRateBpm>
							<Value>154</Value>
						</HeartRateBpm>
					</Trackpoint>
					<Trackpoint>
						<Time>2569-05-25T13:03:24Z</Time>
						<HeartRateBpm>
							<Value>154</Value>
						</HeartRateBpm>
					</Trackpoint>
					<Trackpoint>
						<Time>2569-05-25T13:03:25Z</Time>
						<HeartRateBpm>
							<Value>153</Value>
						</HeartRateBpm>
					</Trackpoint>
					<Trackpoint>
						<Time>2569-05-25T13:03:26Z</Time>
						<HeartRateBpm>
							<Value>153</Value>
						</HeartRateBpm>
					</Trackpoint>
					<Trackpoint>
						<Time>2569-05-25T13:03:26Z</Time>
						<HeartRateBpm>
							<Value>153</Value>
						</HeartRateBpm>
					</Trackpoint>
					<Trackpoint>
						<Time>2569-05-25T13:03:27Z</Time>
						<HeartRateBpm>
							<Value>150</Value>
						</HeartRateBpm>
					</Trackpoint>
					<Trackpoint>
						<Time>2569-05-25T13:03:29Z</Time>
						<HeartRateBpm>
							<Value>150</Value>
						</HeartRateBpm>
					</Trackpoint>
					<Trackpoint>
						<Time>2569-05-25T13:03:30Z</Time>
						<HeartRateBpm>
							<Value>147</Value>
						</HeartRateBpm>
					</Trackpoint>
					<Trackpoint>
						<Time>2569-05-25T13:03:31Z</Time>
						<HeartRateBpm>
							<Value>146</Value>
						</HeartRateBpm>
					</Trackpoint>
					<Trackpoint>
						<Time>2569-05-25T13:03:32Z</Time>
						<HeartRateBpm>
							<Value>146</Value>
						</HeartRateBpm>
					</Trackpoint>
					<Trackpoint>
						<Time>2569-05-25T13:03:33Z</Time>
						<HeartRateBpm>
							<Value>146</Value>
						</HeartRateBpm>
					</Trackpoint>
					<Trackpoint>
						<Time>2569-05-25T13:03:34Z</Time>
						<HeartRateBpm>
							<Value>145</Value>
						</HeartRateBpm>
					</Trackpoint>
					<Trackpoint>
						<Time>2569-05-25T13:03:35Z</Time>
						<HeartRateBpm>
							<Value>143</Value>
						</HeartRateBpm>
					</Trackpoint>
					<Trackpoint>
						<Time>2569-05-25T13:03:36Z</Time>
						<HeartRateBpm>
							<Value>144</Value>
						</HeartRateBpm>
					</Trackpoint>
					<Trackpoint>
						<Time>2569-05-25T13:03:37Z</Time>
						<HeartRateBpm>
							<Value>146</Value>
						</HeartRateBpm>
					</Trackpoint>
					<Trackpoint>
						<Time>2569-05-25T13:03:38Z</Time>
						<HeartRateBpm>
							<Value>146</Value>
						</HeartRateBpm>
					</Trackpoint>
					<Trackpoint>
						<Time>2569-05-25T13:03:39Z</Time>
						<HeartRateBpm>
							<Value>147</Value>
						</HeartRateBpm>
					</Trackpoint>
					<Trackpoint>
						<Time>2569-05-25T13:03:40Z</Time>
						<HeartRateBpm>
							<Value>146</Value>
						</HeartRateBpm>
					</Trackpoint>
					<Trackpoint>
						<Time>2569-05-25T13:03:41Z</Time>
						<HeartRateBpm>
							<Value>147</Value>
						</HeartRateBpm>
					</Trackpoint>
					<Trackpoint>
						<Time>2569-05-25T13:03:42Z</Time>
						<HeartRateBpm>
							<Value>147</Value>
						</HeartRateBpm>
					</Trackpoint>
					<Trackpoint>
						<Time>2569-05-25T13:03:43Z</Time>
						<HeartRateBpm>
							<Value>147</Value>
						</HeartRateBpm>
					</Trackpoint>
					<Trackpoint>
						<Time>2569-05-25T13:03:44Z</Time>
						<HeartRateBpm>
							<Value>145</Value>
						</HeartRateBpm>
					</Trackpoint>
					<Trackpoint>
						<Time>2569-05-25T13:03:45Z</Time>
						<HeartRateBpm>
							<Value>144</Value>
						</HeartRateBpm>
					</Trackpoint>
					<Trackpoint>
						<Time>2569-05-25T13:03:46Z</Time>
						<HeartRateBpm>
							<Value>144</Value>
						</HeartRateBpm>
					</Trackpoint>
					<Trackpoint>
						<Time>2569-05-25T13:03:47Z</Time>
						<HeartRateBpm>
							<Value>144</Value>
						</HeartRateBpm>
					</Trackpoint>
					<Trackpoint>
						<Time>2569-05-25T13:03:48Z</Time>
						<HeartRateBpm>
							<Value>145</Value>
						</HeartRateBpm>
					</Trackpoint>
					<Trackpoint>
						<Time>2569-05-25T13:03:49Z</Time>
						<HeartRateBpm>
							<Value>145</Value>
						</HeartRateBpm>
					</Trackpoint>
					<Trackpoint>
						<Time>2569-05-25T13:03:50Z</Time>
						<HeartRateBpm>
							<Value>145</Value>
						</HeartRateBpm>
					</Trackpoint>
					<Trackpoint>
						<Time>2569-05-25T13:03:51Z</Time>
						<HeartRateBpm>
							<Value>145</Value>
						</HeartRateBpm>
					</Trackpoint>
					<Trackpoint>
						<Time>2569-05-25T13:03:52Z</Time>
						<HeartRateBpm>
							<Value>145</Value>
						</HeartRateBpm>
					</Trackpoint>
					<Trackpoint>
						<Time>2569-05-25T13:03:53Z</Time>
						<HeartRateBpm>
							<Value>146</Value>
						</HeartRateBpm>
					</Trackpoint>
					<Trackpoint>
						<Time>2569-05-25T13:03:54Z</Time>
						<HeartRateBpm>
							<Value>146</Value>
						</HeartRateBpm>
					</Trackpoint>
					<Trackpoint>
						<Time>2569-05-25T13:03:55Z</Time>
						<HeartRateBpm>
							<Value>146</Value>
						</HeartRateBpm>
					</Trackpoint>
					<Trackpoint>
						<Time>2569-05-25T13:03:56Z</Time>
						<HeartRateBpm>
							<Value>147</Value>
						</HeartRateBpm>
					</Trackpoint>
					<Trackpoint>
						<Time>2569-05-25T13:03:57Z</Time>
						<HeartRateBpm>
							<Value>147</Value>
						</HeartRateBpm>
					</Trackpoint>
					<Trackpoint>
						<Time>2569-05-25T13:03:58Z</Time>
						<HeartRateBpm>
							<Value>146</Value>
						</HeartRateBpm>
					</Trackpoint>
					<Trackpoint>
						<Time>2569-05-25T13:03:59Z</Time>
						<HeartRateBpm>
							<Value>145</Value>
						</HeartRateBpm>
					</Trackpoint>
					<Trackpoint>
						<Time>2569-05-25T13:04:00Z</Time>
						<HeartRateBpm>
							<Value>145</Value>
						</HeartRateBpm>
					</Trackpoint>
					<Trackpoint>
						<Time>2569-05-25T13:04:01Z</Time>
						<HeartRateBpm>
							<Value>145</Value>
						</HeartRateBpm>
					</Trackpoint>
					<Trackpoint>
						<Time>2569-05-25T13:04:02Z</Time>
						<HeartRateBpm>
							<Value>144</Value>
						</HeartRateBpm>
					</Trackpoint>
					<Trackpoint>
						<Time>2569-05-25T13:04:03Z</Time>
						<HeartRateBpm>
							<Value>144</Value>
						</HeartRateBpm>
					</Trackpoint>
					<Trackpoint>
						<Time>2569-05-25T13:04:04Z</Time>
						<HeartRateBpm>
							<Value>145</Value>
						</HeartRateBpm>
					</Trackpoint>
					<Trackpoint>
						<Time>2569-05-25T13:04:05Z</Time>
						<HeartRateBpm>
							<Value>146</Value>
						</HeartRateBpm>
					</Trackpoint>
					<Trackpoint>
						<Time>2569-05-25T13:04:06Z</Time>
						<HeartRateBpm>
							<Value>147</Value>
						</HeartRateBpm>
					</Trackpoint>
					<Trackpoint>
						<Time>2569-05-25T13:04:07Z</Time>
						<HeartRateBpm>
							<Value>147</Value>
						</HeartRateBpm>
					</Trackpoint>
					<Trackpoint>
						<Time>2569-05-25T13:04:08Z</Time>
						<HeartRateBpm>
							<Value>148</Value>
						</HeartRateBpm>
					</Trackpoint>
					<Trackpoint>
						<Time>2569-05-25T13:04:09Z</Time>
						<HeartRateBpm>
							<Value>150</Value>
						</HeartRateBpm>
					</Trackpoint>
					<Trackpoint>
						<Time>2569-05-25T13:04:10Z</Time>
						<HeartRateBpm>
							<Value>151</Value>
						</HeartRateBpm>
					</Trackpoint>
					<Trackpoint>
						<Time>2569-05-25T13:04:11Z</Time>
						<HeartRateBpm>
							<Value>151</Value>
						</HeartRateBpm>
					</Trackpoint>
					<Trackpoint>
						<Time>2569-05-25T13:04:12Z</Time>
						<HeartRateBpm>
							<Value>151</Value>
						</HeartRateBpm>
					</Trackpoint>
					<Trackpoint>
						<Time>2569-05-25T13:04:13Z</Time>
						<HeartRateBpm>
							<Value>152</Value>
						</HeartRateBpm>
					</Trackpoint>
					<Trackpoint>
						<Time>2569-05-25T13:04:14Z</Time>
						<HeartRateBpm>
							<Value>151</Value>
						</HeartRateBpm>
					</Trackpoint>
					<Trackpoint>
						<Time>2569-05-25T13:04:15Z</Time>
						<HeartRateBpm>
							<Value>150</Value>
						</HeartRateBpm>
					</Trackpoint>
					<Trackpoint>
						<Time>2569-05-25T13:04:16Z</Time>
						<HeartRateBpm>
							<Value>149</Value>
						</HeartRateBpm>
					</Trackpoint>
					<Trackpoint>
						<Time>2569-05-25T13:04:17Z</Time>
						<HeartRateBpm>
							<Value>148</Value>
						</HeartRateBpm>
					</Trackpoint>
					<Trackpoint>
						<Time>2569-05-25T13:04:18Z</Time>
						<HeartRateBpm>
							<Value>146</Value>
						</HeartRateBpm>
					</Trackpoint>
					<Trackpoint>
						<Time>2569-05-25T13:04:19Z</Time>
						<HeartRateBpm>
							<Value>145</Value>
						</HeartRateBpm>
					</Trackpoint>
					<Trackpoint>
						<Time>2569-05-25T13:04:20Z</Time>
						<HeartRateBpm>
							<Value>145</Value>
						</HeartRateBpm>
					</Trackpoint>
					<Trackpoint>
						<Time>2569-05-25T13:04:21Z</Time>
						<HeartRateBpm>
							<Value>145</Value>
						</HeartRateBpm>
					</Trackpoint>
					<Trackpoint>
						<Time>2569-05-25T13:04:22Z</Time>
						<HeartRateBpm>
							<Value>145</Value>
						</HeartRateBpm>
					</Trackpoint>
					<Trackpoint>
						<Time>2569-05-25T13:04:23Z</Time>
						<HeartRateBpm>
							<Value>146</Value>
						</HeartRateBpm>
					</Trackpoint>
					<Trackpoint>
						<Time>2569-05-25T13:04:24Z</Time>
						<HeartRateBpm>
							<Value>145</Value>
						</HeartRateBpm>
					</Trackpoint>
					<Trackpoint>
						<Time>2569-05-25T13:04:25Z</Time>
						<HeartRateBpm>
							<Value>146</Value>
						</HeartRateBpm>
					</Trackpoint>
					<Trackpoint>
						<Time>2569-05-25T13:04:26Z</Time>
						<HeartRateBpm>
							<Value>146</Value>
						</HeartRateBpm>
					</Trackpoint>
					<Trackpoint>
						<Time>2569-05-25T13:04:27Z</Time>
						<HeartRateBpm>
							<Value>145</Value>
						</HeartRateBpm>
					</Trackpoint>
					<Trackpoint>
						<Time>2569-05-25T13:04:28Z</Time>
						<HeartRateBpm>
							<Value>144</Value>
						</HeartRateBpm>
					</Trackpoint>
					<Trackpoint>
						<Time>2569-05-25T13:04:29Z</Time>
						<HeartRateBpm>
							<Value>143</Value>
						</HeartRateBpm>
					</Trackpoint>
					<Trackpoint>
						<Time>2569-05-25T13:04:30Z</Time>
						<HeartRateBpm>
							<Value>143</Value>
						</HeartRateBpm>
					</Trackpoint>
					<Trackpoint>
						<Time>2569-05-25T13:04:31Z</Time>
						<HeartRateBpm>
							<Value>142</Value>
						</HeartRateBpm>
					</Trackpoint>
					<Trackpoint>
						<Time>2569-05-25T13:04:33Z</Time>
						<HeartRateBpm>
							<Value>142</Value>
						</HeartRateBpm>
					</Trackpoint>
					<Trackpoint>
						<Time>2569-05-25T13:04:33Z</Time>
						<HeartRateBpm>
							<Value>142</Value>
						</HeartRateBpm>
					</Trackpoint>
					<Trackpoint>
						<Time>2569-05-25T13:04:35Z</Time>
						<HeartRateBpm>
							<Value>142</Value>
						</HeartRateBpm>
					</Trackpoint>
					<Trackpoint>
						<Time>2569-05-25T13:04:36Z</Time>
						<HeartRateBpm>
							<Value>142</Value>
						</HeartRateBpm>
					</Trackpoint>
					<Trackpoint>
						<Time>2569-05-25T13:04:36Z</Time>
						<HeartRateBpm>
							<Value>142</Value>
						</HeartRateBpm>
					</Trackpoint>
					<Trackpoint>
						<Time>2569-05-25T13:04:38Z</Time>
						<HeartRateBpm>
							<Value>142</Value>
						</HeartRateBpm>
					</Trackpoint>
					<Trackpoint>
						<Time>2569-05-25T13:04:39Z</Time>
						<HeartRateBpm>
							<Value>141</Value>
						</HeartRateBpm>
					</Trackpoint>
					<Trackpoint>
						<Time>2569-05-25T13:04:40Z</Time>
						<HeartRateBpm>
							<Value>140</Value>
						</HeartRateBpm>
					</Trackpoint>
					<Trackpoint>
						<Time>2569-05-25T13:04:41Z</Time>
						<HeartRateBpm>
							<Value>139</Value>
						</HeartRateBpm>
					</Trackpoint>
					<Trackpoint>
						<Time>2569-05-25T13:04:42Z</Time>
						<HeartRateBpm>
							<Value>135</Value>
						</HeartRateBpm>
					</Trackpoint>
					<Trackpoint>
						<Time>2569-05-25T13:04:43Z</Time>
						<HeartRateBpm>
							<Value>132</Value>
						</HeartRateBpm>
					</Trackpoint>
					<Trackpoint>
						<Time>2569-05-25T13:04:44Z</Time>
						<HeartRateBpm>
							<Value>129</Value>
						</HeartRateBpm>
					</Trackpoint>
					<Trackpoint>
						<Time>2569-05-25T13:04:45Z</Time>
						<HeartRateBpm>
							<Value>127</Value>
						</HeartRateBpm>
					</Trackpoint>
					<Trackpoint>
						<Time>2569-05-25T13:04:46Z</Time>
						<HeartRateBpm>
							<Value>126</Value>
						</HeartRateBpm>
					</Trackpoint>
					<Trackpoint>
						<Time>2569-05-25T13:04:47Z</Time>
						<HeartRateBpm>
							<Value>125</Value>
						</HeartRateBpm>
					</Trackpoint>
					<Trackpoint>
						<Time>2569-05-25T13:04:48Z</Time>
						<HeartRateBpm>
							<Value>124</Value>
						</HeartRateBpm>
					</Trackpoint>
					<Trackpoint>
						<Time>2569-05-25T13:04:49Z</Time>
						<HeartRateBpm>
							<Value>123</Value>
						</HeartRateBpm>
					</Trackpoint>
					<Trackpoint>
						<Time>2569-05-25T13:04:50Z</Time>
						<HeartRateBpm>
							<Value>122</Value>
						</HeartRateBpm>
					</Trackpoint>
					<Trackpoint>
						<Time>2569-05-25T13:04:51Z</Time>
						<HeartRateBpm>
							<Value>122</Value>
						</HeartRateBpm>
					</Trackpoint>
					<Trackpoint>
						<Time>2569-05-25T13:04:52Z</Time>
						<HeartRateBpm>
							<Value>120</Value>
						</HeartRateBpm>
					</Trackpoint>
					<Trackpoint>
						<Time>2569-05-25T13:04:53Z</Time>
						<HeartRateBpm>
							<Value>120</Value>
						</HeartRateBpm>
					</Trackpoint>
					<Trackpoint>
						<Time>2569-05-25T13:04:54Z</Time>
						<HeartRateBpm>
							<Value>121</Value>
						</HeartRateBpm>
					</Trackpoint>
					<Trackpoint>
						<Time>2569-05-25T13:04:55Z</Time>
						<HeartRateBpm>
							<Value>120</Value>
						</HeartRateBpm>
					</Trackpoint>
					<Trackpoint>
						<Time>2569-05-25T13:04:56Z</Time>
						<HeartRateBpm>
							<Value>120</Value>
						</HeartRateBpm>
					</Trackpoint>
					<Trackpoint>
						<Time>2569-05-25T13:04:57Z</Time>
						<HeartRateBpm>
							<Value>120</Value>
						</HeartRateBpm>
					</Trackpoint>
					<Trackpoint>
						<Time>2569-05-25T13:04:58Z</Time>
						<HeartRateBpm>
							<Value>120</Value>
						</HeartRateBpm>
					</Trackpoint>
					<Trackpoint>
						<Time>2569-05-25T13:04:59Z</Time>
						<HeartRateBpm>
							<Value>120</Value>
						</HeartRateBpm>
					</Trackpoint>
					<Trackpoint>
						<Time>2569-05-25T13:05:00Z</Time>
						<HeartRateBpm>
							<Value>121</Value>
						</HeartRateBpm>
					</Trackpoint>
					<Trackpoint>
						<Time>2569-05-25T13:05:01Z</Time>
						<HeartRateBpm>
							<Value>121</Value>
						</HeartRateBpm>
					</Trackpoint>
					<Trackpoint>
						<Time>2569-05-25T13:05:02Z</Time>
						<HeartRateBpm>
							<Value>121</Value>
						</HeartRateBpm>
					</Trackpoint>
					<Trackpoint>
						<Time>2569-05-25T13:05:03Z</Time>
						<HeartRateBpm>
							<Value>122</Value>
						</HeartRateBpm>
					</Trackpoint>
					<Trackpoint>
						<Time>2569-05-25T13:05:04Z</Time>
						<HeartRateBpm>
							<Value>122</Value>
						</HeartRateBpm>
					</Trackpoint>
					<Trackpoint>
						<Time>2569-05-25T13:05:05Z</Time>
						<HeartRateBpm>
							<Value>120</Value>
						</HeartRateBpm>
					</Trackpoint>
					<Trackpoint>
						<Time>2569-05-25T13:05:06Z</Time>
						<HeartRateBpm>
							<Value>117</Value>
						</HeartRateBpm>
					</Trackpoint>
					<Trackpoint>
						<Time>2569-05-25T13:05:06Z</Time>
						<HeartRateBpm>
							<Value>117</Value>
						</HeartRateBpm>
					</Trackpoint>
					<Trackpoint>
						<Time>2569-05-25T13:05:07Z</Time>
						<HeartRateBpm>
							<Value>115</Value>
						</HeartRateBpm>
					</Trackpoint>
					<Trackpoint>
						<Time>2569-05-25T13:05:09Z</Time>
						<HeartRateBpm>
							<Value>113</Value>
						</HeartRateBpm>
					</Trackpoint>
					<Trackpoint>
						<Time>2569-05-25T13:05:09Z</Time>
						<HeartRateBpm>
							<Value>113</Value>
						</HeartRateBpm>
					</Trackpoint>
					<Trackpoint>
						<Time>2569-05-25T13:05:11Z</Time>
						<HeartRateBpm>
							<Value>111</Value>
						</HeartRateBpm>
					</Trackpoint>
					<Trackpoint>
						<Time>2569-05-25T13:05:12Z</Time>
						<HeartRateBpm>
							<Value>110</Value>
						</HeartRateBpm>
					</Trackpoint>
					<Trackpoint>
						<Time>2569-05-25T13:05:13Z</Time>
						<HeartRateBpm>
							<Value>110</Value>
						</HeartRateBpm>
					</Trackpoint>
					<Trackpoint>
						<Time>2569-05-25T13:05:14Z</Time>
						<HeartRateBpm>
							<Value>110</Value>
						</HeartRateBpm>
					</Trackpoint>
					<Trackpoint>
						<Time>2569-05-25T13:05:15Z</Time>
						<HeartRateBpm>
							<Value>111</Value>
						</HeartRateBpm>
					</Trackpoint>
					<Trackpoint>
						<Time>2569-05-25T13:05:16Z</Time>
						<HeartRateBpm>
							<Value>111</Value>
						</HeartRateBpm>
					</Trackpoint>
					<Trackpoint>
						<Time>2569-05-25T13:05:17Z</Time>
						<HeartRateBpm>
							<Value>111</Value>
						</HeartRateBpm>
					</Trackpoint>
					<Trackpoint>
						<Time>2569-05-25T13:05:18Z</Time>
						<HeartRateBpm>
							<Value>110</Value>
						</HeartRateBpm>
					</Trackpoint>
					<Trackpoint>
						<Time>2569-05-25T13:05:19Z</Time>
						<HeartRateBpm>
							<Value>110</Value>
						</HeartRateBpm>
					</Trackpoint>
					<Trackpoint>
						<Time>2569-05-25T13:05:20Z</Time>
						<HeartRateBpm>
							<Value>110</Value>
						</HeartRateBpm>
					</Trackpoint>
					<Trackpoint>
						<Time>2569-05-25T13:05:21Z</Time>
						<HeartRateBpm>
							<Value>110</Value>
						</HeartRateBpm>
					</Trackpoint>
					<Trackpoint>
						<Time>2569-05-25T13:05:22Z</Time>
						<HeartRateBpm>
							<Value>110</Value>
						</HeartRateBpm>
					</Trackpoint>
					<Trackpoint>
						<Time>2569-05-25T13:05:23Z</Time>
						<HeartRateBpm>
							<Value>110</Value>
						</HeartRateBpm>
					</Trackpoint>
					<Trackpoint>
						<Time>2569-05-25T13:05:24Z</Time>
						<HeartRateBpm>
							<Value>111</Value>
						</HeartRateBpm>
					</Trackpoint>
					<Trackpoint>
						<Time>2569-05-25T13:05:25Z</Time>
						<HeartRateBpm>
							<Value>112</Value>
						</HeartRateBpm>
					</Trackpoint>
					<Trackpoint>
						<Time>2569-05-25T13:05:26Z</Time>
						<HeartRateBpm>
							<Value>111</Value>
						</HeartRateBpm>
					</Trackpoint>
					<Trackpoint>
						<Time>2569-05-25T13:05:27Z</Time>
						<HeartRateBpm>
							<Value>112</Value>
						</HeartRateBpm>
					</Trackpoint>
					<Trackpoint>
						<Time>2569-05-25T13:05:28Z</Time>
						<HeartRateBpm>
							<Value>112</Value>
						</HeartRateBpm>
					</Trackpoint>
					<Trackpoint>
						<Time>2569-05-25T13:05:29Z</Time>
						<HeartRateBpm>
							<Value>112</Value>
						</HeartRateBpm>
					</Trackpoint>
					<Trackpoint>
						<Time>2569-05-25T13:05:30Z</Time>
						<HeartRateBpm>
							<Value>112</Value>
						</HeartRateBpm>
					</Trackpoint>
					<Trackpoint>
						<Time>2569-05-25T13:05:31Z</Time>
						<HeartRateBpm>
							<Value>113</Value>
						</HeartRateBpm>
					</Trackpoint>
					<Trackpoint>
						<Time>2569-05-25T13:05:32Z</Time>
						<HeartRateBpm>
							<Value>114</Value>
						</HeartRateBpm>
					</Trackpoint>
					<Trackpoint>
						<Time>2569-05-25T13:05:33Z</Time>
						<HeartRateBpm>
							<Value>115</Value>
						</HeartRateBpm>
					</Trackpoint>
					<Trackpoint>
						<Time>2569-05-25T13:05:34Z</Time>
						<HeartRateBpm>
							<Value>115</Value>
						</HeartRateBpm>
					</Trackpoint>
					<Trackpoint>
						<Time>2569-05-25T13:05:35Z</Time>
						<HeartRateBpm>
							<Value>115</Value>
						</HeartRateBpm>
					</Trackpoint>
					<Trackpoint>
						<Time>2569-05-25T13:05:36Z</Time>
						<HeartRateBpm>
							<Value>116</Value>
						</HeartRateBpm>
					</Trackpoint>
					<Trackpoint>
						<Time>2569-05-25T13:05:37Z</Time>
						<HeartRateBpm>
							<Value>116</Value>
						</HeartRateBpm>
					</Trackpoint>
					<Trackpoint>
						<Time>2569-05-25T13:05:38Z</Time>
						<HeartRateBpm>
							<Value>116</Value>
						</HeartRateBpm>
					</Trackpoint>
					<Trackpoint>
						<Time>2569-05-25T13:05:39Z</Time>
						<HeartRateBpm>
							<Value>117</Value>
						</HeartRateBpm>
					</Trackpoint>
					<Trackpoint>
						<Time>2569-05-25T13:05:39Z</Time>
						<HeartRateBpm>
							<Value>117</Value>
						</HeartRateBpm>
					</Trackpoint>
					<Trackpoint>
						<Time>2569-05-25T13:05:41Z</Time>
						<HeartRateBpm>
							<Value>118</Value>
						</HeartRateBpm>
					</Trackpoint>
					<Trackpoint>
						<Time>2569-05-25T13:05:41Z</Time>
						<HeartRateBpm>
							<Value>118</Value>
						</HeartRateBpm>
					</Trackpoint>
					<Trackpoint>
						<Time>2569-05-25T13:05:42Z</Time>
						<HeartRateBpm>
							<Value>119</Value>
						</HeartRateBpm>
					</Trackpoint>
					<Trackpoint>
						<Time>2569-05-25T13:05:43Z</Time>
						<HeartRateBpm>
							<Value>121</Value>
						</HeartRateBpm>
					</Trackpoint>
					<Trackpoint>
						<Time>2569-05-25T13:05:45Z</Time>
						<HeartRateBpm>
							<Value>122</Value>
						</HeartRateBpm>
					</Trackpoint>
					<Trackpoint>
						<Time>2569-05-25T13:05:46Z</Time>
						<HeartRateBpm>
							<Value>123</Value>
						</HeartRateBpm>
					</Trackpoint>
					<Trackpoint>
						<Time>2569-05-25T13:05:47Z</Time>
						<HeartRateBpm>
							<Value>125</Value>
						</HeartRateBpm>
					</Trackpoint>
					<Trackpoint>
						<Time>2569-05-25T13:05:48Z</Time>
						<HeartRateBpm>
							<Value>127</Value>
						</HeartRateBpm>
					</Trackpoint>
					<Trackpoint>
						<Time>2569-05-25T13:05:49Z</Time>
						<HeartRateBpm>
							<Value>129</Value>
						</HeartRateBpm>
					</Trackpoint>
					<Trackpoint>
						<Time>2569-05-25T13:05:50Z</Time>
						<HeartRateBpm>
							<Value>130</Value>
						</HeartRateBpm>
					</Trackpoint>
					<Trackpoint>
						<Time>2569-05-25T13:05:51Z</Time>
						<HeartRateBpm>
							<Value>131</Value>
						</HeartRateBpm>
					</Trackpoint>
					<Trackpoint>
						<Time>2569-05-25T13:05:52Z</Time>
						<HeartRateBpm>
							<Value>131</Value>
						</HeartRateBpm>
					</Trackpoint>
					<Trackpoint>
						<Time>2569-05-25T13:05:53Z</Time>
						<HeartRateBpm>
							<Value>132</Value>
						</HeartRateBpm>
					</Trackpoint>
					<Trackpoint>
						<Time>2569-05-25T13:05:54Z</Time>
						<HeartRateBpm>
							<Value>132</Value>
						</HeartRateBpm>
					</Trackpoint>
					<Trackpoint>
						<Time>2569-05-25T13:05:55Z</Time>
						<HeartRateBpm>
							<Value>133</Value>
						</HeartRateBpm>
					</Trackpoint>
					<Trackpoint>
						<Time>2569-05-25T13:05:56Z</Time>
						<HeartRateBpm>
							<Value>134</Value>
						</HeartRateBpm>
					</Trackpoint>
					<Trackpoint>
						<Time>2569-05-25T13:05:57Z</Time>
						<HeartRateBpm>
							<Value>136</Value>
						</HeartRateBpm>
					</Trackpoint>
					<Trackpoint>
						<Time>2569-05-25T13:05:58Z</Time>
						<HeartRateBpm>
							<Value>136</Value>
						</HeartRateBpm>
					</Trackpoint>
					<Trackpoint>
						<Time>2569-05-25T13:05:59Z</Time>
						<HeartRateBpm>
							<Value>136</Value>
						</HeartRateBpm>
					</Trackpoint>
					<Trackpoint>
						<Time>2569-05-25T13:06:00Z</Time>
						<HeartRateBpm>
							<Value>138</Value>
						</HeartRateBpm>
					</Trackpoint>
					<Trackpoint>
						<Time>2569-05-25T13:06:01Z</Time>
						<HeartRateBpm>
							<Value>139</Value>
						</HeartRateBpm>
					</Trackpoint>
					<Trackpoint>
						<Time>2569-05-25T13:06:02Z</Time>
						<HeartRateBpm>
							<Value>140</Value>
						</HeartRateBpm>
					</Trackpoint>
					<Trackpoint>
						<Time>2569-05-25T13:06:03Z</Time>
						<HeartRateBpm>
							<Value>141</Value>
						</HeartRateBpm>
					</Trackpoint>
					<Trackpoint>
						<Time>2569-05-25T13:06:04Z</Time>
						<HeartRateBpm>
							<Value>142</Value>
						</HeartRateBpm>
					</Trackpoint>
					<Trackpoint>
						<Time>2569-05-25T13:06:05Z</Time>
						<HeartRateBpm>
							<Value>143</Value>
						</HeartRateBpm>
					</Trackpoint>
					<Trackpoint>
						<Time>2569-05-25T13:06:06Z</Time>
						<HeartRateBpm>
							<Value>145</Value>
						</HeartRateBpm>
					</Trackpoint>
					<Trackpoint>
						<Time>2569-05-25T13:06:07Z</Time>
						<HeartRateBpm>
							<Value>145</Value>
						</HeartRateBpm>
					</Trackpoint>
					<Trackpoint>
						<Time>2569-05-25T13:06:08Z</Time>
						<HeartRateBpm>
							<Value>144</Value>
						</HeartRateBpm>
					</Trackpoint>
					<Trackpoint>
						<Time>2569-05-25T13:06:09Z</Time>
						<HeartRateBpm>
							<Value>144</Value>
						</HeartRateBpm>
					</Trackpoint>
					<Trackpoint>
						<Time>2569-05-25T13:06:10Z</Time>
						<HeartRateBpm>
							<Value>144</Value>
						</HeartRateBpm>
					</Trackpoint>
					<Trackpoint>
						<Time>2569-05-25T13:06:11Z</Time>
						<HeartRateBpm>
							<Value>144</Value>
						</HeartRateBpm>
					</Trackpoint>
					<Trackpoint>
						<Time>2569-05-25T13:06:12Z</Time>
						<HeartRateBpm>
							<Value>142</Value>
						</HeartRateBpm>
					</Trackpoint>
					<Trackpoint>
						<Time>2569-05-25T13:06:12Z</Time>
						<HeartRateBpm>
							<Value>142</Value>
						</HeartRateBpm>
					</Trackpoint>
					<Trackpoint>
						<Time>2569-05-25T13:06:13Z</Time>
						<HeartRateBpm>
							<Value>141</Value>
						</HeartRateBpm>
					</Trackpoint>
					<Trackpoint>
						<Time>2569-05-25T13:06:15Z</Time>
						<HeartRateBpm>
							<Value>140</Value>
						</HeartRateBpm>
					</Trackpoint>
					<Trackpoint>
						<Time>2569-05-25T13:06:16Z</Time>
						<HeartRateBpm>
							<Value>139</Value>
						</HeartRateBpm>
					</Trackpoint>
					<Trackpoint>
						<Time>2569-05-25T13:06:17Z</Time>
						<HeartRateBpm>
							<Value>139</Value>
						</HeartRateBpm>
					</Trackpoint>
					<Trackpoint>
						<Time>2569-05-25T13:06:18Z</Time>
						<HeartRateBpm>
							<Value>137</Value>
						</HeartRateBpm>
					</Trackpoint>
					<Trackpoint>
						<Time>2569-05-25T13:06:19Z</Time>
						<HeartRateBpm>
							<Value>140</Value>
						</HeartRateBpm>
					</Trackpoint>
					<Trackpoint>
						<Time>2569-05-25T13:06:20Z</Time>
						<HeartRateBpm>
							<Value>141</Value>
						</HeartRateBpm>
					</Trackpoint>
					<Trackpoint>
						<Time>2569-05-25T13:06:21Z</Time>
						<HeartRateBpm>
							<Value>142</Value>
						</HeartRateBpm>
					</Trackpoint>
					<Trackpoint>
						<Time>2569-05-25T13:06:22Z</Time>
						<HeartRateBpm>
							<Value>142</Value>
						</HeartRateBpm>
					</Trackpoint>
					<Trackpoint>
						<Time>2569-05-25T13:06:23Z</Time>
						<HeartRateBpm>
							<Value>144</Value>
						</HeartRateBpm>
					</Trackpoint>
					<Trackpoint>
						<Time>2569-05-25T13:06:24Z</Time>
						<HeartRateBpm>
							<Value>146</Value>
						</HeartRateBpm>
					</Trackpoint>
					<Trackpoint>
						<Time>2569-05-25T13:06:25Z</Time>
						<HeartRateBpm>
							<Value>146</Value>
						</HeartRateBpm>
					</Trackpoint>
					<Trackpoint>
						<Time>2569-05-25T13:06:26Z</Time>
						<HeartRateBpm>
							<Value>145</Value>
						</HeartRateBpm>
					</Trackpoint>
					<Trackpoint>
						<Time>2569-05-25T13:06:27Z</Time>
						<HeartRateBpm>
							<Value>144</Value>
						</HeartRateBpm>
					</Trackpoint>
					<Trackpoint>
						<Time>2569-05-25T13:06:28Z</Time>
						<HeartRateBpm>
							<Value>145</Value>
						</HeartRateBpm>
					</Trackpoint>
					<Trackpoint>
						<Time>2569-05-25T13:06:29Z</Time>
						<HeartRateBpm>
							<Value>146</Value>
						</HeartRateBpm>
					</Trackpoint>
					<Trackpoint>
						<Time>2569-05-25T13:06:30Z</Time>
						<HeartRateBpm>
							<Value>147</Value>
						</HeartRateBpm>
					</Trackpoint>
					<Trackpoint>
						<Time>2569-05-25T13:06:31Z</Time>
						<HeartRateBpm>
							<Value>147</Value>
						</HeartRateBpm>
					</Trackpoint>
					<Trackpoint>
						<Time>2569-05-25T13:06:32Z</Time>
						<HeartRateBpm>
							<Value>147</Value>
						</HeartRateBpm>
					</Trackpoint>
					<Trackpoint>
						<Time>2569-05-25T13:06:33Z</Time>
						<HeartRateBpm>
							<Value>147</Value>
						</HeartRateBpm>
					</Trackpoint>
					<Trackpoint>
						<Time>2569-05-25T13:06:34Z</Time>
						<HeartRateBpm>
							<Value>148</Value>
						</HeartRateBpm>
					</Trackpoint>
					<Trackpoint>
						<Time>2569-05-25T13:06:35Z</Time>
						<HeartRateBpm>
							<Value>148</Value>
						</HeartRateBpm>
					</Trackpoint>
					<Trackpoint>
						<Time>2569-05-25T13:06:36Z</Time>
						<HeartRateBpm>
							<Value>148</Value>
						</HeartRateBpm>
					</Trackpoint>
					<Trackpoint>
						<Time>2569-05-25T13:06:37Z</Time>
						<HeartRateBpm>
							<Value>149</Value>
						</HeartRateBpm>
					</Trackpoint>
					<Trackpoint>
						<Time>2569-05-25T13:06:38Z</Time>
						<HeartRateBpm>
							<Value>149</Value>
						</HeartRateBpm>
					</Trackpoint>
					<Trackpoint>
						<Time>2569-05-25T13:06:39Z</Time>
						<HeartRateBpm>
							<Value>150</Value>
						</HeartRateBpm>
					</Trackpoint>
					<Trackpoint>
						<Time>2569-05-25T13:06:40Z</Time>
						<HeartRateBpm>
							<Value>149</Value>
						</HeartRateBpm>
					</Trackpoint>
					<Trackpoint>
						<Time>2569-05-25T13:06:41Z</Time>
						<HeartRateBpm>
							<Value>148</Value>
						</HeartRateBpm>
					</Trackpoint>
					<Trackpoint>
						<Time>2569-05-25T13:06:42Z</Time>
						<HeartRateBpm>
							<Value>148</Value>
						</HeartRateBpm>
					</Trackpoint>
					<Trackpoint>
						<Time>2569-05-25T13:06:43Z</Time>
						<HeartRateBpm>
							<Value>149</Value>
						</HeartRateBpm>
					</Trackpoint>
					<Trackpoint>
						<Time>2569-05-25T13:06:44Z</Time>
						<HeartRateBpm>
							<Value>149</Value>
						</HeartRateBpm>
					</Trackpoint>
					<Trackpoint>
						<Time>2569-05-25T13:06:45Z</Time>
						<HeartRateBpm>
							<Value>147</Value>
						</HeartRateBpm>
					</Trackpoint>
					<Trackpoint>
						<Time>2569-05-25T13:06:45Z</Time>
						<HeartRateBpm>
							<Value>147</Value>
						</HeartRateBpm>
					</Trackpoint>
					<Trackpoint>
						<Time>2569-05-25T13:06:46Z</Time>
						<HeartRateBpm>
							<Value>145</Value>
						</HeartRateBpm>
					</Trackpoint>
					<Trackpoint>
						<Time>2569-05-25T13:06:48Z</Time>
						<HeartRateBpm>
							<Value>144</Value>
						</HeartRateBpm>
					</Trackpoint>
					<Trackpoint>
						<Time>2569-05-25T13:06:49Z</Time>
						<HeartRateBpm>
							<Value>144</Value>
						</HeartRateBpm>
					</Trackpoint>
					<Trackpoint>
						<Time>2569-05-25T13:06:50Z</Time>
						<HeartRateBpm>
							<Value>144</Value>
						</HeartRateBpm>
					</Trackpoint>
					<Trackpoint>
						<Time>2569-05-25T13:06:51Z</Time>
						<HeartRateBpm>
							<Value>147</Value>
						</HeartRateBpm>
					</Trackpoint>
					<Trackpoint>
						<Time>2569-05-25T13:06:52Z</Time>
						<HeartRateBpm>
							<Value>146</Value>
						</HeartRateBpm>
					</Trackpoint>
					<Trackpoint>
						<Time>2569-05-25T13:06:53Z</Time>
						<HeartRateBpm>
							<Value>146</Value>
						</HeartRateBpm>
					</Trackpoint>
					<Trackpoint>
						<Time>2569-05-25T13:06:54Z</Time>
						<HeartRateBpm>
							<Value>147</Value>
						</HeartRateBpm>
					</Trackpoint>
					<Trackpoint>
						<Time>2569-05-25T13:06:55Z</Time>
						<HeartRateBpm>
							<Value>147</Value>
						</HeartRateBpm>
					</Trackpoint>
					<Trackpoint>
						<Time>2569-05-25T13:06:56Z</Time>
						<HeartRateBpm>
							<Value>147</Value>
						</HeartRateBpm>
					</Trackpoint>
					<Trackpoint>
						<Time>2569-05-25T13:06:57Z</Time>
						<HeartRateBpm>
							<Value>148</Value>
						</HeartRateBpm>
					</Trackpoint>
					<Trackpoint>
						<Time>2569-05-25T13:06:58Z</Time>
						<HeartRateBpm>
							<Value>147</Value>
						</HeartRateBpm>
					</Trackpoint>
					<Trackpoint>
						<Time>2569-05-25T13:06:59Z</Time>
						<HeartRateBpm>
							<Value>147</Value>
						</HeartRateBpm>
					</Trackpoint>
					<Trackpoint>
						<Time>2569-05-25T13:07:00Z</Time>
						<HeartRateBpm>
							<Value>147</Value>
						</HeartRateBpm>
					</Trackpoint>
					<Trackpoint>
						<Time>2569-05-25T13:07:01Z</Time>
						<HeartRateBpm>
							<Value>147</Value>
						</HeartRateBpm>
					</Trackpoint>
					<Trackpoint>
						<Time>2569-05-25T13:07:02Z</Time>
						<HeartRateBpm>
							<Value>148</Value>
						</HeartRateBpm>
					</Trackpoint>
					<Trackpoint>
						<Time>2569-05-25T13:07:03Z</Time>
						<HeartRateBpm>
							<Value>147</Value>
						</HeartRateBpm>
					</Trackpoint>
					<Trackpoint>
						<Time>2569-05-25T13:07:04Z</Time>
						<HeartRateBpm>
							<Value>147</Value>
						</HeartRateBpm>
					</Trackpoint>
					<Trackpoint>
						<Time>2569-05-25T13:07:05Z</Time>
						<HeartRateBpm>
							<Value>147</Value>
						</HeartRateBpm>
					</Trackpoint>
					<Trackpoint>
						<Time>2569-05-25T13:07:06Z</Time>
						<HeartRateBpm>
							<Value>145</Value>
						</HeartRateBpm>
					</Trackpoint>
					<Trackpoint>
						<Time>2569-05-25T13:07:07Z</Time>
						<HeartRateBpm>
							<Value>145</Value>
						</HeartRateBpm>
					</Trackpoint>
					<Trackpoint>
						<Time>2569-05-25T13:07:08Z</Time>
						<HeartRateBpm>
							<Value>145</Value>
						</HeartRateBpm>
					</Trackpoint>
					<Trackpoint>
						<Time>2569-05-25T13:07:09Z</Time>
						<HeartRateBpm>
							<Value>146</Value>
						</HeartRateBpm>
					</Trackpoint>
					<Trackpoint>
						<Time>2569-05-25T13:07:10Z</Time>
						<HeartRateBpm>
							<Value>146</Value>
						</HeartRateBpm>
					</Trackpoint>
					<Trackpoint>
						<Time>2569-05-25T13:07:11Z</Time>
						<HeartRateBpm>
							<Value>146</Value>
						</HeartRateBpm>
					</Trackpoint>
					<Trackpoint>
						<Time>2569-05-25T13:07:12Z</Time>
						<HeartRateBpm>
							<Value>146</Value>
						</HeartRateBpm>
					</Trackpoint>
					<Trackpoint>
						<Time>2569-05-25T13:07:13Z</Time>
						<HeartRateBpm>
							<Value>147</Value>
						</HeartRateBpm>
					</Trackpoint>
					<Trackpoint>
						<Time>2569-05-25T13:07:14Z</Time>
						<HeartRateBpm>
							<Value>147</Value>
						</HeartRateBpm>
					</Trackpoint>
					<Trackpoint>
						<Time>2569-05-25T13:07:15Z</Time>
						<HeartRateBpm>
							<Value>145</Value>
						</HeartRateBpm>
					</Trackpoint>
					<Trackpoint>
						<Time>2569-05-25T13:07:16Z</Time>
						<HeartRateBpm>
							<Value>145</Value>
						</HeartRateBpm>
					</Trackpoint>
					<Trackpoint>
						<Time>2569-05-25T13:07:17Z</Time>
						<HeartRateBpm>
							<Value>144</Value>
						</HeartRateBpm>
					</Trackpoint>
					<Trackpoint>
						<Time>2569-05-25T13:07:18Z</Time>
						<HeartRateBpm>
							<Value>146</Value>
						</HeartRateBpm>
					</Trackpoint>
					<Trackpoint>
						<Time>2569-05-25T13:07:18Z</Time>
						<HeartRateBpm>
							<Value>146</Value>
						</HeartRateBpm>
					</Trackpoint>
					<Trackpoint>
						<Time>2569-05-25T13:07:19Z</Time>
						<HeartRateBpm>
							<Value>147</Value>
						</HeartRateBpm>
					</Trackpoint>
					<Trackpoint>
						<Time>2569-05-25T13:07:21Z</Time>
						<HeartRateBpm>
							<Value>147</Value>
						</HeartRateBpm>
					</Trackpoint>
					<Trackpoint>
						<Time>2569-05-25T13:07:22Z</Time>
						<HeartRateBpm>
							<Value>145</Value>
						</HeartRateBpm>
					</Trackpoint>
					<Trackpoint>
						<Time>2569-05-25T13:07:23Z</Time>
						<HeartRateBpm>
							<Value>145</Value>
						</HeartRateBpm>
					</Trackpoint>
					<Trackpoint>
						<Time>2569-05-25T13:07:24Z</Time>
						<HeartRateBpm>
							<Value>148</Value>
						</HeartRateBpm>
					</Trackpoint>
					<Trackpoint>
						<Time>2569-05-25T13:07:25Z</Time>
						<HeartRateBpm>
							<Value>147</Value>
						</HeartRateBpm>
					</Trackpoint>
					<Trackpoint>
						<Time>2569-05-25T13:07:26Z</Time>
						<HeartRateBpm>
							<Value>147</Value>
						</HeartRateBpm>
					</Trackpoint>
					<Trackpoint>
						<Time>2569-05-25T13:07:27Z</Time>
						<HeartRateBpm>
							<Value>148</Value>
						</HeartRateBpm>
					</Trackpoint>
					<Trackpoint>
						<Time>2569-05-25T13:07:28Z</Time>
						<HeartRateBpm>
							<Value>147</Value>
						</HeartRateBpm>
					</Trackpoint>
					<Trackpoint>
						<Time>2569-05-25T13:07:29Z</Time>
						<HeartRateBpm>
							<Value>147</Value>
						</HeartRateBpm>
					</Trackpoint>
					<Trackpoint>
						<Time>2569-05-25T13:07:30Z</Time>
						<HeartRateBpm>
							<Value>147</Value>
						</HeartRateBpm>
					</Trackpoint>
					<Trackpoint>
						<Time>2569-05-25T13:07:31Z</Time>
						<HeartRateBpm>
							<Value>147</Value>
						</HeartRateBpm>
					</Trackpoint>
					<Trackpoint>
						<Time>2569-05-25T13:07:32Z</Time>
						<HeartRateBpm>
							<Value>146</Value>
						</HeartRateBpm>
					</Trackpoint>
					<Trackpoint>
						<Time>2569-05-25T13:07:33Z</Time>
						<HeartRateBpm>
							<Value>146</Value>
						</HeartRateBpm>
					</Trackpoint>
					<Trackpoint>
						<Time>2569-05-25T13:07:34Z</Time>
						<HeartRateBpm>
							<Value>147</Value>
						</HeartRateBpm>
					</Trackpoint>
					<Trackpoint>
						<Time>2569-05-25T13:07:35Z</Time>
						<HeartRateBpm>
							<Value>146</Value>
						</HeartRateBpm>
					</Trackpoint>
					<Trackpoint>
						<Time>2569-05-25T13:07:36Z</Time>
						<HeartRateBpm>
							<Value>146</Value>
						</HeartRateBpm>
					</Trackpoint>
					<Trackpoint>
						<Time>2569-05-25T13:07:37Z</Time>
						<HeartRateBpm>
							<Value>146</Value>
						</HeartRateBpm>
					</Trackpoint>
					<Trackpoint>
						<Time>2569-05-25T13:07:38Z</Time>
						<HeartRateBpm>
							<Value>147</Value>
						</HeartRateBpm>
					</Trackpoint>
					<Trackpoint>
						<Time>2569-05-25T13:07:39Z</Time>
						<HeartRateBpm>
							<Value>147</Value>
						</HeartRateBpm>
					</Trackpoint>
					<Trackpoint>
						<Time>2569-05-25T13:07:40Z</Time>
						<HeartRateBpm>
							<Value>147</Value>
						</HeartRateBpm>
					</Trackpoint>
					<Trackpoint>
						<Time>2569-05-25T13:07:41Z</Time>
						<HeartRateBpm>
							<Value>148</Value>
						</HeartRateBpm>
					</Trackpoint>
					<Trackpoint>
						<Time>2569-05-25T13:07:42Z</Time>
						<HeartRateBpm>
							<Value>148</Value>
						</HeartRateBpm>
					</Trackpoint>
					<Trackpoint>
						<Time>2569-05-25T13:07:43Z</Time>
						<HeartRateBpm>
							<Value>148</Value>
						</HeartRateBpm>
					</Trackpoint>
					<Trackpoint>
						<Time>2569-05-25T13:07:44Z</Time>
						<HeartRateBpm>
							<Value>149</Value>
						</HeartRateBpm>
					</Trackpoint>
					<Trackpoint>
						<Time>2569-05-25T13:07:45Z</Time>
						<HeartRateBpm>
							<Value>150</Value>
						</HeartRateBpm>
					</Trackpoint>
					<Trackpoint>
						<Time>2569-05-25T13:07:46Z</Time>
						<HeartRateBpm>
							<Value>150</Value>
						</HeartRateBpm>
					</Trackpoint>
					<Trackpoint>
						<Time>2569-05-25T13:07:47Z</Time>
						<HeartRateBpm>
							<Value>151</Value>
						</HeartRateBpm>
					</Trackpoint>
					<Trackpoint>
						<Time>2569-05-25T13:07:48Z</Time>
						<HeartRateBpm>
							<Value>151</Value>
						</HeartRateBpm>
					</Trackpoint>
					<Trackpoint>
						<Time>2569-05-25T13:07:49Z</Time>
						<HeartRateBpm>
							<Value>150</Value>
						</HeartRateBpm>
					</Trackpoint>
					<Trackpoint>
						<Time>2569-05-25T13:07:50Z</Time>
						<HeartRateBpm>
							<Value>151</Value>
						</HeartRateBpm>
					</Trackpoint>
					<Trackpoint>
						<Time>2569-05-25T13:07:51Z</Time>
						<HeartRateBpm>
							<Value>154</Value>
						</HeartRateBpm>
					</Trackpoint>
					<Trackpoint>
						<Time>2569-05-25T13:07:51Z</Time>
						<HeartRateBpm>
							<Value>154</Value>
						</HeartRateBpm>
					</Trackpoint>
					<Trackpoint>
						<Time>2569-05-25T13:07:52Z</Time>
						<HeartRateBpm>
							<Value>155</Value>
						</HeartRateBpm>
					</Trackpoint>
					<Trackpoint>
						<Time>2569-05-25T13:07:53Z</Time>
						<HeartRateBpm>
							<Value>155</Value>
						</HeartRateBpm>
					</Trackpoint>
					<Trackpoint>
						<Time>2569-05-25T13:07:54Z</Time>
						<HeartRateBpm>
							<Value>154</Value>
						</HeartRateBpm>
					</Trackpoint>
					<Trackpoint>
						<Time>2569-05-25T13:07:55Z</Time>
						<HeartRateBpm>
							<Value>154</Value>
						</HeartRateBpm>
					</Trackpoint>
					<Trackpoint>
						<Time>2569-05-25T13:07:56Z</Time>
						<HeartRateBpm>
							<Value>154</Value>
						</HeartRateBpm>
					</Trackpoint>
					<Trackpoint>
						<Time>2569-05-25T13:07:57Z</Time>
						<HeartRateBpm>
							<Value>155</Value>
						</HeartRateBpm>
					</Trackpoint>
					<Trackpoint>
						<Time>2569-05-25T13:07:59Z</Time>
						<HeartRateBpm>
							<Value>154</Value>
						</HeartRateBpm>
					</Trackpoint>
					<Trackpoint>
						<Time>2569-05-25T13:08:00Z</Time>
						<HeartRateBpm>
							<Value>154</Value>
						</HeartRateBpm>
					</Trackpoint>
					<Trackpoint>
						<Time>2569-05-25T13:08:01Z</Time>
						<HeartRateBpm>
							<Value>154</Value>
						</HeartRateBpm>
					</Trackpoint>
					<Trackpoint>
						<Time>2569-05-25T13:08:02Z</Time>
						<HeartRateBpm>
							<Value>154</Value>
						</HeartRateBpm>
					</Trackpoint>
					<Trackpoint>
						<Time>2569-05-25T13:08:03Z</Time>
						<HeartRateBpm>
							<Value>152</Value>
						</HeartRateBpm>
					</Trackpoint>
					<Trackpoint>
						<Time>2569-05-25T13:08:04Z</Time>
						<HeartRateBpm>
							<Value>152</Value>
						</HeartRateBpm>
					</Trackpoint>
					<Trackpoint>
						<Time>2569-05-25T13:08:05Z</Time>
						<HeartRateBpm>
							<Value>152</Value>
						</HeartRateBpm>
					</Trackpoint>
					<Trackpoint>
						<Time>2569-05-25T13:08:06Z</Time>
						<HeartRateBpm>
							<Value>152</Value>
						</HeartRateBpm>
					</Trackpoint>
					<Trackpoint>
						<Time>2569-05-25T13:08:07Z</Time>
						<HeartRateBpm>
							<Value>151</Value>
						</HeartRateBpm>
					</Trackpoint>
					<Trackpoint>
						<Time>2569-05-25T13:08:08Z</Time>
						<HeartRateBpm>
							<Value>150</Value>
						</HeartRateBpm>
					</Trackpoint>
					<Trackpoint>
						<Time>2569-05-25T13:08:09Z</Time>
						<HeartRateBpm>
							<Value>149</Value>
						</HeartRateBpm>
					</Trackpoint>
					<Trackpoint>
						<Time>2569-05-25T13:08:10Z</Time>
						<HeartRateBpm>
							<Value>148</Value>
						</HeartRateBpm>
					</Trackpoint>
					<Trackpoint>
						<Time>2569-05-25T13:08:11Z</Time>
						<HeartRateBpm>
							<Value>147</Value>
						</HeartRateBpm>
					</Trackpoint>
					<Trackpoint>
						<Time>2569-05-25T13:08:12Z</Time>
						<HeartRateBpm>
							<Value>146</Value>
						</HeartRateBpm>
					</Trackpoint>
					<Trackpoint>
						<Time>2569-05-25T13:08:13Z</Time>
						<HeartRateBpm>
							<Value>143</Value>
						</HeartRateBpm>
					</Trackpoint>
					<Trackpoint>
						<Time>2569-05-25T13:08:14Z</Time>
						<HeartRateBpm>
							<Value>141</Value>
						</HeartRateBpm>
					</Trackpoint>
					<Trackpoint>
						<Time>2569-05-25T13:08:15Z</Time>
						<HeartRateBpm>
							<Value>138</Value>
						</HeartRateBpm>
					</Trackpoint>
					<Trackpoint>
						<Time>2569-05-25T13:08:16Z</Time>
						<HeartRateBpm>
							<Value>137</Value>
						</HeartRateBpm>
					</Trackpoint>
					<Trackpoint>
						<Time>2569-05-25T13:08:17Z</Time>
						<HeartRateBpm>
							<Value>136</Value>
						</HeartRateBpm>
					</Trackpoint>
					<Trackpoint>
						<Time>2569-05-25T13:08:18Z</Time>
						<HeartRateBpm>
							<Value>136</Value>
						</HeartRateBpm>
					</Trackpoint>
					<Trackpoint>
						<Time>2569-05-25T13:08:19Z</Time>
						<HeartRateBpm>
							<Value>136</Value>
						</HeartRateBpm>
					</Trackpoint>
					<Trackpoint>
						<Time>2569-05-25T13:08:20Z</Time>
						<HeartRateBpm>
							<Value>136</Value>
						</HeartRateBpm>
					</Trackpoint>
					<Trackpoint>
						<Time>2569-05-25T13:08:21Z</Time>
						<HeartRateBpm>
							<Value>135</Value>
						</HeartRateBpm>
					</Trackpoint>
					<Trackpoint>
						<Time>2569-05-25T13:08:22Z</Time>
						<HeartRateBpm>
							<Value>135</Value>
						</HeartRateBpm>
					</Trackpoint>
					<Trackpoint>
						<Time>2569-05-25T13:08:23Z</Time>
						<HeartRateBpm>
							<Value>133</Value>
						</HeartRateBpm>
					</Trackpoint>
					<Trackpoint>
						<Time>2569-05-25T13:08:24Z</Time>
						<HeartRateBpm>
							<Value>133</Value>
						</HeartRateBpm>
					</Trackpoint>
					<Trackpoint>
						<Time>2569-05-25T13:08:24Z</Time>
						<HeartRateBpm>
							<Value>133</Value>
						</HeartRateBpm>
					</Trackpoint>
					<Trackpoint>
						<Time>2569-05-25T13:08:25Z</Time>
						<HeartRateBpm>
							<Value>134</Value>
						</HeartRateBpm>
					</Trackpoint>
					<Trackpoint>
						<Time>2569-05-25T13:08:26Z</Time>
						<HeartRateBpm>
							<Value>134</Value>
						</HeartRateBpm>
					</Trackpoint>
					<Trackpoint>
						<Time>2569-05-25T13:08:28Z</Time>
						<HeartRateBpm>
							<Value>135</Value>
						</HeartRateBpm>
					</Trackpoint>
					<Trackpoint>
						<Time>2569-05-25T13:08:29Z</Time>
						<HeartRateBpm>
							<Value>134</Value>
						</HeartRateBpm>
					</Trackpoint>
					<Trackpoint>
						<Time>2569-05-25T13:08:29Z</Time>
						<HeartRateBpm>
							<Value>134</Value>
						</HeartRateBpm>
					</Trackpoint>
					<Trackpoint>
						<Time>2569-05-25T13:08:30Z</Time>
						<HeartRateBpm>
							<Value>133</Value>
						</HeartRateBpm>
					</Trackpoint>
					<Trackpoint>
						<Time>2569-05-25T13:08:31Z</Time>
						<HeartRateBpm>
							<Value>132</Value>
						</HeartRateBpm>
					</Trackpoint>
					<Trackpoint>
						<Time>2569-05-25T13:08:32Z</Time>
						<HeartRateBpm>
							<Value>132</Value>
						</HeartRateBpm>
					</Trackpoint>
					<Trackpoint>
						<Time>2569-05-25T13:08:33Z</Time>
						<HeartRateBpm>
							<Value>131</Value>
						</HeartRateBpm>
					</Trackpoint>
					<Trackpoint>
						<Time>2569-05-25T13:08:34Z</Time>
						<HeartRateBpm>
							<Value>131</Value>
						</HeartRateBpm>
					</Trackpoint>
					<Trackpoint>
						<Time>2569-05-25T13:08:35Z</Time>
						<HeartRateBpm>
							<Value>131</Value>
						</HeartRateBpm>
					</Trackpoint>
					<Trackpoint>
						<Time>2569-05-25T13:08:36Z</Time>
						<HeartRateBpm>
							<Value>131</Value>
						</HeartRateBpm>
					</Trackpoint>
					<Trackpoint>
						<Time>2569-05-25T13:08:37Z</Time>
						<HeartRateBpm>
							<Value>130</Value>
						</HeartRateBpm>
					</Trackpoint>
					<Trackpoint>
						<Time>2569-05-25T13:08:39Z</Time>
						<HeartRateBpm>
							<Value>130</Value>
						</HeartRateBpm>
					</Trackpoint>
					<Trackpoint>
						<Time>2569-05-25T13:08:39Z</Time>
						<HeartRateBpm>
							<Value>130</Value>
						</HeartRateBpm>
					</Trackpoint>
					<Trackpoint>
						<Time>2569-05-25T13:08:41Z</Time>
						<HeartRateBpm>
							<Value>129</Value>
						</HeartRateBpm>
					</Trackpoint>
					<Trackpoint>
						<Time>2569-05-25T13:08:42Z</Time>
						<HeartRateBpm>
							<Value>128</Value>
						</HeartRateBpm>
					</Trackpoint>
					<Trackpoint>
						<Time>2569-05-25T13:08:43Z</Time>
						<HeartRateBpm>
							<Value>127</Value>
						</HeartRateBpm>
					</Trackpoint>
					<Trackpoint>
						<Time>2569-05-25T13:08:44Z</Time>
						<HeartRateBpm>
							<Value>127</Value>
						</HeartRateBpm>
					</Trackpoint>
					<Trackpoint>
						<Time>2569-05-25T13:08:45Z</Time>
						<HeartRateBpm>
							<Value>126</Value>
						</HeartRateBpm>
					</Trackpoint>
					<Trackpoint>
						<Time>2569-05-25T13:08:46Z</Time>
						<HeartRateBpm>
							<Value>125</Value>
						</HeartRateBpm>
					</Trackpoint>
					<Trackpoint>
						<Time>2569-05-25T13:08:47Z</Time>
						<HeartRateBpm>
							<Value>126</Value>
						</HeartRateBpm>
					</Trackpoint>
					<Trackpoint>
						<Time>2569-05-25T13:08:48Z</Time>
						<HeartRateBpm>
							<Value>126</Value>
						</HeartRateBpm>
					</Trackpoint>
					<Trackpoint>
						<Time>2569-05-25T13:08:49Z</Time>
						<HeartRateBpm>
							<Value>125</Value>
						</HeartRateBpm>
					</Trackpoint>
					<Trackpoint>
						<Time>2569-05-25T13:08:50Z</Time>
						<HeartRateBpm>
							<Value>124</Value>
						</HeartRateBpm>
					</Trackpoint>
					<Trackpoint>
						<Time>2569-05-25T13:08:51Z</Time>
						<HeartRateBpm>
							<Value>123</Value>
						</HeartRateBpm>
					</Trackpoint>
					<Trackpoint>
						<Time>2569-05-25T13:08:52Z</Time>
						<HeartRateBpm>
							<Value>122</Value>
						</HeartRateBpm>
					</Trackpoint>
					<Trackpoint>
						<Time>2569-05-25T13:08:53Z</Time>
						<HeartRateBpm>
							<Value>121</Value>
						</HeartRateBpm>
					</Trackpoint>
					<Trackpoint>
						<Time>2569-05-25T13:08:54Z</Time>
						<HeartRateBpm>
							<Value>120</Value>
						</HeartRateBpm>
					</Trackpoint>
					<Trackpoint>
						<Time>2569-05-25T13:08:55Z</Time>
						<HeartRateBpm>
							<Value>120</Value>
						</HeartRateBpm>
					</Trackpoint>
					<Trackpoint>
						<Time>2569-05-25T13:08:56Z</Time>
						<HeartRateBpm>
							<Value>120</Value>
						</HeartRateBpm>
					</Trackpoint>
					<Trackpoint>
						<Time>2569-05-25T13:08:57Z</Time>
						<HeartRateBpm>
							<Value>119</Value>
						</HeartRateBpm>
					</Trackpoint>
					<Trackpoint>
						<Time>2569-05-25T13:08:57Z</Time>
						<HeartRateBpm>
							<Value>119</Value>
						</HeartRateBpm>
					</Trackpoint>
					<Trackpoint>
						<Time>2569-05-25T13:08:58Z</Time>
						<HeartRateBpm>
							<Value>119</Value>
						</HeartRateBpm>
					</Trackpoint>
					<Trackpoint>
						<Time>2569-05-25T13:09:00Z</Time>
						<HeartRateBpm>
							<Value>119</Value>
						</HeartRateBpm>
					</Trackpoint>
					<Trackpoint>
						<Time>2569-05-25T13:09:01Z</Time>
						<HeartRateBpm>
							<Value>118</Value>
						</HeartRateBpm>
					</Trackpoint>
					<Trackpoint>
						<Time>2569-05-25T13:09:02Z</Time>
						<HeartRateBpm>
							<Value>118</Value>
						</HeartRateBpm>
					</Trackpoint>
					<Trackpoint>
						<Time>2569-05-25T13:09:03Z</Time>
						<HeartRateBpm>
							<Value>117</Value>
						</HeartRateBpm>
					</Trackpoint>
					<Trackpoint>
						<Time>2569-05-25T13:09:04Z</Time>
						<HeartRateBpm>
							<Value>116</Value>
						</HeartRateBpm>
					</Trackpoint>
					<Trackpoint>
						<Time>2569-05-25T13:09:05Z</Time>
						<HeartRateBpm>
							<Value>117</Value>
						</HeartRateBpm>
					</Trackpoint>
					<Trackpoint>
						<Time>2569-05-25T13:09:06Z</Time>
						<HeartRateBpm>
							<Value>117</Value>
						</HeartRateBpm>
					</Trackpoint>
					<Trackpoint>
						<Time>2569-05-25T13:09:07Z</Time>
						<HeartRateBpm>
							<Value>118</Value>
						</HeartRateBpm>
					</Trackpoint>
					<Trackpoint>
						<Time>2569-05-25T13:09:08Z</Time>
						<HeartRateBpm>
							<Value>119</Value>
						</HeartRateBpm>
					</Trackpoint>
					<Trackpoint>
						<Time>2569-05-25T13:09:09Z</Time>
						<HeartRateBpm>
							<Value>119</Value>
						</HeartRateBpm>
					</Trackpoint>
					<Trackpoint>
						<Time>2569-05-25T13:09:10Z</Time>
						<HeartRateBpm>
							<Value>120</Value>
						</HeartRateBpm>
					</Trackpoint>
					<Trackpoint>
						<Time>2569-05-25T13:09:11Z</Time>
						<HeartRateBpm>
							<Value>121</Value>
						</HeartRateBpm>
					</Trackpoint>
					<Trackpoint>
						<Time>2569-05-25T13:09:12Z</Time>
						<HeartRateBpm>
							<Value>120</Value>
						</HeartRateBpm>
					</Trackpoint>
					<Trackpoint>
						<Time>2569-05-25T13:09:13Z</Time>
						<HeartRateBpm>
							<Value>120</Value>
						</HeartRateBpm>
					</Trackpoint>
					<Trackpoint>
						<Time>2569-05-25T13:09:14Z</Time>
						<HeartRateBpm>
							<Value>120</Value>
						</HeartRateBpm>
					</Trackpoint>
					<Trackpoint>
						<Time>2569-05-25T13:09:15Z</Time>
						<HeartRateBpm>
							<Value>119</Value>
						</HeartRateBpm>
					</Trackpoint>
					<Trackpoint>
						<Time>2569-05-25T13:09:16Z</Time>
						<HeartRateBpm>
							<Value>119</Value>
						</HeartRateBpm>
					</Trackpoint>
					<Trackpoint>
						<Time>2569-05-25T13:09:17Z</Time>
						<HeartRateBpm>
							<Value>118</Value>
						</HeartRateBpm>
					</Trackpoint>
					<Trackpoint>
						<Time>2569-05-25T13:09:18Z</Time>
						<HeartRateBpm>
							<Value>119</Value>
						</HeartRateBpm>
					</Trackpoint>
					<Trackpoint>
						<Time>2569-05-25T13:09:19Z</Time>
						<HeartRateBpm>
							<Value>118</Value>
						</HeartRateBpm>
					</Trackpoint>
					<Trackpoint>
						<Time>2569-05-25T13:09:20Z</Time>
						<HeartRateBpm>
							<Value>119</Value>
						</HeartRateBpm>
					</Trackpoint>
					<Trackpoint>
						<Time>2569-05-25T13:09:21Z</Time>
						<HeartRateBpm>
							<Value>121</Value>
						</HeartRateBpm>
					</Trackpoint>
					<Trackpoint>
						<Time>2569-05-25T13:09:22Z</Time>
						<HeartRateBpm>
							<Value>121</Value>
						</HeartRateBpm>
					</Trackpoint>
					<Trackpoint>
						<Time>2569-05-25T13:09:23Z</Time>
						<HeartRateBpm>
							<Value>124</Value>
						</HeartRateBpm>
					</Trackpoint>
					<Trackpoint>
						<Time>2569-05-25T13:09:24Z</Time>
						<HeartRateBpm>
							<Value>126</Value>
						</HeartRateBpm>
					</Trackpoint>
					<Trackpoint>
						<Time>2569-05-25T13:09:25Z</Time>
						<HeartRateBpm>
							<Value>127</Value>
						</HeartRateBpm>
					</Trackpoint>
					<Trackpoint>
						<Time>2569-05-25T13:09:26Z</Time>
						<HeartRateBpm>
							<Value>127</Value>
						</HeartRateBpm>
					</Trackpoint>
					<Trackpoint>
						<Time>2569-05-25T13:09:27Z</Time>
						<HeartRateBpm>
							<Value>127</Value>
						</HeartRateBpm>
					</Trackpoint>
					<Trackpoint>
						<Time>2569-05-25T13:09:28Z</Time>
						<HeartRateBpm>
							<Value>129</Value>
						</HeartRateBpm>
					</Trackpoint>
					<Trackpoint>
						<Time>2569-05-25T13:09:29Z</Time>
						<HeartRateBpm>
							<Value>130</Value>
						</HeartRateBpm>
					</Trackpoint>
					<Trackpoint>
						<Time>2569-05-25T13:09:30Z</Time>
						<HeartRateBpm>
							<Value>133</Value>
						</HeartRateBpm>
					</Trackpoint>
					<Trackpoint>
						<Time>2569-05-25T13:09:30Z</Time>
						<HeartRateBpm>
							<Value>133</Value>
						</HeartRateBpm>
					</Trackpoint>
					<Trackpoint>
						<Time>2569-05-25T13:09:31Z</Time>
						<HeartRateBpm>
							<Value>134</Value>
						</HeartRateBpm>
					</Trackpoint>
					<Trackpoint>
						<Time>2569-05-25T13:09:32Z</Time>
						<HeartRateBpm>
							<Value>134</Value>
						</HeartRateBpm>
					</Trackpoint>
					<Trackpoint>
						<Time>2569-05-25T13:09:33Z</Time>
						<HeartRateBpm>
							<Value>134</Value>
						</HeartRateBpm>
					</Trackpoint>
					<Trackpoint>
						<Time>2569-05-25T13:09:34Z</Time>
						<HeartRateBpm>
							<Value>134</Value>
						</HeartRateBpm>
					</Trackpoint>
					<Trackpoint>
						<Time>2569-05-25T13:09:36Z</Time>
						<HeartRateBpm>
							<Value>135</Value>
						</HeartRateBpm>
					</Trackpoint>
					<Trackpoint>
						<Time>2569-05-25T13:09:37Z</Time>
						<HeartRateBpm>
							<Value>137</Value>
						</HeartRateBpm>
					</Trackpoint>
					<Trackpoint>
						<Time>2569-05-25T13:09:38Z</Time>
						<HeartRateBpm>
							<Value>135</Value>
						</HeartRateBpm>
					</Trackpoint>
					<Trackpoint>
						<Time>2569-05-25T13:09:39Z</Time>
						<HeartRateBpm>
							<Value>134</Value>
						</HeartRateBpm>
					</Trackpoint>
					<Trackpoint>
						<Time>2569-05-25T13:09:40Z</Time>
						<HeartRateBpm>
							<Value>137</Value>
						</HeartRateBpm>
					</Trackpoint>
					<Trackpoint>
						<Time>2569-05-25T13:09:41Z</Time>
						<HeartRateBpm>
							<Value>138</Value>
						</HeartRateBpm>
					</Trackpoint>
					<Trackpoint>
						<Time>2569-05-25T13:09:42Z</Time>
						<HeartRateBpm>
							<Value>140</Value>
						</HeartRateBpm>
					</Trackpoint>
					<Trackpoint>
						<Time>2569-05-25T13:09:43Z</Time>
						<HeartRateBpm>
							<Value>138</Value>
						</HeartRateBpm>
					</Trackpoint>
					<Trackpoint>
						<Time>2569-05-25T13:09:44Z</Time>
						<HeartRateBpm>
							<Value>137</Value>
						</HeartRateBpm>
					</Trackpoint>
					<Trackpoint>
						<Time>2569-05-25T13:09:45Z</Time>
						<HeartRateBpm>
							<Value>136</Value>
						</HeartRateBpm>
					</Trackpoint>
					<Trackpoint>
						<Time>2569-05-25T13:09:46Z</Time>
						<HeartRateBpm>
							<Value>136</Value>
						</HeartRateBpm>
					</Trackpoint>
					<Trackpoint>
						<Time>2569-05-25T13:09:47Z</Time>
						<HeartRateBpm>
							<Value>136</Value>
						</HeartRateBpm>
					</Trackpoint>
					<Trackpoint>
						<Time>2569-05-25T13:09:48Z</Time>
						<HeartRateBpm>
							<Value>137</Value>
						</HeartRateBpm>
					</Trackpoint>
					<Trackpoint>
						<Time>2569-05-25T13:09:49Z</Time>
						<HeartRateBpm>
							<Value>137</Value>
						</HeartRateBpm>
					</Trackpoint>
					<Trackpoint>
						<Time>2569-05-25T13:09:50Z</Time>
						<HeartRateBpm>
							<Value>138</Value>
						</HeartRateBpm>
					</Trackpoint>
					<Trackpoint>
						<Time>2569-05-25T13:09:51Z</Time>
						<HeartRateBpm>
							<Value>139</Value>
						</HeartRateBpm>
					</Trackpoint>
					<Trackpoint>
						<Time>2569-05-25T13:09:52Z</Time>
						<HeartRateBpm>
							<Value>140</Value>
						</HeartRateBpm>
					</Trackpoint>
					<Trackpoint>
						<Time>2569-05-25T13:09:53Z</Time>
						<HeartRateBpm>
							<Value>141</Value>
						</HeartRateBpm>
					</Trackpoint>
					<Trackpoint>
						<Time>2569-05-25T13:09:54Z</Time>
						<HeartRateBpm>
							<Value>142</Value>
						</HeartRateBpm>
					</Trackpoint>
					<Trackpoint>
						<Time>2569-05-25T13:09:55Z</Time>
						<HeartRateBpm>
							<Value>143</Value>
						</HeartRateBpm>
					</Trackpoint>
					<Trackpoint>
						<Time>2569-05-25T13:09:56Z</Time>
						<HeartRateBpm>
							<Value>144</Value>
						</HeartRateBpm>
					</Trackpoint>
					<Trackpoint>
						<Time>2569-05-25T13:09:57Z</Time>
						<HeartRateBpm>
							<Value>145</Value>
						</HeartRateBpm>
					</Trackpoint>
					<Trackpoint>
						<Time>2569-05-25T13:09:58Z</Time>
						<HeartRateBpm>
							<Value>145</Value>
						</HeartRateBpm>
					</Trackpoint>
					<Trackpoint>
						<Time>2569-05-25T13:09:59Z</Time>
						<HeartRateBpm>
							<Value>144</Value>
						</HeartRateBpm>
					</Trackpoint>
					<Trackpoint>
						<Time>2569-05-25T13:10:00Z</Time>
						<HeartRateBpm>
							<Value>145</Value>
						</HeartRateBpm>
					</Trackpoint>
					<Trackpoint>
						<Time>2569-05-25T13:10:01Z</Time>
						<HeartRateBpm>
							<Value>143</Value>
						</HeartRateBpm>
					</Trackpoint>
					<Trackpoint>
						<Time>2569-05-25T13:10:02Z</Time>
						<HeartRateBpm>
							<Value>142</Value>
						</HeartRateBpm>
					</Trackpoint>
					<Trackpoint>
						<Time>2569-05-25T13:10:03Z</Time>
						<HeartRateBpm>
							<Value>141</Value>
						</HeartRateBpm>
					</Trackpoint>
					<Trackpoint>
						<Time>2569-05-25T13:10:04Z</Time>
						<HeartRateBpm>
							<Value>140</Value>
						</HeartRateBpm>
					</Trackpoint>
					<Trackpoint>
						<Time>2569-05-25T13:10:05Z</Time>
						<HeartRateBpm>
							<Value>139</Value>
						</HeartRateBpm>
					</Trackpoint>
					<Trackpoint>
						<Time>2569-05-25T13:10:06Z</Time>
						<HeartRateBpm>
							<Value>139</Value>
						</HeartRateBpm>
					</Trackpoint>
					<Trackpoint>
						<Time>2569-05-25T13:10:07Z</Time>
						<HeartRateBpm>
							<Value>138</Value>
						</HeartRateBpm>
					</Trackpoint>
					<Trackpoint>
						<Time>2569-05-25T13:10:08Z</Time>
						<HeartRateBpm>
							<Value>139</Value>
						</HeartRateBpm>
					</Trackpoint>
					<Trackpoint>
						<Time>2569-05-25T13:10:09Z</Time>
						<HeartRateBpm>
							<Value>139</Value>
						</HeartRateBpm>
					</Trackpoint>
					<Trackpoint>
						<Time>2569-05-25T13:10:10Z</Time>
						<HeartRateBpm>
							<Value>139</Value>
						</HeartRateBpm>
					</Trackpoint>
					<Trackpoint>
						<Time>2569-05-25T13:10:11Z</Time>
						<HeartRateBpm>
							<Value>139</Value>
						</HeartRateBpm>
					</Trackpoint>
					<Trackpoint>
						<Time>2569-05-25T13:10:12Z</Time>
						<HeartRateBpm>
							<Value>139</Value>
						</HeartRateBpm>
					</Trackpoint>
					<Trackpoint>
						<Time>2569-05-25T13:10:13Z</Time>
						<HeartRateBpm>
							<Value>139</Value>
						</HeartRateBpm>
					</Trackpoint>
					<Trackpoint>
						<Time>2569-05-25T13:10:14Z</Time>
						<HeartRateBpm>
							<Value>140</Value>
						</HeartRateBpm>
					</Trackpoint>
					<Trackpoint>
						<Time>2569-05-25T13:10:15Z</Time>
						<HeartRateBpm>
							<Value>141</Value>
						</HeartRateBpm>
					</Trackpoint>
					<Trackpoint>
						<Time>2569-05-25T13:10:16Z</Time>
						<HeartRateBpm>
							<Value>139</Value>
						</HeartRateBpm>
					</Trackpoint>
					<Trackpoint>
						<Time>2569-05-25T13:10:17Z</Time>
						<HeartRateBpm>
							<Value>140</Value>
						</HeartRateBpm>
					</Trackpoint>
					<Trackpoint>
						<Time>2569-05-25T13:10:18Z</Time>
						<HeartRateBpm>
							<Value>142</Value>
						</HeartRateBpm>
					</Trackpoint>
					<Trackpoint>
						<Time>2569-05-25T13:10:19Z</Time>
						<HeartRateBpm>
							<Value>144</Value>
						</HeartRateBpm>
					</Trackpoint>
					<Trackpoint>
						<Time>2569-05-25T13:10:20Z</Time>
						<HeartRateBpm>
							<Value>144</Value>
						</HeartRateBpm>
					</Trackpoint>
					<Trackpoint>
						<Time>2569-05-25T13:10:21Z</Time>
						<HeartRateBpm>
							<Value>144</Value>
						</HeartRateBpm>
					</Trackpoint>
					<Trackpoint>
						<Time>2569-05-25T13:10:22Z</Time>
						<HeartRateBpm>
							<Value>144</Value>
						</HeartRateBpm>
					</Trackpoint>
					<Trackpoint>
						<Time>2569-05-25T13:10:23Z</Time>
						<HeartRateBpm>
							<Value>146</Value>
						</HeartRateBpm>
					</Trackpoint>
					<Trackpoint>
						<Time>2569-05-25T13:10:24Z</Time>
						<HeartRateBpm>
							<Value>147</Value>
						</HeartRateBpm>
					</Trackpoint>
					<Trackpoint>
						<Time>2569-05-25T13:10:25Z</Time>
						<HeartRateBpm>
							<Value>148</Value>
						</HeartRateBpm>
					</Trackpoint>
					<Trackpoint>
						<Time>2569-05-25T13:10:26Z</Time>
						<HeartRateBpm>
							<Value>150</Value>
						</HeartRateBpm>
					</Trackpoint>
					<Trackpoint>
						<Time>2569-05-25T13:10:27Z</Time>
						<HeartRateBpm>
							<Value>150</Value>
						</HeartRateBpm>
					</Trackpoint>
					<Trackpoint>
						<Time>2569-05-25T13:10:28Z</Time>
						<HeartRateBpm>
							<Value>151</Value>
						</HeartRateBpm>
					</Trackpoint>
					<Trackpoint>
						<Time>2569-05-25T13:10:29Z</Time>
						<HeartRateBpm>
							<Value>153</Value>
						</HeartRateBpm>
					</Trackpoint>
					<Trackpoint>
						<Time>2569-05-25T13:10:30Z</Time>
						<HeartRateBpm>
							<Value>153</Value>
						</HeartRateBpm>
					</Trackpoint>
					<Trackpoint>
						<Time>2569-05-25T13:10:31Z</Time>
						<HeartRateBpm>
							<Value>155</Value>
						</HeartRateBpm>
					</Trackpoint>
					<Trackpoint>
						<Time>2569-05-25T13:10:32Z</Time>
						<HeartRateBpm>
							<Value>156</Value>
						</HeartRateBpm>
					</Trackpoint>
					<Trackpoint>
						<Time>2569-05-25T13:10:33Z</Time>
						<HeartRateBpm>
							<Value>156</Value>
						</HeartRateBpm>
					</Trackpoint>
					<Trackpoint>
						<Time>2569-05-25T13:10:34Z</Time>
						<HeartRateBpm>
							<Value>156</Value>
						</HeartRateBpm>
					</Trackpoint>
					<Trackpoint>
						<Time>2569-05-25T13:10:35Z</Time>
						<HeartRateBpm>
							<Value>155</Value>
						</HeartRateBpm>
					</Trackpoint>
					<Trackpoint>
						<Time>2569-05-25T13:10:36Z</Time>
						<HeartRateBpm>
							<Value>154</Value>
						</HeartRateBpm>
					</Trackpoint>
					<Trackpoint>
						<Time>2569-05-25T13:10:37Z</Time>
						<HeartRateBpm>
							<Value>153</Value>
						</HeartRateBpm>
					</Trackpoint>
					<Trackpoint>
						<Time>2569-05-25T13:10:38Z</Time>
						<HeartRateBpm>
							<Value>153</Value>
						</HeartRateBpm>
					</Trackpoint>
					<Trackpoint>
						<Time>2569-05-25T13:10:39Z</Time>
						<HeartRateBpm>
							<Value>152</Value>
						</HeartRateBpm>
					</Trackpoint>
					<Trackpoint>
						<Time>2569-05-25T13:10:40Z</Time>
						<HeartRateBpm>
							<Value>152</Value>
						</HeartRateBpm>
					</Trackpoint>
					<Trackpoint>
						<Time>2569-05-25T13:10:41Z</Time>
						<HeartRateBpm>
							<Value>152</Value>
						</HeartRateBpm>
					</Trackpoint>
					<Trackpoint>
						<Time>2569-05-25T13:10:42Z</Time>
						<HeartRateBpm>
							<Value>152</Value>
						</HeartRateBpm>
					</Trackpoint>
					<Trackpoint>
						<Time>2569-05-25T13:10:43Z</Time>
						<HeartRateBpm>
							<Value>150</Value>
						</HeartRateBpm>
					</Trackpoint>
					<Trackpoint>
						<Time>2569-05-25T13:10:44Z</Time>
						<HeartRateBpm>
							<Value>150</Value>
						</HeartRateBpm>
					</Trackpoint>
					<Trackpoint>
						<Time>2569-05-25T13:10:45Z</Time>
						<HeartRateBpm>
							<Value>151</Value>
						</HeartRateBpm>
					</Trackpoint>
					<Trackpoint>
						<Time>2569-05-25T13:10:46Z</Time>
						<HeartRateBpm>
							<Value>151</Value>
						</HeartRateBpm>
					</Trackpoint>
					<Trackpoint>
						<Time>2569-05-25T13:10:47Z</Time>
						<HeartRateBpm>
							<Value>152</Value>
						</HeartRateBpm>
					</Trackpoint>
					<Trackpoint>
						<Time>2569-05-25T13:10:48Z</Time>
						<HeartRateBpm>
							<Value>152</Value>
						</HeartRateBpm>
					</Trackpoint>
					<Trackpoint>
						<Time>2569-05-25T13:10:49Z</Time>
						<HeartRateBpm>
							<Value>153</Value>
						</HeartRateBpm>
					</Trackpoint>
					<Trackpoint>
						<Time>2569-05-25T13:10:50Z</Time>
						<HeartRateBpm>
							<Value>153</Value>
						</HeartRateBpm>
					</Trackpoint>
					<Trackpoint>
						<Time>2569-05-25T13:10:51Z</Time>
						<HeartRateBpm>
							<Value>151</Value>
						</HeartRateBpm>
					</Trackpoint>
					<Trackpoint>
						<Time>2569-05-25T13:10:52Z</Time>
						<HeartRateBpm>
							<Value>152</Value>
						</HeartRateBpm>
					</Trackpoint>
					<Trackpoint>
						<Time>2569-05-25T13:10:53Z</Time>
						<HeartRateBpm>
							<Value>153</Value>
						</HeartRateBpm>
					</Trackpoint>
					<Trackpoint>
						<Time>2569-05-25T13:10:54Z</Time>
						<HeartRateBpm>
							<Value>155</Value>
						</HeartRateBpm>
					</Trackpoint>
					<Trackpoint>
						<Time>2569-05-25T13:10:55Z</Time>
						<HeartRateBpm>
							<Value>156</Value>
						</HeartRateBpm>
					</Trackpoint>
					<Trackpoint>
						<Time>2569-05-25T13:10:56Z</Time>
						<HeartRateBpm>
							<Value>156</Value>
						</HeartRateBpm>
					</Trackpoint>
					<Trackpoint>
						<Time>2569-05-25T13:10:57Z</Time>
						<HeartRateBpm>
							<Value>157</Value>
						</HeartRateBpm>
					</Trackpoint>
					<Trackpoint>
						<Time>2569-05-25T13:10:58Z</Time>
						<HeartRateBpm>
							<Value>160</Value>
						</HeartRateBpm>
					</Trackpoint>
					<Trackpoint>
						<Time>2569-05-25T13:10:59Z</Time>
						<HeartRateBpm>
							<Value>161</Value>
						</HeartRateBpm>
					</Trackpoint>
					<Trackpoint>
						<Time>2569-05-25T13:11:00Z</Time>
						<HeartRateBpm>
							<Value>163</Value>
						</HeartRateBpm>
					</Trackpoint>
					<Trackpoint>
						<Time>2569-05-25T13:11:01Z</Time>
						<HeartRateBpm>
							<Value>162</Value>
						</HeartRateBpm>
					</Trackpoint>
					<Trackpoint>
						<Time>2569-05-25T13:11:02Z</Time>
						<HeartRateBpm>
							<Value>163</Value>
						</HeartRateBpm>
					</Trackpoint>
					<Trackpoint>
						<Time>2569-05-25T13:11:03Z</Time>
						<HeartRateBpm>
							<Value>163</Value>
						</HeartRateBpm>
					</Trackpoint>
					<Trackpoint>
						<Time>2569-05-25T13:11:04Z</Time>
						<HeartRateBpm>
							<Value>162</Value>
						</HeartRateBpm>
					</Trackpoint>
					<Trackpoint>
						<Time>2569-05-25T13:11:05Z</Time>
						<HeartRateBpm>
							<Value>160</Value>
						</HeartRateBpm>
					</Trackpoint>
					<Trackpoint>
						<Time>2569-05-25T13:11:06Z</Time>
						<HeartRateBpm>
							<Value>160</Value>
						</HeartRateBpm>
					</Trackpoint>
					<Trackpoint>
						<Time>2569-05-25T13:11:07Z</Time>
						<HeartRateBpm>
							<Value>160</Value>
						</HeartRateBpm>
					</Trackpoint>
					<Trackpoint>
						<Time>2569-05-25T13:11:08Z</Time>
						<HeartRateBpm>
							<Value>160</Value>
						</HeartRateBpm>
					</Trackpoint>
					<Trackpoint>
						<Time>2569-05-25T13:11:09Z</Time>
						<HeartRateBpm>
							<Value>160</Value>
						</HeartRateBpm>
					</Trackpoint>
					<Trackpoint>
						<Time>2569-05-25T13:11:10Z</Time>
						<HeartRateBpm>
							<Value>159</Value>
						</HeartRateBpm>
					</Trackpoint>
					<Trackpoint>
						<Time>2569-05-25T13:11:11Z</Time>
						<HeartRateBpm>
							<Value>159</Value>
						</HeartRateBpm>
					</Trackpoint>
					<Trackpoint>
						<Time>2569-05-25T13:11:12Z</Time>
						<HeartRateBpm>
							<Value>160</Value>
						</HeartRateBpm>
					</Trackpoint>
					<Trackpoint>
						<Time>2569-05-25T13:11:13Z</Time>
						<HeartRateBpm>
							<Value>160</Value>
						</HeartRateBpm>
					</Trackpoint>
					<Trackpoint>
						<Time>2569-05-25T13:11:14Z</Time>
						<HeartRateBpm>
							<Value>161</Value>
						</HeartRateBpm>
					</Trackpoint>
					<Trackpoint>
						<Time>2569-05-25T13:11:15Z</Time>
						<HeartRateBpm>
							<Value>161</Value>
						</HeartRateBpm>
					</Trackpoint>
					<Trackpoint>
						<Time>2569-05-25T13:11:16Z</Time>
						<HeartRateBpm>
							<Value>162</Value>
						</HeartRateBpm>
					</Trackpoint>
					<Trackpoint>
						<Time>2569-05-25T13:11:17Z</Time>
						<HeartRateBpm>
							<Value>162</Value>
						</HeartRateBpm>
					</Trackpoint>
					<Trackpoint>
						<Time>2569-05-25T13:11:18Z</Time>
						<HeartRateBpm>
							<Value>161</Value>
						</HeartRateBpm>
					</Trackpoint>
					<Trackpoint>
						<Time>2569-05-25T13:11:19Z</Time>
						<HeartRateBpm>
							<Value>162</Value>
						</HeartRateBpm>
					</Trackpoint>
					<Trackpoint>
						<Time>2569-05-25T13:11:20Z</Time>
						<HeartRateBpm>
							<Value>162</Value>
						</HeartRateBpm>
					</Trackpoint>
					<Trackpoint>
						<Time>2569-05-25T13:11:21Z</Time>
						<HeartRateBpm>
							<Value>164</Value>
						</HeartRateBpm>
					</Trackpoint>
					<Trackpoint>
						<Time>2569-05-25T13:11:22Z</Time>
						<HeartRateBpm>
							<Value>164</Value>
						</HeartRateBpm>
					</Trackpoint>
					<Trackpoint>
						<Time>2569-05-25T13:11:23Z</Time>
						<HeartRateBpm>
							<Value>164</Value>
						</HeartRateBpm>
					</Trackpoint>
					<Trackpoint>
						<Time>2569-05-25T13:11:24Z</Time>
						<HeartRateBpm>
							<Value>163</Value>
						</HeartRateBpm>
					</Trackpoint>
					<Trackpoint>
						<Time>2569-05-25T13:11:25Z</Time>
						<HeartRateBpm>
							<Value>163</Value>
						</HeartRateBpm>
					</Trackpoint>
					<Trackpoint>
						<Time>2569-05-25T13:11:26Z</Time>
						<HeartRateBpm>
							<Value>163</Value>
						</HeartRateBpm>
					</Trackpoint>
					<Trackpoint>
						<Time>2569-05-25T13:11:27Z</Time>
						<HeartRateBpm>
							<Value>164</Value>
						</HeartRateBpm>
					</Trackpoint>
					<Trackpoint>
						<Time>2569-05-25T13:11:28Z</Time>
						<HeartRateBpm>
							<Value>164</Value>
						</HeartRateBpm>
					</Trackpoint>
					<Trackpoint>
						<Time>2569-05-25T13:11:29Z</Time>
						<HeartRateBpm>
							<Value>163</Value>
						</HeartRateBpm>
					</Trackpoint>
					<Trackpoint>
						<Time>2569-05-25T13:11:30Z</Time>
						<HeartRateBpm>
							<Value>161</Value>
						</HeartRateBpm>
					</Trackpoint>
					<Trackpoint>
						<Time>2569-05-25T13:11:31Z</Time>
						<HeartRateBpm>
							<Value>160</Value>
						</HeartRateBpm>
					</Trackpoint>
					<Trackpoint>
						<Time>2569-05-25T13:11:32Z</Time>
						<HeartRateBpm>
							<Value>159</Value>
						</HeartRateBpm>
					</Trackpoint>
					<Trackpoint>
						<Time>2569-05-25T13:11:33Z</Time>
						<HeartRateBpm>
							<Value>160</Value>
						</HeartRateBpm>
					</Trackpoint>
					<Trackpoint>
						<Time>2569-05-25T13:11:34Z</Time>
						<HeartRateBpm>
							<Value>160</Value>
						</HeartRateBpm>
					</Trackpoint>
					<Trackpoint>
						<Time>2569-05-25T13:11:35Z</Time>
						<HeartRateBpm>
							<Value>161</Value>
						</HeartRateBpm>
					</Trackpoint>
					<Trackpoint>
						<Time>2569-05-25T13:11:36Z</Time>
						<HeartRateBpm>
							<Value>162</Value>
						</HeartRateBpm>
					</Trackpoint>
					<Trackpoint>
						<Time>2569-05-25T13:11:37Z</Time>
						<HeartRateBpm>
							<Value>162</Value>
						</HeartRateBpm>
					</Trackpoint>
					<Trackpoint>
						<Time>2569-05-25T13:11:38Z</Time>
						<HeartRateBpm>
							<Value>162</Value>
						</HeartRateBpm>
					</Trackpoint>
					<Trackpoint>
						<Time>2569-05-25T13:11:39Z</Time>
						<HeartRateBpm>
							<Value>163</Value>
						</HeartRateBpm>
					</Trackpoint>
					<Trackpoint>
						<Time>2569-05-25T13:11:40Z</Time>
						<HeartRateBpm>
							<Value>163</Value>
						</HeartRateBpm>
					</Trackpoint>
					<Trackpoint>
						<Time>2569-05-25T13:11:41Z</Time>
						<HeartRateBpm>
							<Value>163</Value>
						</HeartRateBpm>
					</Trackpoint>
					<Trackpoint>
						<Time>2569-05-25T13:11:42Z</Time>
						<HeartRateBpm>
							<Value>160</Value>
						</HeartRateBpm>
					</Trackpoint>
					<Trackpoint>
						<Time>2569-05-25T13:11:42Z</Time>
						<HeartRateBpm>
							<Value>160</Value>
						</HeartRateBpm>
					</Trackpoint>
					<Trackpoint>
						<Time>2569-05-25T13:11:44Z</Time>
						<HeartRateBpm>
							<Value>158</Value>
						</HeartRateBpm>
					</Trackpoint>
					<Trackpoint>
						<Time>2569-05-25T13:11:45Z</Time>
						<HeartRateBpm>
							<Value>157</Value>
						</HeartRateBpm>
					</Trackpoint>
					<Trackpoint>
						<Time>2569-05-25T13:11:46Z</Time>
						<HeartRateBpm>
							<Value>156</Value>
						</HeartRateBpm>
					</Trackpoint>
					<Trackpoint>
						<Time>2569-05-25T13:11:47Z</Time>
						<HeartRateBpm>
							<Value>156</Value>
						</HeartRateBpm>
					</Trackpoint>
					<Trackpoint>
						<Time>2569-05-25T13:11:48Z</Time>
						<HeartRateBpm>
							<Value>156</Value>
						</HeartRateBpm>
					</Trackpoint>
					<Trackpoint>
						<Time>2569-05-25T13:11:49Z</Time>
						<HeartRateBpm>
							<Value>155</Value>
						</HeartRateBpm>
					</Trackpoint>
					<Trackpoint>
						<Time>2569-05-25T13:11:50Z</Time>
						<HeartRateBpm>
							<Value>155</Value>
						</HeartRateBpm>
					</Trackpoint>
					<Trackpoint>
						<Time>2569-05-25T13:11:51Z</Time>
						<HeartRateBpm>
							<Value>155</Value>
						</HeartRateBpm>
					</Trackpoint>
					<Trackpoint>
						<Time>2569-05-25T13:11:52Z</Time>
						<HeartRateBpm>
							<Value>154</Value>
						</HeartRateBpm>
					</Trackpoint>
					<Trackpoint>
						<Time>2569-05-25T13:11:53Z</Time>
						<HeartRateBpm>
							<Value>153</Value>
						</HeartRateBpm>
					</Trackpoint>
					<Trackpoint>
						<Time>2569-05-25T13:11:54Z</Time>
						<HeartRateBpm>
							<Value>152</Value>
						</HeartRateBpm>
					</Trackpoint>
					<Trackpoint>
						<Time>2569-05-25T13:11:55Z</Time>
						<HeartRateBpm>
							<Value>152</Value>
						</HeartRateBpm>
					</Trackpoint>
					<Trackpoint>
						<Time>2569-05-25T13:11:56Z</Time>
						<HeartRateBpm>
							<Value>151</Value>
						</HeartRateBpm>
					</Trackpoint>
					<Trackpoint>
						<Time>2569-05-25T13:11:57Z</Time>
						<HeartRateBpm>
							<Value>151</Value>
						</HeartRateBpm>
					</Trackpoint>
					<Trackpoint>
						<Time>2569-05-25T13:11:58Z</Time>
						<HeartRateBpm>
							<Value>151</Value>
						</HeartRateBpm>
					</Trackpoint>
					<Trackpoint>
						<Time>2569-05-25T13:11:59Z</Time>
						<HeartRateBpm>
							<Value>152</Value>
						</HeartRateBpm>
					</Trackpoint>
					<Trackpoint>
						<Time>2569-05-25T13:12:00Z</Time>
						<HeartRateBpm>
							<Value>151</Value>
						</HeartRateBpm>
					</Trackpoint>
					<Trackpoint>
						<Time>2569-05-25T13:12:01Z</Time>
						<HeartRateBpm>
							<Value>151</Value>
						</HeartRateBpm>
					</Trackpoint>
					<Trackpoint>
						<Time>2569-05-25T13:12:02Z</Time>
						<HeartRateBpm>
							<Value>150</Value>
						</HeartRateBpm>
					</Trackpoint>
					<Trackpoint>
						<Time>2569-05-25T13:12:03Z</Time>
						<HeartRateBpm>
							<Value>150</Value>
						</HeartRateBpm>
					</Trackpoint>
					<Trackpoint>
						<Time>2569-05-25T13:12:04Z</Time>
						<HeartRateBpm>
							<Value>149</Value>
						</HeartRateBpm>
					</Trackpoint>
					<Trackpoint>
						<Time>2569-05-25T13:12:05Z</Time>
						<HeartRateBpm>
							<Value>149</Value>
						</HeartRateBpm>
					</Trackpoint>
					<Trackpoint>
						<Time>2569-05-25T13:12:06Z</Time>
						<HeartRateBpm>
							<Value>148</Value>
						</HeartRateBpm>
					</Trackpoint>
					<Trackpoint>
						<Time>2569-05-25T13:12:07Z</Time>
						<HeartRateBpm>
							<Value>147</Value>
						</HeartRateBpm>
					</Trackpoint>
					<Trackpoint>
						<Time>2569-05-25T13:12:08Z</Time>
						<HeartRateBpm>
							<Value>147</Value>
						</HeartRateBpm>
					</Trackpoint>
					<Trackpoint>
						<Time>2569-05-25T13:12:09Z</Time>
						<HeartRateBpm>
							<Value>146</Value>
						</HeartRateBpm>
					</Trackpoint>
					<Trackpoint>
						<Time>2569-05-25T13:12:10Z</Time>
						<HeartRateBpm>
							<Value>145</Value>
						</HeartRateBpm>
					</Trackpoint>
					<Trackpoint>
						<Time>2569-05-25T13:12:11Z</Time>
						<HeartRateBpm>
							<Value>144</Value>
						</HeartRateBpm>
					</Trackpoint>
					<Trackpoint>
						<Time>2569-05-25T13:12:12Z</Time>
						<HeartRateBpm>
							<Value>144</Value>
						</HeartRateBpm>
					</Trackpoint>
					<Trackpoint>
						<Time>2569-05-25T13:12:13Z</Time>
						<HeartRateBpm>
							<Value>143</Value>
						</HeartRateBpm>
					</Trackpoint>
					<Trackpoint>
						<Time>2569-05-25T13:12:14Z</Time>
						<HeartRateBpm>
							<Value>142</Value>
						</HeartRateBpm>
					</Trackpoint>
					<Trackpoint>
						<Time>2569-05-25T13:12:15Z</Time>
						<HeartRateBpm>
							<Value>141</Value>
						</HeartRateBpm>
					</Trackpoint>
					<Trackpoint>
						<Time>2569-05-25T13:12:15Z</Time>
						<HeartRateBpm>
							<Value>141</Value>
						</HeartRateBpm>
					</Trackpoint>
					<Trackpoint>
						<Time>2569-05-25T13:12:16Z</Time>
						<HeartRateBpm>
							<Value>140</Value>
						</HeartRateBpm>
					</Trackpoint>
					<Trackpoint>
						<Time>2569-05-25T13:12:17Z</Time>
						<HeartRateBpm>
							<Value>138</Value>
						</HeartRateBpm>
					</Trackpoint>
					<Trackpoint>
						<Time>2569-05-25T13:12:18Z</Time>
						<HeartRateBpm>
							<Value>137</Value>
						</HeartRateBpm>
					</Trackpoint>
					<Trackpoint>
						<Time>2569-05-25T13:12:19Z</Time>
						<HeartRateBpm>
							<Value>137</Value>
						</HeartRateBpm>
					</Trackpoint>
					<Trackpoint>
						<Time>2569-05-25T13:12:21Z</Time>
						<HeartRateBpm>
							<Value>134</Value>
						</HeartRateBpm>
					</Trackpoint>
					<Trackpoint>
						<Time>2569-05-25T13:12:21Z</Time>
						<HeartRateBpm>
							<Value>134</Value>
						</HeartRateBpm>
					</Trackpoint>
					<Trackpoint>
						<Time>2569-05-25T13:12:23Z</Time>
						<HeartRateBpm>
							<Value>134</Value>
						</HeartRateBpm>
					</Trackpoint>
					<Trackpoint>
						<Time>2569-05-25T13:12:24Z</Time>
						<HeartRateBpm>
							<Value>135</Value>
						</HeartRateBpm>
					</Trackpoint>
					<Trackpoint>
						<Time>2569-05-25T13:12:25Z</Time>
						<HeartRateBpm>
							<Value>134</Value>
						</HeartRateBpm>
					</Trackpoint>
					<Trackpoint>
						<Time>2569-05-25T13:12:26Z</Time>
						<HeartRateBpm>
							<Value>133</Value>
						</HeartRateBpm>
					</Trackpoint>
					<Trackpoint>
						<Time>2569-05-25T13:12:27Z</Time>
						<HeartRateBpm>
							<Value>133</Value>
						</HeartRateBpm>
					</Trackpoint>
					<Trackpoint>
						<Time>2569-05-25T13:12:28Z</Time>
						<HeartRateBpm>
							<Value>132</Value>
						</HeartRateBpm>
					</Trackpoint>
					<Trackpoint>
						<Time>2569-05-25T13:12:29Z</Time>
						<HeartRateBpm>
							<Value>132</Value>
						</HeartRateBpm>
					</Trackpoint>
					<Trackpoint>
						<Time>2569-05-25T13:12:30Z</Time>
						<HeartRateBpm>
							<Value>132</Value>
						</HeartRateBpm>
					</Trackpoint>
					<Trackpoint>
						<Time>2569-05-25T13:12:31Z</Time>
						<HeartRateBpm>
							<Value>132</Value>
						</HeartRateBpm>
					</Trackpoint>
					<Trackpoint>
						<Time>2569-05-25T13:12:32Z</Time>
						<HeartRateBpm>
							<Value>132</Value>
						</HeartRateBpm>
					</Trackpoint>
					<Trackpoint>
						<Time>2569-05-25T13:12:33Z</Time>
						<HeartRateBpm>
							<Value>131</Value>
						</HeartRateBpm>
					</Trackpoint>
					<Trackpoint>
						<Time>2569-05-25T13:12:34Z</Time>
						<HeartRateBpm>
							<Value>130</Value>
						</HeartRateBpm>
					</Trackpoint>
					<Trackpoint>
						<Time>2569-05-25T13:12:35Z</Time>
						<HeartRateBpm>
							<Value>128</Value>
						</HeartRateBpm>
					</Trackpoint>
					<Trackpoint>
						<Time>2569-05-25T13:12:36Z</Time>
						<HeartRateBpm>
							<Value>127</Value>
						</HeartRateBpm>
					</Trackpoint>
					<Trackpoint>
						<Time>2569-05-25T13:12:37Z</Time>
						<HeartRateBpm>
							<Value>126</Value>
						</HeartRateBpm>
					</Trackpoint>
					<Trackpoint>
						<Time>2569-05-25T13:12:38Z</Time>
						<HeartRateBpm>
							<Value>126</Value>
						</HeartRateBpm>
					</Trackpoint>
					<Trackpoint>
						<Time>2569-05-25T13:12:39Z</Time>
						<HeartRateBpm>
							<Value>125</Value>
						</HeartRateBpm>
					</Trackpoint>
					<Trackpoint>
						<Time>2569-05-25T13:12:40Z</Time>
						<HeartRateBpm>
							<Value>124</Value>
						</HeartRateBpm>
					</Trackpoint>
					<Trackpoint>
						<Time>2569-05-25T13:12:41Z</Time>
						<HeartRateBpm>
							<Value>122</Value>
						</HeartRateBpm>
					</Trackpoint>
					<Trackpoint>
						<Time>2569-05-25T13:12:42Z</Time>
						<HeartRateBpm>
							<Value>122</Value>
						</HeartRateBpm>
					</Trackpoint>
					<Trackpoint>
						<Time>2569-05-25T13:12:43Z</Time>
						<HeartRateBpm>
							<Value>121</Value>
						</HeartRateBpm>
					</Trackpoint>
					<Trackpoint>
						<Time>2569-05-25T13:12:44Z</Time>
						<HeartRateBpm>
							<Value>121</Value>
						</HeartRateBpm>
					</Trackpoint>
					<Trackpoint>
						<Time>2569-05-25T13:12:45Z</Time>
						<HeartRateBpm>
							<Value>122</Value>
						</HeartRateBpm>
					</Trackpoint>
					<Trackpoint>
						<Time>2569-05-25T13:12:46Z</Time>
						<HeartRateBpm>
							<Value>122</Value>
						</HeartRateBpm>
					</Trackpoint>
					<Trackpoint>
						<Time>2569-05-25T13:12:47Z</Time>
						<HeartRateBpm>
							<Value>121</Value>
						</HeartRateBpm>
					</Trackpoint>
					<Trackpoint>
						<Time>2569-05-25T13:12:49Z</Time>
						<HeartRateBpm>
							<Value>121</Value>
						</HeartRateBpm>
					</Trackpoint>
					<Trackpoint>
						<Time>2569-05-25T13:12:50Z</Time>
						<HeartRateBpm>
							<Value>120</Value>
						</HeartRateBpm>
					</Trackpoint>
					<Trackpoint>
						<Time>2569-05-25T13:12:50Z</Time>
						<HeartRateBpm>
							<Value>120</Value>
						</HeartRateBpm>
					</Trackpoint>
					<Trackpoint>
						<Time>2569-05-25T13:12:51Z</Time>
						<HeartRateBpm>
							<Value>120</Value>
						</HeartRateBpm>
					</Trackpoint>
					<Trackpoint>
						<Time>2569-05-25T13:12:52Z</Time>
						<HeartRateBpm>
							<Value>121</Value>
						</HeartRateBpm>
					</Trackpoint>
					<Trackpoint>
						<Time>2569-05-25T13:12:53Z</Time>
						<HeartRateBpm>
							<Value>124</Value>
						</HeartRateBpm>
					</Trackpoint>
					<Trackpoint>
						<Time>2569-05-25T13:12:54Z</Time>
						<HeartRateBpm>
							<Value>125</Value>
						</HeartRateBpm>
					</Trackpoint>
					<Trackpoint>
						<Time>2569-05-25T13:12:55Z</Time>
						<HeartRateBpm>
							<Value>126</Value>
						</HeartRateBpm>
					</Trackpoint>
					<Trackpoint>
						<Time>2569-05-25T13:12:56Z</Time>
						<HeartRateBpm>
							<Value>127</Value>
						</HeartRateBpm>
					</Trackpoint>
					<Trackpoint>
						<Time>2569-05-25T13:12:57Z</Time>
						<HeartRateBpm>
							<Value>127</Value>
						</HeartRateBpm>
					</Trackpoint>
					<Trackpoint>
						<Time>2569-05-25T13:12:58Z</Time>
						<HeartRateBpm>
							<Value>128</Value>
						</HeartRateBpm>
					</Trackpoint>
					<Trackpoint>
						<Time>2569-05-25T13:12:59Z</Time>
						<HeartRateBpm>
							<Value>129</Value>
						</HeartRateBpm>
					</Trackpoint>
					<Trackpoint>
						<Time>2569-05-25T13:13:00Z</Time>
						<HeartRateBpm>
							<Value>130</Value>
						</HeartRateBpm>
					</Trackpoint>
					<Trackpoint>
						<Time>2569-05-25T13:13:01Z</Time>
						<HeartRateBpm>
							<Value>130</Value>
						</HeartRateBpm>
					</Trackpoint>
					<Trackpoint>
						<Time>2569-05-25T13:13:02Z</Time>
						<HeartRateBpm>
							<Value>129</Value>
						</HeartRateBpm>
					</Trackpoint>
					<Trackpoint>
						<Time>2569-05-25T13:13:03Z</Time>
						<HeartRateBpm>
							<Value>129</Value>
						</HeartRateBpm>
					</Trackpoint>
					<Trackpoint>
						<Time>2569-05-25T13:13:04Z</Time>
						<HeartRateBpm>
							<Value>129</Value>
						</HeartRateBpm>
					</Trackpoint>
					<Trackpoint>
						<Time>2569-05-25T13:13:06Z</Time>
						<HeartRateBpm>
							<Value>129</Value>
						</HeartRateBpm>
					</Trackpoint>
					<Trackpoint>
						<Time>2569-05-25T13:13:07Z</Time>
						<HeartRateBpm>
							<Value>129</Value>
						</HeartRateBpm>
					</Trackpoint>
					<Trackpoint>
						<Time>2569-05-25T13:13:08Z</Time>
						<HeartRateBpm>
							<Value>129</Value>
						</HeartRateBpm>
					</Trackpoint>
					<Trackpoint>
						<Time>2569-05-25T13:13:09Z</Time>
						<HeartRateBpm>
							<Value>129</Value>
						</HeartRateBpm>
					</Trackpoint>
					<Trackpoint>
						<Time>2569-05-25T13:13:10Z</Time>
						<HeartRateBpm>
							<Value>130</Value>
						</HeartRateBpm>
					</Trackpoint>
					<Trackpoint>
						<Time>2569-05-25T13:13:11Z</Time>
						<HeartRateBpm>
							<Value>128</Value>
						</HeartRateBpm>
					</Trackpoint>
					<Trackpoint>
						<Time>2569-05-25T13:13:12Z</Time>
						<HeartRateBpm>
							<Value>127</Value>
						</HeartRateBpm>
					</Trackpoint>
					<Trackpoint>
						<Time>2569-05-25T13:13:13Z</Time>
						<HeartRateBpm>
							<Value>129</Value>
						</HeartRateBpm>
					</Trackpoint>
					<Trackpoint>
						<Time>2569-05-25T13:13:14Z</Time>
						<HeartRateBpm>
							<Value>129</Value>
						</HeartRateBpm>
					</Trackpoint>
					<Trackpoint>
						<Time>2569-05-25T13:13:15Z</Time>
						<HeartRateBpm>
							<Value>131</Value>
						</HeartRateBpm>
					</Trackpoint>
					<Trackpoint>
						<Time>2569-05-25T13:13:16Z</Time>
						<HeartRateBpm>
							<Value>131</Value>
						</HeartRateBpm>
					</Trackpoint>
					<Trackpoint>
						<Time>2569-05-25T13:13:17Z</Time>
						<HeartRateBpm>
							<Value>131</Value>
						</HeartRateBpm>
					</Trackpoint>
					<Trackpoint>
						<Time>2569-05-25T13:13:18Z</Time>
						<HeartRateBpm>
							<Value>132</Value>
						</HeartRateBpm>
					</Trackpoint>
					<Trackpoint>
						<Time>2569-05-25T13:13:19Z</Time>
						<HeartRateBpm>
							<Value>134</Value>
						</HeartRateBpm>
					</Trackpoint>
					<Trackpoint>
						<Time>2569-05-25T13:13:20Z</Time>
						<HeartRateBpm>
							<Value>136</Value>
						</HeartRateBpm>
					</Trackpoint>
					<Trackpoint>
						<Time>2569-05-25T13:13:21Z</Time>
						<HeartRateBpm>
							<Value>137</Value>
						</HeartRateBpm>
					</Trackpoint>
					<Trackpoint>
						<Time>2569-05-25T13:13:22Z</Time>
						<HeartRateBpm>
							<Value>139</Value>
						</HeartRateBpm>
					</Trackpoint>
					<Trackpoint>
						<Time>2569-05-25T13:13:22Z</Time>
						<HeartRateBpm>
							<Value>139</Value>
						</HeartRateBpm>
					</Trackpoint>
					<Trackpoint>
						<Time>2569-05-25T13:13:23Z</Time>
						<HeartRateBpm>
							<Value>139</Value>
						</HeartRateBpm>
					</Trackpoint>
					<Trackpoint>
						<Time>2569-05-25T13:13:25Z</Time>
						<HeartRateBpm>
							<Value>138</Value>
						</HeartRateBpm>
					</Trackpoint>
					<Trackpoint>
						<Time>2569-05-25T13:13:26Z</Time>
						<HeartRateBpm>
							<Value>137</Value>
						</HeartRateBpm>
					</Trackpoint>
					<Trackpoint>
						<Time>2569-05-25T13:13:27Z</Time>
						<HeartRateBpm>
							<Value>137</Value>
						</HeartRateBpm>
					</Trackpoint>
					<Trackpoint>
						<Time>2569-05-25T13:13:28Z</Time>
						<HeartRateBpm>
							<Value>138</Value>
						</HeartRateBpm>
					</Trackpoint>
					<Trackpoint>
						<Time>2569-05-25T13:13:29Z</Time>
						<HeartRateBpm>
							<Value>137</Value>
						</HeartRateBpm>
					</Trackpoint>
					<Trackpoint>
						<Time>2569-05-25T13:13:30Z</Time>
						<HeartRateBpm>
							<Value>136</Value>
						</HeartRateBpm>
					</Trackpoint>
					<Trackpoint>
						<Time>2569-05-25T13:13:31Z</Time>
						<HeartRateBpm>
							<Value>137</Value>
						</HeartRateBpm>
					</Trackpoint>
					<Trackpoint>
						<Time>2569-05-25T13:13:32Z</Time>
						<HeartRateBpm>
							<Value>136</Value>
						</HeartRateBpm>
					</Trackpoint>
					<Trackpoint>
						<Time>2569-05-25T13:13:33Z</Time>
						<HeartRateBpm>
							<Value>137</Value>
						</HeartRateBpm>
					</Trackpoint>
					<Trackpoint>
						<Time>2569-05-25T13:13:34Z</Time>
						<HeartRateBpm>
							<Value>138</Value>
						</HeartRateBpm>
					</Trackpoint>
					<Trackpoint>
						<Time>2569-05-25T13:13:35Z</Time>
						<HeartRateBpm>
							<Value>139</Value>
						</HeartRateBpm>
					</Trackpoint>
					<Trackpoint>
						<Time>2569-05-25T13:13:36Z</Time>
						<HeartRateBpm>
							<Value>141</Value>
						</HeartRateBpm>
					</Trackpoint>
					<Trackpoint>
						<Time>2569-05-25T13:13:37Z</Time>
						<HeartRateBpm>
							<Value>144</Value>
						</HeartRateBpm>
					</Trackpoint>
					<Trackpoint>
						<Time>2569-05-25T13:13:38Z</Time>
						<HeartRateBpm>
							<Value>144</Value>
						</HeartRateBpm>
					</Trackpoint>
					<Trackpoint>
						<Time>2569-05-25T13:13:39Z</Time>
						<HeartRateBpm>
							<Value>145</Value>
						</HeartRateBpm>
					</Trackpoint>
					<Trackpoint>
						<Time>2569-05-25T13:13:40Z</Time>
						<HeartRateBpm>
							<Value>146</Value>
						</HeartRateBpm>
					</Trackpoint>
					<Trackpoint>
						<Time>2569-05-25T13:13:41Z</Time>
						<HeartRateBpm>
							<Value>148</Value>
						</HeartRateBpm>
					</Trackpoint>
					<Trackpoint>
						<Time>2569-05-25T13:13:42Z</Time>
						<HeartRateBpm>
							<Value>150</Value>
						</HeartRateBpm>
					</Trackpoint>
					<Trackpoint>
						<Time>2569-05-25T13:13:43Z</Time>
						<HeartRateBpm>
							<Value>151</Value>
						</HeartRateBpm>
					</Trackpoint>
					<Trackpoint>
						<Time>2569-05-25T13:13:44Z</Time>
						<HeartRateBpm>
							<Value>152</Value>
						</HeartRateBpm>
					</Trackpoint>
					<Trackpoint>
						<Time>2569-05-25T13:13:45Z</Time>
						<HeartRateBpm>
							<Value>152</Value>
						</HeartRateBpm>
					</Trackpoint>
					<Trackpoint>
						<Time>2569-05-25T13:13:46Z</Time>
						<HeartRateBpm>
							<Value>154</Value>
						</HeartRateBpm>
					</Trackpoint>
					<Trackpoint>
						<Time>2569-05-25T13:13:47Z</Time>
						<HeartRateBpm>
							<Value>154</Value>
						</HeartRateBpm>
					</Trackpoint>
					<Trackpoint>
						<Time>2569-05-25T13:13:48Z</Time>
						<HeartRateBpm>
							<Value>154</Value>
						</HeartRateBpm>
					</Trackpoint>
					<Trackpoint>
						<Time>2569-05-25T13:13:49Z</Time>
						<HeartRateBpm>
							<Value>154</Value>
						</HeartRateBpm>
					</Trackpoint>
					<Trackpoint>
						<Time>2569-05-25T13:13:50Z</Time>
						<HeartRateBpm>
							<Value>154</Value>
						</HeartRateBpm>
					</Trackpoint>
					<Trackpoint>
						<Time>2569-05-25T13:13:51Z</Time>
						<HeartRateBpm>
							<Value>154</Value>
						</HeartRateBpm>
					</Trackpoint>
					<Trackpoint>
						<Time>2569-05-25T13:13:52Z</Time>
						<HeartRateBpm>
							<Value>154</Value>
						</HeartRateBpm>
					</Trackpoint>
					<Trackpoint>
						<Time>2569-05-25T13:13:53Z</Time>
						<HeartRateBpm>
							<Value>154</Value>
						</HeartRateBpm>
					</Trackpoint>
					<Trackpoint>
						<Time>2569-05-25T13:13:54Z</Time>
						<HeartRateBpm>
							<Value>154</Value>
						</HeartRateBpm>
					</Trackpoint>
					<Trackpoint>
						<Time>2569-05-25T13:13:55Z</Time>
						<HeartRateBpm>
							<Value>154</Value>
						</HeartRateBpm>
					</Trackpoint>
					<Trackpoint>
						<Time>2569-05-25T13:13:56Z</Time>
						<HeartRateBpm>
							<Value>153</Value>
						</HeartRateBpm>
					</Trackpoint>
					<Trackpoint>
						<Time>2569-05-25T13:13:57Z</Time>
						<HeartRateBpm>
							<Value>152</Value>
						</HeartRateBpm>
					</Trackpoint>
					<Trackpoint>
						<Time>2569-05-25T13:13:58Z</Time>
						<HeartRateBpm>
							<Value>152</Value>
						</HeartRateBpm>
					</Trackpoint>
					<Trackpoint>
						<Time>2569-05-25T13:13:59Z</Time>
						<HeartRateBpm>
							<Value>153</Value>
						</HeartRateBpm>
					</Trackpoint>
					<Trackpoint>
						<Time>2569-05-25T13:14:00Z</Time>
						<HeartRateBpm>
							<Value>154</Value>
						</HeartRateBpm>
					</Trackpoint>
					<Trackpoint>
						<Time>2569-05-25T13:14:01Z</Time>
						<HeartRateBpm>
							<Value>155</Value>
						</HeartRateBpm>
					</Trackpoint>
					<Trackpoint>
						<Time>2569-05-25T13:14:02Z</Time>
						<HeartRateBpm>
							<Value>155</Value>
						</HeartRateBpm>
					</Trackpoint>
					<Trackpoint>
						<Time>2569-05-25T13:14:03Z</Time>
						<HeartRateBpm>
							<Value>155</Value>
						</HeartRateBpm>
					</Trackpoint>
					<Trackpoint>
						<Time>2569-05-25T13:14:04Z</Time>
						<HeartRateBpm>
							<Value>157</Value>
						</HeartRateBpm>
					</Trackpoint>
					<Trackpoint>
						<Time>2569-05-25T13:14:05Z</Time>
						<HeartRateBpm>
							<Value>156</Value>
						</HeartRateBpm>
					</Trackpoint>
					<Trackpoint>
						<Time>2569-05-25T13:14:06Z</Time>
						<HeartRateBpm>
							<Value>156</Value>
						</HeartRateBpm>
					</Trackpoint>
					<Trackpoint>
						<Time>2569-05-25T13:14:07Z</Time>
						<HeartRateBpm>
							<Value>157</Value>
						</HeartRateBpm>
					</Trackpoint>
					<Trackpoint>
						<Time>2569-05-25T13:14:08Z</Time>
						<HeartRateBpm>
							<Value>157</Value>
						</HeartRateBpm>
					</Trackpoint>
					<Trackpoint>
						<Time>2569-05-25T13:14:09Z</Time>
						<HeartRateBpm>
							<Value>157</Value>
						</HeartRateBpm>
					</Trackpoint>
					<Trackpoint>
						<Time>2569-05-25T13:14:10Z</Time>
						<HeartRateBpm>
							<Value>159</Value>
						</HeartRateBpm>
					</Trackpoint>
					<Trackpoint>
						<Time>2569-05-25T13:14:11Z</Time>
						<HeartRateBpm>
							<Value>159</Value>
						</HeartRateBpm>
					</Trackpoint>
					<Trackpoint>
						<Time>2569-05-25T13:14:12Z</Time>
						<HeartRateBpm>
							<Value>159</Value>
						</HeartRateBpm>
					</Trackpoint>
					<Trackpoint>
						<Time>2569-05-25T13:14:13Z</Time>
						<HeartRateBpm>
							<Value>159</Value>
						</HeartRateBpm>
					</Trackpoint>
					<Trackpoint>
						<Time>2569-05-25T13:14:14Z</Time>
						<HeartRateBpm>
							<Value>158</Value>
						</HeartRateBpm>
					</Trackpoint>
					<Trackpoint>
						<Time>2569-05-25T13:14:15Z</Time>
						<HeartRateBpm>
							<Value>158</Value>
						</HeartRateBpm>
					</Trackpoint>
					<Trackpoint>
						<Time>2569-05-25T13:14:16Z</Time>
						<HeartRateBpm>
							<Value>158</Value>
						</HeartRateBpm>
					</Trackpoint>
					<Trackpoint>
						<Time>2569-05-25T13:14:17Z</Time>
						<HeartRateBpm>
							<Value>157</Value>
						</HeartRateBpm>
					</Trackpoint>
					<Trackpoint>
						<Time>2569-05-25T13:14:18Z</Time>
						<HeartRateBpm>
							<Value>158</Value>
						</HeartRateBpm>
					</Trackpoint>
					<Trackpoint>
						<Time>2569-05-25T13:14:19Z</Time>
						<HeartRateBpm>
							<Value>158</Value>
						</HeartRateBpm>
					</Trackpoint>
					<Trackpoint>
						<Time>2569-05-25T13:14:20Z</Time>
						<HeartRateBpm>
							<Value>158</Value>
						</HeartRateBpm>
					</Trackpoint>
					<Trackpoint>
						<Time>2569-05-25T13:14:21Z</Time>
						<HeartRateBpm>
							<Value>159</Value>
						</HeartRateBpm>
					</Trackpoint>
					<Trackpoint>
						<Time>2569-05-25T13:14:22Z</Time>
						<HeartRateBpm>
							<Value>160</Value>
						</HeartRateBpm>
					</Trackpoint>
					<Trackpoint>
						<Time>2569-05-25T13:14:23Z</Time>
						<HeartRateBpm>
							<Value>160</Value>
						</HeartRateBpm>
					</Trackpoint>
					<Trackpoint>
						<Time>2569-05-25T13:14:24Z</Time>
						<HeartRateBpm>
							<Value>161</Value>
						</HeartRateBpm>
					</Trackpoint>
					<Trackpoint>
						<Time>2569-05-25T13:14:25Z</Time>
						<HeartRateBpm>
							<Value>162</Value>
						</HeartRateBpm>
					</Trackpoint>
					<Trackpoint>
						<Time>2569-05-25T13:14:26Z</Time>
						<HeartRateBpm>
							<Value>161</Value>
						</HeartRateBpm>
					</Trackpoint>
					<Trackpoint>
						<Time>2569-05-25T13:14:27Z</Time>
						<HeartRateBpm>
							<Value>161</Value>
						</HeartRateBpm>
					</Trackpoint>
					<Trackpoint>
						<Time>2569-05-25T13:14:28Z</Time>
						<HeartRateBpm>
							<Value>161</Value>
						</HeartRateBpm>
					</Trackpoint>
					<Trackpoint>
						<Time>2569-05-25T13:14:29Z</Time>
						<HeartRateBpm>
							<Value>160</Value>
						</HeartRateBpm>
					</Trackpoint>
					<Trackpoint>
						<Time>2569-05-25T13:14:30Z</Time>
						<HeartRateBpm>
							<Value>160</Value>
						</HeartRateBpm>
					</Trackpoint>
					<Trackpoint>
						<Time>2569-05-25T13:14:31Z</Time>
						<HeartRateBpm>
							<Value>161</Value>
						</HeartRateBpm>
					</Trackpoint>
					<Trackpoint>
						<Time>2569-05-25T13:14:32Z</Time>
						<HeartRateBpm>
							<Value>160</Value>
						</HeartRateBpm>
					</Trackpoint>
					<Trackpoint>
						<Time>2569-05-25T13:14:33Z</Time>
						<HeartRateBpm>
							<Value>161</Value>
						</HeartRateBpm>
					</Trackpoint>
					<Trackpoint>
						<Time>2569-05-25T13:14:34Z</Time>
						<HeartRateBpm>
							<Value>161</Value>
						</HeartRateBpm>
					</Trackpoint>
					<Trackpoint>
						<Time>2569-05-25T13:14:35Z</Time>
						<HeartRateBpm>
							<Value>160</Value>
						</HeartRateBpm>
					</Trackpoint>
					<Trackpoint>
						<Time>2569-05-25T13:14:36Z</Time>
						<HeartRateBpm>
							<Value>160</Value>
						</HeartRateBpm>
					</Trackpoint>
					<Trackpoint>
						<Time>2569-05-25T13:14:37Z</Time>
						<HeartRateBpm>
							<Value>162</Value>
						</HeartRateBpm>
					</Trackpoint>
					<Trackpoint>
						<Time>2569-05-25T13:14:38Z</Time>
						<HeartRateBpm>
							<Value>161</Value>
						</HeartRateBpm>
					</Trackpoint>
					<Trackpoint>
						<Time>2569-05-25T13:14:39Z</Time>
						<HeartRateBpm>
							<Value>161</Value>
						</HeartRateBpm>
					</Trackpoint>
					<Trackpoint>
						<Time>2569-05-25T13:14:40Z</Time>
						<HeartRateBpm>
							<Value>161</Value>
						</HeartRateBpm>
					</Trackpoint>
					<Trackpoint>
						<Time>2569-05-25T13:14:41Z</Time>
						<HeartRateBpm>
							<Value>162</Value>
						</HeartRateBpm>
					</Trackpoint>
					<Trackpoint>
						<Time>2569-05-25T13:14:42Z</Time>
						<HeartRateBpm>
							<Value>162</Value>
						</HeartRateBpm>
					</Trackpoint>
					<Trackpoint>
						<Time>2569-05-25T13:14:43Z</Time>
						<HeartRateBpm>
							<Value>164</Value>
						</HeartRateBpm>
					</Trackpoint>
					<Trackpoint>
						<Time>2569-05-25T13:14:44Z</Time>
						<HeartRateBpm>
							<Value>165</Value>
						</HeartRateBpm>
					</Trackpoint>
					<Trackpoint>
						<Time>2569-05-25T13:14:45Z</Time>
						<HeartRateBpm>
							<Value>164</Value>
						</HeartRateBpm>
					</Trackpoint>
					<Trackpoint>
						<Time>2569-05-25T13:14:46Z</Time>
						<HeartRateBpm>
							<Value>165</Value>
						</HeartRateBpm>
					</Trackpoint>
					<Trackpoint>
						<Time>2569-05-25T13:14:47Z</Time>
						<HeartRateBpm>
							<Value>167</Value>
						</HeartRateBpm>
					</Trackpoint>
					<Trackpoint>
						<Time>2569-05-25T13:14:48Z</Time>
						<HeartRateBpm>
							<Value>167</Value>
						</HeartRateBpm>
					</Trackpoint>
					<Trackpoint>
						<Time>2569-05-25T13:14:49Z</Time>
						<HeartRateBpm>
							<Value>166</Value>
						</HeartRateBpm>
					</Trackpoint>
					<Trackpoint>
						<Time>2569-05-25T13:14:50Z</Time>
						<HeartRateBpm>
							<Value>164</Value>
						</HeartRateBpm>
					</Trackpoint>
					<Trackpoint>
						<Time>2569-05-25T13:14:51Z</Time>
						<HeartRateBpm>
							<Value>165</Value>
						</HeartRateBpm>
					</Trackpoint>
					<Trackpoint>
						<Time>2569-05-25T13:14:52Z</Time>
						<HeartRateBpm>
							<Value>166</Value>
						</HeartRateBpm>
					</Trackpoint>
					<Trackpoint>
						<Time>2569-05-25T13:14:53Z</Time>
						<HeartRateBpm>
							<Value>167</Value>
						</HeartRateBpm>
					</Trackpoint>
					<Trackpoint>
						<Time>2569-05-25T13:14:54Z</Time>
						<HeartRateBpm>
							<Value>167</Value>
						</HeartRateBpm>
					</Trackpoint>
					<Trackpoint>
						<Time>2569-05-25T13:14:55Z</Time>
						<HeartRateBpm>
							<Value>167</Value>
						</HeartRateBpm>
					</Trackpoint>
					<Trackpoint>
						<Time>2569-05-25T13:14:56Z</Time>
						<HeartRateBpm>
							<Value>166</Value>
						</HeartRateBpm>
					</Trackpoint>
					<Trackpoint>
						<Time>2569-05-25T13:14:57Z</Time>
						<HeartRateBpm>
							<Value>165</Value>
						</HeartRateBpm>
					</Trackpoint>
					<Trackpoint>
						<Time>2569-05-25T13:14:58Z</Time>
						<HeartRateBpm>
							<Value>163</Value>
						</HeartRateBpm>
					</Trackpoint>
					<Trackpoint>
						<Time>2569-05-25T13:14:59Z</Time>
						<HeartRateBpm>
							<Value>161</Value>
						</HeartRateBpm>
					</Trackpoint>
					<Trackpoint>
						<Time>2569-05-25T13:15:00Z</Time>
						<HeartRateBpm>
							<Value>161</Value>
						</HeartRateBpm>
					</Trackpoint>
					<Trackpoint>
						<Time>2569-05-25T13:15:01Z</Time>
						<HeartRateBpm>
							<Value>161</Value>
						</HeartRateBpm>
					</Trackpoint>
					<Trackpoint>
						<Time>2569-05-25T13:15:02Z</Time>
						<HeartRateBpm>
							<Value>161</Value>
						</HeartRateBpm>
					</Trackpoint>
					<Trackpoint>
						<Time>2569-05-25T13:15:03Z</Time>
						<HeartRateBpm>
							<Value>161</Value>
						</HeartRateBpm>
					</Trackpoint>
					<Trackpoint>
						<Time>2569-05-25T13:15:04Z</Time>
						<HeartRateBpm>
							<Value>161</Value>
						</HeartRateBpm>
					</Trackpoint>
					<Trackpoint>
						<Time>2569-05-25T13:15:05Z</Time>
						<HeartRateBpm>
							<Value>161</Value>
						</HeartRateBpm>
					</Trackpoint>
					<Trackpoint>
						<Time>2569-05-25T13:15:06Z</Time>
						<HeartRateBpm>
							<Value>161</Value>
						</HeartRateBpm>
					</Trackpoint>
					<Trackpoint>
						<Time>2569-05-25T13:15:07Z</Time>
						<HeartRateBpm>
							<Value>161</Value>
						</HeartRateBpm>
					</Trackpoint>
					<Trackpoint>
						<Time>2569-05-25T13:15:08Z</Time>
						<HeartRateBpm>
							<Value>161</Value>
						</HeartRateBpm>
					</Trackpoint>
					<Trackpoint>
						<Time>2569-05-25T13:15:09Z</Time>
						<HeartRateBpm>
							<Value>162</Value>
						</HeartRateBpm>
					</Trackpoint>
					<Trackpoint>
						<Time>2569-05-25T13:15:10Z</Time>
						<HeartRateBpm>
							<Value>163</Value>
						</HeartRateBpm>
					</Trackpoint>
					<Trackpoint>
						<Time>2569-05-25T13:15:11Z</Time>
						<HeartRateBpm>
							<Value>163</Value>
						</HeartRateBpm>
					</Trackpoint>
					<Trackpoint>
						<Time>2569-05-25T13:15:12Z</Time>
						<HeartRateBpm>
							<Value>164</Value>
						</HeartRateBpm>
					</Trackpoint>
					<Trackpoint>
						<Time>2569-05-25T13:15:13Z</Time>
						<HeartRateBpm>
							<Value>164</Value>
						</HeartRateBpm>
					</Trackpoint>
					<Trackpoint>
						<Time>2569-05-25T13:15:14Z</Time>
						<HeartRateBpm>
							<Value>164</Value>
						</HeartRateBpm>
					</Trackpoint>
					<Trackpoint>
						<Time>2569-05-25T13:15:15Z</Time>
						<HeartRateBpm>
							<Value>164</Value>
						</HeartRateBpm>
					</Trackpoint>
					<Trackpoint>
						<Time>2569-05-25T13:15:16Z</Time>
						<HeartRateBpm>
							<Value>164</Value>
						</HeartRateBpm>
					</Trackpoint>
					<Trackpoint>
						<Time>2569-05-25T13:15:17Z</Time>
						<HeartRateBpm>
							<Value>164</Value>
						</HeartRateBpm>
					</Trackpoint>
					<Trackpoint>
						<Time>2569-05-25T13:15:18Z</Time>
						<HeartRateBpm>
							<Value>163</Value>
						</HeartRateBpm>
					</Trackpoint>
					<Trackpoint>
						<Time>2569-05-25T13:15:19Z</Time>
						<HeartRateBpm>
							<Value>164</Value>
						</HeartRateBpm>
					</Trackpoint>
					<Trackpoint>
						<Time>2569-05-25T13:15:20Z</Time>
						<HeartRateBpm>
							<Value>163</Value>
						</HeartRateBpm>
					</Trackpoint>
					<Trackpoint>
						<Time>2569-05-25T13:15:21Z</Time>
						<HeartRateBpm>
							<Value>163</Value>
						</HeartRateBpm>
					</Trackpoint>
					<Trackpoint>
						<Time>2569-05-25T13:15:22Z</Time>
						<HeartRateBpm>
							<Value>161</Value>
						</HeartRateBpm>
					</Trackpoint>
					<Trackpoint>
						<Time>2569-05-25T13:15:23Z</Time>
						<HeartRateBpm>
							<Value>161</Value>
						</HeartRateBpm>
					</Trackpoint>
					<Trackpoint>
						<Time>2569-05-25T13:15:24Z</Time>
						<HeartRateBpm>
							<Value>162</Value>
						</HeartRateBpm>
					</Trackpoint>
					<Trackpoint>
						<Time>2569-05-25T13:15:25Z</Time>
						<HeartRateBpm>
							<Value>163</Value>
						</HeartRateBpm>
					</Trackpoint>
					<Trackpoint>
						<Time>2569-05-25T13:15:26Z</Time>
						<HeartRateBpm>
							<Value>163</Value>
						</HeartRateBpm>
					</Trackpoint>
					<Trackpoint>
						<Time>2569-05-25T13:15:27Z</Time>
						<HeartRateBpm>
							<Value>164</Value>
						</HeartRateBpm>
					</Trackpoint>
					<Trackpoint>
						<Time>2569-05-25T13:15:28Z</Time>
						<HeartRateBpm>
							<Value>163</Value>
						</HeartRateBpm>
					</Trackpoint>
					<Trackpoint>
						<Time>2569-05-25T13:15:29Z</Time>
						<HeartRateBpm>
							<Value>164</Value>
						</HeartRateBpm>
					</Trackpoint>
					<Trackpoint>
						<Time>2569-05-25T13:15:30Z</Time>
						<HeartRateBpm>
							<Value>164</Value>
						</HeartRateBpm>
					</Trackpoint>
					<Trackpoint>
						<Time>2569-05-25T13:15:31Z</Time>
						<HeartRateBpm>
							<Value>163</Value>
						</HeartRateBpm>
					</Trackpoint>
					<Trackpoint>
						<Time>2569-05-25T13:15:32Z</Time>
						<HeartRateBpm>
							<Value>162</Value>
						</HeartRateBpm>
					</Trackpoint>
					<Trackpoint>
						<Time>2569-05-25T13:15:33Z</Time>
						<HeartRateBpm>
							<Value>162</Value>
						</HeartRateBpm>
					</Trackpoint>
					<Trackpoint>
						<Time>2569-05-25T13:15:34Z</Time>
						<HeartRateBpm>
							<Value>162</Value>
						</HeartRateBpm>
					</Trackpoint>
					<Trackpoint>
						<Time>2569-05-25T13:15:35Z</Time>
						<HeartRateBpm>
							<Value>163</Value>
						</HeartRateBpm>
					</Trackpoint>
					<Trackpoint>
						<Time>2569-05-25T13:15:36Z</Time>
						<HeartRateBpm>
							<Value>163</Value>
						</HeartRateBpm>
					</Trackpoint>
					<Trackpoint>
						<Time>2569-05-25T13:15:37Z</Time>
						<HeartRateBpm>
							<Value>164</Value>
						</HeartRateBpm>
					</Trackpoint>
					<Trackpoint>
						<Time>2569-05-25T13:15:38Z</Time>
						<HeartRateBpm>
							<Value>163</Value>
						</HeartRateBpm>
					</Trackpoint>
					<Trackpoint>
						<Time>2569-05-25T13:15:39Z</Time>
						<HeartRateBpm>
							<Value>161</Value>
						</HeartRateBpm>
					</Trackpoint>
					<Trackpoint>
						<Time>2569-05-25T13:15:40Z</Time>
						<HeartRateBpm>
							<Value>161</Value>
						</HeartRateBpm>
					</Trackpoint>
					<Trackpoint>
						<Time>2569-05-25T13:15:41Z</Time>
						<HeartRateBpm>
							<Value>160</Value>
						</HeartRateBpm>
					</Trackpoint>
					<Trackpoint>
						<Time>2569-05-25T13:15:42Z</Time>
						<HeartRateBpm>
							<Value>160</Value>
						</HeartRateBpm>
					</Trackpoint>
					<Trackpoint>
						<Time>2569-05-25T13:15:43Z</Time>
						<HeartRateBpm>
							<Value>159</Value>
						</HeartRateBpm>
					</Trackpoint>
					<Trackpoint>
						<Time>2569-05-25T13:15:44Z</Time>
						<HeartRateBpm>
							<Value>158</Value>
						</HeartRateBpm>
					</Trackpoint>
					<Trackpoint>
						<Time>2569-05-25T13:15:45Z</Time>
						<HeartRateBpm>
							<Value>158</Value>
						</HeartRateBpm>
					</Trackpoint>
					<Trackpoint>
						<Time>2569-05-25T13:15:46Z</Time>
						<HeartRateBpm>
							<Value>157</Value>
						</HeartRateBpm>
					</Trackpoint>
					<Trackpoint>
						<Time>2569-05-25T13:15:47Z</Time>
						<HeartRateBpm>
							<Value>158</Value>
						</HeartRateBpm>
					</Trackpoint>
					<Trackpoint>
						<Time>2569-05-25T13:15:48Z</Time>
						<HeartRateBpm>
							<Value>158</Value>
						</HeartRateBpm>
					</Trackpoint>
					<Trackpoint>
						<Time>2569-05-25T13:15:49Z</Time>
						<HeartRateBpm>
							<Value>156</Value>
						</HeartRateBpm>
					</Trackpoint>
					<Trackpoint>
						<Time>2569-05-25T13:15:50Z</Time>
						<HeartRateBpm>
							<Value>155</Value>
						</HeartRateBpm>
					</Trackpoint>
					<Trackpoint>
						<Time>2569-05-25T13:15:51Z</Time>
						<HeartRateBpm>
							<Value>156</Value>
						</HeartRateBpm>
					</Trackpoint>
					<Trackpoint>
						<Time>2569-05-25T13:15:52Z</Time>
						<HeartRateBpm>
							<Value>154</Value>
						</HeartRateBpm>
					</Trackpoint>
					<Trackpoint>
						<Time>2569-05-25T13:15:53Z</Time>
						<HeartRateBpm>
							<Value>152</Value>
						</HeartRateBpm>
					</Trackpoint>
					<Trackpoint>
						<Time>2569-05-25T13:15:54Z</Time>
						<HeartRateBpm>
							<Value>150</Value>
						</HeartRateBpm>
					</Trackpoint>
					<Trackpoint>
						<Time>2569-05-25T13:15:55Z</Time>
						<HeartRateBpm>
							<Value>149</Value>
						</HeartRateBpm>
					</Trackpoint>
					<Trackpoint>
						<Time>2569-05-25T13:15:56Z</Time>
						<HeartRateBpm>
							<Value>148</Value>
						</HeartRateBpm>
					</Trackpoint>
					<Trackpoint>
						<Time>2569-05-25T13:15:57Z</Time>
						<HeartRateBpm>
							<Value>148</Value>
						</HeartRateBpm>
					</Trackpoint>
					<Trackpoint>
						<Time>2569-05-25T13:15:58Z</Time>
						<HeartRateBpm>
							<Value>147</Value>
						</HeartRateBpm>
					</Trackpoint>
					<Trackpoint>
						<Time>2569-05-25T13:15:59Z</Time>
						<HeartRateBpm>
							<Value>147</Value>
						</HeartRateBpm>
					</Trackpoint>
					<Trackpoint>
						<Time>2569-05-25T13:16:00Z</Time>
						<HeartRateBpm>
							<Value>146</Value>
						</HeartRateBpm>
					</Trackpoint>
					<Trackpoint>
						<Time>2569-05-25T13:16:01Z</Time>
						<HeartRateBpm>
							<Value>145</Value>
						</HeartRateBpm>
					</Trackpoint>
					<Trackpoint>
						<Time>2569-05-25T13:16:02Z</Time>
						<HeartRateBpm>
							<Value>144</Value>
						</HeartRateBpm>
					</Trackpoint>
					<Trackpoint>
						<Time>2569-05-25T13:16:03Z</Time>
						<HeartRateBpm>
							<Value>144</Value>
						</HeartRateBpm>
					</Trackpoint>
					<Trackpoint>
						<Time>2569-05-25T13:16:04Z</Time>
						<HeartRateBpm>
							<Value>144</Value>
						</HeartRateBpm>
					</Trackpoint>
					<Trackpoint>
						<Time>2569-05-25T13:16:05Z</Time>
						<HeartRateBpm>
							<Value>143</Value>
						</HeartRateBpm>
					</Trackpoint>
					<Trackpoint>
						<Time>2569-05-25T13:16:06Z</Time>
						<HeartRateBpm>
							<Value>142</Value>
						</HeartRateBpm>
					</Trackpoint>
					<Trackpoint>
						<Time>2569-05-25T13:16:07Z</Time>
						<HeartRateBpm>
							<Value>141</Value>
						</HeartRateBpm>
					</Trackpoint>
					<Trackpoint>
						<Time>2569-05-25T13:16:08Z</Time>
						<HeartRateBpm>
							<Value>140</Value>
						</HeartRateBpm>
					</Trackpoint>
					<Trackpoint>
						<Time>2569-05-25T13:16:09Z</Time>
						<HeartRateBpm>
							<Value>140</Value>
						</HeartRateBpm>
					</Trackpoint>
					<Trackpoint>
						<Time>2569-05-25T13:16:10Z</Time>
						<HeartRateBpm>
							<Value>139</Value>
						</HeartRateBpm>
					</Trackpoint>
					<Trackpoint>
						<Time>2569-05-25T13:16:11Z</Time>
						<HeartRateBpm>
							<Value>138</Value>
						</HeartRateBpm>
					</Trackpoint>
					<Trackpoint>
						<Time>2569-05-25T13:16:12Z</Time>
						<HeartRateBpm>
							<Value>137</Value>
						</HeartRateBpm>
					</Trackpoint>
					<Trackpoint>
						<Time>2569-05-25T13:16:13Z</Time>
						<HeartRateBpm>
							<Value>137</Value>
						</HeartRateBpm>
					</Trackpoint>
					<Trackpoint>
						<Time>2569-05-25T13:16:14Z</Time>
						<HeartRateBpm>
							<Value>135</Value>
						</HeartRateBpm>
					</Trackpoint>
					<Trackpoint>
						<Time>2569-05-25T13:16:15Z</Time>
						<HeartRateBpm>
							<Value>134</Value>
						</HeartRateBpm>
					</Trackpoint>
					<Trackpoint>
						<Time>2569-05-25T13:16:16Z</Time>
						<HeartRateBpm>
							<Value>134</Value>
						</HeartRateBpm>
					</Trackpoint>
					<Trackpoint>
						<Time>2569-05-25T13:16:17Z</Time>
						<HeartRateBpm>
							<Value>133</Value>
						</HeartRateBpm>
					</Trackpoint>
					<Trackpoint>
						<Time>2569-05-25T13:16:18Z</Time>
						<HeartRateBpm>
							<Value>133</Value>
						</HeartRateBpm>
					</Trackpoint>
					<Trackpoint>
						<Time>2569-05-25T13:16:19Z</Time>
						<HeartRateBpm>
							<Value>133</Value>
						</HeartRateBpm>
					</Trackpoint>
					<Trackpoint>
						<Time>2569-05-25T13:16:20Z</Time>
						<HeartRateBpm>
							<Value>133</Value>
						</HeartRateBpm>
					</Trackpoint>
					<Trackpoint>
						<Time>2569-05-25T13:16:21Z</Time>
						<HeartRateBpm>
							<Value>132</Value>
						</HeartRateBpm>
					</Trackpoint>
					<Trackpoint>
						<Time>2569-05-25T13:16:22Z</Time>
						<HeartRateBpm>
							<Value>131</Value>
						</HeartRateBpm>
					</Trackpoint>
					<Trackpoint>
						<Time>2569-05-25T13:16:23Z</Time>
						<HeartRateBpm>
							<Value>129</Value>
						</HeartRateBpm>
					</Trackpoint>
					<Trackpoint>
						<Time>2569-05-25T13:16:24Z</Time>
						<HeartRateBpm>
							<Value>127</Value>
						</HeartRateBpm>
					</Trackpoint>
					<Trackpoint>
						<Time>2569-05-25T13:16:25Z</Time>
						<HeartRateBpm>
							<Value>126</Value>
						</HeartRateBpm>
					</Trackpoint>
					<Trackpoint>
						<Time>2569-05-25T13:16:26Z</Time>
						<HeartRateBpm>
							<Value>125</Value>
						</HeartRateBpm>
					</Trackpoint>
					<Trackpoint>
						<Time>2569-05-25T13:16:27Z</Time>
						<HeartRateBpm>
							<Value>124</Value>
						</HeartRateBpm>
					</Trackpoint>
					<Trackpoint>
						<Time>2569-05-25T13:16:28Z</Time>
						<HeartRateBpm>
							<Value>124</Value>
						</HeartRateBpm>
					</Trackpoint>
					<Trackpoint>
						<Time>2569-05-25T13:16:29Z</Time>
						<HeartRateBpm>
							<Value>123</Value>
						</HeartRateBpm>
					</Trackpoint>
					<Trackpoint>
						<Time>2569-05-25T13:16:30Z</Time>
						<HeartRateBpm>
							<Value>122</Value>
						</HeartRateBpm>
					</Trackpoint>
					<Trackpoint>
						<Time>2569-05-25T13:16:31Z</Time>
						<HeartRateBpm>
							<Value>122</Value>
						</HeartRateBpm>
					</Trackpoint>
					<Trackpoint>
						<Time>2569-05-25T13:16:32Z</Time>
						<HeartRateBpm>
							<Value>122</Value>
						</HeartRateBpm>
					</Trackpoint>
					<Trackpoint>
						<Time>2569-05-25T13:16:33Z</Time>
						<HeartRateBpm>
							<Value>121</Value>
						</HeartRateBpm>
					</Trackpoint>
					<Trackpoint>
						<Time>2569-05-25T13:16:34Z</Time>
						<HeartRateBpm>
							<Value>121</Value>
						</HeartRateBpm>
					</Trackpoint>
					<Trackpoint>
						<Time>2569-05-25T13:16:35Z</Time>
						<HeartRateBpm>
							<Value>121</Value>
						</HeartRateBpm>
					</Trackpoint>
					<Trackpoint>
						<Time>2569-05-25T13:16:36Z</Time>
						<HeartRateBpm>
							<Value>121</Value>
						</HeartRateBpm>
					</Trackpoint>
					<Trackpoint>
						<Time>2569-05-25T13:16:37Z</Time>
						<HeartRateBpm>
							<Value>121</Value>
						</HeartRateBpm>
					</Trackpoint>
					<Trackpoint>
						<Time>2569-05-25T13:16:38Z</Time>
						<HeartRateBpm>
							<Value>122</Value>
						</HeartRateBpm>
					</Trackpoint>
					<Trackpoint>
						<Time>2569-05-25T13:16:39Z</Time>
						<HeartRateBpm>
							<Value>122</Value>
						</HeartRateBpm>
					</Trackpoint>
					<Trackpoint>
						<Time>2569-05-25T13:16:40Z</Time>
						<HeartRateBpm>
							<Value>121</Value>
						</HeartRateBpm>
					</Trackpoint>
					<Trackpoint>
						<Time>2569-05-25T13:16:41Z</Time>
						<HeartRateBpm>
							<Value>120</Value>
						</HeartRateBpm>
					</Trackpoint>
					<Trackpoint>
						<Time>2569-05-25T13:16:42Z</Time>
						<HeartRateBpm>
							<Value>119</Value>
						</HeartRateBpm>
					</Trackpoint>
					<Trackpoint>
						<Time>2569-05-25T13:16:43Z</Time>
						<HeartRateBpm>
							<Value>119</Value>
						</HeartRateBpm>
					</Trackpoint>
					<Trackpoint>
						<Time>2569-05-25T13:16:44Z</Time>
						<HeartRateBpm>
							<Value>119</Value>
						</HeartRateBpm>
					</Trackpoint>
					<Trackpoint>
						<Time>2569-05-25T13:16:45Z</Time>
						<HeartRateBpm>
							<Value>119</Value>
						</HeartRateBpm>
					</Trackpoint>
					<Trackpoint>
						<Time>2569-05-25T13:16:46Z</Time>
						<HeartRateBpm>
							<Value>119</Value>
						</HeartRateBpm>
					</Trackpoint>
					<Trackpoint>
						<Time>2569-05-25T13:16:47Z</Time>
						<HeartRateBpm>
							<Value>120</Value>
						</HeartRateBpm>
					</Trackpoint>
					<Trackpoint>
						<Time>2569-05-25T13:16:48Z</Time>
						<HeartRateBpm>
							<Value>120</Value>
						</HeartRateBpm>
					</Trackpoint>
					<Trackpoint>
						<Time>2569-05-25T13:16:49Z</Time>
						<HeartRateBpm>
							<Value>120</Value>
						</HeartRateBpm>
					</Trackpoint>
					<Trackpoint>
						<Time>2569-05-25T13:16:50Z</Time>
						<HeartRateBpm>
							<Value>120</Value>
						</HeartRateBpm>
					</Trackpoint>
					<Trackpoint>
						<Time>2569-05-25T13:16:51Z</Time>
						<HeartRateBpm>
							<Value>120</Value>
						</HeartRateBpm>
					</Trackpoint>
					<Trackpoint>
						<Time>2569-05-25T13:16:52Z</Time>
						<HeartRateBpm>
							<Value>122</Value>
						</HeartRateBpm>
					</Trackpoint>
					<Trackpoint>
						<Time>2569-05-25T13:16:53Z</Time>
						<HeartRateBpm>
							<Value>122</Value>
						</HeartRateBpm>
					</Trackpoint>
					<Trackpoint>
						<Time>2569-05-25T13:16:54Z</Time>
						<HeartRateBpm>
							<Value>123</Value>
						</HeartRateBpm>
					</Trackpoint>
					<Trackpoint>
						<Time>2569-05-25T13:16:55Z</Time>
						<HeartRateBpm>
							<Value>123</Value>
						</HeartRateBpm>
					</Trackpoint>
					<Trackpoint>
						<Time>2569-05-25T13:16:56Z</Time>
						<HeartRateBpm>
							<Value>124</Value>
						</HeartRateBpm>
					</Trackpoint>
					<Trackpoint>
						<Time>2569-05-25T13:16:57Z</Time>
						<HeartRateBpm>
							<Value>125</Value>
						</HeartRateBpm>
					</Trackpoint>
					<Trackpoint>
						<Time>2569-05-25T13:16:58Z</Time>
						<HeartRateBpm>
							<Value>126</Value>
						</HeartRateBpm>
					</Trackpoint>
					<Trackpoint>
						<Time>2569-05-25T13:16:59Z</Time>
						<HeartRateBpm>
							<Value>127</Value>
						</HeartRateBpm>
					</Trackpoint>
					<Trackpoint>
						<Time>2569-05-25T13:17:00Z</Time>
						<HeartRateBpm>
							<Value>127</Value>
						</HeartRateBpm>
					</Trackpoint>
					<Trackpoint>
						<Time>2569-05-25T13:17:01Z</Time>
						<HeartRateBpm>
							<Value>128</Value>
						</HeartRateBpm>
					</Trackpoint>
					<Trackpoint>
						<Time>2569-05-25T13:17:02Z</Time>
						<HeartRateBpm>
							<Value>129</Value>
						</HeartRateBpm>
					</Trackpoint>
					<Trackpoint>
						<Time>2569-05-25T13:17:03Z</Time>
						<HeartRateBpm>
							<Value>129</Value>
						</HeartRateBpm>
					</Trackpoint>
					<Trackpoint>
						<Time>2569-05-25T13:17:04Z</Time>
						<HeartRateBpm>
							<Value>130</Value>
						</HeartRateBpm>
					</Trackpoint>
					<Trackpoint>
						<Time>2569-05-25T13:17:05Z</Time>
						<HeartRateBpm>
							<Value>131</Value>
						</HeartRateBpm>
					</Trackpoint>
					<Trackpoint>
						<Time>2569-05-25T13:17:06Z</Time>
						<HeartRateBpm>
							<Value>133</Value>
						</HeartRateBpm>
					</Trackpoint>
					<Trackpoint>
						<Time>2569-05-25T13:17:07Z</Time>
						<HeartRateBpm>
							<Value>133</Value>
						</HeartRateBpm>
					</Trackpoint>
					<Trackpoint>
						<Time>2569-05-25T13:17:08Z</Time>
						<HeartRateBpm>
							<Value>135</Value>
						</HeartRateBpm>
					</Trackpoint>
					<Trackpoint>
						<Time>2569-05-25T13:17:09Z</Time>
						<HeartRateBpm>
							<Value>136</Value>
						</HeartRateBpm>
					</Trackpoint>
					<Trackpoint>
						<Time>2569-05-25T13:17:10Z</Time>
						<HeartRateBpm>
							<Value>137</Value>
						</HeartRateBpm>
					</Trackpoint>
					<Trackpoint>
						<Time>2569-05-25T13:17:11Z</Time>
						<HeartRateBpm>
							<Value>138</Value>
						</HeartRateBpm>
					</Trackpoint>
					<Trackpoint>
						<Time>2569-05-25T13:17:12Z</Time>
						<HeartRateBpm>
							<Value>138</Value>
						</HeartRateBpm>
					</Trackpoint>
					<Trackpoint>
						<Time>2569-05-25T13:17:13Z</Time>
						<HeartRateBpm>
							<Value>140</Value>
						</HeartRateBpm>
					</Trackpoint>
					<Trackpoint>
						<Time>2569-05-25T13:17:14Z</Time>
						<HeartRateBpm>
							<Value>140</Value>
						</HeartRateBpm>
					</Trackpoint>
					<Trackpoint>
						<Time>2569-05-25T13:17:15Z</Time>
						<HeartRateBpm>
							<Value>140</Value>
						</HeartRateBpm>
					</Trackpoint>
					<Trackpoint>
						<Time>2569-05-25T13:17:16Z</Time>
						<HeartRateBpm>
							<Value>141</Value>
						</HeartRateBpm>
					</Trackpoint>
					<Trackpoint>
						<Time>2569-05-25T13:17:17Z</Time>
						<HeartRateBpm>
							<Value>142</Value>
						</HeartRateBpm>
					</Trackpoint>
					<Trackpoint>
						<Time>2569-05-25T13:17:18Z</Time>
						<HeartRateBpm>
							<Value>144</Value>
						</HeartRateBpm>
					</Trackpoint>
					<Trackpoint>
						<Time>2569-05-25T13:17:19Z</Time>
						<HeartRateBpm>
							<Value>145</Value>
						</HeartRateBpm>
					</Trackpoint>
					<Trackpoint>
						<Time>2569-05-25T13:17:20Z</Time>
						<HeartRateBpm>
							<Value>144</Value>
						</HeartRateBpm>
					</Trackpoint>
					<Trackpoint>
						<Time>2569-05-25T13:17:21Z</Time>
						<HeartRateBpm>
							<Value>144</Value>
						</HeartRateBpm>
					</Trackpoint>
					<Trackpoint>
						<Time>2569-05-25T13:17:22Z</Time>
						<HeartRateBpm>
							<Value>145</Value>
						</HeartRateBpm>
					</Trackpoint>
					<Trackpoint>
						<Time>2569-05-25T13:17:23Z</Time>
						<HeartRateBpm>
							<Value>146</Value>
						</HeartRateBpm>
					</Trackpoint>
					<Trackpoint>
						<Time>2569-05-25T13:17:24Z</Time>
						<HeartRateBpm>
							<Value>146</Value>
						</HeartRateBpm>
					</Trackpoint>
					<Trackpoint>
						<Time>2569-05-25T13:17:25Z</Time>
						<HeartRateBpm>
							<Value>147</Value>
						</HeartRateBpm>
					</Trackpoint>
					<Trackpoint>
						<Time>2569-05-25T13:17:26Z</Time>
						<HeartRateBpm>
							<Value>147</Value>
						</HeartRateBpm>
					</Trackpoint>
					<Trackpoint>
						<Time>2569-05-25T13:17:27Z</Time>
						<HeartRateBpm>
							<Value>148</Value>
						</HeartRateBpm>
					</Trackpoint>
					<Trackpoint>
						<Time>2569-05-25T13:17:28Z</Time>
						<HeartRateBpm>
							<Value>148</Value>
						</HeartRateBpm>
					</Trackpoint>
					<Trackpoint>
						<Time>2569-05-25T13:17:29Z</Time>
						<HeartRateBpm>
							<Value>149</Value>
						</HeartRateBpm>
					</Trackpoint>
					<Trackpoint>
						<Time>2569-05-25T13:17:30Z</Time>
						<HeartRateBpm>
							<Value>150</Value>
						</HeartRateBpm>
					</Trackpoint>
					<Trackpoint>
						<Time>2569-05-25T13:17:31Z</Time>
						<HeartRateBpm>
							<Value>150</Value>
						</HeartRateBpm>
					</Trackpoint>
					<Trackpoint>
						<Time>2569-05-25T13:17:32Z</Time>
						<HeartRateBpm>
							<Value>150</Value>
						</HeartRateBpm>
					</Trackpoint>
					<Trackpoint>
						<Time>2569-05-25T13:17:33Z</Time>
						<HeartRateBpm>
							<Value>151</Value>
						</HeartRateBpm>
					</Trackpoint>
					<Trackpoint>
						<Time>2569-05-25T13:17:34Z</Time>
						<HeartRateBpm>
							<Value>151</Value>
						</HeartRateBpm>
					</Trackpoint>
					<Trackpoint>
						<Time>2569-05-25T13:17:35Z</Time>
						<HeartRateBpm>
							<Value>151</Value>
						</HeartRateBpm>
					</Trackpoint>
					<Trackpoint>
						<Time>2569-05-25T13:17:36Z</Time>
						<HeartRateBpm>
							<Value>150</Value>
						</HeartRateBpm>
					</Trackpoint>
					<Trackpoint>
						<Time>2569-05-25T13:17:37Z</Time>
						<HeartRateBpm>
							<Value>151</Value>
						</HeartRateBpm>
					</Trackpoint>
					<Trackpoint>
						<Time>2569-05-25T13:17:38Z</Time>
						<HeartRateBpm>
							<Value>152</Value>
						</HeartRateBpm>
					</Trackpoint>
					<Trackpoint>
						<Time>2569-05-25T13:17:39Z</Time>
						<HeartRateBpm>
							<Value>152</Value>
						</HeartRateBpm>
					</Trackpoint>
					<Trackpoint>
						<Time>2569-05-25T13:17:40Z</Time>
						<HeartRateBpm>
							<Value>155</Value>
						</HeartRateBpm>
					</Trackpoint>
					<Trackpoint>
						<Time>2569-05-25T13:17:41Z</Time>
						<HeartRateBpm>
							<Value>155</Value>
						</HeartRateBpm>
					</Trackpoint>
					<Trackpoint>
						<Time>2569-05-25T13:17:42Z</Time>
						<HeartRateBpm>
							<Value>155</Value>
						</HeartRateBpm>
					</Trackpoint>
					<Trackpoint>
						<Time>2569-05-25T13:17:43Z</Time>
						<HeartRateBpm>
							<Value>157</Value>
						</HeartRateBpm>
					</Trackpoint>
					<Trackpoint>
						<Time>2569-05-25T13:17:44Z</Time>
						<HeartRateBpm>
							<Value>157</Value>
						</HeartRateBpm>
					</Trackpoint>
					<Trackpoint>
						<Time>2569-05-25T13:17:45Z</Time>
						<HeartRateBpm>
							<Value>157</Value>
						</HeartRateBpm>
					</Trackpoint>
					<Trackpoint>
						<Time>2569-05-25T13:17:46Z</Time>
						<HeartRateBpm>
							<Value>156</Value>
						</HeartRateBpm>
					</Trackpoint>
					<Trackpoint>
						<Time>2569-05-25T13:17:47Z</Time>
						<HeartRateBpm>
							<Value>155</Value>
						</HeartRateBpm>
					</Trackpoint>
					<Trackpoint>
						<Time>2569-05-25T13:17:48Z</Time>
						<HeartRateBpm>
							<Value>155</Value>
						</HeartRateBpm>
					</Trackpoint>
					<Trackpoint>
						<Time>2569-05-25T13:17:49Z</Time>
						<HeartRateBpm>
							<Value>156</Value>
						</HeartRateBpm>
					</Trackpoint>
					<Trackpoint>
						<Time>2569-05-25T13:17:50Z</Time>
						<HeartRateBpm>
							<Value>157</Value>
						</HeartRateBpm>
					</Trackpoint>
					<Trackpoint>
						<Time>2569-05-25T13:17:51Z</Time>
						<HeartRateBpm>
							<Value>158</Value>
						</HeartRateBpm>
					</Trackpoint>
					<Trackpoint>
						<Time>2569-05-25T13:17:52Z</Time>
						<HeartRateBpm>
							<Value>158</Value>
						</HeartRateBpm>
					</Trackpoint>
					<Trackpoint>
						<Time>2569-05-25T13:17:53Z</Time>
						<HeartRateBpm>
							<Value>158</Value>
						</HeartRateBpm>
					</Trackpoint>
					<Trackpoint>
						<Time>2569-05-25T13:17:54Z</Time>
						<HeartRateBpm>
							<Value>157</Value>
						</HeartRateBpm>
					</Trackpoint>
					<Trackpoint>
						<Time>2569-05-25T13:17:55Z</Time>
						<HeartRateBpm>
							<Value>158</Value>
						</HeartRateBpm>
					</Trackpoint>
					<Trackpoint>
						<Time>2569-05-25T13:17:56Z</Time>
						<HeartRateBpm>
							<Value>157</Value>
						</HeartRateBpm>
					</Trackpoint>
					<Trackpoint>
						<Time>2569-05-25T13:17:57Z</Time>
						<HeartRateBpm>
							<Value>157</Value>
						</HeartRateBpm>
					</Trackpoint>
					<Trackpoint>
						<Time>2569-05-25T13:17:58Z</Time>
						<HeartRateBpm>
							<Value>157</Value>
						</HeartRateBpm>
					</Trackpoint>
					<Trackpoint>
						<Time>2569-05-25T13:17:59Z</Time>
						<HeartRateBpm>
							<Value>157</Value>
						</HeartRateBpm>
					</Trackpoint>
					<Trackpoint>
						<Time>2569-05-25T13:18:00Z</Time>
						<HeartRateBpm>
							<Value>155</Value>
						</HeartRateBpm>
					</Trackpoint>
					<Trackpoint>
						<Time>2569-05-25T13:18:01Z</Time>
						<HeartRateBpm>
							<Value>153</Value>
						</HeartRateBpm>
					</Trackpoint>
					<Trackpoint>
						<Time>2569-05-25T13:18:02Z</Time>
						<HeartRateBpm>
							<Value>153</Value>
						</HeartRateBpm>
					</Trackpoint>
					<Trackpoint>
						<Time>2569-05-25T13:18:03Z</Time>
						<HeartRateBpm>
							<Value>153</Value>
						</HeartRateBpm>
					</Trackpoint>
					<Trackpoint>
						<Time>2569-05-25T13:18:04Z</Time>
						<HeartRateBpm>
							<Value>154</Value>
						</HeartRateBpm>
					</Trackpoint>
					<Trackpoint>
						<Time>2569-05-25T13:18:05Z</Time>
						<HeartRateBpm>
							<Value>153</Value>
						</HeartRateBpm>
					</Trackpoint>
					<Trackpoint>
						<Time>2569-05-25T13:18:06Z</Time>
						<HeartRateBpm>
							<Value>153</Value>
						</HeartRateBpm>
					</Trackpoint>
					<Trackpoint>
						<Time>2569-05-25T13:18:07Z</Time>
						<HeartRateBpm>
							<Value>153</Value>
						</HeartRateBpm>
					</Trackpoint>
					<Trackpoint>
						<Time>2569-05-25T13:18:08Z</Time>
						<HeartRateBpm>
							<Value>154</Value>
						</HeartRateBpm>
					</Trackpoint>
					<Trackpoint>
						<Time>2569-05-25T13:18:09Z</Time>
						<HeartRateBpm>
							<Value>156</Value>
						</HeartRateBpm>
					</Trackpoint>
					<Trackpoint>
						<Time>2569-05-25T13:18:10Z</Time>
						<HeartRateBpm>
							<Value>158</Value>
						</HeartRateBpm>
					</Trackpoint>
					<Trackpoint>
						<Time>2569-05-25T13:18:11Z</Time>
						<HeartRateBpm>
							<Value>157</Value>
						</HeartRateBpm>
					</Trackpoint>
					<Trackpoint>
						<Time>2569-05-25T13:18:12Z</Time>
						<HeartRateBpm>
							<Value>159</Value>
						</HeartRateBpm>
					</Trackpoint>
					<Trackpoint>
						<Time>2569-05-25T13:18:13Z</Time>
						<HeartRateBpm>
							<Value>160</Value>
						</HeartRateBpm>
					</Trackpoint>
					<Trackpoint>
						<Time>2569-05-25T13:18:14Z</Time>
						<HeartRateBpm>
							<Value>160</Value>
						</HeartRateBpm>
					</Trackpoint>
					<Trackpoint>
						<Time>2569-05-25T13:18:15Z</Time>
						<HeartRateBpm>
							<Value>160</Value>
						</HeartRateBpm>
					</Trackpoint>
					<Trackpoint>
						<Time>2569-05-25T13:18:16Z</Time>
						<HeartRateBpm>
							<Value>160</Value>
						</HeartRateBpm>
					</Trackpoint>
					<Trackpoint>
						<Time>2569-05-25T13:18:17Z</Time>
						<HeartRateBpm>
							<Value>160</Value>
						</HeartRateBpm>
					</Trackpoint>
					<Trackpoint>
						<Time>2569-05-25T13:18:18Z</Time>
						<HeartRateBpm>
							<Value>160</Value>
						</HeartRateBpm>
					</Trackpoint>
					<Trackpoint>
						<Time>2569-05-25T13:18:19Z</Time>
						<HeartRateBpm>
							<Value>160</Value>
						</HeartRateBpm>
					</Trackpoint>
					<Trackpoint>
						<Time>2569-05-25T13:18:20Z</Time>
						<HeartRateBpm>
							<Value>160</Value>
						</HeartRateBpm>
					</Trackpoint>
					<Trackpoint>
						<Time>2569-05-25T13:18:21Z</Time>
						<HeartRateBpm>
							<Value>160</Value>
						</HeartRateBpm>
					</Trackpoint>
					<Trackpoint>
						<Time>2569-05-25T13:18:22Z</Time>
						<HeartRateBpm>
							<Value>161</Value>
						</HeartRateBpm>
					</Trackpoint>
					<Trackpoint>
						<Time>2569-05-25T13:18:23Z</Time>
						<HeartRateBpm>
							<Value>162</Value>
						</HeartRateBpm>
					</Trackpoint>
					<Trackpoint>
						<Time>2569-05-25T13:18:24Z</Time>
						<HeartRateBpm>
							<Value>162</Value>
						</HeartRateBpm>
					</Trackpoint>
					<Trackpoint>
						<Time>2569-05-25T13:18:25Z</Time>
						<HeartRateBpm>
							<Value>162</Value>
						</HeartRateBpm>
					</Trackpoint>
					<Trackpoint>
						<Time>2569-05-25T13:18:26Z</Time>
						<HeartRateBpm>
							<Value>162</Value>
						</HeartRateBpm>
					</Trackpoint>
					<Trackpoint>
						<Time>2569-05-25T13:18:27Z</Time>
						<HeartRateBpm>
							<Value>162</Value>
						</HeartRateBpm>
					</Trackpoint>
					<Trackpoint>
						<Time>2569-05-25T13:18:28Z</Time>
						<HeartRateBpm>
							<Value>162</Value>
						</HeartRateBpm>
					</Trackpoint>
					<Trackpoint>
						<Time>2569-05-25T13:18:29Z</Time>
						<HeartRateBpm>
							<Value>162</Value>
						</HeartRateBpm>
					</Trackpoint>
					<Trackpoint>
						<Time>2569-05-25T13:18:30Z</Time>
						<HeartRateBpm>
							<Value>163</Value>
						</HeartRateBpm>
					</Trackpoint>
					<Trackpoint>
						<Time>2569-05-25T13:18:31Z</Time>
						<HeartRateBpm>
							<Value>163</Value>
						</HeartRateBpm>
					</Trackpoint>
					<Trackpoint>
						<Time>2569-05-25T13:18:32Z</Time>
						<HeartRateBpm>
							<Value>163</Value>
						</HeartRateBpm>
					</Trackpoint>
					<Trackpoint>
						<Time>2569-05-25T13:18:33Z</Time>
						<HeartRateBpm>
							<Value>163</Value>
						</HeartRateBpm>
					</Trackpoint>
					<Trackpoint>
						<Time>2569-05-25T13:18:34Z</Time>
						<HeartRateBpm>
							<Value>164</Value>
						</HeartRateBpm>
					</Trackpoint>
					<Trackpoint>
						<Time>2569-05-25T13:18:35Z</Time>
						<HeartRateBpm>
							<Value>164</Value>
						</HeartRateBpm>
					</Trackpoint>
					<Trackpoint>
						<Time>2569-05-25T13:18:36Z</Time>
						<HeartRateBpm>
							<Value>163</Value>
						</HeartRateBpm>
					</Trackpoint>
					<Trackpoint>
						<Time>2569-05-25T13:18:37Z</Time>
						<HeartRateBpm>
							<Value>163</Value>
						</HeartRateBpm>
					</Trackpoint>
					<Trackpoint>
						<Time>2569-05-25T13:18:38Z</Time>
						<HeartRateBpm>
							<Value>162</Value>
						</HeartRateBpm>
					</Trackpoint>
					<Trackpoint>
						<Time>2569-05-25T13:18:39Z</Time>
						<HeartRateBpm>
							<Value>162</Value>
						</HeartRateBpm>
					</Trackpoint>
					<Trackpoint>
						<Time>2569-05-25T13:18:40Z</Time>
						<HeartRateBpm>
							<Value>162</Value>
						</HeartRateBpm>
					</Trackpoint>
					<Trackpoint>
						<Time>2569-05-25T13:18:41Z</Time>
						<HeartRateBpm>
							<Value>161</Value>
						</HeartRateBpm>
					</Trackpoint>
					<Trackpoint>
						<Time>2569-05-25T13:18:42Z</Time>
						<HeartRateBpm>
							<Value>162</Value>
						</HeartRateBpm>
					</Trackpoint>
					<Trackpoint>
						<Time>2569-05-25T13:18:43Z</Time>
						<HeartRateBpm>
							<Value>163</Value>
						</HeartRateBpm>
					</Trackpoint>
					<Trackpoint>
						<Time>2569-05-25T13:18:44Z</Time>
						<HeartRateBpm>
							<Value>162</Value>
						</HeartRateBpm>
					</Trackpoint>
					<Trackpoint>
						<Time>2569-05-25T13:18:45Z</Time>
						<HeartRateBpm>
							<Value>163</Value>
						</HeartRateBpm>
					</Trackpoint>
					<Trackpoint>
						<Time>2569-05-25T13:18:46Z</Time>
						<HeartRateBpm>
							<Value>165</Value>
						</HeartRateBpm>
					</Trackpoint>
					<Trackpoint>
						<Time>2569-05-25T13:18:47Z</Time>
						<HeartRateBpm>
							<Value>164</Value>
						</HeartRateBpm>
					</Trackpoint>
					<Trackpoint>
						<Time>2569-05-25T13:18:48Z</Time>
						<HeartRateBpm>
							<Value>162</Value>
						</HeartRateBpm>
					</Trackpoint>
					<Trackpoint>
						<Time>2569-05-25T13:18:49Z</Time>
						<HeartRateBpm>
							<Value>164</Value>
						</HeartRateBpm>
					</Trackpoint>
					<Trackpoint>
						<Time>2569-05-25T13:18:50Z</Time>
						<HeartRateBpm>
							<Value>164</Value>
						</HeartRateBpm>
					</Trackpoint>
					<Trackpoint>
						<Time>2569-05-25T13:18:51Z</Time>
						<HeartRateBpm>
							<Value>163</Value>
						</HeartRateBpm>
					</Trackpoint>
					<Trackpoint>
						<Time>2569-05-25T13:18:52Z</Time>
						<HeartRateBpm>
							<Value>162</Value>
						</HeartRateBpm>
					</Trackpoint>
					<Trackpoint>
						<Time>2569-05-25T13:18:53Z</Time>
						<HeartRateBpm>
							<Value>163</Value>
						</HeartRateBpm>
					</Trackpoint>
					<Trackpoint>
						<Time>2569-05-25T13:18:54Z</Time>
						<HeartRateBpm>
							<Value>160</Value>
						</HeartRateBpm>
					</Trackpoint>
					<Trackpoint>
						<Time>2569-05-25T13:18:55Z</Time>
						<HeartRateBpm>
							<Value>160</Value>
						</HeartRateBpm>
					</Trackpoint>
					<Trackpoint>
						<Time>2569-05-25T13:18:56Z</Time>
						<HeartRateBpm>
							<Value>159</Value>
						</HeartRateBpm>
					</Trackpoint>
					<Trackpoint>
						<Time>2569-05-25T13:18:57Z</Time>
						<HeartRateBpm>
							<Value>159</Value>
						</HeartRateBpm>
					</Trackpoint>
					<Trackpoint>
						<Time>2569-05-25T13:18:58Z</Time>
						<HeartRateBpm>
							<Value>159</Value>
						</HeartRateBpm>
					</Trackpoint>
					<Trackpoint>
						<Time>2569-05-25T13:18:59Z</Time>
						<HeartRateBpm>
							<Value>159</Value>
						</HeartRateBpm>
					</Trackpoint>
					<Trackpoint>
						<Time>2569-05-25T13:19:00Z</Time>
						<HeartRateBpm>
							<Value>161</Value>
						</HeartRateBpm>
					</Trackpoint>
					<Trackpoint>
						<Time>2569-05-25T13:19:01Z</Time>
						<HeartRateBpm>
							<Value>162</Value>
						</HeartRateBpm>
					</Trackpoint>
					<Trackpoint>
						<Time>2569-05-25T13:19:02Z</Time>
						<HeartRateBpm>
							<Value>161</Value>
						</HeartRateBpm>
					</Trackpoint>
					<Trackpoint>
						<Time>2569-05-25T13:19:03Z</Time>
						<HeartRateBpm>
							<Value>160</Value>
						</HeartRateBpm>
					</Trackpoint>
					<Trackpoint>
						<Time>2569-05-25T13:19:04Z</Time>
						<HeartRateBpm>
							<Value>160</Value>
						</HeartRateBpm>
					</Trackpoint>
					<Trackpoint>
						<Time>2569-05-25T13:19:05Z</Time>
						<HeartRateBpm>
							<Value>162</Value>
						</HeartRateBpm>
					</Trackpoint>
					<Trackpoint>
						<Time>2569-05-25T13:19:06Z</Time>
						<HeartRateBpm>
							<Value>163</Value>
						</HeartRateBpm>
					</Trackpoint>
					<Trackpoint>
						<Time>2569-05-25T13:19:07Z</Time>
						<HeartRateBpm>
							<Value>165</Value>
						</HeartRateBpm>
					</Trackpoint>
				</Track>
			</Lap>
			<Creator xsi:type="Device_t">
				<Name>Amazfit Active 2 (Round)</Name>
			</Creator>
		</Activity>
	</Activities>
	<Author xsi:type="Application_t">
		<Name>Zepp</Name>
	</Author>
</TrainingCenterDatabase>