<?xml version="1.0" encoding="utf-8" standalone="no"?>
<TrainingCenterDatabase xmlns="http://www.garmin.com/xmlschemas/TrainingCenterDatabase/v2" xmlns:ns2="http://www.garmin.com/xmlschemas/UserProfile/v2" xmlns:ns3="http://www.garmin.com/xmlschemas/ActivityExtension/v2" xmlns:ns4="http://www.garmin.com/xmlschemas/ProfileExtension/v1" xmlns:ns5="http://www.garmin.com/xmlschemas/ActivityGoals/v1" xmlns:xsi="http://www.w3.org/2001/XMLSchema-instance" xsi:schemaLocation="http://www.garmin.com/xmlschemas/TrainingCenterDatabase/v2 http://www.garmin.com/xmlschemas/TrainingCenterDatabasev2.xsd">
	<Activities>
		<Activity Sport="Other">
			<Id>2569-06-29T15:48:17Z</Id>
			<Notes>Jump rope·Interval training</Notes>
			<Lap StartTime="2569-06-29T15:48:17Z">
				<TotalTimeSeconds>912</TotalTimeSeconds>
				<Calories>112</Calories>
				<AverageHeartRateBpm>
					<Value>120</Value>
				</AverageHeartRateBpm>
				<MaximumHeartRateBpm>
					<Value>160</Value>
				</MaximumHeartRateBpm>
				<Intensity>Active</Intensity>
				<TriggerMethod>Manual</TriggerMethod>
				<Track>
					<Trackpoint>
						<Time>2569-06-29T15:48:17Z</Time>
						<HeartRateBpm>
							<Value>74</Value>
						</HeartRateBpm>
					</Trackpoint>
					<Trackpoint>
						<Time>2569-06-29T15:48:17Z</Time>
						<HeartRateBpm>
							<Value>74</Value>
						</HeartRateBpm>
					</Trackpoint>
					<Trackpoint>
						<Time>2569-06-29T15:48:18Z</Time>
						<HeartRateBpm>
							<Value>76</Value>
						</HeartRateBpm>
					</Trackpoint>
					<Trackpoint>
						<Time>2569-06-29T15:48:19Z</Time>
						<HeartRateBpm>
							<Value>75</Value>
						</HeartRateBpm>
					</Trackpoint>
					<Trackpoint>
						<Time>2569-06-29T15:48:20Z</Time>
						<HeartRateBpm>
							<Value>75</Value>
						</HeartRateBpm>
					</Trackpoint>
					<Trackpoint>
						<Time>2569-06-29T15:48:21Z</Time>
						<HeartRateBpm>
							<Value>75</Value>
						</HeartRateBpm>
					</Trackpoint>
					<Trackpoint>
						<Time>2569-06-29T15:48:22Z</Time>
						<HeartRateBpm>
							<Value>75</Value>
						</HeartRateBpm>
					</Trackpoint>
					<Trackpoint>
						<Time>2569-06-29T15:48:23Z</Time>
						<HeartRateBpm>
							<Value>75</Value>
						</HeartRateBpm>
					</Trackpoint>
					<Trackpoint>
						<Time>2569-06-29T15:48:24Z</Time>
						<HeartRateBpm>
							<Value>75</Value>
						</HeartRateBpm>
					</Trackpoint>
					<Trackpoint>
						<Time>2569-06-29T15:48:25Z</Time>
						<HeartRateBpm>
							<Value>76</Value>
						</HeartRateBpm>
					</Trackpoint>
					<Trackpoint>
						<Time>2569-06-29T15:48:26Z</Time>
						<HeartRateBpm>
							<Value>77</Value>
						</HeartRateBpm>
					</Trackpoint>
					<Trackpoint>
						<Time>2569-06-29T15:48:27Z</Time>
						<HeartRateBpm>
							<Value>78</Value>
						</HeartRateBpm>
					</Trackpoint>
					<Trackpoint>
						<Time>2569-06-29T15:48:28Z</Time>
						<HeartRateBpm>
							<Value>78</Value>
						</HeartRateBpm>
					</Trackpoint>
					<Trackpoint>
						<Time>2569-06-29T15:48:29Z</Time>
						<HeartRateBpm>
							<Value>78</Value>
						</HeartRateBpm>
					</Trackpoint>
					<Trackpoint>
						<Time>2569-06-29T15:48:30Z</Time>
						<HeartRateBpm>
							<Value>79</Value>
						</HeartRateBpm>
					</Trackpoint>
					<Trackpoint>
						<Time>2569-06-29T15:48:31Z</Time>
						<HeartRateBpm>
							<Value>78</Value>
						</HeartRateBpm>
					</Trackpoint>
					<Trackpoint>
						<Time>2569-06-29T15:48:32Z</Time>
						<HeartRateBpm>
							<Value>78</Value>
						</HeartRateBpm>
					</Trackpoint>
					<Trackpoint>
						<Time>2569-06-29T15:48:33Z</Time>
						<HeartRateBpm>
							<Value>78</Value>
						</HeartRateBpm>
					</Trackpoint>
					<Trackpoint>
						<Time>2569-06-29T15:48:34Z</Time>
						<HeartRateBpm>
							<Value>79</Value>
						</HeartRateBpm>
					</Trackpoint>
					<Trackpoint>
						<Time>2569-06-29T15:48:35Z</Time>
						<HeartRateBpm>
							<Value>79</Value>
						</HeartRateBpm>
					</Trackpoint>
					<Trackpoint>
						<Time>2569-06-29T15:48:36Z</Time>
						<HeartRateBpm>
							<Value>79</Value>
						</HeartRateBpm>
					</Trackpoint>
					<Trackpoint>
						<Time>2569-06-29T15:48:37Z</Time>
						<HeartRateBpm>
							<Value>79</Value>
						</HeartRateBpm>
					</Trackpoint>
					<Trackpoint>
						<Time>2569-06-29T15:48:38Z</Time>
						<HeartRateBpm>
							<Value>79</Value>
						</HeartRateBpm>
					</Trackpoint>
					<Trackpoint>
						<Time>2569-06-29T15:48:39Z</Time>
						<HeartRateBpm>
							<Value>79</Value>
						</HeartRateBpm>
					</Trackpoint>
					<Trackpoint>
						<Time>2569-06-29T15:48:41Z</Time>
						<HeartRateBpm>
							<Value>80</Value>
						</HeartRateBpm>
					</Trackpoint>
					<Trackpoint>
						<Time>2569-06-29T15:48:41Z</Time>
						<HeartRateBpm>
							<Value>80</Value>
						</HeartRateBpm>
					</Trackpoint>
					<Trackpoint>
						<Time>2569-06-29T15:48:43Z</Time>
						<HeartRateBpm>
							<Value>80</Value>
						</HeartRateBpm>
					</Trackpoint>
					<Trackpoint>
						<Time>2569-06-29T15:48:44Z</Time>
						<HeartRateBpm>
							<Value>80</Value>
						</HeartRateBpm>
					</Trackpoint>
					<Trackpoint>
						<Time>2569-06-29T15:48:45Z</Time>
						<HeartRateBpm>
							<Value>79</Value>
						</HeartRateBpm>
					</Trackpoint>
					<Trackpoint>
						<Time>2569-06-29T15:48:46Z</Time>
						<HeartRateBpm>
							<Value>79</Value>
						</HeartRateBpm>
					</Trackpoint>
					<Trackpoint>
						<Time>2569-06-29T15:48:47Z</Time>
						<HeartRateBpm>
							<Value>79</Value>
						</HeartRateBpm>
					</Trackpoint>
					<Trackpoint>
						<Time>2569-06-29T15:48:48Z</Time>
						<HeartRateBpm>
							<Value>78</Value>
						</HeartRateBpm>
					</Trackpoint>
					<Trackpoint>
						<Time>2569-06-29T15:48:49Z</Time>
						<HeartRateBpm>
							<Value>79</Value>
						</HeartRateBpm>
					</Trackpoint>
					<Trackpoint>
						<Time>2569-06-29T15:48:50Z</Time>
						<HeartRateBpm>
							<Value>79</Value>
						</HeartRateBpm>
					</Trackpoint>
					<Trackpoint>
						<Time>2569-06-29T15:48:51Z</Time>
						<HeartRateBpm>
							<Value>79</Value>
						</HeartRateBpm>
					</Trackpoint>
					<Trackpoint>
						<Time>2569-06-29T15:48:52Z</Time>
						<HeartRateBpm>
							<Value>79</Value>
						</HeartRateBpm>
					</Trackpoint>
					<Trackpoint>
						<Time>2569-06-29T15:48:53Z</Time>
						<HeartRateBpm>
							<Value>79</Value>
						</HeartRateBpm>
					</Trackpoint>
					<Trackpoint>
						<Time>2569-06-29T15:48:54Z</Time>
						<HeartRateBpm>
							<Value>78</Value>
						</HeartRateBpm>
					</Trackpoint>
					<Trackpoint>
						<Time>2569-06-29T15:48:55Z</Time>
						<HeartRateBpm>
							<Value>79</Value>
						</HeartRateBpm>
					</Trackpoint>
					<Trackpoint>
						<Time>2569-06-29T15:48:56Z</Time>
						<HeartRateBpm>
							<Value>79</Value>
						</HeartRateBpm>
					</Trackpoint>
					<Trackpoint>
						<Time>2569-06-29T15:48:57Z</Time>
						<HeartRateBpm>
							<Value>79</Value>
						</HeartRateBpm>
					</Trackpoint>
					<Trackpoint>
						<Time>2569-06-29T15:48:58Z</Time>
						<HeartRateBpm>
							<Value>80</Value>
						</HeartRateBpm>
					</Trackpoint>
					<Trackpoint>
						<Time>2569-06-29T15:48:59Z</Time>
						<HeartRateBpm>
							<Value>79</Value>
						</HeartRateBpm>
					</Trackpoint>
					<Trackpoint>
						<Time>2569-06-29T15:49:00Z</Time>
						<HeartRateBpm>
							<Value>78</Value>
						</HeartRateBpm>
					</Trackpoint>
					<Trackpoint>
						<Time>2569-06-29T15:49:01Z</Time>
						<HeartRateBpm>
							<Value>78</Value>
						</HeartRateBpm>
					</Trackpoint>
					<Trackpoint>
						<Time>2569-06-29T15:49:02Z</Time>
						<HeartRateBpm>
							<Value>78</Value>
						</HeartRateBpm>
					</Trackpoint>
					<Trackpoint>
						<Time>2569-06-29T15:49:03Z</Time>
						<HeartRateBpm>
							<Value>79</Value>
						</HeartRateBpm>
					</Trackpoint>
					<Trackpoint>
						<Time>2569-06-29T15:49:04Z</Time>
						<HeartRateBpm>
							<Value>80</Value>
						</HeartRateBpm>
					</Trackpoint>
					<Trackpoint>
						<Time>2569-06-29T15:49:05Z</Time>
						<HeartRateBpm>
							<Value>82</Value>
						</HeartRateBpm>
					</Trackpoint>
					<Trackpoint>
						<Time>2569-06-29T15:49:06Z</Time>
						<HeartRateBpm>
							<Value>84</Value>
						</HeartRateBpm>
					</Trackpoint>
					<Trackpoint>
						<Time>2569-06-29T15:49:07Z</Time>
						<HeartRateBpm>
							<Value>84</Value>
						</HeartRateBpm>
					</Trackpoint>
					<Trackpoint>
						<Time>2569-06-29T15:49:08Z</Time>
						<HeartRateBpm>
							<Value>84</Value>
						</HeartRateBpm>
					</Trackpoint>
					<Trackpoint>
						<Time>2569-06-29T15:49:09Z</Time>
						<HeartRateBpm>
							<Value>84</Value>
						</HeartRateBpm>
					</Trackpoint>
					<Trackpoint>
						<Time>2569-06-29T15:49:10Z</Time>
						<HeartRateBpm>
							<Value>84</Value>
						</HeartRateBpm>
					</Trackpoint>
					<Trackpoint>
						<Time>2569-06-29T15:49:11Z</Time>
						<HeartRateBpm>
							<Value>83</Value>
						</HeartRateBpm>
					</Trackpoint>
					<Trackpoint>
						<Time>2569-06-29T15:49:12Z</Time>
						<HeartRateBpm>
							<Value>82</Value>
						</HeartRateBpm>
					</Trackpoint>
					<Trackpoint>
						<Time>2569-06-29T15:49:13Z</Time>
						<HeartRateBpm>
							<Value>82</Value>
						</HeartRateBpm>
					</Trackpoint>
					<Trackpoint>
						<Time>2569-06-29T15:49:14Z</Time>
						<HeartRateBpm>
							<Value>81</Value>
						</HeartRateBpm>
					</Trackpoint>
					<Trackpoint>
						<Time>2569-06-29T15:49:15Z</Time>
						<HeartRateBpm>
							<Value>80</Value>
						</HeartRateBpm>
					</Trackpoint>
					<Trackpoint>
						<Time>2569-06-29T15:49:16Z</Time>
						<HeartRateBpm>
							<Value>81</Value>
						</HeartRateBpm>
					</Trackpoint>
					<Trackpoint>
						<Time>2569-06-29T15:49:17Z</Time>
						<HeartRateBpm>
							<Value>82</Value>
						</HeartRateBpm>
					</Trackpoint>
					<Trackpoint>
						<Time>2569-06-29T15:49:18Z</Time>
						<HeartRateBpm>
							<Value>84</Value>
						</HeartRateBpm>
					</Trackpoint>
					<Trackpoint>
						<Time>2569-06-29T15:49:19Z</Time>
						<HeartRateBpm>
							<Value>87</Value>
						</HeartRateBpm>
					</Trackpoint>
					<Trackpoint>
						<Time>2569-06-29T15:49:20Z</Time>
						<HeartRateBpm>
							<Value>88</Value>
						</HeartRateBpm>
					</Trackpoint>
					<Trackpoint>
						<Time>2569-06-29T15:49:21Z</Time>
						<HeartRateBpm>
							<Value>89</Value>
						</HeartRateBpm>
					</Trackpoint>
					<Trackpoint>
						<Time>2569-06-29T15:49:22Z</Time>
						<HeartRateBpm>
							<Value>89</Value>
						</HeartRateBpm>
					</Trackpoint>
					<Trackpoint>
						<Time>2569-06-29T15:49:23Z</Time>
						<HeartRateBpm>
							<Value>88</Value>
						</HeartRateBpm>
					</Trackpoint>
					<Trackpoint>
						<Time>2569-06-29T15:49:24Z</Time>
						<HeartRateBpm>
							<Value>87</Value>
						</HeartRateBpm>
					</Trackpoint>
					<Trackpoint>
						<Time>2569-06-29T15:49:25Z</Time>
						<HeartRateBpm>
							<Value>87</Value>
						</HeartRateBpm>
					</Trackpoint>
					<Trackpoint>
						<Time>2569-06-29T15:49:26Z</Time>
						<HeartRateBpm>
							<Value>88</Value>
						</HeartRateBpm>
					</Trackpoint>
					<Trackpoint>
						<Time>2569-06-29T15:49:27Z</Time>
						<HeartRateBpm>
							<Value>87</Value>
						</HeartRateBpm>
					</Trackpoint>
					<Trackpoint>
						<Time>2569-06-29T15:49:28Z</Time>
						<HeartRateBpm>
							<Value>88</Value>
						</HeartRateBpm>
					</Trackpoint>
					<Trackpoint>
						<Time>2569-06-29T15:49:29Z</Time>
						<HeartRateBpm>
							<Value>88</Value>
						</HeartRateBpm>
					</Trackpoint>
					<Trackpoint>
						<Time>2569-06-29T15:49:30Z</Time>
						<HeartRateBpm>
							<Value>89</Value>
						</HeartRateBpm>
					</Trackpoint>
					<Trackpoint>
						<Time>2569-06-29T15:49:31Z</Time>
						<HeartRateBpm>
							<Value>91</Value>
						</HeartRateBpm>
					</Trackpoint>
					<Trackpoint>
						<Time>2569-06-29T15:49:32Z</Time>
						<HeartRateBpm>
							<Value>90</Value>
						</HeartRateBpm>
					</Trackpoint>
					<Trackpoint>
						<Time>2569-06-29T15:49:33Z</Time>
						<HeartRateBpm>
							<Value>89</Value>
						</HeartRateBpm>
					</Trackpoint>
					<Trackpoint>
						<Time>2569-06-29T15:49:34Z</Time>
						<HeartRateBpm>
							<Value>89</Value>
						</HeartRateBpm>
					</Trackpoint>
					<Trackpoint>
						<Time>2569-06-29T15:49:35Z</Time>
						<HeartRateBpm>
							<Value>88</Value>
						</HeartRateBpm>
					</Trackpoint>
					<Trackpoint>
						<Time>2569-06-29T15:49:36Z</Time>
						<HeartRateBpm>
							<Value>87</Value>
						</HeartRateBpm>
					</Trackpoint>
					<Trackpoint>
						<Time>2569-06-29T15:49:37Z</Time>
						<HeartRateBpm>
							<Value>87</Value>
						</HeartRateBpm>
					</Trackpoint>
					<Trackpoint>
						<Time>2569-06-29T15:49:38Z</Time>
						<HeartRateBpm>
							<Value>89</Value>
						</HeartRateBpm>
					</Trackpoint>
					<Trackpoint>
						<Time>2569-06-29T15:49:39Z</Time>
						<HeartRateBpm>
							<Value>87</Value>
						</HeartRateBpm>
					</Trackpoint>
					<Trackpoint>
						<Time>2569-06-29T15:49:40Z</Time>
						<HeartRateBpm>
							<Value>87</Value>
						</HeartRateBpm>
					</Trackpoint>
					<Trackpoint>
						<Time>2569-06-29T15:49:41Z</Time>
						<HeartRateBpm>
							<Value>86</Value>
						</HeartRateBpm>
					</Trackpoint>
					<Trackpoint>
						<Time>2569-06-29T15:49:42Z</Time>
						<HeartRateBpm>
							<Value>85</Value>
						</HeartRateBpm>
					</Trackpoint>
					<Trackpoint>
						<Time>2569-06-29T15:49:43Z</Time>
						<HeartRateBpm>
							<Value>84</Value>
						</HeartRateBpm>
					</Trackpoint>
					<Trackpoint>
						<Time>2569-06-29T15:49:44Z</Time>
						<HeartRateBpm>
							<Value>84</Value>
						</HeartRateBpm>
					</Trackpoint>
					<Trackpoint>
						<Time>2569-06-29T15:49:45Z</Time>
						<HeartRateBpm>
							<Value>84</Value>
						</HeartRateBpm>
					</Trackpoint>
					<Trackpoint>
						<Time>2569-06-29T15:49:46Z</Time>
						<HeartRateBpm>
							<Value>84</Value>
						</HeartRateBpm>
					</Trackpoint>
					<Trackpoint>
						<Time>2569-06-29T15:49:47Z</Time>
						<HeartRateBpm>
							<Value>84</Value>
						</HeartRateBpm>
					</Trackpoint>
					<Trackpoint>
						<Time>2569-06-29T15:49:48Z</Time>
						<HeartRateBpm>
							<Value>85</Value>
						</HeartRateBpm>
					</Trackpoint>
					<Trackpoint>
						<Time>2569-06-29T15:49:49Z</Time>
						<HeartRateBpm>
							<Value>85</Value>
						</HeartRateBpm>
					</Trackpoint>
					<Trackpoint>
						<Time>2569-06-29T15:49:50Z</Time>
						<HeartRateBpm>
							<Value>85</Value>
						</HeartRateBpm>
					</Trackpoint>
					<Trackpoint>
						<Time>2569-06-29T15:49:51Z</Time>
						<HeartRateBpm>
							<Value>84</Value>
						</HeartRateBpm>
					</Trackpoint>
					<Trackpoint>
						<Time>2569-06-29T15:49:52Z</Time>
						<HeartRateBpm>
							<Value>84</Value>
						</HeartRateBpm>
					</Trackpoint>
					<Trackpoint>
						<Time>2569-06-29T15:49:53Z</Time>
						<HeartRateBpm>
							<Value>84</Value>
						</HeartRateBpm>
					</Trackpoint>
					<Trackpoint>
						<Time>2569-06-29T15:49:54Z</Time>
						<HeartRateBpm>
							<Value>84</Value>
						</HeartRateBpm>
					</Trackpoint>
					<Trackpoint>
						<Time>2569-06-29T15:49:55Z</Time>
						<HeartRateBpm>
							<Value>85</Value>
						</HeartRateBpm>
					</Trackpoint>
					<Trackpoint>
						<Time>2569-06-29T15:49:58Z</Time>
						<HeartRateBpm>
							<Value>84</Value>
						</HeartRateBpm>
					</Trackpoint>
					<Trackpoint>
						<Time>2569-06-29T15:49:59Z</Time>
						<HeartRateBpm>
							<Value>84</Value>
						</HeartRateBpm>
					</Trackpoint>
					<Trackpoint>
						<Time>2569-06-29T15:50:00Z</Time>
						<HeartRateBpm>
							<Value>84</Value>
						</HeartRateBpm>
					</Trackpoint>
					<Trackpoint>
						<Time>2569-06-29T15:50:01Z</Time>
						<HeartRateBpm>
							<Value>84</Value>
						</HeartRateBpm>
					</Trackpoint>
					<Trackpoint>
						<Time>2569-06-29T15:50:02Z</Time>
						<HeartRateBpm>
							<Value>84</Value>
						</HeartRateBpm>
					</Trackpoint>
					<Trackpoint>
						<Time>2569-06-29T15:50:03Z</Time>
						<HeartRateBpm>
							<Value>84</Value>
						</HeartRateBpm>
					</Trackpoint>
					<Trackpoint>
						<Time>2569-06-29T15:50:04Z</Time>
						<HeartRateBpm>
							<Value>85</Value>
						</HeartRateBpm>
					</Trackpoint>
					<Trackpoint>
						<Time>2569-06-29T15:50:05Z</Time>
						<HeartRateBpm>
							<Value>85</Value>
						</HeartRateBpm>
					</Trackpoint>
					<Trackpoint>
						<Time>2569-06-29T15:50:06Z</Time>
						<HeartRateBpm>
							<Value>84</Value>
						</HeartRateBpm>
					</Trackpoint>
					<Trackpoint>
						<Time>2569-06-29T15:50:07Z</Time>
						<HeartRateBpm>
							<Value>86</Value>
						</HeartRateBpm>
					</Trackpoint>
					<Trackpoint>
						<Time>2569-06-29T15:50:08Z</Time>
						<HeartRateBpm>
							<Value>86</Value>
						</HeartRateBpm>
					</Trackpoint>
					<Trackpoint>
						<Time>2569-06-29T15:50:09Z</Time>
						<HeartRateBpm>
							<Value>84</Value>
						</HeartRateBpm>
					</Trackpoint>
					<Trackpoint>
						<Time>2569-06-29T15:50:10Z</Time>
						<HeartRateBpm>
							<Value>85</Value>
						</HeartRateBpm>
					</Trackpoint>
					<Trackpoint>
						<Time>2569-06-29T15:50:11Z</Time>
						<HeartRateBpm>
							<Value>85</Value>
						</HeartRateBpm>
					</Trackpoint>
					<Trackpoint>
						<Time>2569-06-29T15:50:12Z</Time>
						<HeartRateBpm>
							<Value>86</Value>
						</HeartRateBpm>
					</Trackpoint>
					<Trackpoint>
						<Time>2569-06-29T15:50:13Z</Time>
						<HeartRateBpm>
							<Value>87</Value>
						</HeartRateBpm>
					</Trackpoint>
					<Trackpoint>
						<Time>2569-06-29T15:50:14Z</Time>
						<HeartRateBpm>
							<Value>88</Value>
						</HeartRateBpm>
					</Trackpoint>
					<Trackpoint>
						<Time>2569-06-29T15:50:15Z</Time>
						<HeartRateBpm>
							<Value>89</Value>
						</HeartRateBpm>
					</Trackpoint>
					<Trackpoint>
						<Time>2569-06-29T15:50:16Z</Time>
						<HeartRateBpm>
							<Value>91</Value>
						</HeartRateBpm>
					</Trackpoint>
					<Trackpoint>
						<Time>2569-06-29T15:50:17Z</Time>
						<HeartRateBpm>
							<Value>92</Value>
						</HeartRateBpm>
					</Trackpoint>
					<Trackpoint>
						<Time>2569-06-29T15:50:18Z</Time>
						<HeartRateBpm>
							<Value>93</Value>
						</HeartRateBpm>
					</Trackpoint>
					<Trackpoint>
						<Time>2569-06-29T15:50:19Z</Time>
						<HeartRateBpm>
							<Value>93</Value>
						</HeartRateBpm>
					</Trackpoint>
					<Trackpoint>
						<Time>2569-06-29T15:50:20Z</Time>
						<HeartRateBpm>
							<Value>96</Value>
						</HeartRateBpm>
					</Trackpoint>
					<Trackpoint>
						<Time>2569-06-29T15:50:21Z</Time>
						<HeartRateBpm>
							<Value>97</Value>
						</HeartRateBpm>
					</Trackpoint>
					<Trackpoint>
						<Time>2569-06-29T15:50:22Z</Time>
						<HeartRateBpm>
							<Value>98</Value>
						</HeartRateBpm>
					</Trackpoint>
					<Trackpoint>
						<Time>2569-06-29T15:50:23Z</Time>
						<HeartRateBpm>
							<Value>98</Value>
						</HeartRateBpm>
					</Trackpoint>
					<Trackpoint>
						<Time>2569-06-29T15:50:24Z</Time>
						<HeartRateBpm>
							<Value>99</Value>
						</HeartRateBpm>
					</Trackpoint>
					<Trackpoint>
						<Time>2569-06-29T15:50:25Z</Time>
						<HeartRateBpm>
							<Value>101</Value>
						</HeartRateBpm>
					</Trackpoint>
					<Trackpoint>
						<Time>2569-06-29T15:50:26Z</Time>
						<HeartRateBpm>
							<Value>102</Value>
						</HeartRateBpm>
					</Trackpoint>
					<Trackpoint>
						<Time>2569-06-29T15:50:27Z</Time>
						<HeartRateBpm>
							<Value>103</Value>
						</HeartRateBpm>
					</Trackpoint>
					<Trackpoint>
						<Time>2569-06-29T15:50:28Z</Time>
						<HeartRateBpm>
							<Value>105</Value>
						</HeartRateBpm>
					</Trackpoint>
					<Trackpoint>
						<Time>2569-06-29T15:50:29Z</Time>
						<HeartRateBpm>
							<Value>107</Value>
						</HeartRateBpm>
					</Trackpoint>
					<Trackpoint>
						<Time>2569-06-29T15:50:30Z</Time>
						<HeartRateBpm>
							<Value>108</Value>
						</HeartRateBpm>
					</Trackpoint>
					<Trackpoint>
						<Time>2569-06-29T15:50:31Z</Time>
						<HeartRateBpm>
							<Value>109</Value>
						</HeartRateBpm>
					</Trackpoint>
					<Trackpoint>
						<Time>2569-06-29T15:50:32Z</Time>
						<HeartRateBpm>
							<Value>110</Value>
						</HeartRateBpm>
					</Trackpoint>
					<Trackpoint>
						<Time>2569-06-29T15:50:33Z</Time>
						<HeartRateBpm>
							<Value>110</Value>
						</HeartRateBpm>
					</Trackpoint>
					<Trackpoint>
						<Time>2569-06-29T15:50:34Z</Time>
						<HeartRateBpm>
							<Value>112</Value>
						</HeartRateBpm>
					</Trackpoint>
					<Trackpoint>
						<Time>2569-06-29T15:50:35Z</Time>
						<HeartRateBpm>
							<Value>113</Value>
						</HeartRateBpm>
					</Trackpoint>
					<Trackpoint>
						<Time>2569-06-29T15:50:36Z</Time>
						<HeartRateBpm>
							<Value>114</Value>
						</HeartRateBpm>
					</Trackpoint>
					<Trackpoint>
						<Time>2569-06-29T15:50:37Z</Time>
						<HeartRateBpm>
							<Value>115</Value>
						</HeartRateBpm>
					</Trackpoint>
					<Trackpoint>
						<Time>2569-06-29T15:50:38Z</Time>
						<HeartRateBpm>
							<Value>113</Value>
						</HeartRateBpm>
					</Trackpoint>
					<Trackpoint>
						<Time>2569-06-29T15:50:39Z</Time>
						<HeartRateBpm>
							<Value>113</Value>
						</HeartRateBpm>
					</Trackpoint>
					<Trackpoint>
						<Time>2569-06-29T15:50:40Z</Time>
						<HeartRateBpm>
							<Value>113</Value>
						</HeartRateBpm>
					</Trackpoint>
					<Trackpoint>
						<Time>2569-06-29T15:50:41Z</Time>
						<HeartRateBpm>
							<Value>113</Value>
						</HeartRateBpm>
					</Trackpoint>
					<Trackpoint>
						<Time>2569-06-29T15:50:42Z</Time>
						<HeartRateBpm>
							<Value>112</Value>
						</HeartRateBpm>
					</Trackpoint>
					<Trackpoint>
						<Time>2569-06-29T15:50:43Z</Time>
						<HeartRateBpm>
							<Value>114</Value>
						</HeartRateBpm>
					</Trackpoint>
					<Trackpoint>
						<Time>2569-06-29T15:50:44Z</Time>
						<HeartRateBpm>
							<Value>116</Value>
						</HeartRateBpm>
					</Trackpoint>
					<Trackpoint>
						<Time>2569-06-29T15:50:45Z</Time>
						<HeartRateBpm>
							<Value>117</Value>
						</HeartRateBpm>
					</Trackpoint>
					<Trackpoint>
						<Time>2569-06-29T15:50:46Z</Time>
						<HeartRateBpm>
							<Value>115</Value>
						</HeartRateBpm>
					</Trackpoint>
					<Trackpoint>
						<Time>2569-06-29T15:50:47Z</Time>
						<HeartRateBpm>
							<Value>115</Value>
						</HeartRateBpm>
					</Trackpoint>
					<Trackpoint>
						<Time>2569-06-29T15:50:48Z</Time>
						<HeartRateBpm>
							<Value>116</Value>
						</HeartRateBpm>
					</Trackpoint>
					<Trackpoint>
						<Time>2569-06-29T15:50:49Z</Time>
						<HeartRateBpm>
							<Value>117</Value>
						</HeartRateBpm>
					</Trackpoint>
					<Trackpoint>
						<Time>2569-06-29T15:50:50Z</Time>
						<HeartRateBpm>
							<Value>117</Value>
						</HeartRateBpm>
					</Trackpoint>
					<Trackpoint>
						<Time>2569-06-29T15:50:51Z</Time>
						<HeartRateBpm>
							<Value>118</Value>
						</HeartRateBpm>
					</Trackpoint>
					<Trackpoint>
						<Time>2569-06-29T15:50:52Z</Time>
						<HeartRateBpm>
							<Value>119</Value>
						</HeartRateBpm>
					</Trackpoint>
					<Trackpoint>
						<Time>2569-06-29T15:50:53Z</Time>
						<HeartRateBpm>
							<Value>120</Value>
						</HeartRateBpm>
					</Trackpoint>
					<Trackpoint>
						<Time>2569-06-29T15:50:54Z</Time>
						<HeartRateBpm>
							<Value>120</Value>
						</HeartRateBpm>
					</Trackpoint>
					<Trackpoint>
						<Time>2569-06-29T15:50:55Z</Time>
						<HeartRateBpm>
							<Value>121</Value>
						</HeartRateBpm>
					</Trackpoint>
					<Trackpoint>
						<Time>2569-06-29T15:50:56Z</Time>
						<HeartRateBpm>
							<Value>122</Value>
						</HeartRateBpm>
					</Trackpoint>
					<Trackpoint>
						<Time>2569-06-29T15:50:57Z</Time>
						<HeartRateBpm>
							<Value>122</Value>
						</HeartRateBpm>
					</Trackpoint>
					<Trackpoint>
						<Time>2569-06-29T15:50:58Z</Time>
						<HeartRateBpm>
							<Value>122</Value>
						</HeartRateBpm>
					</Trackpoint>
					<Trackpoint>
						<Time>2569-06-29T15:50:59Z</Time>
						<HeartRateBpm>
							<Value>121</Value>
						</HeartRateBpm>
					</Trackpoint>
					<Trackpoint>
						<Time>2569-06-29T15:51:00Z</Time>
						<HeartRateBpm>
							<Value>124</Value>
						</HeartRateBpm>
					</Trackpoint>
					<Trackpoint>
						<Time>2569-06-29T15:51:01Z</Time>
						<HeartRateBpm>
							<Value>125</Value>
						</HeartRateBpm>
					</Trackpoint>
					<Trackpoint>
						<Time>2569-06-29T15:51:02Z</Time>
						<HeartRateBpm>
							<Value>124</Value>
						</HeartRateBpm>
					</Trackpoint>
					<Trackpoint>
						<Time>2569-06-29T15:51:03Z</Time>
						<HeartRateBpm>
							<Value>124</Value>
						</HeartRateBpm>
					</Trackpoint>
					<Trackpoint>
						<Time>2569-06-29T15:51:04Z</Time>
						<HeartRateBpm>
							<Value>124</Value>
						</HeartRateBpm>
					</Trackpoint>
					<Trackpoint>
						<Time>2569-06-29T15:51:05Z</Time>
						<HeartRateBpm>
							<Value>124</Value>
						</HeartRateBpm>
					</Trackpoint>
					<Trackpoint>
						<Time>2569-06-29T15:51:06Z</Time>
						<HeartRateBpm>
							<Value>123</Value>
						</HeartRateBpm>
					</Trackpoint>
					<Trackpoint>
						<Time>2569-06-29T15:51:07Z</Time>
						<HeartRateBpm>
							<Value>123</Value>
						</HeartRateBpm>
					</Trackpoint>
					<Trackpoint>
						<Time>2569-06-29T15:51:08Z</Time>
						<HeartRateBpm>
							<Value>122</Value>
						</HeartRateBpm>
					</Trackpoint>
					<Trackpoint>
						<Time>2569-06-29T15:51:09Z</Time>
						<HeartRateBpm>
							<Value>123</Value>
						</HeartRateBpm>
					</Trackpoint>
					<Trackpoint>
						<Time>2569-06-29T15:51:10Z</Time>
						<HeartRateBpm>
							<Value>125</Value>
						</HeartRateBpm>
					</Trackpoint>
					<Trackpoint>
						<Time>2569-06-29T15:51:11Z</Time>
						<HeartRateBpm>
							<Value>125</Value>
						</HeartRateBpm>
					</Trackpoint>
					<Trackpoint>
						<Time>2569-06-29T15:51:12Z</Time>
						<HeartRateBpm>
							<Value>124</Value>
						</HeartRateBpm>
					</Trackpoint>
					<Trackpoint>
						<Time>2569-06-29T15:51:13Z</Time>
						<HeartRateBpm>
							<Value>123</Value>
						</HeartRateBpm>
					</Trackpoint>
					<Trackpoint>
						<Time>2569-06-29T15:51:14Z</Time>
						<HeartRateBpm>
							<Value>122</Value>
						</HeartRateBpm>
					</Trackpoint>
					<Trackpoint>
						<Time>2569-06-29T15:51:15Z</Time>
						<HeartRateBpm>
							<Value>121</Value>
						</HeartRateBpm>
					</Trackpoint>
					<Trackpoint>
						<Time>2569-06-29T15:51:16Z</Time>
						<HeartRateBpm>
							<Value>120</Value>
						</HeartRateBpm>
					</Trackpoint>
					<Trackpoint>
						<Time>2569-06-29T15:51:17Z</Time>
						<HeartRateBpm>
							<Value>120</Value>
						</HeartRateBpm>
					</Trackpoint>
					<Trackpoint>
						<Time>2569-06-29T15:51:18Z</Time>
						<HeartRateBpm>
							<Value>121</Value>
						</HeartRateBpm>
					</Trackpoint>
					<Trackpoint>
						<Time>2569-06-29T15:51:19Z</Time>
						<HeartRateBpm>
							<Value>120</Value>
						</HeartRateBpm>
					</Trackpoint>
					<Trackpoint>
						<Time>2569-06-29T15:51:20Z</Time>
						<HeartRateBpm>
							<Value>120</Value>
						</HeartRateBpm>
					</Trackpoint>
					<Trackpoint>
						<Time>2569-06-29T15:51:21Z</Time>
						<HeartRateBpm>
							<Value>120</Value>
						</HeartRateBpm>
					</Trackpoint>
					<Trackpoint>
						<Time>2569-06-29T15:51:22Z</Time>
						<HeartRateBpm>
							<Value>120</Value>
						</HeartRateBpm>
					</Trackpoint>
					<Trackpoint>
						<Time>2569-06-29T15:51:23Z</Time>
						<HeartRateBpm>
							<Value>119</Value>
						</HeartRateBpm>
					</Trackpoint>
					<Trackpoint>
						<Time>2569-06-29T15:51:24Z</Time>
						<HeartRateBpm>
							<Value>119</Value>
						</HeartRateBpm>
					</Trackpoint>
					<Trackpoint>
						<Time>2569-06-29T15:51:25Z</Time>
						<HeartRateBpm>
							<Value>119</Value>
						</HeartRateBpm>
					</Trackpoint>
					<Trackpoint>
						<Time>2569-06-29T15:51:26Z</Time>
						<HeartRateBpm>
							<Value>118</Value>
						</HeartRateBpm>
					</Trackpoint>
					<Trackpoint>
						<Time>2569-06-29T15:51:27Z</Time>
						<HeartRateBpm>
							<Value>117</Value>
						</HeartRateBpm>
					</Trackpoint>
					<Trackpoint>
						<Time>2569-06-29T15:51:28Z</Time>
						<HeartRateBpm>
							<Value>116</Value>
						</HeartRateBpm>
					</Trackpoint>
					<Trackpoint>
						<Time>2569-06-29T15:51:29Z</Time>
						<HeartRateBpm>
							<Value>115</Value>
						</HeartRateBpm>
					</Trackpoint>
					<Trackpoint>
						<Time>2569-06-29T15:51:30Z</Time>
						<HeartRateBpm>
							<Value>115</Value>
						</HeartRateBpm>
					</Trackpoint>
					<Trackpoint>
						<Time>2569-06-29T15:51:31Z</Time>
						<HeartRateBpm>
							<Value>116</Value>
						</HeartRateBpm>
					</Trackpoint>
					<Trackpoint>
						<Time>2569-06-29T15:51:32Z</Time>
						<HeartRateBpm>
							<Value>116</Value>
						</HeartRateBpm>
					</Trackpoint>
					<Trackpoint>
						<Time>2569-06-29T15:51:33Z</Time>
						<HeartRateBpm>
							<Value>115</Value>
						</HeartRateBpm>
					</Trackpoint>
					<Trackpoint>
						<Time>2569-06-29T15:51:34Z</Time>
						<HeartRateBpm>
							<Value>115</Value>
						</HeartRateBpm>
					</Trackpoint>
					<Trackpoint>
						<Time>2569-06-29T15:51:35Z</Time>
						<HeartRateBpm>
							<Value>114</Value>
						</HeartRateBpm>
					</Trackpoint>
					<Trackpoint>
						<Time>2569-06-29T15:51:36Z</Time>
						<HeartRateBpm>
							<Value>114</Value>
						</HeartRateBpm>
					</Trackpoint>
					<Trackpoint>
						<Time>2569-06-29T15:51:37Z</Time>
						<HeartRateBpm>
							<Value>113</Value>
						</HeartRateBpm>
					</Trackpoint>
					<Trackpoint>
						<Time>2569-06-29T15:51:38Z</Time>
						<HeartRateBpm>
							<Value>112</Value>
						</HeartRateBpm>
					</Trackpoint>
					<Trackpoint>
						<Time>2569-06-29T15:51:39Z</Time>
						<HeartRateBpm>
							<Value>110</Value>
						</HeartRateBpm>
					</Trackpoint>
					<Trackpoint>
						<Time>2569-06-29T15:51:40Z</Time>
						<HeartRateBpm>
							<Value>109</Value>
						</HeartRateBpm>
					</Trackpoint>
					<Trackpoint>
						<Time>2569-06-29T15:51:41Z</Time>
						<HeartRateBpm>
							<Value>108</Value>
						</HeartRateBpm>
					</Trackpoint>
					<Trackpoint>
						<Time>2569-06-29T15:51:42Z</Time>
						<HeartRateBpm>
							<Value>107</Value>
						</HeartRateBpm>
					</Trackpoint>
					<Trackpoint>
						<Time>2569-06-29T15:51:43Z</Time>
						<HeartRateBpm>
							<Value>107</Value>
						</HeartRateBpm>
					</Trackpoint>
					<Trackpoint>
						<Time>2569-06-29T15:51:44Z</Time>
						<HeartRateBpm>
							<Value>105</Value>
						</HeartRateBpm>
					</Trackpoint>
					<Trackpoint>
						<Time>2569-06-29T15:51:45Z</Time>
						<HeartRateBpm>
							<Value>105</Value>
						</HeartRateBpm>
					</Trackpoint>
					<Trackpoint>
						<Time>2569-06-29T15:51:46Z</Time>
						<HeartRateBpm>
							<Value>104</Value>
						</HeartRateBpm>
					</Trackpoint>
					<Trackpoint>
						<Time>2569-06-29T15:51:47Z</Time>
						<HeartRateBpm>
							<Value>104</Value>
						</HeartRateBpm>
					</Trackpoint>
					<Trackpoint>
						<Time>2569-06-29T15:51:48Z</Time>
						<HeartRateBpm>
							<Value>102</Value>
						</HeartRateBpm>
					</Trackpoint>
					<Trackpoint>
						<Time>2569-06-29T15:51:49Z</Time>
						<HeartRateBpm>
							<Value>100</Value>
						</HeartRateBpm>
					</Trackpoint>
					<Trackpoint>
						<Time>2569-06-29T15:51:50Z</Time>
						<HeartRateBpm>
							<Value>100</Value>
						</HeartRateBpm>
					</Trackpoint>
					<Trackpoint>
						<Time>2569-06-29T15:51:51Z</Time>
						<HeartRateBpm>
							<Value>100</Value>
						</HeartRateBpm>
					</Trackpoint>
					<Trackpoint>
						<Time>2569-06-29T15:51:52Z</Time>
						<HeartRateBpm>
							<Value>100</Value>
						</HeartRateBpm>
					</Trackpoint>
					<Trackpoint>
						<Time>2569-06-29T15:51:53Z</Time>
						<HeartRateBpm>
							<Value>101</Value>
						</HeartRateBpm>
					</Trackpoint>
					<Trackpoint>
						<Time>2569-06-29T15:51:54Z</Time>
						<HeartRateBpm>
							<Value>101</Value>
						</HeartRateBpm>
					</Trackpoint>
					<Trackpoint>
						<Time>2569-06-29T15:51:55Z</Time>
						<HeartRateBpm>
							<Value>103</Value>
						</HeartRateBpm>
					</Trackpoint>
					<Trackpoint>
						<Time>2569-06-29T15:51:56Z</Time>
						<HeartRateBpm>
							<Value>102</Value>
						</HeartRateBpm>
					</Trackpoint>
					<Trackpoint>
						<Time>2569-06-29T15:51:57Z</Time>
						<HeartRateBpm>
							<Value>102</Value>
						</HeartRateBpm>
					</Trackpoint>
					<Trackpoint>
						<Time>2569-06-29T15:51:58Z</Time>
						<HeartRateBpm>
							<Value>102</Value>
						</HeartRateBpm>
					</Trackpoint>
					<Trackpoint>
						<Time>2569-06-29T15:51:59Z</Time>
						<HeartRateBpm>
							<Value>101</Value>
						</HeartRateBpm>
					</Trackpoint>
					<Trackpoint>
						<Time>2569-06-29T15:52:00Z</Time>
						<HeartRateBpm>
							<Value>101</Value>
						</HeartRateBpm>
					</Trackpoint>
					<Trackpoint>
						<Time>2569-06-29T15:52:01Z</Time>
						<HeartRateBpm>
							<Value>101</Value>
						</HeartRateBpm>
					</Trackpoint>
					<Trackpoint>
						<Time>2569-06-29T15:52:02Z</Time>
						<HeartRateBpm>
							<Value>101</Value>
						</HeartRateBpm>
					</Trackpoint>
					<Trackpoint>
						<Time>2569-06-29T15:52:03Z</Time>
						<HeartRateBpm>
							<Value>101</Value>
						</HeartRateBpm>
					</Trackpoint>
					<Trackpoint>
						<Time>2569-06-29T15:52:04Z</Time>
						<HeartRateBpm>
							<Value>100</Value>
						</HeartRateBpm>
					</Trackpoint>
					<Trackpoint>
						<Time>2569-06-29T15:52:05Z</Time>
						<HeartRateBpm>
							<Value>99</Value>
						</HeartRateBpm>
					</Trackpoint>
					<Trackpoint>
						<Time>2569-06-29T15:52:06Z</Time>
						<HeartRateBpm>
							<Value>98</Value>
						</HeartRateBpm>
					</Trackpoint>
					<Trackpoint>
						<Time>2569-06-29T15:52:07Z</Time>
						<HeartRateBpm>
							<Value>95</Value>
						</HeartRateBpm>
					</Trackpoint>
					<Trackpoint>
						<Time>2569-06-29T15:52:08Z</Time>
						<HeartRateBpm>
							<Value>94</Value>
						</HeartRateBpm>
					</Trackpoint>
					<Trackpoint>
						<Time>2569-06-29T15:52:09Z</Time>
						<HeartRateBpm>
							<Value>94</Value>
						</HeartRateBpm>
					</Trackpoint>
					<Trackpoint>
						<Time>2569-06-29T15:52:10Z</Time>
						<HeartRateBpm>
							<Value>93</Value>
						</HeartRateBpm>
					</Trackpoint>
					<Trackpoint>
						<Time>2569-06-29T15:52:11Z</Time>
						<HeartRateBpm>
							<Value>93</Value>
						</HeartRateBpm>
					</Trackpoint>
					<Trackpoint>
						<Time>2569-06-29T15:52:12Z</Time>
						<HeartRateBpm>
							<Value>92</Value>
						</HeartRateBpm>
					</Trackpoint>
					<Trackpoint>
						<Time>2569-06-29T15:52:13Z</Time>
						<HeartRateBpm>
							<Value>91</Value>
						</HeartRateBpm>
					</Trackpoint>
					<Trackpoint>
						<Time>2569-06-29T15:52:14Z</Time>
						<HeartRateBpm>
							<Value>90</Value>
						</HeartRateBpm>
					</Trackpoint>
					<Trackpoint>
						<Time>2569-06-29T15:52:15Z</Time>
						<HeartRateBpm>
							<Value>90</Value>
						</HeartRateBpm>
					</Trackpoint>
					<Trackpoint>
						<Time>2569-06-29T15:52:16Z</Time>
						<HeartRateBpm>
							<Value>89</Value>
						</HeartRateBpm>
					</Trackpoint>
					<Trackpoint>
						<Time>2569-06-29T15:52:17Z</Time>
						<HeartRateBpm>
							<Value>89</Value>
						</HeartRateBpm>
					</Trackpoint>
					<Trackpoint>
						<Time>2569-06-29T15:52:18Z</Time>
						<HeartRateBpm>
							<Value>88</Value>
						</HeartRateBpm>
					</Trackpoint>
					<Trackpoint>
						<Time>2569-06-29T15:52:19Z</Time>
						<HeartRateBpm>
							<Value>88</Value>
						</HeartRateBpm>
					</Trackpoint>
					<Trackpoint>
						<Time>2569-06-29T15:52:20Z</Time>
						<HeartRateBpm>
							<Value>90</Value>
						</HeartRateBpm>
					</Trackpoint>
					<Trackpoint>
						<Time>2569-06-29T15:52:21Z</Time>
						<HeartRateBpm>
							<Value>92</Value>
						</HeartRateBpm>
					</Trackpoint>
					<Trackpoint>
						<Time>2569-06-29T15:52:22Z</Time>
						<HeartRateBpm>
							<Value>93</Value>
						</HeartRateBpm>
					</Trackpoint>
					<Trackpoint>
						<Time>2569-06-29T15:52:23Z</Time>
						<HeartRateBpm>
							<Value>95</Value>
						</HeartRateBpm>
					</Trackpoint>
					<Trackpoint>
						<Time>2569-06-29T15:52:24Z</Time>
						<HeartRateBpm>
							<Value>96</Value>
						</HeartRateBpm>
					</Trackpoint>
					<Trackpoint>
						<Time>2569-06-29T15:52:25Z</Time>
						<HeartRateBpm>
							<Value>97</Value>
						</HeartRateBpm>
					</Trackpoint>
					<Trackpoint>
						<Time>2569-06-29T15:52:26Z</Time>
						<HeartRateBpm>
							<Value>98</Value>
						</HeartRateBpm>
					</Trackpoint>
					<Trackpoint>
						<Time>2569-06-29T15:52:27Z</Time>
						<HeartRateBpm>
							<Value>99</Value>
						</HeartRateBpm>
					</Trackpoint>
					<Trackpoint>
						<Time>2569-06-29T15:52:28Z</Time>
						<HeartRateBpm>
							<Value>101</Value>
						</HeartRateBpm>
					</Trackpoint>
					<Trackpoint>
						<Time>2569-06-29T15:52:29Z</Time>
						<HeartRateBpm>
							<Value>102</Value>
						</HeartRateBpm>
					</Trackpoint>
					<Trackpoint>
						<Time>2569-06-29T15:52:30Z</Time>
						<HeartRateBpm>
							<Value>104</Value>
						</HeartRateBpm>
					</Trackpoint>
					<Trackpoint>
						<Time>2569-06-29T15:52:31Z</Time>
						<HeartRateBpm>
							<Value>107</Value>
						</HeartRateBpm>
					</Trackpoint>
					<Trackpoint>
						<Time>2569-06-29T15:52:32Z</Time>
						<HeartRateBpm>
							<Value>108</Value>
						</HeartRateBpm>
					</Trackpoint>
					<Trackpoint>
						<Time>2569-06-29T15:52:33Z</Time>
						<HeartRateBpm>
							<Value>110</Value>
						</HeartRateBpm>
					</Trackpoint>
					<Trackpoint>
						<Time>2569-06-29T15:52:34Z</Time>
						<HeartRateBpm>
							<Value>112</Value>
						</HeartRateBpm>
					</Trackpoint>
					<Trackpoint>
						<Time>2569-06-29T15:52:35Z</Time>
						<HeartRateBpm>
							<Value>113</Value>
						</HeartRateBpm>
					</Trackpoint>
					<Trackpoint>
						<Time>2569-06-29T15:52:36Z</Time>
						<HeartRateBpm>
							<Value>115</Value>
						</HeartRateBpm>
					</Trackpoint>
					<Trackpoint>
						<Time>2569-06-29T15:52:37Z</Time>
						<HeartRateBpm>
							<Value>115</Value>
						</HeartRateBpm>
					</Trackpoint>
					<Trackpoint>
						<Time>2569-06-29T15:52:38Z</Time>
						<HeartRateBpm>
							<Value>117</Value>
						</HeartRateBpm>
					</Trackpoint>
					<Trackpoint>
						<Time>2569-06-29T15:52:39Z</Time>
						<HeartRateBpm>
							<Value>117</Value>
						</HeartRateBpm>
					</Trackpoint>
					<Trackpoint>
						<Time>2569-06-29T15:52:40Z</Time>
						<HeartRateBpm>
							<Value>116</Value>
						</HeartRateBpm>
					</Trackpoint>
					<Trackpoint>
						<Time>2569-06-29T15:52:41Z</Time>
						<HeartRateBpm>
							<Value>117</Value>
						</HeartRateBpm>
					</Trackpoint>
					<Trackpoint>
						<Time>2569-06-29T15:52:42Z</Time>
						<HeartRateBpm>
							<Value>118</Value>
						</HeartRateBpm>
					</Trackpoint>
					<Trackpoint>
						<Time>2569-06-29T15:52:43Z</Time>
						<HeartRateBpm>
							<Value>119</Value>
						</HeartRateBpm>
					</Trackpoint>
					<Trackpoint>
						<Time>2569-06-29T15:52:44Z</Time>
						<HeartRateBpm>
							<Value>119</Value>
						</HeartRateBpm>
					</Trackpoint>
					<Trackpoint>
						<Time>2569-06-29T15:52:45Z</Time>
						<HeartRateBpm>
							<Value>117</Value>
						</HeartRateBpm>
					</Trackpoint>
					<Trackpoint>
						<Time>2569-06-29T15:52:46Z</Time>
						<HeartRateBpm>
							<Value>117</Value>
						</HeartRateBpm>
					</Trackpoint>
					<Trackpoint>
						<Time>2569-06-29T15:52:47Z</Time>
						<HeartRateBpm>
							<Value>118</Value>
						</HeartRateBpm>
					</Trackpoint>
					<Trackpoint>
						<Time>2569-06-29T15:52:48Z</Time>
						<HeartRateBpm>
							<Value>118</Value>
						</HeartRateBpm>
					</Trackpoint>
					<Trackpoint>
						<Time>2569-06-29T15:52:49Z</Time>
						<HeartRateBpm>
							<Value>120</Value>
						</HeartRateBpm>
					</Trackpoint>
					<Trackpoint>
						<Time>2569-06-29T15:52:50Z</Time>
						<HeartRateBpm>
							<Value>121</Value>
						</HeartRateBpm>
					</Trackpoint>
					<Trackpoint>
						<Time>2569-06-29T15:52:51Z</Time>
						<HeartRateBpm>
							<Value>122</Value>
						</HeartRateBpm>
					</Trackpoint>
					<Trackpoint>
						<Time>2569-06-29T15:52:52Z</Time>
						<HeartRateBpm>
							<Value>123</Value>
						</HeartRateBpm>
					</Trackpoint>
					<Trackpoint>
						<Time>2569-06-29T15:52:53Z</Time>
						<HeartRateBpm>
							<Value>123</Value>
						</HeartRateBpm>
					</Trackpoint>
					<Trackpoint>
						<Time>2569-06-29T15:52:54Z</Time>
						<HeartRateBpm>
							<Value>124</Value>
						</HeartRateBpm>
					</Trackpoint>
					<Trackpoint>
						<Time>2569-06-29T15:52:55Z</Time>
						<HeartRateBpm>
							<Value>125</Value>
						</HeartRateBpm>
					</Trackpoint>
					<Trackpoint>
						<Time>2569-06-29T15:52:56Z</Time>
						<HeartRateBpm>
							<Value>125</Value>
						</HeartRateBpm>
					</Trackpoint>
					<Trackpoint>
						<Time>2569-06-29T15:52:57Z</Time>
						<HeartRateBpm>
							<Value>126</Value>
						</HeartRateBpm>
					</Trackpoint>
					<Trackpoint>
						<Time>2569-06-29T15:52:58Z</Time>
						<HeartRateBpm>
							<Value>127</Value>
						</HeartRateBpm>
					</Trackpoint>
					<Trackpoint>
						<Time>2569-06-29T15:52:59Z</Time>
						<HeartRateBpm>
							<Value>127</Value>
						</HeartRateBpm>
					</Trackpoint>
					<Trackpoint>
						<Time>2569-06-29T15:53:00Z</Time>
						<HeartRateBpm>
							<Value>125</Value>
						</HeartRateBpm>
					</Trackpoint>
					<Trackpoint>
						<Time>2569-06-29T15:53:01Z</Time>
						<HeartRateBpm>
							<Value>127</Value>
						</HeartRateBpm>
					</Trackpoint>
					<Trackpoint>
						<Time>2569-06-29T15:53:02Z</Time>
						<HeartRateBpm>
							<Value>127</Value>
						</HeartRateBpm>
					</Trackpoint>
					<Trackpoint>
						<Time>2569-06-29T15:53:03Z</Time>
						<HeartRateBpm>
							<Value>128</Value>
						</HeartRateBpm>
					</Trackpoint>
					<Trackpoint>
						<Time>2569-06-29T15:53:04Z</Time>
						<HeartRateBpm>
							<Value>129</Value>
						</HeartRateBpm>
					</Trackpoint>
					<Trackpoint>
						<Time>2569-06-29T15:53:05Z</Time>
						<HeartRateBpm>
							<Value>129</Value>
						</HeartRateBpm>
					</Trackpoint>
					<Trackpoint>
						<Time>2569-06-29T15:53:06Z</Time>
						<HeartRateBpm>
							<Value>130</Value>
						</HeartRateBpm>
					</Trackpoint>
					<Trackpoint>
						<Time>2569-06-29T15:53:07Z</Time>
						<HeartRateBpm>
							<Value>132</Value>
						</HeartRateBpm>
					</Trackpoint>
					<Trackpoint>
						<Time>2569-06-29T15:53:08Z</Time>
						<HeartRateBpm>
							<Value>131</Value>
						</HeartRateBpm>
					</Trackpoint>
					<Trackpoint>
						<Time>2569-06-29T15:53:09Z</Time>
						<HeartRateBpm>
							<Value>131</Value>
						</HeartRateBpm>
					</Trackpoint>
					<Trackpoint>
						<Time>2569-06-29T15:53:10Z</Time>
						<HeartRateBpm>
							<Value>132</Value>
						</HeartRateBpm>
					</Trackpoint>
					<Trackpoint>
						<Time>2569-06-29T15:53:11Z</Time>
						<HeartRateBpm>
							<Value>132</Value>
						</HeartRateBpm>
					</Trackpoint>
					<Trackpoint>
						<Time>2569-06-29T15:53:12Z</Time>
						<HeartRateBpm>
							<Value>132</Value>
						</HeartRateBpm>
					</Trackpoint>
					<Trackpoint>
						<Time>2569-06-29T15:53:13Z</Time>
						<HeartRateBpm>
							<Value>130</Value>
						</HeartRateBpm>
					</Trackpoint>
					<Trackpoint>
						<Time>2569-06-29T15:53:14Z</Time>
						<HeartRateBpm>
							<Value>130</Value>
						</HeartRateBpm>
					</Trackpoint>
					<Trackpoint>
						<Time>2569-06-29T15:53:15Z</Time>
						<HeartRateBpm>
							<Value>131</Value>
						</HeartRateBpm>
					</Trackpoint>
					<Trackpoint>
						<Time>2569-06-29T15:53:16Z</Time>
						<HeartRateBpm>
							<Value>131</Value>
						</HeartRateBpm>
					</Trackpoint>
					<Trackpoint>
						<Time>2569-06-29T15:53:17Z</Time>
						<HeartRateBpm>
							<Value>132</Value>
						</HeartRateBpm>
					</Trackpoint>
					<Trackpoint>
						<Time>2569-06-29T15:53:18Z</Time>
						<HeartRateBpm>
							<Value>132</Value>
						</HeartRateBpm>
					</Trackpoint>
					<Trackpoint>
						<Time>2569-06-29T15:53:19Z</Time>
						<HeartRateBpm>
							<Value>133</Value>
						</HeartRateBpm>
					</Trackpoint>
					<Trackpoint>
						<Time>2569-06-29T15:53:20Z</Time>
						<HeartRateBpm>
							<Value>133</Value>
						</HeartRateBpm>
					</Trackpoint>
					<Trackpoint>
						<Time>2569-06-29T15:53:21Z</Time>
						<HeartRateBpm>
							<Value>134</Value>
						</HeartRateBpm>
					</Trackpoint>
					<Trackpoint>
						<Time>2569-06-29T15:53:22Z</Time>
						<HeartRateBpm>
							<Value>137</Value>
						</HeartRateBpm>
					</Trackpoint>
					<Trackpoint>
						<Time>2569-06-29T15:53:23Z</Time>
						<HeartRateBpm>
							<Value>137</Value>
						</HeartRateBpm>
					</Trackpoint>
					<Trackpoint>
						<Time>2569-06-29T15:53:24Z</Time>
						<HeartRateBpm>
							<Value>138</Value>
						</HeartRateBpm>
					</Trackpoint>
					<Trackpoint>
						<Time>2569-06-29T15:53:25Z</Time>
						<HeartRateBpm>
							<Value>138</Value>
						</HeartRateBpm>
					</Trackpoint>
					<Trackpoint>
						<Time>2569-06-29T15:53:26Z</Time>
						<HeartRateBpm>
							<Value>137</Value>
						</HeartRateBpm>
					</Trackpoint>
					<Trackpoint>
						<Time>2569-06-29T15:53:27Z</Time>
						<HeartRateBpm>
							<Value>136</Value>
						</HeartRateBpm>
					</Trackpoint>
					<Trackpoint>
						<Time>2569-06-29T15:53:28Z</Time>
						<HeartRateBpm>
							<Value>135</Value>
						</HeartRateBpm>
					</Trackpoint>
					<Trackpoint>
						<Time>2569-06-29T15:53:29Z</Time>
						<HeartRateBpm>
							<Value>135</Value>
						</HeartRateBpm>
					</Trackpoint>
					<Trackpoint>
						<Time>2569-06-29T15:53:30Z</Time>
						<HeartRateBpm>
							<Value>134</Value>
						</HeartRateBpm>
					</Trackpoint>
					<Trackpoint>
						<Time>2569-06-29T15:53:31Z</Time>
						<HeartRateBpm>
							<Value>133</Value>
						</HeartRateBpm>
					</Trackpoint>
					<Trackpoint>
						<Time>2569-06-29T15:53:32Z</Time>
						<HeartRateBpm>
							<Value>133</Value>
						</HeartRateBpm>
					</Trackpoint>
					<Trackpoint>
						<Time>2569-06-29T15:53:33Z</Time>
						<HeartRateBpm>
							<Value>132</Value>
						</HeartRateBpm>
					</Trackpoint>
					<Trackpoint>
						<Time>2569-06-29T15:53:34Z</Time>
						<HeartRateBpm>
							<Value>131</Value>
						</HeartRateBpm>
					</Trackpoint>
					<Trackpoint>
						<Time>2569-06-29T15:53:35Z</Time>
						<HeartRateBpm>
							<Value>130</Value>
						</HeartRateBpm>
					</Trackpoint>
					<Trackpoint>
						<Time>2569-06-29T15:53:36Z</Time>
						<HeartRateBpm>
							<Value>129</Value>
						</HeartRateBpm>
					</Trackpoint>
					<Trackpoint>
						<Time>2569-06-29T15:53:37Z</Time>
						<HeartRateBpm>
							<Value>128</Value>
						</HeartRateBpm>
					</Trackpoint>
					<Trackpoint>
						<Time>2569-06-29T15:53:38Z</Time>
						<HeartRateBpm>
							<Value>127</Value>
						</HeartRateBpm>
					</Trackpoint>
					<Trackpoint>
						<Time>2569-06-29T15:53:39Z</Time>
						<HeartRateBpm>
							<Value>126</Value>
						</HeartRateBpm>
					</Trackpoint>
					<Trackpoint>
						<Time>2569-06-29T15:53:40Z</Time>
						<HeartRateBpm>
							<Value>125</Value>
						</HeartRateBpm>
					</Trackpoint>
					<Trackpoint>
						<Time>2569-06-29T15:53:41Z</Time>
						<HeartRateBpm>
							<Value>125</Value>
						</HeartRateBpm>
					</Trackpoint>
					<Trackpoint>
						<Time>2569-06-29T15:53:42Z</Time>
						<HeartRateBpm>
							<Value>124</Value>
						</HeartRateBpm>
					</Trackpoint>
					<Trackpoint>
						<Time>2569-06-29T15:53:43Z</Time>
						<HeartRateBpm>
							<Value>124</Value>
						</HeartRateBpm>
					</Trackpoint>
					<Trackpoint>
						<Time>2569-06-29T15:53:44Z</Time>
						<HeartRateBpm>
							<Value>124</Value>
						</HeartRateBpm>
					</Trackpoint>
					<Trackpoint>
						<Time>2569-06-29T15:53:45Z</Time>
						<HeartRateBpm>
							<Value>122</Value>
						</HeartRateBpm>
					</Trackpoint>
					<Trackpoint>
						<Time>2569-06-29T15:53:46Z</Time>
						<HeartRateBpm>
							<Value>120</Value>
						</HeartRateBpm>
					</Trackpoint>
					<Trackpoint>
						<Time>2569-06-29T15:53:47Z</Time>
						<HeartRateBpm>
							<Value>119</Value>
						</HeartRateBpm>
					</Trackpoint>
					<Trackpoint>
						<Time>2569-06-29T15:53:48Z</Time>
						<HeartRateBpm>
							<Value>118</Value>
						</HeartRateBpm>
					</Trackpoint>
					<Trackpoint>
						<Time>2569-06-29T15:53:49Z</Time>
						<HeartRateBpm>
							<Value>117</Value>
						</HeartRateBpm>
					</Trackpoint>
					<Trackpoint>
						<Time>2569-06-29T15:53:50Z</Time>
						<HeartRateBpm>
							<Value>116</Value>
						</HeartRateBpm>
					</Trackpoint>
					<Trackpoint>
						<Time>2569-06-29T15:53:51Z</Time>
						<HeartRateBpm>
							<Value>115</Value>
						</HeartRateBpm>
					</Trackpoint>
					<Trackpoint>
						<Time>2569-06-29T15:53:52Z</Time>
						<HeartRateBpm>
							<Value>116</Value>
						</HeartRateBpm>
					</Trackpoint>
					<Trackpoint>
						<Time>2569-06-29T15:53:53Z</Time>
						<HeartRateBpm>
							<Value>116</Value>
						</HeartRateBpm>
					</Trackpoint>
					<Trackpoint>
						<Time>2569-06-29T15:53:54Z</Time>
						<HeartRateBpm>
							<Value>116</Value>
						</HeartRateBpm>
					</Trackpoint>
					<Trackpoint>
						<Time>2569-06-29T15:53:55Z</Time>
						<HeartRateBpm>
							<Value>115</Value>
						</HeartRateBpm>
					</Trackpoint>
					<Trackpoint>
						<Time>2569-06-29T15:53:56Z</Time>
						<HeartRateBpm>
							<Value>115</Value>
						</HeartRateBpm>
					</Trackpoint>
					<Trackpoint>
						<Time>2569-06-29T15:53:57Z</Time>
						<HeartRateBpm>
							<Value>114</Value>
						</HeartRateBpm>
					</Trackpoint>
					<Trackpoint>
						<Time>2569-06-29T15:53:58Z</Time>
						<HeartRateBpm>
							<Value>113</Value>
						</HeartRateBpm>
					</Trackpoint>
					<Trackpoint>
						<Time>2569-06-29T15:53:59Z</Time>
						<HeartRateBpm>
							<Value>112</Value>
						</HeartRateBpm>
					</Trackpoint>
					<Trackpoint>
						<Time>2569-06-29T15:54:00Z</Time>
						<HeartRateBpm>
							<Value>112</Value>
						</HeartRateBpm>
					</Trackpoint>
					<Trackpoint>
						<Time>2569-06-29T15:54:01Z</Time>
						<HeartRateBpm>
							<Value>111</Value>
						</HeartRateBpm>
					</Trackpoint>
					<Trackpoint>
						<Time>2569-06-29T15:54:02Z</Time>
						<HeartRateBpm>
							<Value>110</Value>
						</HeartRateBpm>
					</Trackpoint>
					<Trackpoint>
						<Time>2569-06-29T15:54:03Z</Time>
						<HeartRateBpm>
							<Value>110</Value>
						</HeartRateBpm>
					</Trackpoint>
					<Trackpoint>
						<Time>2569-06-29T15:54:04Z</Time>
						<HeartRateBpm>
							<Value>108</Value>
						</HeartRateBpm>
					</Trackpoint>
					<Trackpoint>
						<Time>2569-06-29T15:54:05Z</Time>
						<HeartRateBpm>
							<Value>107</Value>
						</HeartRateBpm>
					</Trackpoint>
					<Trackpoint>
						<Time>2569-06-29T15:54:06Z</Time>
						<HeartRateBpm>
							<Value>106</Value>
						</HeartRateBpm>
					</Trackpoint>
					<Trackpoint>
						<Time>2569-06-29T15:54:07Z</Time>
						<HeartRateBpm>
							<Value>106</Value>
						</HeartRateBpm>
					</Trackpoint>
					<Trackpoint>
						<Time>2569-06-29T15:54:08Z</Time>
						<HeartRateBpm>
							<Value>105</Value>
						</HeartRateBpm>
					</Trackpoint>
					<Trackpoint>
						<Time>2569-06-29T15:54:09Z</Time>
						<HeartRateBpm>
							<Value>106</Value>
						</HeartRateBpm>
					</Trackpoint>
					<Trackpoint>
						<Time>2569-06-29T15:54:10Z</Time>
						<HeartRateBpm>
							<Value>105</Value>
						</HeartRateBpm>
					</Trackpoint>
					<Trackpoint>
						<Time>2569-06-29T15:54:11Z</Time>
						<HeartRateBpm>
							<Value>105</Value>
						</HeartRateBpm>
					</Trackpoint>
					<Trackpoint>
						<Time>2569-06-29T15:54:12Z</Time>
						<HeartRateBpm>
							<Value>105</Value>
						</HeartRateBpm>
					</Trackpoint>
					<Trackpoint>
						<Time>2569-06-29T15:54:13Z</Time>
						<HeartRateBpm>
							<Value>105</Value>
						</HeartRateBpm>
					</Trackpoint>
					<Trackpoint>
						<Time>2569-06-29T15:54:14Z</Time>
						<HeartRateBpm>
							<Value>104</Value>
						</HeartRateBpm>
					</Trackpoint>
					<Trackpoint>
						<Time>2569-06-29T15:54:15Z</Time>
						<HeartRateBpm>
							<Value>104</Value>
						</HeartRateBpm>
					</Trackpoint>
					<Trackpoint>
						<Time>2569-06-29T15:54:16Z</Time>
						<HeartRateBpm>
							<Value>103</Value>
						</HeartRateBpm>
					</Trackpoint>
					<Trackpoint>
						<Time>2569-06-29T15:54:17Z</Time>
						<HeartRateBpm>
							<Value>103</Value>
						</HeartRateBpm>
					</Trackpoint>
					<Trackpoint>
						<Time>2569-06-29T15:54:18Z</Time>
						<HeartRateBpm>
							<Value>102</Value>
						</HeartRateBpm>
					</Trackpoint>
					<Trackpoint>
						<Time>2569-06-29T15:54:19Z</Time>
						<HeartRateBpm>
							<Value>102</Value>
						</HeartRateBpm>
					</Trackpoint>
					<Trackpoint>
						<Time>2569-06-29T15:54:20Z</Time>
						<HeartRateBpm>
							<Value>101</Value>
						</HeartRateBpm>
					</Trackpoint>
					<Trackpoint>
						<Time>2569-06-29T15:54:21Z</Time>
						<HeartRateBpm>
							<Value>100</Value>
						</HeartRateBpm>
					</Trackpoint>
					<Trackpoint>
						<Time>2569-06-29T15:54:22Z</Time>
						<HeartRateBpm>
							<Value>99</Value>
						</HeartRateBpm>
					</Trackpoint>
					<Trackpoint>
						<Time>2569-06-29T15:54:23Z</Time>
						<HeartRateBpm>
							<Value>99</Value>
						</HeartRateBpm>
					</Trackpoint>
					<Trackpoint>
						<Time>2569-06-29T15:54:24Z</Time>
						<HeartRateBpm>
							<Value>98</Value>
						</HeartRateBpm>
					</Trackpoint>
					<Trackpoint>
						<Time>2569-06-29T15:54:25Z</Time>
						<HeartRateBpm>
							<Value>98</Value>
						</HeartRateBpm>
					</Trackpoint>
					<Trackpoint>
						<Time>2569-06-29T15:54:26Z</Time>
						<HeartRateBpm>
							<Value>96</Value>
						</HeartRateBpm>
					</Trackpoint>
					<Trackpoint>
						<Time>2569-06-29T15:54:27Z</Time>
						<HeartRateBpm>
							<Value>96</Value>
						</HeartRateBpm>
					</Trackpoint>
					<Trackpoint>
						<Time>2569-06-29T15:54:28Z</Time>
						<HeartRateBpm>
							<Value>96</Value>
						</HeartRateBpm>
					</Trackpoint>
					<Trackpoint>
						<Time>2569-06-29T15:54:29Z</Time>
						<HeartRateBpm>
							<Value>97</Value>
						</HeartRateBpm>
					</Trackpoint>
					<Trackpoint>
						<Time>2569-06-29T15:54:30Z</Time>
						<HeartRateBpm>
							<Value>98</Value>
						</HeartRateBpm>
					</Trackpoint>
					<Trackpoint>
						<Time>2569-06-29T15:54:31Z</Time>
						<HeartRateBpm>
							<Value>100</Value>
						</HeartRateBpm>
					</Trackpoint>
					<Trackpoint>
						<Time>2569-06-29T15:54:32Z</Time>
						<HeartRateBpm>
							<Value>100</Value>
						</HeartRateBpm>
					</Trackpoint>
					<Trackpoint>
						<Time>2569-06-29T15:54:33Z</Time>
						<HeartRateBpm>
							<Value>99</Value>
						</HeartRateBpm>
					</Trackpoint>
					<Trackpoint>
						<Time>2569-06-29T15:54:34Z</Time>
						<HeartRateBpm>
							<Value>100</Value>
						</HeartRateBpm>
					</Trackpoint>
					<Trackpoint>
						<Time>2569-06-29T15:54:35Z</Time>
						<HeartRateBpm>
							<Value>100</Value>
						</HeartRateBpm>
					</Trackpoint>
					<Trackpoint>
						<Time>2569-06-29T15:54:36Z</Time>
						<HeartRateBpm>
							<Value>102</Value>
						</HeartRateBpm>
					</Trackpoint>
					<Trackpoint>
						<Time>2569-06-29T15:54:37Z</Time>
						<HeartRateBpm>
							<Value>103</Value>
						</HeartRateBpm>
					</Trackpoint>
					<Trackpoint>
						<Time>2569-06-29T15:54:38Z</Time>
						<HeartRateBpm>
							<Value>103</Value>
						</HeartRateBpm>
					</Trackpoint>
					<Trackpoint>
						<Time>2569-06-29T15:54:39Z</Time>
						<HeartRateBpm>
							<Value>104</Value>
						</HeartRateBpm>
					</Trackpoint>
					<Trackpoint>
						<Time>2569-06-29T15:54:40Z</Time>
						<HeartRateBpm>
							<Value>105</Value>
						</HeartRateBpm>
					</Trackpoint>
					<Trackpoint>
						<Time>2569-06-29T15:54:41Z</Time>
						<HeartRateBpm>
							<Value>105</Value>
						</HeartRateBpm>
					</Trackpoint>
					<Trackpoint>
						<Time>2569-06-29T15:54:42Z</Time>
						<HeartRateBpm>
							<Value>104</Value>
						</HeartRateBpm>
					</Trackpoint>
					<Trackpoint>
						<Time>2569-06-29T15:54:43Z</Time>
						<HeartRateBpm>
							<Value>105</Value>
						</HeartRateBpm>
					</Trackpoint>
					<Trackpoint>
						<Time>2569-06-29T15:54:44Z</Time>
						<HeartRateBpm>
							<Value>107</Value>
						</HeartRateBpm>
					</Trackpoint>
					<Trackpoint>
						<Time>2569-06-29T15:54:45Z</Time>
						<HeartRateBpm>
							<Value>107</Value>
						</HeartRateBpm>
					</Trackpoint>
					<Trackpoint>
						<Time>2569-06-29T15:54:46Z</Time>
						<HeartRateBpm>
							<Value>108</Value>
						</HeartRateBpm>
					</Trackpoint>
					<Trackpoint>
						<Time>2569-06-29T15:54:47Z</Time>
						<HeartRateBpm>
							<Value>109</Value>
						</HeartRateBpm>
					</Trackpoint>
					<Trackpoint>
						<Time>2569-06-29T15:54:48Z</Time>
						<HeartRateBpm>
							<Value>110</Value>
						</HeartRateBpm>
					</Trackpoint>
					<Trackpoint>
						<Time>2569-06-29T15:54:49Z</Time>
						<HeartRateBpm>
							<Value>112</Value>
						</HeartRateBpm>
					</Trackpoint>
					<Trackpoint>
						<Time>2569-06-29T15:54:50Z</Time>
						<HeartRateBpm>
							<Value>114</Value>
						</HeartRateBpm>
					</Trackpoint>
					<Trackpoint>
						<Time>2569-06-29T15:54:51Z</Time>
						<HeartRateBpm>
							<Value>116</Value>
						</HeartRateBpm>
					</Trackpoint>
					<Trackpoint>
						<Time>2569-06-29T15:54:53Z</Time>
						<HeartRateBpm>
							<Value>118</Value>
						</HeartRateBpm>
					</Trackpoint>
					<Trackpoint>
						<Time>2569-06-29T15:54:54Z</Time>
						<HeartRateBpm>
							<Value>119</Value>
						</HeartRateBpm>
					</Trackpoint>
					<Trackpoint>
						<Time>2569-06-29T15:54:55Z</Time>
						<HeartRateBpm>
							<Value>121</Value>
						</HeartRateBpm>
					</Trackpoint>
					<Trackpoint>
						<Time>2569-06-29T15:54:56Z</Time>
						<HeartRateBpm>
							<Value>122</Value>
						</HeartRateBpm>
					</Trackpoint>
					<Trackpoint>
						<Time>2569-06-29T15:54:57Z</Time>
						<HeartRateBpm>
							<Value>122</Value>
						</HeartRateBpm>
					</Trackpoint>
					<Trackpoint>
						<Time>2569-06-29T15:54:58Z</Time>
						<HeartRateBpm>
							<Value>123</Value>
						</HeartRateBpm>
					</Trackpoint>
					<Trackpoint>
						<Time>2569-06-29T15:54:59Z</Time>
						<HeartRateBpm>
							<Value>124</Value>
						</HeartRateBpm>
					</Trackpoint>
					<Trackpoint>
						<Time>2569-06-29T15:55:00Z</Time>
						<HeartRateBpm>
							<Value>127</Value>
						</HeartRateBpm>
					</Trackpoint>
					<Trackpoint>
						<Time>2569-06-29T15:55:01Z</Time>
						<HeartRateBpm>
							<Value>128</Value>
						</HeartRateBpm>
					</Trackpoint>
					<Trackpoint>
						<Time>2569-06-29T15:55:02Z</Time>
						<HeartRateBpm>
							<Value>128</Value>
						</HeartRateBpm>
					</Trackpoint>
					<Trackpoint>
						<Time>2569-06-29T15:55:03Z</Time>
						<HeartRateBpm>
							<Value>127</Value>
						</HeartRateBpm>
					</Trackpoint>
					<Trackpoint>
						<Time>2569-06-29T15:55:04Z</Time>
						<HeartRateBpm>
							<Value>128</Value>
						</HeartRateBpm>
					</Trackpoint>
					<Trackpoint>
						<Time>2569-06-29T15:55:05Z</Time>
						<HeartRateBpm>
							<Value>129</Value>
						</HeartRateBpm>
					</Trackpoint>
					<Trackpoint>
						<Time>2569-06-29T15:55:06Z</Time>
						<HeartRateBpm>
							<Value>130</Value>
						</HeartRateBpm>
					</Trackpoint>
					<Trackpoint>
						<Time>2569-06-29T15:55:07Z</Time>
						<HeartRateBpm>
							<Value>129</Value>
						</HeartRateBpm>
					</Trackpoint>
					<Trackpoint>
						<Time>2569-06-29T15:55:08Z</Time>
						<HeartRateBpm>
							<Value>130</Value>
						</HeartRateBpm>
					</Trackpoint>
					<Trackpoint>
						<Time>2569-06-29T15:55:09Z</Time>
						<HeartRateBpm>
							<Value>131</Value>
						</HeartRateBpm>
					</Trackpoint>
					<Trackpoint>
						<Time>2569-06-29T15:55:10Z</Time>
						<HeartRateBpm>
							<Value>128</Value>
						</HeartRateBpm>
					</Trackpoint>
					<Trackpoint>
						<Time>2569-06-29T15:55:11Z</Time>
						<HeartRateBpm>
							<Value>127</Value>
						</HeartRateBpm>
					</Trackpoint>
					<Trackpoint>
						<Time>2569-06-29T15:55:12Z</Time>
						<HeartRateBpm>
							<Value>128</Value>
						</HeartRateBpm>
					</Trackpoint>
					<Trackpoint>
						<Time>2569-06-29T15:55:13Z</Time>
						<HeartRateBpm>
							<Value>127</Value>
						</HeartRateBpm>
					</Trackpoint>
					<Trackpoint>
						<Time>2569-06-29T15:55:14Z</Time>
						<HeartRateBpm>
							<Value>126</Value>
						</HeartRateBpm>
					</Trackpoint>
					<Trackpoint>
						<Time>2569-06-29T15:55:15Z</Time>
						<HeartRateBpm>
							<Value>123</Value>
						</HeartRateBpm>
					</Trackpoint>
					<Trackpoint>
						<Time>2569-06-29T15:55:16Z</Time>
						<HeartRateBpm>
							<Value>122</Value>
						</HeartRateBpm>
					</Trackpoint>
					<Trackpoint>
						<Time>2569-06-29T15:55:17Z</Time>
						<HeartRateBpm>
							<Value>122</Value>
						</HeartRateBpm>
					</Trackpoint>
					<Trackpoint>
						<Time>2569-06-29T15:55:18Z</Time>
						<HeartRateBpm>
							<Value>122</Value>
						</HeartRateBpm>
					</Trackpoint>
					<Trackpoint>
						<Time>2569-06-29T15:55:19Z</Time>
						<HeartRateBpm>
							<Value>123</Value>
						</HeartRateBpm>
					</Trackpoint>
					<Trackpoint>
						<Time>2569-06-29T15:55:20Z</Time>
						<HeartRateBpm>
							<Value>125</Value>
						</HeartRateBpm>
					</Trackpoint>
					<Trackpoint>
						<Time>2569-06-29T15:55:21Z</Time>
						<HeartRateBpm>
							<Value>125</Value>
						</HeartRateBpm>
					</Trackpoint>
					<Trackpoint>
						<Time>2569-06-29T15:55:22Z</Time>
						<HeartRateBpm>
							<Value>125</Value>
						</HeartRateBpm>
					</Trackpoint>
					<Trackpoint>
						<Time>2569-06-29T15:55:23Z</Time>
						<HeartRateBpm>
							<Value>127</Value>
						</HeartRateBpm>
					</Trackpoint>
					<Trackpoint>
						<Time>2569-06-29T15:55:24Z</Time>
						<HeartRateBpm>
							<Value>127</Value>
						</HeartRateBpm>
					</Trackpoint>
					<Trackpoint>
						<Time>2569-06-29T15:55:25Z</Time>
						<HeartRateBpm>
							<Value>128</Value>
						</HeartRateBpm>
					</Trackpoint>
					<Trackpoint>
						<Time>2569-06-29T15:55:26Z</Time>
						<HeartRateBpm>
							<Value>129</Value>
						</HeartRateBpm>
					</Trackpoint>
					<Trackpoint>
						<Time>2569-06-29T15:55:26Z</Time>
						<HeartRateBpm>
							<Value>129</Value>
						</HeartRateBpm>
					</Trackpoint>
					<Trackpoint>
						<Time>2569-06-29T15:55:27Z</Time>
						<HeartRateBpm>
							<Value>128</Value>
						</HeartRateBpm>
					</Trackpoint>
					<Trackpoint>
						<Time>2569-06-29T15:55:28Z</Time>
						<HeartRateBpm>
							<Value>129</Value>
						</HeartRateBpm>
					</Trackpoint>
					<Trackpoint>
						<Time>2569-06-29T15:55:29Z</Time>
						<HeartRateBpm>
							<Value>129</Value>
						</HeartRateBpm>
					</Trackpoint>
					<Trackpoint>
						<Time>2569-06-29T15:55:30Z</Time>
						<HeartRateBpm>
							<Value>129</Value>
						</HeartRateBpm>
					</Trackpoint>
					<Trackpoint>
						<Time>2569-06-29T15:55:31Z</Time>
						<HeartRateBpm>
							<Value>130</Value>
						</HeartRateBpm>
					</Trackpoint>
					<Trackpoint>
						<Time>2569-06-29T15:55:32Z</Time>
						<HeartRateBpm>
							<Value>131</Value>
						</HeartRateBpm>
					</Trackpoint>
					<Trackpoint>
						<Time>2569-06-29T15:55:33Z</Time>
						<HeartRateBpm>
							<Value>132</Value>
						</HeartRateBpm>
					</Trackpoint>
					<Trackpoint>
						<Time>2569-06-29T15:55:35Z</Time>
						<HeartRateBpm>
							<Value>133</Value>
						</HeartRateBpm>
					</Trackpoint>
					<Trackpoint>
						<Time>2569-06-29T15:55:35Z</Time>
						<HeartRateBpm>
							<Value>133</Value>
						</HeartRateBpm>
					</Trackpoint>
					<Trackpoint>
						<Time>2569-06-29T15:55:36Z</Time>
						<HeartRateBpm>
							<Value>134</Value>
						</HeartRateBpm>
					</Trackpoint>
					<Trackpoint>
						<Time>2569-06-29T15:55:38Z</Time>
						<HeartRateBpm>
							<Value>135</Value>
						</HeartRateBpm>
					</Trackpoint>
					<Trackpoint>
						<Time>2569-06-29T15:55:38Z</Time>
						<HeartRateBpm>
							<Value>135</Value>
						</HeartRateBpm>
					</Trackpoint>
					<Trackpoint>
						<Time>2569-06-29T15:55:39Z</Time>
						<HeartRateBpm>
							<Value>136</Value>
						</HeartRateBpm>
					</Trackpoint>
					<Trackpoint>
						<Time>2569-06-29T15:55:41Z</Time>
						<HeartRateBpm>
							<Value>137</Value>
						</HeartRateBpm>
					</Trackpoint>
					<Trackpoint>
						<Time>2569-06-29T15:55:42Z</Time>
						<HeartRateBpm>
							<Value>137</Value>
						</HeartRateBpm>
					</Trackpoint>
					<Trackpoint>
						<Time>2569-06-29T15:55:43Z</Time>
						<HeartRateBpm>
							<Value>137</Value>
						</HeartRateBpm>
					</Trackpoint>
					<Trackpoint>
						<Time>2569-06-29T15:55:44Z</Time>
						<HeartRateBpm>
							<Value>139</Value>
						</HeartRateBpm>
					</Trackpoint>
					<Trackpoint>
						<Time>2569-06-29T15:55:45Z</Time>
						<HeartRateBpm>
							<Value>141</Value>
						</HeartRateBpm>
					</Trackpoint>
					<Trackpoint>
						<Time>2569-06-29T15:55:46Z</Time>
						<HeartRateBpm>
							<Value>141</Value>
						</HeartRateBpm>
					</Trackpoint>
					<Trackpoint>
						<Time>2569-06-29T15:55:47Z</Time>
						<HeartRateBpm>
							<Value>141</Value>
						</HeartRateBpm>
					</Trackpoint>
					<Trackpoint>
						<Time>2569-06-29T15:55:48Z</Time>
						<HeartRateBpm>
							<Value>142</Value>
						</HeartRateBpm>
					</Trackpoint>
					<Trackpoint>
						<Time>2569-06-29T15:55:49Z</Time>
						<HeartRateBpm>
							<Value>141</Value>
						</HeartRateBpm>
					</Trackpoint>
					<Trackpoint>
						<Time>2569-06-29T15:55:50Z</Time>
						<HeartRateBpm>
							<Value>140</Value>
						</HeartRateBpm>
					</Trackpoint>
					<Trackpoint>
						<Time>2569-06-29T15:55:51Z</Time>
						<HeartRateBpm>
							<Value>139</Value>
						</HeartRateBpm>
					</Trackpoint>
					<Trackpoint>
						<Time>2569-06-29T15:55:52Z</Time>
						<HeartRateBpm>
							<Value>137</Value>
						</HeartRateBpm>
					</Trackpoint>
					<Trackpoint>
						<Time>2569-06-29T15:55:53Z</Time>
						<HeartRateBpm>
							<Value>136</Value>
						</HeartRateBpm>
					</Trackpoint>
					<Trackpoint>
						<Time>2569-06-29T15:55:54Z</Time>
						<HeartRateBpm>
							<Value>134</Value>
						</HeartRateBpm>
					</Trackpoint>
					<Trackpoint>
						<Time>2569-06-29T15:55:55Z</Time>
						<HeartRateBpm>
							<Value>133</Value>
						</HeartRateBpm>
					</Trackpoint>
					<Trackpoint>
						<Time>2569-06-29T15:55:56Z</Time>
						<HeartRateBpm>
							<Value>132</Value>
						</HeartRateBpm>
					</Trackpoint>
					<Trackpoint>
						<Time>2569-06-29T15:55:57Z</Time>
						<HeartRateBpm>
							<Value>131</Value>
						</HeartRateBpm>
					</Trackpoint>
					<Trackpoint>
						<Time>2569-06-29T15:55:58Z</Time>
						<HeartRateBpm>
							<Value>130</Value>
						</HeartRateBpm>
					</Trackpoint>
					<Trackpoint>
						<Time>2569-06-29T15:55:59Z</Time>
						<HeartRateBpm>
							<Value>130</Value>
						</HeartRateBpm>
					</Trackpoint>
					<Trackpoint>
						<Time>2569-06-29T15:56:00Z</Time>
						<HeartRateBpm>
							<Value>130</Value>
						</HeartRateBpm>
					</Trackpoint>
					<Trackpoint>
						<Time>2569-06-29T15:56:01Z</Time>
						<HeartRateBpm>
							<Value>129</Value>
						</HeartRateBpm>
					</Trackpoint>
					<Trackpoint>
						<Time>2569-06-29T15:56:02Z</Time>
						<HeartRateBpm>
							<Value>128</Value>
						</HeartRateBpm>
					</Trackpoint>
					<Trackpoint>
						<Time>2569-06-29T15:56:03Z</Time>
						<HeartRateBpm>
							<Value>127</Value>
						</HeartRateBpm>
					</Trackpoint>
					<Trackpoint>
						<Time>2569-06-29T15:56:04Z</Time>
						<HeartRateBpm>
							<Value>126</Value>
						</HeartRateBpm>
					</Trackpoint>
					<Trackpoint>
						<Time>2569-06-29T15:56:05Z</Time>
						<HeartRateBpm>
							<Value>124</Value>
						</HeartRateBpm>
					</Trackpoint>
					<Trackpoint>
						<Time>2569-06-29T15:56:06Z</Time>
						<HeartRateBpm>
							<Value>123</Value>
						</HeartRateBpm>
					</Trackpoint>
					<Trackpoint>
						<Time>2569-06-29T15:56:07Z</Time>
						<HeartRateBpm>
							<Value>122</Value>
						</HeartRateBpm>
					</Trackpoint>
					<Trackpoint>
						<Time>2569-06-29T15:56:08Z</Time>
						<HeartRateBpm>
							<Value>121</Value>
						</HeartRateBpm>
					</Trackpoint>
					<Trackpoint>
						<Time>2569-06-29T15:56:09Z</Time>
						<HeartRateBpm>
							<Value>121</Value>
						</HeartRateBpm>
					</Trackpoint>
					<Trackpoint>
						<Time>2569-06-29T15:56:10Z</Time>
						<HeartRateBpm>
							<Value>120</Value>
						</HeartRateBpm>
					</Trackpoint>
					<Trackpoint>
						<Time>2569-06-29T15:56:11Z</Time>
						<HeartRateBpm>
							<Value>119</Value>
						</HeartRateBpm>
					</Trackpoint>
					<Trackpoint>
						<Time>2569-06-29T15:56:12Z</Time>
						<HeartRateBpm>
							<Value>117</Value>
						</HeartRateBpm>
					</Trackpoint>
					<Trackpoint>
						<Time>2569-06-29T15:56:13Z</Time>
						<HeartRateBpm>
							<Value>117</Value>
						</HeartRateBpm>
					</Trackpoint>
					<Trackpoint>
						<Time>2569-06-29T15:56:14Z</Time>
						<HeartRateBpm>
							<Value>117</Value>
						</HeartRateBpm>
					</Trackpoint>
					<Trackpoint>
						<Time>2569-06-29T15:56:15Z</Time>
						<HeartRateBpm>
							<Value>117</Value>
						</HeartRateBpm>
					</Trackpoint>
					<Trackpoint>
						<Time>2569-06-29T15:56:16Z</Time>
						<HeartRateBpm>
							<Value>116</Value>
						</HeartRateBpm>
					</Trackpoint>
					<Trackpoint>
						<Time>2569-06-29T15:56:17Z</Time>
						<HeartRateBpm>
							<Value>115</Value>
						</HeartRateBpm>
					</Trackpoint>
					<Trackpoint>
						<Time>2569-06-29T15:56:18Z</Time>
						<HeartRateBpm>
							<Value>114</Value>
						</HeartRateBpm>
					</Trackpoint>
					<Trackpoint>
						<Time>2569-06-29T15:56:19Z</Time>
						<HeartRateBpm>
							<Value>113</Value>
						</HeartRateBpm>
					</Trackpoint>
					<Trackpoint>
						<Time>2569-06-29T15:56:20Z</Time>
						<HeartRateBpm>
							<Value>112</Value>
						</HeartRateBpm>
					</Trackpoint>
					<Trackpoint>
						<Time>2569-06-29T15:56:21Z</Time>
						<HeartRateBpm>
							<Value>112</Value>
						</HeartRateBpm>
					</Trackpoint>
					<Trackpoint>
						<Time>2569-06-29T15:56:22Z</Time>
						<HeartRateBpm>
							<Value>112</Value>
						</HeartRateBpm>
					</Trackpoint>
					<Trackpoint>
						<Time>2569-06-29T15:56:23Z</Time>
						<HeartRateBpm>
							<Value>111</Value>
						</HeartRateBpm>
					</Trackpoint>
					<Trackpoint>
						<Time>2569-06-29T15:56:24Z</Time>
						<HeartRateBpm>
							<Value>111</Value>
						</HeartRateBpm>
					</Trackpoint>
					<Trackpoint>
						<Time>2569-06-29T15:56:25Z</Time>
						<HeartRateBpm>
							<Value>110</Value>
						</HeartRateBpm>
					</Trackpoint>
					<Trackpoint>
						<Time>2569-06-29T15:56:26Z</Time>
						<HeartRateBpm>
							<Value>110</Value>
						</HeartRateBpm>
					</Trackpoint>
					<Trackpoint>
						<Time>2569-06-29T15:56:27Z</Time>
						<HeartRateBpm>
							<Value>108</Value>
						</HeartRateBpm>
					</Trackpoint>
					<Trackpoint>
						<Time>2569-06-29T15:56:28Z</Time>
						<HeartRateBpm>
							<Value>108</Value>
						</HeartRateBpm>
					</Trackpoint>
					<Trackpoint>
						<Time>2569-06-29T15:56:29Z</Time>
						<HeartRateBpm>
							<Value>107</Value>
						</HeartRateBpm>
					</Trackpoint>
					<Trackpoint>
						<Time>2569-06-29T15:56:30Z</Time>
						<HeartRateBpm>
							<Value>107</Value>
						</HeartRateBpm>
					</Trackpoint>
					<Trackpoint>
						<Time>2569-06-29T15:56:31Z</Time>
						<HeartRateBpm>
							<Value>107</Value>
						</HeartRateBpm>
					</Trackpoint>
					<Trackpoint>
						<Time>2569-06-29T15:56:32Z</Time>
						<HeartRateBpm>
							<Value>107</Value>
						</HeartRateBpm>
					</Trackpoint>
					<Trackpoint>
						<Time>2569-06-29T15:56:32Z</Time>
						<HeartRateBpm>
							<Value>107</Value>
						</HeartRateBpm>
					</Trackpoint>
					<Trackpoint>
						<Time>2569-06-29T15:56:33Z</Time>
						<HeartRateBpm>
							<Value>106</Value>
						</HeartRateBpm>
					</Trackpoint>
					<Trackpoint>
						<Time>2569-06-29T15:56:35Z</Time>
						<HeartRateBpm>
							<Value>106</Value>
						</HeartRateBpm>
					</Trackpoint>
					<Trackpoint>
						<Time>2569-06-29T15:56:36Z</Time>
						<HeartRateBpm>
							<Value>106</Value>
						</HeartRateBpm>
					</Trackpoint>
					<Trackpoint>
						<Time>2569-06-29T15:56:37Z</Time>
						<HeartRateBpm>
							<Value>105</Value>
						</HeartRateBpm>
					</Trackpoint>
					<Trackpoint>
						<Time>2569-06-29T15:56:38Z</Time>
						<HeartRateBpm>
							<Value>104</Value>
						</HeartRateBpm>
					</Trackpoint>
					<Trackpoint>
						<Time>2569-06-29T15:56:39Z</Time>
						<HeartRateBpm>
							<Value>103</Value>
						</HeartRateBpm>
					</Trackpoint>
					<Trackpoint>
						<Time>2569-06-29T15:56:40Z</Time>
						<HeartRateBpm>
							<Value>103</Value>
						</HeartRateBpm>
					</Trackpoint>
					<Trackpoint>
						<Time>2569-06-29T15:56:41Z</Time>
						<HeartRateBpm>
							<Value>103</Value>
						</HeartRateBpm>
					</Trackpoint>
					<Trackpoint>
						<Time>2569-06-29T15:56:42Z</Time>
						<HeartRateBpm>
							<Value>103</Value>
						</HeartRateBpm>
					</Trackpoint>
					<Trackpoint>
						<Time>2569-06-29T15:56:43Z</Time>
						<HeartRateBpm>
							<Value>104</Value>
						</HeartRateBpm>
					</Trackpoint>
					<Trackpoint>
						<Time>2569-06-29T15:56:44Z</Time>
						<HeartRateBpm>
							<Value>105</Value>
						</HeartRateBpm>
					</Trackpoint>
					<Trackpoint>
						<Time>2569-06-29T15:56:45Z</Time>
						<HeartRateBpm>
							<Value>105</Value>
						</HeartRateBpm>
					</Trackpoint>
					<Trackpoint>
						<Time>2569-06-29T15:56:46Z</Time>
						<HeartRateBpm>
							<Value>106</Value>
						</HeartRateBpm>
					</Trackpoint>
					<Trackpoint>
						<Time>2569-06-29T15:56:47Z</Time>
						<HeartRateBpm>
							<Value>105</Value>
						</HeartRateBpm>
					</Trackpoint>
					<Trackpoint>
						<Time>2569-06-29T15:56:48Z</Time>
						<HeartRateBpm>
							<Value>106</Value>
						</HeartRateBpm>
					</Trackpoint>
					<Trackpoint>
						<Time>2569-06-29T15:56:49Z</Time>
						<HeartRateBpm>
							<Value>106</Value>
						</HeartRateBpm>
					</Trackpoint>
					<Trackpoint>
						<Time>2569-06-29T15:56:50Z</Time>
						<HeartRateBpm>
							<Value>108</Value>
						</HeartRateBpm>
					</Trackpoint>
					<Trackpoint>
						<Time>2569-06-29T15:56:51Z</Time>
						<HeartRateBpm>
							<Value>109</Value>
						</HeartRateBpm>
					</Trackpoint>
					<Trackpoint>
						<Time>2569-06-29T15:56:52Z</Time>
						<HeartRateBpm>
							<Value>110</Value>
						</HeartRateBpm>
					</Trackpoint>
					<Trackpoint>
						<Time>2569-06-29T15:56:53Z</Time>
						<HeartRateBpm>
							<Value>111</Value>
						</HeartRateBpm>
					</Trackpoint>
					<Trackpoint>
						<Time>2569-06-29T15:56:54Z</Time>
						<HeartRateBpm>
							<Value>111</Value>
						</HeartRateBpm>
					</Trackpoint>
					<Trackpoint>
						<Time>2569-06-29T15:56:55Z</Time>
						<HeartRateBpm>
							<Value>112</Value>
						</HeartRateBpm>
					</Trackpoint>
					<Trackpoint>
						<Time>2569-06-29T15:56:56Z</Time>
						<HeartRateBpm>
							<Value>114</Value>
						</HeartRateBpm>
					</Trackpoint>
					<Trackpoint>
						<Time>2569-06-29T15:56:57Z</Time>
						<HeartRateBpm>
							<Value>115</Value>
						</HeartRateBpm>
					</Trackpoint>
					<Trackpoint>
						<Time>2569-06-29T15:56:58Z</Time>
						<HeartRateBpm>
							<Value>116</Value>
						</HeartRateBpm>
					</Trackpoint>
					<Trackpoint>
						<Time>2569-06-29T15:56:59Z</Time>
						<HeartRateBpm>
							<Value>119</Value>
						</HeartRateBpm>
					</Trackpoint>
					<Trackpoint>
						<Time>2569-06-29T15:57:00Z</Time>
						<HeartRateBpm>
							<Value>120</Value>
						</HeartRateBpm>
					</Trackpoint>
					<Trackpoint>
						<Time>2569-06-29T15:57:01Z</Time>
						<HeartRateBpm>
							<Value>122</Value>
						</HeartRateBpm>
					</Trackpoint>
					<Trackpoint>
						<Time>2569-06-29T15:57:02Z</Time>
						<HeartRateBpm>
							<Value>124</Value>
						</HeartRateBpm>
					</Trackpoint>
					<Trackpoint>
						<Time>2569-06-29T15:57:03Z</Time>
						<HeartRateBpm>
							<Value>126</Value>
						</HeartRateBpm>
					</Trackpoint>
					<Trackpoint>
						<Time>2569-06-29T15:57:04Z</Time>
						<HeartRateBpm>
							<Value>127</Value>
						</HeartRateBpm>
					</Trackpoint>
					<Trackpoint>
						<Time>2569-06-29T15:57:05Z</Time>
						<HeartRateBpm>
							<Value>129</Value>
						</HeartRateBpm>
					</Trackpoint>
					<Trackpoint>
						<Time>2569-06-29T15:57:06Z</Time>
						<HeartRateBpm>
							<Value>130</Value>
						</HeartRateBpm>
					</Trackpoint>
					<Trackpoint>
						<Time>2569-06-29T15:57:07Z</Time>
						<HeartRateBpm>
							<Value>131</Value>
						</HeartRateBpm>
					</Trackpoint>
					<Trackpoint>
						<Time>2569-06-29T15:57:08Z</Time>
						<HeartRateBpm>
							<Value>131</Value>
						</HeartRateBpm>
					</Trackpoint>
					<Trackpoint>
						<Time>2569-06-29T15:57:09Z</Time>
						<HeartRateBpm>
							<Value>133</Value>
						</HeartRateBpm>
					</Trackpoint>
					<Trackpoint>
						<Time>2569-06-29T15:57:10Z</Time>
						<HeartRateBpm>
							<Value>135</Value>
						</HeartRateBpm>
					</Trackpoint>
					<Trackpoint>
						<Time>2569-06-29T15:57:11Z</Time>
						<HeartRateBpm>
							<Value>137</Value>
						</HeartRateBpm>
					</Trackpoint>
					<Trackpoint>
						<Time>2569-06-29T15:57:12Z</Time>
						<HeartRateBpm>
							<Value>138</Value>
						</HeartRateBpm>
					</Trackpoint>
					<Trackpoint>
						<Time>2569-06-29T15:57:13Z</Time>
						<HeartRateBpm>
							<Value>138</Value>
						</HeartRateBpm>
					</Trackpoint>
					<Trackpoint>
						<Time>2569-06-29T15:57:14Z</Time>
						<HeartRateBpm>
							<Value>138</Value>
						</HeartRateBpm>
					</Trackpoint>
					<Trackpoint>
						<Time>2569-06-29T15:57:15Z</Time>
						<HeartRateBpm>
							<Value>139</Value>
						</HeartRateBpm>
					</Trackpoint>
					<Trackpoint>
						<Time>2569-06-29T15:57:16Z</Time>
						<HeartRateBpm>
							<Value>140</Value>
						</HeartRateBpm>
					</Trackpoint>
					<Trackpoint>
						<Time>2569-06-29T15:57:17Z</Time>
						<HeartRateBpm>
							<Value>140</Value>
						</HeartRateBpm>
					</Trackpoint>
					<Trackpoint>
						<Time>2569-06-29T15:57:18Z</Time>
						<HeartRateBpm>
							<Value>140</Value>
						</HeartRateBpm>
					</Trackpoint>
					<Trackpoint>
						<Time>2569-06-29T15:57:19Z</Time>
						<HeartRateBpm>
							<Value>140</Value>
						</HeartRateBpm>
					</Trackpoint>
					<Trackpoint>
						<Time>2569-06-29T15:57:20Z</Time>
						<HeartRateBpm>
							<Value>138</Value>
						</HeartRateBpm>
					</Trackpoint>
					<Trackpoint>
						<Time>2569-06-29T15:57:21Z</Time>
						<HeartRateBpm>
							<Value>138</Value>
						</HeartRateBpm>
					</Trackpoint>
					<Trackpoint>
						<Time>2569-06-29T15:57:22Z</Time>
						<HeartRateBpm>
							<Value>138</Value>
						</HeartRateBpm>
					</Trackpoint>
					<Trackpoint>
						<Time>2569-06-29T15:57:23Z</Time>
						<HeartRateBpm>
							<Value>140</Value>
						</HeartRateBpm>
					</Trackpoint>
					<Trackpoint>
						<Time>2569-06-29T15:57:24Z</Time>
						<HeartRateBpm>
							<Value>141</Value>
						</HeartRateBpm>
					</Trackpoint>
					<Trackpoint>
						<Time>2569-06-29T15:57:25Z</Time>
						<HeartRateBpm>
							<Value>140</Value>
						</HeartRateBpm>
					</Trackpoint>
					<Trackpoint>
						<Time>2569-06-29T15:57:26Z</Time>
						<HeartRateBpm>
							<Value>138</Value>
						</HeartRateBpm>
					</Trackpoint>
					<Trackpoint>
						<Time>2569-06-29T15:57:27Z</Time>
						<HeartRateBpm>
							<Value>138</Value>
						</HeartRateBpm>
					</Trackpoint>
					<Trackpoint>
						<Time>2569-06-29T15:57:28Z</Time>
						<HeartRateBpm>
							<Value>138</Value>
						</HeartRateBpm>
					</Trackpoint>
					<Trackpoint>
						<Time>2569-06-29T15:57:29Z</Time>
						<HeartRateBpm>
							<Value>139</Value>
						</HeartRateBpm>
					</Trackpoint>
					<Trackpoint>
						<Time>2569-06-29T15:57:30Z</Time>
						<HeartRateBpm>
							<Value>138</Value>
						</HeartRateBpm>
					</Trackpoint>
					<Trackpoint>
						<Time>2569-06-29T15:57:31Z</Time>
						<HeartRateBpm>
							<Value>140</Value>
						</HeartRateBpm>
					</Trackpoint>
					<Trackpoint>
						<Time>2569-06-29T15:57:32Z</Time>
						<HeartRateBpm>
							<Value>141</Value>
						</HeartRateBpm>
					</Trackpoint>
					<Trackpoint>
						<Time>2569-06-29T15:57:33Z</Time>
						<HeartRateBpm>
							<Value>140</Value>
						</HeartRateBpm>
					</Trackpoint>
					<Trackpoint>
						<Time>2569-06-29T15:57:34Z</Time>
						<HeartRateBpm>
							<Value>139</Value>
						</HeartRateBpm>
					</Trackpoint>
					<Trackpoint>
						<Time>2569-06-29T15:57:35Z</Time>
						<HeartRateBpm>
							<Value>139</Value>
						</HeartRateBpm>
					</Trackpoint>
					<Trackpoint>
						<Time>2569-06-29T15:57:36Z</Time>
						<HeartRateBpm>
							<Value>137</Value>
						</HeartRateBpm>
					</Trackpoint>
					<Trackpoint>
						<Time>2569-06-29T15:57:37Z</Time>
						<HeartRateBpm>
							<Value>137</Value>
						</HeartRateBpm>
					</Trackpoint>
					<Trackpoint>
						<Time>2569-06-29T15:57:38Z</Time>
						<HeartRateBpm>
							<Value>138</Value>
						</HeartRateBpm>
					</Trackpoint>
					<Trackpoint>
						<Time>2569-06-29T15:57:39Z</Time>
						<HeartRateBpm>
							<Value>138</Value>
						</HeartRateBpm>
					</Trackpoint>
					<Trackpoint>
						<Time>2569-06-29T15:57:40Z</Time>
						<HeartRateBpm>
							<Value>137</Value>
						</HeartRateBpm>
					</Trackpoint>
					<Trackpoint>
						<Time>2569-06-29T15:57:41Z</Time>
						<HeartRateBpm>
							<Value>137</Value>
						</HeartRateBpm>
					</Trackpoint>
					<Trackpoint>
						<Time>2569-06-29T15:57:42Z</Time>
						<HeartRateBpm>
							<Value>137</Value>
						</HeartRateBpm>
					</Trackpoint>
					<Trackpoint>
						<Time>2569-06-29T15:57:43Z</Time>
						<HeartRateBpm>
							<Value>137</Value>
						</HeartRateBpm>
					</Trackpoint>
					<Trackpoint>
						<Time>2569-06-29T15:57:44Z</Time>
						<HeartRateBpm>
							<Value>138</Value>
						</HeartRateBpm>
					</Trackpoint>
					<Trackpoint>
						<Time>2569-06-29T15:57:45Z</Time>
						<HeartRateBpm>
							<Value>139</Value>
						</HeartRateBpm>
					</Trackpoint>
					<Trackpoint>
						<Time>2569-06-29T15:57:46Z</Time>
						<HeartRateBpm>
							<Value>138</Value>
						</HeartRateBpm>
					</Trackpoint>
					<Trackpoint>
						<Time>2569-06-29T15:57:47Z</Time>
						<HeartRateBpm>
							<Value>140</Value>
						</HeartRateBpm>
					</Trackpoint>
					<Trackpoint>
						<Time>2569-06-29T15:57:48Z</Time>
						<HeartRateBpm>
							<Value>140</Value>
						</HeartRateBpm>
					</Trackpoint>
					<Trackpoint>
						<Time>2569-06-29T15:57:49Z</Time>
						<HeartRateBpm>
							<Value>141</Value>
						</HeartRateBpm>
					</Trackpoint>
					<Trackpoint>
						<Time>2569-06-29T15:57:50Z</Time>
						<HeartRateBpm>
							<Value>142</Value>
						</HeartRateBpm>
					</Trackpoint>
					<Trackpoint>
						<Time>2569-06-29T15:57:51Z</Time>
						<HeartRateBpm>
							<Value>142</Value>
						</HeartRateBpm>
					</Trackpoint>
					<Trackpoint>
						<Time>2569-06-29T15:57:52Z</Time>
						<HeartRateBpm>
							<Value>143</Value>
						</HeartRateBpm>
					</Trackpoint>
					<Trackpoint>
						<Time>2569-06-29T15:57:53Z</Time>
						<HeartRateBpm>
							<Value>145</Value>
						</HeartRateBpm>
					</Trackpoint>
					<Trackpoint>
						<Time>2569-06-29T15:57:54Z</Time>
						<HeartRateBpm>
							<Value>146</Value>
						</HeartRateBpm>
					</Trackpoint>
					<Trackpoint>
						<Time>2569-06-29T15:57:55Z</Time>
						<HeartRateBpm>
							<Value>147</Value>
						</HeartRateBpm>
					</Trackpoint>
					<Trackpoint>
						<Time>2569-06-29T15:57:56Z</Time>
						<HeartRateBpm>
							<Value>147</Value>
						</HeartRateBpm>
					</Trackpoint>
					<Trackpoint>
						<Time>2569-06-29T15:57:57Z</Time>
						<HeartRateBpm>
							<Value>146</Value>
						</HeartRateBpm>
					</Trackpoint>
					<Trackpoint>
						<Time>2569-06-29T15:57:58Z</Time>
						<HeartRateBpm>
							<Value>146</Value>
						</HeartRateBpm>
					</Trackpoint>
					<Trackpoint>
						<Time>2569-06-29T15:57:59Z</Time>
						<HeartRateBpm>
							<Value>146</Value>
						</HeartRateBpm>
					</Trackpoint>
					<Trackpoint>
						<Time>2569-06-29T15:58:00Z</Time>
						<HeartRateBpm>
							<Value>146</Value>
						</HeartRateBpm>
					</Trackpoint>
					<Trackpoint>
						<Time>2569-06-29T15:58:01Z</Time>
						<HeartRateBpm>
							<Value>146</Value>
						</HeartRateBpm>
					</Trackpoint>
					<Trackpoint>
						<Time>2569-06-29T15:58:02Z</Time>
						<HeartRateBpm>
							<Value>146</Value>
						</HeartRateBpm>
					</Trackpoint>
					<Trackpoint>
						<Time>2569-06-29T15:58:03Z</Time>
						<HeartRateBpm>
							<Value>145</Value>
						</HeartRateBpm>
					</Trackpoint>
					<Trackpoint>
						<Time>2569-06-29T15:58:04Z</Time>
						<HeartRateBpm>
							<Value>144</Value>
						</HeartRateBpm>
					</Trackpoint>
					<Trackpoint>
						<Time>2569-06-29T15:58:05Z</Time>
						<HeartRateBpm>
							<Value>143</Value>
						</HeartRateBpm>
					</Trackpoint>
					<Trackpoint>
						<Time>2569-06-29T15:58:06Z</Time>
						<HeartRateBpm>
							<Value>141</Value>
						</HeartRateBpm>
					</Trackpoint>
					<Trackpoint>
						<Time>2569-06-29T15:58:07Z</Time>
						<HeartRateBpm>
							<Value>140</Value>
						</HeartRateBpm>
					</Trackpoint>
					<Trackpoint>
						<Time>2569-06-29T15:58:08Z</Time>
						<HeartRateBpm>
							<Value>138</Value>
						</HeartRateBpm>
					</Trackpoint>
					<Trackpoint>
						<Time>2569-06-29T15:58:09Z</Time>
						<HeartRateBpm>
							<Value>137</Value>
						</HeartRateBpm>
					</Trackpoint>
					<Trackpoint>
						<Time>2569-06-29T15:58:10Z</Time>
						<HeartRateBpm>
							<Value>136</Value>
						</HeartRateBpm>
					</Trackpoint>
					<Trackpoint>
						<Time>2569-06-29T15:58:11Z</Time>
						<HeartRateBpm>
							<Value>136</Value>
						</HeartRateBpm>
					</Trackpoint>
					<Trackpoint>
						<Time>2569-06-29T15:58:12Z</Time>
						<HeartRateBpm>
							<Value>136</Value>
						</HeartRateBpm>
					</Trackpoint>
					<Trackpoint>
						<Time>2569-06-29T15:58:13Z</Time>
						<HeartRateBpm>
							<Value>136</Value>
						</HeartRateBpm>
					</Trackpoint>
					<Trackpoint>
						<Time>2569-06-29T15:58:14Z</Time>
						<HeartRateBpm>
							<Value>134</Value>
						</HeartRateBpm>
					</Trackpoint>
					<Trackpoint>
						<Time>2569-06-29T15:58:15Z</Time>
						<HeartRateBpm>
							<Value>134</Value>
						</HeartRateBpm>
					</Trackpoint>
					<Trackpoint>
						<Time>2569-06-29T15:58:16Z</Time>
						<HeartRateBpm>
							<Value>133</Value>
						</HeartRateBpm>
					</Trackpoint>
					<Trackpoint>
						<Time>2569-06-29T15:58:17Z</Time>
						<HeartRateBpm>
							<Value>133</Value>
						</HeartRateBpm>
					</Trackpoint>
					<Trackpoint>
						<Time>2569-06-29T15:58:18Z</Time>
						<HeartRateBpm>
							<Value>131</Value>
						</HeartRateBpm>
					</Trackpoint>
					<Trackpoint>
						<Time>2569-06-29T15:58:19Z</Time>
						<HeartRateBpm>
							<Value>131</Value>
						</HeartRateBpm>
					</Trackpoint>
					<Trackpoint>
						<Time>2569-06-29T15:58:20Z</Time>
						<HeartRateBpm>
							<Value>130</Value>
						</HeartRateBpm>
					</Trackpoint>
					<Trackpoint>
						<Time>2569-06-29T15:58:21Z</Time>
						<HeartRateBpm>
							<Value>129</Value>
						</HeartRateBpm>
					</Trackpoint>
					<Trackpoint>
						<Time>2569-06-29T15:58:22Z</Time>
						<HeartRateBpm>
							<Value>128</Value>
						</HeartRateBpm>
					</Trackpoint>
					<Trackpoint>
						<Time>2569-06-29T15:58:23Z</Time>
						<HeartRateBpm>
							<Value>127</Value>
						</HeartRateBpm>
					</Trackpoint>
					<Trackpoint>
						<Time>2569-06-29T15:58:24Z</Time>
						<HeartRateBpm>
							<Value>126</Value>
						</HeartRateBpm>
					</Trackpoint>
					<Trackpoint>
						<Time>2569-06-29T15:58:25Z</Time>
						<HeartRateBpm>
							<Value>125</Value>
						</HeartRateBpm>
					</Trackpoint>
					<Trackpoint>
						<Time>2569-06-29T15:58:26Z</Time>
						<HeartRateBpm>
							<Value>124</Value>
						</HeartRateBpm>
					</Trackpoint>
					<Trackpoint>
						<Time>2569-06-29T15:58:27Z</Time>
						<HeartRateBpm>
							<Value>123</Value>
						</HeartRateBpm>
					</Trackpoint>
					<Trackpoint>
						<Time>2569-06-29T15:58:28Z</Time>
						<HeartRateBpm>
							<Value>121</Value>
						</HeartRateBpm>
					</Trackpoint>
					<Trackpoint>
						<Time>2569-06-29T15:58:29Z</Time>
						<HeartRateBpm>
							<Value>120</Value>
						</HeartRateBpm>
					</Trackpoint>
					<Trackpoint>
						<Time>2569-06-29T15:58:30Z</Time>
						<HeartRateBpm>
							<Value>120</Value>
						</HeartRateBpm>
					</Trackpoint>
					<Trackpoint>
						<Time>2569-06-29T15:58:31Z</Time>
						<HeartRateBpm>
							<Value>119</Value>
						</HeartRateBpm>
					</Trackpoint>
					<Trackpoint>
						<Time>2569-06-29T15:58:32Z</Time>
						<HeartRateBpm>
							<Value>120</Value>
						</HeartRateBpm>
					</Trackpoint>
					<Trackpoint>
						<Time>2569-06-29T15:58:33Z</Time>
						<HeartRateBpm>
							<Value>120</Value>
						</HeartRateBpm>
					</Trackpoint>
					<Trackpoint>
						<Time>2569-06-29T15:58:34Z</Time>
						<HeartRateBpm>
							<Value>120</Value>
						</HeartRateBpm>
					</Trackpoint>
					<Trackpoint>
						<Time>2569-06-29T15:58:35Z</Time>
						<HeartRateBpm>
							<Value>120</Value>
						</HeartRateBpm>
					</Trackpoint>
					<Trackpoint>
						<Time>2569-06-29T15:58:36Z</Time>
						<HeartRateBpm>
							<Value>119</Value>
						</HeartRateBpm>
					</Trackpoint>
					<Trackpoint>
						<Time>2569-06-29T15:58:37Z</Time>
						<HeartRateBpm>
							<Value>118</Value>
						</HeartRateBpm>
					</Trackpoint>
					<Trackpoint>
						<Time>2569-06-29T15:58:38Z</Time>
						<HeartRateBpm>
							<Value>117</Value>
						</HeartRateBpm>
					</Trackpoint>
					<Trackpoint>
						<Time>2569-06-29T15:58:39Z</Time>
						<HeartRateBpm>
							<Value>117</Value>
						</HeartRateBpm>
					</Trackpoint>
					<Trackpoint>
						<Time>2569-06-29T15:58:40Z</Time>
						<HeartRateBpm>
							<Value>116</Value>
						</HeartRateBpm>
					</Trackpoint>
					<Trackpoint>
						<Time>2569-06-29T15:58:41Z</Time>
						<HeartRateBpm>
							<Value>116</Value>
						</HeartRateBpm>
					</Trackpoint>
					<Trackpoint>
						<Time>2569-06-29T15:58:42Z</Time>
						<HeartRateBpm>
							<Value>115</Value>
						</HeartRateBpm>
					</Trackpoint>
					<Trackpoint>
						<Time>2569-06-29T15:58:43Z</Time>
						<HeartRateBpm>
							<Value>114</Value>
						</HeartRateBpm>
					</Trackpoint>
					<Trackpoint>
						<Time>2569-06-29T15:58:44Z</Time>
						<HeartRateBpm>
							<Value>113</Value>
						</HeartRateBpm>
					</Trackpoint>
					<Trackpoint>
						<Time>2569-06-29T15:58:45Z</Time>
						<HeartRateBpm>
							<Value>112</Value>
						</HeartRateBpm>
					</Trackpoint>
					<Trackpoint>
						<Time>2569-06-29T15:58:46Z</Time>
						<HeartRateBpm>
							<Value>110</Value>
						</HeartRateBpm>
					</Trackpoint>
					<Trackpoint>
						<Time>2569-06-29T15:58:47Z</Time>
						<HeartRateBpm>
							<Value>109</Value>
						</HeartRateBpm>
					</Trackpoint>
					<Trackpoint>
						<Time>2569-06-29T15:58:48Z</Time>
						<HeartRateBpm>
							<Value>109</Value>
						</HeartRateBpm>
					</Trackpoint>
					<Trackpoint>
						<Time>2569-06-29T15:58:49Z</Time>
						<HeartRateBpm>
							<Value>109</Value>
						</HeartRateBpm>
					</Trackpoint>
					<Trackpoint>
						<Time>2569-06-29T15:58:50Z</Time>
						<HeartRateBpm>
							<Value>109</Value>
						</HeartRateBpm>
					</Trackpoint>
					<Trackpoint>
						<Time>2569-06-29T15:58:51Z</Time>
						<HeartRateBpm>
							<Value>109</Value>
						</HeartRateBpm>
					</Trackpoint>
					<Trackpoint>
						<Time>2569-06-29T15:58:52Z</Time>
						<HeartRateBpm>
							<Value>109</Value>
						</HeartRateBpm>
					</Trackpoint>
					<Trackpoint>
						<Time>2569-06-29T15:58:53Z</Time>
						<HeartRateBpm>
							<Value>111</Value>
						</HeartRateBpm>
					</Trackpoint>
					<Trackpoint>
						<Time>2569-06-29T15:58:54Z</Time>
						<HeartRateBpm>
							<Value>110</Value>
						</HeartRateBpm>
					</Trackpoint>
					<Trackpoint>
						<Time>2569-06-29T15:58:55Z</Time>
						<HeartRateBpm>
							<Value>111</Value>
						</HeartRateBpm>
					</Trackpoint>
					<Trackpoint>
						<Time>2569-06-29T15:58:56Z</Time>
						<HeartRateBpm>
							<Value>111</Value>
						</HeartRateBpm>
					</Trackpoint>
					<Trackpoint>
						<Time>2569-06-29T15:58:57Z</Time>
						<HeartRateBpm>
							<Value>111</Value>
						</HeartRateBpm>
					</Trackpoint>
					<Trackpoint>
						<Time>2569-06-29T15:58:58Z</Time>
						<HeartRateBpm>
							<Value>110</Value>
						</HeartRateBpm>
					</Trackpoint>
					<Trackpoint>
						<Time>2569-06-29T15:58:59Z</Time>
						<HeartRateBpm>
							<Value>110</Value>
						</HeartRateBpm>
					</Trackpoint>
					<Trackpoint>
						<Time>2569-06-29T15:59:00Z</Time>
						<HeartRateBpm>
							<Value>109</Value>
						</HeartRateBpm>
					</Trackpoint>
					<Trackpoint>
						<Time>2569-06-29T15:59:01Z</Time>
						<HeartRateBpm>
							<Value>109</Value>
						</HeartRateBpm>
					</Trackpoint>
					<Trackpoint>
						<Time>2569-06-29T15:59:02Z</Time>
						<HeartRateBpm>
							<Value>109</Value>
						</HeartRateBpm>
					</Trackpoint>
					<Trackpoint>
						<Time>2569-06-29T15:59:03Z</Time>
						<HeartRateBpm>
							<Value>109</Value>
						</HeartRateBpm>
					</Trackpoint>
					<Trackpoint>
						<Time>2569-06-29T15:59:04Z</Time>
						<HeartRateBpm>
							<Value>110</Value>
						</HeartRateBpm>
					</Trackpoint>
					<Trackpoint>
						<Time>2569-06-29T15:59:05Z</Time>
						<HeartRateBpm>
							<Value>111</Value>
						</HeartRateBpm>
					</Trackpoint>
					<Trackpoint>
						<Time>2569-06-29T15:59:06Z</Time>
						<HeartRateBpm>
							<Value>111</Value>
						</HeartRateBpm>
					</Trackpoint>
					<Trackpoint>
						<Time>2569-06-29T15:59:07Z</Time>
						<HeartRateBpm>
							<Value>112</Value>
						</HeartRateBpm>
					</Trackpoint>
					<Trackpoint>
						<Time>2569-06-29T15:59:08Z</Time>
						<HeartRateBpm>
							<Value>113</Value>
						</HeartRateBpm>
					</Trackpoint>
					<Trackpoint>
						<Time>2569-06-29T15:59:09Z</Time>
						<HeartRateBpm>
							<Value>114</Value>
						</HeartRateBpm>
					</Trackpoint>
					<Trackpoint>
						<Time>2569-06-29T15:59:10Z</Time>
						<HeartRateBpm>
							<Value>116</Value>
						</HeartRateBpm>
					</Trackpoint>
					<Trackpoint>
						<Time>2569-06-29T15:59:11Z</Time>
						<HeartRateBpm>
							<Value>119</Value>
						</HeartRateBpm>
					</Trackpoint>
					<Trackpoint>
						<Time>2569-06-29T15:59:12Z</Time>
						<HeartRateBpm>
							<Value>122</Value>
						</HeartRateBpm>
					</Trackpoint>
					<Trackpoint>
						<Time>2569-06-29T15:59:13Z</Time>
						<HeartRateBpm>
							<Value>123</Value>
						</HeartRateBpm>
					</Trackpoint>
					<Trackpoint>
						<Time>2569-06-29T15:59:14Z</Time>
						<HeartRateBpm>
							<Value>124</Value>
						</HeartRateBpm>
					</Trackpoint>
					<Trackpoint>
						<Time>2569-06-29T15:59:15Z</Time>
						<HeartRateBpm>
							<Value>125</Value>
						</HeartRateBpm>
					</Trackpoint>
					<Trackpoint>
						<Time>2569-06-29T15:59:16Z</Time>
						<HeartRateBpm>
							<Value>127</Value>
						</HeartRateBpm>
					</Trackpoint>
					<Trackpoint>
						<Time>2569-06-29T15:59:17Z</Time>
						<HeartRateBpm>
							<Value>126</Value>
						</HeartRateBpm>
					</Trackpoint>
					<Trackpoint>
						<Time>2569-06-29T15:59:18Z</Time>
						<HeartRateBpm>
							<Value>126</Value>
						</HeartRateBpm>
					</Trackpoint>
					<Trackpoint>
						<Time>2569-06-29T15:59:19Z</Time>
						<HeartRateBpm>
							<Value>129</Value>
						</HeartRateBpm>
					</Trackpoint>
					<Trackpoint>
						<Time>2569-06-29T15:59:20Z</Time>
						<HeartRateBpm>
							<Value>133</Value>
						</HeartRateBpm>
					</Trackpoint>
					<Trackpoint>
						<Time>2569-06-29T15:59:21Z</Time>
						<HeartRateBpm>
							<Value>133</Value>
						</HeartRateBpm>
					</Trackpoint>
					<Trackpoint>
						<Time>2569-06-29T15:59:22Z</Time>
						<HeartRateBpm>
							<Value>133</Value>
						</HeartRateBpm>
					</Trackpoint>
					<Trackpoint>
						<Time>2569-06-29T15:59:23Z</Time>
						<HeartRateBpm>
							<Value>134</Value>
						</HeartRateBpm>
					</Trackpoint>
					<Trackpoint>
						<Time>2569-06-29T15:59:24Z</Time>
						<HeartRateBpm>
							<Value>134</Value>
						</HeartRateBpm>
					</Trackpoint>
					<Trackpoint>
						<Time>2569-06-29T15:59:25Z</Time>
						<HeartRateBpm>
							<Value>137</Value>
						</HeartRateBpm>
					</Trackpoint>
					<Trackpoint>
						<Time>2569-06-29T15:59:26Z</Time>
						<HeartRateBpm>
							<Value>137</Value>
						</HeartRateBpm>
					</Trackpoint>
					<Trackpoint>
						<Time>2569-06-29T15:59:27Z</Time>
						<HeartRateBpm>
							<Value>138</Value>
						</HeartRateBpm>
					</Trackpoint>
					<Trackpoint>
						<Time>2569-06-29T15:59:28Z</Time>
						<HeartRateBpm>
							<Value>140</Value>
						</HeartRateBpm>
					</Trackpoint>
					<Trackpoint>
						<Time>2569-06-29T15:59:29Z</Time>
						<HeartRateBpm>
							<Value>139</Value>
						</HeartRateBpm>
					</Trackpoint>
					<Trackpoint>
						<Time>2569-06-29T15:59:30Z</Time>
						<HeartRateBpm>
							<Value>137</Value>
						</HeartRateBpm>
					</Trackpoint>
					<Trackpoint>
						<Time>2569-06-29T15:59:31Z</Time>
						<HeartRateBpm>
							<Value>136</Value>
						</HeartRateBpm>
					</Trackpoint>
					<Trackpoint>
						<Time>2569-06-29T15:59:32Z</Time>
						<HeartRateBpm>
							<Value>137</Value>
						</HeartRateBpm>
					</Trackpoint>
					<Trackpoint>
						<Time>2569-06-29T15:59:33Z</Time>
						<HeartRateBpm>
							<Value>137</Value>
						</HeartRateBpm>
					</Trackpoint>
					<Trackpoint>
						<Time>2569-06-29T15:59:34Z</Time>
						<HeartRateBpm>
							<Value>139</Value>
						</HeartRateBpm>
					</Trackpoint>
					<Trackpoint>
						<Time>2569-06-29T15:59:35Z</Time>
						<HeartRateBpm>
							<Value>140</Value>
						</HeartRateBpm>
					</Trackpoint>
					<Trackpoint>
						<Time>2569-06-29T15:59:36Z</Time>
						<HeartRateBpm>
							<Value>141</Value>
						</HeartRateBpm>
					</Trackpoint>
					<Trackpoint>
						<Time>2569-06-29T15:59:37Z</Time>
						<HeartRateBpm>
							<Value>142</Value>
						</HeartRateBpm>
					</Trackpoint>
					<Trackpoint>
						<Time>2569-06-29T15:59:38Z</Time>
						<HeartRateBpm>
							<Value>142</Value>
						</HeartRateBpm>
					</Trackpoint>
					<Trackpoint>
						<Time>2569-06-29T15:59:39Z</Time>
						<HeartRateBpm>
							<Value>142</Value>
						</HeartRateBpm>
					</Trackpoint>
					<Trackpoint>
						<Time>2569-06-29T15:59:40Z</Time>
						<HeartRateBpm>
							<Value>143</Value>
						</HeartRateBpm>
					</Trackpoint>
					<Trackpoint>
						<Time>2569-06-29T15:59:41Z</Time>
						<HeartRateBpm>
							<Value>143</Value>
						</HeartRateBpm>
					</Trackpoint>
					<Trackpoint>
						<Time>2569-06-29T15:59:42Z</Time>
						<HeartRateBpm>
							<Value>143</Value>
						</HeartRateBpm>
					</Trackpoint>
					<Trackpoint>
						<Time>2569-06-29T15:59:43Z</Time>
						<HeartRateBpm>
							<Value>145</Value>
						</HeartRateBpm>
					</Trackpoint>
					<Trackpoint>
						<Time>2569-06-29T15:59:44Z</Time>
						<HeartRateBpm>
							<Value>147</Value>
						</HeartRateBpm>
					</Trackpoint>
					<Trackpoint>
						<Time>2569-06-29T15:59:45Z</Time>
						<HeartRateBpm>
							<Value>148</Value>
						</HeartRateBpm>
					</Trackpoint>
					<Trackpoint>
						<Time>2569-06-29T15:59:46Z</Time>
						<HeartRateBpm>
							<Value>149</Value>
						</HeartRateBpm>
					</Trackpoint>
					<Trackpoint>
						<Time>2569-06-29T15:59:47Z</Time>
						<HeartRateBpm>
							<Value>148</Value>
						</HeartRateBpm>
					</Trackpoint>
					<Trackpoint>
						<Time>2569-06-29T15:59:48Z</Time>
						<HeartRateBpm>
							<Value>149</Value>
						</HeartRateBpm>
					</Trackpoint>
					<Trackpoint>
						<Time>2569-06-29T15:59:49Z</Time>
						<HeartRateBpm>
							<Value>149</Value>
						</HeartRateBpm>
					</Trackpoint>
					<Trackpoint>
						<Time>2569-06-29T15:59:50Z</Time>
						<HeartRateBpm>
							<Value>149</Value>
						</HeartRateBpm>
					</Trackpoint>
					<Trackpoint>
						<Time>2569-06-29T15:59:51Z</Time>
						<HeartRateBpm>
							<Value>149</Value>
						</HeartRateBpm>
					</Trackpoint>
					<Trackpoint>
						<Time>2569-06-29T15:59:52Z</Time>
						<HeartRateBpm>
							<Value>150</Value>
						</HeartRateBpm>
					</Trackpoint>
					<Trackpoint>
						<Time>2569-06-29T15:59:53Z</Time>
						<HeartRateBpm>
							<Value>152</Value>
						</HeartRateBpm>
					</Trackpoint>
					<Trackpoint>
						<Time>2569-06-29T15:59:54Z</Time>
						<HeartRateBpm>
							<Value>152</Value>
						</HeartRateBpm>
					</Trackpoint>
					<Trackpoint>
						<Time>2569-06-29T15:59:55Z</Time>
						<HeartRateBpm>
							<Value>152</Value>
						</HeartRateBpm>
					</Trackpoint>
					<Trackpoint>
						<Time>2569-06-29T15:59:56Z</Time>
						<HeartRateBpm>
							<Value>153</Value>
						</HeartRateBpm>
					</Trackpoint>
					<Trackpoint>
						<Time>2569-06-29T15:59:57Z</Time>
						<HeartRateBpm>
							<Value>154</Value>
						</HeartRateBpm>
					</Trackpoint>
					<Trackpoint>
						<Time>2569-06-29T15:59:58Z</Time>
						<HeartRateBpm>
							<Value>155</Value>
						</HeartRateBpm>
					</Trackpoint>
					<Trackpoint>
						<Time>2569-06-29T15:59:59Z</Time>
						<HeartRateBpm>
							<Value>154</Value>
						</HeartRateBpm>
					</Trackpoint>
					<Trackpoint>
						<Time>2569-06-29T16:00:00Z</Time>
						<HeartRateBpm>
							<Value>155</Value>
						</HeartRateBpm>
					</Trackpoint>
					<Trackpoint>
						<Time>2569-06-29T16:00:01Z</Time>
						<HeartRateBpm>
							<Value>155</Value>
						</HeartRateBpm>
					</Trackpoint>
					<Trackpoint>
						<Time>2569-06-29T16:00:02Z</Time>
						<HeartRateBpm>
							<Value>154</Value>
						</HeartRateBpm>
					</Trackpoint>
					<Trackpoint>
						<Time>2569-06-29T16:00:03Z</Time>
						<HeartRateBpm>
							<Value>152</Value>
						</HeartRateBpm>
					</Trackpoint>
					<Trackpoint>
						<Time>2569-06-29T16:00:04Z</Time>
						<HeartRateBpm>
							<Value>151</Value>
						</HeartRateBpm>
					</Trackpoint>
					<Trackpoint>
						<Time>2569-06-29T16:00:05Z</Time>
						<HeartRateBpm>
							<Value>151</Value>
						</HeartRateBpm>
					</Trackpoint>
					<Trackpoint>
						<Time>2569-06-29T16:00:06Z</Time>
						<HeartRateBpm>
							<Value>151</Value>
						</HeartRateBpm>
					</Trackpoint>
					<Trackpoint>
						<Time>2569-06-29T16:00:07Z</Time>
						<HeartRateBpm>
							<Value>151</Value>
						</HeartRateBpm>
					</Trackpoint>
					<Trackpoint>
						<Time>2569-06-29T16:00:08Z</Time>
						<HeartRateBpm>
							<Value>151</Value>
						</HeartRateBpm>
					</Trackpoint>
					<Trackpoint>
						<Time>2569-06-29T16:00:09Z</Time>
						<HeartRateBpm>
							<Value>152</Value>
						</HeartRateBpm>
					</Trackpoint>
					<Trackpoint>
						<Time>2569-06-29T16:00:10Z</Time>
						<HeartRateBpm>
							<Value>153</Value>
						</HeartRateBpm>
					</Trackpoint>
					<Trackpoint>
						<Time>2569-06-29T16:00:11Z</Time>
						<HeartRateBpm>
							<Value>152</Value>
						</HeartRateBpm>
					</Trackpoint>
					<Trackpoint>
						<Time>2569-06-29T16:00:12Z</Time>
						<HeartRateBpm>
							<Value>155</Value>
						</HeartRateBpm>
					</Trackpoint>
					<Trackpoint>
						<Time>2569-06-29T16:00:13Z</Time>
						<HeartRateBpm>
							<Value>156</Value>
						</HeartRateBpm>
					</Trackpoint>
					<Trackpoint>
						<Time>2569-06-29T16:00:14Z</Time>
						<HeartRateBpm>
							<Value>158</Value>
						</HeartRateBpm>
					</Trackpoint>
					<Trackpoint>
						<Time>2569-06-29T16:00:15Z</Time>
						<HeartRateBpm>
							<Value>157</Value>
						</HeartRateBpm>
					</Trackpoint>
					<Trackpoint>
						<Time>2569-06-29T16:00:16Z</Time>
						<HeartRateBpm>
							<Value>156</Value>
						</HeartRateBpm>
					</Trackpoint>
					<Trackpoint>
						<Time>2569-06-29T16:00:17Z</Time>
						<HeartRateBpm>
							<Value>155</Value>
						</HeartRateBpm>
					</Trackpoint>
					<Trackpoint>
						<Time>2569-06-29T16:00:18Z</Time>
						<HeartRateBpm>
							<Value>153</Value>
						</HeartRateBpm>
					</Trackpoint>
					<Trackpoint>
						<Time>2569-06-29T16:00:19Z</Time>
						<HeartRateBpm>
							<Value>152</Value>
						</HeartRateBpm>
					</Trackpoint>
					<Trackpoint>
						<Time>2569-06-29T16:00:20Z</Time>
						<HeartRateBpm>
							<Value>151</Value>
						</HeartRateBpm>
					</Trackpoint>
					<Trackpoint>
						<Time>2569-06-29T16:00:21Z</Time>
						<HeartRateBpm>
							<Value>150</Value>
						</HeartRateBpm>
					</Trackpoint>
					<Trackpoint>
						<Time>2569-06-29T16:00:22Z</Time>
						<HeartRateBpm>
							<Value>149</Value>
						</HeartRateBpm>
					</Trackpoint>
					<Trackpoint>
						<Time>2569-06-29T16:00:23Z</Time>
						<HeartRateBpm>
							<Value>148</Value>
						</HeartRateBpm>
					</Trackpoint>
					<Trackpoint>
						<Time>2569-06-29T16:00:24Z</Time>
						<HeartRateBpm>
							<Value>147</Value>
						</HeartRateBpm>
					</Trackpoint>
					<Trackpoint>
						<Time>2569-06-29T16:00:25Z</Time>
						<HeartRateBpm>
							<Value>145</Value>
						</HeartRateBpm>
					</Trackpoint>
					<Trackpoint>
						<Time>2569-06-29T16:00:26Z</Time>
						<HeartRateBpm>
							<Value>143</Value>
						</HeartRateBpm>
					</Trackpoint>
					<Trackpoint>
						<Time>2569-06-29T16:00:27Z</Time>
						<HeartRateBpm>
							<Value>142</Value>
						</HeartRateBpm>
					</Trackpoint>
					<Trackpoint>
						<Time>2569-06-29T16:00:28Z</Time>
						<HeartRateBpm>
							<Value>141</Value>
						</HeartRateBpm>
					</Trackpoint>
					<Trackpoint>
						<Time>2569-06-29T16:00:29Z</Time>
						<HeartRateBpm>
							<Value>140</Value>
						</HeartRateBpm>
					</Trackpoint>
					<Trackpoint>
						<Time>2569-06-29T16:00:30Z</Time>
						<HeartRateBpm>
							<Value>140</Value>
						</HeartRateBpm>
					</Trackpoint>
					<Trackpoint>
						<Time>2569-06-29T16:00:31Z</Time>
						<HeartRateBpm>
							<Value>140</Value>
						</HeartRateBpm>
					</Trackpoint>
					<Trackpoint>
						<Time>2569-06-29T16:00:32Z</Time>
						<HeartRateBpm>
							<Value>139</Value>
						</HeartRateBpm>
					</Trackpoint>
					<Trackpoint>
						<Time>2569-06-29T16:00:33Z</Time>
						<HeartRateBpm>
							<Value>138</Value>
						</HeartRateBpm>
					</Trackpoint>
					<Trackpoint>
						<Time>2569-06-29T16:00:34Z</Time>
						<HeartRateBpm>
							<Value>137</Value>
						</HeartRateBpm>
					</Trackpoint>
					<Trackpoint>
						<Time>2569-06-29T16:00:35Z</Time>
						<HeartRateBpm>
							<Value>136</Value>
						</HeartRateBpm>
					</Trackpoint>
					<Trackpoint>
						<Time>2569-06-29T16:00:36Z</Time>
						<HeartRateBpm>
							<Value>136</Value>
						</HeartRateBpm>
					</Trackpoint>
					<Trackpoint>
						<Time>2569-06-29T16:00:37Z</Time>
						<HeartRateBpm>
							<Value>134</Value>
						</HeartRateBpm>
					</Trackpoint>
					<Trackpoint>
						<Time>2569-06-29T16:00:38Z</Time>
						<HeartRateBpm>
							<Value>133</Value>
						</HeartRateBpm>
					</Trackpoint>
					<Trackpoint>
						<Time>2569-06-29T16:00:39Z</Time>
						<HeartRateBpm>
							<Value>132</Value>
						</HeartRateBpm>
					</Trackpoint>
					<Trackpoint>
						<Time>2569-06-29T16:00:40Z</Time>
						<HeartRateBpm>
							<Value>132</Value>
						</HeartRateBpm>
					</Trackpoint>
					<Trackpoint>
						<Time>2569-06-29T16:00:41Z</Time>
						<HeartRateBpm>
							<Value>130</Value>
						</HeartRateBpm>
					</Trackpoint>
					<Trackpoint>
						<Time>2569-06-29T16:00:42Z</Time>
						<HeartRateBpm>
							<Value>130</Value>
						</HeartRateBpm>
					</Trackpoint>
					<Trackpoint>
						<Time>2569-06-29T16:00:43Z</Time>
						<HeartRateBpm>
							<Value>129</Value>
						</HeartRateBpm>
					</Trackpoint>
					<Trackpoint>
						<Time>2569-06-29T16:00:44Z</Time>
						<HeartRateBpm>
							<Value>128</Value>
						</HeartRateBpm>
					</Trackpoint>
					<Trackpoint>
						<Time>2569-06-29T16:00:45Z</Time>
						<HeartRateBpm>
							<Value>127</Value>
						</HeartRateBpm>
					</Trackpoint>
					<Trackpoint>
						<Time>2569-06-29T16:00:46Z</Time>
						<HeartRateBpm>
							<Value>126</Value>
						</HeartRateBpm>
					</Trackpoint>
					<Trackpoint>
						<Time>2569-06-29T16:00:47Z</Time>
						<HeartRateBpm>
							<Value>126</Value>
						</HeartRateBpm>
					</Trackpoint>
					<Trackpoint>
						<Time>2569-06-29T16:00:48Z</Time>
						<HeartRateBpm>
							<Value>125</Value>
						</HeartRateBpm>
					</Trackpoint>
					<Trackpoint>
						<Time>2569-06-29T16:00:49Z</Time>
						<HeartRateBpm>
							<Value>124</Value>
						</HeartRateBpm>
					</Trackpoint>
					<Trackpoint>
						<Time>2569-06-29T16:00:50Z</Time>
						<HeartRateBpm>
							<Value>124</Value>
						</HeartRateBpm>
					</Trackpoint>
					<Trackpoint>
						<Time>2569-06-29T16:00:51Z</Time>
						<HeartRateBpm>
							<Value>124</Value>
						</HeartRateBpm>
					</Trackpoint>
					<Trackpoint>
						<Time>2569-06-29T16:00:52Z</Time>
						<HeartRateBpm>
							<Value>123</Value>
						</HeartRateBpm>
					</Trackpoint>
					<Trackpoint>
						<Time>2569-06-29T16:00:53Z</Time>
						<HeartRateBpm>
							<Value>122</Value>
						</HeartRateBpm>
					</Trackpoint>
					<Trackpoint>
						<Time>2569-06-29T16:00:54Z</Time>
						<HeartRateBpm>
							<Value>122</Value>
						</HeartRateBpm>
					</Trackpoint>
					<Trackpoint>
						<Time>2569-06-29T16:00:55Z</Time>
						<HeartRateBpm>
							<Value>121</Value>
						</HeartRateBpm>
					</Trackpoint>
					<Trackpoint>
						<Time>2569-06-29T16:00:56Z</Time>
						<HeartRateBpm>
							<Value>119</Value>
						</HeartRateBpm>
					</Trackpoint>
					<Trackpoint>
						<Time>2569-06-29T16:00:57Z</Time>
						<HeartRateBpm>
							<Value>119</Value>
						</HeartRateBpm>
					</Trackpoint>
					<Trackpoint>
						<Time>2569-06-29T16:00:58Z</Time>
						<HeartRateBpm>
							<Value>118</Value>
						</HeartRateBpm>
					</Trackpoint>
					<Trackpoint>
						<Time>2569-06-29T16:00:59Z</Time>
						<HeartRateBpm>
							<Value>117</Value>
						</HeartRateBpm>
					</Trackpoint>
					<Trackpoint>
						<Time>2569-06-29T16:01:00Z</Time>
						<HeartRateBpm>
							<Value>116</Value>
						</HeartRateBpm>
					</Trackpoint>
					<Trackpoint>
						<Time>2569-06-29T16:01:01Z</Time>
						<HeartRateBpm>
							<Value>116</Value>
						</HeartRateBpm>
					</Trackpoint>
					<Trackpoint>
						<Time>2569-06-29T16:01:02Z</Time>
						<HeartRateBpm>
							<Value>115</Value>
						</HeartRateBpm>
					</Trackpoint>
					<Trackpoint>
						<Time>2569-06-29T16:01:03Z</Time>
						<HeartRateBpm>
							<Value>115</Value>
						</HeartRateBpm>
					</Trackpoint>
					<Trackpoint>
						<Time>2569-06-29T16:01:04Z</Time>
						<HeartRateBpm>
							<Value>116</Value>
						</HeartRateBpm>
					</Trackpoint>
					<Trackpoint>
						<Time>2569-06-29T16:01:05Z</Time>
						<HeartRateBpm>
							<Value>116</Value>
						</HeartRateBpm>
					</Trackpoint>
					<Trackpoint>
						<Time>2569-06-29T16:01:06Z</Time>
						<HeartRateBpm>
							<Value>116</Value>
						</HeartRateBpm>
					</Trackpoint>
					<Trackpoint>
						<Time>2569-06-29T16:01:07Z</Time>
						<HeartRateBpm>
							<Value>117</Value>
						</HeartRateBpm>
					</Trackpoint>
					<Trackpoint>
						<Time>2569-06-29T16:01:08Z</Time>
						<HeartRateBpm>
							<Value>117</Value>
						</HeartRateBpm>
					</Trackpoint>
					<Trackpoint>
						<Time>2569-06-29T16:01:09Z</Time>
						<HeartRateBpm>
							<Value>116</Value>
						</HeartRateBpm>
					</Trackpoint>
					<Trackpoint>
						<Time>2569-06-29T16:01:10Z</Time>
						<HeartRateBpm>
							<Value>115</Value>
						</HeartRateBpm>
					</Trackpoint>
					<Trackpoint>
						<Time>2569-06-29T16:01:11Z</Time>
						<HeartRateBpm>
							<Value>115</Value>
						</HeartRateBpm>
					</Trackpoint>
					<Trackpoint>
						<Time>2569-06-29T16:01:12Z</Time>
						<HeartRateBpm>
							<Value>114</Value>
						</HeartRateBpm>
					</Trackpoint>
					<Trackpoint>
						<Time>2569-06-29T16:01:13Z</Time>
						<HeartRateBpm>
							<Value>114</Value>
						</HeartRateBpm>
					</Trackpoint>
					<Trackpoint>
						<Time>2569-06-29T16:01:14Z</Time>
						<HeartRateBpm>
							<Value>114</Value>
						</HeartRateBpm>
					</Trackpoint>
					<Trackpoint>
						<Time>2569-06-29T16:01:15Z</Time>
						<HeartRateBpm>
							<Value>114</Value>
						</HeartRateBpm>
					</Trackpoint>
					<Trackpoint>
						<Time>2569-06-29T16:01:16Z</Time>
						<HeartRateBpm>
							<Value>115</Value>
						</HeartRateBpm>
					</Trackpoint>
					<Trackpoint>
						<Time>2569-06-29T16:01:17Z</Time>
						<HeartRateBpm>
							<Value>115</Value>
						</HeartRateBpm>
					</Trackpoint>
					<Trackpoint>
						<Time>2569-06-29T16:01:18Z</Time>
						<HeartRateBpm>
							<Value>115</Value>
						</HeartRateBpm>
					</Trackpoint>
					<Trackpoint>
						<Time>2569-06-29T16:01:19Z</Time>
						<HeartRateBpm>
							<Value>116</Value>
						</HeartRateBpm>
					</Trackpoint>
					<Trackpoint>
						<Time>2569-06-29T16:01:20Z</Time>
						<HeartRateBpm>
							<Value>118</Value>
						</HeartRateBpm>
					</Trackpoint>
					<Trackpoint>
						<Time>2569-06-29T16:01:21Z</Time>
						<HeartRateBpm>
							<Value>118</Value>
						</HeartRateBpm>
					</Trackpoint>
					<Trackpoint>
						<Time>2569-06-29T16:01:22Z</Time>
						<HeartRateBpm>
							<Value>118</Value>
						</HeartRateBpm>
					</Trackpoint>
					<Trackpoint>
						<Time>2569-06-29T16:01:23Z</Time>
						<HeartRateBpm>
							<Value>118</Value>
						</HeartRateBpm>
					</Trackpoint>
					<Trackpoint>
						<Time>2569-06-29T16:01:24Z</Time>
						<HeartRateBpm>
							<Value>121</Value>
						</HeartRateBpm>
					</Trackpoint>
					<Trackpoint>
						<Time>2569-06-29T16:01:25Z</Time>
						<HeartRateBpm>
							<Value>123</Value>
						</HeartRateBpm>
					</Trackpoint>
					<Trackpoint>
						<Time>2569-06-29T16:01:26Z</Time>
						<HeartRateBpm>
							<Value>126</Value>
						</HeartRateBpm>
					</Trackpoint>
					<Trackpoint>
						<Time>2569-06-29T16:01:27Z</Time>
						<HeartRateBpm>
							<Value>129</Value>
						</HeartRateBpm>
					</Trackpoint>
					<Trackpoint>
						<Time>2569-06-29T16:01:28Z</Time>
						<HeartRateBpm>
							<Value>130</Value>
						</HeartRateBpm>
					</Trackpoint>
					<Trackpoint>
						<Time>2569-06-29T16:01:29Z</Time>
						<HeartRateBpm>
							<Value>132</Value>
						</HeartRateBpm>
					</Trackpoint>
					<Trackpoint>
						<Time>2569-06-29T16:01:30Z</Time>
						<HeartRateBpm>
							<Value>135</Value>
						</HeartRateBpm>
					</Trackpoint>
					<Trackpoint>
						<Time>2569-06-29T16:01:31Z</Time>
						<HeartRateBpm>
							<Value>136</Value>
						</HeartRateBpm>
					</Trackpoint>
					<Trackpoint>
						<Time>2569-06-29T16:01:32Z</Time>
						<HeartRateBpm>
							<Value>138</Value>
						</HeartRateBpm>
					</Trackpoint>
					<Trackpoint>
						<Time>2569-06-29T16:01:33Z</Time>
						<HeartRateBpm>
							<Value>141</Value>
						</HeartRateBpm>
					</Trackpoint>
					<Trackpoint>
						<Time>2569-06-29T16:01:34Z</Time>
						<HeartRateBpm>
							<Value>142</Value>
						</HeartRateBpm>
					</Trackpoint>
					<Trackpoint>
						<Time>2569-06-29T16:01:35Z</Time>
						<HeartRateBpm>
							<Value>144</Value>
						</HeartRateBpm>
					</Trackpoint>
					<Trackpoint>
						<Time>2569-06-29T16:01:36Z</Time>
						<HeartRateBpm>
							<Value>146</Value>
						</HeartRateBpm>
					</Trackpoint>
					<Trackpoint>
						<Time>2569-06-29T16:01:37Z</Time>
						<HeartRateBpm>
							<Value>146</Value>
						</HeartRateBpm>
					</Trackpoint>
					<Trackpoint>
						<Time>2569-06-29T16:01:38Z</Time>
						<HeartRateBpm>
							<Value>148</Value>
						</HeartRateBpm>
					</Trackpoint>
					<Trackpoint>
						<Time>2569-06-29T16:01:39Z</Time>
						<HeartRateBpm>
							<Value>148</Value>
						</HeartRateBpm>
					</Trackpoint>
					<Trackpoint>
						<Time>2569-06-29T16:01:40Z</Time>
						<HeartRateBpm>
							<Value>149</Value>
						</HeartRateBpm>
					</Trackpoint>
					<Trackpoint>
						<Time>2569-06-29T16:01:41Z</Time>
						<HeartRateBpm>
							<Value>149</Value>
						</HeartRateBpm>
					</Trackpoint>
					<Trackpoint>
						<Time>2569-06-29T16:01:42Z</Time>
						<HeartRateBpm>
							<Value>150</Value>
						</HeartRateBpm>
					</Trackpoint>
					<Trackpoint>
						<Time>2569-06-29T16:01:43Z</Time>
						<HeartRateBpm>
							<Value>150</Value>
						</HeartRateBpm>
					</Trackpoint>
					<Trackpoint>
						<Time>2569-06-29T16:01:44Z</Time>
						<HeartRateBpm>
							<Value>151</Value>
						</HeartRateBpm>
					</Trackpoint>
					<Trackpoint>
						<Time>2569-06-29T16:01:45Z</Time>
						<HeartRateBpm>
							<Value>149</Value>
						</HeartRateBpm>
					</Trackpoint>
					<Trackpoint>
						<Time>2569-06-29T16:01:46Z</Time>
						<HeartRateBpm>
							<Value>147</Value>
						</HeartRateBpm>
					</Trackpoint>
					<Trackpoint>
						<Time>2569-06-29T16:01:47Z</Time>
						<HeartRateBpm>
							<Value>147</Value>
						</HeartRateBpm>
					</Trackpoint>
					<Trackpoint>
						<Time>2569-06-29T16:01:48Z</Time>
						<HeartRateBpm>
							<Value>148</Value>
						</HeartRateBpm>
					</Trackpoint>
					<Trackpoint>
						<Time>2569-06-29T16:01:49Z</Time>
						<HeartRateBpm>
							<Value>148</Value>
						</HeartRateBpm>
					</Trackpoint>
					<Trackpoint>
						<Time>2569-06-29T16:01:50Z</Time>
						<HeartRateBpm>
							<Value>149</Value>
						</HeartRateBpm>
					</Trackpoint>
					<Trackpoint>
						<Time>2569-06-29T16:01:51Z</Time>
						<HeartRateBpm>
							<Value>149</Value>
						</HeartRateBpm>
					</Trackpoint>
					<Trackpoint>
						<Time>2569-06-29T16:01:52Z</Time>
						<HeartRateBpm>
							<Value>146</Value>
						</HeartRateBpm>
					</Trackpoint>
					<Trackpoint>
						<Time>2569-06-29T16:01:53Z</Time>
						<HeartRateBpm>
							<Value>147</Value>
						</HeartRateBpm>
					</Trackpoint>
					<Trackpoint>
						<Time>2569-06-29T16:01:54Z</Time>
						<HeartRateBpm>
							<Value>148</Value>
						</HeartRateBpm>
					</Trackpoint>
					<Trackpoint>
						<Time>2569-06-29T16:01:55Z</Time>
						<HeartRateBpm>
							<Value>148</Value>
						</HeartRateBpm>
					</Trackpoint>
					<Trackpoint>
						<Time>2569-06-29T16:01:56Z</Time>
						<HeartRateBpm>
							<Value>148</Value>
						</HeartRateBpm>
					</Trackpoint>
					<Trackpoint>
						<Time>2569-06-29T16:01:57Z</Time>
						<HeartRateBpm>
							<Value>148</Value>
						</HeartRateBpm>
					</Trackpoint>
					<Trackpoint>
						<Time>2569-06-29T16:01:58Z</Time>
						<HeartRateBpm>
							<Value>148</Value>
						</HeartRateBpm>
					</Trackpoint>
					<Trackpoint>
						<Time>2569-06-29T16:01:59Z</Time>
						<HeartRateBpm>
							<Value>148</Value>
						</HeartRateBpm>
					</Trackpoint>
					<Trackpoint>
						<Time>2569-06-29T16:02:00Z</Time>
						<HeartRateBpm>
							<Value>148</Value>
						</HeartRateBpm>
					</Trackpoint>
					<Trackpoint>
						<Time>2569-06-29T16:02:01Z</Time>
						<HeartRateBpm>
							<Value>149</Value>
						</HeartRateBpm>
					</Trackpoint>
					<Trackpoint>
						<Time>2569-06-29T16:02:02Z</Time>
						<HeartRateBpm>
							<Value>150</Value>
						</HeartRateBpm>
					</Trackpoint>
					<Trackpoint>
						<Time>2569-06-29T16:02:03Z</Time>
						<HeartRateBpm>
							<Value>150</Value>
						</HeartRateBpm>
					</Trackpoint>
					<Trackpoint>
						<Time>2569-06-29T16:02:04Z</Time>
						<HeartRateBpm>
							<Value>151</Value>
						</HeartRateBpm>
					</Trackpoint>
					<Trackpoint>
						<Time>2569-06-29T16:02:05Z</Time>
						<HeartRateBpm>
							<Value>152</Value>
						</HeartRateBpm>
					</Trackpoint>
					<Trackpoint>
						<Time>2569-06-29T16:02:06Z</Time>
						<HeartRateBpm>
							<Value>151</Value>
						</HeartRateBpm>
					</Trackpoint>
					<Trackpoint>
						<Time>2569-06-29T16:02:07Z</Time>
						<HeartRateBpm>
							<Value>150</Value>
						</HeartRateBpm>
					</Trackpoint>
					<Trackpoint>
						<Time>2569-06-29T16:02:08Z</Time>
						<HeartRateBpm>
							<Value>150</Value>
						</HeartRateBpm>
					</Trackpoint>
					<Trackpoint>
						<Time>2569-06-29T16:02:09Z</Time>
						<HeartRateBpm>
							<Value>151</Value>
						</HeartRateBpm>
					</Trackpoint>
					<Trackpoint>
						<Time>2569-06-29T16:02:10Z</Time>
						<HeartRateBpm>
							<Value>151</Value>
						</HeartRateBpm>
					</Trackpoint>
					<Trackpoint>
						<Time>2569-06-29T16:02:11Z</Time>
						<HeartRateBpm>
							<Value>150</Value>
						</HeartRateBpm>
					</Trackpoint>
					<Trackpoint>
						<Time>2569-06-29T16:02:12Z</Time>
						<HeartRateBpm>
							<Value>150</Value>
						</HeartRateBpm>
					</Trackpoint>
					<Trackpoint>
						<Time>2569-06-29T16:02:13Z</Time>
						<HeartRateBpm>
							<Value>150</Value>
						</HeartRateBpm>
					</Trackpoint>
					<Trackpoint>
						<Time>2569-06-29T16:02:14Z</Time>
						<HeartRateBpm>
							<Value>149</Value>
						</HeartRateBpm>
					</Trackpoint>
					<Trackpoint>
						<Time>2569-06-29T16:02:15Z</Time>
						<HeartRateBpm>
							<Value>149</Value>
						</HeartRateBpm>
					</Trackpoint>
					<Trackpoint>
						<Time>2569-06-29T16:02:16Z</Time>
						<HeartRateBpm>
							<Value>149</Value>
						</HeartRateBpm>
					</Trackpoint>
					<Trackpoint>
						<Time>2569-06-29T16:02:17Z</Time>
						<HeartRateBpm>
							<Value>150</Value>
						</HeartRateBpm>
					</Trackpoint>
					<Trackpoint>
						<Time>2569-06-29T16:02:18Z</Time>
						<HeartRateBpm>
							<Value>148</Value>
						</HeartRateBpm>
					</Trackpoint>
					<Trackpoint>
						<Time>2569-06-29T16:02:19Z</Time>
						<HeartRateBpm>
							<Value>149</Value>
						</HeartRateBpm>
					</Trackpoint>
					<Trackpoint>
						<Time>2569-06-29T16:02:20Z</Time>
						<HeartRateBpm>
							<Value>150</Value>
						</HeartRateBpm>
					</Trackpoint>
					<Trackpoint>
						<Time>2569-06-29T16:02:21Z</Time>
						<HeartRateBpm>
							<Value>151</Value>
						</HeartRateBpm>
					</Trackpoint>
					<Trackpoint>
						<Time>2569-06-29T16:02:22Z</Time>
						<HeartRateBpm>
							<Value>153</Value>
						</HeartRateBpm>
					</Trackpoint>
					<Trackpoint>
						<Time>2569-06-29T16:02:23Z</Time>
						<HeartRateBpm>
							<Value>154</Value>
						</HeartRateBpm>
					</Trackpoint>
					<Trackpoint>
						<Time>2569-06-29T16:02:24Z</Time>
						<HeartRateBpm>
							<Value>155</Value>
						</HeartRateBpm>
					</Trackpoint>
					<Trackpoint>
						<Time>2569-06-29T16:02:25Z</Time>
						<HeartRateBpm>
							<Value>155</Value>
						</HeartRateBpm>
					</Trackpoint>
					<Trackpoint>
						<Time>2569-06-29T16:02:26Z</Time>
						<HeartRateBpm>
							<Value>157</Value>
						</HeartRateBpm>
					</Trackpoint>
					<Trackpoint>
						<Time>2569-06-29T16:02:27Z</Time>
						<HeartRateBpm>
							<Value>158</Value>
						</HeartRateBpm>
					</Trackpoint>
					<Trackpoint>
						<Time>2569-06-29T16:02:28Z</Time>
						<HeartRateBpm>
							<Value>156</Value>
						</HeartRateBpm>
					</Trackpoint>
					<Trackpoint>
						<Time>2569-06-29T16:02:29Z</Time>
						<HeartRateBpm>
							<Value>157</Value>
						</HeartRateBpm>
					</Trackpoint>
					<Trackpoint>
						<Time>2569-06-29T16:02:30Z</Time>
						<HeartRateBpm>
							<Value>159</Value>
						</HeartRateBpm>
					</Trackpoint>
					<Trackpoint>
						<Time>2569-06-29T16:02:31Z</Time>
						<HeartRateBpm>
							<Value>159</Value>
						</HeartRateBpm>
					</Trackpoint>
					<Trackpoint>
						<Time>2569-06-29T16:02:32Z</Time>
						<HeartRateBpm>
							<Value>160</Value>
						</HeartRateBpm>
					</Trackpoint>
					<Trackpoint>
						<Time>2569-06-29T16:02:33Z</Time>
						<HeartRateBpm>
							<Value>159</Value>
						</HeartRateBpm>
					</Trackpoint>
					<Trackpoint>
						<Time>2569-06-29T16:02:34Z</Time>
						<HeartRateBpm>
							<Value>159</Value>
						</HeartRateBpm>
					</Trackpoint>
					<Trackpoint>
						<Time>2569-06-29T16:02:36Z</Time>
						<HeartRateBpm>
							<Value>158</Value>
						</HeartRateBpm>
					</Trackpoint>
					<Trackpoint>
						<Time>2569-06-29T16:02:37Z</Time>
						<HeartRateBpm>
							<Value>158</Value>
						</HeartRateBpm>
					</Trackpoint>
					<Trackpoint>
						<Time>2569-06-29T16:02:38Z</Time>
						<HeartRateBpm>
							<Value>158</Value>
						</HeartRateBpm>
					</Trackpoint>
					<Trackpoint>
						<Time>2569-06-29T16:02:39Z</Time>
						<HeartRateBpm>
							<Value>156</Value>
						</HeartRateBpm>
					</Trackpoint>
					<Trackpoint>
						<Time>2569-06-29T16:02:40Z</Time>
						<HeartRateBpm>
							<Value>153</Value>
						</HeartRateBpm>
					</Trackpoint>
					<Trackpoint>
						<Time>2569-06-29T16:02:41Z</Time>
						<HeartRateBpm>
							<Value>152</Value>
						</HeartRateBpm>
					</Trackpoint>
					<Trackpoint>
						<Time>2569-06-29T16:02:42Z</Time>
						<HeartRateBpm>
							<Value>150</Value>
						</HeartRateBpm>
					</Trackpoint>
					<Trackpoint>
						<Time>2569-06-29T16:02:43Z</Time>
						<HeartRateBpm>
							<Value>150</Value>
						</HeartRateBpm>
					</Trackpoint>
					<Trackpoint>
						<Time>2569-06-29T16:02:44Z</Time>
						<HeartRateBpm>
							<Value>149</Value>
						</HeartRateBpm>
					</Trackpoint>
					<Trackpoint>
						<Time>2569-06-29T16:02:45Z</Time>
						<HeartRateBpm>
							<Value>146</Value>
						</HeartRateBpm>
					</Trackpoint>
					<Trackpoint>
						<Time>2569-06-29T16:02:46Z</Time>
						<HeartRateBpm>
							<Value>143</Value>
						</HeartRateBpm>
					</Trackpoint>
					<Trackpoint>
						<Time>2569-06-29T16:02:47Z</Time>
						<HeartRateBpm>
							<Value>143</Value>
						</HeartRateBpm>
					</Trackpoint>
					<Trackpoint>
						<Time>2569-06-29T16:02:48Z</Time>
						<HeartRateBpm>
							<Value>144</Value>
						</HeartRateBpm>
					</Trackpoint>
					<Trackpoint>
						<Time>2569-06-29T16:02:49Z</Time>
						<HeartRateBpm>
							<Value>144</Value>
						</HeartRateBpm>
					</Trackpoint>
					<Trackpoint>
						<Time>2569-06-29T16:02:50Z</Time>
						<HeartRateBpm>
							<Value>144</Value>
						</HeartRateBpm>
					</Trackpoint>
					<Trackpoint>
						<Time>2569-06-29T16:02:51Z</Time>
						<HeartRateBpm>
							<Value>145</Value>
						</HeartRateBpm>
					</Trackpoint>
					<Trackpoint>
						<Time>2569-06-29T16:02:52Z</Time>
						<HeartRateBpm>
							<Value>146</Value>
						</HeartRateBpm>
					</Trackpoint>
					<Trackpoint>
						<Time>2569-06-29T16:02:53Z</Time>
						<HeartRateBpm>
							<Value>146</Value>
						</HeartRateBpm>
					</Trackpoint>
					<Trackpoint>
						<Time>2569-06-29T16:02:54Z</Time>
						<HeartRateBpm>
							<Value>145</Value>
						</HeartRateBpm>
					</Trackpoint>
					<Trackpoint>
						<Time>2569-06-29T16:02:55Z</Time>
						<HeartRateBpm>
							<Value>145</Value>
						</HeartRateBpm>
					</Trackpoint>
					<Trackpoint>
						<Time>2569-06-29T16:02:56Z</Time>
						<HeartRateBpm>
							<Value>145</Value>
						</HeartRateBpm>
					</Trackpoint>
					<Trackpoint>
						<Time>2569-06-29T16:02:57Z</Time>
						<HeartRateBpm>
							<Value>145</Value>
						</HeartRateBpm>
					</Trackpoint>
					<Trackpoint>
						<Time>2569-06-29T16:02:58Z</Time>
						<HeartRateBpm>
							<Value>144</Value>
						</HeartRateBpm>
					</Trackpoint>
					<Trackpoint>
						<Time>2569-06-29T16:02:59Z</Time>
						<HeartRateBpm>
							<Value>144</Value>
						</HeartRateBpm>
					</Trackpoint>
					<Trackpoint>
						<Time>2569-06-29T16:03:00Z</Time>
						<HeartRateBpm>
							<Value>142</Value>
						</HeartRateBpm>
					</Trackpoint>
					<Trackpoint>
						<Time>2569-06-29T16:03:01Z</Time>
						<HeartRateBpm>
							<Value>141</Value>
						</HeartRateBpm>
					</Trackpoint>
					<Trackpoint>
						<Time>2569-06-29T16:03:02Z</Time>
						<HeartRateBpm>
							<Value>140</Value>
						</HeartRateBpm>
					</Trackpoint>
					<Trackpoint>
						<Time>2569-06-29T16:03:03Z</Time>
						<HeartRateBpm>
							<Value>139</Value>
						</HeartRateBpm>
					</Trackpoint>
					<Trackpoint>
						<Time>2569-06-29T16:03:04Z</Time>
						<HeartRateBpm>
							<Value>138</Value>
						</HeartRateBpm>
					</Trackpoint>
					<Trackpoint>
						<Time>2569-06-29T16:03:05Z</Time>
						<HeartRateBpm>
							<Value>137</Value>
						</HeartRateBpm>
					</Trackpoint>
					<Trackpoint>
						<Time>2569-06-29T16:03:06Z</Time>
						<HeartRateBpm>
							<Value>136</Value>
						</HeartRateBpm>
					</Trackpoint>
					<Trackpoint>
						<Time>2569-06-29T16:03:07Z</Time>
						<HeartRateBpm>
							<Value>134</Value>
						</HeartRateBpm>
					</Trackpoint>
					<Trackpoint>
						<Time>2569-06-29T16:03:08Z</Time>
						<HeartRateBpm>
							<Value>132</Value>
						</HeartRateBpm>
					</Trackpoint>
					<Trackpoint>
						<Time>2569-06-29T16:03:09Z</Time>
						<HeartRateBpm>
							<Value>132</Value>
						</HeartRateBpm>
					</Trackpoint>
					<Trackpoint>
						<Time>2569-06-29T16:03:10Z</Time>
						<HeartRateBpm>
							<Value>132</Value>
						</HeartRateBpm>
					</Trackpoint>
					<Trackpoint>
						<Time>2569-06-29T16:03:11Z</Time>
						<HeartRateBpm>
							<Value>131</Value>
						</HeartRateBpm>
					</Trackpoint>
					<Trackpoint>
						<Time>2569-06-29T16:03:12Z</Time>
						<HeartRateBpm>
							<Value>130</Value>
						</HeartRateBpm>
					</Trackpoint>
					<Trackpoint>
						<Time>2569-06-29T16:03:13Z</Time>
						<HeartRateBpm>
							<Value>130</Value>
						</HeartRateBpm>
					</Trackpoint>
					<Trackpoint>
						<Time>2569-06-29T16:03:14Z</Time>
						<HeartRateBpm>
							<Value>129</Value>
						</HeartRateBpm>
					</Trackpoint>
					<Trackpoint>
						<Time>2569-06-29T16:03:15Z</Time>
						<HeartRateBpm>
							<Value>127</Value>
						</HeartRateBpm>
					</Trackpoint>
					<Trackpoint>
						<Time>2569-06-29T16:03:16Z</Time>
						<HeartRateBpm>
							<Value>126</Value>
						</HeartRateBpm>
					</Trackpoint>
					<Trackpoint>
						<Time>2569-06-29T16:03:17Z</Time>
						<HeartRateBpm>
							<Value>125</Value>
						</HeartRateBpm>
					</Trackpoint>
					<Trackpoint>
						<Time>2569-06-29T16:03:18Z</Time>
						<HeartRateBpm>
							<Value>125</Value>
						</HeartRateBpm>
					</Trackpoint>
					<Trackpoint>
						<Time>2569-06-29T16:03:19Z</Time>
						<HeartRateBpm>
							<Value>124</Value>
						</HeartRateBpm>
					</Trackpoint>
					<Trackpoint>
						<Time>2569-06-29T16:03:20Z</Time>
						<HeartRateBpm>
							<Value>125</Value>
						</HeartRateBpm>
					</Trackpoint>
					<Trackpoint>
						<Time>2569-06-29T16:03:21Z</Time>
						<HeartRateBpm>
							<Value>125</Value>
						</HeartRateBpm>
					</Trackpoint>
					<Trackpoint>
						<Time>2569-06-29T16:03:22Z</Time>
						<HeartRateBpm>
							<Value>124</Value>
						</HeartRateBpm>
					</Trackpoint>
					<Trackpoint>
						<Time>2569-06-29T16:03:23Z</Time>
						<HeartRateBpm>
							<Value>124</Value>
						</HeartRateBpm>
					</Trackpoint>
					<Trackpoint>
						<Time>2569-06-29T16:03:24Z</Time>
						<HeartRateBpm>
							<Value>124</Value>
						</HeartRateBpm>
					</Trackpoint>
					<Trackpoint>
						<Time>2569-06-29T16:03:25Z</Time>
						<HeartRateBpm>
							<Value>124</Value>
						</HeartRateBpm>
					</Trackpoint>
					<Trackpoint>
						<Time>2569-06-29T16:03:26Z</Time>
						<HeartRateBpm>
							<Value>124</Value>
						</HeartRateBpm>
					</Trackpoint>
					<Trackpoint>
						<Time>2569-06-29T16:03:27Z</Time>
						<HeartRateBpm>
							<Value>123</Value>
						</HeartRateBpm>
					</Trackpoint>
					<Trackpoint>
						<Time>2569-06-29T16:03:28Z</Time>
						<HeartRateBpm>
							<Value>123</Value>
						</HeartRateBpm>
					</Trackpoint>
					<Trackpoint>
						<Time>2569-06-29T16:03:29Z</Time>
						<HeartRateBpm>
							<Value>122</Value>
						</HeartRateBpm>
					</Trackpoint>
				</Track>
			</Lap>
			<Creator xsi:type="Device_t">
				<Name>Amazfit Active 2 (Round)</Name>
			</Creator>
		</Activity>
	</Activities>
	<Author xsi:type="Application_t">
		<Name>Zepp</Name>
	</Author>
</TrainingCenterDatabase>